{"1000":{"r":"G-VBUG","t":"A346"},"1001":{"r":"G-MRTN","t":"TOBA"},"1002":{"r":"G-UTSY","t":"P28A"},"1003":{"r":"G-LGEZ","t":"LGEZ"},"1004":{"r":"G-BABG","t":"P28A"},"1005":{"r":"G-TEBZ","t":"P28A"},"1006":{"r":"G-BNNX","t":"P28R"},"1007":{"r":"G-GFCB","t":"P28A"},"1009":{"r":"G-THFC","t":"E35L"},"100A":{"r":"G-JECR","t":"DH8D"},"100B":{"r":"G-EDCK","t":"C525"},"100F":{"r":"G-BWNM","t":"P28R"},"1013":{"r":"G-OFST","t":"B06"},"1014":{"r":"G-BGWC","t":"DR40"},"1015":{"r":"G-ISST","t":"EC55"},"101B":{"r":"G-HBBH","t":"C42"},"101D":{"r":"G-POPW","t":"C182"},"1023":{"r":"G-ETOU","t":"A109"},"1024":{"r":"G-HOSS","t":"BE33"},"1028":{"r":"G-BJGX","t":"S76"},"1033":{"r":"G-DTFF","t":"C182"},"1034":{"r":"G-MARF","t":"R44"},"1037":{"r":"G-MDDT","t":"R44"},"1039":{"r":"G-DWCE","t":"R44"},"103A":{"r":"G-BBBN","t":"P28A"},"103B":{"r":"G-OCDP","t":"FDCT"},"103C":{"r":"G-TVCO","t":"GA8"},"103D":{"r":"G-GOTF","t":"C208"},"1040":{"r":"G-KIII","t":"E300"},"1042":{"r":"G-JECS","t":"DH8D"},"1043":{"r":"G-GBTL","t":"C172"},"1045":{"r":"G-OBCC","t":"C560"},"1046":{"r":"G-WCCP","t":"BE20"},"1049":{"r":"G-ZAPZ","t":"B733"},"104B":{"r":"G-OODM","t":"C25A"},"104C":{"r":"G-OHMS","t":"AS50"},"104D":{"r":"G-BARP","t":"B06"},"104F":{"r":"G-GDFO","t":"B733"},"1050":{"r":"G-JECT","t":"DH8D"},"1051":{"r":"G-ROCH","t":"C303"},"1054":{"r":"G-OZOI","t":"C182"},"1056":{"r":"G-JETF","t":"F2TH"},"1057":{"r":"G-TAYC","t":"GLF4"},"1058":{"r":"G-LXRS","t":"GLEX"},"105A":{"r":"G-LECA","t":"AS50"},"105B":{"r":"G-MFMF","t":"B06"},"105C":{"r":"G-AVGA","t":"PA24"},"105D":{"r":"G-BCCF","t":"P28A"},"105F":{"r":"G-MAFF","t":"BN2T"},"1062":{"r":"G-OCCO","t":"DA40"},"1063":{"r":"G-OCCP","t":"DA40"},"1065":{"r":"G-OCCS","t":"DA40"},"1066":{"r":"G-OCCT","t":"DA40"},"1067":{"r":"G-OCCU","t":"DA40"},"1068":{"r":"G-GFDA","t":"DA42"},"106A":{"r":"G-OMKA","t":"R44"},"106B":{"r":"G-ROAD","t":"R44"},"106F":{"r":"G-CEFV","t":"C182"},"1070":{"r":"G-IMEC","t":"PA31"},"1071":{"r":"G-RVNK","t":"P68"},"1072":{"r":"G-XJCB","t":"S76"},"1074":{"r":"G-BIZF","t":"C172"},"1076":{"r":"G-GPAG","t":"RV6"},"1077":{"r":"G-LSAG","t":"B752"},"1078":{"r":"G-LSAH","t":"B752"},"1079":{"r":"G-LSAI","t":"B752"},"107A":{"r":"G-JECU","t":"DH8D"},"107E":{"r":"G-DORS","t":"EC35"},"107F":{"r":"G-ROTG","t":"R44"},"1081":{"r":"G-EJRC","t":"R44"},"1082":{"r":"G-VVBL","t":"R44"},"1083":{"r":"G-KTWO","t":"C182"},"1086":{"r":"G-POWB","t":"BE30"},"1087":{"r":"G-MEGN","t":"BE20"},"1088":{"r":"G-OCCR","t":"DA40"},"108B":{"r":"G-CEEW","t":"C42"},"1090":{"r":"G-VONC","t":"S76"},"1091":{"r":"G-HCSA","t":"C25A"},"1092":{"r":"G-OJIM","t":"P28A"},"1093":{"r":"G-ZZDG","t":"SR20"},"1094":{"r":"G-LOYN","t":"R44"},"1097":{"r":"G-OXLS","t":"C560"},"109D":{"r":"G-SEFC","t":"B737"},"109E":{"r":"G-MSJF","t":"B737"},"109F":{"r":"G-VLCN"},"10A0":{"r":"G-KIMK","t":"P68"},"10A1":{"r":"G-CITJ","t":"C525"},"10A3":{"r":"G-ITIG","t":"F2TH"},"10A5":{"r":"G-BNJR","t":"P28T"},"10A6":{"r":"G-BOKA","t":"P28A"},"10AA":{"r":"G-CEGE","t":"SW4"},"10AB":{"r":"G-TTIF","t":"A321"},"10AC":{"r":"G-EMID","t":"EC35"},"10AF":{"r":"G-BWLF","t":"C404"},"10B0":{"r":"G-FFWD","t":"C310"},"10B3":{"r":"G-WNCH","t":"BE20"},"10B7":{"r":"G-JECV","t":"DH8D"},"10BB":{"r":"G-PAMY","t":"R44"},"10BC":{"r":"G-INTO","t":"PC12"},"10BD":{"r":"G-LYDF","t":"PA31"},"10BE":{"r":"G-BKII","t":"C172"},"10C2":{"r":"G-DKEY","t":"P28A"},"10C6":{"r":"G-BCOL","t":"C172"},"10C7":{"r":"G-LADZ","t":"EN48"},"10C8":{"r":"G-JOPT","t":"C560"},"10C9":{"r":"G-FBED","t":"E190"},"10CB":{"r":"G-BLWF","t":"HR10"},"10CC":{"r":"G-STRZ","t":"B752"},"10D4":{"r":"G-VCML","t":"BE58"},"10D5":{"r":"G-BMCI","t":"C172"},"10D8":{"r":"G-RGAP","t":"C172"},"10D9":{"r":"G-MKBA","t":"B742"},"10DA":{"r":"G-EUXJ","t":"A321"},"10DB":{"r":"G-EUXK","t":"A321"},"10DC":{"r":"G-EUXL","t":"A321"},"10DD":{"r":"G-EUXM","t":"A321"},"10DE":{"r":"G-BMMK","t":"C182"},"10E1":{"r":"G-EERY","t":"R22"},"10E3":{"r":"G-EDTO","t":"C172"},"10E5":{"r":"G-SEMR","t":"C206"},"10E7":{"r":"G-MAPP","t":"C402"},"10E9":{"r":"G-EZBU","t":"A319"},"10EA":{"r":"G-EZBV","t":"A319"},"10EB":{"r":"G-EZBW","t":"A319"},"10EC":{"r":"G-EZBX","t":"A319"},"10ED":{"r":"G-EZBY","t":"A319"},"10EE":{"r":"G-EZBZ","t":"A319"},"10EF":{"r":"G-OPVM","t":"RV9"},"10F1":{"r":"G-TOYJ","t":"B733"},"10F7":{"r":"G-BOGO","t":"P32R"},"10F8":{"r":"G-PROJ","t":"R44"},"10F9":{"r":"G-POWC","t":"B733"},"10FB":{"r":"G-OASP","t":"AS50"},"10FC":{"r":"G-LVES","t":"C182"},"1100":{"r":"G-CEJO","t":"B738"},"1101":{"r":"G-CEJP","t":"B738"},"1102":{"r":"G-CEMC","t":"R44"},"1106":{"r":"G-JECW","t":"DH8D"},"1109":{"r":"G-ODCC","t":"B06"},"110A":{"r":"G-GZRP","t":"PAY3"},"110C":{"r":"G-FRYI","t":"BE20"},"110D":{"r":"G-BVCM","t":"C525"},"110E":{"r":"G-JOYT","t":"P28A"},"110F":{"r":"G-CGRD","t":"SR22"},"1110":{"r":"G-PDGF","t":"AS50"},"1111":{"r":"G-BYCP","t":"BE20"},"1112":{"r":"G-CEJD","t":"P28A"},"1114":{"r":"G-HEJB","t":"SR22"},"1115":{"r":"G-STOB"},"1116":{"r":"G-BVJT","t":"F406"},"1118":{"r":"G-TCAL","t":"R44"},"111A":{"r":"G-CEKA","t":"R44"},"111C":{"r":"G-DKNY","t":"R44"},"111D":{"r":"G-BBEB","t":"P28A"},"111E":{"r":"G-JBIS","t":"C550"},"111F":{"r":"G-MAFT","t":"DA40"},"1122":{"r":"G-TOYK","t":"B733"},"1127":{"r":"G-BIHO","t":"DHC6"},"1128":{"r":"G-CBML","t":"DHC6"},"1129":{"r":"G-CSMK","t":"EV97"},"112A":{"r":"G-BZRO","t":"PA30"},"112C":{"r":"G-FLYI","t":"PA34"},"112E":{"r":"G-WACI","t":"BE76"},"112F":{"r":"G-WACJ","t":"BE76"},"1130":{"r":"G-SOHO","t":"DA40"},"1132":{"r":"G-XBEL","t":"C560"},"1133":{"r":"G-VIPW","t":"PA31"},"1134":{"r":"G-BPXX","t":"PA34"},"1136":{"r":"G-MAPR","t":"BE36"},"1137":{"r":"G-CDPV","t":"PA34"},"113D":{"r":"G-KRMA","t":"C425"},"113F":{"r":"G-BAFL","t":"C182"},"1141":{"r":"G-DOLF","t":"AS65"},"1147":{"r":"G-ASWX","t":"P28A"},"1148":{"r":"G-BPYR","t":"PA31"},"1149":{"r":"G-BTGZ","t":"P28A"},"114A":{"r":"G-MOTI","t":"DR40"},"114B":{"r":"G-BFYC","t":"P32R"},"114C":{"r":"G-CEDK","t":"C750"},"114D":{"r":"G-PYPA","t":"R44"},"1150":{"r":"G-JMMX","t":"F900"},"1152":{"r":"G-JECX","t":"DH8D"},"1153":{"r":"G-JECY","t":"DH8D"},"1158":{"r":"G-BXNS","t":"B06"},"1159":{"r":"G-BXNT","t":"B06"},"115B":{"r":"G-CMAF","t":"E135"},"115D":{"r":"G-BPAX","t":"C150"},"1163":{"r":"G-BMUT","t":"PA34"},"1164":{"r":"G-SBMM","t":"P28R"},"1165":{"r":"G-HAFG","t":"C340"},"1166":{"r":"G-CLOW","t":"BE20"},"1167":{"r":"G-SYGA","t":"BE20"},"1168":{"r":"G-SAXN","t":"BE20"},"116A":{"r":"G-OETV","t":"PA31"},"116B":{"r":"G-DERK","t":"PA46"},"116C":{"r":"G-CDOK","t":"C42"},"116D":{"r":"G-AZJN","t":"DR30"},"116E":{"r":"G-PORK","t":"AA5"},"116F":{"r":"G-FRGN","t":"P28B"},"1170":{"r":"G-PWNS","t":"C525"},"1171":{"r":"G-HOPE","t":"BE33"},"1173":{"r":"G-PAWS","t":"AA5"},"1174":{"r":"G-EURT","t":"EC55"},"1175":{"r":"G-SIRO","t":"F900"},"1176":{"r":"G-CTAV"},"1177":{"r":"G-STUF","t":"LJ45"},"117A":{"r":"G-ONPA","t":"PA31"},"117D":{"r":"G-BACB","t":"PA34"},"117E":{"r":"G-BSER","t":"P28A"},"117F":{"r":"G-BFXW","t":"AA5"},"1180":{"r":"G-EVRD","t":"PRM1"},"1181":{"r":"G-JTSA","t":"R44"},"1183":{"r":"G-GIBB","t":"R44"},"1184":{"r":"G-TAGA","t":"CL60"},"1185":{"r":"G-SIZZ","t":"JAB4"},"1187":{"r":"G-MACH","t":"F260"},"118B":{"r":"G-RHYM","t":"PA31"},"118E":{"r":"G-TABS","t":"E110"},"118F":{"r":"G-RILA","t":"FDCT"},"1190":{"r":"G-CBLJ","t":"YK52"},"1191":{"r":"G-BTSZ","t":"C177"},"1192":{"r":"G-ENCE","t":"P68"},"1193":{"r":"G-CBMD","t":"YK52"},"1194":{"r":"G-EMLI","t":"CL60"},"1195":{"r":"G-BZLI","t":"TRIN"},"1196":{"r":"G-PTRE","t":"TRIN"},"1197":{"r":"G-FLYX","t":"R44"},"1199":{"r":"G-BVMA","t":"BE20"},"119B":{"r":"G-BTLB","t":"WA50"},"119C":{"r":"G-EIGG","t":"JS31"},"119D":{"r":"G-AZNO","t":"C182"},"11A1":{"r":"G-CEMD","t":"P28A"},"11A3":{"r":"G-RSXL","t":"C560"},"11A4":{"r":"G-BSVP","t":"PA23"},"11A6":{"r":"G-OECM","t":"AC11"},"11AC":{"r":"G-ZINC","t":"C182"},"11AF":{"r":"G-CEGP","t":"BE20"},"11B3":{"r":"G-GAFT","t":"PA44"},"11B4":{"r":"G-FCUM","t":"R44"},"11B5":{"r":"G-BJWO","t":"BN2P"},"11B6":{"r":"G-LENI","t":"AS50"},"11B7":{"r":"G-BRNT","t":"DR40"},"11B8":{"r":"G-BBPX","t":"PA34"},"11B9":{"r":"G-BFTT","t":"C421"},"11BA":{"r":"G-BBDS","t":"PA31"},"11BB":{"r":"G-BIDF","t":"C172"},"11BD":{"r":"G-BKMA","t":"M20P"},"11BF":{"r":"G-LGOC","t":"AAT3"},"11C1":{"r":"G-CTCH","t":"DA42"},"11C2":{"r":"G-JORD","t":"R44"},"11C3":{"r":"G-SIRD","t":"R44"},"11C4":{"r":"G-TGDL","t":"R44"},"11C5":{"r":"G-HVER","t":"R44"},"11C6":{"r":"G-LMBO","t":"R44"},"11C7":{"r":"G-EMMM","t":"DA40"},"11CB":{"r":"G-ZRZZ","t":"SR22"},"11CC":{"r":"G-DHDV","t":"DOVE"},"11CD":{"r":"G-JESE","t":"AS55"},"11D0":{"r":"G-DMRA","t":"R44"},"11D2":{"r":"G-CIRI","t":"SR20"},"11D5":{"r":"G-FBEE","t":"E190"},"11D7":{"r":"G-ORED","t":"BN2T"},"11D8":{"r":"G-ECZA","t":"BN2P"},"11D9":{"r":"G-FNES","t":"F900"},"11DC":{"r":"G-PPLL","t":"RV7"},"11DE":{"r":"G-OAFF","t":"C208"},"11E0":{"r":"G-TOPC","t":"AS50"},"11E3":{"r":"G-BJAG","t":"P28A"},"11E5":{"r":"G-GFCD","t":"PA34"},"11E7":{"r":"G-OVFR","t":"C172"},"11E8":{"r":"G-PUSI","t":"C303"},"11EA":{"r":"G-AZFM","t":"P28R"},"11EB":{"r":"G-AWBC","t":"P28R"},"11EC":{"r":"G-SFLY","t":"DA40"},"11EE":{"r":"G-MDJE","t":"C208"},"11EF":{"r":"G-CGAW","t":"BE20"},"11F0":{"r":"G-OIBM","t":"AC11"},"11F1":{"r":"G-HRND","t":"C182"},"11F2":{"r":"G-TPSL","t":"C182"},"11F4":{"r":"G-SXTY","t":"LJ60"},"11F5":{"r":"G-HIRE","t":"GA7"},"11F6":{"r":"G-ECBI","t":"H269"},"11F7":{"r":"G-WINT","t":"PC12"},"11FA":{"r":"G-IFIT","t":"PA31"},"11FC":{"r":"G-SBKS","t":"C206"},"11FD":{"r":"G-ECBO"},"1200":{"r":"G-OCLC","t":"HUSK"},"1204":{"r":"G-GAME","t":"C303"},"1205":{"r":"G-EJMG","t":"C150"},"1207":{"r":"G-BDFY","t":"AA5"},"1209":{"r":"G-ILUA","t":"R200"},"120A":{"r":"G-LANS","t":"C182"},"120E":{"r":"G-LRGE","t":"BALL"},"1211":{"r":"G-APFV","t":"PA23"},"1214":{"r":"G-OJCW","t":"P32R"},"1215":{"r":"G-OLDO","t":"EC20"},"1216":{"r":"G-GERY","t":"GLST"},"1219":{"r":"G-ELOA","t":"C560"},"121C":{"r":"G-ILPY","t":"C172"},"121D":{"r":"G-NODE","t":"AA5"},"1221":{"r":"G-OHAC","t":"C182"},"1222":{"r":"G-MPRL","t":"C210"},"1223":{"r":"G-MRRY","t":"R44"},"1225":{"r":"G-BGVN","t":"P28T"},"1229":{"r":"G-FBEF","t":"E190"},"122C":{"r":"G-WALY","t":"M7"},"122D":{"r":"G-CJDB","t":"C525"},"122E":{"r":"G-SPVK","t":"AS50"},"1230":{"r":"G-AVUZ","t":"PA32"},"1239":{"r":"G-DYNM","t":"WT9"},"123B":{"r":"G-JAKI","t":"M20P"},"123C":{"r":"G-RESC","t":"BK17"},"123D":{"r":"G-CYLS","t":"C303"},"123E":{"r":"G-CJMB","t":"CL60"},"123F":{"r":"G-EUUS","t":"A320"},"1240":{"r":"G-EUUT","t":"A320"},"1241":{"r":"G-IVII","t":"RV7"},"1243":{"r":"G-MKEA","t":"B742"},"1245":{"r":"G-ETFF","t":"R44"},"1246":{"r":"G-MCCG","t":"R44"},"1248":{"r":"G-BMIV","t":"P28A"},"124A":{"r":"G-OOSI","t":"C404"},"124B":{"r":"G-CJMD","t":"E135"},"124C":{"r":"G-JJFB","t":"EC20"},"124D":{"r":"G-XBLU","t":"C680"},"124E":{"r":"G-SPEY","t":"B06"},"124F":{"r":"G-BERI","t":"AC11"},"1251":{"r":"G-EDCL","t":"C25A"},"1252":{"r":"G-MELS","t":"P28A"},"1255":{"r":"G-ESEX","t":"EC35"},"1256":{"r":"G-BGVZ","t":"P28A"},"1259":{"r":"G-HEHE","t":"EC20"},"125A":{"r":"G-KLNK","t":"EC35"},"125B":{"r":"G-ECOU","t":"AS50"},"125C":{"r":"G-BNNO","t":"P28A"},"125E":{"r":"G-ZANY","t":"DA40"},"125F":{"r":"G-ELLA","t":"P32R"},"1261":{"r":"G-CMCC","t":"R44"},"1262":{"r":"G-OPDG","t":"R44"},"1265":{"r":"G-MKHA","t":"B742"},"1266":{"r":"G-CEOD","t":"B763"},"1269":{"r":"G-UFCJ","t":"C172"},"126A":{"r":"G-EICK","t":"C172"},"126B":{"r":"G-CERX","t":"H25B"},"126E":{"r":"G-MDBA","t":"F2TH"},"1271":{"r":"G-BAYP","t":"C150"},"1272":{"r":"G-ROWA","t":"A210"},"1275":{"r":"G-MATF","t":"GLF4"},"1276":{"r":"G-JTNC","t":"C500"},"1278":{"r":"G-WELY","t":"A109"},"1279":{"r":"G-WARP","t":"C182"},"127A":{"r":"G-CERZ","t":"SB20"},"127B":{"r":"G-CERY","t":"SB20"},"127C":{"r":"G-BZDV","t":"GAZL"},"127D":{"r":"G-RVJO","t":"RV9"},"1280":{"r":"G-WTWO","t":"A210"},"1281":{"r":"G-DRLH","t":"EC20"},"1284":{"r":"G-RHHT","t":"P32T"},"1285":{"r":"G-TASK","t":"C404"},"1287":{"r":"G-AJWB","t":"MESS"},"1289":{"r":"G-STRX","t":"B752"},"128A":{"r":"G-STRY","t":"B752"},"128B":{"r":"G-BSPN","t":"P28R"},"128C":{"r":"G-CEOJ","t":"EC55"},"128D":{"r":"G-FBEG","t":"E190"},"1290":{"r":"G-DEFT","t":"FDCT"},"1291":{"r":"G-BHWZ","t":"P28A"},"1293":{"r":"G-OROO","t":"C560"},"1294":{"r":"G-MROO","t":"C25A"},"1296":{"r":"G-NSJS","t":"C680"},"1298":{"r":"G-HOLM","t":"EC35"},"129A":{"r":"G-RVAB","t":"RV7"},"129B":{"r":"G-OHJV","t":"R44"},"129E":{"r":"G-BOYF","t":"S76"},"12A5":{"r":"G-OKTI","t":"A210"},"12A6":{"r":"G-SIVR","t":"EXPL"},"12A7":{"r":"G-GNAA","t":"EXPL"},"12AA":{"r":"G-WTEC","t":"SR22"},"12AD":{"r":"G-IMEA","t":"BE20"},"12AF":{"r":"G-RODD","t":"C310"},"12B4":{"r":"G-KASX"},"12B5":{"r":"G-LUBY","t":"JAB4"},"12B6":{"r":"G-WISE","t":"P28A"},"12B7":{"r":"G-OPUK","t":"P28A"},"12BA":{"r":"G-WFFW","t":"P28A"},"12BB":{"r":"G-VICC","t":"P28A"},"12BC":{"r":"G-CDGW","t":"P28A"},"12BD":{"r":"G-LBDC","t":"B06"},"12C0":{"r":"G-MAKI","t":"R44"},"12C1":{"r":"G-TOGO","t":"RV6"},"12C2":{"r":"G-BKBF","t":"RALL"},"12C3":{"r":"G-MASH","t":"B47G"},"12C5":{"r":"G-WONN","t":"EC35"},"12C6":{"r":"G-IFAB","t":"C182"},"12C7":{"r":"G-BDOW","t":"C150"},"12C8":{"r":"G-DIGG","t":"R44"},"12C9":{"r":"G-JONW","t":"A109"},"12CA":{"r":"G-RYNS","t":"PA32"},"12D1":{"r":"G-OJAJ","t":"F2TH"},"12D6":{"r":"G-EHMJ","t":"BE35"},"12DA":{"r":"G-CEWM","t":"DHC6"},"12DC":{"r":"G-IDEB","t":"AS55"},"12DD":{"r":"G-SDAT","t":"FDCT"},"12DE":{"r":"G-AVSB","t":"P28A"},"12DF":{"r":"G-FNEY","t":"C177"},"12E1":{"r":"G-CESI","t":"AP22"},"12E4":{"r":"G-HFLY","t":"R44"},"12E9":{"r":"G-CEHE"},"12F5":{"r":"G-CETG","t":"R200"},"12FF":{"r":"G-CEUO","t":"C550"},"1305":{"r":"G-CEWL","t":"PNR2"},"132E":{"r":"G-CPRI","t":"LJ45"},"132F":{"r":"G-SPNA","t":"B763"},"1330":{"r":"G-BAHJ","t":"PA24"},"133D":{"r":"G-ECAC","t":"R200"},"133E":{"r":"G-EEWS","t":"C210"},"133F":{"r":"G-EFCM","t":"P28A"},"1341":{"r":"G-EGWN","t":"CH7A"},"1344":{"r":"G-FBEH","t":"E190"},"1345":{"r":"G-FUFU","t":"A109"},"1348":{"r":"G-GSRV","t":"DR40"},"134B":{"r":"G-HGRC","t":"C25A"},"134E":{"r":"G-JECZ","t":"DH8D"},"1352":{"r":"G-LEAA","t":"C510"},"1353":{"r":"G-LEAI","t":"C510"},"1356":{"r":"G-LWDC","t":"CL60"},"135B":{"r":"G-CEUU","t":"R44"},"1370":{"r":"G-OHPC","t":"C208"},"1371":{"r":"G-OIOB","t":"CP10"},"1374":{"r":"G-OZBR","t":"A321"},"1376":{"r":"G-RBMS","t":"SR22"},"1377":{"r":"G-RCWK","t":"C182"},"1381":{"r":"G-SERE","t":"DA42"},"1384":{"r":"G-STGR","t":"A109"},"1387":{"r":"G-TVHD","t":"AS55"},"1388":{"r":"G-UKPS","t":"C208"},"1389":{"r":"G-THIN","t":"C172"},"138A":{"r":"G-VBCA","t":"SR22"},"13A5":{"r":"G-BFEK","t":"C152"},"13A9":{"r":"G-LUNG","t":"GYRO"},"13AB":{"r":"G-HOTB","t":"EC55"},"13AF":{"r":"G-OZBT","t":"A321"},"13B1":{"r":"G-OZBU","t":"A321"},"13E0":{"r":"G-AFYO","t":"S10"},"13E2":{"r":"G-AFZL"},"13EB":{"r":"G-AGTM"},"142B":{"r":"G-AIYR","t":"DH89"},"145A":{"r":"G-AKVZ","t":"MESS"},"1471":{"r":"G-AMEN","t":"PA18"},"1473":{"r":"G-AMKU","t":"AUS5"},"147A":{"r":"G-AMUF","t":"DHC1"},"148C":{"r":"G-ANFM","t":"DH82"},"14A5":{"r":"G-ANXR","t":"PROC"},"14AB":{"r":"G-AOBX","t":"DH82"},"14CB":{"r":"G-AOTR","t":"DHC1"},"1520":{"r":"G-ARDB","t":"PA24"},"152B":{"r":"G-AREL","t":"PA22"},"1532":{"r":"G-ARFO","t":"C150"},"154E":{"r":"G-ARKK","t":"PA22"},"1554":{"r":"G-ARLK","t":"PA24"},"155D":{"r":"G-ARMO","t":"C172"},"1564":{"r":"G-ARNK","t":"PA22"},"1571":{"r":"G-ARRL","t":"J1"},"1572":{"r":"G-LIZI","t":"P28A"},"158E":{"r":"G-ARWS","t":"C175"},"15B4":{"r":"G-ASEO","t":"PA24"},"15B9":{"r":"G-ASFL","t":"P28A"},"15C7":{"r":"G-ASJL","t":"BE35"},"15C8":{"r":"G-ASJV","t":"SPIT"},"15ED":{"r":"G-ASRW","t":"P28A"},"15F1":{"r":"G-ASSW","t":"P28A"},"161A":{"r":"G-ATAF","t":"C172"},"161C":{"r":"G-ATAS","t":"P28A"},"1622":{"r":"G-ATBI","t":"BE23"},"162A":{"r":"G-ATCC","t":"AIRD"},"1633":{"r":"G-ATEF","t":"C150"},"164D":{"r":"G-ATIS","t":"P28A"},"1652":{"r":"G-ATJL","t":"PA24"},"1655":{"r":"G-ATJT","t":"GY80"},"165A":{"r":"G-ATKT","t":"C172"},"168E":{"r":"G-ATTK","t":"P28A"},"1691":{"r":"G-ATTV","t":"P28A"},"169C":{"r":"G-ATVK","t":"P28A"},"169E":{"r":"G-ATVS","t":"P28A"},"16A3":{"r":"G-ATWJ","t":"C172"},"16A6":{"r":"G-ATXD","t":"PA30"},"16AC":{"r":"G-ATYS","t":"P28A"},"16B6":{"r":"G-OIBO","t":"P28A"},"16BC":{"r":"G-AVCM","t":"PA24"},"16C6":{"r":"G-AVEC","t":"C172"},"16D8":{"r":"G-ZZIJ","t":"P28A"},"16DC":{"r":"G-AVHH","t":"C172"},"16FC":{"r":"G-AVLC","t":"P28A"},"16FE":{"r":"G-AVLF","t":"P28A"},"1705":{"r":"G-LTFB","t":"P28A"},"1721":{"r":"G-AVRK","t":"P28A"},"1729":{"r":"G-AVSA","t":"P28A"},"172D":{"r":"G-AVSF","t":"P28A"},"1742":{"r":"G-AVWA","t":"P28A"},"1744":{"r":"G-AVWI","t":"P28A"},"174B":{"r":"G-AVWT","t":"P28R"},"174E":{"r":"G-AVWY","t":"RF4"},"1756":{"r":"G-AVYM","t":"P28A"},"1759":{"r":"G-AVYT","t":"P28R"},"175F":{"r":"G-AVZR","t":"P28A"},"1768":{"r":"G-AWAZ","t":"P28R"},"1770":{"r":"G-AWBN","t":"PA30"},"1774":{"r":"G-HILS","t":"C172"},"1786":{"r":"G-AWEZ","t":"P28R"},"178A":{"r":"G-AWFJ","t":"P28R"},"1790":{"r":"G-AWFZ","t":"BE19"},"179C":{"r":"G-AWJX","t":"Z26"},"17A5":{"r":"G-AWLI","t":"PA22"},"17B0":{"r":"G-AWMP","t":"C172"},"17CB":{"r":"G-YHPV","t":"C310"},"1803":{"r":"G-AXDI","t":"C172"},"1831":{"r":"G-AXLS","t":"DR10"},"183B":{"r":"G-AXNR","t":"PUP"},"1856":{"r":"G-AXSZ","t":"P28A"},"1857":{"r":"G-AXTA","t":"P28A"},"186C":{"r":"G-AXWV","t":"D253"},"186D":{"r":"G-AXWZ","t":"P28R"},"186F":{"r":"G-AXXV","t":"DH82"},"1876":{"r":"G-AXZO","t":"C180"},"187A":{"r":"G-AYAB","t":"P28A"},"187B":{"r":"G-AYAC","t":"P28R"},"189A":{"r":"G-AYEE","t":"P28A"},"18B3":{"r":"G-AYIG","t":"P28A"},"18C7":{"r":"G-AYLC","t":"DR10"},"18CF":{"r":"G-AYMO","t":"PA23"},"18D6":{"r":"G-AYNF","t":"P28A"},"18DC":{"r":"G-AYPE","t":"B209"},"18E6":{"r":"G-AYPU","t":"P28R"},"18F4":{"r":"G-AYSX","t":"C177"},"1906":{"r":"G-AYWD","t":"C182"},"1908":{"r":"G-AYWM"},"1917":{"r":"G-AZAJ","t":"P28R"},"1929":{"r":"G-AZDD","t":"B209"},"192B":{"r":"G-SWEE","t":"BE58"},"1934":{"r":"G-AZFC","t":"P28A"},"1936":{"r":"G-AZFI","t":"P28R"},"1937":{"r":"G-AZFR","t":"C402"},"194E":{"r":"G-AZJV","t":"C172"},"1952":{"r":"G-BPRM","t":"C172"},"1979":{"r":"G-AZRA","t":"B209"},"197F":{"r":"G-AZRM","t":"RF5"},"1986":{"r":"G-AZSF","t":"P28R"},"1987":{"r":"G-WWAL","t":"P28A"},"1989":{"r":"G-AZTA","t":"B209"},"198E":{"r":"G-AZTW","t":"C177"},"199C":{"r":"G-AZVP","t":"C177"},"19B8":{"r":"G-BABK","t":"PA34"},"19C6":{"r":"G-BAEM","t":"DR40"},"19C8":{"r":"G-BAEP","t":"C150"},"19CE":{"r":"G-BAEY","t":"C172"},"19F9":{"r":"G-BAJO","t":"AA5"},"19FB":{"r":"G-BAJZ","t":"DR40"},"1A0F":{"r":"G-BAMS","t":"DR40"},"1A10":{"r":"G-BAMU","t":"DR40"},"1A11":{"r":"G-BAMY","t":"P28A"},"1A27":{"r":"G-BAPW","t":"P28R"},"1A2A":{"r":"G-BARC","t":"C172"},"1A33":{"r":"G-BASH","t":"AA5"},"1A35":{"r":"G-BASJ","t":"P28A"},"1A37":{"r":"G-BASM","t":"PA34"},"1A6B":{"r":"G-ADKC","t":"ULAC"},"1A7C":{"r":"G-BATN","t":"PA23"},"1A7F":{"r":"G-BATV","t":"P28A"},"1A88":{"r":"G-BAVO","t":"ST75"},"1A8A":{"r":"G-BAWG","t":"P28A"},"1AB5":{"r":"G-BBDM","t":"AA5"},"1AC1":{"r":"G-BBFD","t":"P28R"},"1ACB":{"r":"G-BBHK","t":"ARV1"},"1ACE":{"r":"G-BBHY","t":"P28A"},"1AD7":{"r":"G-BBJV","t":"C177"},"1AE3":{"r":"G-BBKX","t":"P28A"},"1AE9":{"r":"G-BBLU","t":"PA34"},"1AEF":{"r":"G-BBMT","t":"DHC1"},"1AF1":{"r":"G-BBMW","t":"DHC1"},"1B03":{"r":"G-BBOR","t":"B06"},"1B07":{"r":"G-BBPP","t":"P28A"},"1B0B":{"r":"G-BBRC","t":"SUBA"},"1B1B":{"r":"G-BBTY","t":"BE23"},"1B1C":{"r":"G-TALJ","t":"AA5"},"1B28":{"r":"G-BBXW","t":"P28A"},"1B29":{"r":"G-NERC","t":"PA31"},"1B33":{"r":"G-VICT","t":"PA31"},"1B34":{"r":"G-BBZN","t":"SUBA"},"1B41":{"r":"G-BCCE","t":"PA27"},"1B49":{"r":"G-BCDJ","t":"P28A"},"1B4B":{"r":"G-BCDY","t":"C150"},"1B4E":{"r":"G-BCEE","t":"AA5"},"1B50":{"r":"G-BCEN","t":"BN2P"},"1B55":{"r":"G-BCEY","t":"DHC1"},"1B5E":{"r":"G-BCGC","t":"DHC1"},"1B61":{"r":"G-BCGJ","t":"P28A"},"1B6E":{"r":"G-BCIH","t":"DHC1"},"1B96":{"r":"G-BCPU","t":"DHC1"},"1B9C":{"r":"G-BCRR","t":"AA5"},"1B9D":{"r":"G-BCRT","t":"C150"},"1BAD":{"r":"G-BCVB","t":"PA17"},"1BB3":{"r":"G-BCWB","t":"C182"},"1BC3":{"r":"G-BDAK","t":"AC11"},"1BC9":{"r":"G-BDBF"},"1BDA":{"r":"G-JDBC","t":"PA34"},"1BFA":{"r":"G-BDKW","t":"AC11"},"1C05":{"r":"G-BDNU","t":"C172"},"1C13":{"r":"G-WBTS"},"1C18":{"r":"G-BDSB","t":"P28A"},"1C2C":{"r":"G-BDVB","t":"PA17"},"1C39":{"r":"G-GDOG","t":"P28R"},"1C44":{"r":"G-BEBN","t":"C177"},"1C54":{"r":"G-BEDF"},"1C56":{"r":"G-TECH","t":"AC11"},"1C64":{"r":"G-BEHU","t":"PA34"},"1C6F":{"r":"G-BEKN","t":"C150"},"1C70":{"r":"G-BEKO","t":"C182"},"1C76":{"r":"G-BEMW","t":"P28A"},"1C78":{"r":"G-BENJ","t":"AC11"},"1C7D":{"r":"G-BEOH","t":"P28R"},"1C86":{"r":"G-BEPY","t":"AC11"},"1C9B":{"r":"G-BEUX","t":"C172"},"1CA4":{"r":"G-BEWO","t":"Z26"},"1CA5":{"r":"G-BEWR","t":"C172"},"1CA6":{"r":"G-BEWX","t":"P28R"},"1CA7":{"r":"G-BEWY","t":"B06"},"1CAF":{"r":"G-BEYL","t":"P28A"},"1CB2":{"r":"G-BEYV","t":"C210"},"1CB7":{"r":"G-BEZF","t":"AA5"},"1CB9":{"r":"G-BEZH","t":"AA5"},"1CBD":{"r":"G-BEZP","t":"PA32"},"1CC6":{"r":"G-BFAI","t":"AC11"},"1CC7":{"r":"G-BFAK","t":"RALL"},"1CCC":{"r":"G-BFBA"},"1CCE":{"r":"G-BFBE","t":"R200"},"1CD9":{"r":"G-BFDO","t":"P28R"},"1CE7":{"r":"G-BFFW","t":"C152"},"1CE9":{"r":"G-BFGD","t":"C172"},"1CF8":{"r":"G-BFIB","t":"PA31"},"1CFC":{"r":"G-BFIG","t":"C172"},"1D09":{"r":"G-BFKB","t":"C172"},"1D15":{"r":"G-BFMG","t":"P28A"},"1D17":{"r":"G-BFMK","t":"C152"},"1D1E":{"r":"G-WNTR","t":"P28A"},"1D24":{"r":"G-BFOJ","t":"AA1"},"1D2D":{"r":"G-BFPO","t":"AC11"},"1D31":{"r":"G-CHTA","t":"AA5"},"1D35":{"r":"G-BFRS","t":"C172"},"1D38":{"r":"G-BFSA","t":"C182"},"1D3D":{"r":"G-BFSY","t":"P28A"},"1D3E":{"r":"G-BFTC","t":"P28R"},"1D47":{"r":"G-BFVS","t":"AA5"},"1D51":{"r":"G-BFXS","t":"AC11"},"1D52":{"r":"G-BFXX","t":"AA5"},"1D5D":{"r":"G-TGER","t":"AA5"},"1D5E":{"r":"G-OPAM","t":"C152"},"1D61":{"r":"G-BGAA","t":"C152"},"1D62":{"r":"G-BGAB","t":"C152"},"1D6F":{"r":"G-LTEE","t":"C172"},"1D78":{"r":"G-BGCO","t":"PA44"},"1DA6":{"r":"G-MOOS","t":"PPRO"},"1DAC":{"r":"G-BGKV","t":"P28A"},"1DB4":{"r":"G-BGLO","t":"C172"},"1DBB":{"r":"G-BGMR","t":"GY20"},"1DC3":{"r":"G-BGNV","t":"GA7"},"1DC6":{"r":"G-BGOG","t":"P28A"},"1DC8":{"r":"G-BGOL","t":"P28R"},"1DCE":{"r":"G-BGPH","t":"AA5"},"1DE5":{"r":"G-BGSY","t":"GA7"},"1E02":{"r":"G-BGXS","t":"P28A"},"1E0E":{"r":"G-BHAD","t":"C152"},"1E13":{"r":"G-BHAW","t":"C172"},"1E1F":{"r":"G-BHDE","t":"TOBA"},"1E20":{"r":"G-BHDM","t":"C152"},"1E27":{"r":"G-BHEC","t":"C152"},"1E28":{"r":"G-BHED","t":"C152"},"1E2D":{"r":"G-BHEN","t":"C152"},"1E2E":{"r":"G-PCAT","t":"TOBA"},"1E30":{"r":"G-BHEV","t":"P28A"},"1E3D":{"r":"G-BHGJ","t":"D11"},"1E3F":{"r":"G-BHGO","t":"PA32"},"1E51":{"r":"G-BHJF","t":"TOBA"},"1E5A":{"r":"G-BHLH","t":"DR40"},"1E6F":{"r":"G-BHOA","t":"DR40"},"1E75":{"r":"G-BHOR","t":"P28A"},"1E91":{"r":"G-OAGL","t":"B06"},"1E92":{"r":"G-EGLT","t":"C310"},"1E9E":{"r":"G-BHVR","t":"C172"},"1EA4":{"r":"G-BHWY","t":"P28A"},"1EA6":{"r":"G-BHXK","t":"P28A"},"1EA8":{"r":"G-XXBH","t":"B06"},"1EAF":{"r":"G-BHYP","t":"C172"},"1EB0":{"r":"G-BHYR","t":"C172"},"1EB3":{"r":"G-BHZE","t":"P28A"},"1EB5":{"r":"G-BHZK","t":"AA5"},"1EBA":{"r":"G-BIAC","t":"MS23"},"1EBC":{"r":"G-IANC","t":"TOBA"},"1EC1":{"r":"G-BIBA","t":"TAMP"},"1ED5":{"r":"G-BICW","t":"P28A"},"1EDA":{"r":"G-BIDI","t":"P28R"},"1EDC":{"r":"G-BIDK","t":"PA18"},"1EE9":{"r":"G-BIFY","t":"C150"},"1EEB":{"r":"G-BIGJ","t":"C172"},"1EF3":{"r":"G-BIHI","t":"C172"},"1EF9":{"r":"G-BIIB","t":"C172"},"1F08":{"r":"G-BIKE","t":"P28R"},"1F11":{"r":"G-BILU","t":"C172"},"1F21":{"r":"G-BIOA","t":"H500"},"1F22":{"r":"G-BIOB","t":"C172"},"1F2F":{"r":"G-BIPV","t":"AA5"},"1F37":{"r":"G-BIRT","t":"R100"},"1F4B":{"r":"G-BIUW","t":"P28A"},"1F4D":{"r":"G-BIUY","t":"P28A"},"1F54":{"r":"G-OSII","t":"C172"},"1F7B":{"r":"G-BIZI","t":"DR40"},"1F84":{"r":"G-BJAJ","t":"AA5"},"1F8F":{"r":"G-BJBW","t":"P28A"},"1F98":{"r":"G-BJDW","t":"C172"},"1FB4":{"r":"G-BJML","t":"C120"},"1FC1":{"r":"G-TALE","t":"P28A"},"1FC4":{"r":"G-HEBR","t":"BN2P"},"1FC6":{"r":"G-BJOV","t":"C150"},"1FCF":{"r":"G-GUSS","t":"P28A"},"1FEB":{"r":"G-BJWH","t":"C152"},"1FEC":{"r":"G-BJWI","t":"C172"},"2010":{"r":"G-BKBV","t":"TOBA"},"2011":{"r":"G-BKBW","t":"TOBA"},"2012":{"r":"G-BKCC","t":"P28A"},"201D":{"r":"G-HELN","t":"PA18"},"201E":{"r":"G-BKDH","t":"DR40"},"2025":{"r":"G-POPI","t":"TOBA"},"2038":{"r":"G-BKGA","t":"RALL"},"2047":{"r":"G-BKIJ","t":"C172"},"204A":{"r":"G-BKIT","t":"TAMP"},"2054":{"r":"G-BKLO","t":"C172"},"2057":{"r":"G-MANN","t":"GAZL"},"2058":{"r":"G-BKMB","t":"M20P"},"2089":{"r":"G-BKVL","t":"DR40"},"20A0":{"r":"G-BKZI","t":"B06"},"20A6":{"r":"G-IIIP","t":"PTS1"},"20C4":{"r":"G-BLFZ","t":"PA31"},"20C7":{"r":"G-BLGV","t":"B06"},"20EC":{"r":"G-BLMG","t":"G109"},"20FC":{"r":"G-BLOS","t":"C185"},"2110":{"r":"G-BLTK","t":"AC11"},"2118":{"r":"G-BLUV","t":"G109"},"2126":{"r":"G-BMKR","t":"P28A"},"2127":{"r":"G-BMSB","t":"SPIT"},"212D":{"r":"G-BOLT","t":"AC11"},"2132":{"r":"G-IEJH","t":"D150"},"2140":{"r":"G-BSDL","t":"TOBA"},"2143":{"r":"G-RVRZ","t":"PA27"},"2151":{"r":"G-NWFT","t":"C172"},"2168":{"r":"G-CHIK","t":"C152"},"216C":{"r":"G-ETUS","t":"B06"},"2171":{"r":"G-CLUX","t":"C172"},"2172":{"r":"G-OAMG","t":"B06"},"2176":{"r":"G-JESI","t":"AS50"},"217A":{"r":"G-WENA","t":"AS55"},"217D":{"r":"G-PRFI","t":"B06"},"218E":{"r":"G-DAAH","t":"P28T"},"2190":{"r":"G-DAND","t":"TOBA"},"2193":{"r":"G-DCKK","t":"C172"},"219B":{"r":"G-DODD","t":"C172"},"219C":{"r":"G-DOVE","t":"C182"},"219E":{"r":"G-DUVL","t":"C172"},"21AB":{"r":"G-EGLE"},"21BA":{"r":"G-ERRY","t":"AA5"},"21CD":{"r":"G-FRAG","t":"PA32"},"21CF":{"r":"G-FULL","t":"P28R"},"21D6":{"r":"G-GBSL","t":"BE76"},"21DA":{"r":"G-GEEP"},"21E8":{"r":"G-GWYN","t":"C172"},"21F0":{"r":"G-HFCT","t":"C152"},"2206":{"r":"G-JDEE","t":"TRIN"},"220B":{"r":"G-JFWI","t":"C172"},"2210":{"r":"G-DTAR","t":"B06"},"2213":{"r":"G-GFIF","t":"C152"},"2219":{"r":"G-PIIX","t":"P210"},"222D":{"r":"G-SERL","t":"TOBA"},"2231":{"r":"G-LEAM","t":"P28B"},"2236":{"r":"G-LFIX","t":"SPIT"},"2248":{"r":"G-NROY","t":"P32R"},"224D":{"r":"G-MALA","t":"P28A"},"224E":{"r":"G-MALC","t":"AA5"},"2251":{"r":"G-FFRI","t":"AS55"},"226F":{"r":"G-TOTO","t":"C177"},"2272":{"r":"G-OBMW","t":"AA5"},"227A":{"r":"G-BURS","t":"S76"},"2280":{"r":"G-OJVH","t":"C150"},"2284":{"r":"G-WDKR","t":"AS55"},"2286":{"r":"G-OMNI","t":"P28A"},"228B":{"r":"G-OPAT","t":"BE76"},"228E":{"r":"G-OPSF","t":"PA38"},"229C":{"r":"G-PAXX","t":"PA20"},"22B6":{"r":"G-POWL","t":"C182"},"22C7":{"r":"G-RATE","t":"AA5"},"22D7":{"r":"G-ROLF","t":"P32R"},"22FE":{"r":"G-OPUB","t":"RF6"},"2302":{"r":"G-EJOC","t":"AS50"},"2310":{"r":"G-SUZY","t":"ULAC"},"2316":{"r":"G-NBEL","t":"AS55"},"231A":{"r":"G-TBXX","t":"TRIN"},"231B":{"r":"G-TBZO","t":"TB20"},"2323":{"r":"G-TIMK","t":"P28A"},"2326":{"r":"G-OHCP","t":"AS55"},"232C":{"r":"G-TRUK"},"232F":{"r":"G-TWEL","t":"P28A"},"2330":{"r":"G-TYGA","t":"AA5"},"2331":{"r":"G-TYRE","t":"C172"},"2337":{"r":"G-BAEE","t":"DR10"},"233B":{"r":"G-VITE"},"234A":{"r":"G-WOOD","t":"BE58"},"234E":{"r":"G-PING","t":"AA5"},"2355":{"r":"G-YULL","t":"P28A"},"2356":{"r":"G-ZAZA","t":"PA11"},"239C":{"r":"G-OJPS","t":"B06"},"23B1":{"r":"G-BCTK","t":"C172"},"240A":{"r":"G-MJUX"},"2424":{"r":"G-HELE","t":"B06"},"24F8":{"r":"G-BLYD","t":"TRIN"},"251B":{"r":"G-IOOI","t":"DR40"},"2526":{"r":"G-AZDG","t":"PUP"},"2542":{"r":"G-SUET","t":"B06"},"2583":{"r":"G-GOTC","t":"GA7"},"2586":{"r":"G-TSGA","t":"P28R"},"25AA":{"r":"G-JWCM","t":"BDOG"},"25B8":{"r":"G-JPEG","t":"BN2P"},"25BA":{"r":"G-BEOL","t":"SC7"},"25C5":{"r":"G-BDPJ","t":"PA25"},"25C9":{"r":"G-EMLS","t":"C210"},"25CD":{"r":"G-BCUO","t":"BDOG"},"25D6":{"r":"G-OAMI","t":"B06"},"25FF":{"r":"G-AKSY","t":"AUS5"},"2614":{"r":"G-IBED","t":"R22"},"262A":{"r":"G-ANMY","t":"DH82"},"262E":{"r":"G-BMFP","t":"P28A"},"2633":{"r":"G-OCMM","t":"A109"},"2634":{"r":"G-OSMD","t":"B06"},"2638":{"r":"G-LZZY","t":"P28T"},"2645":{"r":"G-BMGR","t":"G109"},"264C":{"r":"G-BMIX","t":"TRIN"},"2651":{"r":"G-BMIW","t":"P28A"},"26CF":{"r":"G-BMOI","t":"P68"},"2703":{"r":"G-BMOE","t":"P28R"},"2708":{"r":"G-BVTM","t":"C152"},"270D":{"r":"G-KATT","t":"C152"},"273A":{"r":"G-VVIP","t":"C421"},"2748":{"r":"G-BMXB","t":"C152"},"274B":{"r":"G-WIZY","t":"R22"},"2774":{"r":"G-BMTB","t":"C152"},"2777":{"r":"G-AZDJ","t":"PA32"},"277F":{"r":"G-BMYC","t":"TOBA"},"2791":{"r":"G-CVXN","t":"F406"},"27A5":{"r":"G-WACB","t":"C152"},"27AA":{"r":"G-WACE","t":"C152"},"27AE":{"r":"G-FIFI","t":"TRIN"},"27AF":{"r":"G-BMNL","t":"P28R"},"27BD":{"r":"G-WACY","t":"C172"},"27EE":{"r":"G-WACG","t":"C152"},"27FE":{"r":"G-BYNA","t":"C172"},"2801":{"r":"G-TSKY","t":"PUP"},"2863":{"r":"G-BNEE","t":"P28A"},"286C":{"r":"G-JANA","t":"P28A"},"2886":{"r":"G-OPAG","t":"PA34"},"28CA":{"r":"G-BNJC","t":"C152"},"28D8":{"r":"G-BNKH","t":"PA38"},"28DB":{"r":"G-BNKR","t":"C152"},"28DE":{"r":"G-CLAC","t":"P28A"},"28E5":{"r":"G-BNKI","t":"C152"},"28EB":{"r":"G-BNKC","t":"C152"},"2901":{"r":"G-BNHJ","t":"C152"},"2909":{"r":"G-RVRA","t":"P28A"},"290C":{"r":"G-TREE","t":"B06"},"2916":{"r":"G-OEAT","t":"R22"},"291D":{"r":"G-ESME","t":"C182"},"2935":{"r":"G-BNMO","t":"C82R"},"2939":{"r":"G-BNRG","t":"P28A"},"2948":{"r":"G-OODW","t":"P28A"},"2949":{"r":"G-BNRA","t":"TOBA"},"2956":{"r":"G-BNSN","t":"C152"},"295D":{"r":"G-BNNZ","t":"P28A"},"295F":{"r":"G-BNPM","t":"PA38"},"2960":{"r":"G-BNPO","t":"P28A"},"2964":{"r":"G-BNSG","t":"P28R"},"2967":{"r":"G-OONE","t":"M20P"},"2981":{"r":"G-VOID","t":"P28T"},"2988":{"r":"G-BNSP","t":"RF6"},"2989":{"r":"G-BNSR","t":"RF6"},"298F":{"r":"G-BNUT","t":"C152"},"29CD":{"r":"G-BNUL","t":"C152"},"29D1":{"r":"G-SVIP","t":"C421"},"29D7":{"r":"G-VIPU","t":"PA31"},"29E1":{"r":"G-BNYP","t":"P28A"},"29E2":{"r":"G-OKEN","t":"P28R"},"2A17":{"r":"G-OPSL","t":"P32R"},"2A1B":{"r":"G-SKYV","t":"P28T"},"2A3D":{"r":"G-PDSI","t":"C172"},"2A7B":{"r":"G-BOJK","t":"PA34"},"2A8E":{"r":"G-BOFW","t":"C150"},"2A9B":{"r":"G-BOHM","t":"P28A"},"2A9C":{"r":"G-BOHH","t":"C172"},"2AA2":{"r":"G-BOHO","t":"P28A"},"2AB5":{"r":"G-RARB","t":"C172"},"2AC9":{"r":"G-BOIX","t":"C172"},"2ACA":{"r":"G-OGEM","t":"P28A"},"2ACC":{"r":"G-FTIL","t":"DR40"},"2ACD":{"r":"G-BOIT","t":"TOBA"},"2AE1":{"r":"G-BOHA","t":"P28A"},"2AE2":{"r":"G-OALD","t":"TRIN"},"2AEE":{"r":"G-BOJW","t":"P28A"},"2AF3":{"r":"G-BOJS","t":"C172"},"2B04":{"r":"G-BOJI","t":"P28T"},"2B06":{"r":"G-BOKY","t":"C152"},"2B08":{"r":"G-MOVI","t":"P32R"},"2B1C":{"r":"G-OKAG","t":"P28R"},"2B1D":{"r":"G-JRCR","t":"B06"},"2B1E":{"r":"G-BONW","t":"C152"},"2B1F":{"r":"G-BONR","t":"C172"},"2B24":{"r":"G-DONS","t":"P28T"},"2B62":{"r":"G-BOSE","t":"P28A"},"2B65":{"r":"G-OLNT","t":"AS65"},"2B98":{"r":"G-BOTF","t":"P28A"},"2BAB":{"r":"G-BORK","t":"P28A"},"2BB7":{"r":"G-OPST","t":"C182"},"2BC8":{"r":"G-TUNE","t":"R22"},"2BD2":{"r":"G-BWEF","t":"SV4"},"2BD3":{"r":"G-BOMY","t":"P28A"},"2BF6":{"r":"G-LBRC","t":"P28T"},"2BF7":{"r":"G-BYEE","t":"M20T"},"2C1A":{"r":"G-FNLD","t":"C172"},"2C26":{"r":"G-BOYH","t":"P28A"},"2C37":{"r":"G-VILL","t":"ULAC"},"2C40":{"r":"G-BOYL","t":"C152"},"2C48":{"r":"G-BOSN","t":"AS55"},"2C4B":{"r":"G-BOOI","t":"C152"},"2C68":{"r":"G-BOYV","t":"P28R"},"2CA4":{"r":"G-XBOX","t":"B06"},"2CDB":{"r":"G-BPCX","t":"P28B"},"2D03":{"r":"G-CSGT","t":"P28A"},"2D20":{"r":"G-OETI","t":"B06"},"2D40":{"r":"G-FPSA","t":"P28A"},"2D60":{"r":"G-KOTA","t":"P28B"},"2D62":{"r":"G-BPIU","t":"P28A"},"2D67":{"r":"G-JDPB","t":"P28R"},"2D68":{"r":"G-BPCI","t":"C172"},"2D72":{"r":"G-BPKM","t":"P28A"},"2D8C":{"r":"G-GFIB","t":"C152"},"2DB1":{"r":"G-BPOT","t":"P28A"},"2DCD":{"r":"G-MXVI","t":"SPIT"},"2DDB":{"r":"G-SDAY","t":"AS50"},"2DDC":{"r":"G-BPRI","t":"AS55"},"2DDD":{"r":"G-BPRL","t":"AS55"},"2DEC":{"r":"G-BPSL","t":"C177"},"2E03":{"r":"G-JBDH","t":"DR40"},"2E06":{"r":"G-BPTL","t":"C172"},"2E2F":{"r":"G-SLYN","t":"P28A"},"2E30":{"r":"G-BPUL","t":"PA18"},"2E43":{"r":"G-BPWI","t":"B06"},"2E49":{"r":"G-BPWP","t":"LGEZ"},"2E5B":{"r":"G-BPWS","t":"C172"},"2E65":{"r":"G-GFCA","t":"P28A"},"2E70":{"r":"G-BPWE","t":"P28A"},"2E91":{"r":"G-BPCF","t":"J3"},"2E93":{"r":"G-MUNI","t":"M20P"},"2EA4":{"r":"G-SHED","t":"P28A"},"2EAF":{"r":"G-SACO","t":"P28A"},"2ECC":{"r":"G-BRBP","t":"C152"},"2EE0":{"r":"G-JANN","t":"PA34"},"2EE4":{"r":"G-BRDF","t":"P28A"},"2EE6":{"r":"G-BRBD","t":"P28A"},"2EE7":{"r":"G-OOMA","t":"P28A"},"2EE9":{"r":"G-BRDM","t":"P28A"},"2EEB":{"r":"G-BRBW","t":"P28A"},"2EF4":{"r":"G-BRBL","t":"DR40"},"2EF5":{"r":"G-BRBM","t":"DR40"},"2EF9":{"r":"G-BRBI","t":"C172"},"2F1B":{"r":"G-LUSK","t":"L8"},"2F24":{"r":"G-BRGI","t":"P28A"},"2F2A":{"r":"G-OONY","t":"P28A"},"2F2E":{"r":"G-SACI","t":"P28A"},"2F34":{"r":"G-BRHA","t":"P32T"},"2F38":{"r":"G-PEKT","t":"TRIN"},"2F47":{"r":"G-TILE","t":"R22"},"2F53":{"r":"G-OGAZ","t":"GAZL"},"2F75":{"r":"G-OFIT","t":"TOBA"},"2F7B":{"r":"G-BRKH","t":"P28B"},"2F90":{"r":"G-BRLG","t":"P28T"},"2F9A":{"r":"G-BROZ","t":"PA18"},"2FBC":{"r":"G-OPJD","t":"P28T"},"2FBD":{"r":"G-TAKE","t":"AS55"},"2FD7":{"r":"G-BRFM","t":"P28A"},"2FDF":{"r":"G-BRPS","t":"C177"},"2FF0":{"r":"G-BRRK","t":"C182"},"2FF5":{"r":"G-BRNU","t":"DR40"},"3012":{"r":"G-MKXI","t":"SPIT"},"3026":{"r":"G-BRPK","t":"P28A"},"3049":{"r":"G-TOAK","t":"TRIN"},"3067":{"r":"G-OFER","t":"PA18"},"3071":{"r":"G-EFTE"},"3074":{"r":"G-BRTL","t":"H500"},"307E":{"r":"G-BRTD","t":"C152"},"30CF":{"r":"G-CHEZ","t":"BN2P"},"310D":{"r":"G-BSCZ","t":"C152"},"3123":{"r":"G-GOSL","t":"DR40"},"312D":{"r":"G-BSCS","t":"P28A"},"3162":{"r":"G-ENNA","t":"P28A"},"3163":{"r":"G-BSEU","t":"P28A"},"3169":{"r":"G-BSGD","t":"P28A"},"3170":{"r":"G-BSFP","t":"C152"},"3182":{"r":"G-BSII","t":"PA34"},"319D":{"r":"G-BSJX","t":"P28A"},"31A2":{"r":"G-BSKW","t":"P28A"},"31BC":{"r":"G-BSDP","t":"C152"},"31BD":{"r":"G-IRPC","t":"C182"},"31C4":{"r":"G-RONG","t":"P28R"},"31C9":{"r":"G-BSLK","t":"P28A"},"31D4":{"r":"G-BSLA","t":"DR40"},"3203":{"r":"G-BSOG","t":"C172"},"320A":{"r":"G-VFAS","t":"P28R"},"3233":{"r":"G-BSRI","t":"LNC2"},"3248":{"r":"G-EWAW","t":"B06"},"3258":{"r":"G-BSTE","t":"AS55"},"3267":{"r":"G-BSVB","t":"P28A"},"3281":{"r":"G-BSTM","t":"C172"},"3283":{"r":"G-BSUW","t":"PA34"},"3287":{"r":"G-BRZS","t":"C172"},"329D":{"r":"G-NIOS","t":"P32R"},"329F":{"r":"G-BSTR","t":"AA5"},"32A5":{"r":"G-GASP","t":"P28A"},"32CF":{"r":"G-CPCD","t":"DR22"},"32E8":{"r":"G-JLHS","t":"BE36"},"3301":{"r":"G-OOTC","t":"P28R"},"331F":{"r":"G-BSZT","t":"P28A"},"3321":{"r":"G-BSYY","t":"P28A"},"3327":{"r":"G-BSZD","t":"DR40"},"3335":{"r":"G-JMTS","t":"DR40"},"3339":{"r":"G-WINK","t":"AA5"},"333A":{"r":"G-WINS","t":"PA32"},"336E":{"r":"G-WMTM","t":"AA5"},"33BD":{"r":"G-BTGO","t":"P28A"},"33BE":{"r":"G-CHAS","t":"P28A"},"33D8":{"r":"G-BTGW","t":"C152"},"33D9":{"r":"G-BTGX","t":"C152"},"33DA":{"r":"G-BTGY","t":"P28A"},"33F3":{"r":"G-OPWS","t":"M20T"},"3406":{"r":"G-BYYG","t":"RF6"},"3421":{"r":"G-BTKL","t":"B105"},"3434":{"r":"G-BTLG","t":"P28R"},"3438":{"r":"G-BTMA","t":"C172"},"3440":{"r":"G-BTMT"},"3441":{"r":"G-BTLP","t":"AA1"},"3450":{"r":"G-BTNA","t":"R22"},"3456":{"r":"G-BTNE","t":"P28A"},"347D":{"r":"G-CPTM","t":"P28A"},"34A2":{"r":"G-BTRS","t":"P28A"},"34A3":{"r":"G-BTRT","t":"P28R"},"34BB":{"r":"G-OAHC","t":"BE33"},"34E2":{"r":"G-DRZF","t":"DR30"},"34FF":{"r":"G-BTVW","t":"C152"},"352E":{"r":"G-BTZB","t":"YK50"},"353D":{"r":"G-DLDL","t":"R22"},"3540":{"r":"G-BTZE","t":"YK11"},"3544":{"r":"G-BTZU","t":"BALL"},"3560":{"r":"G-COLA","t":"BE33"},"3580":{"r":"G-TIMM","t":"GNAT"},"35C4":{"r":"G-BUEC","t":"RV6"},"35E1":{"r":"G-BUFY","t":"P28A"},"3610":{"r":"G-OJAN","t":"R22"},"361B":{"r":"G-BUJN","t":"C172"},"361F":{"r":"G-BUIJ","t":"P28A"},"362A":{"r":"G-RAFV","t":"ULAC"},"36AF":{"r":"G-OMCC","t":"AS50"},"36F2":{"r":"G-CONB","t":"DR40"},"370E":{"r":"G-BUVA","t":"PA22"},"37C3":{"r":"G-BUYS","t":"DR40"},"37FB":{"r":"G-BVDH","t":"P28T"},"3811":{"r":"G-BVDP","t":"F8L"},"383A":{"r":"G-JSAT","t":"BN2T"},"3844":{"r":"G-YKSZ","t":"YK52"},"3847":{"r":"G-BVFZ","t":"M5"},"3870":{"r":"G-DOGI","t":"R22"},"389B":{"r":"G-BVIK","t":"M7"},"389D":{"r":"G-BVIW","t":"PA18"},"38D9":{"r":"G-KONG","t":"RF6"},"390A":{"r":"G-BVOK","t":"YK52"},"3920":{"r":"G-KITT"},"3952":{"r":"G-VONE","t":"AS55"},"3972":{"r":"G-TOYZ","t":"B06"},"397C":{"r":"G-BVXS","t":"TAYB"},"398B":{"r":"G-FOZZ","t":"BE36"},"39A1":{"r":"G-BVUZ","t":"C120"},"39BE":{"r":"G-BWAB","t":"D140"},"39E6":{"r":"G-GAII","t":"HUNT"},"39EB":{"r":"G-BVXM","t":"AS50"},"3A06":{"r":"G-BVXD","t":"BALL"},"3A11":{"r":"G-PIGY"},"3A22":{"r":"G-BVZV","t":"COY2"},"3A2B":{"r":"G-BVYX","t":"ULAC"},"3A6A":{"r":"G-ITII","t":"PTS2"},"3A7D":{"r":"G-IPUP","t":"PUP"},"3AA6":{"r":"G-OSZB","t":"PTS2"},"3ABB":{"r":"G-ISDB","t":"P28A"},"3AC3":{"r":"G-FLOX","t":"EUPA"},"3AFD":{"r":"G-BWGL","t":"HUNT"},"3B12":{"r":"G-RIFN","t":"CP10"},"3B17":{"r":"G-BWHF","t":"PA31"},"3B38":{"r":"G-BWIJ","t":"EUPA"},"3B41":{"r":"G-YAKU","t":"YK50"},"3B4A":{"r":"G-BWMF","t":"METR"},"3B57":{"r":"G-JOYZ","t":"P28A"},"3B64":{"r":"G-HOPY","t":"RV6"},"3BAB":{"r":"G-LEAF","t":"F406"},"3BB0":{"r":"G-ONUN","t":"RV6"},"3BB3":{"r":"G-CVIX"},"3BC3":{"r":"G-ZAPH","t":"B06"},"3BF5":{"r":"G-BWXT","t":"RF6"},"3C0B":{"r":"G-PASH","t":"AS55"},"3C16":{"r":"G-PMNF","t":"SPIT"},"3C1C":{"r":"G-ODJG","t":"EUPA"},"3C38":{"r":"G-BWTW","t":"M20P"},"3C3B":{"r":"G-BWTH","t":"R22"},"3C50":{"r":"G-BWUT","t":"DHC1"},"3C61":{"r":"G-FILL","t":"PA31"},"3C75":{"r":"G-BWUH","t":"P28A"},"3C7C":{"r":"G-HAPY","t":"DHC1"},"3C93":{"r":"G-SELY","t":"B06"},"3C94":{"r":"G-IFFR","t":"PA32"},"3C9D":{"r":"G-SKYN","t":"AS55"},"3CEE":{"r":"G-BXBU","t":"CP10"},"3CEF":{"r":"G-BXFE","t":"CP10"},"3CF9":{"r":"G-BWYO","t":"F8L"},"3CFC":{"r":"G-BWYR","t":"COY2"},"3D20":{"r":"G-BXAY","t":"B06"},"3D28":{"r":"G-PSST","t":"HUNT"},"3D3A":{"r":"G-XOIL","t":"AS55"},"3D46":{"r":"G-TOSH","t":"R22"},"3D75":{"r":"G-BXDI","t":"DHC1"},"3D79":{"r":"G-ILDA","t":"SPIT"},"3D80":{"r":"G-BXDH","t":"DHC1"},"3D92":{"r":"G-JETZ","t":"H500"},"3D97":{"r":"G-BXDY","t":"EUPA"},"3DA1":{"r":"G-BXIF","t":"P28A"},"3DA2":{"r":"G-TALH","t":"P28A"},"3DAF":{"r":"G-GDER"},"3DB7":{"r":"G-OJIL","t":"PA31"},"3DBC":{"r":"G-RVAN","t":"RV6"},"3DE1":{"r":"G-BXHH","t":"AA5"},"3DE8":{"r":"G-BXGX","t":"DHC1"},"3DEB":{"r":"G-HMBJ","t":"AC11"},"3DF1":{"r":"G-WPAS","t":"EXPL"},"3DF2":{"r":"G-JFER","t":"AC11"},"3DFD":{"r":"G-BXHY","t":"EUPA"},"3E09":{"r":"G-HDTV","t":"A109"},"3E21":{"r":"G-PRII","t":"HUNT"},"3E31":{"r":"G-KEVB","t":"P28A"},"3E3A":{"r":"G-ODOC","t":"R44"},"3E54":{"r":"G-WARU","t":"P28A"},"3E56":{"r":"G-WARZ","t":"P28A"},"3E5C":{"r":"G-BXKL","t":"B06"},"3E74":{"r":"G-PMGG","t":"B06"},"3E82":{"r":"G-HACK","t":"PA18"},"3E87":{"r":"G-NOTE","t":"P28A"},"3E8A":{"r":"G-CBCL","t":"GLST"},"3E91":{"r":"G-BXOA","t":"R22"},"3EBA":{"r":"G-NEWZ","t":"B06"},"3EBB":{"r":"G-OWAP","t":"P28A"},"3EBF":{"r":"G-TYNE","t":"TRIN"},"3ED3":{"r":"G-BXOJ","t":"P28A"},"3ED4":{"r":"G-BXOI","t":"C172"},"3EE4":{"r":"G-OPEP","t":"P28T"},"3F00":{"r":"G-RNBW","t":"B06"},"3F03":{"r":"G-RVIV","t":"RV4"},"3F11":{"r":"G-BXRG","t":"P28A"},"3F20":{"r":"G-FMLY","t":"AC11"},"3F28":{"r":"G-FUNK","t":"YK50"},"3F2A":{"r":"G-CXSM","t":"C172"},"3F2D":{"r":"G-GHZJ","t":"TAMP"},"3F34":{"r":"G-BXSR","t":"C172"},"3F35":{"r":"G-BXSI","t":"JABI"},"3F39":{"r":"G-BXSE","t":"C172"},"3F3A":{"r":"G-NPKJ","t":"RV6"},"3F46":{"r":"G-BXTT","t":"AA5"},"3F74":{"r":"G-SIXD","t":"PA32"},"3F8F":{"r":"G-XLTG","t":"C182"},"3F9E":{"r":"G-BXVY","t":"C152"},"3FA5":{"r":"G-RADI","t":"P28A"},"3FA9":{"r":"G-SSCL","t":"H500"},"3FAA":{"r":"G-OACA","t":"PA44"},"3FB2":{"r":"G-BXVO","t":"RV6"},"3FB3":{"r":"G-GFEY","t":"PA34"},"3FC8":{"r":"G-RVGA","t":"RV6"},"3FD9":{"r":"G-FEZZ","t":"B06"},"3FEA":{"r":"G-IJBB","t":"EN48"},"3FF3":{"r":"G-WARV","t":"P28A"},"3FF4":{"r":"G-WARX","t":"P28A"},"3FF6":{"r":"G-OJGT","t":"M5"},"3FFD":{"r":"G-OBIO","t":"R22"},"3FFF":{"r":"G-CAHA","t":"PA34"},"4001":{"r":"G-NWPS","t":"EC35"},"4003":{"r":"G-BYMH","t":"C152"},"400A":{"r":"G-EKOS","t":"C182"},"4027":{"r":"G-KEMI","t":"P28A"},"403F":{"r":"G-BXYT","t":"P28T"},"4059":{"r":"G-BXZK","t":"EXPL"},"406D":{"r":"G-LACD","t":"P28A"},"4075":{"r":"G-BYBI","t":"B06"},"4076":{"r":"G-GHER","t":"AS55"},"4081":{"r":"G-DIGI","t":"PA32"},"408A":{"r":"G-KAAT","t":"EXPL"},"409C":{"r":"G-DRGS","t":"C182"},"40AB":{"r":"G-SKUA","t":"GLST"},"40AF":{"r":"G-FORZ","t":"PTS1"},"40B7":{"r":"G-IGGL","t":"TOBA"},"40BF":{"r":"G-TIMY","t":"GY80"},"40C9":{"r":"G-BYJS","t":"TRIN"},"40CC":{"r":"G-BYEM","t":"C182"},"40EC":{"r":"G-HRNT","t":"C182"},"40F5":{"r":"G-GIRY","t":"AA5"},"4107":{"r":"G-XSDJ","t":"EUPA"},"4129":{"r":"G-BYKK","t":"R44"},"4140":{"r":"G-BYHH","t":"P28A"},"4158":{"r":"G-CORB","t":"TRIN"},"415F":{"r":"G-RICO","t":"AA5"},"4162":{"r":"G-STON","t":"AS55"},"4166":{"r":"G-ELZY","t":"P28A"},"4168":{"r":"G-HKHM","t":"H500"},"4176":{"r":"G-BYJH","t":"G109"},"4181":{"r":"G-TRAC","t":"R44"},"41AD":{"r":"G-ETME","t":"ME08"},"41AE":{"r":"G-NSEW","t":"R44"},"41C7":{"r":"G-BYMJ","t":"C152"},"41DF":{"r":"G-BYNE","t":"PC6T"},"41E1":{"r":"G-IRKB","t":"P28R"},"41F6":{"r":"G-WRWR","t":"R22"},"4205":{"r":"G-BYNS","t":"JABI"},"4211":{"r":"G-IOWE","t":"EUPA"},"4219":{"r":"G-SLTN","t":"TRIN"},"4225":{"r":"G-BYPB","t":"ULAC"},"422D":{"r":"G-BYTI","t":"PA24"},"4232":{"r":"G-BYSS"},"423B":{"r":"G-BYPU","t":"P32R"},"4254":{"r":"G-DCSE","t":"R44"},"4256":{"r":"G-KSSH","t":"EXPL"},"425D":{"r":"G-LAOL","t":"P28T"},"4278":{"r":"G-SUSX","t":"EXPL"},"42AA":{"r":"G-JEFA","t":"R44"},"42BD":{"r":"G-BYYO","t":"P28R"},"42D1":{"r":"G-BZEC","t":"C152"},"42DC":{"r":"G-IANH","t":"TOBA"},"42E2":{"r":"G-BZAH","t":"C208"},"42EB":{"r":"G-ODAK","t":"P28A"},"42EF":{"r":"G-GCYC","t":"C182"},"4309":{"r":"G-LYNC","t":"R22"},"430C":{"r":"G-FMKA"},"431D":{"r":"G-EOLD","t":"P28A"},"4322":{"r":"G-BZDH","t":"P28R"},"4328":{"r":"G-EGLS","t":"P28A"},"4333":{"r":"G-SIJW","t":"BDOG"},"433B":{"r":"G-NEON","t":"PA32"},"4342":{"r":"G-BZKL","t":"P28A"},"4348":{"r":"G-BZFN","t":"BDOG"},"4349":{"r":"G-CBKA","t":"GAZL"},"4363":{"r":"G-BZMB","t":"P28A"},"436D":{"r":"G-BZFR","t":"E300"},"436F":{"r":"G-JJEN","t":"P28A"},"43AD":{"r":"G-EHMS","t":"EXPL"},"43B1":{"r":"G-BZTH","t":"EUPA"},"43CB":{"r":"G-TAMS","t":"BE23"},"43F8":{"r":"G-LNAA","t":"EXPL"},"4401":{"r":"G-FEDA","t":"EC20"},"440D":{"r":"G-PFSL","t":"C152"},"4428":{"r":"G-PBEE","t":"R44"},"4436":{"r":"G-MFEF","t":"C172"},"4469":{"r":"G-CMED","t":"TAMP"},"447A":{"r":"G-RRFC","t":"TRIN"},"447E":{"r":"G-GHOW","t":"C182"},"448B":{"r":"G-HAAT","t":"EXPL"},"44AB":{"r":"G-BZPG","t":"BE24"},"44CD":{"r":"G-SCHI","t":"AS50"},"44D1":{"r":"G-URMS","t":"EUPA"},"4507":{"r":"G-RAVN","t":"R44"},"4508":{"r":"G-DATG","t":"C182"},"4515":{"r":"G-ZZOE","t":"EC20"},"452A":{"r":"G-TATS","t":"AS50"},"455D":{"r":"G-EEJE","t":"PA31"},"4563":{"r":"G-KPTT","t":"TRIN"},"4573":{"r":"G-OJRM","t":"C182"},"4577":{"r":"G-GGRR","t":"BDOG"},"457B":{"r":"G-EZZL","t":"GAZL"},"459D":{"r":"G-BZYK","t":"JAB4"},"45A2":{"r":"G-OPRC","t":"EUPA"},"45A7":{"r":"G-CBAX","t":"ECHO"},"45B6":{"r":"G-PRAH","t":"FDCT"},"45BD":{"r":"G-CBBA","t":"DR40"},"45DD":{"r":"G-HXTD","t":"DR40"},"45F1":{"r":"G-ISSY","t":"EC20"},"45F2":{"r":"G-OIHC","t":"P32R"},"45F7":{"r":"G-WINI","t":"BDOG"},"4603":{"r":"G-CBCY","t":"BE24"},"4605":{"r":"G-CBFA","t":"DA40"},"4608":{"r":"G-TTMB","t":"B06"},"4609":{"r":"G-CBDG","t":"ULAC"},"460C":{"r":"G-DOIT","t":"AS50"},"460D":{"r":"G-CBHA","t":"TOBA"},"460E":{"r":"G-CBGC","t":"TOBA"},"4611":{"r":"G-CBDJ","t":"ULAC"},"461B":{"r":"G-IANW","t":"AS50"},"461D":{"r":"G-JPAL","t":"AS50"},"461E":{"r":"G-VGMC","t":"AS55"},"4634":{"r":"G-DBMK","t":"C42"},"463D":{"r":"G-OARO","t":"P28R"},"463E":{"r":"G-OOIO","t":"AS50"},"4640":{"r":"G-CBFO","t":"C172"},"4644":{"r":"G-CBGZ","t":"GAZL"},"464F":{"r":"G-CBFN","t":"HR10"},"4659":{"r":"G-IZZI","t":"C182"},"465D":{"r":"G-OPET","t":"P28A"},"465E":{"r":"G-GDRV","t":"RV6"},"468B":{"r":"G-CBHY","t":"ULAC"},"4692":{"r":"G-OAVA","t":"R22"},"46A9":{"r":"G-WHAM"},"46AD":{"r":"G-GURU","t":"P28A"},"46B4":{"r":"G-IVJM","t":"A109"},"46B5":{"r":"G-HTEL","t":"R44"},"46BC":{"r":"G-OTFL","t":"EC20"},"46D6":{"r":"G-CBME","t":"C172"},"46D9":{"r":"G-KELS","t":"RV7"},"46DE":{"r":"G-CBLY","t":"G109"},"46E7":{"r":"G-ZUMI","t":"RV8"},"46EC":{"r":"G-OBEI","t":"TRIN"},"4708":{"r":"G-TRNG","t":"A109"},"4714":{"r":"G-WCAO","t":"EC35"},"4715":{"r":"G-CPSH","t":"EC35"},"4720":{"r":"G-CTZO","t":"TRIN"},"472C":{"r":"G-XMII","t":"EC35"},"4769":{"r":"G-YAKZ","t":"YK50"},"476A":{"r":"G-YAKM","t":"YK50"},"476B":{"r":"G-CBPE","t":"TOBA"},"476F":{"r":"G-ZELE","t":"GAZL"},"4770":{"r":"G-LEDR","t":"GAZL"},"4776":{"r":"G-CBSI","t":"GAZL"},"4781":{"r":"G-CBPI","t":"P28R"},"479A":{"r":"G-DEVL","t":"EC20"},"47BE":{"r":"G-CBSO","t":"P28A"},"47C0":{"r":"G-HAMM","t":"YK50"},"47C4":{"r":"G-CBSS","t":"YK52"},"47C9":{"r":"G-PWUL","t":"RV6"},"47CA":{"r":"G-OBAK","t":"P28A"},"47CB":{"r":"G-CEEN","t":"P28A"},"47CD":{"r":"G-CBZR","t":"P28R"},"47D4":{"r":"G-ELDR","t":"PA32"},"47DE":{"r":"G-RROB","t":"R44"},"47F8":{"r":"G-CBVM","t":"EV97"},"4807":{"r":"G-MODE","t":"EC20"},"4816":{"r":"G-TAGR","t":"EUPA"},"481E":{"r":"G-LASU","t":"EC35"},"482F":{"r":"G-XSAM","t":"RV9"},"4844":{"r":"G-EROM","t":"R22"},"4845":{"r":"G-CTIO","t":"TRIN"},"4854":{"r":"G-GYAT","t":"GY80"},"485E":{"r":"G-CBXC","t":"C42"},"4861":{"r":"G-PERE","t":"R22"},"4865":{"r":"G-PBYA","t":"CAT"},"4866":{"r":"G-SEXX","t":"P28A"},"488F":{"r":"G-CBYH","t":"AP22"},"4896":{"r":"G-OJEH","t":"P28A"},"48AB":{"r":"G-OOON","t":"PA34"},"48AD":{"r":"G-SIJJ","t":"P51"},"48B4":{"r":"G-PACT","t":"P28A"},"48BF":{"r":"G-JBBZ","t":"AS50"},"48D4":{"r":"G-CCBH","t":"P28B"},"48D5":{"r":"G-VTAL","t":"BE35"},"48D7":{"r":"G-TDVB","t":"MCR1"},"48ED":{"r":"G-KENW","t":"DR40"},"48F0":{"r":"G-UFCF","t":"C172"},"48F2":{"r":"G-DDBD","t":"EUPA"},"4918":{"r":"G-PFCL","t":"C172"},"4933":{"r":"G-CTDH","t":"FDCT"},"4934":{"r":"G-CHOX","t":"EUPA"},"4937":{"r":"G-VAAC","t":"P28A"},"495C":{"r":"G-ONIG","t":"RBEL"},"4973":{"r":"G-KAOS","t":"RV7"},"4981":{"r":"G-GEHL","t":"C172"},"4987":{"r":"G-IIXI","t":"E300"},"4988":{"r":"G-OSJN","t":"EUPA"},"4990":{"r":"G-LIMO","t":"B06"},"499A":{"r":"G-SURY","t":"EC35"},"499D":{"r":"G-RVIS","t":"RV8"},"49A6":{"r":"G-NPPL","t":"C42"},"49C4":{"r":"G-CCHL","t":"P28A"},"49C6":{"r":"G-FJTH","t":"AP22"},"49C8":{"r":"G-RVRP","t":"RV7"},"49C9":{"r":"G-CCIJ","t":"P28R"},"49E3":{"r":"G-KEMY","t":"C182"},"49EF":{"r":"G-HEVN","t":"TRIN"},"4A07":{"r":"G-WBVS","t":"DA40"},"4A16":{"r":"G-CCJX","t":"EUPA"},"4A19":{"r":"G-DEMM","t":"AS50"},"4A21":{"r":"G-FLYB","t":"C42"},"4A49":{"r":"G-KETH","t":"B06"},"4A59":{"r":"G-LGCA","t":"DR40"},"4A64":{"r":"G-GBUN","t":"C182"},"4A6C":{"r":"G-CCLW","t":"DA40"},"4A79":{"r":"G-CZMI","t":"ULAC"},"4A9B":{"r":"G-CCOR","t":"F8L"},"4AAA":{"r":"G-FBII","t":"ULAC"},"4ABA":{"r":"G-NUKA","t":"P28A"},"4AC0":{"r":"G-OSFS","t":"C177"},"4AC6":{"r":"G-JACH","t":"P28A"},"4ACC":{"r":"G-ZITZ","t":"AS55"},"4AEF":{"r":"G-OMGH","t":"R44"},"4AF9":{"r":"G-OLLS","t":"C206"},"4B39":{"r":"G-DSPZ","t":"R44"},"4B3D":{"r":"G-PJCC","t":"P28A"},"4B3E":{"r":"G-TOPK","t":"EUPA"},"4B47":{"r":"G-IHOT"},"4B62":{"r":"G-CZAC","t":"ULAC"},"4B69":{"r":"G-PIXX","t":"R44"},"4B80":{"r":"G-UKAT","t":"AAT3"},"4BAA":{"r":"G-URUS","t":"M7"},"4BC1":{"r":"G-TAPS","t":"P28T"},"4BC2":{"r":"G-CCYY","t":"P28A"},"4BC5":{"r":"G-CIBO","t":"C180"},"4BCB":{"r":"G-VVBR","t":"R22"},"4BD4":{"r":"G-CDPD","t":"ULAC"},"4BD5":{"r":"G-CCXB","t":"ST75"},"4BD7":{"r":"G-SHWK","t":"C172"},"4BF0":{"r":"G-EMLE","t":"EV97"},"4C0A":{"r":"G-CCXW","t":"ULAC"},"4C15":{"r":"G-DEFY","t":"R22"},"4C18":{"r":"G-DSKI","t":"EV97"},"4C2B":{"r":"G-TGGR","t":"EC20"},"4C3C":{"r":"G-PETH","t":"PA24"},"4C3D":{"r":"G-EWME","t":"P28A"},"4C47":{"r":"G-CCYR","t":"C42"},"4C4D":{"r":"G-CDAI","t":"DR40"},"4C54":{"r":"G-NIOG","t":"R44"},"4C67":{"r":"G-CDAC","t":"EV97"},"4C7B":{"r":"G-LONE","t":"B06"},"4C83":{"r":"G-ZWIP","t":"ULAC"},"4C8D":{"r":"G-EZUB","t":"CH60"},"4CA3":{"r":"G-VORN","t":"EV97"},"4CBB":{"r":"G-CDDA","t":"TRIN"},"4CC3":{"r":"G-CDDF","t":"ULAC"},"4CC4":{"r":"G-SKKY","t":"C172"},"4CD4":{"r":"G-OWRD","t":"A109"},"4CE0":{"r":"G-HPSF","t":"AC11"},"4CE4":{"r":"G-CDDT","t":"TRIN"},"4CE9":{"r":"G-CDER","t":"P28A"},"4CEA":{"r":"G-RVSG","t":"RV9"},"4CF8":{"r":"G-CDEP"},"4CF9":{"r":"G-CDDK","t":"C172"},"4D15":{"r":"G-TREX","t":"PNR3"},"4D2F":{"r":"G-TVEE","t":"H500"},"4D46":{"r":"G-LCPL","t":"AS65"},"4D47":{"r":"G-RVDG","t":"RV9"},"4D4A":{"r":"G-CDGS","t":"AA5"},"4D61":{"r":"G-MAYE","t":"B407"},"4D63":{"r":"G-RTMY","t":"C42"},"4D64":{"r":"G-FDPS","t":"PTS2"},"4D6D":{"r":"G-CDJF","t":"FDCT"},"4D82":{"r":"G-RISY","t":"RV7"},"4D83":{"r":"G-SOAF","t":"JPRO"},"4D91":{"r":"G-WRSY","t":"EN48"},"4D94":{"r":"G-FLYC","t":"C42"},"4DB5":{"r":"G-CSKW","t":"RV7"},"4DB8":{"r":"G-MLLA","t":"TRIN"},"4DBD":{"r":"G-EETG","t":"C172"},"4DC8":{"r":"G-EDLY"},"4DCB":{"r":"G-OJAG","t":"C172"},"4DD6":{"r":"G-OLFA","t":"AS50"},"4DEA":{"r":"G-CDMA","t":"P28A"},"4E04":{"r":"G-WILT","t":"C42"},"4E1C":{"r":"G-CDNI"},"4E31":{"r":"G-MAUS","t":"EUPA"},"4E36":{"r":"G-CDMF","t":"RV9"},"4E3B":{"r":"G-CDND","t":"GA7"},"4E42":{"r":"G-TRYX","t":"EN48"},"4E61":{"r":"G-IAJS","t":"C42"},"4E6D":{"r":"G-TSUE","t":"EUPA"},"4E70":{"r":"G-KCIN","t":"P28A"},"4E72":{"r":"G-EDGA","t":"P28A"},"4E75":{"r":"G-XSEA","t":"RV8"},"4E78":{"r":"G-CDPA","t":"PNR3"},"4E86":{"r":"G-HHII","t":"HURI"},"4E87":{"r":"G-RVAC","t":"RV7"},"4EB1":{"r":"G-SMRS","t":"C172"},"4EEC":{"r":"G-OOSH","t":"ULAC"},"4EEF":{"r":"G-FCKD","t":"EC20"},"4EF5":{"r":"G-NIKK"},"4F21":{"r":"G-CDTU"},"4F2A":{"r":"G-VIVS","t":"P28A"},"4F38":{"r":"G-CECI"},"4F6C":{"r":"G-LUDM","t":"RV8"},"4F7B":{"r":"G-CDXS","t":"EV97"},"4FA7":{"r":"G-CDZG","t":"C42"},"4FBC":{"r":"G-GTFC","t":"ULAC"},"4FC4":{"r":"G-CDXT","t":"RV9"},"4FC8":{"r":"G-NIEN","t":"RV9"},"4FDF":{"r":"G-CECJ","t":"RF10"},"4FF7":{"r":"G-CEAK","t":"C42"},"4FFC":{"r":"G-CEAM"},"5020":{"r":"G-RVUK","t":"RV7"},"5027":{"r":"G-HILZ","t":"RV8"},"502A":{"r":"G-PIXL","t":"R44"},"502B":{"r":"G-TORN","t":"FDCT"},"5048":{"r":"G-RVNH","t":"RV9"},"504A":{"r":"G-CVAL","t":"C42"},"5051":{"r":"G-HAMR","t":"P28A"},"5052":{"r":"G-EGAG","t":"TRIN"},"5053":{"r":"G-IWRB","t":"A109"},"507E":{"r":"G-RINZ","t":"RV7"},"508B":{"r":"G-FIXX","t":"RV7"},"508C":{"r":"G-IDOL","t":"EV97"},"5092":{"r":"G-ENES","t":"B06"},"5095":{"r":"G-CEGZ","t":"C42"},"5099":{"r":"G-JBTR","t":"RV8"},"50A4":{"r":"G-XALT","t":"PA38"},"50B5":{"r":"G-RVDH","t":"RV8"},"50B6":{"r":"G-CEHV","t":"C42"},"50C2":{"r":"G-IUII","t":"YK52"},"50D6":{"r":"G-OOGL","t":"H500"},"50D9":{"r":"G-HIYA","t":"ULAC"},"50E6":{"r":"G-TRAX","t":"C172"},"50E7":{"r":"G-XRVX","t":"RV10"},"50EE":{"r":"G-OORV","t":"RV6"},"50F4":{"r":"G-ESSL","t":"C182"},"50FC":{"r":"G-CEHL"},"5102":{"r":"G-KFLY","t":"FDCT"},"5108":{"r":"G-RRVX","t":"RV10"},"510F":{"r":"G-CMOS","t":"C303"},"511C":{"r":"G-EVIP","t":"A109"},"5121":{"r":"G-HVRZ","t":"EC20"},"5126":{"r":"G-IOOP","t":"EAGL"},"5128":{"r":"G-CEIZ","t":"P28A"},"5135":{"r":"G-CEKW","t":"JAB4"},"513E":{"r":"G-CEJN","t":"M20P"},"5144":{"r":"G-UILA","t":"A210"},"5149":{"r":"G-CSPR","t":"RV6"},"514C":{"r":"G-TYMS","t":"C172"},"5155":{"r":"G-EVIG"},"515E":{"r":"G-CLEG","t":"FDCT"},"5166":{"r":"G-OWAN","t":"C210"},"5167":{"r":"G-ICDM","t":"JAB4"},"516E":{"r":"G-TEGS","t":"B06"},"5178":{"r":"G-SKPP","t":"EC20"},"517A":{"r":"G-CEKI","t":"C172"},"517B":{"r":"G-HABI","t":"SKYR"},"5183":{"r":"G-CEKT","t":"FDCT"},"518B":{"r":"G-IIXF","t":"RV7"},"518E":{"r":"G-CEKV","t":"EUPA"},"5198":{"r":"G-FKOS","t":"P28A"},"51A0":{"r":"G-SFAR","t":"C42"},"51AA":{"r":"G-CEMZ","t":"ULAC"},"51AB":{"r":"G-NFLY","t":"SIRA"},"51AC":{"r":"G-CKJD","t":"GLID"},"51AF":{"r":"G-CEIX","t":"PNR3"},"51BC":{"r":"G-CENE","t":"FDCT"},"51D4":{"r":"G-WRBI","t":"A109"},"51E2":{"r":"G-CGXL","t":"DR40"},"51F4":{"r":"G-CEPX","t":"C152"},"51F9":{"r":"G-GDEF","t":"DR40"},"5200":{"r":"G-OCEG","t":"BE20"},"5202":{"r":"G-CEOG","t":"P28R"},"5204":{"r":"G-RMRV","t":"RV7"},"520C":{"r":"G-EGSJ","t":"JAB4"},"5216":{"r":"G-OJHC","t":"C182"},"5219":{"r":"G-CTDW","t":"FDCT"},"521C":{"r":"G-JOTA","t":"BE9L"},"5226":{"r":"G-FCBI","t":"H269"},"5227":{"r":"G-DCBI","t":"H269"},"522A":{"r":"G-NWFG","t":"C172"},"522B":{"r":"G-NWFC","t":"C172"},"5253":{"r":"G-CETT"},"525B":{"r":"G-CEVC","t":"RV4"},"5262":{"r":"G-DDGJ","t":"BL8"},"5272":{"r":"G-LREE","t":"G109"},"5275":{"r":"G-CEVM","t":"SIRA"},"5289":{"r":"G-PBEC","t":"RV7"},"5292":{"r":"G-CESV"},"52B9":{"r":"G-SCRZ","t":"CRUZ"},"52CA":{"r":"G-CETP","t":"RV9"},"52FF":{"r":"G-CEZZ","t":"FDCT"},"5301":{"r":"G-MUTT","t":"CRUZ"},"531B":{"r":"G-TJDM","t":"RV6"},"533C":{"r":"G-VVBA","t":"AS55"},"535A":{"r":"G-MACL","t":"SR22"},"5369":{"r":"G-OCSH","t":"CL60"},"53A2":{"r":"G-CTEN","t":"C750"},"53A5":{"r":"G-OJWB","t":"H25B"},"53BF":{"r":"G-PHVM","t":"RV8"},"53C4":{"r":"G-ECOA","t":"DH8D"},"53E0":{"r":"G-LULI","t":"R44"},"53E4":{"r":"G-WATJ","t":"BE20"},"53F4":{"r":"G-DCHO","t":"A210"},"5400":{"r":"G-WIWI","t":"S76"},"5402":{"r":"G-ZZZS","t":"EC20"},"5408":{"r":"G-LGNL","t":"SF34"},"5409":{"r":"G-LGNM","t":"SF34"},"540D":{"r":"G-CEVS"},"5426":{"r":"G-LULV","t":"DA42"},"542A":{"r":"G-PDGT","t":"AS55"},"542B":{"r":"G-DAVZ","t":"C182"},"543B":{"r":"G-CHRS"},"543F":{"r":"G-FBEI","t":"E190"},"5455":{"r":"G-EUUU","t":"A320"},"5456":{"r":"G-EUUV","t":"A320"},"5457":{"r":"G-EUUW","t":"A320"},"547E":{"r":"G-CIZZ","t":"BE58"},"547F":{"r":"G-IFRH","t":"A109"},"549A":{"r":"G-STME","t":"GLID"},"54A5":{"r":"G-TOLI","t":"R44"},"54A6":{"r":"G-FDZG","t":"B738"},"54A7":{"r":"G-FDZE","t":"B738"},"54A8":{"r":"G-FDZF","t":"B738"},"54B0":{"r":"G-LGNN","t":"SF34"},"54B7":{"r":"G-NIKX","t":"R44"},"54C3":{"r":"G-DBLX","t":"HUSK"},"54CF":{"r":"G-CEWK","t":"C172"},"54F0":{"r":"G-RJCC","t":"C172"},"54F3":{"r":"G-DYMC"},"54FC":{"r":"G-RVCH","t":"RV8"},"5504":{"r":"G-CGIJ","t":"A139"},"5505":{"r":"G-SARD","t":"A139"},"5506":{"r":"G-CGWB","t":"A139"},"5518":{"r":"G-ECOB","t":"DH8D"},"551D":{"r":"G-RVTT","t":"RV7"},"5522":{"r":"G-CEWN","t":"DA42"},"5540":{"r":"G-RSHI","t":"PA34"},"5545":{"r":"G-OMEA","t":"C560"},"5574":{"r":"G-CEYZ","t":"S76"},"5580":{"r":"G-SMMB","t":"F406"},"5588":{"r":"G-RIDA","t":"AS55"},"5595":{"r":"G-SRDG"},"5596":{"r":"G-MAML","t":"R44"},"55A3":{"r":"G-ONED"},"55A6":{"r":"G-CMBL","t":"CL60"},"55A9":{"r":"G-KPEI","t":"C560"},"55AA":{"r":"G-OSVM","t":"C560"},"55B7":{"r":"G-JASS","t":"BE20"},"55BA":{"r":"G-TOYI","t":"B733"},"55BB":{"r":"G-TGTT","t":"R44"},"55DE":{"r":"G-ZGZG","t":"C182"},"55EC":{"r":"G-CRWZ","t":"CRUZ"},"55FF":{"r":"G-CJCC","t":"C680"},"560B":{"r":"G-MEDN","t":"A321"},"562A":{"r":"G-CEYN","t":"G109"},"562F":{"r":"G-CEYH","t":"C152"},"5631":{"r":"G-EZDA","t":"A319"},"5632":{"r":"G-EZDB","t":"A319"},"5633":{"r":"G-EZDD","t":"A319"},"5634":{"r":"G-EZDE","t":"A319"},"5635":{"r":"G-EZDF","t":"A319"},"5636":{"r":"G-EZDH","t":"A319"},"5637":{"r":"G-EZDI","t":"A319"},"5638":{"r":"G-EZDJ","t":"A319"},"5654":{"r":"G-LLIZ","t":"R44"},"5658":{"r":"G-ECOC","t":"DH8D"},"565C":{"r":"G-CFTR","t":"GLID"},"565F":{"r":"G-FICS","t":"FDCT"},"5664":{"r":"G-XYZT","t":"RF10"},"5688":{"r":"G-JCOP","t":"AS50"},"568A":{"r":"G-CEYK","t":"EUPA"},"56A2":{"r":"G-CEYL","t":"GLEX"},"56B8":{"r":"G-ROBJ","t":"DR40"},"56BE":{"r":"G-WLVS","t":"F2TH"},"56CB":{"r":"G-GRZZ","t":"R44"},"56E6":{"r":"G-MANZ","t":"R44"},"56F0":{"r":"G-REYG","t":"F900"},"56F1":{"r":"G-CEYO","t":"AS50"},"5703":{"r":"G-TSAC","t":"SIRA"},"5704":{"r":"G-XONE","t":"CL60"},"570C":{"r":"G-TWNN","t":"BE76"},"570F":{"r":"G-JMMP","t":"CL60"},"571C":{"r":"G-CEYU","t":"AS65"},"574E":{"r":"G-TESR","t":"SIRA"},"5760":{"r":"G-NWFA","t":"C150"},"579B":{"r":"G-SEAJ","t":"C525"},"579C":{"r":"G-HEBJ","t":"C525"},"57B0":{"r":"G-CEZG","t":"DA42"},"57B3":{"r":"G-ZECH","t":"CRUZ"},"57C1":{"r":"G-EDHO","t":"SR20"},"57C2":{"r":"G-EGNS","t":"GLF5"},"57D0":{"r":"G-LCYB","t":"RJ85"},"57DD":{"r":"G-PIMP","t":"R44"},"57DF":{"r":"G-OCRZ","t":"CRUZ"},"57E0":{"r":"G-ETFL","t":"SR22"},"57E2":{"r":"G-PHEW","t":"SR22"},"57E3":{"r":"G-LEXY","t":"RV8"},"57F1":{"r":"G-KSFR","t":"CL30"},"57F2":{"r":"G-FBEJ","t":"E190"},"5804":{"r":"G-XERO"},"5808":{"r":"G-DHCF","t":"GLID"},"580A":{"r":"G-CKFL"},"580B":{"r":"G-CJTO"},"5824":{"r":"G-EMHC","t":"A109"},"582C":{"r":"G-GMPX","t":"EXPL"},"5836":{"r":"G-KNCG","t":"PA32"},"5839":{"r":"G-CEZP","t":"DA40"},"583A":{"r":"G-CEZR","t":"DA40"},"583B":{"r":"G-DASY","t":"H500"},"5844":{"r":"G-NOUS","t":"C172"},"5858":{"r":"G-KKEV","t":"DH8D"},"5859":{"r":"G-CFCM","t":"R44"},"586E":{"r":"G-MPTP","t":"CL60"},"586F":{"r":"G-MPSP","t":"CL60"},"587A":{"r":"G-UFCI","t":"C172"},"588B":{"r":"G-LCYC","t":"RJ85"},"58A4":{"r":"G-ODUR"},"58B6":{"r":"G-SVGN","t":"C680"},"58C1":{"r":"G-LUBB","t":"C525"},"58C6":{"r":"G-JOKR","t":"E300"},"58C7":{"r":"G-ZAAP","t":"CRUZ"},"58CB":{"r":"G-VVPA","t":"CL60"},"58D1":{"r":"G-MILO","t":"C303"},"58DB":{"r":"G-KEVG","t":"GYRO"},"58E3":{"r":"G-ROYM","t":"R44"},"58E6":{"r":"G-PMHT","t":"TBM7"},"5906":{"r":"G-CROO","t":"C25A"},"590D":{"r":"G-RWLA","t":"EC35"},"590E":{"r":"G-CGUL","t":"GLF5"},"5911":{"r":"G-VANX","t":"GA8"},"5913":{"r":"G-OOWS","t":"AS50"},"5923":{"r":"G-LEAB","t":"C510"},"5924":{"r":"G-NGEL","t":"C510"},"5929":{"r":"G-FBLK","t":"C510"},"592C":{"r":"G-DAKI","t":"PC12"},"593A":{"r":"G-JCBB","t":"GLF5"},"593F":{"r":"G-CFDV","t":"S76"},"5942":{"r":"G-LEAC","t":"C510"},"5948":{"r":"G-EDDS","t":"CRUZ"},"5972":{"r":"G-EDCM","t":"C25A"},"597F":{"r":"G-CFBP"},"5981":{"r":"G-CFEZ"},"5987":{"r":"G-CFCI","t":"C172"},"598E":{"r":"G-ODCR","t":"R44"},"59B7":{"r":"G-ODAZ","t":"R44"},"59B9":{"r":"G-CIRS","t":"SR20"},"59C2":{"r":"G-CFEE","t":"EV97"},"59D6":{"r":"G-CFBX","t":"BE9L"},"59DF":{"r":"G-CJGM"},"59E4":{"r":"G-FDZJ","t":"B738"},"59F2":{"r":"G-IRSH","t":"E135"},"59FA":{"r":"G-FBEK","t":"E190"},"59FD":{"r":"G-SJBI","t":"PTS2"},"5A13":{"r":"G-PIPP","t":"P32R"},"5A21":{"r":"G-OTJS","t":"R44"},"5A2D":{"r":"G-BMIZ","t":"R22"},"5A3B":{"r":"G-DADA","t":"GYRO"},"5A3E":{"r":"G-ODEX","t":"C182"},"5A46":{"r":"G-EUUX","t":"A320"},"5A47":{"r":"G-EUUY","t":"A320"},"5A48":{"r":"G-EUUZ","t":"A320"},"5A49":{"r":"G-EUYA","t":"A320"},"5A4A":{"r":"G-EUYB","t":"A320"},"5A56":{"r":"G-OCSE","t":"CL60"},"5A76":{"r":"G-DVAA","t":"EC35"},"5A7C":{"r":"G-MUMU","t":"A109"},"5A8C":{"r":"G-JMOS","t":"PA34"},"5A8D":{"r":"G-YROC","t":"GYRO"},"5A97":{"r":"G-IGZZ","t":"R44"},"5AA5":{"r":"G-HBOB","t":"EC35"},"5AAD":{"r":"G-RAJJ","t":"B462"},"5ABB":{"r":"G-CFDJ"},"5ABD":{"r":"G-HCGD","t":"LJ45"},"5AC1":{"r":"G-HBJT","t":"EC55"},"5AF1":{"r":"G-DEKW","t":"GLID"},"5AFB":{"r":"G-LCMW"},"5AFC":{"r":"G-GEVO","t":"C680"},"5AFD":{"r":"G-OMBI","t":"C25B"},"5AFF":{"r":"G-TWOP","t":"C25A"},"5B0D":{"r":"G-GERS","t":"R44"},"5B19":{"r":"G-MOOV","t":"CRUZ"},"5B26":{"r":"G-DADZ","t":"CRUZ"},"5B28":{"r":"G-TDSA","t":"F406"},"5B3B":{"r":"G-IRGJ","t":"CH7A"},"5B41":{"r":"G-CFMM","t":"C172"},"5B51":{"r":"G-DDUT","t":"GLID"},"5B64":{"r":"G-EZDK","t":"A319"},"5B65":{"r":"G-EZDL","t":"A319"},"5B66":{"r":"G-EZDM","t":"A319"},"5B67":{"r":"G-EZDN","t":"A319"},"5B68":{"r":"G-EZDO","t":"A319"},"5B69":{"r":"G-EZDP","t":"A319"},"5B6A":{"r":"G-EZDR","t":"A319"},"5B6D":{"r":"G-CGEH","t":"GLID"},"5B74":{"r":"G-FCSL","t":"PA31"},"5B75":{"r":"G-CFGB","t":"C680"},"5B77":{"r":"G-ECOD","t":"DH8D"},"5B8C":{"r":"G-FBEL","t":"E190"},"5B99":{"r":"G-TLFK","t":"C680"},"5B9E":{"r":"G-MRDS","t":"CRUZ"},"5BA2":{"r":"G-RAFD","t":"BE20"},"5BA3":{"r":"G-RAFX","t":"BE20"},"5BAB":{"r":"G-CFGH","t":"JAB2"},"5BBE":{"r":"G-CTFL","t":"R44"},"5BD9":{"r":"G-HPPY","t":"LJ45"},"5BDC":{"r":"G-LHXL","t":"R44"},"5BEB":{"r":"G-KEMW","t":"TBM7"},"5BFB":{"r":"G-YMMR","t":"B772"},"5BFC":{"r":"G-YMMS","t":"B772"},"5BFD":{"r":"G-YMMT","t":"B772"},"5BFE":{"r":"G-YMMU","t":"B772"},"5BFF":{"r":"G-SCZR","t":"CRUZ"},"5C03":{"r":"G-ECOE","t":"DH8D"},"5C04":{"r":"G-ECOF","t":"DH8D"},"5C0D":{"r":"G-ECOV","t":"DH8D"},"5C0E":{"r":"G-ECOY","t":"DH8D"},"5C0F":{"r":"G-ECOW","t":"DH8D"},"5C10":{"r":"G-ECOZ","t":"DH8D"},"5C25":{"r":"G-CGFF","t":"CL60"},"5C31":{"r":"G-SIRJ","t":"C680"},"5C3A":{"r":"G-DIGN","t":"DR40"},"5C61":{"r":"G-PTEA","t":"PA46"},"5C63":{"r":"G-FCAP","t":"C560"},"5C75":{"r":"G-CFIM","t":"ULAC"},"5C78":{"r":"G-MEGS","t":"C172"},"5C7F":{"r":"G-ODCM","t":"C25B"},"5C80":{"r":"G-MHAR","t":"PAY3"},"5C87":{"r":"G-OGSK","t":"E135"},"5C8C":{"r":"G-USAR","t":"C441"},"5C8D":{"r":"G-HKSD"},"5C93":{"r":"G-CFIY","t":"C42"},"5CA4":{"r":"G-CGFA","t":"GL5T"},"5CC2":{"r":"G-OCJZ","t":"C25A"},"5CCB":{"r":"G-INDI","t":"PTS2"},"5CED":{"r":"G-CFGX"},"5CEE":{"r":"G-WTOR","t":"F900"},"5D0C":{"r":"G-EZDS","t":"A319"},"5D0D":{"r":"G-EZDT","t":"A319"},"5D0E":{"r":"G-EZDU","t":"A319"},"5D0F":{"r":"G-EZDV","t":"A319"},"5D10":{"r":"G-EZDW","t":"A319"},"5D11":{"r":"G-EZDX","t":"A319"},"5D12":{"r":"G-EZDY","t":"A319"},"5D13":{"r":"G-EZDZ","t":"A319"},"5D1B":{"r":"G-RAPD","t":"H500"},"5D1E":{"r":"G-REMH","t":"B06"},"5D2A":{"r":"G-OLCT","t":"SR22"},"5D4A":{"r":"G-FARA","t":"JS31"},"5D4C":{"r":"G-CFJG","t":"ULAC"},"5D50":{"r":"G-HOCA","t":"R44"},"5D51":{"r":"G-SJMH","t":"DR40"},"5D54":{"r":"G-ECMK","t":"PA18"},"5D58":{"r":"G-OCZA","t":"CRUZ"},"5D59":{"r":"G-CFKB","t":"CRUZ"},"5D5A":{"r":"G-NOSS","t":"JS31"},"5D5D":{"r":"G-CFJA","t":"E135"},"5D65":{"r":"G-ECOG","t":"DH8D"},"5D66":{"r":"G-FBEM","t":"E190"},"5D69":{"r":"G-CFIU","t":"CRUZ"},"5D6E":{"r":"G-DOSA","t":"DA42"},"5D6F":{"r":"G-DOSB","t":"DA42"},"5D75":{"r":"G-NMRM","t":"C25A"},"5D7A":{"r":"G-CFJC","t":"S76"},"5D94":{"r":"G-NYNA","t":"RV9"},"5D99":{"r":"G-ZOGT","t":"SR20"},"5D9A":{"r":"G-DOLI","t":"SR20"},"5DA1":{"r":"G-HAGL","t":"R44"},"5DB1":{"r":"G-CFJN","t":"DA40"},"5DB2":{"r":"G-CFJO","t":"DA40"},"5DBA":{"r":"G-OMMA","t":"R44"},"5DCD":{"r":"G-CFKA","t":"GYRO"},"5DD0":{"r":"G-CFKH","t":"CH60"},"5DEA":{"r":"G-ECOH","t":"DH8D"},"5DF2":{"r":"G-JHPC","t":"C182"},"5E12":{"r":"G-FBLI","t":"C510"},"5E13":{"r":"G-FLBK","t":"C510"},"5E14":{"r":"G-FBNK","t":"C510"},"5E23":{"r":"G-FDZR","t":"B738"},"5E24":{"r":"G-FDZS","t":"B738"},"5E25":{"r":"G-RRED","t":"P28A"},"5E31":{"r":"G-CFKS","t":"FDCT"},"5E4E":{"r":"G-MCRO","t":"MCR1"},"5E53":{"r":"G-CPHA","t":"R44"},"5E57":{"r":"G-SNZY","t":"LJ45"},"5E62":{"r":"G-CRAR","t":"CRUZ"},"5E65":{"r":"G-FBEN","t":"E190"},"5E66":{"r":"G-ECOI","t":"DH8D"},"5E6E":{"r":"G-SNAL","t":"C182"},"5E7D":{"r":"G-SABI","t":"F900"},"5E80":{"r":"G-MKJA","t":"B742"},"5E81":{"r":"G-MKKA","t":"B742"},"5E8B":{"r":"G-TSGE","t":"SR20"},"5E90":{"r":"G-CFNF","t":"R44"},"5E91":{"r":"G-MEDX","t":"A109"},"5E92":{"r":"G-SULI","t":"DA40"},"5E94":{"r":"G-KSHI","t":"BE36"},"5E96":{"r":"G-IIHI","t":"E300"},"5E99":{"r":"G-VECT","t":"C560"},"5EA0":{"r":"G-UHGB","t":"UH1"},"5EA1":{"r":"G-MICE","t":"C510"},"5EA2":{"r":"G-KLNW","t":"C510"},"5EA7":{"r":"G-HHDR","t":"C182"},"5EA8":{"r":"G-CFLU","t":"SB20"},"5EA9":{"r":"G-CFLV","t":"SB20"},"5EAA":{"r":"G-SJSS","t":"CL60"},"5EAB":{"r":"G-DTCP","t":"P32R"},"5EB2":{"r":"G-ENIO","t":"PTS2"},"5EC2":{"r":"G-FATE","t":"F8L"},"5EC3":{"r":"G-CFMC","t":"RV9"},"5EC4":{"r":"G-DOSC","t":"DA42"},"5ECE":{"r":"G-GMED","t":"PAY3"},"5ED6":{"r":"G-UDMS","t":"PA46"},"5EDA":{"r":"G-KLNR","t":"BE40"},"5EDB":{"r":"G-KLNB","t":"B350"},"5EE0":{"r":"G-EUYC","t":"A320"},"5EE1":{"r":"G-EUYD","t":"A320"},"5EEA":{"r":"G-MIRN"},"5EEB":{"r":"G-CFMX","t":"P28A"},"5EEE":{"r":"G-CFNV"},"5EEF":{"r":"G-PTRI","t":"C182"},"5EF2":{"r":"G-LIST","t":"E35L"},"5EF3":{"r":"G-ECOJ","t":"DH8D"},"5EF4":{"r":"G-ECOK","t":"DH8D"},"5EF5":{"r":"G-ECOM","t":"DH8D"},"5EF7":{"r":"G-FFFG","t":"F900"},"5EFD":{"r":"G-DOTY","t":"RV7"},"5F01":{"r":"G-CYPM","t":"SR22"},"5F02":{"r":"G-TSJF","t":"C25B"},"5F09":{"r":"G-EZFA","t":"A319"},"5F0A":{"r":"G-EZFB","t":"A319"},"5F0B":{"r":"G-EZFC","t":"A319"},"5F0C":{"r":"G-EZFD","t":"A319"},"5F0D":{"r":"G-EZFE","t":"A319"},"5F0E":{"r":"G-EZFF","t":"A319"},"5F0F":{"r":"G-EZFG","t":"A319"},"5F10":{"r":"G-EZFH","t":"A319"},"5F11":{"r":"G-EZTA","t":"A320"},"5F12":{"r":"G-EZTB","t":"A320"},"5F13":{"r":"G-EZTC","t":"A320"},"5F15":{"r":"G-IIOO","t":"GLID"},"5F16":{"r":"G-OHJE","t":"PNR3"},"5F18":{"r":"G-RBNB","t":"E190"},"5F1D":{"r":"G-SUFK","t":"EC35"},"5F22":{"r":"G-SRUM","t":"AAT3"},"5F23":{"r":"G-MOLO","t":"PC12"},"5F25":{"r":"G-CFOH","t":"GLF4"},"5F27":{"r":"G-WEAT","t":"R44"},"5F2F":{"r":"G-ZZSG","t":"EC25"},"5F31":{"r":"G-DHLF","t":"B763"},"5F32":{"r":"G-DHLE","t":"B763"},"5F33":{"r":"G-DHLG","t":"B763"},"5F34":{"r":"G-IPLG","t":"AS50"},"5F3A":{"r":"G-EXRS","t":"GLEX"},"5F4A":{"r":"G-CFSM","t":"C172"},"5F4E":{"r":"G-OAKI","t":"JS31"},"5F52":{"r":"G-CFSB","t":"SIRA"},"5F53":{"r":"G-ERED","t":"BE9L"},"5F56":{"r":"G-JADW","t":"ULAC"},"5F57":{"r":"G-RUBE","t":"E135"},"5F5E":{"r":"G-KTSG","t":"R22"},"5F60":{"r":"G-TCHO","t":"SPIT"},"5F61":{"r":"G-MELL"},"5F67":{"r":"G-PSTR","t":"BE20"},"5F6B":{"r":"G-CFPZ","t":"S76"},"5F6E":{"r":"G-LEGY","t":"FDCT"},"5F77":{"r":"G-ZJET","t":"C510"},"5F78":{"r":"G-ECOO","t":"DH8D"},"5F79":{"r":"G-ECOP","t":"DH8D"},"5F7B":{"r":"G-TCAD","t":"A320"},"5F7D":{"r":"G-JMCL","t":"B733"},"5F7F":{"r":"G-LPIN","t":"ULAC"},"5F81":{"r":"G-WASN","t":"EC35"},"5F82":{"r":"G-GIGZ","t":"RV8"},"5F85":{"r":"G-OEAS","t":"BE20"},"5F8E":{"r":"G-NOAH","t":"A319"},"5F91":{"r":"G-NLPA"},"5F9C":{"r":"G-MENU","t":"R44"},"5FA9":{"r":"G-CFUG","t":"G109"},"5FB1":{"r":"G-MISJ","t":"CRUZ"},"5FB5":{"r":"G-VZON"},"5FB6":{"r":"G-COBO","t":"AT72"},"5FB8":{"r":"G-OCFT","t":"CL60"},"5FB9":{"r":"G-HFAA","t":"PRM1"},"5FBD":{"r":"G-CFSJ"},"5FC4":{"r":"G-FBKA","t":"C510"},"5FCB":{"r":"G-REDE","t":"AS65"},"5FCC":{"r":"G-REDF","t":"AS65"},"5FD0":{"r":"G-OSRL","t":"LJ45"},"5FD3":{"r":"G-STRN","t":"B737"},"5FD4":{"r":"G-ECOR","t":"DH8D"},"5FD5":{"r":"G-ECOT","t":"DH8D"},"5FD6":{"r":"G-DUTY","t":"H500"},"5FE5":{"r":"G-PGRP","t":"E135"},"5FE7":{"r":"G-TJAG","t":"PA34"},"5FE9":{"r":"G-XXEB","t":"S76"},"5FF2":{"r":"G-LAWX","t":"S92"},"5FF4":{"r":"G-RWPL","t":"EC55"},"5FFB":{"r":"G-NCCC","t":"CL60"},"5FFD":{"r":"G-CJME","t":"GLEX"},"700A":{"r":"G-POWN","t":"A321"},"7022":{"r":"G-GATU","t":"A320"},"7025":{"r":"G-LCYW","t":"E190"},"702E":{"r":"G-JZHH","t":"B738"},"7031":{"r":"G-JZHG","t":"B738"},"7040":{"r":"G-LCYX","t":"E190"},"7049":{"r":"G-CIXW","t":"E170"},"7064":{"r":"G-KRBN","t":"E55P"},"70A7":{"r":"G-DHKB","t":"B752"},"70A8":{"r":"G-DHKE","t":"B752"},"70BB":{"r":"G-JMBO","t":"E55P"},"70E1":{"r":"G-JZHM","t":"B738"},"70E2":{"r":"G-JZHN","t":"B738"},"70E3":{"r":"G-JZHO","t":"B738"},"70E4":{"r":"G-JZHP","t":"B738"},"70E5":{"r":"G-JZHR","t":"B738"},"70E6":{"r":"G-JZHS","t":"B738"},"70E7":{"r":"G-JZHT","t":"B738"},"70E8":{"r":"G-JZHU","t":"B738"},"70E9":{"r":"G-JZHV","t":"B738"},"70EA":{"r":"G-JZHW","t":"B738"},"70EB":{"r":"G-JZHX","t":"B738"},"70EC":{"r":"G-JZHY","t":"B738"},"70ED":{"r":"G-JZHZ","t":"B738"},"70EE":{"r":"G-JZHJ","t":"B738"},"70EF":{"r":"G-JZHK","t":"B738"},"70F0":{"r":"G-JZHL","t":"B738"},"711B":{"r":"G-SMSM","t":"F2TH"},"712B":{"r":"G-SRBM","t":"B350"},"712E":{"r":"G-DHKC","t":"B752"},"712F":{"r":"G-DHKD","t":"B752"},"7131":{"r":"G-VBOW","t":"B789"},"714E":{"r":"G-OREZ","t":"C525"},"7171":{"r":"G-ZNTH","t":"LJ75"},"7176":{"r":"G-JZBI","t":"B738"},"7177":{"r":"G-JZBJ","t":"B738"},"7178":{"r":"G-JZBK","t":"B738"},"7179":{"r":"G-JZBL","t":"B738"},"717A":{"r":"G-JZBM","t":"B738"},"717B":{"r":"G-JZBN","t":"B738"},"717C":{"r":"G-JZBH","t":"B738"},"717D":{"r":"G-JZBA","t":"B738"},"717E":{"r":"G-JZBB","t":"B738"},"717F":{"r":"G-JZBC","t":"B738"},"7180":{"r":"G-JZBD","t":"B738"},"7181":{"r":"G-JZBE","t":"B738"},"7182":{"r":"G-JZBF","t":"B738"},"7183":{"r":"G-JZBG","t":"B738"},"7185":{"r":"G-HNPN","t":"E55P"},"71A3":{"r":"G-MOCL","t":"CL60"},"71BF":{"r":"G-XION","t":"FA8X"},"71C0":{"r":"G-TUIK","t":"B789"},"71C7":{"r":"G-CLBA","t":"B744"},"71CE":{"r":"G-JMCK","t":"B734"},"720A":{"r":"G-MATO","t":"FA7X"},"723E":{"r":"G-ULFM","t":"GLF4"},"725E":{"r":"G-WMRN","t":"TBM9"},"7267":{"r":"G-DRTA","t":"B738"},"7269":{"r":"G-GLOB","t":"GLEX"},"726C":{"r":"G-DHKK","t":"B752"},"72A4":{"r":"G-TAWV","t":"B738"},"72A5":{"r":"G-TAWW","t":"B738"},"72C7":{"r":"G-UZHA","t":"A20N"},"72C8":{"r":"G-UZHB","t":"A20N"},"72CE":{"r":"G-TGPG","t":"B733"},"72DC":{"r":"G-DRTB","t":"B738"},"72EA":{"r":"G-VWOO","t":"B789"},"72F5":{"r":"G-CKAZ","t":"E55P"},"730D":{"r":"G-ORAW","t":"C25M"},"731C":{"r":"G-ZBJI","t":"B788"},"732E":{"r":"G-JOTS","t":"RJ1H"},"7343":{"r":"G-SGSG","t":"GL5T"},"7345":{"r":"G-DHKM","t":"B752"},"7371":{"r":"G-VNYL","t":"B789"},"73A0":{"r":"G-UZHC","t":"A20N"},"73A1":{"r":"G-UZHD","t":"A20N"},"73B5":{"r":"G-GARE","t":"C56X"},"73CD":{"r":"G-PCIZ","t":"PC12"},"73CE":{"r":"G-VBEL","t":"B789"},"73D0":{"r":"G-RORA","t":"E550"},"7408":{"r":"G-HLYE","t":"A321"},"7414":{"r":"G-SALD","t":"GLEX"},"7420":{"r":"G-CRNS","t":"FA7X"},"7435":{"r":"G-DHKN","t":"B752"},"7446":{"r":"G-SHUI","t":"C68A"},"745E":{"r":"G-TUIL","t":"B789"},"7462":{"r":"G-TTNC","t":"A20N"},"7463":{"r":"G-TTNB","t":"A20N"},"7464":{"r":"G-TTNA","t":"A20N"},"7477":{"r":"G-NPTA","t":"B738"},"747D":{"r":"G-MERB","t":"F900"},"7493":{"r":"G-DHKP","t":"B752"},"7494":{"r":"G-DHKO","t":"B752"},"7495":{"r":"G-ESNA","t":"E550"},"749A":{"r":"G-ZBKS","t":"B789"},"749B":{"r":"G-ZBKR","t":"B789"},"749E":{"r":"G-WZAP","t":"E55P"},"74B2":{"r":"G-EZRT","t":"A320"},"74B5":{"r":"G-UZHE","t":"A20N"},"74B6":{"r":"G-UZHF","t":"A20N"},"74B7":{"r":"G-UZHG","t":"A20N"},"74B8":{"r":"G-UZHH","t":"A20N"},"74C6":{"r":"G-LCYY","t":"E190"},"74E2":{"r":"G-ZBJJ","t":"B788"},"74E3":{"r":"G-ZBJK","t":"B788"},"74E4":{"r":"G-ZBJM","t":"B788"},"74E5":{"r":"G-DHKT","t":"B752"},"74F3":{"r":"G-CKUB","t":"C56X"},"74F4":{"r":"G-DHKR","t":"B752"},"74FC":{"r":"G-VMIK","t":"A332"},"74FE":{"r":"G-VWND","t":"A332"},"7504":{"r":"G-CKUZ","t":"B734"},"7505":{"r":"G-DHKS","t":"B752"},"750C":{"r":"G-WUKC","t":"A321"},"750D":{"r":"G-WUKD","t":"A320"},"750E":{"r":"G-WUKE","t":"A320"},"750F":{"r":"G-WUKF","t":"A320"},"7510":{"r":"G-WUKG","t":"A321"},"7512":{"r":"G-TUIM","t":"B789"},"751B":{"r":"G-DRTC","t":"B738"},"751C":{"r":"G-DRTD","t":"B738"},"7521":{"r":"G-DHKU","t":"B752"},"7527":{"r":"G-MAZS","t":"GLEX"},"7534":{"r":"G-TTND","t":"A20N"},"7535":{"r":"G-TTNE","t":"A20N"},"7536":{"r":"G-TTNF","t":"A20N"},"7537":{"r":"G-TTNG","t":"A20N"},"753B":{"r":"G-OOEG","t":"CL35"},"753C":{"r":"G-JZBO","t":"B738"},"753D":{"r":"G-TUMA","t":"B38M"},"753F":{"r":"G-JZBP","t":"B738"},"7545":{"r":"G-VMNK","t":"A332"},"755F":{"r":"G-POWU","t":"A321"},"7567":{"r":"G-UZHM","t":"A20N"},"7568":{"r":"G-UZHI","t":"A20N"},"7569":{"r":"G-UZHJ","t":"A20N"},"756A":{"r":"G-UZHK","t":"A20N"},"756B":{"r":"G-UZHL","t":"A20N"},"756C":{"r":"G-UZHN","t":"A20N"},"756D":{"r":"G-UZHO","t":"A20N"},"756E":{"r":"G-EZGX","t":"A320"},"756F":{"r":"G-EZGY","t":"A320"},"7573":{"r":"G-EZRX","t":"A320"},"7574":{"r":"G-EZRY","t":"A320"},"7575":{"r":"G-EZRZ","t":"A320"},"757F":{"r":"G-UZHP","t":"A20N"},"7598":{"r":"G-ZNTJ","t":"LJ75"},"7599":{"r":"G-ZENJ","t":"LJ75"},"75A2":{"r":"G-LCYZ","t":"E190"},"75AF":{"r":"G-DRTE","t":"B738"},"75B3":{"r":"G-VLUX","t":"A35K"},"75B4":{"r":"G-VPOP","t":"A35K"},"75BB":{"r":"G-DRTF","t":"B738"},"75C9":{"r":"G-PTXC","t":"TBM7"},"75CD":{"r":"G-DCMT","t":"E55P"},"75CF":{"r":"G-VLNM","t":"A332"},"75D3":{"r":"G-SPTX","t":"FA7X"},"75DF":{"r":"G-UZMA","t":"A21N"},"75E0":{"r":"G-UZMB","t":"A21N"},"75E8":{"r":"G-TULI","t":"E550"},"75F3":{"r":"G-TUMB","t":"B38M"},"75F4":{"r":"G-TUMC","t":"B38M"},"75FD":{"r":"G-TTNH","t":"A20N"},"75FE":{"r":"G-NEOS","t":"A21N"},"75FF":{"r":"G-NEOR","t":"A21N"},"7600":{"r":"G-NEOP","t":"A21N"},"761A":{"r":"G-NPTX","t":"B734"},"762B":{"r":"G-WUKH","t":"A321"},"762E":{"r":"G-VIOF","t":"GLF6"},"7630":{"r":"G-JZBR","t":"B738"},"7631":{"r":"G-JZBS","t":"B738"},"7642":{"r":"G-TUMD","t":"B38M"},"7666":{"r":"G-UZMC","t":"A21N"},"7667":{"r":"G-UZMD","t":"A21N"},"766B":{"r":"G-JMAW","t":"BE20"},"766D":{"r":"G-DRTN","t":"B738"},"7676":{"r":"G-SNJS","t":"C56X"},"767A":{"r":"G-TUMF","t":"B38M"},"7686":{"r":"G-UZHR","t":"A20N"},"7687":{"r":"G-UZHS","t":"A20N"},"7688":{"r":"G-UZHT","t":"A20N"},"7689":{"r":"G-UZHU","t":"A20N"},"768A":{"r":"G-UZHV","t":"A20N"},"768B":{"r":"G-UZHW","t":"A20N"},"768C":{"r":"G-UZME","t":"A21N"},"768D":{"r":"G-UZMF","t":"A21N"},"7698":{"r":"G-VJAM","t":"A35K"},"7699":{"r":"G-VPRD","t":"A35K"},"769A":{"r":"G-TUMG","t":"B38M"},"769F":{"r":"G-WUKI","t":"A321"},"76B1":{"r":"G-TAWX","t":"B738"},"76BC":{"r":"G-DSMR","t":"GLF6"},"76CC":{"r":"G-TTNI","t":"A20N"},"76CD":{"r":"G-TTNJ","t":"A20N"},"76DA":{"r":"G-DRTG","t":"B738"},"76DD":{"r":"G-DRTH","t":"B738"},"76E2":{"r":"G-NEOT","t":"A21N"},"76E3":{"r":"G-NEOU","t":"A21N"},"76E4":{"r":"G-NEOV","t":"A21N"},"76E5":{"r":"G-KELT","t":"A20N"},"76E8":{"r":"G-XWBA","t":"A35K"},"76ED":{"r":"G-DRTO","t":"B738"},"76FE":{"r":"G-REXA","t":"BE20"},"7714":{"r":"G-STWB","t":"H25B"},"7719":{"r":"G-WLKR","t":"E550"},"771A":{"r":"G-VDOT","t":"A35K"},"772D":{"r":"G-UZHX","t":"A20N"},"772E":{"r":"G-UZHY","t":"A20N"},"772F":{"r":"G-UZHZ","t":"A20N"},"7731":{"r":"G-DRTT","t":"B738"},"7739":{"r":"G-TUMH","t":"B38M"},"773A":{"r":"G-TUMJ","t":"B38M"},"773B":{"r":"G-TUMK","t":"B38M"},"7742":{"r":"G-WUKK","t":"A321"},"7743":{"r":"G-WUKJ","t":"A321"},"7751":{"r":"G-WUKL","t":"A321"},"7757":{"r":"G-OUEG","t":"GLEX"},"775C":{"r":"G-RUKA","t":"B738"},"7761":{"r":"G-KGKG","t":"E35L"},"776D":{"r":"G-OFLX","t":"E145"},"7776":{"r":"G-LCAA","t":"E190"},"7777":{"r":"G-LCAB","t":"E190"},"777C":{"r":"G-DRTI","t":"B738"},"7793":{"r":"G-UZLA","t":"A20N"},"7794":{"r":"G-UZLB","t":"A20N"},"7795":{"r":"G-UZLC","t":"A20N"},"7796":{"r":"G-UZLD","t":"A20N"},"7797":{"r":"G-UZLF","t":"A20N"},"7798":{"r":"G-XWBB","t":"A35K"},"7799":{"r":"G-XWBC","t":"A35K"},"779A":{"r":"G-XWBD","t":"A35K"},"77BA":{"r":"G-DRTU","t":"B738"},"77BB":{"r":"G-DRTW","t":"B738"},"77BE":{"r":"G-SMHA","t":"FA7X"},"77C4":{"r":"G-FOMO","t":"GLEX"},"77D3":{"r":"G-VTEA","t":"A35K"},"77D4":{"r":"G-VRNB","t":"A35K"},"77E0":{"r":"G-NEOW","t":"A21N"},"780D":{"r":"G-NEOX","t":"A21N"},"780E":{"r":"G-NEOY","t":"A21N"},"7812":{"r":"G-KION","t":"C525"},"7833":{"r":"G-UZLG","t":"A20N"},"7834":{"r":"G-UZLH","t":"A20N"},"7835":{"r":"G-UZLI","t":"A20N"},"7836":{"r":"G-UZLJ","t":"A20N"},"7837":{"r":"G-UZMG","t":"A21N"},"7838":{"r":"G-UZMH","t":"A21N"},"7844":{"r":"G-NEOZ","t":"A21N"},"784F":{"r":"G-LUSO","t":"PC12"},"785D":{"r":"G-KOLO","t":"FA8X"},"7862":{"r":"G-DRTM","t":"B738"},"787A":{"r":"G-TUIN","t":"B789"},"787B":{"r":"G-TUIO","t":"B789"},"787F":{"r":"G-SKAL","t":"C56X"},"7898":{"r":"G-ZBLA","t":"B78X"},"78AD":{"r":"G-ILBG","t":"C25A"},"78AE":{"r":"G-DRTR","t":"B738"},"78B8":{"r":"G-XWBE","t":"A35K"},"78DD":{"r":"G-XWBF","t":"A35K"},"78DE":{"r":"G-ZBLB","t":"B78X"},"78E4":{"r":"G-XATV","t":"CL30"},"78E7":{"r":"G-MSFX","t":"E550"},"78EF":{"r":"G-UZMI","t":"A21N"},"78F0":{"r":"G-UZMJ","t":"A21N"},"78FD":{"r":"G-DRTL","t":"B738"},"78FE":{"r":"G-DRTP","t":"B738"},"7913":{"r":"G-DRTY","t":"B738"},"7914":{"r":"G-DRTZ","t":"B738"},"792E":{"r":"G-TTNK","t":"A20N"},"792F":{"r":"G-TTNL","t":"A20N"},"7930":{"r":"G-TTNM","t":"A20N"},"7943":{"r":"G-XWBG","t":"A35K"},"7944":{"r":"G-XWBH","t":"A35K"},"7954":{"r":"G-HASS","t":"H25B"},"7959":{"r":"G-UZLK","t":"A20N"},"796A":{"r":"G-TUML","t":"B38M"},"796E":{"r":"G-HLYF","t":"A321"},"7979":{"r":"G-ZBLC","t":"B78X"},"797A":{"r":"G-ZBLD","t":"B78X"},"797C":{"r":"G-ZBLE","t":"B78X"},"7989":{"r":"G-LATO","t":"C68A"},"7992":{"r":"G-STBM","t":"B77W"},"7993":{"r":"G-STBN","t":"B77W"},"7994":{"r":"G-STBO","t":"B77W"},"7995":{"r":"G-STBP","t":"B77W"},"799B":{"r":"G-LCAC","t":"E190"},"799C":{"r":"G-LCAD","t":"E190"},"79CD":{"r":"G-VEVE","t":"A35K"},"79D0":{"r":"G-LCAE","t":"E190"},"79D1":{"r":"G-LCAF","t":"E190"},"79D3":{"r":"G-LCAH","t":"E190"},"79EB":{"r":"G-OMTX","t":"GL5T"},"79F6":{"r":"G-TTNO","t":"A20N"},"79F7":{"r":"G-TTNN","t":"A20N"},"7A05":{"r":"G-UZLL","t":"A20N"},"7A06":{"r":"G-UZLM","t":"A20N"},"7A2A":{"r":"G-MRFX","t":"E550"},"7A32":{"r":"G-IMGP","t":"H25B"},"7A3E":{"r":"G-XATW","t":"A21N"},"7A3F":{"r":"G-GBNI","t":"A21N"},"7A40":{"r":"G-GVOE","t":"FA8X"},"7A5C":{"r":"G-COBN","t":"C525"},"7AA8":{"r":"G-JNRE","t":"C25A"},"7AAE":{"r":"G-NJAA","t":"C56X"},"7AAF":{"r":"G-NJAB","t":"C56X"},"7AB0":{"r":"G-NJAC","t":"C56X"},"7AB4":{"r":"G-NOCM","t":"C25A"},"7AC1":{"r":"G-TUMO","t":"B38M"},"7AC4":{"r":"G-TUKM","t":"B738"},"7AC5":{"r":"G-TUKN","t":"B738"},"7AC6":{"r":"G-TUKO","t":"B738"},"7ADC":{"r":"G-FXFX","t":"E550"},"7AE1":{"r":"G-FHFX","t":"E550"},"7AF1":{"r":"G-ZBLF","t":"B78X"},"7AF3":{"r":"G-XWBI","t":"A35K"},"7B04":{"r":"G-CLSN","t":"E190"},"7B1C":{"r":"G-GCCM","t":"CL60"},"7B29":{"r":"G-LAMO","t":"GL5T"},"7B49":{"r":"G-FRSB","t":"FA20"},"7B54":{"r":"G-WUKM","t":"A21N"},"7B55":{"r":"G-WUKN","t":"A21N"},"7B56":{"r":"G-KSOH","t":"C25M"},"7B70":{"r":"G-WUKO","t":"A21N"},"7B8B":{"r":"G-WUKP","t":"A21N"},"7B8E":{"r":"G-TTNR","t":"A20N"},"7B8F":{"r":"G-TTNP","t":"A20N"},"7B95":{"r":"G-JSNS","t":"G280"},"7BA2":{"r":"G-TUMR","t":"B38M"},"7BC2":{"r":"G-FAMG","t":"GL5T"},"7BC4":{"r":"G-LOBX","t":"GL7T"},"7BC5":{"r":"G-ULFX","t":"GA6C"},"7BCF":{"r":"G-NJAD","t":"F2TH"},"7BDC":{"r":"G-RUKB","t":"B738"},"7BE2":{"r":"G-EILA","t":"A333"},"7BE6":{"r":"G-EIDY","t":"A333"},"7BF5":{"r":"G-FTFX","t":"E550"},"7C02":{"r":"G-VTLY","t":"GLEX"},"7C0A":{"r":"G-TUMS","t":"B38M"},"7C0B":{"r":"G-TUMT","t":"B38M"},"7C1F":{"r":"G-RWPJ","t":"C56X"},"7C25":{"r":"G-TUMV","t":"B38M"},"7C26":{"r":"G-TUMU","t":"B38M"},"7C5A":{"r":"G-DHLC","t":"B763"},"7C5E":{"r":"G-EODS","t":"A333"},"7C6D":{"r":"G-DRTJ","t":"B738"},"7C72":{"r":"G-FEMC","t":"LJ45"},"7CAF":{"r":"G-RUKC","t":"B738"},"7CB0":{"r":"G-RUKD","t":"B738"},"7CB2":{"r":"G-RUKF","t":"B738"},"children":["400","406"]}