{"000":{"r":"PH-BFA","t":"B744"},"001":{"r":"PH-BFB","t":"B744"},"002":{"r":"PH-BFC","t":"B744"},"003":{"r":"PH-BFD","t":"B744"},"004":{"r":"PH-BFE","t":"B744"},"005":{"r":"PH-BFF","t":"B744"},"006":{"r":"PH-BFG","t":"B744"},"007":{"r":"PH-BFH","t":"B744"},"008":{"r":"PH-MCG","t":"B763"},"009":{"r":"PH-MCH","t":"B763"},"01C":{"r":"PH-BDA","t":"B733"},"01E":{"r":"PH-BDC","t":"B733"},"01F":{"r":"PH-BDD","t":"B733"},"026":{"r":"PH-BDN","t":"B733"},"027":{"r":"PH-BDO","t":"B733"},"028":{"r":"PH-BDP","t":"B733"},"029":{"r":"PH-BDR","t":"B734"},"02A":{"r":"PH-BDS","t":"B734"},"02B":{"r":"PH-BDT","t":"B734"},"03B":{"r":"PH-BDW","t":"B734"},"03D":{"r":"PH-BFI","t":"B744"},"03E":{"r":"PH-BFK","t":"B744"},"045":{"r":"PH-MCI","t":"B763"},"047":{"r":"PH-MCL","t":"B763"},"048":{"r":"PH-MCM","t":"B763"},"04E":{"r":"PH-BFL","t":"B744"},"04F":{"r":"PH-BDZ","t":"B734"},"050":{"r":"PH-BTA","t":"B734"},"051":{"r":"PH-BTB","t":"B734"},"055":{"r":"PH-BFM","t":"B744"},"056":{"r":"PH-BFN","t":"B744"},"057":{"r":"PH-BFO","t":"B744"},"058":{"r":"PH-BFP","t":"B744"},"059":{"r":"PH-NLZ","t":"SW4"},"05B":{"r":"PH-BTD","t":"B733"},"05C":{"r":"PH-BTE","t":"B733"},"05D":{"r":"PH-BFR","t":"B744"},"05E":{"r":"PH-BFS","t":"B744"},"05F":{"r":"PH-KCA","t":"MD11"},"060":{"r":"PH-KCB","t":"MD11"},"061":{"r":"PH-KCC","t":"MD11"},"062":{"r":"PH-KCD","t":"MD11"},"063":{"r":"PH-KCE","t":"MD11"},"064":{"r":"PH-KCF","t":"MD11"},"065":{"r":"PH-KCG","t":"MD11"},"066":{"r":"PH-KCH","t":"MD11"},"067":{"r":"PH-KCI","t":"MD11"},"068":{"r":"PH-KCK","t":"MD11"},"06E":{"r":"PH-KLI","t":"F100"},"06F":{"r":"PH-LAB","t":"C550"},"071":{"r":"PH-BTF","t":"B734"},"072":{"r":"PH-BTG","t":"B734"},"075":{"r":"PH-MCP","t":"MD11"},"076":{"r":"PH-MCR","t":"MD11"},"077":{"r":"PH-MCS","t":"MD11"},"078":{"r":"PH-MCT","t":"MD11"},"0C6":{"r":"P4-VVP","t":"E135"},"0CE":{"r":"PH-KBX","t":"F70"},"0CF":{"r":"PH-BFT","t":"B744"},"0D3":{"r":"PH-KZA","t":"F70"},"0D4":{"r":"PH-KZB","t":"F70"},"0D5":{"r":"PH-KZC","t":"F70"},"0D6":{"r":"PH-KZD","t":"F70"},"0DC":{"r":"PH-MCU","t":"MD11"},"0DE":{"r":"P4-EAS","t":"B752"},"0DF":{"r":"PH-BFU","t":"B744"},"0E0":{"r":"PH-BFV","t":"B744"},"0E2":{"r":"PH-KZE","t":"F70"},"0E3":{"r":"PH-KZF","t":"F70"},"0E4":{"r":"PH-KZG","t":"F70"},"0E5":{"r":"PH-KZH","t":"F70"},"0E6":{"r":"PH-KZI","t":"F70"},"0E7":{"r":"PH-KZK","t":"F70"},"0EC":{"r":"PH-BPB","t":"B734"},"0ED":{"r":"PH-BPC","t":"B734"},"0F4":{"r":"PH-BTH","t":"B733"},"0F5":{"r":"PH-BTI","t":"B733"},"0FB":{"r":"P4-AFK","t":"B737"},"0FC":{"r":"PH-WXA","t":"F70"},"0FD":{"r":"PH-WXC","t":"F70"},"0FE":{"r":"PH-HZA","t":"B738"},"0FF":{"r":"PH-HZB","t":"B738"},"100":{"r":"PH-HZC","t":"B738"},"107":{"r":"P4-VNL","t":"A320"},"108":{"r":"PH-MCW","t":"MD11"},"10F":{"r":"PH-KVG","t":"F50"},"110":{"r":"PH-KVH","t":"F50"},"111":{"r":"PH-KVI","t":"F50"},"112":{"r":"PH-KVK","t":"F50"},"113":{"r":"PH-JXJ","t":"F50"},"114":{"r":"PH-JXK","t":"F50"},"118":{"r":"P4-AIM","t":"CL60"},"11A":{"r":"P4-MAF","t":"H25B"},"11B":{"r":"P4-FAY","t":"CL60"},"11C":{"r":"P4-MAK","t":"B737"},"11D":{"r":"P4-SMS","t":"E135"},"11E":{"r":"P4-ALE","t":"H25B"},"11F":{"r":"P4-ALM","t":"C56X"},"120":{"r":"P4-UAS","t":"A320"},"121":{"r":"P4-AVJ","t":"CL60"},"123":{"r":"P4-KUL","t":"E35L"},"124":{"r":"P4-TAS","t":"A320"},"126":{"r":"P4-IKF","t":"F2TH"},"129":{"r":"P4-KMK","t":"CL60"},"12D":{"r":"P4-JCC","t":"H25B"},"12E":{"r":"P4-GJC","t":"B737"},"130":{"r":"PH-BXA","t":"B738"},"131":{"r":"PH-BXB","t":"B738"},"132":{"r":"PH-BXC","t":"B738"},"133":{"r":"PH-BXD","t":"B738"},"134":{"r":"PH-HZD","t":"B738"},"135":{"r":"PH-HZE","t":"B738"},"136":{"r":"PH-HZF","t":"B738"},"148":{"r":"PH-ILC","t":"F900"},"14C":{"r":"PH-HZG","t":"B738"},"14D":{"r":"PH-HZI","t":"B738"},"14E":{"r":"PH-HZJ","t":"B738"},"14F":{"r":"PH-HZK","t":"B738"},"15E":{"r":"PH-BXE","t":"B738"},"15F":{"r":"PH-BXF","t":"B738"},"160":{"r":"PH-BXG","t":"B738"},"161":{"r":"PH-BXH","t":"B738"},"162":{"r":"PH-BXI","t":"B738"},"163":{"r":"PH-BXK","t":"B738"},"164":{"r":"PH-BXL","t":"B738"},"165":{"r":"PH-BXM","t":"B738"},"166":{"r":"PH-BXN","t":"B738"},"16F":{"r":"PH-KZM","t":"F70"},"170":{"r":"PH-KZL","t":"F70"},"171":{"r":"PH-USA","t":"C172"},"173":{"r":"PH-DIX","t":"PC12"},"174":{"r":"PH-BFW","t":"B744"},"175":{"r":"PH-BFY","t":"B744"},"183":{"r":"PH-ECC","t":"PC12"},"186":{"r":"PH-HZL","t":"B738"},"187":{"r":"PH-HZM","t":"B738"},"188":{"r":"PH-XRA","t":"B737"},"189":{"r":"PH-RSA","t":"C56X"},"18A":{"r":"PH-BXO","t":"B739"},"18B":{"r":"PH-BXP","t":"B739"},"18C":{"r":"PH-BXR","t":"B739"},"18D":{"r":"PH-BXS","t":"B739"},"18E":{"r":"PH-DYE","t":"C550"},"18F":{"r":"PH-DYN","t":"C550"},"195":{"r":"PH-CJI","t":"C56X"},"197":{"r":"PH-JCH","t":"F70"},"199":{"r":"PH-DMR","t":"DH8C"},"1A1":{"r":"PH-EDM","t":"F900"},"1A2":{"r":"PH-DKH","t":"C172"},"1A3":{"r":"PH-HMA","t":"C550"},"1A4":{"r":"PH-KZN","t":"F70"},"1A5":{"r":"PH-HZN","t":"B738"},"1A6":{"r":"PH-BXT","t":"B739"},"1A7":{"r":"PH-HZY","t":"B738"},"1A8":{"r":"PH-HZX","t":"B738"},"1A9":{"r":"PH-HZW","t":"B738"},"1AA":{"r":"PH-HZV","t":"B738"},"1AD":{"r":"PH-BQN","t":"B772"},"1AE":{"r":"PH-TSN","t":"DA42"},"1AF":{"r":"PH-OUQ","t":"SPIT"},"1B0":{"r":"PH-RAD","t":"DA40"},"1B4":{"r":"PH-VBG","t":"F2TH"},"1B7":{"r":"PH-JCT","t":"F70"},"1B8":{"r":"PH-KZO","t":"F70"},"1B9":{"r":"PH-KZP","t":"F70"},"1BA":{"r":"PH-KZR","t":"F70"},"1BE":{"r":"PH-RAB","t":"DA40"},"1BF":{"r":"PH-RAC","t":"DA40"},"1C0":{"r":"PH-COW","t":"PELI"},"1C1":{"r":"PH-HBW","t":"C172"},"1C3":{"r":"PH-CKA","t":"B744"},"1C4":{"r":"PH-CKB","t":"B744"},"1C5":{"r":"PH-CKC","t":"B744"},"1C8":{"r":"PH-NZS","t":"S76"},"1CD":{"r":"PH-NZZ","t":"S76"},"1D5":{"r":"PH-XRB","t":"B737"},"1D6":{"r":"PH-XRC","t":"B737"},"1D7":{"r":"PH-XRZ","t":"B737"},"1D8":{"r":"PH-XRY","t":"B737"},"1D9":{"r":"PH-XRX","t":"B737"},"1DA":{"r":"PH-XRW","t":"B737"},"1DB":{"r":"PH-XRD","t":"B737"},"332":{"r":"PH-JXN","t":"F50"},"334":{"r":"P4-AMH","t":"H25B"},"337":{"r":"P4-AST","t":"CRJ2"},"339":{"r":"P4-FAS","t":"B752"},"33A":{"r":"P4-GAS","t":"B752"},"33D":{"r":"P4-PIF","t":"GL5T"},"33E":{"r":"P4-TAK","t":"GLF4"},"340":{"r":"P4-JAS","t":"F50"},"343":{"r":"P4-HEC","t":"EC55"},"344":{"r":"P4-RLA","t":"A319"},"345":{"r":"P4-SIS","t":"E135"},"349":{"r":"P4-SBR","t":"GLF5"},"34C":{"r":"P4-IVM","t":"E135"},"34E":{"r":"P4-SNT","t":"H25B"},"34F":{"r":"P4-MES","t":"B763"},"350":{"r":"P4-SAI","t":"CL60"},"351":{"r":"P4-AND","t":"C750"},"352":{"r":"P4-AAA","t":"GLEX"},"353":{"r":"P4-GMS","t":"GLEX"},"354":{"r":"P4-MAS","t":"B752"},"355":{"r":"P4-NAS","t":"A321"},"356":{"r":"P4-OAS","t":"A321"},"357":{"r":"P4-ABC","t":"CL60"},"358":{"r":"P4-MLC","t":"GLEX"},"359":{"r":"P4-ARL","t":"A319"},"35A":{"r":"P4-SCM","t":"F900"},"35B":{"r":"P4-KCU","t":"B752"},"35C":{"r":"P4-VVF","t":"GLEX"},"35D":{"r":"P4-TAJ","t":"B739"},"35E":{"r":"P4-SEN","t":"H25B"},"35F":{"r":"P4-SOM","t":"B739"},"361":{"r":"P4-CLA","t":"B762"},"362":{"r":"P4-KAZ","t":"B737"},"365":{"r":"P4-PAS","t":"A320"},"366":{"r":"PH-SOL","t":"C525"},"367":{"r":"PH-JFS","t":"PC12"},"368":{"r":"PH-BQA","t":"B772"},"369":{"r":"PH-BQB","t":"B772"},"36A":{"r":"PH-BQC","t":"B772"},"36B":{"r":"PH-BQD","t":"B772"},"36C":{"r":"PH-BQE","t":"B772"},"36D":{"r":"PH-BQF","t":"B772"},"36E":{"r":"PH-BQG","t":"B772"},"36F":{"r":"PH-BQH","t":"B772"},"370":{"r":"PH-BQI","t":"B772"},"371":{"r":"PH-BQK","t":"B772"},"374":{"r":"PH-MEX","t":"C650"},"37C":{"r":"PH-OFA","t":"F100"},"37D":{"r":"PH-OFB","t":"F100"},"37F":{"r":"PH-OFD","t":"F100"},"380":{"r":"PH-OFE","t":"F100"},"381":{"r":"PH-OFF","t":"F100"},"382":{"r":"PH-OFG","t":"F100"},"388":{"r":"PH-LXJ","t":"F50"},"389":{"r":"PH-LXK","t":"F50"},"38A":{"r":"PH-LXP","t":"F50"},"38B":{"r":"PH-LXR","t":"F50"},"38C":{"r":"PH-LXT","t":"F50"},"38D":{"r":"PH992","t":"GLID"},"390":{"r":"PH-FIS","t":"C525"},"391":{"r":"PH-MFX","t":"C650"},"395":{"r":"PH-XRE","t":"B737"},"396":{"r":"PH-MOP","t":"BE33"},"397":{"r":"PH-AHX","t":"B763"},"398":{"r":"PH-AHY","t":"B763"},"3A1":{"r":"PH-MHE","t":"P32R"},"3A5":{"r":"PH-RPH","t":"C182"},"3A6":{"r":"PH-RPI","t":"C182"},"3A7":{"r":"PH-RPJ","t":"C182"},"3AA":{"r":"PH-XII","t":"PC12"},"3AB":{"r":"PH-SPI","t":"C182"},"3AF":{"r":"PH-AHQ","t":"B763"},"3B1":{"r":"PH-FHG","t":"PA46"},"3B2":{"r":"PH-GWW","t":"R90R"},"3B7":{"r":"PH-CLZ","t":"TBM7"},"3B8":{"r":"PH-EHN","t":"C172"},"3B9":{"r":"PH-EHV","t":"C172"},"3BA":{"r":"PH-ZCT","t":"PA18"},"3BB":{"r":"PH-ELP","t":"EC35"},"3BC":{"r":"PH-MCY","t":"MD11"},"3BE":{"r":"PH-ULP","t":"EC35"},"3C1":{"r":"PH-WKA","t":"TOBA"},"3C3":{"r":"PH1047","t":"GLID"},"3C5":{"r":"PH1152","t":"VENT"},"3C6":{"r":"PH-WXD","t":"F70"},"3C7":{"r":"PH-TCN","t":"P180"},"3D2":{"r":"PH-KBA","t":"C172"},"3D3":{"r":"PH-KAX","t":"P28A"},"3D4":{"r":"PH-AMI","t":"SR20"},"3D6":{"r":"PH-BYA","t":"BE58"},"3D7":{"r":"PH-BYB","t":"BE58"},"3D8":{"r":"PH-BYC","t":"BE58"},"3D9":{"r":"PH-XRV","t":"B737"},"3DA":{"r":"PH-ECI","t":"C525"},"3DB":{"r":"PH-KED","t":"PA27"},"3DC":{"r":"PH-TIM","t":"DR40"},"3DD":{"r":"PH-SNE","t":"P28A"},"3DE":{"r":"PH-LAG","t":"P28A"},"3DF":{"r":"PH-OTH","t":"PA31"},"3E3":{"r":"PH-XPI","t":"PA31"},"3E4":{"r":"PH1211","t":"DUOD"},"3E5":{"r":"PH-LAW","t":"C310"},"3E7":{"r":"PH-SVY","t":"PAY2"},"3EB":{"r":"PH-PME","t":"TOBA"},"3EE":{"r":"PH-PBA","t":"DC3"},"3EF":{"r":"PH-DDZ","t":"DC3"},"3F2":{"r":"PH-BQO","t":"B772"},"3F3":{"r":"PH-BQP","t":"B772"},"3F4":{"r":"PH-PAL","t":"MCR4"},"3F5":{"r":"PH-JOE","t":"C425"},"3FB":{"r":"PH-NVK","t":"C340"},"3FE":{"r":"PH2K4","t":"ULAC"},"3FF":{"r":"PH2Y9","t":"ULAC"},"406":{"r":"PH-CJC","t":"P28A"},"407":{"r":"PH3B7","t":"ULAC"},"408":{"r":"PH-SPF","t":"P28T"},"409":{"r":"PH1X5","t":"ULAC"},"40A":{"r":"PH2S8","t":"ULAC"},"40C":{"r":"PH-PBL","t":"C172"},"40E":{"r":"PH-UNN","t":"EC20"},"40F":{"r":"PH-AOA","t":"A332"},"410":{"r":"PH-AOB","t":"A332"},"411":{"r":"PH-AOC","t":"A332"},"412":{"r":"PH1046","t":"DG50"},"413":{"r":"PH-NLB","t":"PA34"},"415":{"r":"PH-BQL","t":"B772"},"416":{"r":"PH-BQM","t":"B772"},"419":{"r":"PH-MSE","t":"M20P"},"41A":{"r":"PH-LGW","t":"PA34"},"41C":{"r":"PH1322","t":"DUOD"},"41F":{"r":"PH-PIE","t":"P28T"},"426":{"r":"PH891","t":"VENT"},"427":{"r":"PH-MCJ","t":"B763"},"428":{"r":"PH1340","t":"NIMB"},"42A":{"r":"PH-VSQ","t":"DR40"},"42C":{"r":"PH-DGY","t":"M20T"},"42D":{"r":"PH-DAI","t":"DA40"},"42E":{"r":"PH-JLK","t":"DA40"},"42F":{"r":"PH-LBR","t":"C208"},"430":{"r":"PH-MRO","t":"C421"},"436":{"r":"PH-TVB","t":"PA31"},"437":{"r":"PH-CKD","t":"B744"},"438":{"r":"PH-FLD","t":"DA40"},"43C":{"r":"PH-VOP","t":"C172"},"441":{"r":"PH-JNE","t":"C25B"},"442":{"r":"PH-BXU","t":"B738"},"443":{"r":"PH-AOD","t":"A332"},"444":{"r":"PH-AOE","t":"A332"},"445":{"r":"PH-AOF","t":"A332"},"447":{"r":"PH-DRK","t":"C56X"},"44A":{"r":"PH-CVW","t":"R22"},"44C":{"r":"PH3Y1","t":"ULAC"},"44E":{"r":"PH-WVO","t":"C172"},"44F":{"r":"PH-OFL","t":"F100"},"450":{"r":"PH-OFM","t":"F100"},"451":{"r":"PH-OFN","t":"F100"},"455":{"r":"PH3Y2","t":"ULAC"},"456":{"r":"PH-SHK","t":"A139"},"457":{"r":"PH-HLR","t":"DR40"},"45C":{"r":"PH577","t":"GLID"},"45D":{"r":"PH-SOX","t":"D328"},"45E":{"r":"PH-SHL","t":"A139"},"45F":{"r":"PH3Y4","t":"ULAC"},"461":{"r":"PH-SPZ","t":"DR40"},"462":{"r":"PH-JNX","t":"C56X"},"46C":{"r":"PH-KON","t":"BALL"},"46E":{"r":"PH-CMW","t":"C525"},"471":{"r":"PH-JEG","t":"SR22"},"472":{"r":"PH-TRG","t":"C172"},"474":{"r":"PH-TDI","t":"DA40"},"478":{"r":"PH-3Y8","t":"ULAC"},"479":{"r":"PH3Z5","t":"ULAC"},"47A":{"r":"PH-STZ","t":"C172"},"47B":{"r":"PH3A1","t":"ULAC"},"47D":{"r":"PH-IEH","t":"A139"},"47E":{"r":"PH-IIB","t":"T6"},"47F":{"r":"PH1353","t":"VENT"},"480":{"r":"PH-MPP","t":"B744"},"483":{"r":"PH3Z6","t":"ULAC"},"485":{"r":"PH-SHO","t":"EC55"},"48A":{"r":"PH3P6","t":"ECHO"},"48B":{"r":"PH-DRN","t":"TOBA"},"48C":{"r":"P4-KCA","t":"B763"},"48F":{"r":"P4-MSG","t":"E135"},"490":{"r":"P4-VAS","t":"A320"},"491":{"r":"P4-GIS","t":"FA7X"},"492":{"r":"P4-KCB","t":"B763"},"493":{"r":"P4-SLK","t":"E135"},"494":{"r":"P4-BBJ","t":"B737"},"495":{"r":"P4-MIS","t":"A319"},"498":{"r":"P4-CBA","t":"GLEX"},"49B":{"r":"P4-MMM","t":"GL5T"},"49C":{"r":"P4-ANG","t":"H25B"},"49D":{"r":"P4-JET","t":"FA50"},"49E":{"r":"P4-GJL","t":"CRJ2"},"49F":{"r":"P4-MIV","t":"E135"},"4A0":{"r":"P4-PET","t":"H25B"},"4A1":{"r":"P4-WAS","t":"A320"},"4A2":{"r":"P4-ALA","t":"H25B"},"4A3":{"r":"P4-XAS","t":"A320"},"4A5":{"r":"P4-BUS","t":"C750"},"4A8":{"r":"P4-TPS","t":"GLF5"},"4A9":{"r":"P4-SVM","t":"E135"},"4AA":{"r":"P4-PAM","t":"E135"},"4AB":{"r":"P4-ADD","t":"GALX"},"4AE":{"r":"P4-GAZ","t":"CRJ1"},"4AF":{"r":"P4-VIP","t":"CRJ1"},"4B1":{"r":"P4-BFL","t":"FA50"},"4B2":{"r":"P4-NGK","t":"B737"},"4B3":{"r":"P4-PRT","t":"H25B"},"4B4":{"r":"P4-SAT","t":"CL60"},"4B6":{"r":"P4-ASL","t":"B737"},"4B7":{"r":"P4-UNI","t":"CL60"},"4B8":{"r":"P4-LIG","t":"B737"},"4BC":{"r":"P4-AEG","t":"E135"},"4BE":{"r":"PH-VMA","t":"P32R"},"4BF":{"r":"PH-RMD","t":"P32R"},"4C0":{"r":"PH-VCY","t":"PA18"},"4C2":{"r":"PH-MAA","t":"EC35"},"4C5":{"r":"PH-YCM","t":"BX2"},"4C6":{"r":"PH-BXV","t":"B738"},"4C7":{"r":"PH-PIM","t":"C72R"},"4C9":{"r":"PH-FMM","t":"SR22"},"4CA":{"r":"PH-NDA","t":"PA12"},"4CD":{"r":"PH3M8","t":"ULAC"},"4D2":{"r":"PH3Z7","t":"ECHO"},"4D5":{"r":"PH-COM","t":"PA30"},"4D9":{"r":"PH-TAK","t":"DA42"},"4DA":{"r":"PH-HJG","t":"TRIN"},"4DB":{"r":"PH-TWP","t":"P28T"},"4DD":{"r":"PH-EMK","t":"C172"},"4DE":{"r":"PH-AJH","t":"BX2"},"4DF":{"r":"PH-OFO","t":"F100"},"4E0":{"r":"PH-OFP","t":"F100"},"4E2":{"r":"PH-HRK","t":"P180"},"4E3":{"r":"PH1374","t":"S10S"},"4E4":{"r":"PH-ACI","t":"C303"},"4E6":{"r":"PH-AOH","t":"A332"},"4E7":{"r":"PH-AOK","t":"A332"},"4E8":{"r":"PH-AOI","t":"A332"},"4EA":{"r":"PH-KMR","t":"GA8"},"4ED":{"r":"PH-MPQ","t":"B744"},"4EE":{"r":"PH-MPR","t":"B744"},"4EF":{"r":"PH-MPS","t":"B744"},"4F0":{"r":"PH-KRN","t":"C182"},"4F3":{"r":"PH-RER","t":"P28A"},"4F7":{"r":"PH-GVB","t":"C172"},"4FA":{"r":"PH-DTS","t":"DA42"},"4FD":{"r":"PH-MJB","t":"P28R"},"500":{"r":"PH-FHB","t":"P46T"},"502":{"r":"PH-KBB","t":"BE9L"},"503":{"r":"PH3B9","t":"ULAC"},"504":{"r":"PH-EVY","t":"D328"},"506":{"r":"PH-HZO","t":"B738"},"507":{"r":"PH-DWD","t":"VM1"},"508":{"r":"PH-EDD","t":"P28A"},"509":{"r":"PH-BVL","t":"C172"},"50A":{"r":"PH-WCU","t":"P28R"},"50B":{"r":"PH-HLM","t":"PA34"},"50C":{"r":"PH-AVB","t":"C172"},"50D":{"r":"PH2Y6","t":"ULAC"},"50F":{"r":"PH-DEZ","t":"C501"},"510":{"r":"PH-NPT","t":"C172"},"512":{"r":"PH-RTF","t":"BALL"},"515":{"r":"PH-SVP","t":"P28A"},"516":{"r":"PH-VSY","t":"P28A"},"51B":{"r":"PH-KDN","t":"C172"},"51C":{"r":"PH-FLF","t":"C337"},"51E":{"r":"PH-BZN","t":"SUBA"},"51F":{"r":"PH-UWL","t":"C421"},"520":{"r":"PH-DFB","t":"DA42"},"522":{"r":"PH-DHM","t":"BALL"},"523":{"r":"PH-HYM","t":"BALL"},"525":{"r":"PH-NIJ","t":"BALL"},"526":{"r":"PH-WLE","t":"BALL"},"527":{"r":"PH-KAD","t":"C172"},"528":{"r":"PH-TOP","t":"PA18"},"529":{"r":"PH-EPO","t":"P28A"},"52A":{"r":"PH-JUR","t":"P32R"},"52C":{"r":"PH-GES","t":"EUPA"},"52D":{"r":"PH-UKK","t":"TBM8"},"52E":{"r":"PH-SVT","t":"DR40"},"52F":{"r":"PH-SVU","t":"DR40"},"530":{"r":"PH1391","t":"DIMO"},"532":{"r":"PH-AFT","t":"TRIN"},"533":{"r":"PH-GLG","t":"TRIN"},"534":{"r":"PH-MLK","t":"TRIN"},"535":{"r":"PH-MLL","t":"TRIN"},"536":{"r":"PH-MLO","t":"TOBA"},"537":{"r":"PH-MLQ","t":"TOBA"},"538":{"r":"PH-MLR","t":"TOBA"},"539":{"r":"PH-MLS","t":"TOBA"},"53B":{"r":"PH-MDF","t":"C172"},"53C":{"r":"PH-VSX","t":"P28A"},"53F":{"r":"PH-HBB","t":"TRIN"},"540":{"r":"PH-AXS","t":"BE9L"},"541":{"r":"PH-LIN","t":"C172"},"542":{"r":"PH-JVD","t":"TRIN"},"543":{"r":"PH-TEB","t":"TOBA"},"544":{"r":"PH-VCF","t":"TOBA"},"545":{"r":"PH-LIK","t":"J3"},"54B":{"r":"PH-SGH","t":"RF6"},"54C":{"r":"PH-OLL","t":"TRIN"},"54D":{"r":"PH-GRG","t":"AA5"},"54E":{"r":"PH-SWN","t":"C414"},"550":{"r":"PH-NDD","t":"TRIN"},"551":{"r":"PH1263","t":"DIMO"},"554":{"r":"PH-LCG","t":"F900"},"555":{"r":"PH-BXW","t":"B738"},"556":{"r":"PH-BXY","t":"B738"},"557":{"r":"PH-BXZ","t":"B738"},"558":{"r":"PH-BGA","t":"B738"},"559":{"r":"PH-BGB","t":"B738"},"55A":{"r":"PH-BGC","t":"B738"},"55B":{"r":"PH-BGD","t":"B737"},"55C":{"r":"PH-BGE","t":"B737"},"55D":{"r":"PH-BGF","t":"B737"},"55E":{"r":"PH-BVA","t":"B77W"},"55F":{"r":"PH-BVB","t":"B77W"},"560":{"r":"PH-BVC","t":"B77W"},"561":{"r":"PH-BVD","t":"B77W"},"563":{"r":"PH-CCA","t":"TRIN"},"566":{"r":"PH-RCM","t":"TRIN"},"567":{"r":"PH-LSV","t":"FA50"},"568":{"r":"PH-JFH","t":"C10T"},"569":{"r":"PH-JBJ","t":"PA34"},"56A":{"r":"PH-PHE","t":"P28T"},"56B":{"r":"PH-SAA","t":"PA44"},"56D":{"r":"PH-HLE","t":"C152"},"56F":{"r":"PH-ABM","t":"C172"},"570":{"r":"PH-PAW","t":"PA25"},"571":{"r":"PH-HLF","t":"C182"},"572":{"r":"PH-ILS","t":"TOBA"},"575":{"r":"PH-BSU","t":"C208"},"576":{"r":"PH963","t":"GLID"},"578":{"r":"PH-GRH","t":"C172"},"57B":{"r":"PH4A6","t":"ULAC"},"57C":{"r":"PH1381","t":"VENT"},"57E":{"r":"PH-GGG","t":"P28T"},"57F":{"r":"PH-FEA","t":"TRIN"},"580":{"r":"PH1272","t":"DUOD"},"581":{"r":"PH385","t":"GLID"},"582":{"r":"PH-JHS","t":"COY2"},"583":{"r":"PH-RIS","t":"EC30"},"585":{"r":"PH959","t":"VENT"},"587":{"r":"PH-WRW","t":"EC20"},"588":{"r":"PH812","t":"GLID"},"58D":{"r":"PH1317","t":"GLID"},"58E":{"r":"PH1354","t":"GLID"},"58F":{"r":"PH1067","t":"GLID"},"590":{"r":"PH314","t":"GLID"},"594":{"r":"PH-BLN","t":"BALL"},"595":{"r":"PH-DKI","t":"P68"},"596":{"r":"PH-KNG","t":"PA18"},"597":{"r":"PH-HHK","t":"B06"},"598":{"r":"PH3Y6","t":"ULAC"},"599":{"r":"PH955","t":"GLID"},"59C":{"r":"PH-VHA","t":"SIRA"},"59D":{"r":"PH-VHC","t":"SIRA"},"59E":{"r":"PH-SKY","t":"MCR4"},"5A2":{"r":"PH-LLU","t":"PA34"},"5A3":{"r":"PH-USH","t":"DV20"},"5A5":{"r":"PH-ZZF","t":"C07T"},"5A6":{"r":"PH-SGG","t":"RF6"},"5A7":{"r":"PH-DOO","t":"PELI"},"5A8":{"r":"PH-THS","t":"C172"},"5AC":{"r":"PH-AOL","t":"A332"},"5AD":{"r":"PH-GEO","t":"C172"},"5AE":{"r":"PH-DON","t":"C172"},"5AF":{"r":"PH-USL","t":"DA40"},"5B3":{"r":"PH1118","t":"VENT"},"5B4":{"r":"PH1379","t":"AS29"},"5B6":{"r":"PH-RVS","t":"P68"},"5B7":{"r":"PH-1300","t":"DUOD"},"5B8":{"r":"PH767","t":"GLID"},"5B9":{"r":"PH714","t":"GLID"},"5BA":{"r":"PH-CRJ","t":"RV6"},"5BB":{"r":"PH4B7","t":"WT9"},"5BD":{"r":"PH-FVD","t":"R44"},"5BF":{"r":"PH1153","t":"NIMB"},"5C0":{"r":"PH-SHP","t":"A139"},"5C1":{"r":"PH-RRR","t":"P28A"},"5C4":{"r":"PH-ANR","t":"COY2"},"5C5":{"r":"PH4B3","t":"ECHO"},"5C7":{"r":"PH-TIG","t":"BALL"},"5CA":{"r":"PH-BBN","t":"BALL"},"5CC":{"r":"PH-JNJ","t":"BALL"},"5CD":{"r":"PH-RUT","t":"BALL"},"5CE":{"r":"PH-CML","t":"BALL"},"5D1":{"r":"PH-ICR","t":"BALL"},"5D3":{"r":"PH-LOX","t":"BALL"},"5D4":{"r":"PH-WVM","t":"BALL"},"5D5":{"r":"PH-CCC","t":"BALL"},"5D7":{"r":"PH-DOS","t":"BALL"},"5D9":{"r":"PH-ABR","t":"BALL"},"5DA":{"r":"PH1111","t":"VENT"},"5DB":{"r":"PH-FAM","t":"P28T"},"5DC":{"r":"PH-RLD","t":"SB91"},"5DD":{"r":"PH-VDS","t":"M20T"},"5DE":{"r":"PH-SBB","t":"BALL"},"5DF":{"r":"PH-PJL","t":"C172"},"5E0":{"r":"PH-LOB","t":"EUPA"},"5E1":{"r":"PH-VDB","t":"BALL"},"5E3":{"r":"PH-SUU","t":"BALL"},"5E4":{"r":"PH-LAV","t":"BALL"},"5E5":{"r":"PH-BEC","t":"P28T"},"5E6":{"r":"PH-FLE","t":"C172"},"5E8":{"r":"PH-AMJ","t":"BX2"},"5E9":{"r":"PH-LLV","t":"DR40"},"5EA":{"r":"PH-EQU","t":"EC55"},"5EB":{"r":"PH-TFA","t":"B738"},"5EC":{"r":"PH-CRM","t":"MCR4"},"5ED":{"r":"PH-KRS","t":"KR2"},"5EE":{"r":"PH-JLM","t":"PELI"},"5EF":{"r":"PH-COL","t":"LNC2"},"5F0":{"r":"PH-VHD","t":"SIRA"},"5F1":{"r":"PH-SEL","t":"C172"},"5F2":{"r":"PH1262","t":"NIMB"},"5F3":{"r":"PH869","t":"GLID"},"5F4":{"r":"PH1142","t":"GLID"},"5F5":{"r":"PH1149","t":"JANU"},"5F7":{"r":"PH-VII","t":"RV7"},"5F8":{"r":"PH-COP","t":"TOBA"},"5F9":{"r":"PH-TMS","t":"BALL"},"5FA":{"r":"PH-AED","t":"P28A"},"5FB":{"r":"PH-KTS","t":"BALL"},"5FC":{"r":"PH-HIO","t":"BALL"},"5FD":{"r":"PH-IHO","t":"BALL"},"5FE":{"r":"PH-HOO","t":"BALL"},"5FF":{"r":"PH3K8","t":"ULAC"},"601":{"r":"PH-HGD","t":"PELI"},"602":{"r":"PH-ESD","t":"TRIN"},"603":{"r":"PH-POP","t":"EUPA"},"604":{"r":"PH-LCN","t":"PELI"},"605":{"r":"PH-JAS","t":"C208"},"607":{"r":"PH-CGN","t":"D228"},"608":{"r":"PH-JBC","t":"C172"},"609":{"r":"PH-TBR","t":"T6"},"60B":{"r":"PH-KPR","t":"BE36"},"60D":{"r":"PH-DKF","t":"C172"},"610":{"r":"PH-IEN","t":"EUPA"},"611":{"r":"PH-POS","t":"BX2"},"612":{"r":"PH3Z4","t":"ULAC"},"613":{"r":"PH-IBL","t":"P220"},"614":{"r":"PH4C3","t":"ULAC"},"615":{"r":"PH-ANO","t":"C56X"},"616":{"r":"PH-NCW","t":"TRIN"},"617":{"r":"PH-JFB","t":"F8L"},"618":{"r":"PH-CHT","t":"F2TH"},"61C":{"r":"PH-ERM","t":"P28A"},"61E":{"r":"PH-DTR","t":"LNC2"},"61F":{"r":"PH-NAM","t":"CRUZ"},"620":{"r":"PH-KHV","t":"BE18"},"621":{"r":"PH-WEO","t":"BALL"},"627":{"r":"PH1403","t":"DUOD"},"628":{"r":"PH4B8","t":"FK9"},"62B":{"r":"PH-AIL","t":"S208"},"62C":{"r":"PH-SKC","t":"C172"},"62D":{"r":"PH-SKE","t":"C172"},"62E":{"r":"PH-MFT","t":"DV20"},"631":{"r":"PH-ERH","t":"PELI"},"632":{"r":"PH-FLG","t":"PA18"},"633":{"r":"PH-HCG","t":"C172"},"634":{"r":"PH-WLF","t":"BALL"},"635":{"r":"PH-EVE","t":"BALL"},"636":{"r":"PH-LLP","t":"BALL"},"638":{"r":"PH1037","t":"GLID"},"639":{"r":"PH1287","t":"DUOD"},"63A":{"r":"PH-RAP","t":"LNC2"},"63B":{"r":"PH-RLA","t":"SB91"},"63C":{"r":"PH3Z2","t":"WT9"},"63D":{"r":"PH-KOK","t":"BALL"},"63F":{"r":"PH-ZAN","t":"BALL"},"640":{"r":"PH-EDE","t":"BALL"},"641":{"r":"PH-KLS","t":"BALL"},"645":{"r":"PH-TYG","t":"DH82"},"646":{"r":"PH-CGC","t":"D228"},"649":{"r":"PH1277","t":"GLID"},"64A":{"r":"PH-JAI","t":"EUPA"},"64B":{"r":"PH-VSF","t":"C172"},"64C":{"r":"PH-VIN","t":"BX2"},"64D":{"r":"PH-LAP","t":"BALL"},"64E":{"r":"PH-PAP","t":"BALL"},"64F":{"r":"PH1328","t":"DISC"},"650":{"r":"PH-EAM","t":"C172"},"652":{"r":"PH-PIX","t":"SW3"},"654":{"r":"PH-ENJ","t":"PA18"},"655":{"r":"PH-CBN","t":"C172"},"657":{"r":"PH-SKB","t":"C172"},"658":{"r":"PH-DVA","t":"BALL"},"659":{"r":"PH-DZB","t":"BALL"},"65A":{"r":"PH-ELS","t":"BALL"},"65D":{"r":"PH-JEL","t":"BALL"},"662":{"r":"PH-WBY","t":"BALL"},"663":{"r":"PH-WBZ","t":"BALL"},"667":{"r":"PH893","t":"GLID"},"669":{"r":"PH-GSZ","t":"MCR1"},"66A":{"r":"PH-LPO","t":"C172"},"66C":{"r":"PH-KAJ","t":"RF6"},"66D":{"r":"PH-KAI","t":"RF6"},"672":{"r":"PH745","t":"G109"},"673":{"r":"PH-FTO","t":"C72R"},"674":{"r":"PH-WKB","t":"P28A"},"675":{"r":"PH-TGM","t":"C172"},"677":{"r":"PH-IRO","t":"C172"},"678":{"r":"PH-SMA","t":"C172"},"679":{"r":"PH-PVG","t":"C172"},"67A":{"r":"PH-KRI","t":"C172"},"67B":{"r":"PH-KLA","t":"PA18"},"67C":{"r":"PH-KAC","t":"C172"},"67D":{"r":"PH-JNP","t":"C172"},"67E":{"r":"PH-ALW","t":"C172"},"67F":{"r":"PH-BWR","t":"C150"},"680":{"r":"PH1231","t":"DG80"},"682":{"r":"PH1103","t":"VENT"},"683":{"r":"PH-MMM","t":"C177"},"684":{"r":"PH-TJA","t":"TBM8"},"688":{"r":"PH-AVT","t":"P28A"},"689":{"r":"PH-BVT","t":"P28A"},"68A":{"r":"PH-CVT","t":"C172"},"68B":{"r":"PH-JBH","t":"C172"},"68D":{"r":"PH1224","t":"DIMO"},"68E":{"r":"PH-SBM","t":"C172"},"68F":{"r":"PH3N3","t":"WT9"},"690":{"r":"PH1291","t":"GLID"},"692":{"r":"PH-SAL","t":"BALL"},"693":{"r":"PH-VBB","t":"BALL"},"694":{"r":"PH1194","t":"DISC"},"696":{"r":"PH-SVW","t":"GLAS"},"698":{"r":"PH1264","t":"GLID"},"699":{"r":"PH1301","t":"GLID"},"6FF":{"r":"PH-SVN","t":"R200"},"701":{"r":"PH-TIL","t":"PA32"},"702":{"r":"PH-ELB","t":"MCR1"},"703":{"r":"PH-NDK","t":"F900"},"704":{"r":"PH1397","t":"VENT"},"705":{"r":"PH3X5","t":"ULAC"},"706":{"r":"PH3H4","t":"ULAC"},"707":{"r":"PH-ATW","t":"C172"},"709":{"r":"PH-KIS","t":"HUSK"},"70A":{"r":"PH-RES","t":"C172"},"70C":{"r":"PH3V5","t":"ECHO"},"70F":{"r":"PH1384","t":"GLID"},"710":{"r":"PH1387","t":"GLID"},"714":{"r":"PH-ESE","t":"TRIN"},"718":{"r":"PH-TTY","t":"PELI"},"719":{"r":"PH1409","t":"VENT"},"71B":{"r":"PH-EAR","t":"BALL"},"71C":{"r":"PH-BOM","t":"BALL"},"71D":{"r":"PH-FUK","t":"BALL"},"71E":{"r":"PH846","t":"GLID"},"720":{"r":"PH1236","t":"GLID"},"721":{"r":"PH1268","t":"GLID"},"722":{"r":"PH1295","t":"NIMB"},"723":{"r":"PH1364","t":"GLID"},"724":{"r":"PH1383","t":"GLID"},"727":{"r":"PH1193","t":"DIMO"},"728":{"r":"PH-ELT","t":"HUSK"},"729":{"r":"PH1408","t":"DG1T"},"72A":{"r":"PH-STY","t":"P28T"},"72B":{"r":"PH3M6","t":"ULAC"},"72C":{"r":"PH-JDR","t":"BALL"},"72F":{"r":"PH-ISL","t":"C172"},"730":{"r":"PH-VRW","t":"C150"},"732":{"r":"PH-WSF","t":"P28A"},"733":{"r":"PH-UGS","t":"P28A"},"734":{"r":"PH-EAH","t":"P28A"},"735":{"r":"PH-ACH","t":"C152"},"736":{"r":"PH-RCF","t":"C172"},"737":{"r":"PH-LEN","t":"C172"},"739":{"r":"PH-BMK","t":"BALL"},"73B":{"r":"PH-GPU","t":"BALL"},"73D":{"r":"PH-KWW","t":"BALL"},"73E":{"r":"PH-MMN","t":"BALL"},"73F":{"r":"PH-MMO","t":"BALL"},"741":{"r":"PH-VOC","t":"BALL"},"746":{"r":"PH-MIJ","t":"KR2"},"747":{"r":"PH2E9","t":"ULAC"},"74B":{"r":"PH-OBE","t":"BALL"},"74C":{"r":"PH-OLE","t":"BALL"},"74E":{"r":"PH-PAU","t":"GLAS"},"74F":{"r":"PH880","t":"GLID"},"751":{"r":"PH1112","t":"JANU"},"752":{"r":"PH1315","t":"GLID"},"753":{"r":"PH776","t":"GLID"},"755":{"r":"PH-HOJ","t":"BALL"},"756":{"r":"PH830","t":"GLID"},"757":{"r":"PH557","t":"GLID"},"759":{"r":"PH443","t":"GLID"},"75B":{"r":"PH1310","t":"VENT"},"75C":{"r":"PH-PLG","t":"P28A"},"75E":{"r":"PH-SCX","t":"C152"},"75F":{"r":"PH-ARC","t":"TOBA"},"760":{"r":"PH-BIT","t":"C172"},"763":{"r":"PH-TGC","t":"C182"},"766":{"r":"PH-4C8","t":"ECHO"},"767":{"r":"PH3D5","t":"ULAC"},"76A":{"r":"PH-1401","t":"GLID"},"76B":{"r":"PH1349","t":"GLID"},"76C":{"r":"PH-BSF","t":"C172"},"770":{"r":"PH-SPV","t":"G115"},"772":{"r":"PH1080","t":"GLID"},"773":{"r":"PH1377","t":"DUOD"},"774":{"r":"PH737","t":"GLID"},"776":{"r":"PH-ANP","t":"DV20"},"779":{"r":"PH-LFA","t":"C172"},"77A":{"r":"PH-LFB","t":"C172"},"77B":{"r":"PH-PDL","t":"PA18"},"77C":{"r":"PH-PPP","t":"P28T"},"77D":{"r":"PH-TOK","t":"PA18"},"77E":{"r":"PH-TOL","t":"C172"},"780":{"r":"PH-BEG","t":"P28A"},"781":{"r":"PH794","t":"GLID"},"782":{"r":"PH936","t":"GLID"},"784":{"r":"PH1058","t":"GLID"},"785":{"r":"PH1076","t":"GLID"},"786":{"r":"PH1057","t":"GLID"},"787":{"r":"PH742","t":"DG40"},"788":{"r":"PH-OMI","t":"KR2"},"789":{"r":"PH-MJW","t":"EUPA"},"78C":{"r":"PH1269","t":"GLID"},"78D":{"r":"PH876","t":"GLID"},"78E":{"r":"PH957","t":"GLID"},"78F":{"r":"PH585","t":"GLID"},"790":{"r":"PH1274","t":"GLID"},"791":{"r":"PH1365","t":"GLID"},"792":{"r":"PH1119","t":"GLID"},"793":{"r":"PH-KNE","t":"PA18"},"795":{"r":"PH-MDL","t":"C172"},"796":{"r":"PH-STW","t":"C172"},"798":{"r":"PH-HGG","t":"BE36"},"79B":{"r":"PH726","t":"GLID"},"79C":{"r":"PH730","t":"GLID"},"79D":{"r":"PH740","t":"GLID"},"79E":{"r":"PH859","t":"GLID"},"79F":{"r":"PH1031","t":"GLID"},"7A0":{"r":"PH1099","t":"GLID"},"7A1":{"r":"PH1150","t":"GLID"},"7A2":{"r":"PH1337","t":"GLID"},"7A4":{"r":"PH-JSH","t":"BALL"},"7A5":{"r":"PH-DDL","t":"BALL"},"7A6":{"r":"PH-MEL","t":"BALL"},"7A7":{"r":"PH-AUW","t":"BALL"},"7A8":{"r":"PH-AJT","t":"BALL"},"7A9":{"r":"PH-AEE","t":"P28A"},"7AA":{"r":"PH3P7","t":"ULAC"},"7AB":{"r":"PH-BSA","t":"C172"},"7AD":{"r":"PH-CBG","t":"C152"},"7AE":{"r":"PH-DHC","t":"DHC2"},"7AF":{"r":"PH-EDH","t":"PA24"},"7B1":{"r":"PH3U1","t":"CH70"},"7B3":{"r":"PH-VFA","t":"P28A"},"7B4":{"r":"PH-VFB","t":"P28A"},"7B5":{"r":"PH-VFC","t":"P28A"},"7B9":{"r":"PH1404","t":"LK17"},"7BA":{"r":"PH-ESB","t":"TOBA"},"7BC":{"r":"PH-KLU","t":"T6"},"7BE":{"r":"PH-MOT","t":"CP13"},"7BF":{"r":"PH-PHY","t":"H269"},"7C1":{"r":"PH-AFS","t":"S11"},"7C2":{"r":"PH-HOG","t":"S11"},"7C3":{"r":"PH-HOK","t":"S11"},"7C4":{"r":"PH-HOL","t":"S11"},"7C5":{"r":"PH-AMD","t":"EUPA"},"7C6":{"r":"PH-CIJ","t":"C680"},"7C7":{"r":"PH-GRN","t":"BALL"},"7C8":{"r":"PH-LYS","t":"BALL"},"7CA":{"r":"PH-RKG","t":"BALL"},"7CB":{"r":"PH-RKJ","t":"BALL"},"7CE":{"r":"PH-OEF","t":"BALL"},"7CF":{"r":"PH-ONG","t":"BALL"},"7D7":{"r":"PH-TGA","t":"C150"},"7D8":{"r":"PH-CDS","t":"C152"},"7D9":{"r":"PH-JVB","t":"C152"},"7DA":{"r":"PH-GSY","t":"DA40"},"7DB":{"r":"PH985","t":"SF25"},"7DC":{"r":"PH1241","t":"GLID"},"7DD":{"r":"PH495","t":"GLID"},"7DE":{"r":"PH1126","t":"GLID"},"7DF":{"r":"PH1131","t":"GLID"},"7E1":{"r":"PH914","t":"GLID"},"7E5":{"r":"PH322","t":"GLID"},"7E6":{"r":"PH1344","t":"GLID"},"7E8":{"r":"PH-OEK","t":"BALL"},"7EA":{"r":"PH-SKG","t":"C152"},"7EB":{"r":"PH1138","t":"DIMO"},"7EC":{"r":"PH-VGC","t":"C172"},"7ED":{"r":"PH1314","t":"SF25"},"7EF":{"r":"PH-JMB","t":"P28T"},"7F0":{"r":"PH-EIJ","t":"RALL"},"7F1":{"r":"PH335","t":"GLID"},"7F2":{"r":"PH353","t":"GLID"},"7F3":{"r":"PH958","t":"GLID"},"7F5":{"r":"PH1038","t":"GLID"},"7F6":{"r":"PH1092","t":"GLID"},"7F7":{"r":"PH1229","t":"GLID"},"7F9":{"r":"PH1390","t":"GLID"},"7FB":{"r":"PH516","t":"GLID"},"7FC":{"r":"PH548","t":"GLID"},"7FE":{"r":"PH842","t":"GLID"},"7FF":{"r":"PH1233","t":"GLID"},"800":{"r":"PH1247","t":"KIWI"},"802":{"r":"PH989","t":"GLID"},"804":{"r":"PH1197","t":"GLID"},"805":{"r":"PH1332","t":"GLID"},"806":{"r":"PH1363","t":"GLID"},"808":{"r":"PH1313","t":"GLID"},"80A":{"r":"PH450","t":"GLID"},"80C":{"r":"PH-DKJ","t":"C150"},"80D":{"r":"PH-HVD","t":"JUNR"},"810":{"r":"PH-RIN","t":"C150"},"811":{"r":"PH-DKM","t":"C152"},"812":{"r":"PH-AVF","t":"C172"},"813":{"r":"PH-DKG","t":"C172"},"814":{"r":"PH-VSS","t":"C172"},"815":{"r":"PH-RCV","t":"TOBA"},"816":{"r":"PH-BAW","t":"TAMP"},"818":{"r":"PH-FCH","t":"TAMP"},"81A":{"r":"PH-KBY","t":"C172"},"81B":{"r":"PH-KDF","t":"C150"},"81C":{"r":"PH-MSI","t":"C172"},"81D":{"r":"PH-PIG","t":"TRIN"},"822":{"r":"PH-JBB","t":"C172"},"823":{"r":"PH-DKE","t":"C152"},"824":{"r":"PH1123","t":"GLID"},"825":{"r":"PH1358","t":"DG1T"},"826":{"r":"PH1018","t":"GLID"},"827":{"r":"PH966","t":"GLID"},"829":{"r":"PH647","t":"GLID"},"82B":{"r":"PH1412","t":"VENT"},"82C":{"r":"PH1210","t":"GLID"},"82D":{"r":"PH974","t":"GLID"},"82E":{"r":"PH1417","t":"GLID"},"82F":{"r":"PH1382","t":"GLID"},"832":{"r":"PH1006","t":"GLID"},"834":{"r":"PH937","t":"DG40"},"836":{"r":"PH1357","t":"GLID"},"839":{"r":"PH1071","t":"JANU"},"83B":{"r":"PH611","t":"GLID"},"83F":{"r":"PH1398","t":"LS8"},"840":{"r":"PH-ANV","t":"SR22"},"841":{"r":"PH1414","t":"VENT"},"842":{"r":"PH-CAQ","t":"PELI"},"843":{"r":"PH944","t":"SF25"},"844":{"r":"PH1186","t":"SF25"},"845":{"r":"PH-HAN","t":"LNC2"},"846":{"r":"PH1133","t":"DIMO"},"848":{"r":"PH1218","t":"VENT"},"84B":{"r":"PH1316","t":"GLID"},"84C":{"r":"PH-GYS","t":"C172"},"84E":{"r":"PH-CJO","t":"TRIN"},"850":{"r":"PH690","t":"GLID"},"853":{"r":"PH1073","t":"SF25"},"855":{"r":"PH683","t":"RF5"},"856":{"r":"PH-COA","t":"C140"},"858":{"r":"PH-STX","t":"C172"},"859":{"r":"PH1341","t":"VENT"},"85B":{"r":"PH686","t":"GLID"},"85C":{"r":"PH698","t":"GLID"},"85D":{"r":"PH844","t":"GLID"},"860":{"r":"PH1078","t":"GLID"},"861":{"r":"PH1093","t":"GLID"},"862":{"r":"PH-DBO","t":"LNC2"},"863":{"r":"PH1245","t":"GLID"},"866":{"r":"PH912","t":"RF5"},"867":{"r":"PH649","t":"GLID"},"86A":{"r":"PH-PPJ","t":"BALL"},"86B":{"r":"PH-PPL","t":"BALL"},"86C":{"r":"PH-PPR","t":"BALL"},"86D":{"r":"PH-RAY","t":"FOX"},"86E":{"r":"PH975","t":"GLID"},"871":{"r":"PH-OTK","t":"C172"},"872":{"r":"PH3N1","t":"ULAC"},"873":{"r":"PH1M5","t":"ULAC"},"874":{"r":"PH3P1","t":"ULAC"},"875":{"r":"PH3N9","t":"ULAC"},"877":{"r":"PH3V2","t":"ULAC"},"878":{"r":"PH-SBR","t":"EUPA"},"879":{"r":"PH1273","t":"GLID"},"87C":{"r":"PH4C6","t":"ULAC"},"87D":{"r":"PH676","t":"SF25"},"87E":{"r":"PH2X3","t":"ULAC"},"87F":{"r":"PH3N8","t":"ULAC"},"880":{"r":"PH-PLC","t":"PELI"},"881":{"r":"PH-AJK","t":"R22"},"887":{"r":"PH513","t":"GLID"},"888":{"r":"PH-EVR","t":"EC20"},"88B":{"r":"PH875","t":"DISC"},"88D":{"r":"PH-JMP","t":"C208"},"88E":{"r":"PH1145","t":"GLID"},"88F":{"r":"PH-JBI","t":"C72R"},"890":{"r":"PH-BNK","t":"BE33"},"891":{"r":"PH-FLK","t":"DV20"},"892":{"r":"PH1156","t":"GLID"},"893":{"r":"PH382","t":"GLID"},"894":{"r":"PH682","t":"GLID"},"895":{"r":"PH1015","t":"GLID"},"896":{"r":"PH1189","t":"GLID"},"897":{"r":"PH1271","t":"SF25"},"898":{"r":"PH1283","t":"GLID"},"89A":{"r":"PH1392","t":"GLID"},"89B":{"r":"PH-STU","t":"C172"},"89C":{"r":"PH-STS","t":"C172"},"89F":{"r":"PH-VNK","t":"BALL"},"8A0":{"r":"PH-BZS","t":"BALL"},"8A2":{"r":"PH4C7","t":"ULAC"},"8A4":{"r":"PH-WCK","t":"PELI"},"8A5":{"r":"PH-ELA","t":"MCR1"},"8A6":{"r":"PH668","t":"GLID"},"8A7":{"r":"PH-RDD","t":"BALL"},"8A9":{"r":"PH-RDF","t":"BALL"},"8AA":{"r":"PH-TIR","t":"BALL"},"8AB":{"r":"PH-TYR","t":"BALL"},"8AC":{"r":"PH-UVO","t":"BALL"},"8AD":{"r":"PH1355","t":"DG1T"},"8AE":{"r":"PH-FIF","t":"C182"},"8AF":{"r":"PH-SRN","t":"P28A"},"8B0":{"r":"PH-VKL","t":"PELI"},"8B1":{"r":"PH-SPL","t":"BALL"},"8B2":{"r":"PH-PDN","t":"C182"},"8B3":{"r":"PH-MGJ","t":"P28T"},"8B7":{"r":"PH-NEL","t":"BALL"},"8B8":{"r":"PH-YYY","t":"BALL"},"8B9":{"r":"PH1298","t":"GLID"},"8BA":{"r":"PH421","t":"GLID"},"8BC":{"r":"PH980","t":"GLID"},"8BD":{"r":"PH1016","t":"GLID"},"8BE":{"r":"PH1134","t":"GLID"},"8BF":{"r":"PH1243","t":"SF25"},"8C0":{"r":"PH1180","t":"VENT"},"8C1":{"r":"PH-JGW","t":"EUPA"},"8C2":{"r":"PH-JSA","t":"C182"},"8C3":{"r":"PH-OII","t":"C182"},"8C7":{"r":"PH4D1","t":"WT9"},"8C8":{"r":"PH-GRA","t":"C150"},"8C9":{"r":"PH-JBG","t":"C172"},"8CB":{"r":"PH-ALI","t":"C150"},"8CD":{"r":"PH-AIS","t":"TAMP"},"8CE":{"r":"PH-BIS","t":"TAMP"},"8CF":{"r":"PH-CIS","t":"TAMP"},"8D0":{"r":"PH-GIS","t":"TAMP"},"8D1":{"r":"PH501","t":"GLID"},"8D3":{"r":"PH-VES","t":"C172"},"8D4":{"r":"PH-JBF","t":"C172"},"8D8":{"r":"PH-PBY","t":"CAT"},"8D9":{"r":"PH4C2","t":"ULAC"},"8DA":{"r":"PH480","t":"GLID"},"8DC":{"r":"PH643","t":"GLID"},"8DE":{"r":"PH1143","t":"GLID"},"8DF":{"r":"PH-TXA","t":"C510"},"8E1":{"r":"PH-CYP","t":"PC12"},"8E2":{"r":"PH-GEN","t":"J3"},"8E3":{"r":"PH1171","t":"GLID"},"8E5":{"r":"PH1278","t":"DISC"},"8E7":{"r":"PH-OAG","t":"BALL"},"8E8":{"r":"PH3J6","t":"ECHO"},"8E9":{"r":"PH2K9","t":"ULAC"},"8EA":{"r":"PH-TDR","t":"ECHO"},"8EB":{"r":"PH3T4","t":"WT9"},"8F0":{"r":"PH-HWH","t":"B06"},"8F2":{"r":"PH-HHJ","t":"AS55"},"8F4":{"r":"PH-ECE","t":"EC20"},"8F5":{"r":"PH-ECD","t":"EC20"},"8F6":{"r":"PH-KGJ","t":"EC20"},"8F7":{"r":"PH-HBH","t":"H269"},"8F9":{"r":"PH-RYF","t":"H269"},"8FB":{"r":"PH-HHB","t":"S330"},"8FC":{"r":"PH-HHA","t":"S330"},"8FF":{"r":"PH3A5","t":"FDCT"},"900":{"r":"PH1405","t":"AS29"},"901":{"r":"PH3X4","t":"WT9"},"904":{"r":"PH1050","t":"GLID"},"905":{"r":"PH-CAN","t":"C150"},"906":{"r":"PH-JPO","t":"C172"},"908":{"r":"PH-VSN","t":"C152"},"909":{"r":"PH-LUX","t":"P46T"},"90C":{"r":"PH2S7","t":"ULAC"},"90E":{"r":"PH-RBC","t":"EC20"},"90F":{"r":"PH-LPH","t":"EC20"},"910":{"r":"PH-DIB","t":"H269"},"911":{"r":"PH847","t":"GLID"},"912":{"r":"PH888","t":"GLID"},"913":{"r":"PH977","t":"GLID"},"914":{"r":"PH1240","t":"GLID"},"915":{"r":"PH1108","t":"GLID"},"916":{"r":"PH-JVJ","t":"BALL"},"917":{"r":"PH-PKB","t":"BALL"},"918":{"r":"PH442","t":"GLID"},"919":{"r":"PH3W5","t":"ULAC"},"91A":{"r":"PH1366","t":"LK17"},"91B":{"r":"PH-RLY","t":"C402"},"91C":{"r":"PH857","t":"GLID"},"91D":{"r":"PH-PAM","t":"BALL"},"920":{"r":"PH-BYN","t":"BALL"},"924":{"r":"PH-LUU","t":"C172"},"925":{"r":"PH878","t":"GLID"},"926":{"r":"PH1053","t":"GLID"},"927":{"r":"PH351","t":"GLID"},"928":{"r":"PH-AAX","t":"A320"},"92A":{"r":"PH-TIN","t":"DA40"},"92B":{"r":"PH-PCA","t":"DA40"},"92D":{"r":"PH-EPS","t":"BALL"},"92E":{"r":"PH-EPH","t":"BALL"},"92F":{"r":"PH-GPI","t":"BALL"},"931":{"r":"PH-GPS","t":"BALL"},"93A":{"r":"PH-PJW","t":"BALL"},"93D":{"r":"PH-TBE","t":"BALL"},"93F":{"r":"PH-VBX","t":"BALL"},"941":{"r":"PH3N5","t":"ULAC"},"942":{"r":"PH3R3","t":"ULAC"},"943":{"r":"PH1308","t":"VENT"},"945":{"r":"PH3T1","t":"WT9"},"946":{"r":"PH2Z7","t":"ECHO"},"947":{"r":"PH-EMG","t":"VIX"},"948":{"r":"PH3P2","t":"ULAC"},"94B":{"r":"PH303","t":"GLID"},"94C":{"r":"PH1416","t":"DG1T"},"94D":{"r":"PH-ADE","t":"C172"},"94F":{"r":"PH-BRT","t":"TAMP"},"950":{"r":"PH-PEJ","t":"C172"},"953":{"r":"PH-VOS","t":"C150"},"954":{"r":"PH685","t":"GLID"},"955":{"r":"PH628","t":"GLID"},"956":{"r":"PH-HEC","t":"BALL"},"957":{"r":"PH983","t":"DG50"},"95A":{"r":"PH-CHH","t":"BALL"},"95B":{"r":"PH-SYS","t":"BALL"},"95D":{"r":"PH868","t":"GLID"},"95E":{"r":"PH953","t":"AS25"},"961":{"r":"PH-BPM","t":"LNC2"},"962":{"r":"PH691","t":"GLID"},"963":{"r":"PH1285","t":"GLID"},"966":{"r":"PH-BGG","t":"B737"},"967":{"r":"PH-PAD","t":"P28A"},"968":{"r":"PH-HCV","t":"BALL"},"96A":{"r":"PH-ARJ","t":"C150"},"96C":{"r":"PH-KNF","t":"PA18"},"970":{"r":"PH-PCV","t":"SUBA"},"971":{"r":"PH-ULN","t":"ECHO"},"973":{"r":"PH-TES","t":"ECHO"},"977":{"r":"PH905","t":"GLID"},"978":{"r":"PH1297","t":"AS26"},"97B":{"r":"PH-DVW","t":"C172"},"97C":{"r":"PH-GZC","t":"BL8"},"97D":{"r":"PH-JPR","t":"LNC2"},"97F":{"r":"PH-JSP","t":"M20P"},"980":{"r":"PH3Y5","t":"ULAC"},"981":{"r":"PH3R5","t":"ULAC"},"982":{"r":"PH988","t":"GLID"},"983":{"r":"PH-ERD","t":"D250"},"984":{"r":"PH-ATT","t":"H269"},"985":{"r":"PH1113","t":"GLID"},"987":{"r":"PH-DPC","t":"C72R"},"988":{"r":"PH-VSR","t":"C172"},"989":{"r":"PH-PGP","t":"PTS2"},"98A":{"r":"PH-WDR","t":"PA18"},"98B":{"r":"PH-RIC","t":"CP10"},"98C":{"r":"PH-WAI","t":"C172"},"98E":{"r":"PH1172","t":"GLID"},"98F":{"r":"PH-TEX","t":"C172"},"990":{"r":"PH-DES","t":"C182"},"991":{"r":"PH-JBY","t":"C206"},"992":{"r":"PH380","t":"GLID"},"993":{"r":"PH381","t":"GLID"},"994":{"r":"PH775","t":"GLID"},"995":{"r":"PH982","t":"GLID"},"997":{"r":"PH1290","t":"GLID"},"999":{"r":"PH1307","t":"GLID"},"99A":{"r":"PH-ARR","t":"BALL"},"99B":{"r":"PH-JWG","t":"BALL"},"99F":{"r":"PH1106","t":"G109"},"9A0":{"r":"PH-ACX","t":"DV20"},"9A2":{"r":"PH929","t":"GLID"},"9A3":{"r":"PH1220","t":"GLID"},"9A4":{"r":"PH759","t":"GLID"},"9A5":{"r":"PH1043","t":"GLID"},"9A7":{"r":"PH436","t":"GLID"},"9A8":{"r":"PH338","t":"GLID"},"9AA":{"r":"PH1208","t":"GLID"},"9AB":{"r":"PH-ZVC","t":"PA18"},"9AC":{"r":"PH-PJB","t":"P28B"},"9AD":{"r":"PH999","t":"GLID"},"9AE":{"r":"PH1415","t":"DG80"},"9AF":{"r":"PH-DUK","t":"C185"},"9B0":{"r":"PH-KOX","t":"CRUZ"},"9B1":{"r":"PH370","t":"GLID"},"9B3":{"r":"PH453","t":"GLID"},"9B5":{"r":"PH790","t":"GLID"},"9B6":{"r":"PH1282","t":"GLID"},"9B7":{"r":"PH1372","t":"GLID"},"9B8":{"r":"PH1373","t":"GLID"},"9B9":{"r":"PH-GOZ","t":"HUSK"},"9BE":{"r":"PH-AAG","t":"CL60"},"9BF":{"r":"PH-ROD","t":"PA46"},"9C0":{"r":"PH-CUY","t":"BALL"},"9C1":{"r":"PH-BON","t":"HUSK"},"9C3":{"r":"PH774","t":"GLID"},"9C4":{"r":"PH1074","t":"GLID"},"9C5":{"r":"PH1213","t":"GLID"},"9C6":{"r":"PH1280","t":"GLID"},"9C7":{"r":"PH1348","t":"GLID"},"9C8":{"r":"PH1399","t":"AS29"},"9CA":{"r":"PH3L5","t":"ULAC"},"9CD":{"r":"PH3D7","t":"ULAC"},"9CE":{"r":"PH-FAS","t":"DAL4"},"9CF":{"r":"PH-RID","t":"C680"},"9D2":{"r":"PH-NRA","t":"PA38"},"9D3":{"r":"PH-SLK","t":"C182"},"9D4":{"r":"PH-APP","t":"BALL"},"9D5":{"r":"PH-MXX","t":"BALL"},"9D6":{"r":"PH735","t":"GLID"},"9D8":{"r":"PH-STT","t":"C172"},"9D9":{"r":"PH-HPY","t":"BALL"},"9DA":{"r":"PH-OCA","t":"BALL"},"9DB":{"r":"PH-GUD","t":"PA34"},"9DC":{"r":"PH932","t":"GLID"},"9DD":{"r":"PH-PSI","t":"P51"},"9DE":{"r":"PH-CSL","t":"DH82"},"9DF":{"r":"PH-MRA","t":"C172"},"9E2":{"r":"PH727","t":"GLID"},"9E5":{"r":"PH1302","t":"VENT"},"9E6":{"r":"PH-ECN","t":"R100"},"9E8":{"r":"PH1064","t":"GLID"},"9E9":{"r":"PH1148","t":"GLID"},"9EB":{"r":"PH-TWK","t":"C172"},"9EC":{"r":"PH-TWM","t":"C172"},"9ED":{"r":"PH-ACG","t":"S11"},"9EE":{"r":"PH945","t":"RF5"},"9EF":{"r":"PH931","t":"GLID"},"9F0":{"r":"PH1025","t":"GLID"},"9F4":{"r":"PH-TML","t":"CH60"},"9F5":{"r":"PH3B4","t":"ULAC"},"9F6":{"r":"PH-NGN","t":"BALL"},"9F7":{"r":"PH-NLV","t":"BALL"},"9F9":{"r":"PH-BYR","t":"BALL"},"9FA":{"r":"PH-ATN","t":"BALL"},"9FB":{"r":"PH-CRW","t":"BALL"},"9FC":{"r":"PH-LKA","t":"BALL"},"A02":{"r":"PH-JPH","t":"BALL"},"A0A":{"r":"PH-SEW","t":"R22"},"A0B":{"r":"PH-DWW","t":"R44"},"A29":{"r":"PH777","t":"GLID"},"A2A":{"r":"PH867","t":"GLID"},"A2B":{"r":"PH1051","t":"GLID"},"A2C":{"r":"PH1052","t":"GLID"},"A2E":{"r":"PH1162","t":"GLID"},"A30":{"r":"PH853","t":"SF25"},"A31":{"r":"PH-DFD","t":"DA42"},"A33":{"r":"PH688","t":"GLID"},"A34":{"r":"PH1378","t":"GLID"},"A35":{"r":"PH1338","t":"GLID"},"A36":{"r":"PH3T7","t":"ECHO"},"A37":{"r":"PH-NFR","t":"BALL"},"A38":{"r":"PH3N2","t":"ULAC"},"A3A":{"r":"PH-3M4","t":"ULAC"},"A3C":{"r":"PH1327","t":"AV68"},"A3D":{"r":"PH-POJ","t":"CRUZ"},"A3E":{"r":"PH692","t":"GLID"},"A3F":{"r":"PH-ZSC","t":"BALL"},"A42":{"r":"PH-GRV","t":"BALL"},"A43":{"r":"PH-GRX","t":"BALL"},"A44":{"r":"PH-GRZ","t":"BALL"},"A46":{"r":"PH-GRD","t":"BALL"},"A48":{"r":"PH2L6","t":"ULAC"},"A49":{"r":"PH-USG","t":"BALL"},"A4B":{"r":"PH-TAP","t":"BALL"},"A4C":{"r":"PH-WMV","t":"BALL"},"A4D":{"r":"PH-WBF","t":"BALL"},"A4E":{"r":"PH-WRS","t":"BALL"},"A52":{"r":"PH852","t":"GLID"},"A55":{"r":"PH-DRS","t":"C56X"},"A56":{"r":"PH678","t":"SF25"},"A57":{"r":"PH-TZC","t":"PA18"},"A58":{"r":"PH-SLA","t":"C180"},"A5A":{"r":"PH-OUN","t":"BALL"},"A5B":{"r":"PH-GGN","t":"BALL"},"A5C":{"r":"PH-OHI","t":"BALL"},"A5D":{"r":"PH-OIH","t":"BALL"},"A5E":{"r":"PH-JLG","t":"BALL"},"A5F":{"r":"PH-KBE","t":"BALL"},"A60":{"r":"PH-NFK","t":"BALL"},"A61":{"r":"PH-VGN","t":"BALL"},"A63":{"r":"PH-IBF","t":"BALL"},"A64":{"r":"PH-DTT","t":"BALL"},"A65":{"r":"PH-UVE","t":"BALL"},"A66":{"r":"PH-RJU","t":"BALL"},"A67":{"r":"PH-MIM","t":"BALL"},"A68":{"r":"PH-TOH","t":"BALL"},"A69":{"r":"PH-GUE","t":"BALL"},"A6A":{"r":"PH-GBH","t":"BALL"},"A6B":{"r":"PH-HII","t":"BALL"},"A6C":{"r":"PH-BEA","t":"TAMP"},"A6E":{"r":"PH-VCS","t":"BALL"},"A6F":{"r":"PH-LIM","t":"BALL"},"A71":{"r":"PH-WWL","t":"BALL"},"A72":{"r":"PH1028","t":"GLID"},"A75":{"r":"PH-ECR","t":"EC20"},"A76":{"r":"PH-URS","t":"CRUZ"},"A77":{"r":"PH-DAN","t":"CRUZ"},"A78":{"r":"PH718","t":"GLID"},"A79":{"r":"PH-751","t":"GLID"},"A7A":{"r":"PH956","t":"GLID"},"A7B":{"r":"PH1083","t":"GLID"},"A7C":{"r":"PH1216","t":"GLID"},"A7D":{"r":"PH1219","t":"GLID"},"A7E":{"r":"PH1402","t":"GLID"},"A80":{"r":"PH1079","t":"GLID"},"A81":{"r":"PH-BIZ","t":"BALL"},"A82":{"r":"PH-DST","t":"BALL"},"A83":{"r":"PH-NYN","t":"BALL"},"A85":{"r":"PH-WLC","t":"BALL"},"A87":{"r":"PH-SIR","t":"C172"},"A88":{"r":"PH-ORJ","t":"C510"},"A89":{"r":"PH538","t":"GLID"},"A8A":{"r":"PH1198","t":"DUOD"},"A8B":{"r":"PH-USN","t":"RV10"},"A8C":{"r":"PH-PJR","t":"SR20"},"A8D":{"r":"PH942","t":"DISC"},"A8F":{"r":"PH-RVX","t":"RV10"},"A90":{"r":"PH3R6","t":"ULAC"},"A91":{"r":"PH-PXA","t":"EC35"},"A92":{"r":"PH-PXB","t":"EC35"},"A93":{"r":"PH-PXC","t":"EC35"},"A94":{"r":"PH-PXD","t":"EC35"},"A95":{"r":"PH-PXE","t":"EC35"},"A96":{"r":"PH-PXF","t":"EC35"},"A97":{"r":"PH4D3","t":"ECHO"},"A98":{"r":"PH-OHM","t":"TAMP"},"A99":{"r":"PH-EQV","t":"GLAS"},"A9B":{"r":"PH1419","t":"GLID"},"A9C":{"r":"PH1260","t":"DUOD"},"A9E":{"r":"PH3F5","t":"ULAC"},"A9F":{"r":"PH652","t":"GLID"},"AA1":{"r":"PH-HSW","t":"B738"},"AA4":{"r":"PH588","t":"GLID"},"AA5":{"r":"PH-DLN","t":"P180"},"AA6":{"r":"PH499","t":"GLID"},"AA7":{"r":"PH-LLY","t":"C182"},"AA8":{"r":"PH-UGO","t":"PULS"},"AAA":{"r":"PH465","t":"GLID"},"AAB":{"r":"PH-ARV","t":"ARV1"},"AAD":{"r":"PH-LVS","t":"JABI"},"AAE":{"r":"PH4D2","t":"ECHO"},"AAF":{"r":"PH-DSG","t":"C172"},"AB0":{"r":"PH-MID","t":"R44"},"AB1":{"r":"PH-1423","t":"DIMO"},"AB2":{"r":"PH-FCB","t":"BALL"},"AB3":{"r":"PH-CCD","t":"DA42"},"AB4":{"r":"PH1255","t":"AS24"},"AB5":{"r":"PH-WUR","t":"SKAR"},"AB7":{"r":"PH-NNN","t":"CRUZ"},"AB8":{"r":"PH-MRC","t":"PINO"},"AB9":{"r":"PH-MRG","t":"PINO"},"ABA":{"r":"PH-JAC","t":"P28A"},"ABB":{"r":"PH-TYD","t":"P28A"},"ABC":{"r":"PH-PAZ","t":"C182"},"ABD":{"r":"PH-BYD","t":"BE58"},"ABE":{"r":"PH-LNE","t":"F100"},"AC0":{"r":"PH-PXZ","t":"A139"},"AC1":{"r":"PH-PXY","t":"A139"},"AC3":{"r":"PH3Z8","t":"FDCT"},"AC4":{"r":"PH1426","t":"DISC"},"AC5":{"r":"PH1424","t":"DISC"},"AC7":{"r":"PH-REP","t":"CRUZ"},"AC8":{"r":"PH-OOM","t":"SR20"},"AC9":{"r":"PH-TVW","t":"J3"},"ACA":{"r":"PH-ACE","t":"BE30"},"ACB":{"r":"PH-EZA","t":"E190"},"ACC":{"r":"PH-EZB","t":"E190"},"ACD":{"r":"PH-MGP","t":"BALL"},"ACE":{"r":"PH3R1","t":"ULAC"},"AD0":{"r":"PH-TFB","t":"B738"},"AD2":{"r":"PH-GRY","t":"S11"},"AD3":{"r":"PH-MYF","t":"LNC2"},"AD4":{"r":"PH-LSK","t":"T6"},"AD7":{"r":"PH-GAZ","t":"PA18"},"AD9":{"r":"PH-PPW","t":"PA18"},"ADA":{"r":"PH-PSC","t":"PA18"},"ADB":{"r":"PH-GRB","t":"S11"},"ADF":{"r":"PH-STM","t":"RYST"},"AE1":{"r":"PH1029","t":"DISC"},"AE3":{"r":"PH-GTS","t":"SR20"},"AE4":{"r":"PH-YMC","t":"SR20"},"AE5":{"r":"PH-ACW","t":"VELO"},"AE6":{"r":"PH-GBA","t":"PA18"},"AE7":{"r":"PH-MDB","t":"C172"},"AE8":{"r":"PH-RPB","t":"C172"},"AEB":{"r":"PH-PWP","t":"RV7"},"AEC":{"r":"PH-WOU","t":"P28A"},"AED":{"r":"PH-VWL","t":"BX2"},"AEE":{"r":"PH995","t":"SF25"},"AF0":{"r":"PH-YAN","t":"BALL"},"AF1":{"r":"PH-LYN","t":"BALL"},"AF2":{"r":"PH-KNY","t":"BALL"},"AF3":{"r":"PH-MAJ","t":"BALL"},"AF4":{"r":"PH-JOU","t":"BALL"},"AF5":{"r":"PH-AGP","t":"BALL"},"AF7":{"r":"PH-ESG","t":"BALL"},"AF9":{"r":"PH-ITS","t":"BALL"},"AFA":{"r":"PH-JEF","t":"BALL"},"AFC":{"r":"PH-NYK","t":"BALL"},"AFD":{"r":"PH-PUK","t":"BALL"},"B00":{"r":"PH-KZS","t":"F70"},"B01":{"r":"PH-KZT","t":"F70"},"B02":{"r":"PH-KZU","t":"F70"},"B03":{"r":"PH-KZV","t":"F70"},"B04":{"r":"PH-KZW","t":"F70"},"B05":{"r":"PH-HLI","t":"C172"},"B08":{"r":"PH-YNC","t":"BALL"},"B09":{"r":"PH-MYX","t":"C650"},"B0C":{"r":"PH-AML","t":"C182"},"B0D":{"r":"PH-XMR","t":"CRUZ"},"B0E":{"r":"PH-SLO","t":"S11"},"B0F":{"r":"PH-HIS","t":"TAMP"},"B10":{"r":"PH-IIS","t":"TAMP"},"B11":{"r":"PH-FLJ","t":"PA18"},"B12":{"r":"PH-ACT","t":"C172"},"B13":{"r":"PH-HKM","t":"PA34"},"B14":{"r":"PH594","t":"GLID"},"B15":{"r":"PH951","t":"GLID"},"B17":{"r":"PH1097","t":"GLID"},"B18":{"r":"PH-SAC","t":"P28R"},"B19":{"r":"PH-ANJ","t":"C150"},"B1A":{"r":"PH3N4","t":"ULAC"},"B1B":{"r":"PH4D6","t":"WT9"},"B1D":{"r":"PH-HEE","t":"BALL"},"B1E":{"r":"PH1430","t":"GLID"},"B1F":{"r":"PH414","t":"GLID"},"B21":{"r":"PH-FJK","t":"C25B"},"B22":{"r":"PH1167","t":"DISC"},"B23":{"r":"PH954","t":"G103"},"B24":{"r":"PH1169","t":"DG80"},"B25":{"r":"PH1306","t":"GLID"},"B26":{"r":"PH-PPG","t":"SR20"},"B28":{"r":"PH-TFC","t":"B738"},"B2A":{"r":"PH-HSA","t":"B738"},"B2B":{"r":"PH-VVV","t":"CRUZ"},"B2C":{"r":"PH-JAX","t":"BE9L"},"B2D":{"r":"PH843","t":"GLID"},"B2E":{"r":"PH-BEM","t":"CRUZ"},"B2F":{"r":"PH-LIS","t":"LEG2"},"B30":{"r":"PH-EZC","t":"E190"},"B31":{"r":"PH-EZD","t":"E190"},"B32":{"r":"PH-EZE","t":"E190"},"B33":{"r":"PH-BEY","t":"PA25"},"B34":{"r":"PH-BJX","t":"PA25"},"B35":{"r":"PH4E2","t":"WT9"},"B36":{"r":"PH-JLW","t":"BALL"},"B38":{"r":"PH-GSP","t":"BALL"},"B39":{"r":"PH-AFB","t":"BALL"},"B40":{"r":"PH-SRP","t":"P28A"},"B41":{"r":"PH753","t":"GLID"},"B42":{"r":"PH1434","t":"GLID"},"B43":{"r":"PH-AAY","t":"A320"},"B44":{"r":"PH-AAZ","t":"A320"},"B45":{"r":"PH1124","t":"GLID"},"B46":{"r":"PH713","t":"GLID"},"B49":{"r":"PH-KXX","t":"F50"},"B4A":{"r":"PH-JAJ","t":"GLSP"},"B4B":{"r":"PH-DUB","t":"P28R"},"B4C":{"r":"PH-STN","t":"C172"},"B4D":{"r":"PH-OOL","t":"BALL"},"B4E":{"r":"PH-JJK","t":"GLSP"},"B52":{"r":"PH-NBB","t":"BALL"},"B53":{"r":"PH-VTF","t":"BALL"},"B54":{"r":"PH1325","t":"GLID"},"B55":{"r":"PH1442","t":"VENT"},"B56":{"r":"PH-FSB","t":"TBM8"},"B57":{"r":"PH1439","t":"GLID"},"B58":{"r":"PH-HVB","t":"EC35"},"B59":{"r":"PH721","t":"GLID"},"B5D":{"r":"PH1292","t":"GLID"},"B5E":{"r":"PH1425","t":"VENT"},"B5F":{"r":"PH-LGR","t":"RV6"},"B61":{"r":"PH1330","t":"NIMB"},"B62":{"r":"PH473","t":"GLID"},"B64":{"r":"PH3M2","t":"ECHO"},"B65":{"r":"PH-STQ","t":"C152"},"B66":{"r":"PH-SAE","t":"PA44"},"B67":{"r":"PH1431","t":"GLID"},"B68":{"r":"PH1432","t":"GLID"},"B6A":{"r":"PH-ALJ","t":"SIRA"},"B6E":{"r":"PH-HXL","t":"B738"},"B6F":{"r":"PH-BVM","t":"BALL"},"B70":{"r":"PH-DID","t":"BALL"},"B71":{"r":"PH-EIB","t":"BALL"},"B72":{"r":"PH-ENR","t":"BALL"},"B73":{"r":"PH-GTM","t":"BALL"},"B74":{"r":"PH-HEB","t":"BALL"},"B75":{"r":"PH-ITH","t":"BALL"},"B78":{"r":"PH-MNM","t":"BALL"},"B79":{"r":"PH-OEV","t":"BALL"},"B7B":{"r":"PH-RBV","t":"BALL"},"B7C":{"r":"PH-SCC","t":"BALL"},"B7D":{"r":"PH-TAM","t":"BALL"},"B7E":{"r":"PH-VVK","t":"BALL"},"B7F":{"r":"PH-SFK","t":"SR22"},"B80":{"r":"PH1443","t":"GLID"},"B83":{"r":"PH1428","t":"GLID"},"B85":{"r":"PH-ROF","t":"BALL"},"B86":{"r":"PH-DJB","t":"BALL"},"B87":{"r":"PH-VNL","t":"BALL"},"B88":{"r":"PH1265","t":"GLID"},"B89":{"r":"PH1437","t":"GLID"},"B8A":{"r":"PH920","t":"GLID"},"B8C":{"r":"PH-AIJ","t":"PA34"},"B8E":{"r":"PH-MBS","t":"BE23"},"B8F":{"r":"PH-BGH","t":"B737"},"B90":{"r":"PH-BGI","t":"B737"},"B91":{"r":"PH-BGK","t":"B737"},"B92":{"r":"PH-BGL","t":"B737"},"B95":{"r":"PH-RED","t":"PA18"},"B96":{"r":"PH3G4","t":"ULAC"},"B98":{"r":"PH1418","t":"GLID"},"B99":{"r":"PH1202","t":"GLID"},"B9A":{"r":"PH1161","t":"GLID"},"B9B":{"r":"PH1159","t":"GLID"},"B9E":{"r":"PH-XDR","t":"BALL"},"B9F":{"r":"PH342","t":"GLID"},"BA0":{"r":"PH-SCA","t":"BALL"},"BA1":{"r":"PH-FLY","t":"RV7"},"BA3":{"r":"PH1305","t":"DG50"},"BA4":{"r":"PH4E3","t":"ULAC"},"BA5":{"r":"PH-FUT","t":"VELO"},"BA6":{"r":"PH784","t":"GLID"},"BA7":{"r":"PH-NIM","t":"PELI"},"BA8":{"r":"PH-JIS","t":"TRIN"},"BA9":{"r":"PH-PNG","t":"PC12"},"BAA":{"r":"PH-OMA","t":"PA25"},"BAD":{"r":"PH401","t":"GLID"},"BAE":{"r":"PH712","t":"GLID"},"BAF":{"r":"PH764","t":"GLID"},"BB0":{"r":"PH798","t":"GLID"},"BB1":{"r":"PH973","t":"GLID"},"BB3":{"r":"PH-MAN","t":"CRUZ"},"BB4":{"r":"PH1433","t":"GLID"},"BB5":{"r":"PH666","t":"GLID"},"BB6":{"r":"PH-618","t":"GLID"},"BB7":{"r":"PH795","t":"GLID"},"BB8":{"r":"PH806","t":"GLID"},"BBA":{"r":"PH881","t":"GLID"},"BBB":{"r":"PH934","t":"GLID"},"BBC":{"r":"PH1035","t":"GLID"},"BBE":{"r":"PH1293","t":"GLID"},"BBF":{"r":"PH1309","t":"GLID"},"BC1":{"r":"PH-ISF","t":"CRUZ"},"BC2":{"r":"PH-YOY","t":"MCR1"},"BC3":{"r":"PH1225","t":"GLID"},"BC4":{"r":"PH1326","t":"GLID"},"BC5":{"r":"PH-ZOM","t":"B738"},"BC6":{"r":"PH-RVN","t":"RV9"},"BC7":{"r":"PH-MBK","t":"SUBA"},"BC8":{"r":"PH-PEP","t":"PTS2"},"BCA":{"r":"PH-USJ","t":"DV20"},"BCB":{"r":"PH-GRF","t":"BALL"},"BCD":{"r":"PH-NSC","t":"DR40"},"BCE":{"r":"PH-NCD","t":"DR40"},"BCF":{"r":"PH-SVX","t":"PAY2"},"BD0":{"r":"PH1060","t":"AS26"},"BD1":{"r":"PH-EZF","t":"E190"},"BD2":{"r":"PH-STP","t":"C172"},"BD4":{"r":"PH-DLK","t":"DH82"},"BD5":{"r":"PH1056","t":"GLID"},"BD6":{"r":"PH-PPV","t":"BALL"},"BD8":{"r":"PH-EUB","t":"EC55"},"BD9":{"r":"PH-LNC","t":"LNC2"},"BDA":{"r":"PH1234","t":"VENT"},"BDB":{"r":"PH1033","t":"GLID"},"BDC":{"r":"PH-GLT","t":"G2T1"},"BDD":{"r":"PH-MED","t":"LJ55"},"BDE":{"r":"PH615","t":"GLID"},"BDF":{"r":"PH386","t":"GLID"},"BE0":{"r":"PH769","t":"GLID"},"BE1":{"r":"PH782","t":"GLID"},"BE2":{"r":"PH733","t":"GLID"},"BE5":{"r":"PH586","t":"GLID"},"BE6":{"r":"PH-PND","t":"BALL"},"BE7":{"r":"PH-CWT","t":"BALL"},"BE8":{"r":"PH-RTD","t":"BALL"},"BE9":{"r":"PH-IKE","t":"BALL"},"BEA":{"r":"PH-WWF","t":"BALL"},"BEB":{"r":"PH-RWB","t":"BALL"},"BED":{"r":"PH-VIA","t":"BALL"},"BEE":{"r":"PH-DRT","t":"P28A"},"BF1":{"r":"PH-LEI","t":"BALL"},"BF2":{"r":"PH-SCT","t":"P28A"},"BF3":{"r":"PH1446","t":"DUOD"},"BF4":{"r":"PH-MNL","t":"BALL"},"BF6":{"r":"PH-MJC","t":"DAL1"},"BF7":{"r":"PH-GVH","t":"LNCE"},"BF8":{"r":"PH544","t":"GLID"},"BF9":{"r":"PH-GIN","t":"SUBA"},"BFB":{"r":"PH-DRL","t":"BE36"},"BFC":{"r":"PH-VTW","t":"P32R"},"BFD":{"r":"PH1429","t":"GLID"},"BFE":{"r":"PH1441","t":"GLID"},"BFF":{"r":"PH-AKJ","t":"C77R"},"C00":{"r":"PH-SWP","t":"C208"},"C02":{"r":"PH-HGR","t":"BALL"},"C05":{"r":"PH-YRD","t":"BALL"},"C06":{"r":"PH222","t":"GLID"},"C07":{"r":"PH-PUB","t":"BALL"},"C08":{"r":"PH1451","t":"GLID"},"C09":{"r":"PH-JAT","t":"P51"},"C0B":{"r":"PH-MGA","t":"DR10"},"C0C":{"r":"PH378","t":"GLID"},"C0D":{"r":"PH1376","t":"GLID"},"C0F":{"r":"PH-VRM","t":"BALL"},"C10":{"r":"PH363","t":"GLID"},"C11":{"r":"PH3F1","t":"ULAC"},"C12":{"r":"PH-GTN","t":"BALL"},"C13":{"r":"PH-RNG","t":"B190"},"C14":{"r":"PH-MJP","t":"F100"},"C15":{"r":"PH-SFT","t":"P28A"},"C16":{"r":"PH327","t":"GLID"},"C19":{"r":"PH-MBW","t":"SUBA"},"C1A":{"r":"PH-MIS","t":"TOBA"},"C1B":{"r":"PH-EZG","t":"E190"},"C1C":{"r":"PH-SXN","t":"TAMP"},"C1D":{"r":"PH-BIA","t":"BALL"},"C22":{"r":"PH1207","t":"DG50"},"C23":{"r":"PH-AYA","t":"BALL"},"C24":{"r":"PH-EZH","t":"E190"},"C25":{"r":"PH-EZI","t":"E190"},"C26":{"r":"PH-EZK","t":"E190"},"C27":{"r":"PH-GRW","t":"BALL"},"C28":{"r":"PH-GRR","t":"BALL"},"C2C":{"r":"PH-ENP","t":"C06T"},"C2D":{"r":"PH-LAZ","t":"BALL"},"C2F":{"r":"PH-RJW","t":"CJ1"},"C30":{"r":"PH-VBH","t":"BALL"},"C31":{"r":"PH-HOH","t":"BALL"},"C32":{"r":"PH1440","t":"GLID"},"C33":{"r":"PH-RWX","t":"H269"},"C34":{"r":"PH-MMT","t":"EC35"},"C36":{"r":"PH-SET","t":"P28A"},"C38":{"r":"PH4E7","t":"WT9"},"C39":{"r":"PH4E8","t":"WT9"},"C3A":{"r":"PH1085","t":"GLID"},"C3E":{"r":"PH-MJS","t":"BE23"},"C3F":{"r":"PH-EIL","t":"RV4"},"C40":{"r":"PH-TOO","t":"C206"},"C41":{"r":"PH-DIY","t":"EUPA"},"C43":{"r":"PH318","t":"GLID"},"C47":{"r":"PH556","t":"GLID"},"C48":{"r":"PH1250","t":"GLID"},"C49":{"r":"PH1311","t":"GLID"},"C4A":{"r":"PH-MTN","t":"MCR4"},"C4B":{"r":"PH-VDF","t":"P51"},"C4C":{"r":"PH-CBX","t":"BX2"},"C4D":{"r":"PH-SOE","t":"PC12"},"C50":{"r":"PH-EZL","t":"E190"},"C51":{"r":"PH-EZM","t":"E190"},"C52":{"r":"PH-EZN","t":"E190"},"C53":{"r":"PH-EZO","t":"E190"},"C54":{"r":"PH-EZP","t":"E190"},"C56":{"r":"PH-BCF","t":"FOX"},"C57":{"r":"PH-AJF","t":"PA18"},"C58":{"r":"PH968","t":"GLID"},"C59":{"r":"PH-HSB","t":"B738"},"C5A":{"r":"PH-HSC","t":"B738"},"C5B":{"r":"PH4F1","t":"WT9"},"C5C":{"r":"PH4F2","t":"WT9"},"C5D":{"r":"PH-XGN","t":"RV6"},"C60":{"r":"PH-ISI","t":"RJ03"},"C61":{"r":"PH-TNS","t":"BALL"},"C62":{"r":"PH-IVE","t":"BALL"},"C63":{"r":"PH1455","t":"AS25"},"C64":{"r":"PH1140","t":"GLID"},"C65":{"r":"PH-ZUI","t":"BALL"},"C66":{"r":"PH316","t":"GLID"},"C67":{"r":"PH4A3","t":"ULAC"},"C69":{"r":"PH-PBJ","t":"BALL"},"C6A":{"r":"PH3W8","t":"ULAC"},"C6B":{"r":"PH423","t":"GLID"},"C6C":{"r":"PH760","t":"GLID"},"C6D":{"r":"PH810","t":"GLID"},"C6F":{"r":"PH699","t":"GLID"},"C71":{"r":"PH1013","t":"GLID"},"C72":{"r":"PH1456","t":"DISC"},"C73":{"r":"PH-PST","t":"E50P"},"C74":{"r":"PH357","t":"GLID"},"C75":{"r":"PH395","t":"GLID"},"C76":{"r":"PH431","t":"GLID"},"C77":{"r":"PH1345","t":"GLID"},"C78":{"r":"PH829","t":"GLID"},"C7B":{"r":"PH3W2","t":"ULAC"},"C7F":{"r":"PH-CBO","t":"PELI"},"C80":{"r":"PH3R8","t":"ULAC"},"C81":{"r":"PH1410","t":"LS10"},"C82":{"r":"PH1454","t":"GLID"},"C83":{"r":"PH361","t":"GLID"},"C84":{"r":"PH-UWE"},"C85":{"r":"PH485","t":"GLID"},"C86":{"r":"PH1367","t":"GLID"},"C87":{"r":"PH1070","t":"GLID"},"C88":{"r":"PH3A9","t":"FDCT"},"C89":{"r":"PH1459","t":"GLID"},"C8A":{"r":"PH-WBO","t":"BALL"},"C8C":{"r":"PH-WBQ","t":"BALL"},"C8D":{"r":"PH-WBU","t":"BALL"},"C8E":{"r":"PH4F8","t":"ULAC"},"C8F":{"r":"PH4F9","t":"ULAC"},"C90":{"r":"PH510","t":"GLID"},"C91":{"r":"PH4E9","t":"PITA"},"C92":{"r":"PH1176","t":"GLID"},"C93":{"r":"PH-WDL","t":"PA34"},"C94":{"r":"PH1228","t":"G103"},"C95":{"r":"PH1174","t":"GLID"},"C98":{"r":"PH654","t":"GLID"},"C99":{"r":"PH3J9","t":"FDCT"},"C9A":{"r":"PH731","t":"GLID"},"C9B":{"r":"PH-HXM","t":"B738"},"C9C":{"r":"PH-YMA","t":"GALX"},"C9D":{"r":"PH226","t":"GLID"},"C9F":{"r":"PH-UNA","t":"BALL"},"CA1":{"r":"PH-JNY","t":"BALL"},"CA2":{"r":"PH-RKC","t":"BALL"},"CA3":{"r":"PH-HMG","t":"BALL"},"CA4":{"r":"PH-LOV","t":"BALL"},"CA5":{"r":"PH-MAD","t":"BALL"},"CA6":{"r":"PH-EGG","t":"BALL"},"CA7":{"r":"PH-PED","t":"TBM8"},"CA8":{"r":"PH-PHA","t":"EN48"},"CA9":{"r":"PH192","t":"GLID"},"CAA":{"r":"PH-SOB","t":"BALL"},"CAB":{"r":"PH-LKP","t":"BALL"},"CAC":{"r":"PH4G1","t":"FK14"},"CAE":{"r":"PH482","t":"GLID"},"CAF":{"r":"PH-JCI","t":"PRM1"},"CB0":{"r":"PH4G3","t":"WT9"},"CB1":{"r":"PH4G4","t":"WT9"},"CB3":{"r":"PH416","t":"GLID"},"CB4":{"r":"PH-BCA","t":"B738"},"CB5":{"r":"PH-BGN","t":"B737"},"CB6":{"r":"PH-BGO","t":"B737"},"CB7":{"r":"PH-BGQ","t":"B737"},"CB8":{"r":"PH-BGR","t":"B737"},"CB9":{"r":"PH-BGT","t":"B737"},"CBA":{"r":"PH-BVF","t":"B77W"},"CBB":{"r":"PH-BVG","t":"B77W"},"CBC":{"r":"PH-BVI","t":"B77W"},"CBE":{"r":"PH1457","t":"GLID"},"CBF":{"r":"PH-OEJ","t":"B737"},"CC0":{"r":"PH2X1","t":"ULAC"},"CC1":{"r":"PH-WPS","t":"BALL"},"CC2":{"r":"PH-EZR","t":"E190"},"CC3":{"r":"PH-EZS","t":"E190"},"CC4":{"r":"PH-SSZ","t":"DR40"},"CC5":{"r":"PH-TCM","t":"SIRA"},"CC6":{"r":"PH-AOM","t":"A332"},"CC7":{"r":"PH-MWF","t":"EUPA"},"CC8":{"r":"PH502","t":"GLID"},"CC9":{"r":"PH4G6","t":"PITA"},"CCA":{"r":"PH-BBS","t":"BALL"},"CCB":{"r":"PH-SCP","t":"RV9"},"CCC":{"r":"PH1462","t":"GLID"},"CCD":{"r":"PH-MDY","t":"CP21"},"CCE":{"r":"PH-LSA","t":"CRUZ"},"CCF":{"r":"PH1461","t":"GLID"},"CD1":{"r":"PH1463","t":"GLID"},"CD6":{"r":"PH4F4","t":"ULAC"},"CD8":{"r":"PH-CUE","t":"BALL"},"CD9":{"r":"PH4G7","t":"ULAC"},"CDA":{"r":"PH-GGW","t":"B738"},"CDB":{"r":"PH-BGV","t":"EUPA"},"CDC":{"r":"PH4F7","t":"ULAC"},"CDD":{"r":"PH-PGO","t":"BALL"},"CDE":{"r":"PH-VLT","t":"BALL"},"CDF":{"r":"PH-DHN","t":"BALL"},"CE1":{"r":"PH-UII","t":"BALL"},"CE2":{"r":"PH-FIN","t":"BALL"},"CE4":{"r":"PH707","t":"GLID"},"CE6":{"r":"PH1066","t":"GLID"},"CE8":{"r":"PH-OEM","t":"BALL"},"CEB":{"r":"PH-DJM","t":"FOX"},"CEC":{"r":"PH396","t":"GLID"},"CEE":{"r":"PH-LCT","t":"BALL"},"CEF":{"r":"PH-WJB","t":"BALL"},"CF0":{"r":"PH-VAN","t":"RV9"},"CF1":{"r":"PH661","t":"GLID"},"CF5":{"r":"PH-WEB","t":"BALL"},"CF6":{"r":"PH-PGM","t":"BALL"},"CF7":{"r":"PH-BAP","t":"BALL"},"CF8":{"r":"PH-PCT","t":"C206"},"CFA":{"r":"PH4G2","t":"ULAC"},"CFB":{"r":"PH4H4","t":"ULAC"},"CFC":{"r":"PH-BOZ","t":"BALL"},"CFD":{"r":"PH-DAH","t":"BALL"},"CFE":{"r":"PH-TCS","t":"P32R"},"CFF":{"r":"PH-BRB","t":"BALL"},"D00":{"r":"PH-PDH","t":"BALL"},"D01":{"r":"PH-TDH","t":"BALL"},"D02":{"r":"PH-AJX","t":"FA7X"},"D03":{"r":"PH-WBM","t":"BALL"},"D04":{"r":"PH4G9","t":"ULAC"},"D06":{"r":"PH-EJD","t":"BALL"},"D07":{"r":"PH4H1","t":"ULAC"},"D08":{"r":"PH1467","t":"AS31"},"D0A":{"r":"PH-HSL","t":"BALL"},"D0B":{"r":"PH4G5","t":"ULAC"},"D0C":{"r":"PH-VIG","t":"DA42"},"D0D":{"r":"PH620","t":"GLID"},"D0E":{"r":"PH1212","t":"GLID"},"D0F":{"r":"PH-OYE","t":"B763"},"D10":{"r":"PH-OYI","t":"B763"},"D11":{"r":"PH-OYJ","t":"B763"},"D12":{"r":"PH-FAL","t":"SR22"},"D13":{"r":"PH-SAI","t":"P28R"},"D14":{"r":"PH1466","t":"DIMO"},"D16":{"r":"PH-GCB","t":"BALL"},"D17":{"r":"PH-NHN","t":"BALL"},"D18":{"r":"PH-CRT","t":"BALL"},"D1C":{"r":"PH-ZOK","t":"BALL"},"D1D":{"r":"PH-SOD","t":"BALL"},"D1E":{"r":"PH-ABP","t":"BALL"},"D1F":{"r":"PH-ESH","t":"BALL"},"D20":{"r":"PH-HDK","t":"BALL"},"D22":{"r":"PH-SMR","t":"BALL"},"D23":{"r":"PH-DLB","t":"BALL"},"D24":{"r":"PH-DLY","t":"BALL"},"D25":{"r":"PH-AAN","t":"BALL"},"D26":{"r":"PH-DAJ","t":"BALL"},"D27":{"r":"PH-BEN","t":"BALL"},"D28":{"r":"PH-SIM","t":"BALL"},"D29":{"r":"PH-ROK","t":"BALL"},"D2A":{"r":"PH-AMM","t":"BALL"},"D2B":{"r":"PH-BKB","t":"BALL"},"D2C":{"r":"PH-FEG","t":"BALL"},"D2D":{"r":"PH-MGZ","t":"BALL"},"D2E":{"r":"PH-REM","t":"BALL"},"D31":{"r":"PH-RON","t":"BALL"},"D32":{"r":"PH-RVK","t":"BALL"},"D34":{"r":"PH-KWC","t":"BALL"},"D35":{"r":"PH-AQQ","t":"BALL"},"D36":{"r":"PH-BZZ","t":"BALL"},"D37":{"r":"PH-DJO","t":"BALL"},"D38":{"r":"PH-ENH","t":"BALL"},"D39":{"r":"PH-HDB","t":"BALL"},"D3A":{"r":"PH-JRL","t":"BALL"},"D3B":{"r":"PH-MMB","t":"BALL"},"D3C":{"r":"PH-MMC","t":"BALL"},"D3D":{"r":"PH-MMD","t":"BALL"},"D40":{"r":"PH-EJM","t":"BALL"},"D42":{"r":"PH-EEL","t":"BALL"},"D43":{"r":"PH-SIB","t":"BALL"},"D44":{"r":"PH-IIH","t":"BALL"},"D45":{"r":"PH-HOS","t":"BALL"},"D46":{"r":"PH-KPL","t":"BALL"},"D47":{"r":"PH-IRE","t":"BALL"},"D48":{"r":"PH-PTB","t":"BALL"},"D4B":{"r":"PH-RRZ","t":"BALL"},"D4D":{"r":"PH-ZSL","t":"BALL"},"D51":{"r":"PH-DWB","t":"BALL"},"D54":{"r":"PH-WNG","t":"BALL"},"D57":{"r":"PH-HRJ","t":"BALL"},"D59":{"r":"PH-MME","t":"BALL"},"D5A":{"r":"PH-REG","t":"BALL"},"D5C":{"r":"PH-BOE","t":"BALL"},"D5D":{"r":"PH-JOY","t":"BALL"},"D5E":{"r":"PH-DBV","t":"BALL"},"D5F":{"r":"PH-MOI","t":"BALL"},"D61":{"r":"PH-ALQ","t":"BALL"},"D62":{"r":"PH-EDK","t":"BALL"},"D63":{"r":"PH-BPR","t":"BALL"},"D64":{"r":"PH-HFR","t":"BALL"},"D65":{"r":"PH-BJB","t":"BALL"},"D67":{"r":"PH-LBH","t":"BALL"},"D68":{"r":"PH-AYF","t":"BALL"},"D69":{"r":"PH-KMM","t":"BALL"},"D6B":{"r":"PH-GDR","t":"BALL"},"D6C":{"r":"PH-INT","t":"BALL"},"D6D":{"r":"PH-ESV","t":"BALL"},"D6E":{"r":"PH-TUA","t":"BALL"},"D6F":{"r":"PH-RDA","t":"BALL"},"D70":{"r":"PH-WIJ","t":"BALL"},"D71":{"r":"PH-GMZ","t":"BALL"},"D72":{"r":"PH-JBA","t":"BALL"},"D73":{"r":"PH-RTK","t":"BALL"},"D74":{"r":"PH-GOG","t":"BALL"},"D75":{"r":"PH-SJK","t":"BALL"},"D77":{"r":"PH-VBO","t":"BALL"},"D7E":{"r":"PH-LOT","t":"BALL"},"D80":{"r":"PH-AYS","t":"BALL"},"D86":{"r":"PH4D8","t":"ULAC"},"D88":{"r":"PH1095","t":"GLID"},"D89":{"r":"PH2V4","t":"ULAC"},"D8B":{"r":"PH3D4","t":"ULAC"},"D8D":{"r":"PH3E1","t":"ULAC"},"D8E":{"r":"PH194","t":"GLID"},"D8F":{"r":"PH598","t":"GLID"},"D90":{"r":"PH430","t":"GLID"},"D91":{"r":"PH728","t":"RF5"},"D92":{"r":"PH240","t":"GLID"},"D93":{"r":"PH190","t":"GLID"},"D95":{"r":"PH1139","t":"GLID"},"D99":{"r":"PH319","t":"GLID"},"D9A":{"r":"PH384","t":"GLID"},"D9C":{"r":"PH-UCI","t":"J3"},"D9D":{"r":"PH858","t":"VENT"},"D9E":{"r":"PH1347","t":"GLID"},"DA0":{"r":"PH826","t":"SF25"},"DA1":{"r":"PH856","t":"GLID"},"DA2":{"r":"PH110","t":"GLID"},"DA3":{"r":"PH403","t":"GLID"},"DA5":{"r":"PH279","t":"GLID"},"DA8":{"r":"PH-BLE","t":"BL11"},"DA9":{"r":"PH-LUS","t":"L8"},"DAA":{"r":"PH-FAI","t":"FA24"},"DAF":{"r":"PH3M1","t":"ULAC"},"DB1":{"r":"PH339","t":"GLID"},"DB2":{"r":"PH1V2","t":"ULAC"},"DB3":{"r":"PH2K2","t":"ULAC"},"DB4":{"r":"PH1T6","t":"ULAC"},"DB7":{"r":"PH-GOM","t":"RAF2"},"DB8":{"r":"PH107","t":"GLID"},"DB9":{"r":"PH825","t":"GLID"},"DBA":{"r":"PH262","t":"GLID"},"DBB":{"r":"PH236","t":"GLID"},"DBD":{"r":"PH-ZCR","t":"PA18"},"DBE":{"r":"PH4C1","t":"ULAC"},"DBF":{"r":"PH3L2","t":"ULAC"},"DC3":{"r":"PH1196","t":"GLID"},"DC4":{"r":"PH3G2","t":"ULAC"},"DC5":{"r":"PH271","t":"GLID"},"DC6":{"r":"PH3K5","t":"ULAC"},"DC7":{"r":"PH196","t":"GLID"},"DC8":{"r":"PH1444","t":"GLID"},"DC9":{"r":"PH1170","t":"GLID"},"DCC":{"r":"PH894","t":"GLID"},"DCD":{"r":"PH827","t":"GLID"},"DD2":{"r":"PH819","t":"GLID"},"DD3":{"r":"PH-STV","t":"CP10"},"DD5":{"r":"PH321","t":"GLID"},"DD6":{"r":"PH1002","t":"GLID"},"DD7":{"r":"PH1465","t":"GLID"},"DD8":{"r":"PH567","t":"GLID"},"DD9":{"r":"PH564","t":"GLID"},"DDA":{"r":"PH922","t":"GLID"},"DDB":{"r":"PH272","t":"GLID"},"DDE":{"r":"PH337","t":"GLID"},"DDF":{"r":"PH1009","t":"GLID"},"DE0":{"r":"PH372","t":"GLID"},"DE2":{"r":"PH3L9","t":"ECHO"},"DE3":{"r":"PH2M9","t":"ULAC"},"DE6":{"r":"PH-DAC","t":"RNGR"},"DE7":{"r":"PH1Y3","t":"ULAC"},"DE8":{"r":"PH2W2","t":"ULAC"},"DE9":{"r":"PH1Z7","t":"ULAC"},"DEA":{"r":"PH752","t":"GLID"},"DEC":{"r":"PH808","t":"GLID"},"DED":{"r":"PH-HGL","t":"F8L"},"DEF":{"r":"PH860","t":"GLID"},"DF3":{"r":"PH1184","t":"DISC"},"DF4":{"r":"PH239","t":"GLID"},"DF5":{"r":"PH2P5","t":"ULAC"},"DF7":{"r":"PH260","t":"GLID"},"DF8":{"r":"PH2G3","t":"ULAC"},"DFA":{"r":"PH4D5","t":"ECHO"},"DFB":{"r":"PH874","t":"GLID"},"DFC":{"r":"PH1329","t":"GLID"},"DFD":{"r":"PH870","t":"GLID"},"DFE":{"r":"PH58","t":"GLID"},"DFF":{"r":"PH449","t":"GLID"},"E00":{"r":"PH1394","t":"GLID"},"E02":{"r":"PH514","t":"GLID"},"E03":{"r":"PH1163","t":"ULAC"},"E04":{"r":"PH1452","t":"ULAC"},"E05":{"r":"PH1045","t":"GLID"},"E06":{"r":"PH409","t":"GLID"},"E07":{"r":"PH1449","t":"GLID"},"E08":{"r":"PH1380","t":"GLID"},"E09":{"r":"PH558","t":"GLID"},"E0A":{"r":"PH-TMH","t":"PA38"},"E0C":{"r":"PH-RVC","t":"GYRO"},"E0D":{"r":"PH-RVF","t":"TSTR"},"E11":{"r":"PH1252","t":"GLID"},"E12":{"r":"PH547","t":"GLID"},"E14":{"r":"PH-NET","t":"AUS5"},"E15":{"r":"PH568","t":"GLID"},"E16":{"r":"PH-PHX","t":"HUSK"},"E17":{"r":"PH-NEH","t":"ACAR"},"E1C":{"r":"PH425","t":"GLID"},"E1D":{"r":"PH312","t":"GLID"},"E1E":{"r":"PH822","t":"GLID"},"E20":{"r":"PH746","t":"G109"},"E21":{"r":"PH1413","t":"GLID"},"E22":{"r":"PH-RVG","t":"P28A"},"E23":{"r":"PH118","t":"GLID"},"E24":{"r":"PH167","t":"GLID"},"E26":{"r":"PH2N2","t":"ULAC"},"E28":{"r":"PH2K5","t":"ULAC"},"E29":{"r":"PH2A2","t":"ULAC"},"E2A":{"r":"PH-KER","t":"LNC2"},"E2B":{"r":"PH-UCS","t":"J3"},"E2E":{"r":"PH2P6","t":"ULAC"},"E2F":{"r":"PH2U2","t":"ULAC"},"E31":{"r":"PH-KLJ","t":"BX2"},"E33":{"r":"PH288","t":"GLID"},"E34":{"r":"PH2Z2","t":"ULAC"},"E36":{"r":"PH1223","t":"GLID"},"E38":{"r":"PH-LMJ","t":"C150"},"E3A":{"r":"PH210","t":"GLID"},"E3C":{"r":"PH1239","t":"GLID"},"E3D":{"r":"PH1130","t":"GLID"},"E3E":{"r":"PH-APA","t":"PA18"},"E41":{"r":"PH1421","t":"GLID"},"E42":{"r":"PH388","t":"GLID"},"E47":{"r":"PH3X8","t":"ULAC"},"E48":{"r":"PH3D8","t":"ULAC"},"E49":{"r":"PH2D1","t":"ULAC"},"E4A":{"r":"PH206","t":"GLID"},"E4B":{"r":"PH1122","t":"GLID"},"E4C":{"r":"PH2Z1","t":"ULAC"},"E4D":{"r":"PH408","t":"GLID"},"E4E":{"r":"PH801","t":"GLID"},"E4F":{"r":"PH104","t":"GLID"},"E50":{"r":"PH397","t":"GLID"},"E58":{"r":"PH3C4","t":"ULAC"},"E59":{"r":"PH2X8","t":"ULAC"},"E5A":{"r":"PH3R7","t":"ULAC"},"E5B":{"r":"PH3K3","t":"ULAC"},"E5C":{"r":"PH3S8","t":"ULAC"},"E5D":{"r":"PH3A7","t":"ULAC"},"E5E":{"r":"PH2Y8","t":"ULAC"},"E5F":{"r":"PH4D9","t":"ULAC"},"E60":{"r":"PH762","t":"GLID"},"E61":{"r":"PH938","t":"GLID"},"E62":{"r":"PH404","t":"GLID"},"E63":{"r":"PH463","t":"GLID"},"E65":{"r":"PH1226","t":"GLID"},"E67":{"r":"PH1288","t":"GLID"},"E68":{"r":"PH412","t":"GLID"},"E6A":{"r":"PH1464","t":"GLID"},"E6E":{"r":"PH198","t":"GLID"},"E6F":{"r":"PH1091","t":"GLID"},"E71":{"r":"PH-OPA","t":"SV4"},"E73":{"r":"PH755","t":"GLID"},"E76":{"r":"PH1400","t":"GLID"},"E77":{"r":"PH1335","t":"GLID"},"E7B":{"r":"PH276","t":"GLID"},"E7C":{"r":"PH176","t":"GLID"},"E7D":{"r":"PH-BAD","t":"C172"},"E7E":{"r":"PH-TGV","t":"C172"},"E7F":{"r":"PH4B1","t":"ULAC"},"E80":{"r":"PH-NCE","t":"ERCO"},"E81":{"r":"PH1259","t":"GLID"},"E83":{"r":"PH1396","t":"GLID"},"E84":{"r":"PH264","t":"GLID"},"E85":{"r":"PH483","t":"GLID"},"E86":{"r":"PH-XXV","t":"B25"},"E87":{"r":"PH911","t":"GLID"},"E88":{"r":"PH2V6","t":"ECHO"},"E89":{"r":"PH103","t":"GLID"},"E8A":{"r":"PH701","t":"GLID"},"E8B":{"r":"PH1165","t":"GLID"},"E8C":{"r":"PH1024","t":"GLID"},"E8D":{"r":"PH1023","t":"GLID"},"E8E":{"r":"PH435","t":"GLID"},"E8F":{"r":"PH90","t":"GLID"},"E90":{"r":"PH105","t":"GLID"},"E91":{"r":"PH3W4","t":"ULAC"},"E92":{"r":"PH275","t":"GLID"},"E93":{"r":"PH324","t":"GLID"},"E94":{"r":"PH-IBU","t":"RALL"},"E95":{"r":"PH364","t":"GLID"},"E97":{"r":"PH636","t":"GLID"},"E9A":{"r":"PH291","t":"GLID"},"E9B":{"r":"PH-PLK","t":"GY80"},"E9C":{"r":"PH3E6","t":"ULAC"},"E9D":{"r":"PH3T3","t":"ULAC"},"EA3":{"r":"PH962","t":"GLID"},"EA4":{"r":"PH799","t":"GLID"},"EA5":{"r":"PH-LFC","t":"SUBA"},"EA6":{"r":"PH-CCI","t":"JS32"},"EA9":{"r":"PH-SPN"},"EAA":{"r":"PH-CRI","t":"MC10"},"EAC":{"r":"PH4A9","t":"ULAC"},"EAE":{"r":"PH-RVH","t":"CP32"},"EAF":{"r":"PH-CVH","t":"FB1B"},"EB0":{"r":"PH-PYL","t":"LNC2"},"EB1":{"r":"PH-PUL","t":"PULS"},"EB2":{"r":"PH343","t":"GLID"},"EB7":{"r":"PH814","t":"GLID"},"EB9":{"r":"PH2H7","t":"ULAC"},"EBC":{"r":"PH1V1","t":"ULAC"},"EBF":{"r":"PH2D7","t":"ULAC"},"EC0":{"r":"PH1R3","t":"ULAC"},"EC1":{"r":"PH2T6","t":"ULAC"},"EC2":{"r":"PH919","t":"GLID"},"EC4":{"r":"PH2Y3","t":"ULAC"},"EC5":{"r":"PH2S2","t":"ULAC"},"ECB":{"r":"PH2W3","t":"ULAC"},"ECC":{"r":"PH1021","t":"GLID"},"ECD":{"r":"PH3C8","t":"ULAC"},"ED1":{"r":"PH315","t":"GLID"},"ED4":{"r":"PH365","t":"GLID"},"ED9":{"r":"PH-PJO","t":"CRUZ"},"EDA":{"r":"PH1407","t":"GLID"},"EDB":{"r":"PH1448","t":"GLID"},"EDC":{"r":"PH1450","t":"GLID"},"EDD":{"r":"PH1468","t":"GLID"},"EDE":{"r":"PH-DCI","t":"JS32"},"EDF":{"r":"PH4H6","t":"ULAC"},"EE0":{"r":"PH-KLT","t":"RV3"},"EE1":{"r":"PH4H5","t":"VL3"},"EE2":{"r":"PH-FAJ","t":"BALL"},"EE3":{"r":"PH-HRT","t":"BALL"},"EE4":{"r":"PH-HSD","t":"B738"},"EE5":{"r":"PH-HSE","t":"B738"},"EE7":{"r":"PH1469","t":"GLID"},"EEB":{"r":"PH-IRM","t":"PULS"},"EEC":{"r":"PH4H9","t":"ULAC"},"EED":{"r":"PH1470","t":"AS31"},"EEF":{"r":"PH4H2","t":"SIRA"},"EF0":{"r":"PH-JAB","t":"BALL"},"EF3":{"r":"PH-EHI","t":"JAB4"},"EF4":{"r":"PH1471","t":"DUOD"},"EF5":{"r":"PH-SAM","t":"PA44"},"EF6":{"r":"PH-OBO","t":"RV7"},"EF9":{"r":"PH1473","t":"VENT"},"EFA":{"r":"PH-PKD","t":"C56X"},"EFB":{"r":"PH-TBJ","t":"BX2"},"EFD":{"r":"PH-ITW","t":"C421"},"EFE":{"r":"PH1474","t":"GLID"},"F00":{"r":"PH-AMC","t":"C206"},"F01":{"r":"PH-TFD","t":"B738"},"F02":{"r":"PH-HUT","t":"BALL"},"F03":{"r":"PH-ZWS","t":"E300"},"F05":{"r":"PH1475","t":"AS25"},"F06":{"r":"PH-BGM","t":"B737"},"F07":{"r":"PH-BGP","t":"B737"},"F08":{"r":"PH1472","t":"DUOD"},"F0A":{"r":"PH203","t":"GLID"},"F0B":{"r":"PH-BLW","t":"KL07"},"F0C":{"r":"PH-CJW","t":"BALL"},"F0D":{"r":"PH4J1","t":"FK9"},"F0E":{"r":"PH-FLP","t":"DV20"},"F0F":{"r":"PH-ZIP","t":"EUPA"},"F11":{"r":"PH4J2","t":"PITA"},"F12":{"r":"PH1483","t":"GLID"},"F13":{"r":"PH-GGX","t":"B738"},"F14":{"r":"PH-GGZ","t":"B738"},"F15":{"r":"PH-BGU","t":"B737"},"F16":{"r":"PH-BGW","t":"B737"},"F17":{"r":"PH-BGX","t":"B737"},"F18":{"r":"PH-BCB","t":"B738"},"F19":{"r":"PH-IAO","t":"F8L"},"F1A":{"r":"PH-PEZ","t":"R44"},"F1B":{"r":"PH4J3","t":"FDCT"},"F1C":{"r":"PH1484","t":"GLID"},"F1E":{"r":"PH1479","t":"GLID"},"F1F":{"r":"PH-TPH","t":"BALL"},"F21":{"r":"PH1477","t":"DUOD"},"F23":{"r":"PH-NEM","t":"BALL"},"F25":{"r":"PH-NIS","t":"TAMP"},"F26":{"r":"PH2W1","t":"ULAC"},"F27":{"r":"PH-PGU","t":"BALL"},"F28":{"r":"PH-IER","t":"BALL"},"F29":{"r":"PH1482","t":"GLID"},"F2A":{"r":"PH-GAS","t":"BALL"},"F2B":{"r":"PH-ENG","t":"JUNR"},"F2E":{"r":"PH-CDE","t":"B738"},"F2F":{"r":"PH-WBI","t":"BALL"},"F31":{"r":"PH-VRY","t":"BALL"},"F32":{"r":"PH201","t":"GLID"},"F34":{"r":"PH4D7","t":"ULAC"},"F35":{"r":"PH-WBD","t":"BALL"},"F36":{"r":"PH-JLJ","t":"BALL"},"F38":{"r":"PH-TYM","t":"BALL"},"F39":{"r":"PH-AAB","t":"BALL"},"F3A":{"r":"PH-TFF","t":"B738"},"F3B":{"r":"PH1485","t":"NIMB"},"F3C":{"r":"PH-ZTI","t":"EUPA"},"F3D":{"r":"PH4J6","t":"ULAC"},"F3E":{"r":"PH1481","t":"GLID"},"F3F":{"r":"PH-HRM","t":"C56X"},"F40":{"r":"PH1486","t":"VENT"},"F41":{"r":"PH-LSR"},"F42":{"r":"PH4J8","t":"ULAC"},"F43":{"r":"PH-FVS","t":"BALL"},"F44":{"r":"PH4J7","t":"WT9"},"F45":{"r":"PH1480","t":"GLID"},"F46":{"r":"PH-LHU","t":"SIRA"},"F48":{"r":"PH-ERA","t":"SRAI"},"F49":{"r":"PH-ONK","t":"SR22"},"F4A":{"r":"PH-EDP","t":"BALL"},"F4B":{"r":"PH-SJN","t":"SR22"},"F4D":{"r":"PH-TTC","t":"C172"},"F4F":{"r":"PH-NIN","t":"RV3"},"F50":{"r":"PH-CTH","t":"F2TH"},"F51":{"r":"PH-AIR","t":"BALL"},"F52":{"r":"PH-NDB","t":"BALL"},"F53":{"r":"PH-POB","t":"BALL"},"F54":{"r":"PH-VET","t":"BALL"},"F56":{"r":"PH-VWC","t":"BX2"},"F57":{"r":"PH1AA","t":"ZZZZ"},"F59":{"r":"PH-SPO","t":"P28A"},"F5A":{"r":"PH-LVA","t":"D7"},"F5B":{"r":"PH-DTP","t":"BE40"},"F5C":{"r":"PH1487","t":"DUOD"},"F5D":{"r":"PH-PVR","t":"SR22"},"F5E":{"r":"PH-VAT","t":"BALL"},"F5F":{"r":"PH-GEB","t":"SR22"},"F60":{"r":"PH-MFA","t":"DA42"},"F63":{"r":"PH4J9","t":"SIRA"},"F64":{"r":"PH-1488","t":"DG80"},"F65":{"r":"PH-CAS","t":"BALL"},"F66":{"r":"PH1489","t":"DUOD"},"F67":{"r":"PH1490","t":"GLID"},"F68":{"r":"PH1491","t":"GLID"},"F69":{"r":"PH-DIN","t":"BALL"},"F6B":{"r":"PH-JND","t":"C56X"},"F6C":{"r":"PH-HSF","t":"B738"},"F6D":{"r":"PH-HSG","t":"B738"},"F6E":{"r":"PH-RKO","t":"BALL"},"F6F":{"r":"PH832","t":"GLID"},"F71":{"r":"PH-AKA","t":"A333"},"F72":{"r":"PH-AKB","t":"A333"},"F73":{"r":"PH-AKD","t":"A333"},"F74":{"r":"PH-LND","t":"F100"},"F76":{"r":"PH-EUE","t":"A139"},"F7A":{"r":"PH4E4","t":"ULAC"},"F7B":{"r":"PH4E6","t":"ULAC"},"F7C":{"r":"PH-EZT","t":"E190"},"F7D":{"r":"PH-EZU","t":"E190"},"F7E":{"r":"PH-EZV","t":"E190"},"F7F":{"r":"PH-EZW","t":"E190"},"F80":{"r":"PH-EZX","t":"E190"},"F81":{"r":"PH1496","t":"ARCP"},"F83":{"r":"PH1495","t":"GLID"},"F84":{"r":"PH4K2","t":"ECHO"},"F85":{"r":"PH1503","t":"AS28"},"F86":{"r":"PH-VMM","t":"S22T"},"F87":{"r":"PH4E5","t":"ULAC"},"F88":{"r":"PH-EPC","t":"BALL"},"F89":{"r":"PH-CRG","t":"PNR4"},"F8A":{"r":"PH1502","t":"DUOD"},"F8B":{"r":"PH1501","t":"HB21"},"F8C":{"r":"PH80","t":"GLID"},"F8D":{"r":"PH1497","t":"GLID"},"F8E":{"r":"PH4H8","t":"ECHO"},"F8F":{"r":"PH-TOM","t":"PA18"},"F91":{"r":"PH-EUF","t":"A139"},"F94":{"r":"PH-GOO","t":"EUPA"},"F95":{"r":"PH1507","t":"DIMO"},"F96":{"r":"PH-IPJ","t":"GLAS"},"F97":{"r":"PH-GRK","t":"BALL"},"F98":{"r":"PH-GRL","t":"BALL"},"F99":{"r":"PH-GRM","t":"BALL"},"F9A":{"r":"PH-DVS","t":"CH70"},"F9C":{"r":"PH1505","t":"GLID"},"F9E":{"r":"PH-SEP","t":"RV12"},"F9F":{"r":"PH1508","t":"GLID"},"FA1":{"r":"PH-DWH","t":"TAMP"},"FA2":{"r":"PH-TGL","t":"P28A"},"FA3":{"r":"PH-ARI","t":"CRUZ"},"FA4":{"r":"PH1509","t":"VENT"},"FA5":{"r":"PH-EGM","t":"DA40"},"FA6":{"r":"PH-FUN","t":"CH7A"},"FA7":{"r":"PH4K4","t":"WT9"},"FA8":{"r":"PH1510","t":"GLID"},"FA9":{"r":"PH-EBR","t":"F900"},"FAA":{"r":"PH-SHC","t":"GLSP"},"FAB":{"r":"PH-CDF","t":"B738"},"FAD":{"r":"PH-AON","t":"A332"},"FAE":{"r":"PH-NOA","t":"BALL"},"FAF":{"r":"PH-KMJ","t":"CRUZ"},"FB0":{"r":"PH1511","t":"GLID"},"FB1":{"r":"PH-APW","t":"SR20"},"FB2":{"r":"PH-BZT","t":"RV12"},"FB3":{"r":"PH-DHA","t":"A210"},"FB6":{"r":"PH1512","t":"VENT"},"FB9":{"r":"PH-EJW","t":"BALL"},"FBA":{"r":"PH-RTC","t":"EVSS"},"FBB":{"r":"PH-ODR","t":"BALL"},"FBC":{"r":"PH-PPY","t":"BALL"},"FBD":{"r":"PH-FDD","t":"B738"},"FBE":{"r":"PH4K5","t":"ULAC"},"FBF":{"r":"PH-VNV","t":"BALL"},"FC1":{"r":"PH-PBS","t":"BALL"},"FC3":{"r":"PH-FIM","t":"VTRA"},"FC4":{"r":"PH1506","t":"GLID"},"FC6":{"r":"PH1494","t":"GLID"},"FC8":{"r":"PH-CTT","t":"BALL"},"FCA":{"r":"PH-NVZ","t":"BALL"},"FCB":{"r":"PH-TOJ","t":"BALL"},"FCC":{"r":"PH-EJJ","t":"BALL"},"FCD":{"r":"PH-JGG","t":"BALL"},"FD0":{"r":"PH-AQC","t":"F100"},"FD2":{"r":"PH-CMT","t":"RENE"},"FD3":{"r":"PH-SOR","t":"BALL"},"FD4":{"r":"PH-PKX","t":"C750"},"FD6":{"r":"PH-FBH","t":"A139"},"FD7":{"r":"PH-DCG","t":"A139"},"FD8":{"r":"PH-MJJ","t":"BALL"},"FD9":{"r":"PH1AB","t":"ZZZZ"},"FDA":{"r":"PH-HBG","t":"BALL"},"FDB":{"r":"PH-LSC","t":"G202"},"FDE":{"r":"PH-BCD","t":"B738"},"FDF":{"r":"PH-BCE","t":"B738"},"FE0":{"r":"PH-HHT","t":"BALL"},"FE3":{"r":"PH-SJC","t":"BALL"},"FE5":{"r":"PH-OFV","t":"BALL"},"FE6":{"r":"PH-KLQ","t":"A210"},"FEC":{"r":"PH-RWY","t":"B105"},"FF2":{"r":"PH-PLP","t":"RV7"},"FF3":{"r":"PH1515","t":"NIMB"},"FF4":{"r":"PH-ENK","t":"R44"},"FF5":{"r":"PH-YAK","t":"YK52"},"FF6":{"r":"PH-DTW","t":"YK52"},"FF7":{"r":"PH-DTM","t":"YK52"},"FF8":{"r":"PH-DTX","t":"YK52"},"FF9":{"r":"PH1513","t":"GLID"},"FFA":{"r":"PH-JPS","t":"R44"},"FFB":{"r":"PH1121","t":"ULAC"},"FFC":{"r":"PH-KWI","t":"YK52"},"FFD":{"r":"PH-YAX","t":"YK52"},"FFF":{"r":"PH-AKE","t":"A333"}}