{"00001":{"r":"T7-FRA","t":"C525"},"00002":{"r":"T7-BIG","t":"SR22"},"00008":{"r":"T7-VII","t":"C650"},"00013":{"r":"T7-IAC","t":"SR22"},"00037":{"r":"T7-PBL","t":"PC12"},"0003C":{"r":"T7-NIK","t":"F2TH"},"0003D":{"r":"T7-NES","t":"PRM1"},"00040":{"r":"T7-TIL","t":"GLF5"},"00049":{"r":"T7-MJB","t":"F900"},"0004B":{"r":"T7-NTF","t":"SR22"},"0004C":{"r":"T7-TAN","t":"C750"},"00058":{"r":"T7-MRA","t":"A320"},"00059":{"r":"T7-MRB","t":"A320"},"0005A":{"r":"T7-MRC","t":"A320"},"0005B":{"r":"T7-MRD","t":"A320"},"0005C":{"r":"T7-TUN","t":"H25B"},"00065":{"r":"T7-SCI","t":"LJ45"},"0006C":{"r":"T7-AEA","t":"EA50"},"00070":{"r":"T7-AWO","t":"FA50"},"0007B":{"r":"T7-BCH","t":"CL60"},"00081":{"r":"T7-OAM","t":"CRJ2"},"00082":{"r":"T7-BPJ","t":"PC12"},"00091":{"r":"T7-ARG","t":"GLF5"},"0009E":{"r":"T7-VYT","t":"E50P"},"000A3":{"r":"T7-AAA","t":"GLEX"},"000AC":{"r":"T7-APP","t":"C25A"},"000AF":{"r":"T7-DMA","t":"CL60"},"000B2":{"r":"T7-MGA","t":"FDCT"},"000B3":{"r":"T7-MRE","t":"A320"},"000B4":{"r":"T7-ISH","t":"LJ60"},"000B9":{"r":"T7-PRM","t":"GALX"},"000BB":{"r":"T7-MRF","t":"A320"},"000C0":{"r":"T7-LRW","t":"GL5T"},"000C1":{"r":"T7-MAB","t":"A319"},"000CA":{"r":"T7-FGL","t":"GL5T"},"000CC":{"r":"T7-URJ","t":"F2TH"},"000CE":{"r":"T7-GQM","t":"GLEX"},"000CF":{"r":"T7-AZH","t":"GLF4"},"000D0":{"r":"T7-MBH","t":"E35L"},"000D1":{"r":"T7-ONE","t":"F2TH"},"000D3":{"r":"T7-SSM","t":"GLEX"},"000D4":{"r":"T7-KPC","t":"E35L"},"000D7":{"r":"T7-SBH","t":"E190"},"000D8":{"r":"T7-FMS","t":"C525"},"000D9":{"r":"T7-TAA","t":"GL5T"},"000DA":{"r":"T7-ACA","t":"C525"},"000DD":{"r":"T7-PNI","t":"E35L"},"000DF":{"r":"T7-ZZZ","t":"GLF4"},"000E1":{"r":"T7-IXS"},"000E2":{"r":"T7-JAT","t":"GLEX"},"000E6":{"r":"T7-SAL","t":"GLF4"},"000EA":{"r":"T7-FTH","t":"A310"},"000EB":{"r":"T7-SKA","t":"GLEX"},"000EE":{"r":"T7-IFS","t":"E35L"},"000F1":{"r":"T7-RSP","t":"GLEX"},"000F5":{"r":"T7-MHA","t":"CL60"},"000F8":{"r":"T7-MVM","t":"C550"},"000F9":{"r":"T7-OKY","t":"GLEX"},"000FA":{"r":"T7-DSD","t":"G150"},"000FB":{"r":"T7-OIL","t":"GALX"},"00103":{"r":"T7-MNG","t":"CL60"},"00104":{"r":"T7-CAM","t":"GLEX"},"00108":{"r":"T7-SLA","t":"CRJ2"},"00109":{"r":"T7-GIV","t":"GLF4"},"0010A":{"r":"T7-EZE","t":"CL60"},"0010B":{"r":"T7-LKT","t":"GLF6"},"00112":{"r":"T7-MSH","t":"C56X"},"00113":{"r":"T7-WMB","t":"GLEX"},"00114":{"r":"T7-HHL","t":"H25B"},"00116":{"r":"T7-IVM","t":"E35L"},"00117":{"r":"T7-FBQ","t":"GL5T"},"00119":{"r":"T7-DNK","t":"CL35"},"0011A":{"r":"T7-OCC","t":"C750"},"0011B":{"r":"T7-OCH","t":"CL60"},"0011D":{"r":"T7-BCS","t":"FA7X"},"0011F":{"r":"T7-PAL","t":"B737"},"00122":{"r":"T7-RON","t":"GALX"},"00124":{"r":"T7-MAK","t":"B737"},"00125":{"r":"T7-MMZ","t":"C25M"},"00126":{"r":"T7-MPI","t":"E35L"},"00127":{"r":"T7-CMD","t":"F900"},"00128":{"r":"T7-BBC","t":"PRM1"},"0012B":{"r":"T7-VIP","t":"CL60"},"0012D":{"r":"T7-GTS","t":"GLF6"},"0012E":{"r":"T7-GSA","t":"B738"},"00131":{"r":"T7-CLA","t":"P180"},"00134":{"r":"T7-SSB","t":"GLEX"},"00138":{"r":"T7-WLA","t":"B737"},"0013F":{"r":"T7-AIG","t":"GLEX"},"00141":{"r":"T7-MIK","t":"FA8X"},"00147":{"r":"T7-AVD","t":"GLEX"},"0014A":{"r":"T7-BLQ","t":"GL5T"},"0014B":{"r":"T7-BGD","t":"CRJ1"},"0014C":{"r":"T7-DNH","t":"HDJT"},"00153":{"r":"T7-PAM","t":"E35L"},"00155":{"r":"T7-VAS","t":"CL60"},"00158":{"r":"T7-AKM","t":"E35L"},"0015A":{"r":"T7-ZIS","t":"CL60"},"0015D":{"r":"T7-RSG","t":"GLF5"},"00160":{"r":"T7-KLT","t":"GLEX"},"00164":{"r":"T7-JCI","t":"E35L"},"00165":{"r":"T7-BSG","t":"C525"},"00168":{"r":"T7-ARN","t":"GLF6"},"00169":{"r":"T7-AIR","t":"CL60"},"0016B":{"r":"T7-KBI","t":"CL60"},"0016E":{"r":"T7-RAY","t":"PC24"},"00170":{"r":"T7-MVA","t":"GLF4"},"00172":{"r":"T7-HGW","t":"SF50"},"00173":{"r":"T7-IDR","t":"CL60"},"00174":{"r":"T7-VVV","t":"E35L"},"00179":{"r":"T7-DYN","t":"CL60"},"0017A":{"r":"T7-GXJ","t":"FA7X"},"0017B":{"r":"T7-GIB","t":"E35L"},"0017C":{"r":"T7-LAM","t":"GL5T"},"00183":{"r":"T7-ACE","t":"GL5T"},"00185":{"r":"T7-AEG","t":"GLF6"},"00186":{"r":"T7-GEM","t":"GLF6"},"00188":{"r":"T7-WZZ","t":"GALX"},"0018A":{"r":"T7-ELL","t":"GLEX"},"0018B":{"r":"T7-VOD","t":"GLF5"},"0018E":{"r":"T7-RCW","t":"F2TH"},"0018F":{"r":"T7-CTA","t":"B735"},"00191":{"r":"T7-LUI","t":"GL5T"},"00193":{"r":"T7-YMF","t":"GL5T"},"00194":{"r":"T7-ASK","t":"A306"},"00199":{"r":"T7-CJK","t":"GLEX"},"0019A":{"r":"T7-SSS","t":"GLEX"},"0019E":{"r":"T7-HHH","t":"A20N"},"0019F":{"r":"T7-AQL","t":"CL60"},"001A0":{"r":"T7-SAI","t":"GL5T"},"001A1":{"r":"T7-TBM","t":"TBM8"},"001A2":{"r":"T7-SKL","t":"GLEX"},"001A4":{"r":"T7-TZE","t":"F2TH"},"001A8":{"r":"T7-KSN","t":"H25B"},"001A9":{"r":"T7-GMC","t":"GL7T"},"001AC":{"r":"T7-MCB","t":"GLEX"},"001B0":{"r":"T7-AQA","t":"CL60"},"001B1":{"r":"T7-CBW","t":"E50P"},"001B2":{"r":"T7-BLN","t":"GLF4"},"001B4":{"r":"T7-RTX","t":"B737"},"001B5":{"r":"T7-SFR","t":"CL60"},"001B9":{"r":"T7-VSR","t":"GL5T"},"001BB":{"r":"T7-CPX","t":"GLF4"},"001BE":{"r":"T7-PET","t":"E50P"},"001BF":{"r":"T7-TIA","t":"FA50"},"001C1":{"r":"T7-ALP","t":"FA50"},"001C4":{"r":"T7-SFG","t":"GLEX"},"001D0":{"r":"T7-GCC","t":"GLF4"},"001D1":{"r":"T7-SYL","t":"E35L"},"001D3":{"r":"T7ME1","t":"A21N"},"001D4":{"r":"T7ME2","t":"A21N"},"001D7":{"r":"T7-VBS","t":"GLEX"},"001D9":{"r":"T7999","t":"GLF6"},"001DB":{"r":"T7ME3","t":"A21N"},"001DC":{"r":"T7ME4","t":"A21N"},"001DE":{"r":"T7-VTR","t":"GL5T"},"001DF":{"r":"T7-CAL","t":"B350"},"001E1":{"r":"T7-JBJ","t":"GLEX"},"001E2":{"r":"T7TM8","t":"B350"},"001E3":{"r":"T7ME7","t":"A21N"},"001E4":{"r":"T7VIP1","t":"CL60"},"001E5":{"r":"T7ME5","t":"A21N"},"001E6":{"r":"T7-YBH","t":"GA6C"},"001E7":{"r":"T7-AEC","t":"C525"},"001E8":{"r":"T7-KIA","t":"GLEX"},"001E9":{"r":"T7JOYY","t":"GLF5"},"001EB":{"r":"T7CSCD","t":"G280"},"001F1":{"r":"T7-MJJ","t":"CL60"},"001F3":{"r":"T7-BBK","t":"GL7T"},"001F5":{"r":"T7-SBR","t":"GALX"},"001F6":{"r":"T7-WIN","t":"GL5T"},"001F8":{"r":"T7-ABH","t":"GLF4"},"001FD":{"r":"T7-KKT","t":"CL60"},"001FE":{"r":"T7-FIS","t":"BE20"},"001FF":{"r":"T7-STJ","t":"CL60"},"00200":{"r":"T7-SST","t":"E55P"},"00203":{"r":"T7-TFC","t":"LJ31"},"00204":{"r":"T7-RMH","t":"CL60"},"00205":{"r":"T7ME6","t":"A21N"},"00206":{"r":"T788DGE","t":"E35L"},"00207":{"r":"T7HHHH","t":"A318"},"00208":{"r":"T7AIRX","t":"BE20"},"0020C":{"r":"T7-AYA","t":"GL7T"},"0020D":{"r":"T7CLX1","t":"C560"},"0020E":{"r":"T7ARES","t":"GLEX"},"0020F":{"r":"T7-ACP","t":"GLF6"},"00213":{"r":"T7ME8","t":"A21N"},"00214":{"r":"T7ME9","t":"A21N"},"00215":{"r":"T7-EGY","t":"GL7T"},"00217":{"r":"T7MASHI","t":"CL60"},"00218":{"r":"T7280","t":"G280"},"0021A":{"r":"T7TLOL","t":"FA7X"},"0021C":{"r":"T7-GNG","t":"GLF4"},"0021D":{"r":"T7-FEE","t":"GLF4"},"0021E":{"r":"T7-MYC","t":"C525"},"00220":{"r":"T7-BLL","t":"H25B"},"00222":{"r":"T7-GER","t":"PC12"},"00223":{"r":"T7-CNC","t":"GLF6"},"00225":{"r":"T7-JSG","t":"E35L"},"00226":{"r":"T7-KBO","t":"E35L"},"0022B":{"r":"T7-ROC","t":"GLEX"},"0022E":{"r":"T7-BBS","t":"H25B"},"00230":{"r":"T7-OWN","t":"GLF6"},"00231":{"r":"T7-NAP","t":"GLF6"},"00232":{"r":"T7AAAA","t":"GLEX"},"00233":{"r":"T7-CLB","t":"GALX"},"00234":{"r":"T7-ULS","t":"A333"},"00236":{"r":"T7818","t":"GLF6"},"00237":{"r":"T7889","t":"E35L"},"00239":{"r":"T7-LJA","t":"GLF4"},"0023B":{"r":"T7CAPE","t":"GA6C"},"0023C":{"r":"T7-AYO","t":"CL60"},"0023D":{"r":"T7-SAY","t":"PC12"},"00241":{"r":"T7-MCV","t":"CL60"},"00242":{"r":"T7688","t":"GL7T"},"00245":{"r":"T7-BBB","t":"P180"},"00246":{"r":"T7NGNG","t":"GLF6"},"00249":{"r":"T7-SRC","t":"CL60"},"0024B":{"r":"T73338","t":"GL5T"},"0024D":{"r":"T7-AXI","t":"TBM7"},"0024F":{"r":"T7-SLK","t":"H25B"},"00250":{"r":"T7-AVO","t":"PRM1"},"00251":{"r":"T7-LBH","t":"E50P"},"00252":{"r":"T7-MRM","t":"H25B"},"00253":{"r":"T7-WSS","t":"GLEX"},"00254":{"r":"T7LASER","t":"E55P"},"00255":{"r":"T7EAGL","t":"FA8X"},"00259":{"r":"T7-AFS","t":"HDJT"},"0025A":{"r":"T7ONEX","t":"FA8X"},"0025B":{"r":"T7-SER","t":"GLEX"},"00260":{"r":"T7-FJA","t":"F900"},"00262":{"r":"T7-SAS","t":"GALX"},"00263":{"r":"T7-ALX","t":"H25B"},"00264":{"r":"T7-MPS","t":"PC24"},"00268":{"r":"T7ACAM","t":"BE40"},"00269":{"r":"T7-JAB","t":"H25B"},"0026B":{"r":"T7HOME","t":"GLEX"},"00272":{"r":"T7-BAT","t":"E35L"},"00274":{"r":"T7TANMG","t":"CL60"},"01001":{"r":"ZA-MAL","t":"B462"},"01002":{"r":"ZA-MEV","t":"B463"},"0100A":{"r":"ZA-AWB","t":"B734"},"0101E":{"r":"ZA-ALB","t":"B734"},"0101F":{"r":"ZA-BEL","t":"A319"},"01020":{"r":"ZA-ALC","t":"B734"},"01021":{"r":"ZA-BBC","t":"A320"},"01C08":{"r":"9A-BTI","t":"A320"},"01C0B":{"r":"9A-LAB","t":"B738"},"01C0C":{"r":"9A-ABC","t":"B738"},"01C0F":{"r":"9A-JET","t":"C25A"},"01C11":{"r":"9A-BTJ","t":"A319"},"01C13":{"r":"9A-BER","t":"A319"},"01C15":{"r":"9A-IRM","t":"A320"},"01C16":{"r":"9A-SHO","t":"A320"},"01CD0":{"r":"9A-CDD","t":"MD82"},"01CFD":{"r":"9A-CTF","t":"A320"},"01D0A":{"r":"9A-BTH","t":"A320"},"01D13":{"r":"9A-CRO","t":"CL60"},"01D18":{"r":"9A-CTG","t":"A319"},"01D1D":{"r":"9A-CTH","t":"A319"},"01D1E":{"r":"9A-CTI","t":"A319"},"01D1F":{"r":"9A-CTJ","t":"A320"},"01D20":{"r":"9A-CTK","t":"A320"},"01D21":{"r":"9A-CTL","t":"A319"},"01D7C":{"r":"9A-BTD","t":"F100"},"01D7D":{"r":"9A-BTE","t":"F100"},"01D82":{"r":"9A-CTM","t":"A319"},"01D84":{"r":"9A-CDA","t":"MD83"},"01D8B":{"r":"9A-CDB","t":"MD83"},"01D8F":{"r":"9A-CDC","t":"MD82"},"01D91":{"r":"9A-CDE","t":"MD82"},"01DB3":{"r":"9A-DWA","t":"C25A"},"01DC6":{"r":"9A-CLN","t":"C25A"},"01DE7":{"r":"9A-JSB","t":"C525"},"01E1B":{"r":"9A-JSC","t":"C25A"},"01E3C":{"r":"9A-BTG","t":"A320"},"01E43":{"r":"9A-JIM","t":"C525"},"01E45":{"r":"9A-JSD","t":"C25A"},"01E6E":{"r":"9A-JIP","t":"C25A"},"01E83":{"r":"9A-CTN","t":"A319"},"02C12":{"r":"YL-RAA","t":"AN26"},"02C13":{"r":"YL-RAB","t":"AN26"},"02C14":{"r":"YL-RAC","t":"AN26"},"02C15":{"r":"YL-RAD","t":"AN26"},"02C21":{"r":"YL-BBA","t":"B735"},"02C22":{"r":"YL-RAE","t":"AN26"},"02C26":{"r":"YL-BBC","t":"A320"},"02C2B":{"r":"YL-BBD","t":"B735"},"02C2F":{"r":"YL-BBE","t":"B735"},"02C30":{"r":"YL-BBF","t":"B735"},"02C31":{"r":"YL-BBG","t":"B735"},"02C36":{"r":"YL-RAG","t":"SF34"},"02C37":{"r":"YL-KSC","t":"PRM1"},"02C38":{"r":"YL-BCB","t":"A320"},"02C3F":{"r":"YL-LCA","t":"A320"},"02C40":{"r":"YL-LCB","t":"A320"},"02C41":{"r":"YL-BBL","t":"B733"},"02C42":{"r":"YL-BBK","t":"B733"},"02C44":{"r":"YL-BBN","t":"B735"},"02C45":{"r":"YL-BBP","t":"B735"},"02C46":{"r":"YL-RAH","t":"SF34"},"02C47":{"r":"YL-LCC","t":"A320"},"02C48":{"r":"YL-LCD","t":"A320"},"02C49":{"r":"YL-BBQ","t":"B735"},"02C4A":{"r":"YL-LCY","t":"B763"},"02C4B":{"r":"YL-LCE","t":"A320"},"02C4C":{"r":"YL-LCZ","t":"A321"},"02C50":{"r":"YL-BBI","t":"B733"},"02C52":{"r":"YL-CHD","t":"P46T"},"02C53":{"r":"YL-BBM","t":"B735"},"02C54":{"r":"YL-BBJ","t":"B733"},"02C55":{"r":"YL-BBX","t":"B733"},"02C56":{"r":"YL-BBY","t":"B733"},"02C57":{"r":"YL-BDB","t":"B752"},"02C58":{"r":"YL-BDC","t":"B752"},"02C59":{"r":"YL-LCF","t":"A320"},"02C62":{"r":"YL-BBR","t":"B733"},"02C63":{"r":"YL-BBS","t":"B733"},"02C64":{"r":"YL-ABA","t":"LJ60"},"02C68":{"r":"YL-BAE","t":"DH8D"},"02C69":{"r":"YL-BAF","t":"DH8D"},"02C6A":{"r":"YL-BAH","t":"DH8D"},"02C6F":{"r":"YL-LCX","t":"A321"},"02C78":{"r":"YL-LCH","t":"A320"},"02C7B":{"r":"YL-BAJ","t":"DH8D"},"02C7C":{"r":"YL-BAQ","t":"DH8D"},"02C80":{"r":"YL-LCI","t":"A320"},"02C84":{"r":"YL-RAI","t":"AN26"},"02C85":{"r":"YL-RAJ","t":"AN26"},"02C87":{"r":"YL-KSD","t":"H25B"},"02C89":{"r":"YL-BBO","t":"B733"},"02C8B":{"r":"YL-LCJ","t":"A320"},"02C8E":{"r":"YL-LCK","t":"A320"},"02C8F":{"r":"YL-LCL","t":"A320"},"02C9C":{"r":"YL-LCM","t":"A320"},"02CA5":{"r":"YL-LCO","t":"A320"},"02CA6":{"r":"YL-LCN","t":"A320"},"02CAC":{"r":"YL-PSH","t":"B738"},"02CC6":{"r":"YL-CSA","t":"BCS3"},"02CC7":{"r":"YL-CSB","t":"BCS3"},"02CC8":{"r":"YL-CSC","t":"BCS3"},"02CCA":{"r":"YL-LCS","t":"A320"},"02CCC":{"r":"YL-LCQ","t":"A321"},"02CCD":{"r":"YL-CSD","t":"BCS3"},"02CCE":{"r":"YL-CSE","t":"BCS3"},"02CCF":{"r":"YL-CSF","t":"BCS3"},"02CD0":{"r":"YL-CSG","t":"BCS3"},"02CD1":{"r":"YL-LCT","t":"A320"},"02CD7":{"r":"YL-CSH","t":"BCS3"},"02CDF":{"r":"YL-LCU","t":"A320"},"02CE3":{"r":"YL-CSI","t":"BCS3"},"02CE4":{"r":"YL-CSJ","t":"BCS3"},"02CE5":{"r":"YL-CSK","t":"BCS3"},"02CE6":{"r":"YL-CSL","t":"BCS3"},"02CE7":{"r":"YL-CSM","t":"BCS3"},"02CE8":{"r":"YL-CSN","t":"BCS3"},"02CED":{"r":"YL-LCV","t":"A321"},"02D0B":{"r":"YL-AAO","t":"BCS3"},"02D0C":{"r":"YL-AAP","t":"BCS3"},"02D0D":{"r":"YL-AAQ","t":"BCS3"},"02D0E":{"r":"YL-AAR","t":"BCS3"},"02D0F":{"r":"YL-AAS","t":"BCS3"},"02D10":{"r":"YL-AAT","t":"BCS3"},"02D16":{"r":"YL-LDA","t":"A321"},"02D17":{"r":"YL-LDB","t":"A321"},"02D23":{"r":"YL-AAU","t":"BCS3"},"02D24":{"r":"YL-AAV","t":"BCS3"},"02D27":{"r":"YL-AAW","t":"BCS3"},"02D28":{"r":"YL-AAX","t":"BCS3"},"02D29":{"r":"YL-AAY","t":"BCS3"},"02D36":{"r":"YL-LDI","t":"A320"},"02D37":{"r":"YL-LDJ","t":"A320"},"02D38":{"r":"YL-LDK","t":"A320"},"02D3E":{"r":"YL-AAZ","t":"BCS3"},"02D3F":{"r":"YL-ABA","t":"BCS3"},"02D43":{"r":"YL-ABB","t":"BCS3"},"02D44":{"r":"YL-ABC","t":"BCS3"},"02D45":{"r":"YL-ABD","t":"BCS3"},"02D46":{"r":"YL-ABE","t":"BCS3"},"02D47":{"r":"YL-ABF","t":"BCS3"},"02D60":{"r":"YL-ONE","t":"E35L"},"02D61":{"r":"YL-REX","t":"E35L"},"02D65":{"r":"YL-ARE","t":"E35L"},"03C01":{"r":"LY-DSK","t":"H25B"},"03C02":{"r":"LY-FSK","t":"H25B"},"03C03":{"r":"LY-SKJ","t":"B752"},"03C2A":{"r":"LY-GGC","t":"B733"},"03C2B":{"r":"LY-GVS","t":"F2TH"},"03C33":{"r":"LY-LTE","t":"BE30"},"03C5B":{"r":"LY-AWD","t":"B735"},"03C5C":{"r":"LY-AWE","t":"B735"},"03C5D":{"r":"LY-AWF","t":"B735"},"03C5E":{"r":"LY-AWG","t":"B735"},"03C5F":{"r":"LY-FLG","t":"B752"},"03C60":{"r":"LY-FLC","t":"B733"},"03C69":{"r":"LY-FLB","t":"B733"},"03C6D":{"r":"LY-FLE","t":"B733"},"03C6E":{"r":"LY-FLH","t":"B733"},"03C6F":{"r":"LY-FLJ","t":"B733"},"03C70":{"r":"LY-AQX","t":"B733"},"03C71":{"r":"LY-AQV","t":"B733"},"03C72":{"r":"LY-SPA","t":"A320"},"03C74":{"r":"LY-SPC","t":"A320"},"03C75":{"r":"LY-SPD","t":"A320"},"03C76":{"r":"LY-AYJ","t":"CRJ2"},"03C7D":{"r":"LY-SPE","t":"B733"},"03C87":{"r":"LY-ARI","t":"AT43"},"03C8B":{"r":"LY-RUM","t":"AT43"},"03C8C":{"r":"LY-ETM","t":"AT43"},"03C8D":{"r":"LY-OOV","t":"AT43"},"03C92":{"r":"LY-DAT"},"03C93":{"r":"LY-MCA","t":"AT72"},"03CAB":{"r":"LY-STG","t":"B737"},"03CB6":{"r":"LY-KLJ","t":"B735"},"03CB7":{"r":"LY-KDT","t":"B735"},"03CB8":{"r":"LY-FLT","t":"B735"},"03CB9":{"r":"LY-JMS","t":"B735"},"03CBA":{"r":"LY-BGS","t":"B733"},"03CBB":{"r":"LY-CHF","t":"B733"},"03CBC":{"r":"LY-MRN","t":"B733"},"03CC5":{"r":"LY-SKW","t":"B733"},"03CC6":{"r":"LY-SKA","t":"B733"},"03CC7":{"r":"LY-SKR","t":"B752"},"03D04":{"r":"LY-APN","t":"AN26"},"03D10":{"r":"LY-BIG","t":"AN2"},"03D15":{"r":"LY-LTD","t":"H25B"},"03D16":{"r":"LY-VTA","t":"CRJ2"},"03D17":{"r":"LY-LTA","t":"H25B"},"03D1A":{"r":"LY-BGH","t":"H25B"},"03D1B":{"r":"LY-BGD","t":"H25B"},"03D20":{"r":"LY-BGC","t":"B733"},"03D23":{"r":"LY-MGC","t":"B734"},"03D24":{"r":"LY-PGC","t":"B734"},"03D25":{"r":"LY-EWE","t":"B733"},"03D28":{"r":"LY-EMU","t":"A320"},"03D29":{"r":"LY-ELF","t":"B733"},"03D2A":{"r":"LY-LEO","t":"A333"},"03D32":{"r":"LY-COB","t":"A320"},"03D33":{"r":"LY-ELK","t":"A320"},"03D34":{"r":"LY-OWL","t":"A320"},"03D38":{"r":"LY-EEL","t":"B734"},"03D39":{"r":"LY-RAM","t":"A319"},"03D3A":{"r":"LY-COD","t":"A319"},"03D6B":{"r":"LY-NZL","t":"A320"},"03D81":{"r":"LY-DOT","t":"AT43"},"03D9E":{"r":"LY-VEX","t":"A320"},"03D9F":{"r":"LY-VEZ","t":"A320"},"03DA0":{"r":"LY-VEY","t":"A320"},"03DA1":{"r":"LY-COS","t":"A320"},"03DA2":{"r":"LY-NVU"},"03DA3":{"r":"LY-COM","t":"A320"},"03DA4":{"r":"LY-VEU","t":"A319"},"03DA5":{"r":"LY-VEV","t":"A320"},"03DA6":{"r":"LY-VET"},"03DA8":{"r":"LY-VER","t":"A320"},"03DA9":{"r":"LY-VEQ","t":"A320"},"03DAA":{"r":"LY-VEP","t":"A320"},"03DAB":{"r":"LY-VEO","t":"A320"},"03DAC":{"r":"LY-VEN","t":"A320"},"03DAF":{"r":"LY-VEW","t":"A320"},"03DB0":{"r":"LY-VEL","t":"A320"},"03DB1":{"r":"LY-VEK","t":"A320"},"03DB3":{"r":"LY-VEI","t":"A320"},"03DB4":{"r":"LY-VEF","t":"A320"},"03DB8":{"r":"LY-VEB","t":"A320"},"03DBD":{"r":"LY-NVY","t":"A320"},"03DBE":{"r":"LY-NVZ","t":"A320"},"03DBF":{"r":"LY-NVV","t":"A320"},"03DC6":{"r":"LY-TKT","t":"A319"},"03DC8":{"r":"LY-NSB","t":"SF34"},"03DCA":{"r":"LY-NSC","t":"SF34"},"03DEB":{"r":"LY-HCW","t":"H25B"},"03E36":{"r":"LY-FJI","t":"A320"},"03E44":{"r":"LY-VUT","t":"A320"},"04C5F":{"r":"ER-AXT","t":"A320"},"04D00":{"r":"UP-I7627","t":"IL76"},"04D51":{"r":"ER-AXV","t":"A320"},"04DD9":{"r":"ER-AXP","t":"A320"},"04DDF":{"r":"ER-LGB","t":"LJ60"},"04DE2":{"r":"ER-ECB","t":"E190"},"04E07":{"r":"ER-KVI","t":"F2TH"},"04E14":{"r":"ER-ECC","t":"E190"},"04E27":{"r":"ER-BAM","t":"B744"},"04E2E":{"r":"ER-AXL","t":"A319"},"04E36":{"r":"ER-JAI","t":"B744"},"04E43":{"r":"ER-BBJ","t":"B744"},"04E44":{"r":"ER-AXM","t":"A319"},"04E48":{"r":"ER-BAT","t":"B742"},"04E49":{"r":"ER-BAC","t":"B744"},"04E4A":{"r":"ER-BAE","t":"B744"},"04E4B":{"r":"ER00002","t":"A319"},"04E4D":{"r":"ER-BAJ","t":"B744"},"04E55":{"r":"ER-AXR","t":"A321"},"04E56":{"r":"ER00004","t":"A320"},"04E57":{"r":"ER00005","t":"A320"},"04E59":{"r":"ER-BAG","t":"B744"},"04E5A":{"r":"ER-BBB","t":"B744"},"04E5F":{"r":"ER-BBC","t":"B744"},"04E60":{"r":"ER-BAR","t":"B742"},"04E61":{"r":"ER-SKY","t":"A319"},"04E64":{"r":"ER00006","t":"A320"},"04E65":{"r":"ER00007","t":"A320"},"04E66":{"r":"ER00021","t":"A320"},"04E68":{"r":"ER-AXA","t":"A320"},"05C06":{"r":"OM-BYA","t":"A319"},"05C07":{"r":"OM-BYB","t":"F100"},"05C08":{"r":"OM-BYC","t":"F100"},"05C09":{"r":"OM-BYK","t":"A319"},"05C2C":{"r":"OM-ALE","t":"BE20"},"05C30":{"r":"OM-AAK","t":"PC12"},"05C47":{"r":"OM-LBG","t":"C25B"},"05C53":{"r":"OM-BLS","t":"C56X"},"05C54":{"r":"OM-GTB","t":"B734"},"05C63":{"r":"OM-CCA","t":"B733"},"05C68":{"r":"OM-HCA","t":"A320"},"05C78":{"r":"OM-CEX","t":"B734"},"05C98":{"r":"OM-DEX","t":"B734"},"05CA5":{"r":"OM-EEX","t":"B734"},"05CB4":{"r":"OM-GTE","t":"B738"},"05CB8":{"r":"OM-IEX","t":"B738"},"05CD7":{"r":"OM-FWW","t":"PRM1"},"05CD8":{"r":"OM-FEX","t":"B738"},"05CE1":{"r":"OM-GTA","t":"B734"},"05CE3":{"r":"OM-ACG","t":"B744"},"05CE6":{"r":"OM-GTF","t":"B738"},"05CF0":{"r":"OM-NGP","t":"B737"},"05CF8":{"r":"OM-GEX","t":"B738"},"05D04":{"r":"OM-HLD","t":"A320"},"05D14":{"r":"OM-GTH","t":"B738"},"05D18":{"r":"OM-HEX","t":"B738"},"05D27":{"r":"OM-OIG","t":"H25B"},"05D49":{"r":"OM-CJI","t":"C525"},"05D58":{"r":"OM-JEX","t":"B738"},"05D78":{"r":"OM-KEX","t":"B738"},"05D82":{"r":"OM-HLB","t":"B733"},"05D83":{"r":"OM-HLC","t":"B733"},"05D85":{"r":"OM-GLE","t":"PRM1"},"05D98":{"r":"OM-LEX","t":"B738"},"05D99":{"r":"OM-FLY","t":"C56X"},"05DA3":{"r":"OM-MCA","t":"C414"},"05DAC":{"r":"OM-LAT","t":"C68A"},"05DCD":{"r":"OM-NTN","t":"GL5T"},"05DD9":{"r":"OM-SYN","t":"C25B"},"05DED":{"r":"OM-GTG","t":"B738"},"05DF0":{"r":"OM-OPA","t":"C25B"},"05E02":{"r":"OM-VPB","t":"PRM1"},"05E05":{"r":"OM-OPE","t":"C25A"},"05E06":{"r":"OM-OPF","t":"F2TH"},"05E12":{"r":"OM-OPR","t":"C525"},"05E13":{"r":"OM-IPS","t":"TBM7"},"05E14":{"r":"OM-VPT","t":"C25B"},"05E41":{"r":"OM-VRA","t":"AT75"},"05E42":{"r":"OM-VRB","t":"AT72"},"05E44":{"r":"OM-VRD","t":"AT72"},"05E61":{"r":"OM-SAA","t":"B734"},"05E63":{"r":"OM-ASC","t":"B733"},"05E64":{"r":"OM-ASD","t":"B733"},"05E65":{"r":"OM-ASE","t":"B733"},"05E67":{"r":"OM-TSG","t":"B738"},"05E6C":{"r":"OM-XLS","t":"C56X"},"05E73":{"r":"OM-USS","t":"H25B"},"05E81":{"r":"OM-TAA","t":"PRM1"},"05E8D":{"r":"OM-ATM","t":"C560"},"05E8E":{"r":"OM-ATN","t":"C55B"},"05E92":{"r":"OM-TVR","t":"B738"},"05E93":{"r":"OM-FTS","t":"C510"},"05EAE":{"r":"OM-FUN","t":"BE20"},"05EC1":{"r":"OM-TVA","t":"B738"},"05EC3":{"r":"OM-VRC","t":"AT72"},"05ED4":{"r":"OM-TVV","t":"PC12"},"05F05":{"r":"OM-BEX","t":"B733"},"05F2F":{"r":"OM-BYO","t":"T154"},"05F32":{"r":"OM-BYR","t":"T154"},"05F3A":{"r":"OM-YKS","t":"C56X"},"06C01":{"r":"S5-AAA","t":"A320"},"06C02":{"r":"S5-AAB","t":"A320"},"06C03":{"r":"S5-AAC","t":"A320"},"06C04":{"r":"S5-AAD","t":"CRJ2"},"06C05":{"r":"S5-AAE","t":"CRJ2"},"06C06":{"r":"S5-AAF","t":"CRJ2"},"06C07":{"r":"S5-AAG","t":"CRJ2"},"06C08":{"r":"S5-AAH","t":"CRJ1"},"06C0A":{"r":"S5-AAI","t":"CRJ2"},"06C0B":{"r":"S5-AAJ","t":"CRJ2"},"06C0C":{"r":"S5-AAK","t":"CRJ9"},"06C0D":{"r":"S5-AAL","t":"CRJ9"},"06C0E":{"r":"S5-ABL","t":"E135"},"06C11":{"r":"S5-ADA","t":"CL60"},"06C13":{"r":"S5-AAM","t":"B735"},"06C15":{"r":"S5-ABS","t":"A30B"},"06C17":{"r":"S5-ADD","t":"CL60"},"06C19":{"r":"S5-AAN","t":"CRJ9"},"06C1A":{"r":"S5-AAO","t":"CRJ9"},"06C1D":{"r":"S5-ALA","t":"E145"},"06C1E":{"r":"S5-ADF","t":"CL60"},"06C1F":{"r":"S5-ADE","t":"CL30"},"06C20":{"r":"S5-ADG","t":"F2TH"},"06C21":{"r":"S5-AAP","t":"A319"},"06C22":{"r":"S5-AAR","t":"A319"},"06C23":{"r":"S5-AAS","t":"A320"},"06C24":{"r":"S5-AAT","t":"A320"},"06C25":{"r":"S5-ZFL","t":"GLEX"},"06C27":{"r":"S5-GMG","t":"GLEX"},"06C28":{"r":"S5-AAU","t":"CRJ9"},"06C30":{"r":"S5-ABW","t":"A306"},"06C31":{"r":"S5-SAD","t":"GLEX"},"06C32":{"r":"S5-JVA","t":"GLF4"},"06C34":{"r":"S5-ACJ","t":"E145"},"06C83":{"r":"S5-BAX","t":"C550"},"06C87":{"r":"S5-BAZ","t":"C56X"},"06C88":{"r":"S5-BBD","t":"C56X"},"06C8D":{"r":"S5-BAV","t":"C56X"},"06C8E":{"r":"S5-BAJ","t":"C525"},"06C8F":{"r":"S5-BAW","t":"C25B"},"06C90":{"r":"S5-BAS","t":"C25A"},"06C91":{"r":"S5-BAR","t":"C25A"},"06C92":{"r":"S5-ABV","t":"B734"},"06C95":{"r":"S5-BDG","t":"C56X"},"06C96":{"r":"S5-BDC","t":"C56X"},"06C97":{"r":"S5-BBG","t":"C550"},"06C99":{"r":"S5-ICR","t":"C56X"},"06CA0":{"r":"S5-ABO","t":"A306"},"06CA3":{"r":"S5-BBC","t":"C56X"},"06CD1":{"r":"S5-CMT","t":"C510"},"06CD7":{"r":"S5-CMM","t":"C501"},"06CDC":{"r":"S5-CMS","t":"C510"},"06D8B":{"r":"S5-CEG","t":"C525"},"06D8D":{"r":"S5-CEF","t":"C525"},"06D8E":{"r":"S5-CES","t":"C25B"},"07C09":{"r":"UK-31001","t":"A310"},"07C0A":{"r":"UK-31002","t":"A310"},"07C0B":{"r":"UK-31003","t":"A310"},"07C28":{"r":"UK-31004","t":"A306"},"07C29":{"r":"UK-31005","t":"A306"},"07C38":{"r":"UK67001","t":"B763"},"07C39":{"r":"UK-67002","t":"B763"},"07C3A":{"r":"UK-32011","t":"A320"},"07C3B":{"r":"UK-32012","t":"A320"},"07C3C":{"r":"UK-32000","t":"A320"},"07C3D":{"r":"UK-32014","t":"A320"},"07C3E":{"r":"UK-32015","t":"A320"},"07C3F":{"r":"UK-32016","t":"A320"},"07C40":{"r":"UK-32017","t":"A320"},"07C41":{"r":"UK-32018","t":"A320"},"07C42":{"r":"UK-32019","t":"A320"},"07C43":{"r":"UK-32020","t":"A320"},"07C44":{"r":"UK67003","t":"B763"},"07C45":{"r":"UK67004","t":"B763"},"07C46":{"r":"UK-75701","t":"B752"},"07C47":{"r":"UK-75702","t":"B752"},"07C48":{"r":"UK67005","t":"B763"},"07C49":{"r":"UK67006","t":"B763"},"08003":{"r":"UR-82029","t":"A124"},"0800B":{"r":"UR-CCC","t":"FA50"},"0800F":{"r":"UR-86528","t":"IL62"},"08011":{"r":"UR-CQW","t":"B733"},"08015":{"r":"UR-82027","t":"A124"},"08019":{"r":"UR-CCB","t":"FA20"},"0801B":{"r":"UR-82007","t":"A124"},"0801C":{"r":"UR-82008","t":"A124"},"0801D":{"r":"UR-82009","t":"A124"},"0801F":{"r":"UR-82072","t":"A124"},"08020":{"r":"UR-82073","t":"A124"},"08021":{"r":"UR-VVA","t":"B733"},"0802D":{"r":"UR-74010","t":"AN72"},"08035":{"r":"UR-82060","t":"A225"},"08056":{"r":"UR-74026","t":"AN72"},"0806B":{"r":"UR-GAJ","t":"B735"},"0806C":{"r":"UR-GAK","t":"B735"},"08072":{"r":"UR-AWB","t":"AN72"},"08080":{"r":"UR-VVF","t":"B763"},"08087":{"r":"UR-GAL","t":"B733"},"0808F":{"r":"UR-CBG","t":"AN12"},"08093":{"r":"UR-GAN","t":"B733"},"08094":{"r":"UR-GAM","t":"B734"},"080AF":{"r":"UR-11819","t":"AN12"},"080B3":{"r":"UR-ZYD","t":"A124"},"080BA":{"r":"UR-CCP","t":"AN12"},"080BB":{"r":"UR-CZZ","t":"AN12"},"080CE":{"r":"UR-GAO","t":"B734"},"080CF":{"r":"UR-CWB","t":"B350"},"080D1":{"r":"UR-CCF","t":"FA50"},"080D5":{"r":"UR-DWD","t":"AN26"},"080DB":{"r":"UR-BXQ","t":"IL76"},"080E5":{"r":"UR-MDA","t":"AN26"},"080E9":{"r":"UR-GAQ","t":"B733"},"080EB":{"r":"UR-NTA","t":"A148"},"080EE":{"r":"UR-VVL","t":"B734"},"080F2":{"r":"UR-GAP","t":"B734"},"080F7":{"r":"UR-VVM","t":"B734"},"080FD":{"r":"UR-CBF","t":"AN12"},"08105":{"r":"UR-CWA","t":"B350"},"08116":{"r":"UR-CEZ","t":"AN12"},"08118":{"r":"UR-GAR","t":"B735"},"0811D":{"r":"UR-GAS","t":"B735"},"08123":{"r":"UR-GAT","t":"B735"},"08124":{"r":"UR-VVN","t":"B734"},"08128":{"r":"UR-DAB","t":"A320"},"08130":{"r":"UR-CFB","t":"AN12"},"0813A":{"r":"UR-HBD","t":"B350"},"0813C":{"r":"UR-UWW","t":"B735"},"08142":{"r":"UR-CLF","t":"FA20"},"08143":{"r":"UR-MOA","t":"FA20"},"08145":{"r":"UR-GAV","t":"B734"},"08147":{"r":"UR-VVO","t":"B763"},"0814D":{"r":"UR-GAW","t":"B735"},"08150":{"r":"UR-VVP","t":"B734"},"08156":{"r":"UR-DWF","t":"AN12"},"08158":{"r":"UR-NOA","t":"FA20"},"0815B":{"r":"UR-CAH","t":"AN12"},"0815C":{"r":"UR-CAG","t":"AN12"},"0815D":{"r":"UR-CAJ","t":"AN12"},"0815F":{"r":"UR-ABA","t":"A319"},"08166":{"r":"UR-CLD","t":"FA20"},"0816E":{"r":"UR-DNA","t":"E145"},"0816F":{"r":"UR-DNB","t":"E145"},"08179":{"r":"UR-CJN","t":"AN12"},"0817E":{"r":"UR-CGU","t":"AN12"},"08188":{"r":"UR-GBC","t":"B735"},"08189":{"r":"UR-DAC","t":"A320"},"0818A":{"r":"UR-DAD","t":"A320"},"0818D":{"r":"UR-DNF","t":"E145"},"08190":{"r":"UR-CGW","t":"AN12"},"08191":{"r":"UR-CGV","t":"AN12"},"0819F":{"r":"UR-VVR","t":"B733"},"081A0":{"r":"UR-WUA","t":"A320"},"081A1":{"r":"UR-DNG","t":"E145"},"081A6":{"r":"UR-FAA","t":"B733"},"081B4":{"r":"UR-RUS","t":"CRJ2"},"081B7":{"r":"UR-DNH","t":"B735"},"081B8":{"r":"UR-ICD","t":"CRJ2"},"081C7":{"r":"UR-VVS","t":"B735"},"081C8":{"r":"UR-GAX","t":"B734"},"081CA":{"r":"UR-WRF","t":"E190"},"081CC":{"r":"UR-WRG","t":"E190"},"081CD":{"r":"UR-WUB","t":"A320"},"081CE":{"r":"UR-VVT","t":"B763"},"081CF":{"r":"UR-GBD","t":"B733"},"081DB":{"r":"UR-BXN","t":"MD83"},"081DF":{"r":"UR-UTB","t":"AT43"},"081E0":{"r":"UR-PME","t":"C25B"},"081E1":{"r":"UR-DWH","t":"C25B"},"081E5":{"r":"UR-DAV","t":"J328"},"081E7":{"r":"UR-UBD","t":"B738"},"081EA":{"r":"UR-CHT","t":"AN26"},"081EB":{"r":"UR-VVU","t":"B735"},"081EC":{"r":"UR-GEA","t":"B763"},"081EE":{"r":"UR-UBC","t":"B738"},"081FB":{"r":"UR-UBA","t":"B738"},"08206":{"r":"UR-OAM","t":"CRJ2"},"08207":{"r":"UR-UBB","t":"B738"},"08210":{"r":"UR-DNN","t":"E145"},"08211":{"r":"UR-DNR","t":"E145"},"08213":{"r":"UR-NTC","t":"A148"},"08215":{"r":"UR-DNV","t":"E145"},"08216":{"r":"UR-DNT","t":"E145"},"08218":{"r":"UR-NTG","t":"B734"},"0821D":{"r":"UR-NTN"},"0822A":{"r":"UR-GED","t":"B763"},"0822B":{"r":"UR-DPB","t":"E145"},"0822C":{"r":"UR-WRJ","t":"A321"},"0822D":{"r":"UR-BXK","t":"AN12"},"0822E":{"r":"UR-WRH","t":"A321"},"0822F":{"r":"UR-WRI","t":"A321"},"08231":{"r":"UR-DAE","t":"A320"},"08232":{"r":"UR-GEC","t":"B763"},"08233":{"r":"UR-CSX","t":"B763"},"0823D":{"r":"UR-CIX","t":"MD88"},"0823E":{"r":"UR-CIY","t":"MD88"},"0823F":{"r":"UR-CIZ","t":"MD88"},"08245":{"r":"UR-AAL","t":"B735"},"08246":{"r":"UR-AAK","t":"B735"},"08247":{"r":"UR-DAK","t":"A320"},"08249":{"r":"UR-DAH","t":"A320"},"0824A":{"r":"UR-WRM","t":"A320"},"0824B":{"r":"UR-DAJ","t":"A320"},"0824F":{"r":"UR-GEB","t":"B763"},"08252":{"r":"UR-CJL","t":"MD88"},"08255":{"r":"UR-ALA","t":"E50P"},"08256":{"r":"UR-UKR","t":"A148"},"0825B":{"r":"UR-DWL","t":"C25B"},"08267":{"r":"UR-EMA","t":"E190"},"08268":{"r":"UR-EMB","t":"E190"},"0826D":{"r":"UR-ALB","t":"E50P"},"0826F":{"r":"UR-CIF","t":"IL76"},"08270":{"r":"UR-CIG","t":"IL76"},"08271":{"r":"UR-AAM","t":"B735"},"08272":{"r":"UR-GBA","t":"B733"},"08278":{"r":"UR-PSE","t":"B738"},"08279":{"r":"UR-PSF","t":"B738"},"0827C":{"r":"UR-LDB","t":"C680"},"0827F":{"r":"UR-KRA","t":"B733"},"08285":{"r":"UR-USB","t":"PRM1"},"0828A":{"r":"UR-PRM","t":"GALX"},"0828C":{"r":"UR-CKA","t":"A320"},"0828D":{"r":"UR-CKB","t":"A320"},"08297":{"r":"UR-AAP","t":"B737"},"08298":{"r":"UR-AAQ","t":"B737"},"0829E":{"r":"UR-CKC","t":"AN72"},"082A0":{"r":"UR-CKL","t":"AN12"},"082A8":{"r":"UR-CKM","t":"AN12"},"082C1":{"r":"UR-ALD","t":"E55P"},"082C7":{"r":"UR-PSH","t":"B738"},"082C8":{"r":"UR-PSG","t":"B738"},"082CB":{"r":"UR-UTQ","t":"B738"},"082D3":{"r":"UR-CLT","t":"B763"},"082E6":{"r":"UR-PSI","t":"B739"},"082E8":{"r":"UR-EME","t":"E190"},"082E9":{"r":"UR-EMD","t":"E190"},"082EA":{"r":"UR-EMC","t":"E190"},"082EF":{"r":"UR-PSK","t":"B739"},"082F0":{"r":"UR-PSL","t":"B739"},"08302":{"r":"UR-PSJ","t":"B739"},"0830E":{"r":"UR-AJA","t":"A320"},"0830F":{"r":"UR-AJB","t":"A320"},"08337":{"r":"UR-CNF","t":"B733"},"08338":{"r":"UR-CNE","t":"B735"},"08366":{"r":"UR-PSM","t":"B738"},"08367":{"r":"UR-CIB","t":"IL76"},"0836B":{"r":"UR-PSN","t":"B738"},"08370":{"r":"UR-PSP","t":"B738"},"08371":{"r":"UR-PSO","t":"B738"},"08377":{"r":"UR-PSR","t":"B738"},"08378":{"r":"UR-CSS","t":"A320"},"08379":{"r":"UR-PSS","t":"B738"},"0837A":{"r":"UR-PSQ","t":"B738"},"0837C":{"r":"UR-PST","t":"B738"},"08387":{"r":"UR-PSU","t":"B738"},"0838C":{"r":"UR-COI","t":"B734"},"08390":{"r":"UR-PSV","t":"B738"},"08395":{"r":"UR-PSW","t":"B738"},"0839B":{"r":"UR-PSX","t":"B738"},"0839C":{"r":"UR-PSY","t":"B738"},"083B4":{"r":"UR-PRT","t":"H25B"},"083BD":{"r":"UR-CSU","t":"A321"},"083BF":{"r":"UR-WRS","t":"H25B"},"083C3":{"r":"UR-WRR","t":"H25B"},"083C9":{"r":"UR-UIA","t":"B738"},"083D0":{"r":"UR-PSZ","t":"B738"},"083D9":{"r":"UR-GOA","t":"B772"},"083DB":{"r":"UR-CQX","t":"B734"},"083DD":{"r":"UR-GOB","t":"B772"},"083DE":{"r":"UR-SQA","t":"B738"},"083DF":{"r":"UR-SQB","t":"B738"},"083E0":{"r":"UR-WRT","t":"A321"},"083E3":{"r":"UR-AZC","t":"B763"},"083E4":{"r":"UR-GOC","t":"B772"},"083EC":{"r":"UR-CRU","t":"A319"},"083F0":{"r":"UR-CRX","t":"MD88"},"083F7":{"r":"UR-CSA","t":"MD82"},"083F8":{"r":"UR-AZD","t":"B763"},"08404":{"r":"UR-SQD","t":"B737"},"08405":{"r":"UR-SQC","t":"B738"},"08406":{"r":"UR-WRV","t":"A321"},"0840A":{"r":"UR-AZE","t":"B738"},"0840D":{"r":"UR-SQF","t":"B738"},"08414":{"r":"UR-EMG","t":"E195"},"0841C":{"r":"UR-SQE","t":"B737"},"0841F":{"r":"UR-CSV","t":"B734"},"08420":{"r":"UR-SQH","t":"B738"},"08421":{"r":"UR-AZF","t":"B738"},"08423":{"r":"UR-AZK","t":"B763"},"08424":{"r":"UR-WRW","t":"A320"},"08425":{"r":"UR-EMF","t":"E195"},"08429":{"r":"UR-SQG","t":"B738"},"08436":{"r":"UR-SQI","t":"B739"},"0843D":{"r":"UR-SQJ","t":"B739"},"08446":{"r":"UR-SQK","t":"B739"},"0844A":{"r":"UR-AZP","t":"B753"},"08479":{"r":"UR-AZG","t":"B738"},"0847B":{"r":"UR-SQL","t":"B739"},"08483":{"r":"UR-WRX","t":"A321"},"0855E":{"r":"UR-CAK","t":"AN12"},"10001":{"r":"EW-85815","t":"T154"},"10002":{"r":"EW-85703","t":"T154"},"1000D":{"r":"EW-78799","t":"IL76"},"10010":{"r":"EW-85748","t":"T154"},"10018":{"r":"EW-85741","t":"T154"},"1001C":{"r":"EW-78843","t":"IL76"},"1001E":{"r":"EW-78779","t":"IL76"},"1001F":{"r":"EW-78819","t":"IL76"},"10020":{"r":"EW-78848","t":"IL76"},"1002A":{"r":"EW-250PA","t":"B735"},"1002B":{"r":"EW-001PA","t":"B738"},"1002C":{"r":"EW-251PA","t":"B735"},"10035":{"r":"EW-100PJ","t":"CRJ1"},"1003B":{"r":"EW-259TG","t":"AN26"},"10041":{"r":"EW-252PA","t":"B735"},"10042":{"r":"EW-253PA","t":"B735"},"10043":{"r":"EW-254PA","t":"B733"},"10045":{"r":"EW-275TI","t":"AN12"},"10046":{"r":"EW-276PJ","t":"CRJ2"},"10047":{"r":"EW-277PJ","t":"CRJ2"},"10048":{"r":"EW-282PA","t":"B733"},"10049":{"r":"EW-283PA","t":"B733"},"1004E":{"r":"EW-290PA","t":"B735"},"10051":{"r":"EW-294PA","t":"B735"},"10055":{"r":"EW-301PJ","t":"CRJ2"},"1005A":{"r":"EW-303PJ","t":"CRJ2"},"1005D":{"r":"EW-308PA","t":"B733"},"1005E":{"r":"EW-001PB","t":"B763"},"10069":{"r":"EW-338TI","t":"AN12"},"1006A":{"r":"EW-336PA","t":"B733"},"1006C":{"r":"EW-340PO","t":"E75S"},"1006D":{"r":"EW-341PO","t":"E75S"},"10076":{"r":"EW-355TH","t":"IL76"},"10077":{"r":"EW-366PA","t":"B733"},"10078":{"r":"EW-356TH","t":"IL76"},"1007F":{"r":"EW-399PO","t":"E195"},"10080":{"r":"EW-400PO","t":"E195"},"10081":{"r":"EW-383TH","t":"IL76"},"10083":{"r":"EW-407PA","t":"B733"},"1008D":{"r":"EW-437PA","t":"B738"},"1008E":{"r":"EW-438PA","t":"B738"},"10099":{"r":"EW-450TR","t":"IL62"},"1009A":{"r":"EW-455PA","t":"B738"},"1009B":{"r":"EW-456PA","t":"B738"},"1009C":{"r":"EW-457PA","t":"B738"},"100A0":{"r":"EW-466TH","t":"IL76"},"100C3":{"r":"EW-465TQ","t":"B743"},"100C6":{"r":"EW-483TI","t":"AN12"},"100E2":{"r":"EW-395TH","t":"IL76"},"100E8":{"r":"EW-501LL","t":"PC12"},"100E9":{"r":"EW-502LL","t":"PC12"},"100FA":{"r":"EW-512PO","t":"E75L"},"100FB":{"r":"EW-513PO","t":"E195"},"100FC":{"r":"EW-514PO","t":"E195"},"10114":{"r":"EW-526PA","t":"B738"},"10115":{"r":"EW-527PA","t":"B738"},"10116":{"r":"EW-528PA","t":"B38M"},"10119":{"r":"EW-531PO","t":"E75L"},"1011A":{"r":"EW-532PO","t":"E195"},"1011B":{"r":"EW-533PO","t":"E195"},"1012B":{"r":"EW-001PJ","t":"GLF5"},"1012C":{"r":"EW-543PA","t":"B738"},"1012D":{"r":"EW-544PA","t":"B738"},"1012E":{"r":"EW-545PO","t":"E195"},"10135":{"r":"EW-554PO","t":"E75L"},"10136":{"r":"EW-500LL","t":"PC12"},"10141":{"r":"EW-556TQ","t":"B744"},"10143":{"r":"EW-555PO","t":"E295"},"10146":{"r":"EW-505TR","t":"IL62"},"1014B":{"r":"EW-563PO","t":"E295"},"1014C":{"r":"EW-560PO","t":"E295"},"1100C":{"r":"ES-ABH","t":"B735"},"1100F":{"r":"ES-PVS","t":"LJ60"},"11029":{"r":"ES-ABJ","t":"B733"},"1102B":{"r":"ES-PVD","t":"LJ31"},"1102E":{"r":"ES-PVP","t":"LJ60"},"11031":{"r":"ES-ABK","t":"B733"},"11033":{"r":"ES-PVH","t":"LJ31"},"11035":{"r":"ES-YLX","t":"L39"},"11038":{"r":"ES-ABL","t":"B735"},"1103B":{"r":"ES-PVC","t":"LJ60"},"1104B":{"r":"ES-PVI","t":"LJ60"},"11063":{"r":"ES-PHR","t":"H25B"},"11064":{"r":"ES-ACB","t":"CRJ9"},"11065":{"r":"ES-ACC","t":"CRJ9"},"11066":{"r":"ES-ACD","t":"CRJ9"},"1106A":{"r":"ES-LBC","t":"B733"},"1106E":{"r":"ES-LVA","t":"LJ60"},"1107D":{"r":"ES-LBD","t":"B733"},"11085":{"r":"ES-ABO","t":"B735"},"11086":{"r":"ES-ABP","t":"B735"},"11089":{"r":"ES-LVC","t":"LJ60"},"11090":{"r":"ES-III","t":"LJ60"},"11095":{"r":"ES-LCC","t":"C510"},"11097":{"r":"ES-AEA","t":"E170"},"11098":{"r":"ES-AEB","t":"E170"},"110A6":{"r":"ES-SAL","t":"A320"},"110AC":{"r":"ES-TEP","t":"F2TH"},"110AE":{"r":"ES-CMK","t":"BE40"},"110BD":{"r":"ES-SLS","t":"F900"},"110BF":{"r":"ES-SAM","t":"A320"},"110CA":{"r":"ES-ACG","t":"CRJ9"},"110D4":{"r":"ES-SAP","t":"A320"},"110D6":{"r":"ES-SAQ","t":"A320"},"110DA":{"r":"ES-CKH","t":"F2TH"},"110E1":{"r":"ES-ACJ","t":"CRJ9"},"110E2":{"r":"ES-ACK","t":"CRJ9"},"110E3":{"r":"ES-KLT","t":"P180"},"110ED":{"r":"ES-ACL","t":"CRJ9"},"110F1":{"r":"ES-PAL","t":"P180"},"110F3":{"r":"ES-ACM","t":"CRJ9"},"11105":{"r":"ES-MCA","t":"C510"},"11110":{"r":"ES-ACN","t":"CRJ9"},"11111":{"r":"ES-ACP","t":"CRJ9"},"1111D":{"r":"ES-SAZ","t":"A320"},"1111E":{"r":"ES-SAW","t":"A320"},"1112E":{"r":"ES-NSE","t":"SB20"},"11131":{"r":"ES-NSF","t":"SB20"},"11132":{"r":"ES-NSH","t":"SB20"},"11133":{"r":"ES-VSC","t":"G150"},"1113E":{"r":"ES-BEL","t":"LJ60"},"11147":{"r":"ES-NSI","t":"SB20"},"11148":{"r":"ES-DAN","t":"E35L"},"1114A":{"r":"ES-SNK","t":"F2TH"},"1200F":{"r":"Z3-MKD","t":"LJ60"},"13015":{"r":"E7-SKB","t":"A320"},"13025":{"r":"E7-FBB","t":"A319"},"1400D":{"r":"4L-TGL","t":"B733"},"14013":{"r":"4L-GAA","t":"CRJ2"},"14027":{"r":"4L-TGR","t":"B737"},"1402C":{"r":"4L-TGM","t":"B737"},"1402F":{"r":"4L-TGS","t":"CRJ2"},"1403A":{"r":"4L-TGA","t":"B735"},"1403F":{"r":"4L-TGI","t":"B735"},"1404B":{"r":"4L-TGB","t":"CRJ2"},"14055":{"r":"4L-TGF","t":"B733"},"14056":{"r":"4L-GAF","t":"GLF4"},"14089":{"r":"4L-GEO","t":"B742"},"1408C":{"r":"4L-GTI","t":"B737"},"14092":{"r":"4L-MWA","t":"B738"},"14093":{"r":"4L-BQJ","t":"B738"},"140A6":{"r":"4L-GEN","t":"B742"},"140AF":{"r":"4L-EFC","t":"A30B"},"140B0":{"r":"4L-TIG","t":"B738"},"140B2":{"r":"4L-VIP","t":"H25B"},"140B4":{"r":"4L-MWC","t":"B737"},"1522B":{"r":"EY-555","t":"B733"},"152F0":{"r":"EY-752","t":"B752"},"15309":{"r":"EY-777","t":"B738"},"15313":{"r":"EY-787","t":"B738"},"16001":{"r":"4O-MNE","t":"LJ45"},"16025":{"r":"4O-SEV","t":"LJ45"},"16031":{"r":"4O-AOD","t":"E190"},"16091":{"r":"4O-AOA","t":"E195"},"16092":{"r":"4O-AOK","t":"F100"},"16093":{"r":"4O-AOM","t":"F100"},"16094":{"r":"4O-AOP","t":"F100"},"16095":{"r":"4O-AOT","t":"F100"},"16096":{"r":"4O-AOL","t":"F100"},"16097":{"r":"4O-AOB","t":"E195"},"16098":{"r":"4O-AOC","t":"E190"}}