{"00005":{"r":"EK-73792","t":"B738"},"00007":{"r":"EK-32011","t":"A319"},"0000C":{"r":"EK32008","t":"A320"},"00010":{"r":"EK-73736","t":"B735"},"00013":{"r":"EK-11001","t":"AN12"},"00024":{"r":"EK-73705","t":"B738"},"0002F":{"r":"EK-12104","t":"AN12"},"0003C":{"r":"EK-RA01","t":"A319"},"0004A":{"r":"EK-32007","t":"A319"},"00059":{"r":"EK-95015","t":"SU95"},"0005A":{"r":"EK-95016","t":"SU95"},"0005F":{"r":"EW-412TH","t":"IL76"},"00076":{"r":"EK-74723","t":"B742"},"00079":{"r":"EK-74798","t":"B742"},"00087":{"r":"EK-74799","t":"B742"},"0009D":{"r":"EK-73775","t":"B735"},"0009F":{"r":"EK-73772","t":"B735"},"000A2":{"r":"EK-SHA","t":"B735"},"00801":{"r":"4K8888","t":"A319"},"00803":{"r":"4KAZ03","t":"A319"},"00804":{"r":"4KAZ04","t":"A319"},"00805":{"r":"4KAZ05","t":"A319"},"00806":{"r":"4KAI06","t":"GLF5"},"00807":{"r":"4KAI07","t":"A320"},"00808":{"r":"4KJJ8","t":"G280"},"0080C":{"r":"4KAZ12","t":"B752"},"00826":{"r":"4K-AZ38","t":"B752"},"00828":{"r":"4KAZ40","t":"IL76"},"00829":{"r":"4KAZ41","t":"IL76"},"0082B":{"r":"4K-AZ43","t":"B752"},"00836":{"r":"4K-AZ54","t":"A320"},"00838":{"r":"4K-AZ56","t":"AN12"},"0083C":{"r":"4KAZ60","t":"IL76"},"00840":{"r":"4KAZ64","t":"E190"},"00841":{"r":"4KAZ65","t":"E190"},"00842":{"r":"4KAZ66","t":"E190"},"00843":{"r":"4KAZ67","t":"E190"},"0084D":{"r":"4KAZ77","t":"A320"},"0084E":{"r":"4KAZ78","t":"A320"},"0084F":{"r":"4KAZ79","t":"A320"},"00850":{"r":"4KAZ80","t":"A320"},"00851":{"r":"4KAZ81","t":"B763"},"00852":{"r":"4KAZ82","t":"B763"},"00853":{"r":"4KAZ83","t":"A320"},"00854":{"r":"4KAZ84","t":"A320"},"00855":{"r":"4KAZ85","t":"A345"},"00856":{"r":"4KAZ86","t":"A345"},"00858":{"r":"4K-AZ88","t":"GALX"},"00864":{"r":"4KAZ100","t":"IL76"},"00865":{"r":"4KAZ101","t":"IL76"},"008D0":{"r":"4K-AZ208","t":"G280"},"00918":{"r":"4K-AZ280","t":"G280"},"00B20":{"r":"4KSW800","t":"B744"},"00B21":{"r":"4KSW888","t":"B744"},"00B70":{"r":"4K-SW880","t":"B763"},"00B78":{"r":"4KAZ888","t":"GLF4"},"00BB9":{"r":"4K-SW808","t":"B763"},"00BBE":{"r":"4KSW008","t":"B744"},"00BBF":{"r":"4KAZ11","t":"B752"},"00BC0":{"r":"4KAI08","t":"A346"},"00BC4":{"r":"4KAI88","t":"GLF6"},"00BC6":{"r":"4K-LAR","t":"GLF4"},"00BC7":{"r":"4KJJ888","t":"GLF5"},"00BC8":{"r":"4K-ASG","t":"GLF6"},"00BE8":{"r":"4KAI01","t":"B763"},"00BE9":{"r":"4KAI001","t":"B77L"},"01097":{"r":"EX-37008"},"010F2":{"r":"EX-32001","t":"A320"},"010F4":{"r":"EX-37001","t":"B733"},"010F9":{"r":"EX-73401","t":"B734"},"01839":{"r":"EZ-A779","t":"B77L"},"0183A":{"r":"EZ-A778","t":"B77L"},"0183B":{"r":"EZ-A017","t":"B738"},"0183C":{"r":"EZ-A016","t":"B738"},"0183D":{"r":"EZ-A015","t":"B738"},"01842":{"r":"EZ-A010","t":"B752"},"01846":{"r":"EZ-A011","t":"B752"},"01847":{"r":"EZ-A012","t":"B752"},"01849":{"r":"EZ-A014","t":"B752"},"01854":{"r":"EZ-A106","t":"B712"},"01855":{"r":"EZ-A107","t":"B712"},"01858":{"r":"EZ-A004","t":"B738"},"01859":{"r":"EZ-A005","t":"B738"},"0185A":{"r":"EZ-A007","t":"B737"},"0185E":{"r":"EZ-A006","t":"B737"},"0185F":{"r":"EZ-A008","t":"B737"},"01860":{"r":"EZ-A009","t":"B737"},"01861":{"r":"EZ-A777","t":"B772"},"80001":{"r":"A5-RGF","t":"A319"},"80002":{"r":"A5-RGG","t":"A319"},"82209":{"r":"JU-1011","t":"B763"},"8220A":{"r":"JU-1012","t":"B763"},"83037":{"r":"UP-B5701","t":"B752"},"83065":{"r":"UP-Y4204","t":"YK42"},"83088":{"r":"UP-I7620","t":"IL76"},"830A5":{"r":"UP-A2001","t":"A320"},"830BD":{"r":"UP-CS302","t":"C25B"},"830C2":{"r":"UP-K3501","t":"B350"},"830ED":{"r":"UP-A3001","t":"A332"},"830FE":{"r":"UP-K3502","t":"B350"},"831E8":{"r":"UP-T5409","t":"T154"}}