{"00003":{"r":"YA-PID","t":"B734"},"00004":{"r":"YA-TTB","t":"A343"},"00006":{"r":"YA-CAQ","t":"A310"},"00007":{"r":"YA-CAV","t":"A310"},"00008":{"r":"YA-KAM","t":"B762"},"00068":{"r":"YA-TTC","t":"A320"},"02001":{"r":"S2-ACO","t":"DC10"},"02002":{"r":"S2-ACP","t":"DC10"},"02003":{"r":"S2-ACQ","t":"DC10"},"02008":{"r":"S2-ADF","t":"A310"},"02017":{"r":"S2-ADK","t":"A310"},"0202F":{"r":"S2-AEU","t":"MD83"},"02030":{"r":"S2-AEV","t":"P180"},"02035":{"r":"S2-AFT","t":"A310"},"02037":{"r":"S2-AFD","t":"B763"},"0203A":{"r":"S2-AFF","t":"A310"},"0203E":{"r":"S2-AFO","t":"B77W"},"0203F":{"r":"S2-AFP","t":"B77W"},"02043":{"r":"S2-AFX","t":"B763"},"02045":{"r":"S2-AFW","t":"A310"},"0204A":{"r":"S2-AHM","t":"B77W"},"0204B":{"r":"S2-AHN","t":"B77W"},"02059":{"r":"S2-AHK","t":"B772"},"0205A":{"r":"S2-AHL","t":"B772"},"04941":{"r":"XY-AGG","t":"A320"},"04942":{"r":"XY-AGI","t":"A320"},"04944":{"r":"XY-AGM","t":"A320"},"06004":{"r":"9K-AKA","t":"A320"},"06005":{"r":"9K-AKB","t":"A320"},"06006":{"r":"9K-AKC","t":"A320"},"06007":{"r":"9K-ALA","t":"A310"},"06008":{"r":"9K-ALB","t":"A310"},"06009":{"r":"9K-ALC","t":"A310"},"0600A":{"r":"9K-ALD","t":"A310"},"0600B":{"r":"9K-AMA","t":"A306"},"0600C":{"r":"9K-AMB","t":"A306"},"0600D":{"r":"9K-AMC","t":"A306"},"0600E":{"r":"9K-AMD","t":"A306"},"0600F":{"r":"9K-AME","t":"A306"},"06010":{"r":"9K-ADE","t":"B744"},"06013":{"r":"9K-ANA","t":"A343"},"06014":{"r":"9K-ANB","t":"A343"},"06015":{"r":"9K-ANC","t":"A343"},"06016":{"r":"9K-AND","t":"A343"},"06017":{"r":"9K-AOA","t":"B772"},"06018":{"r":"9K-AOB","t":"B772"},"0601E":{"r":"9K-AJD","t":"GLF5"},"0601F":{"r":"9K-AJE","t":"GLF5"},"06020":{"r":"9K-AJF","t":"GLF5"},"06021":{"r":"9K-AHI","t":"A306"},"06024":{"r":"9K-AKD","t":"A320"},"06047":{"r":"9K-GEA","t":"A319"},"06048":{"r":"9K-GFA","t":"GLF5"},"06049":{"r":"9K-GBA","t":"A345"},"0604A":{"r":"9K-GBB","t":"A345"},"0604C":{"r":"9K-GCC","t":"B739"},"061F6":{"r":"KAF327","t":"C30J"},"06202":{"r":"9K-CAB","t":"A320"},"06204":{"r":"9K-CAC","t":"A320"},"06205":{"r":"9K-CAD","t":"A320"},"06206":{"r":"9K-CAE","t":"A320"},"06207":{"r":"9K-CAF","t":"A320"},"06209":{"r":"9K-CAG","t":"A320"},"0620A":{"r":"9K-CAI","t":"A320"},"0620B":{"r":"9K-CAJ","t":"A320"},"0620C":{"r":"9K-CAK","t":"A320"},"0620D":{"r":"9K-CAL","t":"A320"},"06216":{"r":"KAF343","t":"C17"},"06217":{"r":"KAF342","t":"C17"},"0801B":{"r":"RDPL-34188","t":"A320"},"0801C":{"r":"RDPL-34199","t":"A320"},"0C009":{"r":"A4O-AB","t":"GLF4"},"0C00A":{"r":"A4O-AC","t":"GLF4"},"0C020":{"r":"A4O-SO","t":"B74S"},"0C04D":{"r":"A4O-OMN","t":"B744"},"0C057":{"r":"A4O-AA","t":"A320"},"0C064":{"r":"A4O-BA","t":"B738"},"0C077":{"r":"553","t":"BA11"},"0C078":{"r":"501","t":"C130"},"0C079":{"r":"502","t":"C130"},"0C07A":{"r":"503","t":"C130"},"0C07B":{"r":"554","t":"A320"},"0C07C":{"r":"503","t":"C130"},"0C07D":{"r":"525","t":"C30J"},"0C07E":{"r":"556","t":"A320"},"0C08C":{"r":"557","t":"GLF4"},"0C08D":{"r":"505","t":"C30J"},"0C0A2":{"r":"A4O-BE","t":"B738"},"0C0A4":{"r":"A4O-DA","t":"A333"},"0C0A5":{"r":"A4O-DB","t":"A333"},"0C0A6":{"r":"A4O-DC","t":"A333"},"0C0A7":{"r":"A4O-DD","t":"A333"},"0C0A8":{"r":"A4O-BF","t":"B738"},"0C0A9":{"r":"A4O-BG","t":"B738"},"0C0AB":{"r":"A4O-DE","t":"A333"},"0C0AC":{"r":"A4O-DF","t":"A332"},"0C0AD":{"r":"A4O-DG","t":"A332"},"0C0B3":{"r":"A4O-AD","t":"GLF5"},"0C0B9":{"r":"A4O-EC","t":"E170"},"0C0BA":{"r":"A4O-AJ","t":"A319"},"10006":{"r":"HZ-AIF","t":"B74S"},"1000A":{"r":"HZ-AIK","t":"B743"},"1000B":{"r":"HZ-AIL","t":"B743"},"1000D":{"r":"HZ-AIN","t":"B743"},"1000F":{"r":"HZ-AIP","t":"B743"},"10014":{"r":"HZ-AIU","t":"B742"},"10015":{"r":"HZ-AIV","t":"B744"},"10016":{"r":"HZ-AIW","t":"B744"},"10017":{"r":"HZ-AIX","t":"B744"},"10018":{"r":"HZ-AIY","t":"B744"},"1001A":{"r":"HZ-AI3","t":"B748"},"10033":{"r":"HZ-AKA","t":"B772"},"10034":{"r":"HZ-AKB","t":"B772"},"10035":{"r":"HZ-AKC","t":"B772"},"10036":{"r":"HZ-AKD","t":"B772"},"10037":{"r":"HZ-AKE","t":"B772"},"10038":{"r":"HZ-AKF","t":"B772"},"10039":{"r":"HZ-AKG","t":"B772"},"1003A":{"r":"HZ-AKH","t":"B772"},"1003B":{"r":"HZ-AKI","t":"B772"},"1003C":{"r":"HZ-AKJ","t":"B772"},"1003D":{"r":"HZ-AKK","t":"B772"},"1003E":{"r":"HZ-AKL","t":"B772"},"1003F":{"r":"HZ-AKM","t":"B772"},"10040":{"r":"HZ-AKN","t":"B772"},"10041":{"r":"HZ-AKO","t":"B772"},"10042":{"r":"HZ-AKP","t":"B772"},"10043":{"r":"HZ-AKQ","t":"B772"},"10044":{"r":"HZ-AKR","t":"B772"},"10045":{"r":"HZ-AKS","t":"B772"},"10046":{"r":"HZ-AKT","t":"B772"},"10047":{"r":"HZ-AKU","t":"B772"},"10048":{"r":"HZ-AKV","t":"B772"},"10049":{"r":"HZ-AKW","t":"B772"},"1004A":{"r":"HZ-AQA","t":"A333"},"1004B":{"r":"HZ-AQB","t":"A333"},"1004C":{"r":"HZ-AQC","t":"A333"},"1004D":{"r":"HZ-AQD","t":"A333"},"1004E":{"r":"HZ-AQE","t":"A333"},"10050":{"r":"HZ-AQG","t":"A333"},"10051":{"r":"HZ-AQH","t":"A333"},"10052":{"r":"HZ-AQF","t":"A333"},"10053":{"r":"HZ-AK11","t":"B773"},"10054":{"r":"HZ-AK12","t":"B773"},"10055":{"r":"HZ-AK13","t":"B773"},"10056":{"r":"HZ-AK14","t":"B773"},"10057":{"r":"HZ-AK15","t":"B77W"},"10058":{"r":"HZ-AK16","t":"B77W"},"10059":{"r":"HZ-AK17","t":"B77W"},"1005A":{"r":"HZ-AK18","t":"B77W"},"1005E":{"r":"HZ-AK19","t":"B77W"},"1005F":{"r":"HZ-AK20","t":"B77W"},"10060":{"r":"HZ-AK21","t":"B77W"},"10061":{"r":"HZ-AK22","t":"B77W"},"10064":{"r":"HZ-AK24","t":"B77W"},"10070":{"r":"HZ-ASA","t":"A320"},"10071":{"r":"HZ-ASB","t":"A320"},"10073":{"r":"HZ-AS11","t":"A320"},"10074":{"r":"HZ-AS12","t":"A320"},"10075":{"r":"HZ-AS13","t":"A320"},"10076":{"r":"HZ-AS14","t":"A320"},"10077":{"r":"HZ-AS15","t":"A320"},"10078":{"r":"HZ-AS16","t":"A320"},"1007A":{"r":"HZ-AS31","t":"A320"},"1007B":{"r":"HZ-AS32","t":"A320"},"1007C":{"r":"HZ-ASC","t":"A320"},"1007D":{"r":"HZ-AS33","t":"A320"},"1007E":{"r":"HZ-ASD","t":"A320"},"1007F":{"r":"HZ-ASE","t":"A320"},"10080":{"r":"HZ-AS18","t":"A320"},"10081":{"r":"HZ-AS19","t":"A320"},"10082":{"r":"HZ-AS34","t":"A320"},"10083":{"r":"HZ-AS35","t":"A320"},"10084":{"r":"HZ-AS36","t":"A320"},"10085":{"r":"HZ-AS17","t":"A320"},"10086":{"r":"HZ-AS20","t":"A320"},"10087":{"r":"HZ-AS21","t":"A320"},"10088":{"r":"HZ-AS37","t":"A320"},"10089":{"r":"HZ-AS38","t":"A320"},"1008A":{"r":"HZ-AS22","t":"A320"},"1008B":{"r":"HZ-AS39","t":"A320"},"1008C":{"r":"HZ-AS40","t":"A320"},"1008D":{"r":"HZ-AS41","t":"A320"},"1008E":{"r":"HZ-AS42","t":"A320"},"1008F":{"r":"HZ-AS43","t":"A320"},"10090":{"r":"HZ-ASH","t":"A321"},"10091":{"r":"HZ-ASI","t":"A321"},"10092":{"r":"HZ-ASJ","t":"A321"},"10093":{"r":"HZ-ASK","t":"A321"},"10094":{"r":"HZ-AS44","t":"A320"},"10095":{"r":"HZ-AS23","t":"A320"},"10096":{"r":"HZ-AS45","t":"A320"},"100A6":{"r":"HZ-ASF","t":"A320"},"100A7":{"r":"HZ-ASL","t":"A321"},"100A8":{"r":"HZ-ASM","t":"A321"},"100A9":{"r":"HZ-ASN","t":"A321"},"100AB":{"r":"HZ-ASO","t":"A321"},"100AD":{"r":"HZ-ASG","t":"A320"},"100CE":{"r":"HZ-APF","t":"MD90"},"100E7":{"r":"HZ-SPAG","t":"FA7X"},"100EC":{"r":"HZ-SPAH","t":"FA7X"},"100ED":{"r":"HZ-SPAF","t":"BE40"},"100EE":{"r":"HZ-SPAI","t":"FA7X"},"100EF":{"r":"HZ-SPAL","t":"F900"},"100F0":{"r":"HZ-SPAJ","t":"FA7X"},"100FE":{"r":"HZ-IAM","t":"E135"},"100FF":{"r":"HZ-TFM","t":"CL60"},"10104":{"r":"HZ-AK26","t":"B77W"},"1010A":{"r":"HZ-103","t":"GLF4"},"1010B":{"r":"HZ-124","t":"A342"},"10191":{"r":"HZ-ANA","t":"MD11"},"10192":{"r":"HZ-ANB","t":"MD11"},"10193":{"r":"HZ-ANC","t":"MD11"},"10194":{"r":"HZ-AND","t":"MD11"},"101BA":{"r":"HZ-AB3","t":"B722"},"101C0":{"r":"HZ-AFA2","t":"CL60"},"101C7":{"r":"HZ-AFT","t":"F900"},"101CD":{"r":"HZ-AFV","t":"GLF4"},"101D1":{"r":"HZ-AFU","t":"GLF4"},"101D2":{"r":"HZ-AFX","t":"GLF4"},"101D3":{"r":"HZ-KSDC","t":"F2TH"},"101E0":{"r":"HZ-MS5A","t":"GLF5"},"101E2":{"r":"HZ-MF1","t":"B737"},"101E3":{"r":"HZ-MF2","t":"B737"},"101E4":{"r":"HZ-WBT5","t":"H25B"},"101E6":{"r":"HZ-NSA","t":"A310"},"101E7":{"r":"HZ-MF3","t":"GLF4"},"101E9":{"r":"HZ-MF4","t":"GLF4"},"101EF":{"r":"HZ-XY7","t":"A320"},"101F0":{"r":"HZ-MF5","t":"GLF4"},"101F1":{"r":"HZ-WBT7","t":"B744"},"101F2":{"r":"HZ-ARK","t":"GLF5"},"101F3":{"r":"HZ-SKI","t":"B722"},"101F4":{"r":"HZ-BL1","t":"C525"},"101F6":{"r":"HZ-DMO","t":"B733"},"101F8":{"r":"HZ-OFC5","t":"F900"},"101FC":{"r":"HZ-DME","t":"F900"},"101FD":{"r":"HZ-NMA","t":"B733"},"10200":{"r":"HZ-BIN","t":"H25B"},"10203":{"r":"HZ-KSGA","t":"GLF4"},"1020B":{"r":"HZ-KSRD","t":"H25B"},"10217":{"r":"HZ-AJ2","t":"A320"},"1021A":{"r":"HZ-AWA1","t":"B744"},"1021B":{"r":"HZ-AWA3","t":"B744"},"10220":{"r":"HZ-ALFA","t":"GLF5"},"10221":{"r":"HZ-HHT","t":"GLF3"},"10222":{"r":"HZ-ATR","t":"B739"},"10223":{"r":"HZ-A2","t":"A320"},"10226":{"r":"HZ-A4","t":"A319"},"10227":{"r":"HZ-RCA","t":"A318"},"10228":{"r":"HZ-A8","t":"H25B"},"1022A":{"r":"HZ-OFC6","t":"FA7X"},"1022B":{"r":"HZ-MF6","t":"B739"},"1022E":{"r":"HZ-A3","t":"A320"},"10238":{"r":"HZ-A9","t":"H25B"},"1023F":{"r":"HZ-HSH","t":"CL60"},"10240":{"r":"HZ-IBN","t":"E55P"},"10247":{"r":"HZ-A5","t":"A319"},"10248":{"r":"HZ-MEJ1","t":"CL60"},"1024D":{"r":"HZ-103S","t":"B739"},"1024E":{"r":"HZ-OHS","t":"CL60"},"1024F":{"r":"HZ-HAA","t":"B735"},"10254":{"r":"HZ-A6","t":"GLF5"},"10259":{"r":"1630","t":"C130"},"1025A":{"r":"472","t":"C130"},"1025B":{"r":"473","t":"C130"},"1025C":{"r":"1622","t":"C130"},"1025D":{"r":"1623","t":"C130"},"1025E":{"r":"1624","t":"C130"},"10291":{"r":"7503","t":"TOR"},"102D5":{"r":"1604","t":"C130"},"102DC":{"r":"482","t":"C130"},"102DD":{"r":"483","t":"C130"},"102DE":{"r":"1632","t":"C130"},"102E1":{"r":"474","t":"C130"},"102E2":{"r":"475","t":"C130"},"102E3":{"r":"1625","t":"C130"},"102E4":{"r":"1626","t":"C130"},"102F9":{"r":"2401","t":"A332"},"10322":{"r":"HZ-HM1B","t":"B74S"},"10323":{"r":"HZ-AIJ","t":"B74S"},"1032C":{"r":"HZ-HMED","t":"B752"},"10333":{"r":"HZ-HM1","t":"B744"},"10334":{"r":"HZ-HMS2","t":"A342"},"10386":{"r":"HZ-128","t":"C130"},"10387":{"r":"HZ-129","t":"C130"},"10388":{"r":"HZ-115","t":"C130"},"1038D":{"r":"HZ-110","t":"H25B"},"1038E":{"r":"HZ-130","t":"H25B"},"1038F":{"r":"HZ-132","t":"C130"},"10391":{"r":"HZ-101","t":"B738"},"10392":{"r":"HZ-102","t":"B737"},"10396":{"r":"HZ-136","t":"C550"},"103E9":{"r":"HZ-MFL","t":"GLF4"},"103EB":{"r":"HZ-AFY","t":"GLF4"},"103EE":{"r":"HZ-TAA","t":"B737"},"103F0":{"r":"HZ-HA1","t":"GLF2"},"103F2":{"r":"HZ-MS4","t":"GLF4"},"103FA":{"r":"HZ-MIS","t":"B732"},"1BA27":{"t":"B737"},"1BC00":{"t":"B744"},"1BC02":{"t":"B744"},"1BC03":{"t":"B744"},"1BC04":{"t":"B744"},"1BC13":{"t":"B744"},"1BC14":{"t":"B744"},"1BC15":{"t":"B744"},"1BC17":{"t":"B744"},"1BC18":{"t":"B744"},"1BC19":{"t":"B744"},"1BC20":{"t":"B744"},"1BC21":{"t":"B744"},"1BC23":{"t":"B744"},"1BC28":{"t":"B744"},"1BC34":{"t":"B744"},"1BC36":{"t":"B744"},"1BC37":{"t":"B744"},"1BC38":{"t":"B744"},"1BC39":{"t":"B744"},"1BC48":{"t":"B744"},"1BC49":{"t":"B744"},"1BC60":{"t":"B744"},"1BC61":{"t":"B744"},"1BC62":{"t":"B744"},"1BC65":{"t":"B744"},"1BC66":{"t":"B744"},"1BC67":{"t":"B744"},"1BC72":{"t":"B744"},"1BC73":{"t":"B744"},"1BC82":{"t":"B744"},"1BC83":{"t":"B744"},"1BC84":{"t":"B744"},"1BC85":{"t":"B744"},"1BC86":{"t":"B744"},"1BC87":{"t":"B744"},"1BC88":{"t":"B744"},"1BC89":{"t":"B744"},"1BC90":{"t":"B744"},"1BC91":{"t":"B744"},"1BC92":{"t":"B744"},"1BC93":{"t":"B744"},"1BC94":{"t":"B744"},"1BC95":{"t":"B744"},"1BC98":{"t":"B744"},"1BC99":{"t":"B744"},"1BD00":{"t":"B772"},"1BD24":{"t":"A333"},"1BD25":{"t":"A333"},"1BD26":{"t":"B772"},"1BD30":{"t":"B772"},"1BD31":{"t":"B772"},"1BD32":{"t":"B773"},"1BD38":{"t":"A332"},"1BD39":{"t":"A332"},"1BD40":{"t":"A333"},"1BD50":{"t":"A333"},"1BD51":{"t":"A333"},"1BD52":{"t":"A332"},"1BD53":{"t":"A333"},"1BD54":{"t":"A333"},"1BD74":{"t":"B772"},"1BD75":{"t":"B772"},"1BD84":{"t":"A333"},"1BD85":{"t":"A333"},"1BD86":{"t":"A333"},"1BD87":{"t":"A333"},"1BD96":{"t":"B772"},"1BD97":{"t":"B772"},"1BD98":{"t":"B772"},"1BE00":{"t":"B744"},"1BE01":{"t":"B744"},"1BE02":{"t":"B744"},"1BE03":{"t":"B744"},"1BE04":{"t":"B744"},"1BE05":{"t":"B744"},"1BE06":{"t":"B744"},"1BE08":{"t":"B744"},"1BE09":{"t":"B748"},"1BE10":{"t":"B748"},"1BE11":{"t":"A388"},"1BE12":{"t":"A388"},"1BE13":{"t":"A388"},"1BE14":{"t":"A388"},"1BE15":{"t":"A388"},"1BE16":{"t":"B744"},"1BE18":{"t":"B744"},"1BE19":{"t":"A388"},"1BE20":{"t":"B744"},"1BF00":{"t":"B772"},"1BF01":{"t":"A333"},"1BF02":{"t":"A333"},"1BF09":{"t":"A333"},"1BF10":{"t":"A333"},"1BF14":{"t":"B772"},"1BF15":{"t":"B772"},"1BF20":{"t":"A333"},"1BF21":{"t":"B772"},"1BF32":{"t":"B772"},"1BF33":{"t":"B772"},"1BF34":{"t":"B772"},"1BF39":{"t":"B772"},"1BF42":{"t":"B772"},"1BF43":{"t":"B772"},"1BF49":{"t":"GLEX"},"1BF50":{"t":"B772"},"1BF51":{"t":"B772"},"1BF52":{"t":"B772"},"1BF55":{"t":"B772"},"1BF56":{"t":"B772"},"1BF59":{"t":"B737"},"1BF63":{"t":"A320"},"1BF64":{"t":"B772"},"1BF65":{"t":"B772"},"1BF66":{"t":"B772"},"1BF73":{"t":"A320"},"1BF75":{"t":"B772"},"1BF82":{"t":"B77W"},"1BF83":{"t":"B77W"},"1BF84":{"t":"B77W"},"1BF87":{"t":"B737"},"1BF89":{"t":"A321"},"1BF91":{"t":"B772"},"1BF94":{"t":"A333"},"1BF95":{"t":"A333"},"1C007":{"t":"B77W"},"1C200":{"t":"GLF5"},"1C208":{"t":"B77W"},"1C209":{"t":"B77W"},"1C210":{"t":"B77W"},"1C211":{"t":"A332"},"1C212":{"t":"A332"},"1C216":{"t":"B77W"},"1C217":{"t":"B77W"},"1C218":{"t":"B77W"},"1C221":{"t":"B739"},"1C223":{"t":"B739"},"1C224":{"t":"B738"},"1C226":{"t":"B772"},"1C227":{"t":"A332"},"1C228":{"t":"A332"},"1C240":{"t":"B738"},"1C241":{"t":"B738"},"1C242":{"t":"B738"},"1C243":{"t":"B738"},"1C245":{"t":"B738"},"1C248":{"t":"B739"},"1C249":{"t":"B739"},"1C250":{"t":"B77W"},"1C251":{"t":"B77L"},"1C252":{"t":"B77L"},"1C254":{"t":"B772"},"1C255":{"t":"A321"},"1C256":{"t":"A321"},"1C258":{"t":"A333"},"1C259":{"t":"A333"},"1C265":{"t":"A321"},"1C274":{"t":"B77W"},"1C275":{"t":"B77W"},"1C285":{"t":"B77L"},"277A8":{"r":"P-632","t":"T204"},"277A9":{"r":"P-633","t":"T204"},"281F7":{"r":"YI-503","t":"TEX2"},"281FA":{"r":"YI-506","t":"TEX2"},"281FB":{"r":"YI-507","t":"TEX2"},"281FC":{"r":"YI-508","t":"TEX2"},"28200":{"r":"YI-512","t":"TEX2"},"28201":{"r":"YI-513","t":"TEX2"},"28202":{"r":"YI-514","t":"TEX2"},"28203":{"r":"YI-515","t":"TEX2"},"284F2":{"r":"YI-AGR","t":"A321"},"284F3":{"r":"YI-AGS","t":"A321"},"2862B":{"r":"YI-AQK","t":"B737"},"28633":{"r":"YI-AQS","t":"B734"},"28667":{"r":"YI-ASG","t":"B738"},"28668":{"r":"YI-ASH","t":"B738"},"28669":{"r":"YI-ASI","t":"B738"},"2866B":{"r":"YI-ASK","t":"B738"},"30601":{"r":"EP-APA","t":"A343"},"32421":{"r":"EP-IAA","t":"B74S"},"32422":{"r":"EP-IAB","t":"B74S"},"32423":{"r":"EP-IAC","t":"B74S"},"32424":{"r":"EP-IAD","t":"B74S"},"32427":{"r":"EP-IAG","t":"B742"},"32428":{"r":"EP-IAH","t":"B742"},"3242D":{"r":"EP-IAM","t":"B741"},"32441":{"r":"EP-IBA","t":"A306"},"32442":{"r":"EP-IBB","t":"A306"},"32443":{"r":"EP-IBC","t":"A306"},"32444":{"r":"EP-IBD","t":"A306"},"3244B":{"r":"EP-IBK","t":"A310"},"3244C":{"r":"EP-IBL","t":"A310"},"324A6":{"r":"EP-IEF","t":"A320"},"3350F":{"r":"EP-MHO"},"335C9":{"r":"EP-MNI","t":"A306"},"335CB":{"r":"EP-MNK","t":"A30B"},"335CD":{"r":"EP-MNM","t":"A306"},"335CF":{"r":"EP-MNO","t":"A310"},"335D0":{"r":"EP-MNP","t":"A310"},"335D1":{"r":"EP-MNQ","t":"A306"},"335D2":{"r":"EP-MNR","t":"A306"},"335D5":{"r":"EP-MNU","t":"A306"},"335D8":{"r":"EP-MNX","t":"A310"},"38041":{"r":"4X-ELA","t":"B744"},"38042":{"r":"4X-ELB","t":"B744"},"38043":{"r":"4X-ELC","t":"B744"},"38044":{"r":"4X-ELD","t":"B744"},"38045":{"r":"4X-ELE","t":"B744"},"38046":{"r":"4X-ELF","t":"B744"},"38047":{"r":"4X-ELH","t":"B744"},"38050":{"r":"4X-EHA","t":"B739"},"38051":{"r":"4X-EHB","t":"B739"},"38052":{"r":"4X-EHC","t":"B739"},"38053":{"r":"4X-EHD","t":"B739"},"38054":{"r":"4X-EHE","t":"B739"},"38055":{"r":"4X-EHF","t":"B739"},"38056":{"r":"4X-EHH","t":"B739"},"38057":{"r":"4X-EHI","t":"B739"},"38058":{"r":"4X-EKU","t":"B738"},"38059":{"r":"4X-EKK","t":"B738"},"38060":{"r":"4X-EKM","t":"B738"},"38061":{"r":"4X-EKT","t":"B738"},"38062":{"r":"4X-EKR","t":"B738"},"38063":{"r":"4X-EKA","t":"B738"},"38064":{"r":"4X-EKB","t":"B738"},"38065":{"r":"4X-EKC","t":"B738"},"38066":{"r":"4X-EKD","t":"B737"},"38067":{"r":"4X-EKE","t":"B737"},"38068":{"r":"4X-EKI","t":"B738"},"38069":{"r":"4X-EKO","t":"B738"},"3806A":{"r":"4X-EKP","t":"B738"},"3806B":{"r":"4X-EKS","t":"B738"},"3806C":{"r":"4X-EKF","t":"B738"},"3806D":{"r":"4X-EKH","t":"B738"},"3806E":{"r":"4X-EKJ","t":"B738"},"3806F":{"r":"4X-EKL","t":"B738"},"38071":{"r":"4X-ECA","t":"B772"},"38072":{"r":"4X-ECB","t":"B772"},"38073":{"r":"4X-ECC","t":"B772"},"38074":{"r":"4X-ECD","t":"B772"},"38075":{"r":"4X-ECE","t":"B772"},"38076":{"r":"4X-ECF","t":"B772"},"3808A":{"r":"4X-AXK","t":"B742"},"3808B":{"r":"4X-AXL","t":"B742"},"38092":{"r":"4X-EBM","t":"B752"},"38094":{"r":"4X-EBS","t":"B752"},"38095":{"r":"4X-EBT","t":"B752"},"38096":{"r":"4X-EBU","t":"B752"},"38097":{"r":"4X-EBV","t":"B752"},"38098":{"r":"4X-EBI","t":"B752"},"380A3":{"r":"4X-EAC","t":"B762"},"380A4":{"r":"4X-EAD","t":"B762"},"380A5":{"r":"4X-EAE","t":"B762"},"380A6":{"r":"4X-EAF","t":"B762"},"380A7":{"r":"4X-EAJ","t":"B763"},"380A8":{"r":"4X-EAP","t":"B763"},"380A9":{"r":"4X-EAR","t":"B763"},"380AA":{"r":"4X-EAS","t":"B763"},"380AB":{"r":"4X-EAL","t":"B763"},"380AC":{"r":"4X-EAM","t":"B763"},"380C0":{"r":"4X-EDA","t":"B789"},"380C1":{"r":"4X-EDB","t":"B789"},"380C2":{"r":"4X-EDC","t":"B789"},"380C3":{"r":"4X-EDD","t":"B789"},"380C4":{"r":"4X-EDE","t":"B789"},"380C5":{"r":"4X-EDF","t":"B789"},"380C6":{"r":"4X-EDH","t":"B789"},"380C7":{"r":"4X-EDI","t":"B789"},"380C8":{"r":"4X-EDJ","t":"B789"},"380C9":{"r":"4X-EDK","t":"B789"},"380CA":{"r":"4X-EDL","t":"B789"},"380CB":{"r":"4X-EDM","t":"B789"},"38100":{"r":"4X-ERA","t":"B788"},"38101":{"r":"4X-ERB","t":"B788"},"38102":{"r":"4X-ERC","t":"B788"},"38284":{"r":"4X-ABF","t":"A320"},"38285":{"r":"4X-ABG","t":"A320"},"38286":{"r":"4X-ABI","t":"A320"},"38287":{"r":"4X-ABS","t":"A320"},"38288":{"r":"4X-ABT","t":"A320"},"38443":{"r":"4X-AGH","t":"A21N"},"38444":{"r":"4X-AGK","t":"A21N"},"38445":{"r":"4X-AGN","t":"A21N"},"38481":{"r":"4X-BAU","t":"B753"},"38482":{"r":"4X-BAW","t":"B753"},"38483":{"r":"4X-EMA","t":"E195"},"38484":{"r":"4X-EMB","t":"E190"},"38485":{"r":"4X-EMC","t":"E195"},"38488":{"r":"4X-EMF","t":"E195"},"38542":{"r":"4X-COI","t":"GL5T"},"38545":{"r":"4X-CPX","t":"GLF4"},"38601":{"r":"4X-CVE","t":"GALX"},"38602":{"r":"4X-CVF","t":"GALX"},"38603":{"r":"4X-CVG","t":"GALX"},"38604":{"r":"4X-CVH","t":"GALX"},"38605":{"r":"4X-CVI","t":"ASTR"},"38606":{"r":"4X-CVJ","t":"GALX"},"386C0":{"r":"4X-ISR","t":"B763"},"386C1":{"r":"4X-CLL","t":"GALX"},"386C4":{"r":"4X-WSJ","t":"G250"},"386C5":{"r":"4X-WSM","t":"G250"},"386C6":{"r":"4X-WBJ","t":"G250"},"386C9":{"r":"4X-CLL","t":"GALX"},"38A44":{"r":"264","t":"B703"},"38A5B":{"r":"483","t":"TEX2"},"38A5D":{"r":"488","t":"TEX2"},"38A5E":{"r":"489","t":"TEX2"},"38A5F":{"r":"490","t":"TEX2"},"38A60":{"r":"491","t":"TEX2"},"38A61":{"r":"492","t":"TEX2"},"38A64":{"r":"495","t":"TEX2"},"38A65":{"r":"496","t":"TEX2"},"38A66":{"r":"497","t":"TEX2"},"38A82":{"r":"290"},"38B41":{"r":"532","t":"GLF5"},"38C02":{"r":"4X-ICM","t":"B742"},"38C03":{"r":"4X-ICO","t":"B742"},"38C05":{"r":"4X-ICB","t":"B744"},"38C06":{"r":"4X-ICA","t":"B744"},"38E01":{"r":"4X-CMY","t":"CL60"},"38E03":{"r":"4X-CMZ","t":"CL60"},"38E08":{"r":"4X-COG","t":"GALX"},"38E0A":{"r":"4X-CMF","t":"CL60"},"38E0C":{"r":"4X-CUR","t":"CL60"},"39202":{"r":"4X-CPY","t":"BE40"},"3920E":{"r":"4X-CLZ","t":"H25B"},"39341":{"r":"4X-COZ","t":"C550"},"39344":{"r":"4X-EMP","t":"E145"},"39345":{"r":"4X-EMM","t":"E145"},"39401":{"r":"4X-CPS","t":"H25B"},"39543":{"r":"4X-CZA","t":"C650"},"39545":{"r":"4X-WIA","t":"ASTR"},"39546":{"r":"4X-CMA","t":"C510"},"3956B":{"r":"4X-CUZ","t":"H25B"},"39572":{"r":"4X-CMC","t":"C560"},"3957C":{"r":"4X-CUT","t":"H25B"},"40424":{"t":"CL60"},"404ED":{"t":"A310"},"404EE":{"t":"A310"},"404F0":{"t":"A310"},"404F1":{"t":"A310"},"404F2":{"t":"A310"},"40521":{"t":"A342"},"40522":{"t":"A342"},"40523":{"t":"A342"},"40524":{"t":"A342"},"40525":{"t":"A332"},"40526":{"t":"A332"},"40527":{"t":"A332"},"406E4":{"t":"H25B"},"406E5":{"t":"H25B"},"406E6":{"t":"C525"},"406E8":{"t":"C680"},"40724":{"t":"A320"},"40726":{"t":"A320"},"40727":{"t":"A321"},"40728":{"t":"A321"},"40729":{"t":"A320"},"4072A":{"t":"A321"},"4072B":{"t":"A321"},"4072C":{"t":"A319"},"4072D":{"t":"A319"},"4072E":{"t":"A319"},"40730":{"t":"A319"},"40731":{"t":"A320"},"40732":{"t":"A320"},"40733":{"t":"A320"},"40734":{"t":"A320"},"40735":{"t":"A320"},"40736":{"t":"A320"},"40737":{"t":"A320"},"40738":{"t":"A320"},"40821":{"t":"B788"},"40822":{"t":"B788"},"40823":{"t":"B788"},"40825":{"t":"B788"},"40826":{"t":"B788"},"40DA3":{"t":"E135"},"425AB":{"t":"CL60"},"42822":{"t":"B733"},"42823":{"t":"A320"},"42824":{"t":"B733"},"42827":{"t":"B762"},"42828":{"t":"A310"},"42829":{"t":"B762"},"4282F":{"t":"B733"},"42831":{"t":"B734"},"42839":{"t":"B733"},"42A47":{"t":"A320"},"42DA5":{"t":"E135"},"44281":{"t":"A320"},"44282":{"t":"A320"},"448C6":{"t":"B734"},"44B21":{"t":"CL60"},"48010":{"r":"OD-BOY","t":"H25B"},"48012":{"r":"OD-TSW","t":"H25B"},"48013":{"r":"OD-MAS","t":"H25B"},"48015":{"r":"OD-EAS","t":"H25B"},"48016":{"r":"OD-MRT","t":"A320"},"48017":{"r":"OD-MEA","t":"A332"},"48018":{"r":"OD-MRS","t":"A320"},"48019":{"r":"OD-MEB","t":"A332"},"48020":{"r":"OD-MRR","t":"A320"},"48021":{"r":"OD-MEC","t":"A332"},"48022":{"r":"OD-RMH","t":"A321"},"48023":{"r":"OD-RMI","t":"A321"},"48024":{"r":"OD-RMJ","t":"A321"},"48025":{"r":"OD-MRM","t":"A320"},"48026":{"r":"OD-MRL","t":"A320"},"48027":{"r":"OD-STW","t":"H25B"},"48028":{"r":"OD-MRO","t":"A320"},"48029":{"r":"OD-MED","t":"A332"},"48030":{"r":"OD-HAJ","t":"B733"},"48032":{"r":"OD-MIG","t":"H25B"},"48033":{"r":"OD-DTW","t":"BE40"},"48034":{"r":"OD-TMA","t":"A306"},"48035":{"r":"OD-TAL","t":"CRJ2"},"48036":{"r":"OD-MIK","t":"F900"},"48042":{"r":"OD-ONE","t":"F2TH"},"48043":{"r":"OD-LEA","t":"H25B"},"50005":{"r":"9M-MPB","t":"B744"},"50007":{"r":"9M-XAA","t":"A333"},"50018":{"r":"9M-MMI","t":"B734"},"5002A":{"r":"9M-AHJ","t":"A320"},"5002C":{"r":"9M-AHL","t":"A320"},"5002E":{"r":"9M-MPD","t":"B744"},"50030":{"r":"9M-MPF","t":"B744"},"50032":{"r":"9M-MPH","t":"B744"},"5005B":{"r":"9M-MKA","t":"A333"},"5005F":{"r":"9M-MKE","t":"A333"},"50063":{"r":"9M-MKI","t":"A333"},"50064":{"r":"9M-MKJ","t":"A333"},"5006E":{"r":"9M-AHM","t":"A320"},"50070":{"r":"9M-AHO","t":"A320"},"50073":{"r":"9M-XXA","t":"A333"},"50074":{"r":"9M-XXB","t":"A333"},"50076":{"r":"9M-AHP","t":"A320"},"50078":{"r":"9M-MPK","t":"B744"},"50079":{"r":"9M-MPL","t":"B744"},"5007A":{"r":"9M-MPM","t":"B744"},"5007B":{"r":"9M-MPN","t":"B744"},"5007C":{"r":"9M-MPO","t":"B744"},"5007D":{"r":"9M-MPP","t":"B744"},"5007E":{"r":"9M-MPQ","t":"B744"},"5007F":{"r":"9M-MPR","t":"B744"},"50080":{"r":"9M-MPS","t":"B744"},"50081":{"r":"9M-MRA","t":"B772"},"50082":{"r":"9M-MRB","t":"B772"},"50083":{"r":"9M-MRC","t":"B772"},"50084":{"r":"9M-MRD","t":"B772"},"50085":{"r":"9M-MRE","t":"B772"},"50086":{"r":"9M-MRF","t":"B772"},"50087":{"r":"9M-MRG","t":"B772"},"50088":{"r":"9M-MRH","t":"B772"},"50089":{"r":"9M-MRI","t":"B772"},"5008A":{"r":"9M-MRJ","t":"B772"},"5008B":{"r":"9M-MRK","t":"B772"},"5008C":{"r":"9M-MRL","t":"B772"},"5008D":{"r":"9M-MRM","t":"B772"},"5008E":{"r":"9M-MRN","t":"B772"},"5008F":{"r":"9M-MRO","t":"B772"},"50090":{"r":"9M-AHQ","t":"A320"},"50092":{"r":"9M-AHA","t":"A320"},"50094":{"r":"9M-AHR","t":"A320"},"500A4":{"r":"9M-ABC","t":"GLF4"},"500BF":{"r":"9M-AHB","t":"A320"},"500C2":{"r":"9M-AHC","t":"A320"},"500C5":{"r":"M48-02","t":"GLEX"},"500CF":{"r":"9M-MKX","t":"A332"},"500D0":{"r":"9M-MKW","t":"A332"},"500D1":{"r":"9M-MKV","t":"A332"},"500D7":{"r":"M53-01","t":"B737"},"500DA":{"r":"9M-XAB","t":"A343"},"500DC":{"r":"9M-AHD","t":"A320"},"500DD":{"r":"9M-AHS","t":"A320"},"500DE":{"r":"9M-FFA","t":"B738"},"500DF":{"r":"9M-FFB","t":"B738"},"500E0":{"r":"9M-MLC","t":"B738"},"500E4":{"r":"9M-AHE","t":"A320"},"500F4":{"r":"9M-MRP","t":"B772"},"500F5":{"r":"9M-MRQ","t":"B772"},"50104":{"r":"9M-AFA","t":"A320"},"50105":{"r":"9M-AFB","t":"A320"},"50106":{"r":"9M-AFC","t":"A320"},"50109":{"r":"9M-AFD","t":"A320"},"5010A":{"r":"9M-AFE","t":"A320"},"5010B":{"r":"9M-AFF","t":"A320"},"5010E":{"r":"9M-AFG","t":"A320"},"5010F":{"r":"9M-AFH","t":"A320"},"50110":{"r":"9M-AFI","t":"A320"},"50111":{"r":"9M-AJS","t":"A320"},"50128":{"r":"9M-AFL","t":"A320"},"50129":{"r":"9M-AFM","t":"A320"},"5012A":{"r":"9M-AFN","t":"A320"},"5012B":{"r":"9M-AFO","t":"A320"},"5013F":{"r":"9M-AFP","t":"A320"},"50140":{"r":"9M-AFQ","t":"A320"},"50141":{"r":"9M-AFR","t":"A320"},"50142":{"r":"9M-AFS","t":"A320"},"50145":{"r":"9M-TAN","t":"CL30"},"50146":{"r":"9M-AFT","t":"A320"},"50147":{"r":"9M-AFU","t":"A320"},"50148":{"r":"9M-AFV","t":"A320"},"5014B":{"r":"9M-AFY","t":"A320"},"5014C":{"r":"9M-AFZ","t":"A320"},"50156":{"r":"9M-NAA","t":"A319"},"50159":{"r":"9M-AHF","t":"A320"},"5015A":{"r":"9M-AHG","t":"A320"},"5015B":{"r":"9M-AHH","t":"A320"},"5015C":{"r":"9M-AHI","t":"A320"},"501DF":{"r":"9M-XAC","t":"A343"},"501E4":{"r":"9M-AHT","t":"A320"},"501E5":{"r":"9M-AHU","t":"A320"},"501E6":{"r":"9M-AHV","t":"A320"},"501E7":{"r":"9M-XXC","t":"A333"},"501E8":{"r":"9M-XXD","t":"A333"},"501E9":{"r":"9M-XXE","t":"A333"},"501F0":{"r":"9M-AHW","t":"A320"},"501F1":{"r":"9M-AHX","t":"A320"},"501F3":{"r":"9M-TAN","t":"GL5T"},"501F9":{"r":"9M-XXF","t":"A333"},"501FA":{"r":"9M-XXG","t":"A333"},"501FB":{"r":"9M-XXH","t":"A333"},"501FC":{"r":"9M-AHY","t":"A320"},"501FD":{"r":"9M-AHZ","t":"A320"},"50200":{"r":"9M-MLE","t":"B738"},"50201":{"r":"9M-MXA","t":"B738"},"50202":{"r":"9M-MXB","t":"B738"},"50203":{"r":"9M-MXC","t":"B738"},"50204":{"r":"9M-MXD","t":"B738"},"50205":{"r":"9M-MXE","t":"B738"},"50206":{"r":"9M-MXF","t":"B738"},"50208":{"r":"9M-MXH","t":"B738"},"50209":{"r":"9M-MXI","t":"B738"},"5020A":{"r":"9M-MXJ","t":"B738"},"5020C":{"r":"9M-MXL","t":"B738"},"50213":{"r":"9M-MSD","t":"B738"},"50220":{"r":"9M-MXV","t":"B738"},"50229":{"r":"9M-MLF","t":"B738"},"5022B":{"r":"9M-AQA","t":"A320"},"50236":{"r":"9M-MLG","t":"B738"},"50237":{"r":"9M-MLH","t":"B738"},"50238":{"r":"9M-MLI","t":"B738"},"50239":{"r":"9M-AQB","t":"A320"},"50244":{"r":"9M-MLJ","t":"B738"},"50245":{"r":"9M-FFF","t":"B738"},"50246":{"r":"9M-FZA","t":"B734"},"50254":{"r":"9M-MTA","t":"A333"},"50255":{"r":"9M-MTB","t":"A333"},"50256":{"r":"9M-MTC","t":"A333"},"50257":{"r":"9M-MTD","t":"A333"},"50258":{"r":"9M-MTE","t":"A333"},"50259":{"r":"9M-MTF","t":"A333"},"5025A":{"r":"9M-MTG","t":"A333"},"5025B":{"r":"9M-MTH","t":"A333"},"50263":{"r":"9M-MUA","t":"A332"},"50264":{"r":"9M-MUB","t":"A332"},"50265":{"r":"9M-MUC","t":"A332"},"50266":{"r":"9M-MUD","t":"A332"},"50268":{"r":"9M-MEF","t":"B733"},"5027D":{"r":"9M-AQD","t":"A320"},"5027F":{"r":"9M-MLL","t":"B738"},"50280":{"r":"9M-MLM","t":"B738"},"50281":{"r":"9M-MLN","t":"B738"},"50282":{"r":"9M-MLO","t":"B738"},"50286":{"r":"9M-AQG","t":"A320"},"50287":{"r":"9M-AQH","t":"A320"},"50288":{"r":"9M-AQI","t":"A320"},"5028E":{"r":"9M-MNA","t":"A388"},"5028F":{"r":"9M-MNB","t":"A388"},"50290":{"r":"9M-MNC","t":"A388"},"50291":{"r":"9M-MND","t":"A388"},"50292":{"r":"9M-MNE","t":"A388"},"50293":{"r":"9M-MNF","t":"A388"},"50298":{"r":"9M-AQL","t":"A320"},"50299":{"r":"9M-XXI","t":"A333"},"5029C":{"r":"9M-AQM","t":"A320"},"5029E":{"r":"9M-MXG","t":"B738"},"5029F":{"r":"9M-CJG","t":"GLEX"},"502AD":{"r":"9M-AQN","t":"A320"},"502B3":{"r":"9M-AQO","t":"A320"},"502C3":{"r":"9M-LNG","t":"B739"},"502CA":{"r":"9M-AQU","t":"A320"},"502DE":{"r":"9M-LMH","t":"AT76"},"5030B":{"r":"9M-FIA","t":"AT76"},"50319":{"r":"9M-MLS","t":"B738"},"5033A":{"r":"9M-AJB","t":"A320"},"5033C":{"r":"9M-AJE","t":"A320"},"503B9":{"r":"9M-LMQ","t":"AT76"},"503C0":{"r":"9M-AJL","t":"A320"},"503C1":{"r":"9M-AJM","t":"A320"},"58042":{"r":"RP-C3228","t":"A320"},"58049":{"r":"RP-C3189","t":"A319"},"5804A":{"r":"RP-C3190","t":"A319"},"58058":{"r":"RP-C3193","t":"A319"},"5805D":{"r":"RP-C3196","t":"A319"},"5805E":{"r":"RP-C3197","t":"A319"},"5806F":{"r":"RP-C3242","t":"A320"},"5807F":{"r":"RP-C8606","t":"A320"},"58081":{"r":"RP-C8609","t":"A320"},"5808F":{"r":"RP-C3430","t":"A343"},"58092":{"r":"RP-C3434","t":"A343"},"58098":{"r":"RP-C3336","t":"A333"},"58099":{"r":"RP-C3337","t":"A333"},"5809A":{"r":"RP-C3340","t":"A333"},"580A5":{"r":"RP-C3247","t":"A320"},"580A9":{"r":"RP-C7475","t":"B744"},"580BD":{"r":"RP-C3248","t":"A320"},"580C6":{"r":"RP-C3250","t":"A320"},"580D5":{"r":"RP-C7777","t":"B77W"},"580D6":{"r":"RP-C7776","t":"B77W"},"580EF":{"r":"RP-C7775","t":"B77W"},"580F0":{"r":"RP-C7774","t":"B77W"},"5813F":{"r":"RP-C8390","t":"A320"},"5816E":{"r":"RP-C3262","t":"A320"},"5816F":{"r":"RP-C3263","t":"A320"},"581F6":{"r":"RP-C8993","t":"A320"},"58202":{"r":"RP-C8394","t":"A320"},"58224":{"r":"RP-C8189","t":"A320"},"58225":{"r":"RP-C3264","t":"A320"},"58226":{"r":"RP-C3265","t":"A320"},"5823E":{"r":"RP-C6820","t":"A320"},"5824E":{"r":"RP-C8397","t":"A320"},"58269":{"r":"RP-C9121","t":"F900"},"5826B":{"r":"RP-C8191","t":"A320"},"58272":{"r":"RP-C3238","t":"A320"},"5827B":{"r":"RP-C7773","t":"B77W"},"58295":{"r":"RP-C6320","t":"A320"},"58296":{"r":"RP-C5319","t":"A320"},"5829C":{"r":"RP-C3269","t":"A320"},"582F6":{"r":"RP-C3435","t":"A343"},"582F7":{"r":"RP-C3436","t":"A343"},"582F8":{"r":"RP-C3437","t":"A343"},"582F9":{"r":"RP-C3438","t":"A343"},"58303":{"r":"RP-C9902","t":"A321"},"58307":{"r":"RP-C9907","t":"A321"},"58321":{"r":"RP-C8986","t":"A320"},"58340":{"r":"RP-C3439","t":"A343"},"58341":{"r":"RP-C3441","t":"A343"},"6089A":{"t":"A310"},"608A2":{"t":"A310"},"608A3":{"t":"A310"},"608A7":{"t":"A310"},"608B1":{"t":"A310"},"608B5":{"t":"A310"},"608D5":{"t":"B743"},"608E7":{"t":"B743"},"608EA":{"t":"B772"},"608EB":{"t":"B772"},"608EC":{"t":"B772"},"608EE":{"t":"A310"},"608EF":{"t":"A310"},"608F0":{"t":"A310"},"608F1":{"t":"A310"},"608F2":{"t":"A310"},"608F3":{"t":"A310"},"608F9":{"t":"B77L"},"608FA":{"t":"B772"},"60916":{"t":"B77W"},"60917":{"t":"B77W"},"60918":{"t":"B772"},"60924":{"t":"B77W"},"60925":{"t":"A319"},"60926":{"t":"A319"},"60941":{"t":"A321"},"60942":{"t":"A321"},"60966":{"t":"B734"},"61052":{"t":"C130"},"611E4":{"t":"CL60"},"61482":{"t":"A319"},"61483":{"t":"A319"},"61C2B":{"t":"CL60"},"62AF3":{"t":"GLF4"},"62BF4":{"r":"J-756","t":"GLF4"},"63532":{"t":"CL60"},"63DE9":{"t":"A310"},"64E68":{"t":"E35L"},"6AA61":{"t":"A320"},"6AA62":{"t":"A320"},"6AA63":{"t":"A320"},"6AA64":{"t":"A320"},"6AA65":{"t":"A320"},"6AA66":{"t":"A320"},"6AA67":{"t":"A320"},"6AA68":{"t":"A320"},"6AA69":{"t":"A320"},"6AA6A":{"t":"A320"},"6AA6B":{"t":"A320"},"6AA6C":{"t":"A320"},"6AA6D":{"t":"A320"},"6AA73":{"t":"A320"},"6BE81":{"t":"B772"},"6BE83":{"t":"B772"},"6BE84":{"t":"B772"},"6CC44":{"t":"A319"},"6CC45":{"t":"A319"},"6CC46":{"t":"A319"},"6CC47":{"t":"A319"},"6CC48":{"t":"A319"},"6CC61":{"t":"B744"},"6CC62":{"t":"B744"},"6CCC1":{"t":"B744"},"6CCC2":{"t":"B744"},"6CCC4":{"t":"B744"},"6CCC6":{"t":"B744"},"6CCC7":{"t":"B744"},"6CCCA":{"t":"B744"},"6CCCB":{"t":"B744"},"6CCCC":{"t":"B744"},"6CCCD":{"t":"B744"},"6CCCE":{"t":"B744"},"6CCCF":{"t":"B744"},"6CCD0":{"t":"B744"},"6CCD1":{"t":"B744"},"6CCE1":{"t":"A345"},"6CCE2":{"t":"A345"},"6CCE3":{"t":"A345"},"6CCE4":{"t":"A345"},"6CCE5":{"t":"A345"},"6CD61":{"t":"A388"},"6CD62":{"t":"A388"},"6CD63":{"t":"A388"},"6CD64":{"t":"A388"},"6CD65":{"t":"A388"},"6CD66":{"t":"A388"},"6CD67":{"t":"A388"},"6CD68":{"t":"A388"},"6CD69":{"t":"A388"},"6CD6A":{"t":"A388"},"6CD6B":{"t":"A388"},"6CD6C":{"t":"A388"},"6CD6D":{"t":"A388"},"6CD6E":{"t":"A388"},"6CD70":{"t":"A388"},"6CD71":{"t":"A388"},"6CD72":{"t":"A388"},"6CD73":{"t":"A388"},"6CD74":{"t":"A388"},"6CD88":{"t":"A320"},"6CD89":{"t":"A320"},"6CD8A":{"t":"A320"},"6CD8B":{"t":"A320"},"6CD8C":{"t":"A320"},"6CD8D":{"t":"A320"},"6CD8E":{"t":"A320"},"6CD8F":{"t":"A320"},"6CD90":{"t":"A320"},"6CDB5":{"t":"B744"},"6CDC1":{"t":"B77W"},"6CE01":{"t":"B744"},"6CE05":{"t":"B744"},"6CE08":{"t":"B744"},"6CE09":{"t":"B744"},"6CE0A":{"t":"B744"},"6CE0D":{"t":"B744"},"6CE0E":{"t":"B744"},"6CE0F":{"t":"B744"},"6CE10":{"t":"B744"},"6CE11":{"t":"B744"},"6CE22":{"t":"B772"},"6CE25":{"t":"B772"},"6CE26":{"t":"B772"},"6CE28":{"t":"B772"},"6CE29":{"t":"B772"},"6CE2A":{"t":"B772"},"6CE2B":{"t":"B772"},"6CE2C":{"t":"B772"},"6CE2D":{"t":"B772"},"6CE2E":{"t":"B772"},"6CE46":{"t":"B772"},"6CE47":{"t":"B772"},"6CE48":{"t":"B772"},"6CE49":{"t":"B772"},"6CE4A":{"t":"B772"},"6CE4B":{"t":"B772"},"6CE4C":{"t":"B772"},"6CE4D":{"t":"B772"},"6CE4E":{"t":"B772"},"6CE4F":{"t":"B772"},"6CE50":{"t":"B772"},"6CE51":{"t":"B772"},"6CE62":{"t":"A333"},"6CE81":{"t":"A333"},"6CE82":{"t":"A333"},"6CE83":{"t":"A333"},"6CE84":{"t":"A333"},"6CE85":{"t":"A333"},"6CE86":{"t":"A333"},"6CE87":{"t":"A333"},"6CE88":{"t":"A333"},"6CE89":{"t":"A333"},"6CE8A":{"t":"A333"},"6CE8B":{"t":"A333"},"6CE8C":{"t":"A333"},"6CE8D":{"t":"A333"},"6CE8E":{"t":"A333"},"6CE8F":{"t":"A333"},"6CE90":{"t":"A333"},"6CE91":{"t":"A333"},"6CE92":{"t":"A333"},"6CE93":{"t":"A333"},"6CEC2":{"t":"B772"},"6CEC3":{"t":"B772"},"6CEC5":{"t":"B772"},"6CEC8":{"t":"B772"},"6CEC9":{"t":"B772"},"6CECA":{"t":"B772"},"6CECB":{"t":"B772"},"6CECC":{"t":"B772"},"6CECD":{"t":"B772"},"6CECE":{"t":"B772"},"6CECF":{"t":"B772"},"6CEE1":{"t":"B77W"},"6CEE2":{"t":"B77W"},"6CEE4":{"t":"B77W"},"6CEE5":{"t":"B77W"},"6CEE6":{"t":"B77W"},"6CEE7":{"t":"B77W"},"6CEE8":{"t":"B77W"},"6CEE9":{"t":"B77W"},"6CEEA":{"t":"B77W"},"6CEEB":{"t":"B77W"},"6CEEC":{"t":"B77W"},"6CEED":{"t":"B77W"},"6CEEE":{"t":"B77W"},"6CEEF":{"t":"B77W"},"6CEF0":{"t":"B77W"},"6CEF1":{"t":"B77W"},"6CEF2":{"t":"B77W"},"6CEF3":{"t":"B77W"},"6CEF4":{"t":"B77W"},"6CEF5":{"t":"B77W"},"6CEF6":{"t":"B77W"},"6CEF7":{"t":"B77W"},"6CEF9":{"t":"B77W"},"6CEFA":{"t":"B77W"},"6CF25":{"t":"B773"},"6CF26":{"t":"B773"},"6CF27":{"t":"B773"},"6CF28":{"t":"B773"},"6CF29":{"t":"B773"},"6CF2A":{"t":"B773"},"6CF2B":{"t":"B773"},"6CF2C":{"t":"B773"},"6D025":{"t":"A320"},"6D026":{"t":"A320"},"6D02D":{"t":"A320"},"6D02E":{"t":"A320"},"6D02F":{"t":"A320"},"6D030":{"t":"A320"},"6D031":{"t":"A320"},"6D032":{"t":"A320"},"6D033":{"t":"A320"},"6D034":{"t":"A320"},"6D035":{"t":"A320"},"6D036":{"t":"A320"},"6D037":{"t":"A320"},"6D038":{"t":"A320"},"6D039":{"t":"A320"},"6D03A":{"t":"A320"},"6D244":{"t":"A320"},"6D247":{"t":"A320"},"6D24B":{"t":"A320"},"70447":{"r":"4R-ABG","t":"A320"},"7044A":{"r":"4R-ABJ","t":"A320"},"7044B":{"r":"4R-ABK","t":"A320"},"7044D":{"r":"4R-ABM","t":"A320"},"7044F":{"r":"4R-ABO","t":"A320"},"70450":{"r":"4R-ABP","t":"A320"},"70487":{"r":"4R-ADG","t":"A343"},"70583":{"r":"4R-ALC","t":"A332"},"70587":{"r":"4R-ALG","t":"A332"},"70588":{"r":"4R-ALH","t":"A332"},"7058A":{"r":"4R-ALJ","t":"A332"},"7058C":{"r":"4R-ALL","t":"A333"},"7058D":{"r":"4R-ALM","t":"A333"},"7058E":{"r":"4R-ALN","t":"A333"},"7058F":{"r":"4R-ALO","t":"A333"},"71000":{"r":"4R-ADA","t":"A343"},"72000":{"r":"4R-ADB","t":"A343"},"73000":{"r":"4R-ADC","t":"A343"},"73500":{"r":"4R-ALA","t":"A332"},"73600":{"r":"4R-ALB","t":"A332"},"73700":{"r":"4R-ALC","t":"A332"},"73800":{"r":"4R-ALD","t":"A332"},"74100":{"r":"4R-ADF","t":"A343"},"74200":{"r":"4R-ADE","t":"A343"},"78561":{"t":"A320"},"78562":{"t":"A320"},"78563":{"t":"A320"},"78564":{"t":"A320"},"78565":{"t":"A320"},"78566":{"t":"A320"},"80001":{"r":"B-2456","t":"B744"},"80002":{"r":"B-2458","t":"B744"},"80003":{"r":"B-2460","t":"B744"},"80005":{"r":"B-6091","t":"A332"},"8000E":{"r":"B-2443","t":"B744"},"8000F":{"r":"B-2445","t":"B744"},"80010":{"r":"B-2447","t":"B744"},"80014":{"r":"B-8095","t":"GLF5"},"80016":{"r":"B-8088","t":"GLF4"},"80019":{"r":"B-6092","t":"A332"},"8001B":{"r":"B-5372","t":"B738"},"8001D":{"r":"B-6259","t":"A320"},"80022":{"r":"B-2816","t":"B752"},"80063":{"r":"B-2364","t":"A319"},"80065":{"r":"B-6004","t":"A319"},"80066":{"r":"B-6014","t":"A319"},"80067":{"r":"B-6044","t":"A319"},"80068":{"r":"B-6046","t":"A319"},"80069":{"r":"B-6047","t":"A319"},"8007E":{"r":"B-2475","t":"B744"},"8007F":{"r":"B-2476","t":"B744"},"80092":{"r":"B-6090","t":"A332"},"80094":{"r":"B-6095","t":"A333"},"80095":{"r":"B-2431","t":"B744"},"800C1":{"r":"B-5468","t":"B738"},"800E5":{"r":"B-2477","t":"B744"},"800E6":{"r":"B-2478","t":"B744"},"800E8":{"r":"B-5935","t":"A333"},"800ED":{"r":"B-6120","t":"A333"},"800EE":{"r":"B-6121","t":"A332"},"800EF":{"r":"B-6122","t":"A332"},"800F0":{"r":"B-6123","t":"A332"},"800F1":{"r":"B-6125","t":"A333"},"800F2":{"r":"B-6126","t":"A333"},"800F3":{"r":"B-6127","t":"A333"},"800F5":{"r":"B-6129","t":"A333"},"800FF":{"r":"B-5221","t":"B737"},"80105":{"r":"B-5222","t":"B737"},"8011F":{"r":"B-HIH","t":"B742"},"80132":{"r":"B-HNA","t":"B772"},"80133":{"r":"B-HNB","t":"B772"},"80134":{"r":"B-HNC","t":"B772"},"80135":{"r":"B-HND","t":"B772"},"80139":{"r":"B-HOO","t":"B744"},"8013A":{"r":"B-HOP","t":"B744"},"8013B":{"r":"B-HOR","t":"B744"},"8013C":{"r":"B-HOS","t":"B744"},"8013D":{"r":"B-HOT","t":"B744"},"8013E":{"r":"B-HOU","t":"B744"},"8013F":{"r":"B-HOV","t":"B744"},"80140":{"r":"B-HOW","t":"B744"},"80141":{"r":"B-HOX","t":"B744"},"80142":{"r":"B-HOY","t":"B744"},"80143":{"r":"B-HOZ","t":"B744"},"80144":{"r":"B-HUA","t":"B744"},"80145":{"r":"B-HUB","t":"B744"},"80146":{"r":"B-HUD","t":"B744"},"80147":{"r":"B-HUE","t":"B744"},"80148":{"r":"B-HUF","t":"B744"},"80149":{"r":"B-HUG","t":"B744"},"8014A":{"r":"B-HUH","t":"B744"},"8014B":{"r":"B-HUI","t":"B744"},"8014C":{"r":"B-HUJ","t":"B744"},"8014D":{"r":"B-HUK","t":"B744"},"8014E":{"r":"B-HUL","t":"B744"},"8014F":{"r":"B-HUP","t":"B744"},"80150":{"r":"B-HUO","t":"B744"},"8015B":{"r":"B-HXA","t":"A343"},"8015C":{"r":"B-HXB","t":"A343"},"8015D":{"r":"B-HXC","t":"A343"},"8015E":{"r":"B-HXD","t":"A343"},"8015F":{"r":"B-HXE","t":"A343"},"80160":{"r":"B-HXF","t":"A343"},"8016D":{"r":"B-HNE","t":"B773"},"8016E":{"r":"B-HNF","t":"B773"},"8016F":{"r":"B-HNG","t":"B773"},"80170":{"r":"B-HNH","t":"B773"},"80171":{"r":"B-HNI","t":"B773"},"80172":{"r":"B-HNJ","t":"B773"},"80173":{"r":"B-HNK","t":"B773"},"80174":{"r":"B-HXG","t":"A343"},"80175":{"r":"B-HXH","t":"A343"},"80176":{"r":"B-HXI","t":"A343"},"80177":{"r":"B-HXJ","t":"A343"},"80178":{"r":"B-HXK","t":"A343"},"8018B":{"r":"B-HNL","t":"B772"},"8018D":{"r":"B-HLM","t":"A333"},"8018E":{"r":"B-HLN","t":"A333"},"80190":{"r":"B-HLP","t":"A333"},"80191":{"r":"B-HLQ","t":"A333"},"80192":{"r":"B-HLR","t":"A333"},"80193":{"r":"B-HLS","t":"A333"},"8019C":{"r":"B-HLT","t":"A333"},"801AF":{"r":"B-HNM","t":"B773"},"801B0":{"r":"B-HNN","t":"B773"},"801B4":{"r":"B-HLU","t":"A333"},"801B6":{"r":"B-HLW","t":"A333"},"801B7":{"r":"B-HNO","t":"B773"},"801BC":{"r":"B-LDB","t":"A306"},"801BE":{"r":"B-LDD","t":"A306"},"801BF":{"r":"B-LDE","t":"A306"},"801C0":{"r":"B-LDF","t":"A306"},"801C4":{"r":"B-HKD","t":"B744"},"801C5":{"r":"B-HUQ","t":"B744"},"801C6":{"r":"B-LAA","t":"A333"},"801C7":{"r":"B-LAB","t":"A333"},"801C8":{"r":"B-LAC","t":"A333"},"801C9":{"r":"B-LAD","t":"A333"},"801CA":{"r":"B-LAE","t":"A333"},"801CB":{"r":"B-LAF","t":"A333"},"801CC":{"r":"B-HNP","t":"B773"},"801CD":{"r":"B-HKE","t":"B744"},"801CE":{"r":"B-HKF","t":"B744"},"801CF":{"r":"B-HKH","t":"B744"},"801D0":{"r":"B-HKJ","t":"B744"},"801D1":{"r":"B-HKS","t":"B744"},"801D8":{"r":"B-KHK","t":"GLF4"},"801DC":{"r":"B-HNQ","t":"B773"},"801DD":{"r":"B-HUR","t":"B744"},"801DE":{"r":"B-HUS","t":"B744"},"801E2":{"r":"B-LDG","t":"A306"},"801E3":{"r":"B-LDH","t":"A306"},"801E6":{"r":"B-LBL","t":"CL60"},"801EF":{"r":"B-KAE","t":"B744"},"801F0":{"r":"B-KAF","t":"B744"},"801F4":{"r":"B-KID","t":"GLF5"},"801F8":{"r":"B-HKT","t":"B744"},"801F9":{"r":"B-HKU","t":"B744"},"801FA":{"r":"B-HKV","t":"B744"},"801FD":{"r":"B-KAG","t":"B744"},"801FE":{"r":"B-KAH","t":"B744"},"801FF":{"r":"B-KAI","t":"B744"},"80201":{"r":"B-KPA","t":"B77W"},"80202":{"r":"B-KPB","t":"B77W"},"80203":{"r":"B-KPC","t":"B77W"},"80204":{"r":"B-KPD","t":"B77W"},"80205":{"r":"B-KPE","t":"B77W"},"80208":{"r":"B-LAG","t":"A333"},"80209":{"r":"B-LAH","t":"A333"},"8020A":{"r":"B-LAI","t":"A333"},"80212":{"r":"B-KPF","t":"B77W"},"80213":{"r":"B-KPG","t":"B77W"},"80214":{"r":"B-KPH","t":"B77W"},"80217":{"r":"B-LIA","t":"B744"},"80218":{"r":"B-LIB","t":"B744"},"80219":{"r":"B-LIC","t":"B744"},"8021A":{"r":"B-LID","t":"B744"},"8021B":{"r":"B-LIE","t":"B744"},"8021C":{"r":"B-LIF","t":"B744"},"80220":{"r":"B-KPI","t":"B77W"},"80221":{"r":"B-KPJ","t":"B77W"},"80223":{"r":"B-HKX","t":"B744"},"80227":{"r":"B-KPK","t":"B77W"},"80229":{"r":"B-LIM","t":"GL5T"},"8022B":{"r":"B-KPL","t":"B77W"},"8022C":{"r":"B-KPM","t":"B77W"},"8022D":{"r":"B-KPN","t":"B77W"},"8022E":{"r":"B-KPO","t":"B77W"},"80231":{"r":"B-LJA","t":"B748"},"80232":{"r":"B-LJB","t":"B748"},"80233":{"r":"B-LJC","t":"B748"},"80234":{"r":"B-LRW","t":"GL5T"},"80235":{"r":"B-LAJ","t":"A333"},"80236":{"r":"B-LAK","t":"A333"},"80237":{"r":"B-LAL","t":"A333"},"8023B":{"r":"B-KGP","t":"GLF5"},"8023C":{"r":"B-KPP","t":"B77W"},"8023D":{"r":"B-KPQ","t":"B77W"},"8023E":{"r":"B-KPR","t":"B77W"},"8023F":{"r":"B-KCK","t":"GLF5"},"8025C":{"r":"B-2500","t":"B763"},"8025D":{"r":"B-2566","t":"B763"},"80262":{"r":"B-5230","t":"B737"},"8026E":{"r":"B-6070","t":"A332"},"80274":{"r":"B-6073","t":"A332"},"80275":{"r":"B-6075","t":"A332"},"80276":{"r":"B-6076","t":"A332"},"80277":{"r":"B-6223","t":"A319"},"80278":{"r":"B-6225","t":"A319"},"80279":{"r":"B-6226","t":"A319"},"8027A":{"r":"B-6227","t":"A319"},"8027B":{"r":"B-6228","t":"A319"},"8028B":{"r":"B-6071","t":"A332"},"8028C":{"r":"B-6072","t":"A332"},"8029E":{"r":"B-2425","t":"B744"},"8029F":{"r":"B-2428","t":"B744"},"802D2":{"r":"B-6079","t":"A332"},"802D3":{"r":"B-6080","t":"A332"},"802D4":{"r":"B-6081","t":"A332"},"802FF":{"r":"B-6082","t":"A332"},"8030E":{"r":"B-6542","t":"A332"},"80311":{"r":"B-8028","t":"FA7X"},"80334":{"r":"B-2430","t":"B744"},"80352":{"r":"B-6237","t":"A319"},"80356":{"r":"B-6238","t":"A319"},"80370":{"r":"B-6086","t":"A333"},"80371":{"r":"B-6087","t":"A333"},"8037B":{"r":"B-6093","t":"A332"},"8037C":{"r":"B-2426","t":"B744"},"803B1":{"r":"B-6909","t":"A320"},"803B3":{"r":"B-8091","t":"GLF4"},"803BE":{"r":"B-7698","t":"CRJ2"},"803C8":{"r":"B-8027","t":"FA7X"},"803E6":{"r":"B-6096","t":"A333"},"803E7":{"r":"B-6097","t":"A333"},"803FE":{"r":"B-3209","t":"E190"},"80432":{"r":"B-5358","t":"B738"},"80443":{"r":"B-6116","t":"A332"},"80444":{"r":"B-6118","t":"A332"},"8044C":{"r":"B-5539","t":"B738"},"8044E":{"r":"B-6115","t":"A332"},"8044F":{"r":"B-6117","t":"A332"},"80450":{"r":"B-6113","t":"A332"},"80451":{"r":"B-6098","t":"A333"},"8045D":{"r":"B-6099","t":"A332"},"8045E":{"r":"B-6100","t":"A333"},"80460":{"r":"B-6346","t":"A320"},"80461":{"r":"B-5375","t":"B738"},"80462":{"r":"B-6088","t":"A332"},"80463":{"r":"B-6089","t":"A332"},"8046D":{"r":"B-6112","t":"A333"},"8048C":{"r":"B-6130","t":"A332"},"8048E":{"r":"B-6131","t":"A332"},"80493":{"r":"B-2432","t":"B744"},"8049E":{"r":"B-5405","t":"B738"},"804A0":{"r":"B-5406","t":"B738"},"804A2":{"r":"B-5408","t":"B738"},"804A9":{"r":"B-6501","t":"A333"},"804AC":{"r":"B-6373","t":"A320"},"804AD":{"r":"B-6375","t":"A320"},"804AE":{"r":"B-6376","t":"A320"},"804B1":{"r":"B-6506","t":"A333"},"804B2":{"r":"B-6507","t":"A333"},"804B9":{"r":"B-6372","t":"A320"},"804BA":{"r":"B-6132","t":"A332"},"804C6":{"r":"B-2071","t":"B77L"},"804C7":{"r":"B-2072","t":"B77L"},"804C9":{"r":"B-8092","t":"GLF5"},"804CA":{"r":"B-6505","t":"A332"},"804D4":{"r":"B-6178","t":"A319"},"804F9":{"r":"B-2433","t":"B744"},"804FA":{"r":"B-5416","t":"B738"},"80511":{"r":"B-5427","t":"B738"},"80513":{"r":"B-5429","t":"B738"},"80531":{"r":"B-5137","t":"B738"},"80532":{"r":"B-6508","t":"A346"},"80533":{"r":"B-6509","t":"A346"},"80534":{"r":"B-6510","t":"A346"},"8053B":{"r":"B-2435","t":"B744"},"80550":{"r":"B-6133","t":"A332"},"80586":{"r":"B-5465","t":"B738"},"8058D":{"r":"B-5467","t":"B738"},"8058E":{"r":"B-5466","t":"B738"},"805A5":{"r":"B-5482","t":"B738"},"805A6":{"r":"B-5480","t":"B738"},"805A7":{"r":"B-5481","t":"B738"},"805A9":{"r":"B-2073","t":"B77L"},"805AA":{"r":"B-2075","t":"B77L"},"805D3":{"r":"B-5462","t":"B738"},"805D7":{"r":"B-8097","t":"GLF5"},"805DC":{"r":"B-2076","t":"B772"},"805DD":{"r":"B-2077","t":"B772"},"805DE":{"r":"B-8100","t":"GLF5"},"805F6":{"r":"B-6135","t":"A332"},"80610":{"r":"B-5266","t":"B737"},"8061E":{"r":"B-8108","t":"GLF5"},"80620":{"r":"B-7697","t":"CRJ2"},"8062F":{"r":"B-2078","t":"B77L"},"80630":{"r":"B-2079","t":"B77L"},"80639":{"r":"B-6511","t":"A333"},"80643":{"r":"B-6515","t":"A332"},"80644":{"r":"B-6516","t":"A332"},"80654":{"r":"B-2081","t":"B77L"},"80656":{"r":"B-5521","t":"B738"},"80687":{"r":"B-5538","t":"B738"},"80688":{"r":"B-5540","t":"B738"},"8068B":{"r":"B-6517","t":"A320"},"80691":{"r":"B-8122","t":"GLF5"},"80697":{"r":"B-2453","t":"B744"},"80698":{"r":"B-2455","t":"B744"},"80699":{"r":"B-2457","t":"B744"},"806B4":{"r":"B-6519","t":"A332"},"806B5":{"r":"B-6520","t":"A333"},"806BA":{"r":"B-8157","t":"GLF5"},"806DE":{"r":"B-6525","t":"A333"},"806E1":{"r":"B-6527","t":"A333"},"806E2":{"r":"B-6529","t":"A333"},"80706":{"r":"B-8130","t":"GLF5"},"80707":{"r":"B-6418","t":"A319"},"80708":{"r":"B-2725","t":"B788"},"80709":{"r":"B-2726","t":"B788"},"8070A":{"r":"B-2727","t":"B788"},"8070D":{"r":"B-6526","t":"A332"},"8070E":{"r":"B-6528","t":"A332"},"8071B":{"r":"B-2082","t":"B77L"},"8071C":{"r":"B-2083","t":"B77L"},"80728":{"r":"B-5273","t":"B737"},"8072A":{"r":"B-2437","t":"B744"},"80738":{"r":"B-5579","t":"B738"},"80739":{"r":"B-5580","t":"B738"},"8073A":{"r":"B-5581","t":"B738"},"80747":{"r":"B-6531","t":"A332"},"80748":{"r":"B-6532","t":"A332"},"8076B":{"r":"B-2085","t":"B77W"},"8076C":{"r":"B-2086","t":"B77W"},"8076D":{"r":"B-2087","t":"B77W"},"8076E":{"r":"B-2088","t":"B77W"},"80772":{"r":"B-5597","t":"B738"},"80783":{"r":"B-6533","t":"A332"},"807BB":{"r":"B-2080","t":"B77L"},"807BD":{"r":"B-6535","t":"A332"},"807CE":{"r":"B-6536","t":"A332"},"807D5":{"r":"B-6537","t":"A332"},"807D6":{"r":"B-6538","t":"A332"},"807FC":{"r":"B-3999","t":"B737"},"80814":{"r":"B-7796","t":"CL60"},"80818":{"r":"B-6539","t":"A333"},"8082E":{"r":"B-2090","t":"B77W"},"8082F":{"r":"B-6540","t":"A332"},"8084C":{"r":"B-6877","t":"A320"},"80850":{"r":"B-6543","t":"A332"},"80851":{"r":"B-6546","t":"A332"},"80856":{"r":"B-6875","t":"A320"},"8085A":{"r":"B-6898","t":"A320"},"80866":{"r":"B-3138","t":"E190"},"80867":{"r":"B-6881","t":"A320"},"8086C":{"r":"B-2031","t":"B77W"},"80873":{"r":"B-6541","t":"A332"},"80888":{"r":"B-3139","t":"E190"},"80889":{"r":"B-6895","t":"A320"},"8088D":{"r":"B-5645","t":"B738"},"80890":{"r":"B-8207","t":"FA7X"},"808A8":{"r":"B-6549","t":"A332"},"808A9":{"r":"B-6503","t":"A333"},"808AC":{"r":"B-2032","t":"B77W"},"808AE":{"r":"B-6547","t":"A332"},"808AF":{"r":"B-6548","t":"A332"},"808BC":{"r":"B-5900","t":"A332"},"808CB":{"r":"B-2033","t":"B77W"},"808CC":{"r":"B-2035","t":"B77W"},"808CF":{"r":"B-5286"},"808E6":{"r":"B-5902","t":"A332"},"808E7":{"r":"B-5903","t":"A332"},"808E9":{"r":"B-6925","t":"A321"},"808ED":{"r":"B-6929","t":"A320"},"808F0":{"r":"B-6427","t":"A319"},"808F4":{"r":"B-6422","t":"A319"},"80900":{"r":"B-6426","t":"A319"},"80917":{"r":"B-3210","t":"E190"},"80932":{"r":"B-5908","t":"A332"},"80955":{"r":"B-6435","t":"A319"},"80970":{"r":"B-2036","t":"B773"},"80979":{"r":"B-8259","t":"GLF5"},"8099E":{"r":"B-8206","t":"FA7X"},"809A5":{"r":"B-5918"},"809A9":{"r":"B-2037","t":"B77W"},"809AA":{"r":"B-2038","t":"B77W"},"809B8":{"r":"B-5920","t":"A332"},"809B9":{"r":"B-5921","t":"A332"},"809FE":{"r":"B-8263","t":"GLF4"},"80A02":{"r":"B-LCK","t":"GLF4"},"80A03":{"r":"B-LWW","t":"GLF4"},"80A04":{"r":"B-LRH","t":"GL5T"},"80A0A":{"r":"B-LAM","t":"A333"},"80A0B":{"r":"B-LAN","t":"A333"},"80A0C":{"r":"B-LAO","t":"A333"},"80A0F":{"r":"B-LEX","t":"B737"},"80A14":{"r":"B-KPS","t":"B77W"},"80A15":{"r":"B-KPT","t":"B77W"},"80A16":{"r":"B-KPU","t":"B77W"},"80A17":{"r":"B-KPV","t":"B77W"},"80A18":{"r":"B-KPW","t":"B77W"},"80A19":{"r":"B-KPX","t":"B77W"},"80A1A":{"r":"B-HVP","t":"GLF5"},"80A1B":{"r":"B-KEQ","t":"GLF5"},"80A1D":{"r":"B-LJE","t":"B748"},"80A22":{"r":"B-LNJ","t":"A332"},"80A25":{"r":"B-KHJ","t":"GLF5"},"80A28":{"r":"B-LJF","t":"B748"},"80A29":{"r":"B-LJG","t":"B748"},"80A2A":{"r":"B-KPY","t":"B77W"},"80A2B":{"r":"B-KPZ","t":"B77W"},"80A2C":{"r":"B-KQA","t":"B77W"},"80A2D":{"r":"B-KQB","t":"B77W"},"80A30":{"r":"B-LDL"},"80A31":{"r":"B-LNK","t":"A332"},"80A35":{"r":"B-KQC","t":"B77W"},"80A36":{"r":"B-KQD","t":"B77W"},"80A37":{"r":"B-KQE","t":"B77W"},"80A38":{"r":"B-KQF","t":"B77W"},"80A39":{"r":"B-KQG","t":"B77W"},"80A3A":{"r":"B-KQH","t":"B77W"},"80A3B":{"r":"B-KQI","t":"B77W"},"80A3C":{"r":"B-KQJ","t":"B77W"},"80A3D":{"r":"B-LJH","t":"B748"},"80A3E":{"r":"B-LJI","t":"B748"},"80A3F":{"r":"B-LJJ","t":"B748"},"80A40":{"r":"B-HSQ","t":"A320"},"80A43":{"r":"B-LNW","t":"A332"},"80A46":{"r":"B-LPD","t":"A320"},"80A47":{"r":"B-LNL","t":"A332"},"80A50":{"r":"B-HHI","t":"GLF5"},"80A5B":{"r":"B-KQK","t":"B77W"},"80A5C":{"r":"B-KQL","t":"B77W"},"80A61":{"r":"B-KQM","t":"B77W"},"80A62":{"r":"B-KQN","t":"B77W"},"80A63":{"r":"B-KQO","t":"B77W"},"80A64":{"r":"B-KQP","t":"B77W"},"80A65":{"r":"B-KQQ","t":"B77W"},"80A66":{"r":"B-KQR","t":"B77W"},"80A67":{"r":"B-KQS","t":"B77W"},"80A6E":{"r":"B-LJK","t":"B748"},"80A6F":{"r":"B-LJL","t":"B748"},"80A89":{"r":"B-KQU","t":"B77W"},"80A8A":{"r":"B-KQV","t":"B77W"},"80A8B":{"r":"B-KQW","t":"B77W"},"80A8D":{"r":"B-KQT","t":"B77W"},"80A98":{"r":"B-KQZ","t":"B77W"},"80AD1":{"r":"B-5925","t":"A332"},"80AD2":{"r":"B-5927","t":"A332"},"80ADA":{"r":"B-5926","t":"A332"},"80ADF":{"r":"B-3218"},"80AE5":{"r":"B-2039","t":"B77W"},"80AE6":{"r":"B-2040","t":"B77W"},"80AEB":{"r":"B-2041","t":"B77L"},"80B11":{"r":"B-2732","t":"B788"},"80B12":{"r":"B-2733","t":"B788"},"80B13":{"r":"B-2735","t":"B788"},"80B14":{"r":"B-2736","t":"B788"},"80B15":{"r":"B-2737","t":"B788"},"80B33":{"r":"B-5930","t":"A332"},"80B34":{"r":"B-5931","t":"A332"},"80B44":{"r":"B-2043","t":"B77L"},"80B45":{"r":"B-5932","t":"A332"},"80B7D":{"r":"B-5937","t":"A332"},"80B7E":{"r":"B-5936","t":"A332"},"80B7F":{"r":"B-5938","t":"A332"},"80BA2":{"r":"B-2787","t":"B788"},"80BA3":{"r":"B-2788","t":"B788"},"80BB5":{"r":"B-3296","t":"E135"},"80BB6":{"r":"B-2095","t":"B77L"},"80BC1":{"r":"B-8292","t":"GLF5"},"80BF6":{"r":"B-2045","t":"B77W"},"80BF7":{"r":"B-2046","t":"B77W"},"80BF8":{"r":"B-2047","t":"B77W"},"80BFF":{"r":"B-5941","t":"A332"},"80C00":{"r":"B-5942","t":"A332"},"80C01":{"r":"B-5943","t":"A332"},"80C13":{"r":"B-8280","t":"G280"},"80C4D":{"r":"B-5949","t":"A332"},"80C5B":{"r":"B-2091","t":"B77L"},"80C5C":{"r":"B-2092","t":"B77L"},"80C5D":{"r":"B-2093","t":"B77L"},"80C9E":{"r":"B-2006","t":"B77W"},"80CA9":{"r":"B-5952","t":"A332"},"80D22":{"r":"B-5961","t":"A332"},"80D23":{"r":"B-5962","t":"A332"},"80DE5":{"r":"B-5973","t":"A332"},"80FD9":{"r":"B-7877"},"80FDA":{"r":"B-7878"},"80FDB":{"r":"B-7879"},"81008":{"r":"B-7899"},"81009":{"r":"B-7800"},"8100A":{"r":"B-7832"},"8100B":{"r":"B-7898"},"810B1":{"r":"B-3243"},"810B8":{"r":"B-1591"},"810FA":{"r":"B-3236"},"811FF":{"r":"B-3257"},"81200":{"r":"B-3259"},"8128F":{"r":"B-3273"},"98035":{"r":"B-6034","t":"A319"},"98036":{"r":"B-6035","t":"A319"},"98037":{"r":"B-6036","t":"A319"},"98038":{"r":"B-6037","t":"A319"},"98039":{"r":"B-6038","t":"A319"},"9A022":{"r":"B-2375","t":"A320"},"9A05A":{"r":"B-6028","t":"A320"},"9A05C":{"r":"B-6030","t":"A320"},"9A06E":{"r":"B-6056","t":"A332"},"9A06F":{"r":"B-6057","t":"A332"},"9A070":{"r":"B-6058","t":"A332"},"9A071":{"r":"B-6059","t":"A332"},"9C001":{"r":"B-2380","t":"A343"},"9C002":{"r":"B-2381","t":"A343"},"9C003":{"r":"B-2382","t":"A343"},"9C004":{"r":"B-2383","t":"A343"},"9C005":{"r":"B-2384","t":"A343"},"9C009":{"r":"B-2388","t":"A343"},"9C00A":{"r":"B-2389","t":"A343"},"9C00B":{"r":"B-2390","t":"A343"},"9C00C":{"r":"B-2385","t":"A343"},"9C00D":{"r":"B-2386","t":"A343"},"9C00E":{"r":"B-2387","t":"A343"},"9C00F":{"r":"B-6050","t":"A346"},"9C010":{"r":"B-6051","t":"A346"},"9C013":{"r":"B-6055","t":"A346"},"BB107":{"r":"B-2622","t":"B737"},"BB108":{"r":"B-2916","t":"B737"},"BB12F":{"r":"B-5116","t":"B738"},"BC001":{"r":"B-2467","t":"B744"},"BC002":{"r":"B-2468","t":"B744"},"BC003":{"r":"B-2469","t":"B744"},"BC004":{"r":"B-2470","t":"B744"},"BC005":{"r":"B-2471","t":"B744"},"BC006":{"r":"B-2472","t":"B744"},"BC007":{"r":"B-2473","t":"B744"},"BC008":{"r":"B-2461","t":"B744"},"BC009":{"r":"B-2409","t":"B744"},"BE012":{"r":"B-2490","t":"B763"},"BE013":{"r":"B-2491","t":"B763"},"BE014":{"r":"B-2492","t":"B763"},"BF004":{"r":"B-2053","t":"B772"},"BF006":{"r":"B-2055","t":"B772"},"BF007":{"r":"B-2056","t":"B772"},"BF008":{"r":"B-2057","t":"B772"},"BF009":{"r":"B-2058","t":"B772"},"BF00C":{"r":"B-2061","t":"B772"},"BF00D":{"r":"B-2062","t":"B772"},"BF010":{"r":"B-2065","t":"B772"},"BF011":{"r":"B-2066","t":"B772"},"BF012":{"r":"B-2067","t":"B772"},"BF013":{"r":"B-2068","t":"B772"},"BF014":{"r":"B-2069","t":"B772"},"BF015":{"r":"B-2070","t":"B772"},"children":["7C"]}