{"52F8":{"t":"DH8D"},"52F9":{"t":"DH8D"},"52FA":{"t":"DH8D"},"52FB":{"t":"DH8D"},"52FC":{"t":"DH8D"},"52FD":{"t":"DH8D"},"52FF":{"t":"DH8D"},"5300":{"t":"DH8D"},"5301":{"t":"DH8D"},"5302":{"t":"DH8D"},"5303":{"t":"SR20"},"5304":{"t":"DH8D"},"5305":{"t":"DH8D"},"5306":{"t":"AC11"},"5307":{"t":"DH8D"},"5308":{"t":"P28A"},"5309":{"t":"DH8D"},"530A":{"t":"DH8D"},"530B":{"t":"DH8D"},"530C":{"t":"DH8D"},"530D":{"t":"DH8D"},"530E":{"t":"DH8D"},"530F":{"t":"DH8D"},"5310":{"t":"DH8D"},"5311":{"t":"A139"},"531C":{"t":"A333"},"531D":{"t":"A333"},"531E":{"t":"A333"},"531F":{"t":"A333"},"5320":{"t":"A333"},"5321":{"t":"A333"},"5322":{"t":"A333"},"5323":{"t":"A333"},"5324":{"t":"A333"},"5325":{"t":"A333"},"5340":{"t":"BALL"},"5341":{"t":"DH8A"},"5342":{"t":"DH8A"},"5343":{"t":"DH8A"},"5344":{"t":"DH8A"},"5345":{"t":"DH8A"},"5346":{"t":"DH8A"},"5347":{"t":"DH8A"},"5348":{"t":"DH8A"},"5349":{"t":"DH8A"},"534A":{"t":"DH8A"},"534B":{"t":"DH8A"},"534C":{"t":"DH8C"},"534D":{"t":"DH8C"},"534E":{"t":"PTS1"},"534F":{"t":"DH8C"},"5350":{"t":"RV6"},"5351":{"t":"F70"},"5352":{"t":"BALL"},"5353":{"t":"SR22"},"5354":{"t":"BALL"},"5355":{"t":"F70"},"5356":{"t":"F70"},"5357":{"t":"F70"},"5358":{"t":"F70"},"5359":{"t":"C550"},"5610":{"t":"C182"},"5611":{"t":"BALL"},"5612":{"t":"ST75"},"5613":{"t":"B06"},"5614":{"t":"C150"},"5615":{"t":"SPIT"},"5616":{"t":"C182"},"5617":{"t":"EXEC"},"5619":{"t":"R22"},"561A":{"t":"C182"},"561B":{"t":"RV6"},"561C":{"t":"F2TH"},"561D":{"t":"CRER"},"561E":{"t":"R66"},"561F":{"t":"C206"},"5620":{"t":"C172"},"5621":{"t":"RV4"},"5622":{"t":"R22"},"5623":{"t":"C210"},"5624":{"t":"BALL"},"5625":{"t":"C77R"},"5626":{"t":"DH82"},"5627":{"t":"P28A"},"5628":{"t":"DH82"},"5629":{"t":"C206"},"5634":{"t":"RV7"},"5635":{"t":"C172"},"5636":{"t":"C182"},"5637":{"t":"RV14"},"5638":{"t":"J3"},"5639":{"t":"C172"},"563A":{"t":"GLID"},"563B":{"t":"C340"},"563C":{"t":"R22"},"563D":{"t":"C310"},"563E":{"t":"C182"},"5640":{"t":"C175"},"5641":{"t":"C172"},"5642":{"t":"C150"},"5643":{"t":"C182"},"5644":{"t":"R44"},"5645":{"t":"R22"},"5646":{"t":"C172"},"5647":{"t":"EN28"},"5648":{"t":"C182"},"5649":{"t":"C172"},"564A":{"t":"C182"},"564B":{"t":"BALL"},"564C":{"t":"R44"},"564D":{"t":"C150"},"5658":{"t":"SR22"},"5659":{"t":"BALL"},"565A":{"t":"B47G"},"565B":{"t":"T18"},"565C":{"t":"C182"},"565D":{"t":"C152"},"565E":{"t":"C310"},"565F":{"t":"C182"},"5660":{"t":"SW3"},"5661":{"t":"RV8"},"5662":{"t":"C172"},"5663":{"t":"R44"},"5664":{"t":"R44"},"5665":{"t":"C182"},"5666":{"t":"C206"},"5667":{"t":"C303"},"5668":{"t":"C182"},"5669":{"t":"P28A"},"566A":{"t":"R22"},"566B":{"t":"C402"},"566C":{"t":"DHC1"},"566D":{"t":"PA31"},"566E":{"t":"L40"},"566F":{"t":"PA38"},"5670":{"t":"C337"},"5671":{"t":"PA46"},"567C":{"t":"AS50"},"567D":{"t":"PA22"},"567E":{"t":"C182"},"567F":{"t":"C172"},"5680":{"t":"C150"},"5681":{"t":"C172"},"5682":{"t":"C150"},"5683":{"t":"C210"},"5684":{"t":"LJ60"},"5685":{"t":"C150"},"5686":{"t":"C172"},"5687":{"t":"R22"},"5688":{"t":"C172"},"5689":{"t":"C172"},"568A":{"t":"C150"},"568B":{"t":"C172"},"568C":{"t":"C182"},"568D":{"t":"S108"},"568E":{"t":"C210"},"568F":{"t":"C210"},"5690":{"t":"BALL"},"5691":{"t":"C182"},"5692":{"t":"RV7"},"5693":{"t":"C210"},"5694":{"t":"SR22"},"5695":{"t":"C402"},"56A0":{"t":"C182"},"56A1":{"t":"RBEL"},"56A2":{"t":"C172"},"56A3":{"t":"YK52"},"56A4":{"t":"R22"},"56A5":{"t":"C172"},"56A6":{"t":"R22"},"56A7":{"t":"MG15"},"56A8":{"t":"C180"},"56A9":{"t":"C77R"},"56AA":{"t":"C310"},"56AB":{"t":"EXEC"},"56AC":{"t":"M20P"},"56AD":{"t":"R22"},"56AE":{"t":"C182"},"56AF":{"t":"BE55"},"56B0":{"t":"PA24"},"56B1":{"t":"LNC2"},"56B2":{"t":"R44"},"56B3":{"t":"C182"},"56B4":{"t":"C172"},"56B5":{"t":"C172"},"56B6":{"t":"C182"},"56B7":{"t":"B738"},"56B8":{"t":"SR22"},"56B9":{"t":"C182"},"56C4":{"t":"C310"},"56C5":{"t":"C175"},"56C6":{"t":"C150"},"56C7":{"t":"BE20"},"56C8":{"t":"B47G"},"56C9":{"t":"C180"},"56CA":{"t":"C182"},"56CB":{"t":"C172"},"56CC":{"t":"C182"},"56CD":{"t":"C175"},"56CE":{"t":"C182"},"56CF":{"t":"C175"},"56D0":{"t":"AT8T"},"56D1":{"t":"DA40"},"56D2":{"t":"C182"},"56D3":{"t":"C150"},"56D4":{"t":"C172"},"56D5":{"t":"C180"},"56D6":{"t":"C175"},"56D7":{"t":"ULAC"},"56D8":{"t":"C175"},"56D9":{"t":"C172"},"56DA":{"t":"R22"},"56DB":{"t":"B06"},"56DC":{"t":"B47G"},"56DD":{"t":"C150"},"56E8":{"t":"T18"},"56E9":{"t":"C337"},"56EA":{"t":"C180"},"56EB":{"t":"P28B"},"56EC":{"t":"C206"},"56ED":{"t":"C175"},"56EE":{"t":"C172"},"56EF":{"t":"C172"},"56F0":{"t":"C175"},"56F1":{"t":"C172"},"56F2":{"t":"SS2P"},"56F3":{"t":"LGEZ"},"56F4":{"t":"C150"},"56F5":{"t":"C150"},"56F6":{"t":"C182"},"56F7":{"t":"C150"},"56F8":{"t":"C150"},"56F9":{"t":"RV6"},"56FA":{"t":"SR22"},"56FB":{"t":"BALL"},"56FC":{"t":"R22"},"56FD":{"t":"C180"},"56FE":{"t":"P28A"},"56FF":{"t":"C82R"},"5700":{"t":"B06"},"5701":{"t":"C210"},"570C":{"t":"C172"},"570D":{"t":"C182"},"570E":{"t":"R22"},"570F":{"t":"C175"},"5710":{"t":"P32R"},"5711":{"t":"C210"},"5712":{"t":"PA30"},"5713":{"t":"BE35"},"5714":{"t":"C182"},"5715":{"t":"B412"},"5716":{"t":"RV7"},"5717":{"t":"R22"},"5718":{"t":"C175"},"5719":{"t":"C182"},"571A":{"t":"HUNT"},"571B":{"t":"C172"},"571C":{"t":"R22"},"571D":{"t":"C182"},"571E":{"t":"B47G"},"571F":{"t":"EXEC"},"5720":{"t":"C175"},"5721":{"t":"RV6"},"5722":{"t":"DHC1"},"5723":{"t":"C172"},"5724":{"t":"C175"},"5725":{"t":"C150"},"5730":{"t":"BE9L"},"5731":{"t":"R44"},"5732":{"t":"TOUR"},"5733":{"t":"AT3P"},"5734":{"t":"AIGT"},"5735":{"t":"R44"},"5736":{"t":"C82R"},"5737":{"t":"C206"},"5738":{"t":"C172"},"5739":{"t":"R44"},"573A":{"t":"HIGH"},"573B":{"t":"R22"},"573C":{"t":"AT8T"},"573D":{"t":"DH82"},"573E":{"t":"H25B"},"573F":{"t":"BALL"},"5740":{"t":"C150"},"5741":{"t":"C172"},"5742":{"t":"GL5T"},"5743":{"t":"R22"},"5744":{"t":"H25B"},"5745":{"t":"C172"},"5746":{"t":"DHC1"},"5747":{"t":"R44"},"5748":{"t":"R22"},"5749":{"t":"R44"},"5754":{"t":"DH82"},"5755":{"t":"R44"},"5756":{"t":"RV9"},"5757":{"t":"R22"},"5758":{"t":"LNC2"},"5759":{"t":"C172"},"575A":{"t":"P28A"},"575B":{"t":"BALL"},"575C":{"t":"GLID"},"575D":{"t":"R44"},"575E":{"t":"DHC1"},"575F":{"t":"C172"},"5760":{"t":"PA22"},"5761":{"t":"R44"},"5762":{"t":"C210"},"5763":{"t":"ADVE"},"5764":{"t":"P28A"},"5765":{"t":"PA27"},"5766":{"t":"BE76"},"5767":{"t":"P28A"},"5768":{"t":"BE60"},"5769":{"t":"PA32"},"576A":{"t":"C172"},"576B":{"t":"C210"},"576D":{"t":"EXEC"},"5778":{"t":"AUS3"},"5779":{"t":"C182"},"577A":{"t":"R22"},"577B":{"t":"PA31"},"577C":{"t":"C172"},"577D":{"t":"M20P"},"577E":{"t":"C182"},"577F":{"t":"C77R"},"5780":{"t":"C421"},"5781":{"t":"C182"},"5782":{"t":"R44"},"5783":{"t":"TOUR"},"5784":{"t":"C172"},"5785":{"t":"R22"},"5786":{"t":"C172"},"5787":{"t":"ZZZZ"},"5788":{"t":"R44"},"5789":{"t":"AT8T"},"578A":{"t":"C340"},"578B":{"t":"C172"},"578C":{"t":"P32R"},"578D":{"t":"C182"},"578E":{"t":"C182"},"578F":{"t":"RV8"},"5790":{"t":"CJ1"},"5791":{"t":"C185"},"579C":{"t":"C172"},"579D":{"t":"PA23"},"579E":{"t":"S355"},"579F":{"t":"C172"},"57A0":{"t":"AC68"},"57A1":{"t":"C172"},"57A2":{"t":"C172"},"57A3":{"t":"C182"},"57A4":{"t":"B222"},"57A5":{"t":"C172"},"57A6":{"t":"C172"},"57A7":{"t":"C172"},"57A8":{"t":"C172"},"57A9":{"t":"C172"},"57AA":{"t":"R22"},"57AB":{"t":"C205"},"57AC":{"t":"C182"},"57AD":{"t":"AS55"},"57AE":{"t":"R22"},"57AF":{"t":"C172"},"57B0":{"t":"R22"},"57B1":{"t":"B06"},"57B2":{"t":"P32R"},"57B3":{"t":"C402"},"57B4":{"t":"B222"},"57B5":{"t":"C172"},"57C0":{"t":"BE77"},"57C1":{"t":"C525"},"57C2":{"t":"P32R"},"57C3":{"t":"R44"},"57C4":{"t":"DHC1"},"57C5":{"t":"C182"},"57C6":{"t":"BALL"},"57C7":{"t":"B06"},"57C8":{"t":"BE76"},"57C9":{"t":"B06"},"57CA":{"t":"PA30"},"57CB":{"t":"R22"},"57CC":{"t":"BE36"},"57CD":{"t":"R44"},"57CE":{"t":"EXEJ"},"57CF":{"t":"P32R"},"57D0":{"t":"FOX"},"57D1":{"t":"P32R"},"57D2":{"t":"H500"},"57D3":{"t":"R22"},"57D4":{"t":"LNC2"},"57D5":{"t":"RV14"},"57D6":{"t":"P28S"},"57D7":{"t":"BE36"},"57D8":{"t":"ST75"},"57D9":{"t":"P28A"},"57E4":{"t":"R44"},"57E5":{"t":"C172"},"57E6":{"t":"C152"},"57E7":{"t":"C172"},"57E8":{"t":"C152"},"57E9":{"t":"R44"},"57EA":{"t":"PA31"},"57EB":{"t":"PA31"},"57EC":{"t":"DH82"},"57ED":{"t":"C172"},"57EE":{"t":"R44"},"57EF":{"t":"C182"},"57F0":{"t":"BE36"},"57F1":{"t":"P28A"},"57F2":{"t":"C152"},"57F3":{"t":"P28A"},"57F4":{"t":"C152"},"57F5":{"t":"BE55"},"57F6":{"t":"AC11"},"57F7":{"t":"T28"},"57F8":{"t":"P28A"},"57F9":{"t":"TOUR"},"57FA":{"t":"C182"},"57FB":{"t":"C172"},"57FC":{"t":"C172"},"57FD":{"t":"R44"},"5808":{"t":"S108"},"5809":{"t":"GLAS"},"580A":{"t":"C182"},"580B":{"t":"C182"},"580C":{"t":"S108"},"580D":{"t":"C150"},"580E":{"t":"R44"},"580F":{"t":"C210"},"5810":{"t":"BALL"},"5811":{"t":"C150"},"5812":{"t":"TRF1"},"5813":{"t":"RV7"},"5814":{"t":"RYST"},"5815":{"t":"PA32"},"5816":{"t":"R44"},"5817":{"t":"C182"},"5818":{"t":"R22"},"5819":{"t":"C150"},"581A":{"t":"C402"},"581B":{"t":"EXEC"},"581C":{"t":"AS50"},"581D":{"t":"DA42"},"581E":{"t":"C206"},"581F":{"t":"C402"},"5820":{"t":"DH82"},"5821":{"t":"C150"},"582C":{"t":"DA40"},"582D":{"t":"B06"},"582E":{"t":"BE35"},"582F":{"t":"C172"},"5830":{"t":"C177"},"5831":{"t":"C172"},"5832":{"t":"C177"},"5833":{"t":"ULAC"},"5834":{"t":"M20P"},"5835":{"t":"R66"},"5836":{"t":"B06"},"5837":{"t":"C172"},"5838":{"t":"C182"},"5839":{"t":"R22"},"583A":{"t":"C77R"},"583B":{"t":"C182"},"583C":{"t":"R44"},"583D":{"t":"R22"},"583E":{"t":"RV12"},"583F":{"t":"PT22"},"5840":{"t":"R44"},"5841":{"t":"PA31"},"5842":{"t":"DHC1"},"5843":{"t":"T28"},"5844":{"t":"C337"},"5845":{"t":"P28A"},"5850":{"t":"P28A"},"5851":{"t":"P28A"},"5852":{"t":"B738"},"5853":{"t":"C210"},"5854":{"t":"C172"},"5855":{"t":"P28A"},"5856":{"t":"B738"},"5857":{"t":"TOUR"},"5858":{"t":"SS2P"},"5859":{"t":"R44"},"585A":{"t":"P28A"},"585B":{"t":"TOUR"},"585C":{"t":"P28A"},"585D":{"t":"P28R"},"585E":{"t":"P28A"},"585F":{"t":"B738"},"5860":{"t":"EAGX"},"5861":{"t":"C172"},"5863":{"t":"C152"},"5864":{"t":"C72R"},"5865":{"t":"RV7"},"5866":{"t":"A139"},"5867":{"t":"BE76"},"5868":{"t":"A139"},"5869":{"t":"A139"},"5874":{"t":"RV7"},"5875":{"t":"SS2P"},"5876":{"t":"RV6"},"5877":{"t":"PA22"},"5878":{"t":"P28A"},"5879":{"t":"P28B"},"587A":{"t":"C77R"},"587B":{"t":"P28A"},"587C":{"t":"AT3P"},"587D":{"t":"P28A"},"587E":{"t":"P28A"},"587F":{"t":"P28B"},"5880":{"t":"PA31"},"5881":{"t":"P28B"},"5882":{"t":"P28A"},"5883":{"t":"P28R"},"5884":{"t":"P28A"},"5885":{"t":"AC11"},"5886":{"t":"C310"},"5887":{"t":"P28R"},"5888":{"t":"P28A"},"5889":{"t":"P28A"},"588A":{"t":"CH7B"},"588B":{"t":"P28A"},"588C":{"t":"P28A"},"588D":{"t":"D6SL"},"5898":{"t":"P28A"},"5899":{"t":"C172"},"589A":{"t":"P28A"},"589B":{"t":"ULAC"},"589C":{"t":"P28A"},"589D":{"t":"BALL"},"589E":{"t":"P28A"},"589F":{"t":"P28A"},"58A0":{"t":"H269"},"58A1":{"t":"TOUR"},"58A2":{"t":"DHC1"},"58A3":{"t":"UH1"},"58A4":{"t":"R44"},"58A5":{"t":"P28A"},"58A6":{"t":"R44"},"58A7":{"t":"DHC1"},"58A8":{"t":"BK17"},"58A9":{"t":"P28A"},"58AA":{"t":"P28A"},"58AB":{"t":"P28R"},"58AC":{"t":"R44"},"58AD":{"t":"P28A"},"58AE":{"t":"RODS"},"58AF":{"t":"PA24"},"58B0":{"t":"RYST"},"58B1":{"t":"PA24"},"58BC":{"t":"DH82"},"58BD":{"t":"R44"},"58BE":{"t":"H269"},"58BF":{"t":"UHEL"},"58C0":{"t":"AA5"},"58C1":{"t":"PA24"},"58C2":{"t":"PA27"},"58C3":{"t":"BALL"},"58C4":{"t":"PA24"},"58C5":{"t":"RV6"},"58C6":{"t":"B47G"},"58C7":{"t":"P28A"},"58C8":{"t":"PA18"},"58C9":{"t":"BALL"},"58CA":{"t":"B47G"},"58CB":{"t":"BN2P"},"58CC":{"t":"R44"},"58CD":{"t":"BABY"},"58CE":{"t":"GA8"},"58CF":{"t":"AA1"},"58D0":{"t":"C182"},"58D1":{"t":"AS50"},"58D2":{"t":"DHC1"},"58D3":{"t":"AA1"},"58D4":{"t":"AA5"},"58D5":{"t":"AA5"},"58E0":{"t":"A109"},"58E1":{"t":"PA32"},"58E2":{"t":"G2CA"},"58E3":{"t":"C172"},"58E4":{"t":"B190"},"58E5":{"t":"C172"},"58E6":{"t":"DH82"},"58E7":{"t":"PA31"},"58E8":{"t":"ACAR"},"58E9":{"t":"R44"},"58EA":{"t":"PA24"},"58EB":{"t":"PA32"},"58EC":{"t":"C152"},"58ED":{"t":"C150"},"58EE":{"t":"ZZZZ"},"58EF":{"t":"RV9"},"58F0":{"t":"R22"},"58F1":{"t":"YK55"},"58F2":{"t":"PA24"},"58F3":{"t":"BN2P"},"58F4":{"t":"R22"},"58F5":{"t":"BE33"},"58F6":{"t":"RV9"},"58F7":{"t":"P28A"},"58F8":{"t":"C402"},"58F9":{"t":"YK52"},"5904":{"t":"P28A"},"5905":{"t":"P28A"},"5906":{"t":"BE33"},"5907":{"t":"BE33"},"5908":{"t":"DH82"},"5909":{"t":"R44"},"590A":{"t":"C172"},"590B":{"t":"C172"},"590C":{"t":"DH82"},"590D":{"t":"RV7"},"590E":{"t":"P28A"},"590F":{"t":"P28A"},"5910":{"t":"P28A"},"5911":{"t":"RV6"},"5912":{"t":"P28A"},"5913":{"t":"RV3"},"5914":{"t":"P28A"},"5915":{"t":"P28A"},"5916":{"t":"RV6"},"5917":{"t":"P28A"},"5918":{"t":"RV4"},"5919":{"t":"P28A"},"591A":{"t":"RV6"},"591B":{"t":"P28A"},"591C":{"t":"DHC1"},"591D":{"t":"P28A"},"5928":{"t":"BE23"},"5929":{"t":"C182"},"592A":{"t":"EC20"},"592B":{"t":"BE23"},"592C":{"t":"P32R"},"592D":{"t":"C152"},"592E":{"t":"C172"},"592F":{"t":"C172"},"5930":{"t":"DHC1"},"5931":{"t":"C152"},"5932":{"t":"C182"},"5933":{"t":"C205"},"5934":{"t":"C150"},"5935":{"t":"PA32"},"5936":{"t":"C150"},"5937":{"t":"P28R"},"5938":{"t":"C152"},"5939":{"t":"P28A"},"593A":{"t":"C421"},"593B":{"t":"C172"},"593C":{"t":"C182"},"593D":{"t":"SLG2"},"593E":{"t":"C172"},"593F":{"t":"C182"},"5940":{"t":"C152"},"5941":{"t":"C150"},"594C":{"t":"P28A"},"594D":{"t":"C182"},"594E":{"t":"EXEC"},"594F":{"t":"C188"},"5950":{"t":"SF34"},"5951":{"t":"C172"},"5952":{"t":"C172"},"5953":{"t":"C150"},"5954":{"t":"HR10"},"5955":{"t":"C150"},"5956":{"t":"C150"},"5957":{"t":"C150"},"5958":{"t":"C150"},"5959":{"t":"SF34"},"595A":{"t":"C150"},"595B":{"t":"R22"},"595C":{"t":"SF34"},"595D":{"t":"C340"},"595E":{"t":"SF34"},"595F":{"t":"C206"},"5960":{"t":"C150"},"5961":{"t":"RV6"},"5962":{"t":"P28A"},"5963":{"t":"SF34"},"5964":{"t":"C172"},"5965":{"t":"C150"},"5970":{"t":"R22"},"5971":{"t":"C205"},"5972":{"t":"C172"},"5973":{"t":"C172"},"5974":{"t":"R22"},"5975":{"t":"C172"},"5976":{"t":"C172"},"5977":{"t":"C172"},"5978":{"t":"C152"},"5979":{"t":"C182"},"597A":{"t":"GLAS"},"597B":{"t":"PA34"},"597C":{"t":"C172"},"597D":{"t":"C172"},"597E":{"t":"R22"},"597F":{"t":"C172"},"5980":{"t":"C172"},"5981":{"t":"GLST"},"5982":{"t":"RYST"},"5983":{"t":"R22"},"5984":{"t":"B738"},"5985":{"t":"C172"},"5986":{"t":"R44"},"5987":{"t":"C172"},"5988":{"t":"C77R"},"5989":{"t":"C182"},"5994":{"t":"R22"},"5995":{"t":"C150"},"5996":{"t":"R22"},"5997":{"t":"R22"},"5998":{"t":"C150"},"5999":{"t":"C172"},"599A":{"t":"C150"},"599B":{"t":"R22"},"599C":{"t":"C150"},"599D":{"t":"C150"},"599E":{"t":"R22"},"599F":{"t":"C150"},"59A0":{"t":"R44"},"59A1":{"t":"C150"},"59A2":{"t":"R22"},"59A3":{"t":"C150"},"59A4":{"t":"R22"},"59A5":{"t":"C150"},"59A6":{"t":"R22"},"59A7":{"t":"H269"},"59A8":{"t":"R22"},"59A9":{"t":"RV7"},"59AA":{"t":"SREY"},"59AB":{"t":"C172"},"59AC":{"t":"R44"},"59AD":{"t":"R44"},"5B20":{"t":"ZZZZ"},"5B21":{"t":"AA5"},"5B22":{"t":"DH82"},"5B23":{"t":"M18"},"5B24":{"t":"S22T"},"5B25":{"t":"R44"},"5B26":{"t":"CH7A"},"5B27":{"t":"J1"},"5B28":{"t":"B06"},"5B29":{"t":"B463"},"5B2A":{"t":"BE23"},"5B2B":{"t":"M4"},"5B2C":{"t":"P28S"},"5B2D":{"t":"SR22"},"5B2E":{"t":"PA31"},"5B2F":{"t":"M18"},"5B30":{"t":"RV7"},"5B31":{"t":"PA31"},"5B32":{"t":"PA24"},"5B33":{"t":"C172"},"5B34":{"t":"BE18"},"5B35":{"t":"FN33"},"5B36":{"t":"CH7A"},"5B37":{"t":"CH7B"},"5B38":{"t":"C150"},"5B39":{"t":"B462"},"5B44":{"t":"SF34"},"5B45":{"t":"DH8C"},"5B46":{"t":"R44"},"5B47":{"t":"F8L"},"5B48":{"t":"AC11"},"5B49":{"t":"P28A"},"5B4A":{"t":"DH8C"},"5B4B":{"t":"R44"},"5B4C":{"t":"DH8C"},"5B4D":{"t":"DH8C"},"5B4E":{"t":"P32R"},"5B4F":{"t":"DC3"},"5B50":{"t":"BE20"},"5B51":{"t":"PA31"},"5B52":{"t":"R44"},"5B53":{"t":"C182"},"5B54":{"t":"BALL"},"5B55":{"t":"F86"},"5B56":{"t":"BE58"},"5B57":{"t":"DH8C"},"5B58":{"t":"C172"},"5B59":{"t":"DH8C"},"5B5A":{"t":"DH8C"},"5B5B":{"t":"BOLT"},"5B5C":{"t":"SRAI"},"5B5D":{"t":"B462"},"5B68":{"t":"C172"},"5B69":{"t":"O1"},"5B6A":{"t":"C550"},"5B6B":{"t":"C150"},"5B6C":{"t":"DH8C"},"5B6D":{"t":"P28A"},"5B6E":{"t":"P28A"},"5B6F":{"t":"C185"},"5B70":{"t":"C207"},"5B71":{"t":"BE36"},"5B72":{"t":"E300"},"5B73":{"t":"PA25"},"5B74":{"t":"R44"},"5B75":{"t":"C172"},"5B76":{"t":"AS50"},"5B77":{"t":"C172"},"5B78":{"t":"B350"},"5B79":{"t":"CL60"},"5B7A":{"t":"PA25"},"5B7B":{"t":"CT4"},"5B7C":{"t":"C172"},"5B7D":{"t":"GA20"},"5B7E":{"t":"ZZZZ"},"5B7F":{"t":"PA25"},"5B80":{"t":"R22"},"5B81":{"t":"ZZZZ"},"5B8C":{"t":"SR22"},"5B8D":{"t":"C180"},"5B8E":{"t":"BE23"},"5B8F":{"t":"SA30"},"5B90":{"t":"GLID"},"5B91":{"t":"DFLY"},"5B92":{"t":"AS55"},"5B93":{"t":"CH7B"},"5B94":{"t":"RV7"},"5B95":{"t":"AT8T"},"5B96":{"t":"BL8"},"5B97":{"t":"BE58"},"5B98":{"t":"BE33"},"5B99":{"t":"C182"},"5B9A":{"t":"PA22"},"5B9B":{"t":"P28A"},"5B9C":{"t":"C172"},"5B9D":{"t":"DH82"},"5B9E":{"t":"C210"},"5B9F":{"t":"C152"},"5BA0":{"t":"T210"},"5BA1":{"t":"TL20"},"5BA2":{"t":"P28A"},"5BA3":{"t":"C82R"},"5BA4":{"t":"BALL"},"5BA5":{"t":"C182"},"5BB0":{"t":"C172"},"5BB1":{"t":"D5"},"5BB2":{"t":"DH82"},"5BB3":{"t":"D5"},"5BB4":{"t":"JABI"},"5BB5":{"t":"E190"},"5BB6":{"t":"R44"},"5BB7":{"t":"PA25"},"5BB8":{"t":"EC20"},"5BB9":{"t":"CAMP"},"5BBA":{"t":"B214"},"5BBB":{"t":"P28A"},"5BBC":{"t":"P28A"},"5BBD":{"t":"PA34"},"5BBE":{"t":"BALL"},"5BBF":{"t":"P28B"},"5BC0":{"t":"P32T"},"5BC1":{"t":"PA30"},"5BC2":{"t":"AS50"},"5BC3":{"t":"BALL"},"5BC4":{"t":"P28A"},"5BC5":{"t":"AS55"},"5BC6":{"t":"P28A"},"5BC7":{"t":"PA30"},"5BC8":{"t":"SREY"},"5BC9":{"t":"SW4"},"5BD4":{"t":"P28A"},"5BD5":{"t":"BE55"},"5BD6":{"t":"BE58"},"5BD7":{"t":"AS55"},"5BD8":{"t":"C172"},"5BD9":{"t":"FLIZ"},"5BDA":{"t":"ZZZZ"},"5BDB":{"t":"C182"},"5BDC":{"t":"C172"},"5BDD":{"t":"P28R"},"5BDE":{"t":"P28A"},"5BDF":{"t":"RV6"},"5BE0":{"t":"P28A"},"5BE1":{"t":"P32R"},"5BE2":{"t":"BL8"},"5BE3":{"t":"CP90"},"5BE4":{"t":"C310"},"5BE5":{"t":"P28A"},"5BE6":{"t":"C82T"},"5BE7":{"t":"C210"},"5BE8":{"t":"FOX"},"5BE9":{"t":"B462"},"5BEA":{"t":"B462"},"5BEB":{"t":"SASP"},"5BEC":{"t":"T210"},"5BED":{"t":"C337"},"5BF8":{"t":"GLF6"},"5BF9":{"t":"S211"},"5BFA":{"t":"GLST"},"5BFB":{"t":"B47G"},"5BFC":{"t":"P28R"},"5BFD":{"t":"PA34"},"5BFE":{"t":"PA31"},"5BFF":{"t":"C172"},"5C00":{"t":"M20P"},"5C01":{"t":"M20P"},"5C02":{"t":"AS50"},"5C03":{"t":"P28A"},"5C04":{"t":"C182"},"5C05":{"t":"C172"},"5C06":{"t":"BE58"},"5C07":{"t":"C172"},"5C08":{"t":"B350"},"5C09":{"t":"C182"},"5C0A":{"t":"SR22"},"5C0B":{"t":"R22"},"5C0C":{"t":"C182"},"5C0D":{"t":"SV4"},"5C0E":{"t":"P28A"},"5C0F":{"t":"C210"},"5C10":{"t":"H25B"},"5C11":{"t":"PA30"},"5C1C":{"t":"B06"},"5C1D":{"t":"C182"},"5C1E":{"t":"HUCO"},"5C1F":{"t":"AS50"},"5C20":{"t":"EN28"},"5C21":{"t":"BK17"},"5C22":{"t":"C182"},"5C23":{"t":"B06"},"5C24":{"t":"C510"},"5C25":{"t":"C182"},"5C26":{"t":"BALL"},"5C27":{"t":"P28A"},"5C28":{"t":"PTMS"},"5C29":{"t":"C182"},"5C2A":{"t":"C206"},"5C2B":{"t":"R22"},"5C2C":{"t":"C172"},"5C2D":{"t":"TOUR"},"5C2E":{"t":"RV6"},"5C2F":{"t":"R22"},"5C30":{"t":"C172"},"5C31":{"t":"C172"},"5C32":{"t":"C208"},"5C33":{"t":"DHC1"},"5C34":{"t":"C182"},"5C35":{"t":"C206"},"5C40":{"t":"F260"},"5C41":{"t":"BE33"},"5C42":{"t":"L39"},"5C43":{"t":"B06"},"5C44":{"t":"PTS1"},"5C45":{"t":"B462"},"5C47":{"t":"C172"},"5C48":{"t":"GLAS"},"5C49":{"t":"B06"},"5C4A":{"t":"PA31"},"5C4B":{"t":"L8"},"5C4C":{"t":"RV7"},"5C4D":{"t":"PA31"},"5C4E":{"t":"S10S"},"5C4F":{"t":"MCR1"},"5C50":{"t":"BE33"},"5C51":{"t":"C206"},"5C52":{"t":"BL8"},"5C53":{"t":"PA36"},"5C54":{"t":"BE33"},"5C55":{"t":"L8"},"5C56":{"t":"ZZZZ"},"5C57":{"t":"RV6"},"5C58":{"t":"C525"},"5C59":{"t":"C172"},"5C64":{"t":"SR20"},"5C65":{"t":"C172"},"5C66":{"t":"DH82"},"5C67":{"t":"PA31"},"5C68":{"t":"GLEX"},"5C69":{"t":"C172"},"5C6A":{"t":"C210"},"5C6B":{"t":"ZZZZ"},"5C6C":{"t":"R22"},"5C6D":{"t":"C208"},"5C6E":{"t":"R44"},"5C6F":{"t":"J1"},"5C70":{"t":"PA46"},"5C71":{"t":"ULAC"},"5C72":{"t":"SS2T"},"5C73":{"t":"C560"},"5C74":{"t":"C441"},"5C75":{"t":"J1"},"5C76":{"t":"RV6"},"5C77":{"t":"M20P"},"5C78":{"t":"BE55"},"5C79":{"t":"RV6"},"5C7A":{"t":"C210"},"5C7B":{"t":"R44"},"5C7C":{"t":"PA18"},"5C7D":{"t":"T51"},"5C88":{"t":"C180"},"5C89":{"t":"C172"},"5C8A":{"t":"C404"},"5C8B":{"t":"C172"},"5C8C":{"t":"M20P"},"5C8D":{"t":"BE77"},"5C8E":{"t":"NG5"},"5C8F":{"t":"SR22"},"5C90":{"t":"P28A"},"5C91":{"t":"C404"},"5C92":{"t":"M20P"},"5C93":{"t":"PA30"},"5C94":{"t":"C172"},"5C95":{"t":"C310"},"5C96":{"t":"C172"},"5C97":{"t":"C182"},"5C98":{"t":"C210"},"5C99":{"t":"C208"},"5C9A":{"t":"C172"},"5C9B":{"t":"C310"},"5C9C":{"t":"B06"},"5C9D":{"t":"C404"},"5C9E":{"t":"C404"},"5C9F":{"t":"C310"},"5CA0":{"t":"C172"},"5CA1":{"t":"SLG4"},"5CAC":{"t":"BK17"},"5CAD":{"t":"C152"},"5CAE":{"t":"C185"},"5CAF":{"t":"LJ35"},"5CB0":{"t":"LJ35"},"5CB1":{"t":"LJ35"},"5CB2":{"t":"PA32"},"5CB3":{"t":"R22"},"5CB4":{"t":"C172"},"5CB5":{"t":"LJ35"},"5CB6":{"t":"LNC2"},"5CB7":{"t":"C150"},"5CB8":{"t":"BN2P"},"5CB9":{"t":"AC11"},"5CBA":{"t":"CH7A"},"5CBB":{"t":"PA30"},"5CBC":{"t":"EC35"},"5CBD":{"t":"P32R"},"5CBE":{"t":"BALL"},"5CBF":{"t":"B06"},"5CC0":{"t":"BK17"},"5CC1":{"t":"SR22"},"5CC2":{"t":"BE58"},"5CC3":{"t":"PA30"},"5CC4":{"t":"C170"},"5CC5":{"t":"SA02"},"5CD0":{"t":"P28R"},"5CD1":{"t":"TOBA"},"5CD2":{"t":"C210"},"5CD3":{"t":"C172"},"5CD4":{"t":"PA24"},"5CD5":{"t":"R66"},"5CD6":{"t":"C172"},"5CD7":{"t":"Y18T"},"5CD8":{"t":"B214"},"5CD9":{"t":"PA24"},"5CDA":{"t":"C205"},"5CDB":{"t":"C172"},"5CDC":{"t":"PA34"},"5CDD":{"t":"C310"},"5CDE":{"t":"C441"},"5CDF":{"t":"C210"},"5CE0":{"t":"SM5F"},"5CE1":{"t":"PA25"},"5CE2":{"t":"PA25"},"5CE3":{"t":"C206"},"5CE4":{"t":"C206"},"5CE5":{"t":"C82R"},"5CE6":{"t":"BE58"},"5CE7":{"t":"C414"},"5CE8":{"t":"P32R"},"5CE9":{"t":"BE36"},"5CF4":{"t":"PA32"},"5CF5":{"t":"AT3P"},"5CF6":{"t":"AT3P"},"5CF7":{"t":"R22"},"5CF8":{"t":"C82T"},"5CF9":{"t":"AT3T"},"5CFA":{"t":"PA32"},"5CFB":{"t":"BE24"},"5CFC":{"t":"AUS3"},"5CFD":{"t":"T6"},"5CFE":{"t":"ACAR"},"5CFF":{"t":"SM19"},"5D00":{"t":"ST75"},"5D01":{"t":"C182"},"5D02":{"t":"M20P"},"5D03":{"t":"ZZZZ"},"5D04":{"t":"C172"},"5D05":{"t":"DH82"},"5D06":{"t":"AUS3"},"5D07":{"t":"DH82"},"5D08":{"t":"C172"},"5D09":{"t":"SM19"},"5D0A":{"t":"C172"},"5D0B":{"t":"SONX"},"5D0C":{"t":"C175"},"5D0D":{"t":"BE58"},"5D18":{"t":"RV8"},"5D19":{"t":"CA25"},"5D1B":{"t":"BOLT"},"5D1C":{"t":"R22"},"5D1D":{"t":"B462"},"5D1E":{"t":"PA46"},"5D1F":{"t":"C180"},"5D20":{"t":"P28U"},"5D21":{"t":"GLID"},"5D22":{"t":"BALL"},"5D23":{"t":"RV6"},"5D24":{"t":"M20P"},"5D25":{"t":"B47G"},"5D26":{"t":"C337"},"5D27":{"t":"C206"},"5D28":{"t":"BALL"},"5D29":{"t":"ZZZZ"},"5D2B":{"t":"PA36"},"5D2C":{"t":"C500"},"5D2D":{"t":"C210"},"5D2E":{"t":"AT3P"},"5D2F":{"t":"C152"},"5D30":{"t":"C188"},"5D31":{"t":"RV9"},"5D3C":{"t":"PA25"},"5D3D":{"t":"RV7"},"5D3E":{"t":"C206"},"5D3F":{"t":"P28A"},"5D40":{"t":"PA25"},"5D41":{"t":"C182"},"5D42":{"t":"GLAS"},"5D43":{"t":"RV7"},"5D44":{"t":"C206"},"5D45":{"t":"GLEX"},"5D46":{"t":"C172"},"5D47":{"t":"C172"},"5D48":{"t":"C182"},"5D49":{"t":"M20P"},"5D4A":{"t":"CH7B"},"5D4B":{"t":"C172"},"5D4C":{"t":"C172"},"5D4D":{"t":"C152"},"5D4E":{"t":"C340"},"5D4F":{"t":"RV8"},"5D50":{"t":"C172"},"5D51":{"t":"C182"},"5D52":{"t":"C172"},"5D53":{"t":"C182"},"5D54":{"t":"BALL"},"5D55":{"t":"C172"},"5D60":{"t":"BE19"},"5D61":{"t":"BE19"},"5D62":{"t":"BE58"},"5D63":{"t":"RYST"},"5D64":{"t":"BE35"},"5D65":{"t":"BK17"},"5D66":{"t":"BE58"},"5D67":{"t":"BE9L"},"5D68":{"t":"BE36"},"5D69":{"t":"P28A"},"5D6A":{"t":"C172"},"5D6B":{"t":"C402"},"5D6C":{"t":"C550"},"5D6D":{"t":"PA31"},"5D6E":{"t":"C172"},"5D6F":{"t":"PA18"},"5D70":{"t":"PA18"},"5D71":{"t":"B463"},"5D72":{"t":"AT8T"},"5D73":{"t":"C210"},"5D74":{"t":"BALL"},"5D75":{"t":"LJ45"},"5D76":{"t":"PA25"},"5D77":{"t":"T206"},"5D78":{"t":"C510"},"5D79":{"t":"C182"},"5D84":{"t":"SR20"},"5D85":{"t":"AS50"},"5D86":{"t":"PA25"},"5D87":{"t":"PA22"},"5D88":{"t":"C182"},"5D89":{"t":"BK17"},"5D8A":{"t":"P32R"},"5D8B":{"t":"C182"},"5D8C":{"t":"SR22"},"5D8D":{"t":"C210"},"5D8E":{"t":"C172"},"5D8F":{"t":"SR20"},"5D90":{"t":"T210"},"5D91":{"t":"B06"},"5D92":{"t":"BE76"},"5D93":{"t":"F8L"},"5D94":{"t":"SW4"},"5D95":{"t":"C150"},"5D96":{"t":"SRAI"},"5D97":{"t":"PA34"},"5D98":{"t":"SW4"},"5D99":{"t":"RV7"},"5D9A":{"t":"C180"},"5D9C":{"t":"SR22"},"5D9D":{"t":"SR20"},"5DA8":{"t":"RV12"},"5DA9":{"t":"DH82"},"5DAA":{"t":"DH60"},"5DAB":{"t":"B06"},"5DAC":{"t":"C182"},"5DAD":{"t":"ZZZZ"},"5DAE":{"t":"BALL"},"5DAF":{"t":"DH82"},"5DB0":{"t":"DH82"},"5DB1":{"t":"DHC1"},"5DB2":{"t":"DH82"},"5DB3":{"t":"SW3"},"5DB4":{"t":"PA18"},"5DB5":{"t":"SS2P"},"5DB6":{"t":"PA25"},"5DB7":{"t":"SONX"},"5DB8":{"t":"IS28"},"5DB9":{"t":"GLID"},"5DBA":{"t":"C206"},"5DBB":{"t":"VEZE"},"5DBC":{"t":"IS28"},"5DBD":{"t":"SW3"},"5DBE":{"t":"SR22"},"5DBF":{"t":"BL8"},"5DC0":{"t":"ZZZZ"},"5DC1":{"t":"C650"},"5DCC":{"t":"C182"},"5DCD":{"t":"C210"},"5DCE":{"t":"PA22"},"5DCF":{"t":"C182"},"5DD0":{"t":"PC12"},"5DD1":{"t":"PA24"},"5DD2":{"t":"C172"},"5DD3":{"t":"C172"},"5DD4":{"t":"PA34"},"5DD5":{"t":"PA34"},"5DD6":{"t":"R22"},"5DD7":{"t":"HUSK"},"5DD8":{"t":"R44"},"5DD9":{"t":"S108"},"5DDA":{"t":"R44"},"5DDB":{"t":"R22"},"5DDC":{"t":"R22"},"5DDD":{"t":"P28A"},"5DDE":{"t":"CH60"},"5DDF":{"t":"PA34"},"5DE0":{"t":"AS55"},"5DE1":{"t":"PA32"},"5DE2":{"t":"PA34"},"5DE3":{"t":"R22"},"5DE4":{"t":"R22"},"5DE5":{"t":"C150"},"5DF0":{"t":"R22"},"5DF1":{"t":"C182"},"5DF2":{"t":"B47G"},"5DF3":{"t":"RV7"},"5DF4":{"t":"C310"},"5DF5":{"t":"B214"},"5DF6":{"t":"BE23"},"5DF7":{"t":"B214"},"5DF8":{"t":"T210"},"5DF9":{"t":"C182"},"5DFA":{"t":"EXEC"},"5DFB":{"t":"R44"},"5DFC":{"t":"PA34"},"5DFD":{"t":"BE23"},"5DFE":{"t":"AS31"},"5DFF":{"t":"P210"},"5E00":{"t":"EAGL"},"5E01":{"t":"UH1"},"5E02":{"t":"BALL"},"5E03":{"t":"C172"},"5E04":{"t":"P32R"},"5E05":{"t":"B429"},"5E06":{"t":"B214"},"5E07":{"t":"T210"},"5E08":{"t":"C210"},"5E09":{"t":"BALL"},"5E14":{"t":"C182"},"5E15":{"t":"P28B"},"5E16":{"t":"C206"},"5E18":{"t":"PA24"},"5E19":{"t":"PA30"},"5E1A":{"t":"RV9"},"5E1B":{"t":"P28A"},"5E1C":{"t":"PA32"},"5E1D":{"t":"P28A"},"5E1E":{"t":"P28A"},"5E1F":{"t":"PA27"},"5E20":{"t":"PA34"},"5E21":{"t":"RV7"},"5E22":{"t":"PA36"},"5E23":{"t":"P28R"},"5E24":{"t":"GLID"},"5E25":{"t":"P28A"},"5E26":{"t":"SR20"},"5E27":{"t":"BALL"},"5E28":{"t":"P51"},"5E29":{"t":"EUPA"},"5E2A":{"t":"B06"},"5E2B":{"t":"P28R"},"5E2C":{"t":"C206"},"5E2D":{"t":"P28A"},"5E38":{"t":"PA25"},"5E39":{"t":"DHC2"},"5E3A":{"t":"PA22"},"5E3B":{"t":"C150"},"5E3C":{"t":"P210"},"5E3D":{"t":"F8L"},"5E3E":{"t":"C182"},"5E3F":{"t":"AS50"},"5E40":{"t":"C25A"},"5E41":{"t":"P06T"},"5E42":{"t":"SW4"},"5E43":{"t":"AS50"},"5E44":{"t":"RV6"},"5E45":{"t":"SEAW"},"5E46":{"t":"E170"},"5E47":{"t":"BE80"},"5E48":{"t":"UHEL"},"5E49":{"t":"PA25"},"5E4A":{"t":"M5"},"5E4B":{"t":"BE58"},"5E4C":{"t":"P28A"},"5E4D":{"t":"SW4"},"5E4E":{"t":"P28A"},"5E4F":{"t":"AS50"},"5E50":{"t":"C172"},"5E51":{"t":"C172"},"5E5C":{"t":"M20P"},"5E5D":{"t":"P28A"},"5E5E":{"t":"R44"},"5E5F":{"t":"M20P"},"5E60":{"t":"TAMP"},"5E61":{"t":"C208"},"5E62":{"t":"C172"},"5E63":{"t":"C172"},"5E64":{"t":"C172"},"5E65":{"t":"P32R"},"5E66":{"t":"GA8"},"5E67":{"t":"C172"},"5E68":{"t":"PA24"},"5E69":{"t":"P28B"},"5E6A":{"t":"SX30"},"5E6B":{"t":"R44"},"5E6C":{"t":"GLID"},"5E6D":{"t":"SR22"},"5E6E":{"t":"BE58"},"5E6F":{"t":"ST75"},"5E70":{"t":"M20P"},"5E71":{"t":"C206"},"5E72":{"t":"PTS1"},"5E73":{"t":"P32T"},"5E74":{"t":"R200"},"5E75":{"t":"R22"},"5E80":{"t":"C172"},"5E81":{"t":"EC45"},"5E82":{"t":"B06"},"5E83":{"t":"PA34"},"5E84":{"t":"C172"},"5E85":{"t":"AA5"},"5E86":{"t":"R22"},"5E87":{"t":"C172"},"5E88":{"t":"C182"},"5E89":{"t":"A139"},"5E8A":{"t":"AA5"},"5E8B":{"t":"RV8"},"5E8C":{"t":"C182"},"5E8D":{"t":"AA5"},"5E8E":{"t":"B462"},"5E8F":{"t":"C172"},"5E90":{"t":"SS2P"},"5E91":{"t":"AA1"},"5E92":{"t":"TPIN"},"5E93":{"t":"C210"},"5E94":{"t":"B214"},"5E95":{"t":"A139"},"5E96":{"t":"AA5"},"5E97":{"t":"C172"},"5E98":{"t":"AA5"},"5E99":{"t":"A139"},"5EA4":{"t":"C404"},"5EA5":{"t":"P28A"},"5EA6":{"t":"RV9"},"5EA7":{"t":"C404"},"5EA8":{"t":"PTS2"},"5EA9":{"t":"SB7"},"5EAA":{"t":"AA1"},"5EAB":{"t":"R22"},"5EAC":{"t":"AA5"},"5EAD":{"t":"AA5"},"5EAE":{"t":"CT4"},"5EAF":{"t":"AA5"},"5EB0":{"t":"RV8"},"5EB1":{"t":"S108"},"5EB2":{"t":"C210"},"5EB3":{"t":"C404"},"5EB4":{"t":"JAB4"},"5EB5":{"t":"AA1"},"5EB6":{"t":"AS50"},"5EB7":{"t":"BOLT"},"5EB9":{"t":"B214"},"5EBA":{"t":"C206"},"5EBB":{"t":"AA1"},"5EBC":{"t":"CP10"},"5EBD":{"t":"BL8"},"8000":{"t":"PA20"},"8001":{"t":"C172"},"8002":{"t":"AS55"},"8003":{"t":"C210"},"8004":{"t":"T18"},"8005":{"t":"C172"},"8006":{"t":"R22"},"8007":{"t":"FDCT"},"8008":{"t":"BN2P"},"8009":{"t":"BALL"},"800A":{"t":"C172"},"800B":{"t":"GLID"},"800C":{"t":"BALL"},"800D":{"t":"RV6"},"800E":{"t":"B505"},"8010":{"t":"C172"},"8011":{"t":"CP23"},"801C":{"t":"SF34"},"801D":{"t":"PL2"},"801E":{"t":"SF34"},"801F":{"t":"PZ4M"},"8020":{"t":"C550"},"8021":{"t":"SF34"},"8022":{"t":"SF34"},"8023":{"t":"SF34"},"8024":{"t":"C172"},"8025":{"t":"SF34"},"8026":{"t":"SF34"},"8027":{"t":"R22"},"8028":{"t":"JAB4"},"8029":{"t":"Z56"},"802A":{"t":"SF34"},"802B":{"t":"R22"},"802C":{"t":"SF34"},"802D":{"t":"SF34"},"802E":{"t":"SF34"},"802F":{"t":"C550"},"8030":{"t":"SR22"},"8031":{"t":"SF34"},"8032":{"t":"SF34"},"8033":{"t":"SF34"},"8034":{"t":"XL2"},"8035":{"t":"RV6"},"8040":{"t":"CRER"},"8041":{"t":"C310"},"8042":{"t":"MONI"},"8043":{"t":"SLG4"},"8044":{"t":"C402"},"8045":{"t":"B06"},"8046":{"t":"C402"},"8047":{"t":"AS50"},"8048":{"t":"T18"},"8049":{"t":"PA31"},"804A":{"t":"B412"},"804B":{"t":"C210"},"804C":{"t":"PA46"},"804D":{"t":"B06"},"804E":{"t":"BE20"},"804F":{"t":"BE20"},"8050":{"t":"C172"},"8051":{"t":"C210"},"8052":{"t":"TOBA"},"8053":{"t":"C210"},"8054":{"t":"GLID"},"8055":{"t":"C208"},"8056":{"t":"BE20"},"8057":{"t":"MX2"},"8058":{"t":"PA34"},"8059":{"t":"PA18"},"8064":{"t":"B789"},"8065":{"t":"B789"},"8066":{"t":"B789"},"8067":{"t":"B789"},"8068":{"t":"B789"},"8069":{"t":"B789"},"806A":{"t":"B789"},"806B":{"t":"B789"},"806C":{"t":"B789"},"806D":{"t":"B789"},"806E":{"t":"B789"},"807D":{"t":"R44"},"8088":{"t":"B190"},"8089":{"t":"C172"},"808A":{"t":"P40"},"808B":{"t":"BE55"},"808C":{"t":"SS2T"},"808D":{"t":"R22"},"808E":{"t":"SM19"},"808F":{"t":"A109"},"8090":{"t":"CH7B"},"8091":{"t":"C172"},"8092":{"t":"BE20"},"8093":{"t":"UHEL"},"8094":{"t":"CH80"},"8095":{"t":"BALL"},"8096":{"t":"PA30"},"8097":{"t":"C172"},"8098":{"t":"C182"},"8099":{"t":"BE20"},"809A":{"t":"BE20"},"809B":{"t":"SF27"},"809C":{"t":"BN2P"},"809D":{"t":"BALL"},"809E":{"t":"BALL"},"809F":{"t":"C180"},"80A0":{"t":"SREY"},"80A1":{"t":"BALL"},"80AC":{"t":"SF34"},"80AD":{"t":"SF34"},"80AE":{"t":"SF34"},"80AF":{"t":"UHEL"},"80B0":{"t":"DAKH"},"80B1":{"t":"C172"},"80B2":{"t":"ECHO"},"80B3":{"t":"EC30"},"80B4":{"t":"EC30"},"80B5":{"t":"C172"},"80B6":{"t":"C172"},"80B7":{"t":"C172"},"80B8":{"t":"L39"},"80B9":{"t":"SF34"},"80BA":{"t":"E190"},"80BB":{"t":"R22"},"80BC":{"t":"E190"},"80BD":{"t":"E190"},"80BE":{"t":"SPIT"},"80BF":{"t":"RS21"},"80C0":{"t":"B350"},"80C1":{"t":"C172"},"80C2":{"t":"C172"},"80C3":{"t":"SPIT"},"80C4":{"t":"C150"},"80C5":{"t":"SR20"},"80F4":{"t":"SREY"},"80F5":{"t":"SF34"},"80F6":{"t":"SF34"},"80F7":{"t":"DUOD"},"80F8":{"t":"SF34"},"80F9":{"t":"B06"},"80FA":{"t":"JABI"},"80FB":{"t":"SF34"},"80FC":{"t":"SF34"},"80FD":{"t":"SF34"},"80FE":{"t":"SF34"},"80FF":{"t":"SF34"},"8100":{"t":"SF34"},"8101":{"t":"SF34"},"8102":{"t":"AT8T"},"8103":{"t":"EC45"},"8104":{"t":"R44"},"8105":{"t":"C82S"},"8106":{"t":"BE76"},"8107":{"t":"R22"},"8108":{"t":"EC45"},"8109":{"t":"RV4"},"810A":{"t":"R44"},"810B":{"t":"R22"},"810C":{"t":"SF34"},"810D":{"t":"SF34"},"8118":{"t":"DH82"},"8119":{"t":"C175"},"811A":{"t":"RV7"},"811B":{"t":"SLG2"},"811C":{"t":"MC10"},"811D":{"t":"ACR2"},"811E":{"t":"PA22"},"811F":{"t":"PITE"},"8120":{"t":"DA40"},"8122":{"t":"B06"},"8123":{"t":"TS1J"},"8124":{"t":"AS50"},"8125":{"t":"C172"},"8126":{"t":"SLG2"},"8127":{"t":"RV10"},"8128":{"t":"CNBR"},"8129":{"t":"R22"},"812A":{"t":"G2CA"},"812B":{"t":"AS50"},"812C":{"t":"BE20"},"812D":{"t":"SV4"},"812E":{"t":"RV8"},"812F":{"t":"C172"},"8130":{"t":"BE20"},"8131":{"t":"SR20"},"813C":{"t":"G115"},"813D":{"t":"G115"},"813E":{"t":"SS2T"},"813F":{"t":"G115"},"8140":{"t":"G115"},"8141":{"t":"G115"},"8142":{"t":"CMAS"},"8143":{"t":"G115"},"8144":{"t":"RV4"},"8145":{"t":"G115"},"8146":{"t":"G115"},"8147":{"t":"G115"},"8148":{"t":"G115"},"8149":{"t":"G115"},"814A":{"t":"G115"},"814B":{"t":"G115"},"814E":{"t":"G115"},"814F":{"t":"G115"},"8151":{"t":"G115"},"8152":{"t":"C82T"},"8153":{"t":"G115"},"8154":{"t":"G115"},"8155":{"t":"UHEL"},"8160":{"t":"BE76"},"8161":{"t":"RV6"},"8162":{"t":"T28"},"8163":{"t":"PA44"},"8164":{"t":"R22"},"8165":{"t":"R44"},"8166":{"t":"R44"},"8167":{"t":"S92"},"8168":{"t":"PA44"},"8169":{"t":"S92"},"816A":{"t":"T28"},"816B":{"t":"UHEL"},"816C":{"t":"PA31"},"816D":{"t":"B47G"},"816E":{"t":"C172"},"816F":{"t":"DH82"},"8170":{"t":"S92"},"8171":{"t":"RV8"},"8172":{"t":"BALL"},"8173":{"t":"R44"},"8174":{"t":"R44"},"8175":{"t":"RV7"},"8176":{"t":"S92"},"8177":{"t":"B06"},"8178":{"t":"B06"},"8179":{"t":"CULP"},"8184":{"t":"EC30"},"8185":{"t":"EC30"},"8186":{"t":"EC30"},"8187":{"t":"EC30"},"8188":{"t":"EC30"},"8189":{"t":"R44"},"818A":{"t":"SR22"},"818B":{"t":"R44"},"818C":{"t":"VENT"},"818D":{"t":"B505"},"818E":{"t":"C206"},"818F":{"t":"RV8"},"8190":{"t":"P750"},"8191":{"t":"B505"},"8192":{"t":"EC30"},"8193":{"t":"B412"},"8194":{"t":"R66"},"8195":{"t":"RV12"},"8196":{"t":"P28B"},"8197":{"t":"M20P"},"8198":{"t":"R44"},"8199":{"t":"RV6"},"819A":{"t":"GLST"},"819B":{"t":"EC30"},"819C":{"t":"EC30"},"819D":{"t":"VAMP"},"81A8":{"t":"BALL"},"81A9":{"t":"BE33"},"81AA":{"t":"R44"},"81AB":{"t":"P28A"},"81AC":{"t":"P28A"},"81AD":{"t":"P28A"},"81AE":{"t":"PA38"},"81AF":{"t":"C208"},"81B0":{"t":"PA44"},"81B1":{"t":"P68"},"81B2":{"t":"R44"},"81B3":{"t":"R44"},"81B4":{"t":"AC11"},"81B5":{"t":"R66"},"81B6":{"t":"BE58"},"81B7":{"t":"C182"},"81B8":{"t":"R44"},"81B9":{"t":"RV7"},"81BA":{"t":"R44"},"81BB":{"t":"R44"},"81BC":{"t":"R44"},"81BD":{"t":"B06"},"81BE":{"t":"P28A"},"81BF":{"t":"AS50"},"81C0":{"t":"C172"},"81C1":{"t":"LGEZ"},"81CC":{"t":"A139"},"81CD":{"t":"A139"},"81CE":{"t":"A139"},"81CF":{"t":"A139"},"81D0":{"t":"B763"},"81D1":{"t":"SF34"},"81D2":{"t":"SF34"},"81D3":{"t":"GLEX"},"81D4":{"t":"R200"},"81D5":{"t":"PA46"},"81D6":{"t":"SF34"},"81D7":{"t":"CH65"},"81D8":{"t":"BE20"},"81D9":{"t":"SS2T"},"81DA":{"t":"BALL"},"81DB":{"t":"CH62"},"81DC":{"t":"SF34"},"81DD":{"t":"GLID"},"81DE":{"t":"SF34"},"81DF":{"t":"GLID"},"81E0":{"t":"SF34"},"81E1":{"t":"GLID"},"81E2":{"t":"B105"},"81E3":{"t":"AS55"},"81E4":{"t":"R200"},"81E5":{"t":"R44"},"81F0":{"t":"LEG2"},"81F1":{"t":"B06"},"81F2":{"t":"MJ77"},"81F3":{"t":"PA18"},"81F4":{"t":"AS21"},"81F5":{"t":"AT3T"},"81F6":{"t":"RV7"},"81F7":{"t":"WW24"},"81F9":{"t":"C172"},"81FA":{"t":"AP22"},"81FB":{"t":"R22"},"81FC":{"t":"G115"},"81FD":{"t":"CH60"},"81FE":{"t":"BALL"},"81FF":{"t":"SREY"},"8200":{"t":"AP22"},"8202":{"t":"AP22"},"8203":{"t":"G115"},"8204":{"t":"RV7"},"8205":{"t":"G115"},"8206":{"t":"G164"},"8207":{"t":"BE24"},"8208":{"t":"C206"},"8209":{"t":"ST75"},"8214":{"t":"DH8B"},"8215":{"t":"DH8B"},"8216":{"t":"DH8B"},"8217":{"t":"SR22"},"8218":{"t":"DH8C"},"8219":{"t":"DH8C"},"821A":{"t":"DH8C"},"821B":{"t":"DHC6"},"821C":{"t":"DH8B"},"821D":{"t":"DH8B"},"821E":{"t":"C172"},"821F":{"t":"LNC2"},"8220":{"t":"R44"},"8221":{"t":"DH8C"},"8222":{"t":"PA38"},"8223":{"t":"DH8B"},"8224":{"t":"QIC2"},"8225":{"t":"LNC2"},"8226":{"t":"RV8"},"8227":{"t":"G2CA"},"8228":{"t":"GLID"},"8229":{"t":"P28T"},"822A":{"t":"P28A"},"822B":{"t":"VEZE"},"822C":{"t":"B06"},"822D":{"t":"PTS2"},"F838":{"r":"A97-465","t":"C30J"},"F85C":{"r":"A36-001","t":"B737"},"F85D":{"r":"A36-002","t":"B737"},"F85E":{"r":"A37-001","t":"CL60"},"F860":{"r":"A37-003","t":"CL60"},"F866":{"r":"A39-003","t":"A332"},"F867":{"r":"A39-004","t":"A332"},"F869":{"r":"A41-206","t":"C17"},"F86D":{"r":"A32-426","t":"B350"},"F86E":{"r":"A32-437","t":"B350"},"F86F":{"r":"A32-439","t":"B350"},"F8E4":{"r":"A17-051","t":"B06"},"F8EB":{"r":"A32-651","t":"B350"},"F8EC":{"r":"A32-670","t":"B350"},"F8ED":{"r":"A32-671","t":"B350"},"F8EE":{"r":"A32-673","t":"B350"},"F8EF":{"r":"A32-675","t":"B350"},"F906":{"r":"A17-026","t":"B06"},"F925":{"r":"A41-211","t":"C17"},"children":["7C0","7C1","7C2","7C3","7C4","7C6","7C7"]}