{"008":{"t":"GLID"},"009":{"t":"P28A"},"00A":{"t":"C182"},"00B":{"t":"BE36"},"00C":{"t":"C182"},"00D":{"t":"C182"},"00E":{"t":"C182"},"00F":{"t":"PA22"},"010":{"t":"GLID"},"011":{"t":"C172"},"012":{"t":"C172"},"013":{"t":"G2CA"},"014":{"t":"C172"},"015":{"t":"ULAC"},"016":{"t":"C188"},"017":{"t":"T6"},"018":{"t":"C182"},"019":{"t":"C180"},"01A":{"t":"C182"},"01B":{"t":"PTS2"},"01C":{"t":"GLID"},"01D":{"t":"C150"},"01E":{"t":"RV6"},"01F":{"t":"C172"},"020":{"t":"CT4"},"021":{"t":"GLID"},"02C":{"t":"DH82"},"02D":{"t":"BE33"},"02E":{"t":"PA30"},"02F":{"t":"ZZZZ"},"030":{"t":"BALL"},"031":{"t":"C182"},"032":{"t":"BE23"},"033":{"t":"AS50"},"034":{"t":"DOVE"},"035":{"t":"BE35"},"036":{"t":"DH82"},"037":{"t":"BE33"},"038":{"t":"DHA3"},"039":{"t":"C650"},"03A":{"t":"C182"},"03B":{"t":"AEST"},"03C":{"t":"DHC2"},"03D":{"t":"DH82"},"03E":{"t":"C172"},"03F":{"t":"BE33"},"040":{"t":"DHC1"},"041":{"t":"DH82"},"042":{"t":"DHC1"},"043":{"t":"N320"},"044":{"t":"UH1"},"045":{"t":"C172"},"050":{"t":"C152"},"051":{"t":"R44"},"052":{"t":"AS50"},"053":{"t":"C172"},"054":{"t":"MG15"},"055":{"t":"C172"},"056":{"t":"PA34"},"057":{"t":"P210"},"058":{"t":"C182"},"059":{"t":"C182"},"05A":{"t":"B06"},"05B":{"t":"E120"},"05C":{"t":"C150"},"05D":{"t":"C172"},"05E":{"t":"C172"},"05F":{"t":"PTS1"},"060":{"t":"C150"},"061":{"t":"C172"},"062":{"t":"C172"},"063":{"t":"AS29"},"064":{"t":"AP32"},"065":{"t":"DA40"},"066":{"t":"C182"},"067":{"t":"C172"},"068":{"t":"CH20"},"069":{"t":"C172"},"074":{"t":"P28A"},"075":{"t":"C172"},"076":{"t":"C172"},"077":{"t":"F8L"},"078":{"t":"CH30"},"079":{"t":"RV4"},"07A":{"t":"C208"},"07B":{"t":"BE36"},"07C":{"t":"BALL"},"07D":{"t":"C172"},"07E":{"t":"C177"},"07F":{"t":"PA32"},"080":{"t":"C182"},"081":{"t":"C182"},"082":{"t":"PA38"},"083":{"t":"C182"},"085":{"t":"P28A"},"086":{"t":"C206"},"087":{"t":"RV6"},"088":{"t":"M20P"},"089":{"t":"C208"},"08A":{"t":"B06"},"08B":{"t":"PA30"},"08C":{"t":"C172"},"08D":{"t":"C185"},"098":{"t":"AS50"},"099":{"t":"C172"},"09A":{"t":"C182"},"09B":{"t":"PA18"},"09C":{"t":"C182"},"09D":{"t":"C182"},"09E":{"t":"B407"},"09F":{"t":"C172"},"0A0":{"t":"C172"},"0A1":{"t":"C172"},"0A2":{"t":"CA25"},"0A3":{"t":"C182"},"0A4":{"t":"EXEC"},"0A5":{"t":"C182"},"0A6":{"t":"C182"},"0A7":{"t":"C172"},"0A8":{"t":"C172"},"0A9":{"t":"C182"},"0AA":{"t":"C172"},"0AB":{"t":"AS50"},"0AC":{"t":"B407"},"0AD":{"t":"C208"},"0AE":{"t":"SS2P"},"0AF":{"t":"C172"},"0B0":{"t":"C310"},"0B1":{"t":"C150"},"0BC":{"t":"C172"},"0BD":{"t":"C180"},"0BE":{"t":"BALL"},"0BF":{"t":"R22"},"0C0":{"t":"C172"},"0C1":{"t":"C404"},"0C2":{"t":"C150"},"0C3":{"t":"SASP"},"0C4":{"t":"C188"},"0C5":{"t":"GLID"},"0C6":{"t":"C182"},"0C7":{"t":"C150"},"0C8":{"t":"C180"},"0C9":{"t":"C172"},"0CA":{"t":"A37"},"0CB":{"t":"BE23"},"0CC":{"t":"BE33"},"0CD":{"t":"PA18"},"0CE":{"t":"S22T"},"0CF":{"t":"FOX"},"0D0":{"t":"BE35"},"0D1":{"t":"AA5"},"0D2":{"t":"BE23"},"0D3":{"t":"BE33"},"0D4":{"t":"R44"},"0D5":{"t":"P32R"},"0E0":{"t":"C182"},"0E1":{"t":"C82R"},"0E2":{"t":"JAB4"},"0E3":{"t":"BE58"},"0E4":{"t":"C172"},"0E5":{"t":"B407"},"0E6":{"t":"PA27"},"0E7":{"t":"PA22"},"0E8":{"t":"CT4"},"0E9":{"t":"C150"},"0EA":{"t":"C150"},"0EB":{"t":"C150"},"0EC":{"t":"C172"},"0ED":{"t":"BE58"},"0EE":{"t":"C182"},"0EF":{"t":"C172"},"0F0":{"t":"C172"},"0F1":{"t":"R44"},"0F2":{"t":"C337"},"0F3":{"t":"C182"},"0F4":{"t":"C150"},"0F5":{"t":"RV8"},"0F6":{"t":"C172"},"0F7":{"t":"B427"},"0F8":{"t":"C172"},"0F9":{"t":"C172"},"104":{"t":"DC3"},"105":{"t":"C182"},"106":{"t":"GLID"},"107":{"t":"C337"},"108":{"t":"SF25"},"109":{"t":"C172"},"10A":{"t":"PC12"},"10B":{"t":"C172"},"10C":{"t":"C172"},"10D":{"t":"GLAS"},"10E":{"t":"C208"},"10F":{"t":"C182"},"110":{"t":"ACAR"},"111":{"t":"ST75"},"112":{"t":"LNC2"},"113":{"t":"C210"},"114":{"t":"C172"},"115":{"t":"C172"},"116":{"t":"C172"},"117":{"t":"C172"},"118":{"t":"R44"},"119":{"t":"C172"},"11A":{"t":"PA22"},"11B":{"t":"C182"},"11C":{"t":"C150"},"11D":{"t":"R44"},"128":{"t":"B06"},"129":{"t":"C210"},"12A":{"t":"DH82"},"12B":{"t":"JAB4"},"12C":{"t":"PA24"},"12D":{"t":"C182"},"12E":{"t":"C182"},"12F":{"t":"AS31"},"130":{"t":"C172"},"131":{"t":"B06"},"132":{"t":"C172"},"133":{"t":"C172"},"134":{"t":"C72R"},"135":{"t":"C182"},"136":{"t":"C182"},"137":{"t":"C182"},"138":{"t":"C150"},"139":{"t":"C150"},"13A":{"t":"RS12"},"13B":{"t":"C150"},"13C":{"t":"RV10"},"13D":{"t":"C172"},"13E":{"t":"RV7"},"13F":{"t":"C172"},"140":{"t":"C182"},"141":{"t":"C172"},"14C":{"t":"C172"},"14D":{"t":"BE23"},"14E":{"t":"UHEL"},"14F":{"t":"C172"},"150":{"t":"C172"},"151":{"t":"C172"},"152":{"t":"C180"},"153":{"t":"C182"},"154":{"t":"C182"},"155":{"t":"ZZZZ"},"156":{"t":"JAB4"},"157":{"t":"C182"},"158":{"t":"C188"},"159":{"t":"C182"},"15A":{"t":"C182"},"15B":{"t":"C172"},"15C":{"t":"C172"},"15D":{"t":"UH1"},"15E":{"t":"B06"},"15F":{"t":"T28"},"160":{"t":"B412"},"161":{"t":"CT4"},"162":{"t":"C206"},"163":{"t":"TAIL"},"164":{"t":"C337"},"165":{"t":"R44"},"170":{"t":"R44"},"171":{"t":"C172"},"172":{"t":"C206"},"173":{"t":"C182"},"174":{"t":"P28A"},"175":{"t":"R22"},"176":{"t":"C182"},"177":{"t":"R22"},"178":{"t":"C208"},"179":{"t":"S211"},"17A":{"t":"C172"},"17B":{"t":"C172"},"17C":{"t":"BE36"},"17D":{"t":"LA4"},"17E":{"t":"C182"},"17F":{"t":"A139"},"180":{"t":"C182"},"181":{"t":"R22"},"182":{"t":"C182"},"183":{"t":"R22"},"184":{"t":"SPIT"},"185":{"t":"C208"},"186":{"t":"SIDE"},"187":{"t":"C182"},"188":{"t":"T51"},"189":{"t":"C210"},"194":{"t":"C340"},"195":{"t":"PA24"},"196":{"t":"BE23"},"197":{"t":"RV10"},"198":{"t":"H207"},"199":{"t":"P28A"},"19A":{"t":"P28A"},"19B":{"t":"P28A"},"19C":{"t":"M7"},"19D":{"t":"M20P"},"19E":{"t":"SR20"},"19F":{"t":"P28A"},"1A0":{"t":"C172"},"1A1":{"t":"C414"},"1A2":{"t":"M18"},"1A3":{"t":"C310"},"1A4":{"t":"C340"},"1A5":{"t":"PA23"},"1A6":{"t":"M7"},"1A7":{"t":"R22"},"1A8":{"t":"SREY"},"1A9":{"t":"RV9"},"1AA":{"t":"P28B"},"1AB":{"t":"BE33"},"1AC":{"t":"BE23"},"1AD":{"t":"BE23"},"1B8":{"t":"PA14"},"1B9":{"t":"SR22"},"1BA":{"t":"PA30"},"1BB":{"t":"R22"},"1BC":{"t":"A109"},"1BD":{"t":"C177"},"1BE":{"t":"ZZZZ"},"1BF":{"t":"PA36"},"1C0":{"t":"C182"},"1C1":{"t":"AUS3"},"1C2":{"t":"C182"},"1C3":{"t":"C182"},"1C4":{"t":"M5"},"1C5":{"t":"C182"},"1C6":{"t":"M20T"},"1C7":{"t":"C206"},"1C8":{"t":"C182"},"1C9":{"t":"DA42"},"1CA":{"t":"C172"},"1CB":{"t":"C182"},"1CC":{"t":"C182"},"1CD":{"t":"C210"},"1CE":{"t":"C150"},"1CF":{"t":"C150"},"1D0":{"t":"AA5"},"1D1":{"t":"C150"},"1DC":{"t":"R22"},"1DD":{"t":"P28T"},"1DE":{"t":"M20P"},"1DF":{"t":"C150"},"1E0":{"t":"C150"},"1E1":{"t":"PA31"},"1E2":{"t":"T210"},"1E3":{"t":"C150"},"1E4":{"t":"C150"},"1E5":{"t":"M7"},"1E6":{"t":"PA22"},"1E7":{"t":"PA27"},"1E8":{"t":"C150"},"1E9":{"t":"C150"},"1EA":{"t":"BE36"},"1EB":{"t":"C150"},"1EC":{"t":"BE36"},"1ED":{"t":"R22"},"1EE":{"t":"AS50"},"1EF":{"t":"C150"},"1F0":{"t":"ZZZZ"},"1F1":{"t":"MU2"},"1F2":{"t":"C150"},"1F3":{"t":"C210"},"1F4":{"t":"C337"},"1F5":{"t":"R44"},"200":{"t":"AT8T"},"201":{"t":"B06"},"202":{"t":"L40"},"203":{"t":"T28"},"204":{"t":"L40"},"205":{"t":"PA32"},"206":{"t":"TRF1"},"207":{"t":"AE45"},"208":{"t":"PA30"},"209":{"t":"AT8T"},"20A":{"t":"SREY"},"20B":{"t":"R44"},"20C":{"t":"SS2T"},"20D":{"t":"AT8T"},"20E":{"t":"RV6"},"20F":{"t":"R44"},"210":{"t":"AT8T"},"211":{"t":"C150"},"212":{"t":"B47G"},"213":{"t":"L40"},"214":{"t":"RV10"},"215":{"t":"M20P"},"216":{"t":"AT8T"},"217":{"t":"BALL"},"218":{"t":"AP22"},"219":{"t":"C182"},"224":{"t":"C150"},"225":{"t":"C150"},"226":{"t":"C150"},"227":{"t":"C150"},"228":{"t":"C150"},"229":{"t":"BE76"},"22A":{"t":"DV20"},"22B":{"t":"BE76"},"22C":{"t":"C150"},"22D":{"t":"C150"},"22E":{"t":"C150"},"22F":{"t":"C150"},"230":{"t":"AS50"},"231":{"t":"C310"},"232":{"t":"C182"},"233":{"t":"C182"},"234":{"t":"C182"},"235":{"t":"PA31"},"236":{"t":"C208"},"237":{"t":"C206"},"238":{"t":"C150"},"239":{"t":"C208"},"23A":{"t":"PA31"},"23B":{"t":"BE76"},"23C":{"t":"BALL"},"23D":{"t":"C150"},"248":{"t":"AS25"},"249":{"t":"SR22"},"24A":{"t":"RV6"},"24B":{"t":"DH82"},"24C":{"t":"C172"},"24D":{"t":"WBOO"},"24E":{"t":"P28R"},"24F":{"t":"P32R"},"250":{"t":"WBOO"},"251":{"t":"C172"},"252":{"t":"P28A"},"253":{"t":"PA32"},"254":{"t":"CRER"},"255":{"t":"C182"},"256":{"t":"C172"},"257":{"t":"DH82"},"258":{"t":"P28A"},"259":{"t":"P28A"},"25A":{"t":"C310"},"25B":{"t":"P28R"},"25C":{"t":"C182"},"25D":{"t":"P28A"},"25E":{"t":"P28R"},"25F":{"t":"PA31"},"260":{"t":"C172"},"261":{"t":"P28A"},"26C":{"t":"EXEC"},"26D":{"t":"EXEC"},"26E":{"t":"C182"},"26F":{"t":"RV6"},"270":{"t":"C172"},"271":{"t":"P28A"},"272":{"t":"P28R"},"273":{"t":"BE33"},"274":{"t":"R22"},"275":{"t":"C182"},"276":{"t":"EVSS"},"277":{"t":"BL8"},"278":{"t":"BL8"},"279":{"t":"WISP"},"27A":{"t":"C172"},"27B":{"t":"C172"},"27C":{"t":"UHEL"},"27D":{"t":"DA40"},"27E":{"t":"M20P"},"27F":{"t":"R44"},"280":{"t":"BL8"},"281":{"t":"ZZZZ"},"282":{"t":"WBOO"},"283":{"t":"C172"},"284":{"t":"R200"},"285":{"t":"BL8"},"290":{"t":"BE23"},"291":{"t":"BE55"},"292":{"t":"BE35"},"293":{"t":"PA31"},"294":{"t":"CH20"},"295":{"t":"BE33"},"296":{"t":"C182"},"297":{"t":"BE36"},"298":{"t":"PIVI"},"299":{"t":"RV7"},"29A":{"t":"BE35"},"29B":{"t":"BE23"},"29C":{"t":"C172"},"29D":{"t":"BE20"},"29E":{"t":"PA18"},"29F":{"t":"VJ-22"},"2A0":{"t":"BE33"},"2A1":{"t":"B06"},"2A2":{"t":"B47G"},"2A3":{"t":"R22"},"2A4":{"t":"BE35"},"2A5":{"t":"RV9"},"2A6":{"t":"BE23"},"2A7":{"t":"BE35"},"2A8":{"t":"BE23"},"2A9":{"t":"GLID"},"2B4":{"t":"C172"},"2B5":{"t":"C177"},"2B6":{"t":"AC50"},"2B7":{"t":"C177"},"2B8":{"t":"C172"},"2B9":{"t":"C177"},"2BA":{"t":"C177"},"2BB":{"t":"C210"},"2BC":{"t":"C177"},"2BD":{"t":"S211"},"2BE":{"t":"C72R"},"2BF":{"t":"C182"},"2C0":{"t":"C177"},"2C1":{"t":"PA11"},"2C2":{"t":"C177"},"2C3":{"t":"C177"},"2C4":{"t":"C208"},"2C5":{"t":"C177"},"2C6":{"t":"C177"},"2C7":{"t":"C177"},"2C8":{"t":"C310"},"2C9":{"t":"C177"},"2CA":{"t":"C172"},"2CB":{"t":"C310"},"2CC":{"t":"YK50"},"2CD":{"t":"C208"},"440":{"t":"C152"},"441":{"t":"RV9"},"442":{"t":"EAGX"},"443":{"t":"CA25"},"444":{"t":"DC3"},"445":{"t":"DC3"},"446":{"t":"CONI"},"447":{"t":"C150"},"448":{"t":"C150"},"449":{"t":"LNC4"},"44A":{"t":"P750"},"44B":{"t":"C206"},"44C":{"t":"C182"},"44D":{"t":"B06"},"44E":{"t":"B06"},"44F":{"t":"C172"},"450":{"t":"TOUR"},"451":{"t":"R44"},"452":{"t":"C172"},"453":{"t":"GLID"},"454":{"t":"PA30"},"455":{"t":"C150"},"456":{"t":"P32R"},"457":{"t":"GLID"},"458":{"t":"DC4"},"459":{"t":"O1"},"464":{"t":"A332"},"465":{"t":"A332"},"466":{"t":"A332"},"467":{"t":"A332"},"468":{"t":"A332"},"469":{"t":"A332"},"46A":{"t":"A332"},"46B":{"t":"A332"},"46C":{"t":"A332"},"46D":{"t":"A332"},"46E":{"t":"A332"},"46F":{"t":"A332"},"470":{"t":"A332"},"471":{"t":"A332"},"472":{"t":"A332"},"473":{"t":"A332"},"474":{"t":"A332"},"475":{"t":"A332"},"476":{"t":"A332"},"477":{"t":"ZZZZ"},"478":{"t":"A600"},"479":{"t":"A332"},"488":{"t":"C152"},"489":{"t":"PA31"},"48A":{"t":"R22"},"48B":{"t":"DV20"},"48C":{"t":"RV6"},"48D":{"t":"C421"},"48E":{"t":"BE36"},"48F":{"t":"JAB4"},"490":{"t":"TOUR"},"491":{"t":"C210"},"492":{"t":"R44"},"493":{"t":"BE58"},"494":{"t":"C172"},"495":{"t":"PA18"},"496":{"t":"VM1"},"497":{"t":"EC20"},"498":{"t":"AS65"},"499":{"t":"PA24"},"49A":{"t":"C210"},"49B":{"t":"SR22"},"49C":{"t":"C172"},"49D":{"t":"C185"},"49E":{"t":"C206"},"49F":{"t":"PA22"},"4A0":{"t":"PA23"},"4A1":{"t":"C150"},"4AC":{"t":"CA25"},"4AD":{"t":"P28B"},"4AE":{"t":"BE55"},"4AF":{"t":"C172"},"4B0":{"t":"C210"},"4B1":{"t":"ACAR"},"4B2":{"t":"AT8T"},"4B3":{"t":"SR22"},"4B4":{"t":"DH82"},"4B5":{"t":"JAB4"},"4B6":{"t":"C310"},"4B7":{"t":"JAB4"},"4B8":{"t":"PA24"},"4B9":{"t":"BE24"},"4BA":{"t":"AEST"},"4BB":{"t":"EC20"},"4BC":{"t":"BALL"},"4BD":{"t":"BE58"},"4BE":{"t":"PA30"},"4BF":{"t":"R22"},"4C0":{"t":"AA1"},"4C1":{"t":"PA31"},"4C2":{"t":"PA30"},"4C3":{"t":"R44"},"4C4":{"t":"LA4"},"4C5":{"t":"C210"},"4D0":{"t":"C172"},"4D1":{"t":"R22"},"4D2":{"t":"H269"},"4D3":{"t":"C206"},"4D4":{"t":"C550"},"4D5":{"t":"C172"},"4D6":{"t":"BALL"},"4D7":{"t":"C210"},"4D8":{"t":"DH82"},"4D9":{"t":"ZZZZ"},"4DA":{"t":"BE33"},"4DB":{"t":"BE20"},"4DC":{"t":"R44"},"4DD":{"t":"C172"},"4DE":{"t":"C210"},"4DF":{"t":"C172"},"4E0":{"t":"R44"},"4E1":{"t":"R44"},"4E2":{"t":"BALL"},"4E3":{"t":"SR22"},"4E4":{"t":"AS50"},"4E5":{"t":"RV6"},"4E6":{"t":"C182"},"4E7":{"t":"BALL"},"4E8":{"t":"ST75"},"4E9":{"t":"CH7A"},"4F4":{"t":"SR22"},"4F5":{"t":"SR22"},"4F6":{"t":"C172"},"4F7":{"t":"C172"},"4F8":{"t":"C172"},"4F9":{"t":"C172"},"4FA":{"t":"C172"},"4FB":{"t":"A109"},"4FC":{"t":"DA40"},"4FD":{"t":"C177"},"4FE":{"t":"C182"},"4FF":{"t":"COL3"},"500":{"t":"C182"},"502":{"t":"G2CA"},"503":{"t":"C210"},"504":{"t":"C172"},"505":{"t":"B763"},"506":{"t":"SR22"},"507":{"t":"AS50"},"508":{"t":"T28"},"509":{"t":"P28B"},"50A":{"t":"BE36"},"50B":{"t":"RV7"},"50C":{"t":"C182"},"50D":{"t":"DH82"},"518":{"t":"PA27"},"519":{"t":"C210"},"51A":{"t":"WACO"},"51B":{"t":"B06"},"51C":{"t":"R22"},"51D":{"t":"A139"},"51E":{"t":"C206"},"51F":{"t":"AS50"},"520":{"t":"AS50"},"521":{"t":"AS50"},"522":{"t":"A139"},"523":{"t":"C172"},"524":{"t":"SREY"},"525":{"t":"R22"},"526":{"t":"C172"},"527":{"t":"SONX"},"528":{"t":"R22"},"529":{"t":"R22"},"52A":{"t":"H269"},"52B":{"t":"RODS"},"52C":{"t":"AS50"},"52D":{"t":"C210"},"52E":{"t":"C210"},"530":{"t":"C152"},"531":{"t":"C182"},"53C":{"t":"EC20"},"53D":{"t":"C182"},"53E":{"t":"C182"},"53F":{"t":"RV6"},"540":{"t":"C182"},"541":{"t":"C182"},"542":{"t":"C182"},"543":{"t":"R22"},"544":{"t":"C182"},"545":{"t":"AS50"},"546":{"t":"P28R"},"547":{"t":"P28A"},"548":{"t":"C82R"},"549":{"t":"BE55"},"54A":{"t":"C172"},"54B":{"t":"J1"},"54C":{"t":"BK17"},"54D":{"t":"PA25"},"54E":{"t":"SLG4"},"54F":{"t":"C182"},"550":{"t":"C182"},"551":{"t":"R44"},"552":{"t":"C182"},"553":{"t":"C182"},"554":{"t":"EC30"},"555":{"t":"SR22"},"560":{"t":"C182"},"561":{"t":"C172"},"562":{"t":"C210"},"563":{"t":"B350"},"564":{"t":"DH82"},"565":{"t":"C82R"},"566":{"t":"BE40"},"567":{"t":"BE40"},"568":{"t":"C150"},"569":{"t":"SF34"},"56A":{"t":"LNC2"},"56B":{"t":"C182"},"56C":{"t":"C182"},"56D":{"t":"DR1"},"56E":{"t":"C182"},"56F":{"t":"C182"},"570":{"t":"BALL"},"571":{"t":"C172"},"572":{"t":"C150"},"573":{"t":"C177"},"574":{"t":"C172"},"575":{"t":"ZZZZ"},"576":{"t":"C172"},"577":{"t":"RV9"},"578":{"t":"C172"},"579":{"t":"C182"},"584":{"t":"T210"},"585":{"t":"C77R"},"586":{"t":"BR60"},"587":{"t":"JABI"},"588":{"t":"PA31"},"589":{"t":"P28A"},"58A":{"t":"CH30"},"58B":{"t":"P28A"},"58C":{"t":"C77R"},"58D":{"t":"SA02"},"58E":{"t":"AT8T"},"58F":{"t":"UH1"},"590":{"t":"SREY"},"591":{"t":"C172"},"592":{"t":"C172"},"593":{"t":"J1"},"594":{"t":"C172"},"595":{"t":"C172"},"596":{"t":"C172"},"597":{"t":"C25A"},"598":{"t":"R44"},"599":{"t":"BE10"},"59A":{"t":"C182"},"59B":{"t":"R44"},"59C":{"t":"SLG2"},"59D":{"t":"B06"},"5A8":{"t":"CH60"},"5A9":{"t":"PA24"},"5AA":{"t":"P28A"},"5AB":{"t":"SF34"},"5AC":{"t":"C182"},"5AD":{"t":"GA8"},"5AE":{"t":"B190"},"5AF":{"t":"SF34"},"5B0":{"t":"MG15"},"5B1":{"t":"C206"},"5B2":{"t":"RV6"},"5B3":{"t":"C150"},"5B4":{"t":"C185"},"5B5":{"t":"L39"},"5B6":{"t":"C150"},"5B7":{"t":"BALL"},"5B8":{"t":"C177"},"5B9":{"t":"C177"},"5BA":{"t":"DIMO"},"5BB":{"t":"SF34"},"5BC":{"t":"C172"},"5BD":{"t":"C172"},"5BE":{"t":"C210"},"5BF":{"t":"SF34"},"5C0":{"t":"C182"},"5C1":{"t":"C172"},"5CC":{"t":"VO10"},"5CD":{"t":"C210"},"5CE":{"t":"AS50"},"5CF":{"t":"P28R"},"5D0":{"t":"EXEC"},"5D1":{"t":"B06"},"5D2":{"t":"RV7"},"5D3":{"t":"BE36"},"5D4":{"t":"LA60"},"5D5":{"t":"NNJA"},"5D6":{"t":"PA22"},"5D7":{"t":"C172"},"5D8":{"t":"PA24"},"5D9":{"t":"ZZZZ"},"5DA":{"t":"HR10"},"5DB":{"t":"AS55"},"5DC":{"t":"C185"},"5DD":{"t":"AS50"},"5DE":{"t":"C210"},"5DF":{"t":"R22"},"5E0":{"t":"RV10"},"5E1":{"t":"DA40"},"5E2":{"t":"C182"},"5E3":{"t":"R22"},"5E4":{"t":"B47G"},"5E5":{"t":"ALIG"},"5F0":{"t":"M4"},"5F1":{"t":"M7"},"5F2":{"t":"P28A"},"5F3":{"t":"FU24"},"5F4":{"t":"CH75"},"5F5":{"t":"RV6"},"5F6":{"t":"RV6"},"5F7":{"t":"D11"},"5F8":{"t":"B190"},"5F9":{"t":"BE9L"},"5FA":{"t":"ULAC"},"5FB":{"t":"RV6"},"5FC":{"t":"PA23"},"5FD":{"t":"C340"},"5FE":{"t":"C550"},"5FF":{"t":"BE58"},"600":{"t":"FU24"},"601":{"t":"C177"},"602":{"t":"BK17"},"603":{"t":"P28A"},"604":{"t":"P28A"},"605":{"t":"L200"},"606":{"t":"PA22"},"607":{"t":"R22"},"608":{"t":"RV12"},"609":{"t":"BE58"},"614":{"t":"C182"},"615":{"t":"EN28"},"616":{"t":"AS50"},"617":{"t":"DA40"},"618":{"t":"A109"},"619":{"t":"C185"},"61A":{"t":"L40"},"61B":{"t":"R22"},"61C":{"t":"MUS2"},"61D":{"t":"ZZZZ"},"61E":{"t":"C150"},"61F":{"t":"P28A"},"620":{"t":"EN28"},"621":{"t":"C182"},"623":{"t":"P28A"},"624":{"t":"C172"},"625":{"t":"B47G"},"626":{"t":"C150"},"627":{"t":"C404"},"628":{"t":"BE33"},"629":{"t":"CH60"},"62A":{"t":"R22"},"62B":{"t":"AS50"},"62C":{"t":"C172"},"62D":{"t":"BE36"},"638":{"t":"BALL"},"639":{"t":"DOVE"},"63A":{"t":"C210"},"63B":{"t":"C172"},"63C":{"t":"C172"},"63D":{"t":"B06"},"63E":{"t":"AT8T"},"63F":{"t":"PA24"},"640":{"t":"ACAR"},"641":{"t":"BE33"},"642":{"t":"C172"},"643":{"t":"GY80"},"644":{"t":"P28A"},"645":{"t":"PA22"},"646":{"t":"C172"},"647":{"t":"C172"},"648":{"t":"C172"},"649":{"t":"C172"},"64A":{"t":"DIMO"},"64B":{"t":"C172"},"64C":{"t":"C172"},"64D":{"t":"C172"},"64E":{"t":"FU24"},"64F":{"t":"C172"},"650":{"t":"C206"},"651":{"t":"C172"},"65C":{"t":"PUP"},"65D":{"t":"C172"},"65E":{"t":"AS26"},"65F":{"t":"C172"},"660":{"t":"BALL"},"661":{"t":"P68"},"662":{"t":"S22T"},"663":{"t":"B412"},"664":{"t":"PUP"},"665":{"t":"MD60"},"666":{"t":"B412"},"667":{"t":"C206"},"668":{"t":"C337"},"669":{"t":"EP9"},"66A":{"t":"BALL"},"66B":{"t":"C182"},"66C":{"t":"ZZZZ"},"66D":{"t":"B412"},"66E":{"t":"ZZZZ"},"66F":{"t":"AS29"},"670":{"t":"SF34"},"671":{"t":"BE58"},"672":{"t":"C188"},"673":{"t":"P68"},"674":{"t":"SLG2"},"675":{"t":"H500"},"680":{"t":"TOUR"},"681":{"t":"E110"},"682":{"t":"FU24"},"683":{"t":"PA27"},"684":{"t":"GA20"},"685":{"t":"DA40"},"686":{"t":"TOUR"},"687":{"t":"DA40"},"688":{"t":"LA4"},"689":{"t":"DA40"},"68A":{"t":"DA40"},"68B":{"t":"DA40"},"68C":{"t":"PA30"},"68D":{"t":"DA40"},"68E":{"t":"DA40"},"68F":{"t":"B429"},"690":{"t":"PA24"},"691":{"t":"FU24"},"692":{"t":"PA30"},"693":{"t":"B06"},"694":{"t":"C441"},"695":{"t":"DA40"},"696":{"t":"UH1"},"697":{"t":"DA40"},"698":{"t":"ZZZZ"},"699":{"t":"C421"},"6A4":{"t":"CH7B"},"6A5":{"t":"BE36"},"6A6":{"t":"ERCO"},"6A7":{"t":"RV8"},"6A8":{"t":"DA40"},"6A9":{"t":"M20P"},"6AA":{"t":"M20P"},"6AB":{"t":"R44"},"6AC":{"t":"R44"},"6AD":{"t":"M20P"},"6AE":{"t":"M20P"},"6AF":{"t":"M20P"},"6B0":{"t":"C206"},"6B1":{"t":"C172"},"6B2":{"t":"AA1"},"6B3":{"t":"AA5"},"6B4":{"t":"RV7"},"6B5":{"t":"P28A"},"6B6":{"t":"BALL"},"6B7":{"t":"BALL"},"6B8":{"t":"C210"},"6B9":{"t":"C180"},"6BA":{"t":"PA18"},"6BB":{"t":"M20P"},"6BC":{"t":"BALL"},"6BD":{"t":"M20P"},"6C8":{"t":"C172"},"6C9":{"t":"B412"},"6CA":{"t":"AA5"},"6CB":{"t":"B412"},"6CC":{"t":"C185"},"6CD":{"t":"P28A"},"6CE":{"t":"R22"},"6CF":{"t":"A139"},"6D0":{"t":"EUPA"},"6D1":{"t":"R66"},"6D2":{"t":"R44"},"6D3":{"t":"PA30"},"6D4":{"t":"LJ35"},"6D5":{"t":"BALL"},"6D6":{"t":"C172"},"6D7":{"t":"AT5T"},"6D8":{"t":"C172"},"6D9":{"t":"C182"},"6DA":{"t":"C182"},"6DB":{"t":"LS8"},"6DC":{"t":"C206"},"6DD":{"t":"RV10"},"6DE":{"t":"LJ35"},"6DF":{"t":"AT5T"},"6E0":{"t":"PA34"},"6E1":{"t":"A139"},"6ED":{"t":"PA11"},"6EE":{"t":"PL2"},"6F0":{"t":"R22"},"6F1":{"t":"C208"},"6F2":{"t":"J3"},"6F3":{"t":"C182"},"6F4":{"t":"P28A"},"6F5":{"t":"T18"},"6F6":{"t":"AA1"},"6F7":{"t":"AA1"},"6F8":{"t":"AA1"},"6F9":{"t":"AA5"},"6FA":{"t":"AA5"},"6FB":{"t":"P32R"},"6FC":{"t":"AA5"},"6FD":{"t":"AA1"},"6FE":{"t":"AA1"},"6FF":{"t":"RV12"},"700":{"t":"AA5"},"701":{"t":"CT4"},"702":{"t":"PA31"},"703":{"t":"YK52"},"704":{"t":"LA4"},"705":{"t":"R22"},"710":{"t":"BALL"},"711":{"t":"BE36"},"712":{"t":"R44"},"713":{"t":"J1"},"714":{"t":"C172"},"715":{"t":"BE33"},"716":{"t":"PTS2"},"717":{"t":"C172"},"718":{"t":"C172"},"71A":{"t":"BALL"},"71B":{"t":"C182"},"71C":{"t":"AS50"},"71D":{"t":"C182"},"71E":{"t":"FU24"},"71F":{"t":"C182"},"720":{"t":"C182"},"721":{"t":"EC30"},"722":{"t":"BE24"},"723":{"t":"C206"},"724":{"t":"DA40"},"725":{"t":"BK17"},"726":{"t":"C206"},"727":{"t":"SREY"},"728":{"t":"C182"},"729":{"t":"BE55"},"734":{"t":"GLAS"},"735":{"t":"C207"},"736":{"t":"C182"},"737":{"t":"BE23"},"738":{"t":"SA02"},"739":{"t":"RV9"},"73A":{"t":"GLAS"},"73B":{"t":"RV4"},"73C":{"t":"MAJR"},"73D":{"t":"DHC6"},"73E":{"t":"EVSS"},"73F":{"t":"P28B"},"742":{"t":"C188"},"743":{"t":"ULAC"},"744":{"t":"DHC6"},"745":{"t":"C172"},"746":{"t":"PA30"},"747":{"t":"PA38"},"748":{"t":"EV97"},"749":{"t":"GLID"},"74A":{"t":"D18"},"74B":{"t":"EVSS"},"74C":{"t":"C172"},"74D":{"t":"RV7"},"758":{"t":"B412"},"759":{"t":"F2TH"},"75A":{"t":"C172"},"75B":{"t":"R44"},"75C":{"t":"T18"},"75D":{"t":"C172"},"75E":{"t":"BE20"},"75F":{"t":"FK27"},"760":{"t":"B06"},"761":{"t":"BE20"},"762":{"t":"R66"},"763":{"t":"BE76"},"764":{"t":"R44"},"765":{"t":"C152"},"766":{"t":"R44"},"767":{"t":"BL8"},"768":{"t":"B350"},"769":{"t":"DH82"},"76A":{"t":"RV7"},"76B":{"t":"PA32"},"76C":{"t":"C172"},"76D":{"t":"BL8"},"76E":{"t":"C172"},"76F":{"t":"C172"},"770":{"t":"SW4"},"771":{"t":"RBEL"},"77C":{"t":"A139"},"77D":{"t":"R22"},"77E":{"t":"AC50"},"77F":{"t":"R44"},"780":{"t":"B06"},"781":{"t":"AC50"},"782":{"t":"C680"},"783":{"t":"A139"},"784":{"t":"A139"},"785":{"t":"A139"},"786":{"t":"A139"},"787":{"t":"VO10"},"788":{"t":"AP22"},"789":{"t":"AP22"},"78A":{"t":"PTS1"},"78B":{"t":"GLAS"},"78C":{"t":"C680"},"78D":{"t":"E300"},"78E":{"t":"P32R"},"78F":{"t":"BALL"},"790":{"t":"B407"},"791":{"t":"B407"},"792":{"t":"BALL"},"793":{"t":"PTS1"},"794":{"t":"B06"},"795":{"t":"B763"},"7A0":{"t":"RV7"},"7A1":{"t":"ST75"},"7A2":{"t":"ST75"},"7A3":{"t":"R44"},"7A4":{"t":"RV7"},"7A5":{"t":"PA31"},"7A6":{"t":"BE80"},"7A7":{"t":"BE58"},"7A9":{"t":"C550"},"7AB":{"t":"C82R"},"7AC":{"t":"P28R"},"7AD":{"t":"COL4"},"7AE":{"t":"C188"},"7B0":{"t":"F406"},"7B1":{"t":"C207"},"7B2":{"t":"SR22"},"7B3":{"t":"TAIL"},"7B4":{"t":"C150"},"7B5":{"t":"ST75"},"7B6":{"t":"R44"},"7B8":{"t":"BE36"},"7B9":{"t":"SR22"},"7C4":{"t":"R44"},"7C5":{"t":"BALL"},"7C6":{"t":"LA4"},"7C7":{"t":"BE58"},"7C8":{"t":"LGEZ"},"7C9":{"t":"BE55"},"7CA":{"t":"SR22"},"7CB":{"t":"VEZE"},"7CC":{"t":"VEZE"},"7CD":{"t":"A139"},"7CE":{"t":"LGEZ"},"7CF":{"t":"LGEZ"},"7D0":{"t":"RV3"},"7D1":{"t":"BE58"},"7D2":{"t":"R22"},"7D3":{"t":"VEZE"},"7D4":{"t":"RV6"},"7D5":{"t":"BE58"},"7D6":{"t":"LGEZ"},"7D7":{"t":"UHEL"},"7D8":{"t":"BE36"},"7D9":{"t":"VEZE"},"7DA":{"t":"BE36"},"7DB":{"t":"VEZE"},"7DC":{"t":"BE36"},"7DD":{"t":"PA34"},"950":{"t":"P32R"},"951":{"t":"BALL"},"952":{"t":"O1"},"953":{"t":"PA23"},"954":{"t":"C182"},"955":{"t":"M20P"},"956":{"t":"DH82"},"957":{"t":"DH82"},"958":{"t":"AT3T"},"959":{"t":"BALL"},"95A":{"t":"RV6"},"95B":{"t":"PA46"},"95C":{"t":"C152"},"95D":{"t":"R22"},"95E":{"t":"AT6T"},"95F":{"t":"P68"},"960":{"t":"BE20"},"961":{"t":"P28B"},"962":{"t":"DH82"},"963":{"t":"R22"},"964":{"t":"B47G"},"965":{"t":"C172"},"966":{"t":"BALL"},"967":{"t":"B06"},"968":{"t":"C208"},"969":{"t":"P68"},"974":{"t":"G164"},"975":{"t":"PA25"},"976":{"t":"ZZZZ"},"977":{"t":"C172"},"978":{"t":"GLID"},"979":{"t":"P28A"},"97A":{"t":"C182"},"97B":{"t":"H269"},"97C":{"t":"PA25"},"97D":{"t":"BU31"},"97E":{"t":"P28A"},"97F":{"t":"C172"},"980":{"t":"C310"},"981":{"t":"PA25"},"982":{"t":"DH82"},"983":{"t":"CH7A"},"984":{"t":"AS50"},"985":{"t":"R44"},"986":{"t":"A9"},"987":{"t":"SR22"},"988":{"t":"FW44"},"989":{"t":"R22"},"98A":{"t":"BE23"},"98B":{"t":"AT8T"},"98C":{"t":"AT8T"},"98D":{"t":"AT8T"},"998":{"t":"R44"},"99A":{"t":"C172"},"99B":{"t":"B06"},"99C":{"t":"CJ6"},"99D":{"t":"CJ6"},"99E":{"t":"R44"},"99F":{"t":"R44"},"9A0":{"t":"C72R"},"9A1":{"t":"C182"},"9A2":{"t":"R22"},"9A3":{"t":"EUPA"},"9A4":{"t":"C172"},"9A5":{"t":"SS2P"},"9A6":{"t":"AT8T"},"9A7":{"t":"C182"},"9A8":{"t":"R66"},"9A9":{"t":"P28A"},"9AA":{"t":"C501"},"9AB":{"t":"BE36"},"9AC":{"t":"R44"},"9AD":{"t":"C72R"},"9AE":{"t":"C82R"},"9AF":{"t":"ZZZZ"},"9B0":{"t":"CJ6"},"9B1":{"t":"C414"},"9BC":{"t":"BE20"},"9BD":{"t":"BE20"},"9BE":{"t":"B350"},"9BF":{"t":"B350"},"9C0":{"t":"PC12"},"9C1":{"t":"B350"},"9C2":{"t":"BE20"},"9C3":{"t":"C180"},"9C4":{"t":"BE20"},"9C5":{"t":"PC12"},"9C6":{"t":"PC12"},"9C7":{"t":"BE20"},"9C8":{"t":"BE20"},"9C9":{"t":"B350"},"9CA":{"t":"BE20"},"9CB":{"t":"PC12"},"9CC":{"t":"PA31"},"9CD":{"t":"BE20"},"9CE":{"t":"BE20"},"9CF":{"t":"BE20"},"9D0":{"t":"DHA3"},"9D1":{"t":"BE65"},"9D2":{"t":"BE20"},"9D3":{"t":"BE95"},"9D4":{"t":"PA32"},"9D5":{"t":"BE20"},"9E0":{"t":"C172"},"9E1":{"t":"AT3P"},"9E2":{"t":"AT5T"},"9E3":{"t":"AT8T"},"9E4":{"t":"PA46"},"9E5":{"t":"P28A"},"9E6":{"t":"C206"},"9E7":{"t":"C182"},"9E8":{"t":"AT3P"},"9E9":{"t":"PA34"},"9EA":{"t":"TB20"},"9EB":{"t":"BE36"},"9EC":{"t":"BE55"},"9ED":{"t":"C206"},"9EE":{"t":"AP22"},"9EF":{"t":"AT8T"},"9F0":{"t":"BALL"},"9F1":{"t":"SR22"},"9F2":{"t":"P28A"},"9F3":{"t":"C182"},"9F4":{"t":"PA36"},"9F5":{"t":"P28A"},"9F6":{"t":"C150"},"9F7":{"t":"PA36"},"9F8":{"t":"P28A"},"9F9":{"t":"P28A"},"A04":{"t":"C310"},"A05":{"t":"AT8T"},"A06":{"t":"C185"},"A07":{"t":"P28A"},"A08":{"t":"PA24"},"A09":{"t":"PTS2"},"A0A":{"t":"PA34"},"A0B":{"t":"C172"},"A0C":{"t":"GLEX"},"A0D":{"t":"C402"},"A0E":{"t":"P28A"},"A0F":{"t":"P28T"},"A10":{"t":"AT8T"},"A11":{"t":"G109"},"A12":{"t":"G109"},"A13":{"t":"G109"},"A14":{"t":"G109"},"A15":{"t":"GLID"},"A16":{"t":"AT5T"},"A17":{"t":"FOX"},"A18":{"t":"AT8T"},"A1A":{"t":"PTS1"},"A1B":{"t":"AT5T"},"A1C":{"t":"CP10"},"A1D":{"t":"SLG2"},"A28":{"t":"FOUG"},"A29":{"t":"F28"},"A2A":{"t":"BALL"},"A2B":{"t":"BE36"},"A2C":{"t":"P28S"},"A2D":{"t":"C185"},"A2E":{"t":"P32R"},"A2F":{"t":"GA8"},"A30":{"t":"SUBA"},"A31":{"t":"GLEX"},"A32":{"t":"ZZZZ"},"A33":{"t":"SUBA"},"A34":{"t":"PC24"},"A35":{"t":"GA8"},"A36":{"t":"AT8T"},"A37":{"t":"SR22"},"A38":{"t":"C208"},"A39":{"t":"PC12"},"A3A":{"t":"PC12"},"A3B":{"t":"PC12"},"A3C":{"t":"FOUG"},"A3D":{"t":"AT6T"},"A3E":{"t":"T210"},"A3F":{"t":"C210"},"A40":{"t":"C210"},"A41":{"t":"AC50"},"A4C":{"t":"AT6T"},"A4D":{"t":"BK17"},"A4E":{"t":"PA18"},"A4F":{"t":"BK17"},"A50":{"t":"AT5T"},"A51":{"t":"BK17"},"A52":{"t":"C210"},"A53":{"t":"C182"},"A54":{"t":"R22"},"A55":{"t":"PA31"},"A56":{"t":"R44"},"A57":{"t":"C182"},"A58":{"t":"C182"},"A59":{"t":"B06"},"A5A":{"t":"BK17"},"A5B":{"t":"DW1"},"A5C":{"t":"PA31"},"A5D":{"t":"R22"},"A5E":{"t":"B06"},"A5F":{"t":"PA27"},"A60":{"t":"HR10"},"A61":{"t":"BALL"},"A62":{"t":"B06"},"A63":{"t":"B06"},"A64":{"t":"C208"},"A65":{"t":"BK17"},"A70":{"t":"PA31"},"A71":{"t":"C185"},"A72":{"t":"PA32"},"A73":{"t":"BE18"},"A74":{"t":"BE18"},"A75":{"t":"SR22"},"A76":{"t":"ARCP"},"A77":{"t":"PA34"},"A78":{"t":"DA42"},"A79":{"t":"PA27"},"A7A":{"t":"BL8"},"A7B":{"t":"M18"},"A7C":{"t":"BE36"},"A7D":{"t":"AT5T"},"A7E":{"t":"RV10"},"A7F":{"t":"B06"},"A80":{"t":"GLAS"},"A82":{"t":"L39"},"A83":{"t":"R44"},"A84":{"t":"AP32"},"A85":{"t":"ACAR"},"A86":{"t":"DHC6"},"A87":{"t":"B350"},"A88":{"t":"B350"},"A89":{"t":"B350"},"A94":{"t":"SUBA"},"A95":{"t":"B06"},"A96":{"t":"B06"},"A97":{"t":"SR22"},"A99":{"t":"BE33"},"A9A":{"t":"SUBA"},"A9B":{"t":"SUBA"},"A9C":{"t":"SUBA"},"A9D":{"t":"SUBA"},"A9E":{"t":"C206"},"A9F":{"t":"SUBA"},"AA0":{"t":"SUBA"},"AA1":{"t":"R44"},"AA2":{"t":"C172"},"AA3":{"t":"DHC6"},"AA4":{"t":"FA50"},"AA5":{"t":"B06"},"AA6":{"t":"TS1J"},"AA7":{"t":"SS2P"},"AA8":{"t":"SUBA"},"AA9":{"t":"SUBA"},"AAA":{"t":"VAMP"},"AAB":{"t":"SUBA"},"AAC":{"t":"SUBA"},"AAD":{"t":"SUBA"},"AB8":{"t":"F100"},"AB9":{"t":"BE20"},"ABA":{"t":"F100"},"ABB":{"t":"F100"},"ABC":{"t":"PA11"},"ABD":{"t":"F100"},"ABE":{"t":"F100"},"ABF":{"t":"C414"},"AC0":{"t":"BE58"},"AC1":{"t":"F100"},"AC2":{"t":"F100"},"AC3":{"t":"C152"},"AC4":{"t":"BL8"},"AC5":{"t":"P28A"},"AC6":{"t":"F50"},"AC7":{"t":"AP22"},"AC8":{"t":"BL8"},"AC9":{"t":"KR2"},"ACA":{"t":"PTS1"},"ACB":{"t":"B06"},"ACC":{"t":"P28A"},"ACD":{"t":"F50"},"ACE":{"t":"F50"},"ACF":{"t":"F50"},"AD0":{"t":"RODS"},"AD1":{"t":"F50"},"ADC":{"t":"RV9"},"ADD":{"t":"FU24"},"ADE":{"t":"DHC1"},"ADF":{"t":"AT5T"},"AE0":{"t":"AT3T"},"AE1":{"t":"FLE2"},"AE2":{"t":"PA24"},"AE3":{"t":"AT5T"},"AE4":{"t":"BALL"},"AE5":{"t":"R44"},"AE6":{"t":"SF25"},"AE7":{"t":"C208"},"AE8":{"t":"BE95"},"AE9":{"t":"C310"},"AEA":{"t":"GLAS"},"AEB":{"t":"BALL"},"AEC":{"t":"PA38"},"AED":{"t":"BALL"},"AEE":{"t":"C180"},"AEF":{"t":"C150"},"AF0":{"t":"C185"},"AF1":{"t":"P28A"},"AF2":{"t":"C172"},"AF3":{"t":"BALL"},"AF4":{"t":"TRF1"},"AF5":{"t":"BE58"},"B00":{"t":"TOUR"},"B01":{"t":"C182"},"B02":{"t":"RV9"},"B03":{"t":"BE36"},"B04":{"t":"TOUR"},"B05":{"t":"AS50"},"B06":{"t":"GL7T"},"B07":{"t":"SR22"},"B08":{"t":"C152"},"B09":{"t":"FU24"},"B0A":{"t":"ACRO"},"B0B":{"t":"PA31"},"B0C":{"t":"PC12"},"B0D":{"t":"BL8"},"B0E":{"t":"PA31"},"B0F":{"t":"PC24"},"B10":{"t":"C441"},"B11":{"t":"BL8"},"B12":{"t":"BE55"},"B13":{"t":"C210"},"B14":{"t":"PA31"},"B15":{"t":"AT5T"},"B16":{"t":"PC12"},"B17":{"t":"C208"},"B18":{"t":"BE36"},"B19":{"t":"PC12"},"B24":{"t":"AT8T"},"B25":{"t":"T206"},"B26":{"t":"F100"},"B27":{"t":"R44"},"B28":{"t":"RV14"},"B29":{"t":"R44"},"B2B":{"t":"PC12"},"B2C":{"t":"C510"},"B2D":{"t":"F100"},"B2E":{"t":"P28S"},"B2F":{"t":"AT5T"},"B30":{"t":"C190"},"B31":{"t":"F100"},"B32":{"t":"T28"},"B33":{"t":"AT5T"},"B34":{"t":"EC20"},"B35":{"t":"F100"},"B36":{"t":"BE17"},"B37":{"t":"F100"},"B38":{"t":"F100"},"B39":{"t":"A660"},"B3A":{"t":"C182"},"B3B":{"t":"AT5T"},"B3C":{"t":"F100"},"B3D":{"t":"R44"},"B48":{"t":"R44"},"B49":{"t":"C172"},"B4A":{"t":"C210"},"B4B":{"t":"P28A"},"B4C":{"t":"SR20"},"B4D":{"t":"R44"},"B4E":{"t":"BE36"},"B4F":{"t":"SR20"},"B50":{"t":"A119"},"B51":{"t":"SR22"},"B52":{"t":"C210"},"B53":{"t":"SR20"},"B54":{"t":"BALL"},"B55":{"t":"BE20"},"B56":{"t":"PA25"},"B57":{"t":"B06"},"B58":{"t":"PTS1"},"B59":{"t":"UH12"},"B5A":{"t":"M18"},"B5B":{"t":"R22"},"B5C":{"t":"RV4"},"B5D":{"t":"C208"},"B5E":{"t":"PA44"},"B5F":{"t":"A169"},"B60":{"t":"PTS1"},"B61":{"t":"RV9"},"B6C":{"t":"C172"},"B6D":{"t":"G164"},"B6E":{"t":"C172"},"B6F":{"t":"C182"},"B70":{"t":"SA7"},"B71":{"t":"PA18"},"B72":{"t":"P28R"},"B73":{"t":"P28A"},"B74":{"t":"PA44"},"B75":{"t":"P28R"},"B76":{"t":"PA18"},"B77":{"t":"BL8"},"B78":{"t":"PA18"},"B79":{"t":"PA18"},"B7A":{"t":"GLST"},"B7B":{"t":"DA40"},"B7C":{"t":"M20P"},"B7D":{"t":"BL8"},"B7E":{"t":"P28A"},"B7F":{"t":"C172"},"B80":{"t":"C150"},"B81":{"t":"C172"},"B82":{"t":"EAGX"},"B83":{"t":"EAGX"},"B84":{"t":"EAGX"},"B85":{"t":"AP22"},"B90":{"t":"GLID"},"B91":{"t":"GLID"},"B92":{"t":"GLID"},"B93":{"t":"GLID"},"B94":{"t":"DA40"},"B95":{"t":"LS8"},"B96":{"t":"GLID"},"B97":{"t":"GLID"},"B98":{"t":"GLID"},"B99":{"t":"DA40"},"B9A":{"t":"GLID"},"B9B":{"t":"GLID"},"B9C":{"t":"GLID"},"B9D":{"t":"GLID"},"B9E":{"t":"GLID"},"B9F":{"t":"GLID"},"BA0":{"t":"GLID"},"BA1":{"t":"GLID"},"BA2":{"t":"GLID"},"BA3":{"t":"GLID"},"BA4":{"t":"GLID"},"BA5":{"t":"GLID"},"BA6":{"t":"SF25"},"BA7":{"t":"SF25"},"BA8":{"t":"G109"},"BA9":{"t":"G109"},"BB4":{"t":"MUS2"},"BB5":{"t":"FB1A"},"BB6":{"t":"AT3P"},"BB7":{"t":"MUS2"},"BB8":{"t":"BALL"},"BB9":{"t":"P28A"},"BBA":{"t":"EXPR"},"BBB":{"t":"HUNT"},"BBC":{"t":"YK52"},"BBD":{"t":"C172"},"BBE":{"t":"RV4"},"BBF":{"t":"R44"},"BC0":{"t":"C182"},"BC1":{"t":"ZZZZ"},"BC2":{"t":"M20P"},"BC3":{"t":"EC20"},"BC4":{"t":"C206"},"BC5":{"t":"C182"},"BC6":{"t":"C172"},"BC7":{"t":"BALL"},"BC8":{"t":"C150"},"BC9":{"t":"RV6"},"BCA":{"t":"BE36"},"BCB":{"t":"BALL"},"BCC":{"t":"BALL"},"BCD":{"t":"AT3P"},"BD8":{"t":"C337"},"BD9":{"t":"M18"},"BDA":{"t":"SR20"},"BDB":{"t":"P28R"},"BDC":{"t":"VM1"},"BDD":{"t":"SR22"},"BDE":{"t":"M5"},"BDF":{"t":"P68"},"BE0":{"t":"RV8"},"BE1":{"t":"PA25"},"BE2":{"t":"MUS2"},"BE3":{"t":"R22"},"BE4":{"t":"RV6"},"BE5":{"t":"C150"},"BE6":{"t":"PA34"},"BE7":{"t":"EN28"},"BE8":{"t":"F100"},"BE9":{"t":"BALL"},"BEA":{"t":"DH82"},"BEB":{"t":"P51"},"BEC":{"t":"Y18T"},"BED":{"t":"C185"},"BEE":{"t":"F100"},"BEF":{"t":"RV8"},"BF0":{"t":"C150"},"BF1":{"t":"BALL"},"BFC":{"t":"BL8"},"BFD":{"t":"DW1"},"BFE":{"t":"C170"},"BFF":{"t":"H269"},"C00":{"t":"JAB4"},"C01":{"t":"BE36"},"C02":{"t":"PA38"},"C03":{"t":"P28R"},"C04":{"t":"PA38"},"C05":{"t":"PA27"},"C06":{"t":"JAB4"},"C07":{"t":"PA22"},"C08":{"t":"C210"},"C09":{"t":"PA38"},"C0A":{"t":"P32R"},"C0B":{"t":"PA32"},"C0C":{"t":"P28A"},"C0D":{"t":"H269"},"C0E":{"t":"CA25"},"C0F":{"t":"C208"},"C10":{"t":"P28A"},"C11":{"t":"P32R"},"C12":{"t":"BE55"},"C13":{"t":"H269"},"C14":{"t":"H269"},"C15":{"t":"LNC4"},"C20":{"t":"C182"},"C21":{"t":"B105"},"C22":{"t":"PTS1"},"C23":{"t":"PA44"},"C24":{"t":"PA36"},"C25":{"t":"R22"},"C26":{"t":"R44"},"C27":{"t":"C172"},"C28":{"t":"PA31"},"C29":{"t":"C182"},"C2B":{"t":"C180"},"C2C":{"t":"SW4"},"C2D":{"t":"M20P"},"C2E":{"t":"PA38"},"C2F":{"t":"C182"},"C30":{"t":"B06"},"C31":{"t":"C152"},"C32":{"t":"R22"},"C33":{"t":"GLST"},"C34":{"t":"P28R"},"C35":{"t":"C152"},"C36":{"t":"R22"},"C37":{"t":"R44"},"C38":{"t":"LN27"},"C39":{"t":"C182"},"C44":{"t":"PC12"},"C45":{"t":"PC12"},"C46":{"t":"C152"},"C47":{"t":"PC12"},"C48":{"t":"PC12"},"C49":{"t":"PC12"},"C4A":{"t":"C182"},"C4B":{"t":"AT75"},"C4C":{"t":"AT75"},"C4D":{"t":"R22"},"C4E":{"t":"D11"},"C4F":{"t":"AT75"},"C50":{"t":"AT75"},"C51":{"t":"AT75"},"C52":{"t":"A660"},"C53":{"t":"AT75"},"C54":{"t":"AT75"},"C55":{"t":"AT75"},"C56":{"t":"JAB4"},"C57":{"t":"C310"},"C58":{"t":"AT75"},"C59":{"t":"TOUR"},"C5A":{"t":"C206"},"C5B":{"t":"AT75"},"C5C":{"t":"AT75"},"C5D":{"t":"AT75"},"C68":{"t":"P46T"},"C69":{"t":"FW90"},"C6A":{"t":"C172"},"C6B":{"t":"BE23"},"C6C":{"t":"BE35"},"C6D":{"t":"BE35"},"C6E":{"t":"BE65"},"C6F":{"t":"F100"},"C70":{"t":"F100"},"C71":{"t":"PA31"},"C72":{"t":"BE23"},"C73":{"t":"AP22"},"C74":{"t":"C152"},"C75":{"t":"C210"},"C76":{"t":"BE33"},"C77":{"t":"MUS2"},"C78":{"t":"BE23"},"C79":{"t":"LNC2"},"C7A":{"t":"P149"},"C7B":{"t":"BE33"},"C7C":{"t":"BE23"},"C7D":{"t":"BE33"},"C7E":{"t":"BE33"},"C80":{"t":"BE35"},"C81":{"t":"ZZZZ"},"C8C":{"t":"CP60"},"C8D":{"t":"DW1"},"C8E":{"t":"C210"},"C8F":{"t":"SR22"},"C90":{"t":"R44"},"C91":{"t":"B06"},"C92":{"t":"C206"},"C93":{"t":"PA18"},"C94":{"t":"BALL"},"C95":{"t":"PC12"},"C96":{"t":"C205"},"C97":{"t":"XL2"},"C98":{"t":"CRUZ"},"C99":{"t":"PC12"},"C9A":{"t":"AA5"},"C9B":{"t":"DR1"},"C9C":{"t":"AA5"},"C9D":{"t":"AA5"},"C9E":{"t":"AA5"},"C9F":{"t":"AA5"},"CA0":{"t":"BALL"},"CA1":{"t":"AA5"},"CA2":{"t":"PC12"},"CA3":{"t":"BALL"},"CA4":{"t":"O1"},"CA5":{"t":"PC12"},"CB0":{"t":"C172"},"CB1":{"t":"C172"},"CB2":{"t":"C208"},"CB3":{"t":"C172"},"CB4":{"t":"C177"},"CB5":{"t":"SR22"},"CB6":{"t":"G164"},"CB7":{"t":"B06"},"CB8":{"t":"C172"},"CB9":{"t":"C150"},"CBA":{"t":"YK52"},"CBB":{"t":"RV10"},"CBC":{"t":"C172"},"CBD":{"t":"C172"},"CBE":{"t":"C177"},"CBF":{"t":"C550"},"CC0":{"t":"C182"},"CC1":{"t":"C210"},"CC2":{"t":"AP22"},"CC3":{"t":"RV8"},"CC4":{"t":"PA34"},"CC5":{"t":"C340"},"CC6":{"t":"C310"},"CC7":{"t":"CH7B"},"CC8":{"t":"C150"},"CC9":{"t":"C310"},"CD4":{"t":"C150"},"CD5":{"t":"M74"},"CD6":{"t":"RV7"},"CD7":{"t":"AT3T"},"CD8":{"t":"T210"},"CD9":{"t":"P28A"},"CDA":{"t":"C172"},"CDB":{"t":"PC12"},"CDC":{"t":"F100"},"CDD":{"t":"P28A"},"CDE":{"t":"C182"},"CDF":{"t":"C182"},"CE0":{"t":"RV7"},"CE1":{"t":"C172"},"CE2":{"t":"AT8T"},"CE3":{"t":"AT3T"},"CE4":{"t":"PC24"},"CE5":{"t":"C182"},"CE6":{"t":"P28B"},"CE7":{"t":"P28A"},"CE8":{"t":"AT8T"},"CE9":{"t":"AT8T"},"CEA":{"t":"P28A"},"CEB":{"t":"AT8T"},"CEC":{"t":"J3"},"CED":{"t":"BE36"},"E60":{"t":"NIMB"},"E61":{"t":"GLID"},"E62":{"t":"GLID"},"E63":{"t":"GLID"},"E64":{"t":"GLID"},"E65":{"t":"C182"},"E66":{"t":"TS1J"},"E67":{"t":"GLID"},"E68":{"t":"GLID"},"E69":{"t":"LS10"},"E6A":{"t":"GLID"},"E6B":{"t":"GLID"},"E6C":{"t":"GLID"},"E6D":{"t":"GLID"},"E6E":{"t":"PA32"},"E6F":{"t":"GLID"},"E70":{"t":"GLID"},"E71":{"t":"GLID"},"E72":{"t":"GLID"},"E73":{"t":"PA24"},"E74":{"t":"GLID"},"E75":{"t":"DH82"},"E76":{"t":"GLID"},"E77":{"t":"GLID"},"E78":{"t":"GLID"},"E79":{"t":"GLID"},"E84":{"t":"GLID"},"E85":{"t":"ZZZZ"},"E86":{"t":"GLID"},"E87":{"t":"GLID"},"E88":{"t":"GLID"},"E89":{"t":"GLID"},"E8A":{"t":"GLID"},"E8B":{"t":"SF25"},"E8C":{"t":"GLID"},"E8D":{"t":"GLID"},"E8E":{"t":"GLID"},"E8F":{"t":"GLID"},"E90":{"t":"GLID"},"E91":{"t":"GLID"},"E92":{"t":"GLID"},"E93":{"t":"GLID"},"E94":{"t":"GLID"},"E95":{"t":"ZZZZ"},"E96":{"t":"TOUR"},"E97":{"t":"GLID"},"E98":{"t":"GLID"},"E99":{"t":"GLID"},"E9A":{"t":"GLID"},"E9B":{"t":"GLID"},"E9C":{"t":"AS25"},"E9D":{"t":"GLID"},"EA8":{"t":"RF5"},"EA9":{"t":"RF5"},"EAA":{"t":"GLID"},"EAB":{"t":"GLID"},"EAC":{"t":"GLID"},"EAD":{"t":"GLID"},"EAE":{"t":"GLID"},"EAF":{"t":"DIMO"},"EB0":{"t":"GLID"},"EB1":{"t":"GLID"},"EB2":{"t":"GLID"},"EB3":{"t":"GLID"},"EB4":{"t":"ZZZZ"},"EB5":{"t":"GLID"},"EB6":{"t":"GLID"},"EB7":{"t":"GLID"},"EB8":{"t":"GLID"},"EB9":{"t":"GLID"},"EBA":{"t":"GLID"},"EBB":{"t":"GLID"},"EBC":{"t":"GLID"},"EBD":{"t":"GLID"},"EBE":{"t":"Z42"},"EBF":{"t":"GLID"},"EC0":{"t":"GLID"},"EC1":{"t":"GLID"},"ECC":{"t":"GLID"},"ECD":{"t":"GLID"},"ECE":{"t":"GLID"},"ECF":{"t":"GLID"},"ED0":{"t":"AS21"},"ED1":{"t":"GLID"},"ED2":{"t":"GLID"},"ED3":{"t":"GLID"},"ED4":{"t":"GLID"},"ED5":{"t":"GLID"},"ED6":{"t":"ARCP"},"ED7":{"t":"GLID"},"ED8":{"t":"BE36"},"ED9":{"t":"GLID"},"EDA":{"t":"GLID"},"EDB":{"t":"GLID"},"EDC":{"t":"GLID"},"EDD":{"t":"GLID"},"EDE":{"t":"GLID"},"EDF":{"t":"GLID"},"EE0":{"t":"GLID"},"EE1":{"t":"ARCP"},"EE2":{"t":"GLID"},"EE3":{"t":"GLID"},"EE4":{"t":"GLID"},"EE5":{"t":"GLID"},"EF0":{"t":"GLID"},"EF1":{"t":"GLID"},"EF2":{"t":"GLID"},"EF3":{"t":"PA24"},"EF4":{"t":"GLID"},"EF5":{"t":"GLID"},"EF6":{"t":"GLID"},"EF7":{"t":"GLID"},"EF8":{"t":"GLID"},"EF9":{"t":"GLID"},"EFA":{"t":"PA22"},"EFB":{"t":"GLID"},"EFC":{"t":"GLID"},"EFD":{"t":"GLID"},"EFE":{"t":"DIMO"},"EFF":{"t":"GLID"},"F00":{"t":"GLID"},"F01":{"t":"GLID"},"F02":{"t":"GLID"},"F03":{"t":"GLID"},"F04":{"t":"GLID"},"F05":{"t":"VENT"},"F06":{"t":"SF27"},"F07":{"t":"GLID"},"F08":{"t":"GLID"},"F09":{"t":"GLID"},"F14":{"t":"GLID"},"F15":{"t":"GLID"},"F16":{"t":"GLID"},"F17":{"t":"GLID"},"F18":{"t":"GLID"},"F19":{"t":"NIMB"},"F1A":{"t":"DIMO"},"F1B":{"t":"GLID"},"F1C":{"t":"GLID"},"F1D":{"t":"GLID"},"F1E":{"t":"GLID"},"F20":{"t":"GLID"},"F21":{"t":"GLID"},"F23":{"t":"GLID"},"F24":{"t":"GLID"},"F25":{"t":"GLID"},"F26":{"t":"GLID"},"F27":{"t":"GLID"},"F28":{"t":"RF10"},"F29":{"t":"GLID"},"F2A":{"t":"GLID"},"F2B":{"t":"GLID"},"F2C":{"t":"GLID"},"F2D":{"t":"GLID"},"F38":{"t":"GLID"},"F39":{"t":"GLID"},"F3A":{"t":"GLID"},"F3B":{"t":"GLID"},"F3C":{"t":"GLID"},"F3D":{"t":"GLID"},"F3E":{"t":"GLID"},"F3F":{"t":"GLID"},"F40":{"t":"GLID"},"F41":{"t":"GLID"},"F42":{"t":"RF5"},"F43":{"t":"JANU"},"F44":{"t":"GLID"},"F45":{"t":"GLID"},"F46":{"t":"GLID"},"F47":{"t":"GLID"},"F48":{"t":"GLID"},"F49":{"t":"GLID"},"F4A":{"t":"GLID"},"F4B":{"t":"GLID"},"F4C":{"t":"GLID"},"F4D":{"t":"GLID"},"F4E":{"t":"GLID"},"F4F":{"t":"S10S"},"F50":{"t":"GLID"},"F51":{"t":"GLID"},"F5C":{"t":"GLID"},"F5D":{"t":"GLID"},"F5E":{"t":"S10S"},"F5F":{"t":"GLID"},"F60":{"t":"GLID"},"F61":{"t":"GLID"},"F62":{"t":"ZZZZ"},"F63":{"t":"GLID"},"F64":{"t":"AS25"},"F65":{"t":"GLID"},"F66":{"t":"GLID"},"F67":{"t":"GLID"},"F68":{"t":"DIMO"},"F69":{"t":"GLID"},"F6A":{"t":"GLID"},"F6B":{"t":"GLID"},"F6C":{"t":"GLID"},"F6D":{"t":"GLID"},"F6E":{"t":"GLID"},"F6F":{"t":"GLID"},"F70":{"t":"GLID"},"F71":{"t":"GLID"},"F72":{"t":"GLID"},"F73":{"t":"ZZZZ"},"F74":{"t":"RF5"},"F75":{"t":"GLID"},"F80":{"t":"GLID"},"F81":{"t":"GLID"},"F82":{"t":"GLID"},"F83":{"t":"GLID"},"F84":{"t":"GLID"},"F85":{"t":"GLID"},"F86":{"t":"GLID"},"F87":{"t":"GLID"},"F88":{"t":"GLID"},"F89":{"t":"GLID"},"F8A":{"t":"SF25"},"F8B":{"t":"C150"},"F8C":{"t":"ZZZZ"},"F8D":{"t":"GLID"},"F8E":{"t":"ZZZZ"},"F8F":{"t":"BE33"},"F90":{"t":"GLID"},"F91":{"t":"GLID"},"F92":{"t":"GLID"},"F93":{"t":"GLID"},"F94":{"t":"GLID"},"F95":{"t":"DG80"},"F96":{"t":"GLID"},"F97":{"t":"GLID"},"F98":{"t":"SF25"},"F99":{"t":"GLID"},"FA4":{"t":"C182"},"FA5":{"t":"C172"},"FA6":{"t":"GLID"},"FA7":{"t":"DIMO"},"FA8":{"t":"GLID"},"FA9":{"t":"GLID"},"FAA":{"t":"DIMO"},"FAB":{"t":"GLID"},"FAC":{"t":"GLID"},"FAD":{"t":"GLID"},"FAE":{"t":"GLID"},"FAF":{"t":"PA22"},"FB0":{"t":"GLID"},"FB1":{"t":"GLID"},"FB2":{"t":"GLID"},"FB3":{"t":"GLID"},"FB5":{"t":"GLID"},"FB6":{"t":"GLID"},"FB7":{"t":"GLID"},"FB8":{"t":"GLID"},"FB9":{"t":"GLID"},"FBA":{"t":"GLID"},"FBB":{"t":"GLID"},"FBC":{"t":"GLID"},"FBD":{"t":"BE58"},"FC8":{"t":"C310"},"FC9":{"t":"BE55"},"FCA":{"t":"GLID"},"FCB":{"t":"GLID"},"FCC":{"t":"DG40"},"FCD":{"t":"P32R"},"FCE":{"t":"M20T"},"FCF":{"t":"C182"},"FD0":{"t":"C185"},"FD1":{"t":"GLID"},"FD2":{"t":"GLID"},"FD3":{"t":"GLID"},"FD4":{"t":"GLID"},"FD5":{"t":"GLID"},"FD6":{"t":"GLID"},"FD7":{"t":"GLID"},"FD8":{"t":"GLID"},"FD9":{"t":"GLID"},"FDA":{"t":"GLID"},"FDB":{"t":"GLID"},"FDC":{"t":"GLID"},"FDD":{"t":"GLID"},"FDE":{"t":"GLID"},"FDF":{"t":"DUOD"},"FE0":{"t":"GLID"},"FE1":{"t":"ZZZZ"},"FEC":{"t":"GLID"},"FED":{"t":"GLID"},"FEE":{"t":"SF25"},"FEF":{"t":"RV6"},"FF0":{"t":"GLID"},"FF1":{"t":"GLID"},"FF2":{"t":"DH82"},"FF3":{"t":"GLID"},"FF4":{"t":"GLID"},"FF5":{"t":"GLID"},"FF6":{"t":"GLID"},"FF7":{"t":"G103"},"FF8":{"t":"GLID"},"FF9":{"t":"GLID"},"FFA":{"t":"C180"},"FFB":{"t":"GLID"},"FFC":{"t":"LS10"},"FFD":{"t":"VENT"},"FFE":{"t":"GLID"},"FFF":{"t":"GLID"}}