{"000":{"t":"GLID"},"001":{"t":"GLID"},"002":{"t":"ZZZZ"},"003":{"t":"GLID"},"004":{"t":"GLID"},"005":{"t":"GLID"},"010":{"t":"GLID"},"011":{"t":"C172"},"012":{"t":"DH82"},"013":{"t":"DG40"},"014":{"t":"GLID"},"015":{"t":"GLID"},"016":{"t":"GLID"},"017":{"t":"C404"},"018":{"t":"GLID"},"019":{"t":"GLID"},"01A":{"t":"GLID"},"01B":{"t":"GLID"},"01C":{"t":"VENT"},"01D":{"t":"GLID"},"01E":{"t":"GLID"},"01F":{"t":"GLID"},"021":{"t":"GLID"},"022":{"t":"GLID"},"023":{"t":"GLID"},"024":{"t":"GLID"},"025":{"t":"GLID"},"026":{"t":"GLID"},"027":{"t":"GLID"},"028":{"t":"GLID"},"029":{"t":"GLID"},"034":{"t":"GLID"},"035":{"t":"GLID"},"036":{"t":"GLID"},"037":{"t":"GLID"},"038":{"t":"GLID"},"039":{"t":"GLID"},"03A":{"t":"GLID"},"03B":{"t":"GLID"},"03C":{"t":"GLID"},"03D":{"t":"GLID"},"03E":{"t":"GLID"},"03F":{"t":"GLID"},"040":{"t":"GLID"},"041":{"t":"GLID"},"042":{"t":"GLID"},"043":{"t":"GLID"},"044":{"t":"GLID"},"045":{"t":"GLID"},"046":{"t":"GLID"},"047":{"t":"GLID"},"048":{"t":"GLID"},"049":{"t":"GLID"},"04A":{"t":"DIMO"},"04B":{"t":"ARCP"},"04C":{"t":"GLID"},"04D":{"t":"GLID"},"058":{"t":"GLID"},"059":{"t":"GLID"},"05A":{"t":"GLID"},"05B":{"t":"GLID"},"05C":{"t":"DIMO"},"05D":{"t":"GLID"},"05E":{"t":"GLID"},"05F":{"t":"GLID"},"060":{"t":"GLID"},"061":{"t":"GLID"},"062":{"t":"GLID"},"063":{"t":"GLID"},"064":{"t":"GLID"},"065":{"t":"GLID"},"066":{"t":"GLID"},"067":{"t":"GLID"},"068":{"t":"GLID"},"069":{"t":"GLID"},"06A":{"t":"GLID"},"06B":{"t":"GLID"},"06C":{"t":"GLID"},"06D":{"t":"GLID"},"06E":{"t":"GLID"},"06F":{"t":"GLID"},"070":{"t":"GLID"},"071":{"t":"GLID"},"07C":{"t":"BE35"},"07D":{"t":"GLID"},"07E":{"t":"GLID"},"07F":{"t":"GLID"},"080":{"t":"GLID"},"081":{"t":"GLID"},"082":{"t":"GLID"},"083":{"t":"DG40"},"084":{"t":"GLID"},"085":{"t":"GLID"},"086":{"t":"GLID"},"087":{"t":"GLID"},"088":{"t":"SF25"},"089":{"t":"GLID"},"08A":{"t":"GLID"},"08B":{"t":"SR22"},"08C":{"t":"GLID"},"08D":{"t":"GLID"},"08E":{"t":"GLID"},"090":{"t":"GLID"},"091":{"t":"GLID"},"092":{"t":"GLID"},"093":{"t":"GLID"},"094":{"t":"GLID"},"095":{"t":"GLID"},"0A0":{"t":"GLID"},"0A1":{"t":"GLID"},"0A2":{"t":"GLID"},"0A3":{"t":"GLID"},"0A4":{"t":"AS31"},"0A5":{"t":"GLID"},"0A6":{"t":"GLID"},"0A7":{"t":"GLID"},"0A8":{"t":"GLID"},"0A9":{"t":"GLID"},"0AA":{"t":"GLID"},"0AB":{"t":"GLID"},"0AC":{"t":"GLID"},"0AD":{"t":"GLID"},"0AE":{"t":"GLID"},"0AF":{"t":"GLID"},"0B0":{"t":"GLID"},"0B1":{"t":"AS29"},"0B2":{"t":"GLID"},"0B3":{"t":"GLID"},"0B4":{"t":"GLID"},"0B5":{"t":"GLID"},"0B7":{"t":"GLID"},"0B8":{"t":"GLID"},"0B9":{"t":"GLID"},"0C4":{"t":"GLID"},"0C5":{"t":"GLID"},"0C6":{"t":"GLID"},"0C7":{"t":"VENT"},"0C8":{"t":"DIMO"},"0C9":{"t":"GLID"},"0CA":{"t":"VENT"},"0CB":{"t":"GLID"},"0CC":{"t":"GLID"},"0CD":{"t":"GLID"},"0CE":{"t":"IS28"},"0CF":{"t":"GLID"},"0D0":{"t":"GLID"},"0D1":{"t":"GLID"},"0D2":{"t":"GLID"},"0D3":{"t":"GLID"},"0D4":{"t":"GLID"},"0D5":{"t":"GLID"},"0D6":{"t":"GLID"},"0D7":{"t":"GLID"},"0D8":{"t":"GLID"},"0D9":{"t":"GLID"},"0DA":{"t":"GLID"},"0DB":{"t":"GLID"},"0DC":{"t":"GLID"},"0DD":{"t":"GLID"},"0E8":{"t":"GLID"},"0E9":{"t":"GLID"},"0EA":{"t":"GLID"},"0EB":{"t":"GLID"},"0EC":{"t":"GLID"},"0ED":{"t":"GLID"},"0EE":{"t":"GLID"},"0EF":{"t":"GLID"},"0F0":{"t":"AS25"},"0F1":{"t":"GLID"},"0F2":{"t":"GLID"},"0F3":{"t":"GLID"},"0F4":{"t":"GLID"},"0F5":{"t":"GLID"},"0F6":{"t":"GLID"},"0F7":{"t":"GLID"},"0F8":{"t":"GLID"},"0F9":{"t":"GLID"},"0FA":{"t":"SF25"},"0FB":{"t":"GLID"},"0FC":{"t":"GLID"},"0FD":{"t":"GLID"},"0FE":{"t":"GLID"},"0FF":{"t":"GLID"},"100":{"t":"GLID"},"101":{"t":"GLID"},"10C":{"t":"BE35"},"10D":{"t":"GLID"},"10E":{"t":"GLID"},"10F":{"t":"GLID"},"110":{"t":"GLID"},"111":{"t":"AS29"},"112":{"t":"GLID"},"113":{"t":"R66"},"114":{"t":"BE9L"},"115":{"t":"GLID"},"116":{"t":"GLID"},"117":{"t":"GLID"},"118":{"t":"GLID"},"119":{"t":"GLID"},"11A":{"t":"GLID"},"11B":{"t":"GLID"},"11C":{"t":"GLID"},"11D":{"t":"GLID"},"11E":{"t":"S10S"},"11F":{"t":"GLID"},"120":{"t":"GLID"},"121":{"t":"GLID"},"122":{"t":"GLID"},"123":{"t":"GLID"},"124":{"t":"GLID"},"125":{"t":"GLID"},"130":{"t":"SF25"},"131":{"t":"GLID"},"132":{"t":"GLID"},"133":{"t":"G109"},"134":{"t":"DG50"},"135":{"t":"GLID"},"136":{"t":"GLID"},"137":{"t":"GLID"},"138":{"t":"GLID"},"139":{"t":"GLID"},"13A":{"t":"GLID"},"13B":{"t":"GLID"},"13C":{"t":"G109"},"13D":{"t":"GLID"},"13E":{"t":"GLID"},"13F":{"t":"VENT"},"140":{"t":"GLID"},"141":{"t":"GLID"},"142":{"t":"TOUR"},"143":{"t":"GLID"},"144":{"t":"GLID"},"145":{"t":"GLID"},"146":{"t":"GLID"},"147":{"t":"PK20"},"148":{"t":"C152"},"149":{"t":"GLID"},"154":{"t":"GLID"},"155":{"t":"GLID"},"156":{"t":"P28B"},"157":{"t":"GLID"},"158":{"t":"GLID"},"159":{"t":"GLID"},"15A":{"t":"GLID"},"15B":{"t":"GLID"},"15C":{"t":"GLID"},"15D":{"t":"GLID"},"15E":{"t":"GLID"},"15F":{"t":"S12S"},"160":{"t":"VENT"},"161":{"t":"GLID"},"162":{"t":"GLID"},"163":{"t":"GLID"},"164":{"t":"DIMO"},"165":{"t":"GLID"},"166":{"t":"AS21"},"167":{"t":"VENT"},"168":{"t":"GLID"},"169":{"t":"GLID"},"16A":{"t":"ZZZZ"},"16B":{"t":"JANU"},"16C":{"t":"GLID"},"16D":{"t":"SF25"},"178":{"t":"GLID"},"179":{"t":"GLID"},"17A":{"t":"GLID"},"17B":{"t":"P28A"},"17C":{"t":"ZZZZ"},"17D":{"t":"C182"},"17E":{"t":"DH82"},"17F":{"t":"G21"},"180":{"t":"GLID"},"181":{"t":"GLID"},"182":{"t":"GLID"},"183":{"t":"GLID"},"184":{"t":"PA22"},"185":{"t":"GLID"},"186":{"t":"GLID"},"188":{"t":"GLID"},"189":{"t":"GLID"},"18A":{"t":"AS29"},"18B":{"t":"PA30"},"18C":{"t":"GLID"},"18D":{"t":"GLID"},"18E":{"t":"P32R"},"18F":{"t":"GLID"},"190":{"t":"GLID"},"191":{"t":"GLID"},"19C":{"t":"GLID"},"19D":{"t":"GLID"},"19E":{"t":"GLID"},"19F":{"t":"DIMO"},"1A0":{"t":"GLID"},"1A1":{"t":"GLID"},"1A2":{"t":"DIMO"},"1A3":{"t":"GLID"},"1A4":{"t":"GLID"},"1A5":{"t":"GLID"},"1A6":{"t":"GLID"},"1A7":{"t":"GLID"},"1A8":{"t":"DG80"},"1A9":{"t":"AS31"},"1AA":{"t":"GLID"},"1AB":{"t":"GLID"},"1AC":{"t":"GLID"},"1AD":{"t":"GLID"},"1AE":{"t":"GLID"},"1AF":{"t":"GLID"},"1B0":{"t":"AS14"},"1B2":{"t":"GLID"},"1B3":{"t":"GLID"},"1B4":{"t":"NIMB"},"1B5":{"t":"GLID"},"1C0":{"t":"GLID"},"1C1":{"t":"GLID"},"1C2":{"t":"GLID"},"1C3":{"t":"GLID"},"1C4":{"t":"GLID"},"1C5":{"t":"GLID"},"1C6":{"t":"GLID"},"1C7":{"t":"GLID"},"1C8":{"t":"GLID"},"1C9":{"t":"GLID"},"1CA":{"t":"GLID"},"1CB":{"t":"TS1J"},"1CC":{"t":"GLID"},"1CD":{"t":"GLID"},"1CE":{"t":"DG40"},"1CF":{"t":"AS14"},"1D0":{"t":"GLID"},"1D1":{"t":"GLID"},"1D2":{"t":"GLID"},"1D3":{"t":"DIMO"},"1D4":{"t":"GLID"},"1D5":{"t":"GLID"},"1D6":{"t":"GLID"},"1D7":{"t":"SF27"},"1D8":{"t":"GLID"},"1D9":{"t":"GLID"},"1E4":{"t":"GLID"},"1E5":{"t":"GLID"},"1E6":{"t":"GLID"},"1E7":{"t":"GLID"},"1E8":{"t":"GLID"},"1E9":{"t":"GLID"},"1EA":{"t":"GLID"},"1EB":{"t":"GLID"},"1EC":{"t":"GLID"},"1ED":{"t":"GLID"},"1EE":{"t":"GLID"},"1EF":{"t":"GLID"},"1F0":{"t":"GLID"},"1F1":{"t":"GLID"},"1F2":{"t":"GLID"},"1F3":{"t":"GLID"},"1F4":{"t":"GLID"},"1F5":{"t":"GLID"},"1F6":{"t":"GLID"},"1F7":{"t":"GLID"},"1F8":{"t":"GLID"},"1F9":{"t":"GLID"},"1FA":{"t":"GLID"},"1FB":{"t":"GLID"},"1FC":{"t":"GLID"},"1FD":{"t":"TS1J"},"370":{"t":"BALL"},"371":{"t":"P28T"},"372":{"t":"R22"},"373":{"t":"BALL"},"374":{"t":"C82R"},"375":{"t":"DFLY"},"376":{"t":"P28T"},"377":{"t":"SS2T"},"378":{"t":"R44"},"379":{"t":"T6"},"37A":{"t":"RV7"},"37B":{"t":"BALL"},"37C":{"t":"C208"},"37D":{"t":"JAB4"},"37E":{"t":"BALL"},"37F":{"t":"R22"},"380":{"t":"SS2T"},"381":{"t":"T6"},"382":{"t":"R22"},"383":{"t":"PA38"},"384":{"t":"GLID"},"385":{"t":"PA38"},"386":{"t":"PA38"},"387":{"t":"C172"},"388":{"t":"R22"},"389":{"t":"C404"},"394":{"t":"B222"},"395":{"t":"AS50"},"396":{"t":"R44"},"397":{"t":"R22"},"398":{"t":"R22"},"399":{"t":"R22"},"39A":{"t":"R22"},"39B":{"t":"R22"},"39C":{"t":"R22"},"39D":{"t":"BE77"},"39E":{"t":"R44"},"39F":{"t":"R22"},"3A0":{"t":"MUS2"},"3A1":{"t":"R22"},"3A2":{"t":"R44"},"3A3":{"t":"R22"},"3A4":{"t":"R22"},"3A5":{"t":"R22"},"3A6":{"t":"R22"},"3A7":{"t":"R44"},"3A8":{"t":"R22"},"3A9":{"t":"R22"},"3AA":{"t":"R22"},"3AB":{"t":"R44"},"3AC":{"t":"B47G"},"3AD":{"t":"R44"},"3B8":{"t":"R44"},"3B9":{"t":"GLID"},"3BA":{"t":"C152"},"3BB":{"t":"C182"},"3BC":{"t":"R22"},"3BD":{"t":"R22"},"3BE":{"t":"C152"},"3BF":{"t":"BD4"},"3C0":{"t":"DH82"},"3C1":{"t":"ST75"},"3C2":{"t":"C340"},"3C3":{"t":"R22"},"3C5":{"t":"R44"},"3C6":{"t":"T206"},"3C7":{"t":"R22"},"3C8":{"t":"R44"},"3C9":{"t":"G164"},"3CA":{"t":"P28A"},"3CB":{"t":"P32R"},"3CC":{"t":"R22"},"3CD":{"t":"B06"},"3CE":{"t":"B47G"},"3CF":{"t":"R22"},"3D0":{"t":"P28A"},"3D1":{"t":"EC35"},"3DC":{"t":"GLID"},"3DD":{"t":"R44"},"3DE":{"t":"R44"},"3DF":{"t":"GLID"},"3E0":{"t":"DG40"},"3E1":{"t":"ZZZZ"},"3E2":{"t":"GLID"},"3E3":{"t":"GLID"},"3E4":{"t":"GLID"},"3E5":{"t":"GLID"},"3E6":{"t":"GLID"},"3E7":{"t":"GLID"},"3E8":{"t":"GLID"},"3E9":{"t":"RF5"},"3EA":{"t":"RF4"},"3EB":{"t":"GLID"},"3EC":{"t":"R22"},"3ED":{"t":"GLID"},"3EE":{"t":"G109"},"3EF":{"t":"GLID"},"3F0":{"t":"GLID"},"3F1":{"t":"GLID"},"3F2":{"t":"GLID"},"3F3":{"t":"GLID"},"3F4":{"t":"GLID"},"3F5":{"t":"GLID"},"400":{"t":"R22"},"401":{"t":"AS50"},"402":{"t":"C310"},"403":{"t":"R44"},"404":{"t":"BALL"},"405":{"t":"R44"},"406":{"t":"R22"},"407":{"t":"B06"},"408":{"t":"R44"},"409":{"t":"R44"},"40A":{"t":"R66"},"40C":{"t":"R44"},"40D":{"t":"BALL"},"40E":{"t":"R22"},"40F":{"t":"R44"},"410":{"t":"BALL"},"411":{"t":"C210"},"412":{"t":"C182"},"413":{"t":"SPIT"},"414":{"t":"R22"},"415":{"t":"R44"},"416":{"t":"R44"},"417":{"t":"C206"},"418":{"t":"B47G"},"419":{"t":"C152"},"424":{"t":"R22"},"425":{"t":"BE55"},"426":{"t":"R22"},"427":{"t":"R22"},"428":{"t":"CA25"},"429":{"t":"R22"},"42A":{"t":"B06"},"42B":{"t":"B06"},"42C":{"t":"BE58"},"42D":{"t":"R22"},"42E":{"t":"R22"},"42F":{"t":"R22"},"430":{"t":"CA25"},"431":{"t":"R44"},"432":{"t":"R44"},"433":{"t":"R22"},"434":{"t":"R22"},"435":{"t":"R44"},"436":{"t":"R44"},"437":{"t":"PA18"},"438":{"t":"R22"},"439":{"t":"R22"},"43A":{"t":"R22"},"43B":{"t":"C208"},"43C":{"t":"AS50"},"43D":{"t":"R22"},"448":{"t":"R22"},"449":{"t":"BALL"},"44A":{"t":"R22"},"44B":{"t":"BALL"},"44C":{"t":"R22"},"44D":{"t":"R22"},"44E":{"t":"R44"},"44F":{"t":"BALL"},"450":{"t":"R22"},"451":{"t":"RV7"},"452":{"t":"SR22"},"453":{"t":"BALL"},"454":{"t":"EC25"},"455":{"t":"BALL"},"456":{"t":"C310"},"457":{"t":"R22"},"458":{"t":"T206"},"459":{"t":"PA32"},"45A":{"t":"LGEZ"},"45B":{"t":"SS2P"},"45C":{"t":"R44"},"45D":{"t":"AT5T"},"45E":{"t":"PA36"},"45F":{"t":"R44"},"460":{"t":"R22"},"461":{"t":"R44"},"46C":{"t":"C340"},"46D":{"t":"R22"},"46E":{"t":"R22"},"46F":{"t":"R22"},"470":{"t":"R22"},"471":{"t":"B06"},"472":{"t":"R22"},"473":{"t":"SS2T"},"474":{"t":"BALL"},"475":{"t":"C210"},"476":{"t":"P32R"},"477":{"t":"R22"},"478":{"t":"R22"},"479":{"t":"R22"},"47A":{"t":"R22"},"47B":{"t":"C172"},"47C":{"t":"R22"},"47D":{"t":"R22"},"47E":{"t":"R44"},"47F":{"t":"P28U"},"480":{"t":"B06"},"481":{"t":"R44"},"482":{"t":"R22"},"483":{"t":"BE58"},"484":{"t":"R22"},"485":{"t":"R44"},"490":{"t":"R44"},"491":{"t":"R44"},"492":{"t":"BALL"},"493":{"t":"L12"},"494":{"t":"R44"},"495":{"t":"R22"},"496":{"t":"PC12"},"497":{"t":"R44"},"498":{"t":"RV6"},"499":{"t":"R22"},"49A":{"t":"R22"},"49B":{"t":"EC20"},"49C":{"t":"RV7"},"49D":{"t":"LNC2"},"49E":{"t":"R22"},"49F":{"t":"R44"},"4A0":{"t":"R22"},"4A1":{"t":"P28B"},"4A2":{"t":"C206"},"4A3":{"t":"G164"},"4A4":{"t":"R22"},"4A5":{"t":"DH82"},"4A6":{"t":"R22"},"4A7":{"t":"R44"},"4A8":{"t":"SR22"},"4A9":{"t":"BE33"},"4B4":{"t":"R44"},"4B5":{"t":"R22"},"4B6":{"t":"R22"},"4B7":{"t":"R22"},"4B8":{"t":"PA31"},"4B9":{"t":"C82R"},"4BA":{"t":"B06"},"4BB":{"t":"PA31"},"4BC":{"t":"AEST"},"4BD":{"t":"R44"},"4BE":{"t":"PA31"},"4BF":{"t":"R22"},"4C0":{"t":"BE55"},"4C1":{"t":"BALL"},"4C2":{"t":"BALL"},"4C3":{"t":"C206"},"4C4":{"t":"R22"},"4C5":{"t":"PA31"},"4C6":{"t":"BE20"},"4C7":{"t":"R44"},"4C8":{"t":"R22"},"4C9":{"t":"SR20"},"4CA":{"t":"R44"},"4CB":{"t":"R44"},"4CC":{"t":"R22"},"4CD":{"t":"C172"},"4D8":{"t":"P28A"},"4D9":{"t":"B06"},"4DA":{"t":"R22"},"4DB":{"t":"R44"},"4DC":{"t":"R22"},"4DD":{"t":"R22"},"4DE":{"t":"DH82"},"4DF":{"t":"EXEC"},"4E0":{"t":"R22"},"4E1":{"t":"AS50"},"4E2":{"t":"RV8"},"4E3":{"t":"BALL"},"4E4":{"t":"R22"},"4E5":{"t":"R22"},"4E6":{"t":"R22"},"4E7":{"t":"R22"},"4E8":{"t":"PA34"},"4E9":{"t":"AS26"},"4EA":{"t":"QUIC"},"4EB":{"t":"R22"},"4EC":{"t":"R22"},"4ED":{"t":"R22"},"4EE":{"t":"R22"},"4EF":{"t":"C500"},"4F0":{"t":"CH20"},"4F1":{"t":"P28S"},"4FC":{"t":"R22"},"4FD":{"t":"R44"},"4FE":{"t":"R22"},"4FF":{"t":"R44"},"500":{"t":"P28A"},"501":{"t":"C182"},"502":{"t":"R44"},"503":{"t":"B06"},"504":{"t":"R22"},"505":{"t":"BE20"},"506":{"t":"R44"},"507":{"t":"C208"},"508":{"t":"R44"},"509":{"t":"PA25"},"50A":{"t":"BALL"},"50B":{"t":"LNCE"},"50C":{"t":"R22"},"50D":{"t":"R22"},"50E":{"t":"BE58"},"50F":{"t":"R22"},"510":{"t":"R22"},"511":{"t":"R22"},"512":{"t":"PA36"},"513":{"t":"R44"},"514":{"t":"R22"},"515":{"t":"R22"},"520":{"t":"C404"},"521":{"t":"PA44"},"522":{"t":"C172"},"523":{"t":"C310"},"524":{"t":"C182"},"525":{"t":"BE58"},"526":{"t":"C402"},"527":{"t":"P28A"},"528":{"t":"B47G"},"529":{"t":"R22"},"52A":{"t":"B47G"},"52B":{"t":"R22"},"52C":{"t":"PA30"},"52D":{"t":"R44"},"52E":{"t":"C310"},"52F":{"t":"P28A"},"530":{"t":"PA44"},"531":{"t":"R22"},"532":{"t":"HUNT"},"533":{"t":"R44"},"534":{"t":"R22"},"535":{"t":"AEST"},"536":{"t":"R22"},"537":{"t":"R22"},"538":{"t":"C206"},"539":{"t":"C441"},"544":{"t":"GLID"},"545":{"t":"GLID"},"546":{"t":"GLID"},"547":{"t":"GLID"},"548":{"t":"GLID"},"549":{"t":"R44"},"54A":{"t":"R44"},"54B":{"t":"GLID"},"54C":{"t":"GLID"},"54D":{"t":"GLID"},"54E":{"t":"G109"},"54F":{"t":"GLID"},"550":{"t":"SF25"},"551":{"t":"GLID"},"552":{"t":"SF25"},"553":{"t":"R22"},"554":{"t":"R44"},"555":{"t":"GLID"},"556":{"t":"GLID"},"557":{"t":"GLID"},"558":{"t":"ZZZZ"},"559":{"t":"GLID"},"55A":{"t":"GLID"},"55B":{"t":"GLID"},"55C":{"t":"GLID"},"55D":{"t":"GLID"},"568":{"t":"R22"},"569":{"t":"R44"},"56A":{"t":"RV4"},"56B":{"t":"BE55"},"56C":{"t":"PA22"},"56D":{"t":"BALL"},"56E":{"t":"R44"},"56F":{"t":"R22"},"570":{"t":"P28A"},"571":{"t":"B06"},"572":{"t":"EC30"},"573":{"t":"C210"},"574":{"t":"BE36"},"575":{"t":"R44"},"576":{"t":"EXEC"},"577":{"t":"BALL"},"578":{"t":"R44"},"579":{"t":"C402"},"57A":{"t":"P32R"},"57B":{"t":"R44"},"57C":{"t":"R44"},"57D":{"t":"BALL"},"57E":{"t":"BALL"},"57F":{"t":"R44"},"580":{"t":"CA25"},"581":{"t":"B06"},"58C":{"t":"C206"},"58D":{"t":"SW4"},"58E":{"t":"R22"},"58F":{"t":"R22"},"590":{"t":"SW4"},"591":{"t":"BALL"},"592":{"t":"R22"},"593":{"t":"R22"},"594":{"t":"R22"},"595":{"t":"R44"},"596":{"t":"C185"},"597":{"t":"EC45"},"598":{"t":"AUS4"},"599":{"t":"M6"},"59A":{"t":"AS50"},"59B":{"t":"BE20"},"59C":{"t":"BE24"},"59D":{"t":"PA30"},"59E":{"t":"P28A"},"59F":{"t":"DA40"},"5A0":{"t":"C150"},"5A1":{"t":"R22"},"5A2":{"t":"R44"},"5A3":{"t":"R44"},"5A4":{"t":"AC95"},"5A5":{"t":"R22"},"5B0":{"t":"C180"},"5B1":{"t":"PA34"},"5B2":{"t":"R22"},"5B3":{"t":"B06"},"5B4":{"t":"GA8"},"5B5":{"t":"BALL"},"5B6":{"t":"R44"},"5B7":{"t":"R22"},"5B8":{"t":"P28A"},"5B9":{"t":"R22"},"5BA":{"t":"E300"},"5BB":{"t":"EC30"},"5BC":{"t":"R44"},"5BD":{"t":"BALL"},"5BE":{"t":"AS50"},"5BF":{"t":"C188"},"5C0":{"t":"SR20"},"5C1":{"t":"B06"},"5C2":{"t":"BE36"},"5C3":{"t":"EC30"},"5C4":{"t":"R22"},"5C5":{"t":"BALL"},"5C6":{"t":"R44"},"5C7":{"t":"R22"},"5C8":{"t":"R22"},"5C9":{"t":"PA44"},"5D4":{"t":"R22"},"5D5":{"t":"R44"},"5D6":{"t":"C182"},"5D7":{"t":"AS50"},"5D8":{"t":"R44"},"5D9":{"t":"B06"},"5DA":{"t":"AS50"},"5DB":{"t":"B505"},"5DC":{"t":"R44"},"5DD":{"t":"R22"},"5DE":{"t":"R22"},"5DF":{"t":"EC30"},"5E0":{"t":"R22"},"5E1":{"t":"C210"},"5E3":{"t":"AEST"},"5E4":{"t":"R22"},"5E5":{"t":"R22"},"5E6":{"t":"R22"},"5E7":{"t":"BK17"},"5E8":{"t":"AS55"},"5E9":{"t":"RV6"},"5EA":{"t":"R22"},"5EB":{"t":"B06"},"5EC":{"t":"R22"},"5ED":{"t":"R22"},"5F8":{"t":"R22"},"5F9":{"t":"R22"},"5FA":{"t":"R44"},"5FB":{"t":"R22"},"5FC":{"t":"C337"},"5FD":{"t":"R22"},"5FE":{"t":"R22"},"5FF":{"t":"DH82"},"600":{"t":"R22"},"601":{"t":"C82T"},"602":{"t":"HUSK"},"603":{"t":"C310"},"604":{"t":"C172"},"605":{"t":"P28T"},"606":{"t":"P28A"},"607":{"t":"R22"},"608":{"t":"U16"},"609":{"t":"AS50"},"60A":{"t":"R22"},"60B":{"t":"B06"},"60C":{"t":"PA38"},"60D":{"t":"AS50"},"60E":{"t":"R22"},"60F":{"t":"T206"},"610":{"t":"C172"},"611":{"t":"R44"},"61C":{"t":"R44"},"61D":{"t":"R44"},"61E":{"t":"PA30"},"61F":{"t":"R22"},"620":{"t":"AS50"},"621":{"t":"R44"},"622":{"t":"R22"},"623":{"t":"C182"},"624":{"t":"C172"},"625":{"t":"R22"},"626":{"t":"P28A"},"627":{"t":"PA44"},"628":{"t":"P28A"},"629":{"t":"AS50"},"62A":{"t":"C206"},"62B":{"t":"C72R"},"62C":{"t":"BALL"},"62D":{"t":"BALL"},"62E":{"t":"R22"},"62F":{"t":"R44"},"630":{"t":"B06"},"631":{"t":"AS50"},"632":{"t":"P337"},"633":{"t":"R22"},"634":{"t":"AS50"},"635":{"t":"R22"},"640":{"t":"AT5T"},"641":{"t":"EXEC"},"642":{"t":"R22"},"643":{"t":"GLAS"},"644":{"t":"UH1"},"645":{"t":"C72R"},"646":{"t":"R22"},"647":{"t":"C172"},"648":{"t":"P28A"},"649":{"t":"AA5"},"64A":{"t":"C188"},"64B":{"t":"R44"},"64C":{"t":"C210"},"64D":{"t":"F156"},"64E":{"t":"PA31"},"64F":{"t":"H269"},"650":{"t":"BALL"},"651":{"t":"PA31"},"652":{"t":"R22"},"653":{"t":"P28A"},"654":{"t":"DV20"},"655":{"t":"C310"},"656":{"t":"PA31"},"657":{"t":"R22"},"658":{"t":"BALL"},"659":{"t":"C152"},"664":{"t":"R22"},"665":{"t":"R22"},"666":{"t":"R22"},"667":{"t":"T6"},"668":{"t":"R44"},"669":{"t":"R44"},"66A":{"t":"M5"},"66B":{"t":"SW4"},"66C":{"t":"C152"},"66D":{"t":"RV7"},"66E":{"t":"AS50"},"66F":{"t":"R22"},"670":{"t":"C550"},"671":{"t":"C150"},"672":{"t":"R22"},"673":{"t":"R22"},"674":{"t":"LNC2"},"675":{"t":"C404"},"676":{"t":"C170"},"677":{"t":"AS50"},"678":{"t":"C150"},"679":{"t":"M20P"},"67A":{"t":"BALL"},"67B":{"t":"R22"},"67C":{"t":"AS50"},"67D":{"t":"R22"},"688":{"t":"AS50"},"689":{"t":"H500"},"68A":{"t":"C172"},"68B":{"t":"R44"},"68C":{"t":"R22"},"68D":{"t":"JAB4"},"68E":{"t":"M7"},"68F":{"t":"P32R"},"690":{"t":"R22"},"691":{"t":"R22"},"692":{"t":"P40"},"693":{"t":"R44"},"694":{"t":"C182"},"695":{"t":"P28A"},"696":{"t":"R22"},"697":{"t":"C210"},"698":{"t":"A660"},"699":{"t":"SW4"},"69A":{"t":"B06"},"69B":{"t":"R44"},"69C":{"t":"PA34"},"69D":{"t":"C82R"},"69E":{"t":"C82T"},"69F":{"t":"C172"},"6A0":{"t":"R22"},"6A1":{"t":"C172"},"6AC":{"t":"R44"},"6AD":{"t":"R44"},"6AE":{"t":"R44"},"6AF":{"t":"R22"},"6B0":{"t":"BALL"},"6B1":{"t":"R22"},"6B2":{"t":"C172"},"6B3":{"t":"C210"},"6B4":{"t":"C182"},"6B5":{"t":"P28R"},"6B6":{"t":"P28A"},"6B7":{"t":"R22"},"6B8":{"t":"R22"},"6B9":{"t":"PA31"},"6BA":{"t":"R44"},"6BB":{"t":"C172"},"6BD":{"t":"R22"},"6BE":{"t":"R44"},"6BF":{"t":"R44"},"6C0":{"t":"R22"},"6C1":{"t":"R22"},"6C2":{"t":"R22"},"6C3":{"t":"DV20"},"6C4":{"t":"R44"},"6C5":{"t":"LNC2"},"6D0":{"t":"R22"},"6D1":{"t":"R22"},"6D2":{"t":"R44"},"6D3":{"t":"H269"},"6D4":{"t":"H269"},"6D5":{"t":"R22"},"6D6":{"t":"R22"},"6D7":{"t":"R22"},"6D8":{"t":"R44"},"6D9":{"t":"R22"},"6DA":{"t":"R22"},"6DB":{"t":"R22"},"6DC":{"t":"P32R"},"6DD":{"t":"R44"},"6DE":{"t":"B06"},"6DF":{"t":"R44"},"6E0":{"t":"R22"},"6E1":{"t":"R44"},"6E2":{"t":"EXEC"},"6E3":{"t":"R22"},"6E4":{"t":"ST75"},"6E5":{"t":"C188"},"6E6":{"t":"C182"},"6E7":{"t":"R44"},"6E8":{"t":"R22"},"6E9":{"t":"R22"},"6F4":{"t":"R22"},"6F5":{"t":"R22"},"6F6":{"t":"R44"},"6F7":{"t":"BE76"},"6F8":{"t":"P210"},"6F9":{"t":"M20P"},"6FA":{"t":"R44"},"6FB":{"t":"R44"},"6FC":{"t":"R22"},"6FD":{"t":"P32T"},"6FE":{"t":"PA44"},"6FF":{"t":"C210"},"700":{"t":"M20P"},"701":{"t":"C210"},"702":{"t":"B06"},"703":{"t":"R22"},"704":{"t":"B06"},"705":{"t":"C310"},"706":{"t":"C172"},"707":{"t":"C172"},"708":{"t":"C82R"},"709":{"t":"C82R"},"70A":{"t":"R44"},"70B":{"t":"C150"},"70C":{"t":"PA25"},"70D":{"t":"RV4"},"880":{"t":"PA34"},"881":{"t":"BE36"},"882":{"t":"RODS"},"883":{"t":"PA38"},"885":{"t":"M20P"},"886":{"t":"BE36"},"887":{"t":"C182"},"888":{"t":"P28A"},"889":{"t":"PA34"},"88A":{"t":"P28A"},"88B":{"t":"P28A"},"88C":{"t":"RV6"},"88D":{"t":"DH82"},"88E":{"t":"C172"},"88F":{"t":"DV20"},"890":{"t":"C172"},"891":{"t":"ARCP"},"893":{"t":"PA20"},"894":{"t":"SW3"},"895":{"t":"P28A"},"896":{"t":"R44"},"897":{"t":"P28A"},"898":{"t":"SF34"},"899":{"t":"ANGL"},"8A4":{"t":"BALL"},"8A5":{"t":"P28R"},"8A6":{"t":"SR22"},"8A7":{"t":"M7"},"8A8":{"t":"TS1J"},"8A9":{"t":"B407"},"8AA":{"t":"C172"},"8AB":{"t":"R22"},"8AC":{"t":"PA31"},"8AD":{"t":"HUSK"},"8AE":{"t":"C310"},"8AF":{"t":"C152"},"8B0":{"t":"C188"},"8B1":{"t":"R44"},"8B2":{"t":"R44"},"8B3":{"t":"C152"},"8B4":{"t":"C188"},"8B5":{"t":"AS26"},"8B6":{"t":"R44"},"8B7":{"t":"Y18T"},"8B8":{"t":"P28A"},"8B9":{"t":"RV8"},"8BA":{"t":"C82R"},"8BB":{"t":"P28A"},"8BC":{"t":"C210"},"8BD":{"t":"C182"},"8C8":{"t":"TBM7"},"8C9":{"t":"BE58"},"8CA":{"t":"PA32"},"8CB":{"t":"R22"},"8CC":{"t":"SR22"},"8CD":{"t":"SR22"},"8CE":{"t":"C172"},"8CF":{"t":"C172"},"8D0":{"t":"EV97"},"8D1":{"t":"BL8"},"8D2":{"t":" P180 "},"8D3":{"t":"RV7"},"8D4":{"t":"AS50"},"8D6":{"t":"R44"},"8D7":{"t":"SS2T"},"8D8":{"t":"BALL"},"8D9":{"t":"PA30"},"8DA":{"t":"PA30"},"8DB":{"t":"PA24"},"8DC":{"t":"C182"},"8DD":{"t":"G2CA"},"8DE":{"t":"C175"},"8DF":{"t":"P28U"},"8E0":{"t":"AS50"},"8E1":{"t":"KODI"},"8EC":{"t":"JAB4"},"8ED":{"t":"P06T"},"8EE":{"t":"GLAS"},"8EF":{"t":"R44"},"8F0":{"t":"BE36"},"8F1":{"t":"C206"},"8F2":{"t":"AS50"},"8F3":{"t":"AR11"},"8F4":{"t":"B06"},"8F5":{"t":"AS29"},"8F6":{"t":"PA22"},"8F7":{"t":"C182"},"8F8":{"t":"GA8"},"8F9":{"t":"P32R"},"8FA":{"t":"DHC2"},"8FB":{"t":"AEST"},"8FC":{"t":"BALL"},"8FD":{"t":"C182"},"8FE":{"t":"EC20"},"8FF":{"t":"C172"},"900":{"t":"B47G"},"901":{"t":"C72R"},"902":{"t":"R44"},"903":{"t":"NG5"},"904":{"t":"C172"},"905":{"t":"C210"},"910":{"t":"C172"},"911":{"t":"C172"},"912":{"t":"P28B"},"913":{"t":"C210"},"914":{"t":"Y18T"},"915":{"t":"C172"},"916":{"t":"C206"},"917":{"t":"C172"},"918":{"t":"C172"},"919":{"t":"GLEX"},"91A":{"t":"PA31"},"91B":{"t":"C172"},"91C":{"t":"C172"},"91D":{"t":"C172"},"91E":{"t":"C182"},"91F":{"t":"GLID"},"920":{"t":"C510"},"921":{"t":"WW24"},"922":{"t":"C172"},"923":{"t":"C172"},"924":{"t":"C207"},"925":{"t":"C337"},"926":{"t":"MUS2"},"927":{"t":"G109"},"928":{"t":"C182"},"929":{"t":"HOME"},"934":{"t":"S32M"},"935":{"t":"AA1"},"936":{"t":"RV14"},"937":{"t":"P28U"},"938":{"t":"G164"},"939":{"t":"R44"},"93A":{"t":"AA5"},"93B":{"t":"AA5"},"93C":{"t":"AA5"},"93D":{"t":"C182"},"93E":{"t":"AA5"},"93F":{"t":"AA5"},"940":{"t":"R44"},"941":{"t":"AA5"},"942":{"t":"AA5"},"943":{"t":"AA1"},"944":{"t":"AA5"},"945":{"t":"C82R"},"946":{"t":"AA5"},"947":{"t":"AA5"},"948":{"t":"AA1"},"949":{"t":"BALL"},"94A":{"t":"COZY"},"94B":{"t":"LGEZ"},"94C":{"t":"AA5"},"94D":{"t":"G164"},"958":{"t":"C172"},"959":{"t":"BE55"},"95A":{"t":"DG80"},"95B":{"t":"C172"},"95C":{"t":"C172"},"95D":{"t":"C172"},"95E":{"t":"AA5"},"95F":{"t":"BALL"},"960":{"t":"AA5"},"962":{"t":"PA31"},"963":{"t":"P28R"},"964":{"t":"PA25"},"965":{"t":"AEST"},"966":{"t":"PA32"},"967":{"t":"R66"},"968":{"t":"PA27"},"969":{"t":"PA25"},"96A":{"t":"C172"},"96B":{"t":"TB20"},"96C":{"t":"C402"},"96D":{"t":"R22"},"96E":{"t":"GA8"},"96F":{"t":"C152"},"970":{"t":"C172"},"971":{"t":"PTS1"},"97C":{"t":"PA31"},"97D":{"t":"DHC1"},"97E":{"t":"B06"},"97F":{"t":"C337"},"980":{"t":"R44"},"981":{"t":"BE36"},"982":{"t":"C180"},"983":{"t":"R22"},"984":{"t":"C185"},"985":{"t":"C210"},"986":{"t":"C172"},"987":{"t":"R44"},"988":{"t":"BE55"},"989":{"t":"C82S"},"98B":{"t":"BE23"},"98C":{"t":"C208"},"98D":{"t":"C210"},"98E":{"t":"JAB4"},"98F":{"t":"B06"},"990":{"t":"DH82"},"991":{"t":"EUPA"},"992":{"t":"H269"},"993":{"t":"ARCP"},"994":{"t":"NIMB"},"995":{"t":"BE55"},"9A0":{"t":"BE55"},"9A1":{"t":"GLID"},"9A2":{"t":"GLID"},"9A3":{"t":"GLID"},"9A4":{"t":"GLID"},"9A5":{"t":"AS31"},"9A6":{"t":"EDGE"},"9A8":{"t":"CORS"},"9A9":{"t":"C152"},"9AA":{"t":"VENT"},"9AB":{"t":"SREY"},"9AC":{"t":"M18"},"9AD":{"t":"M18"},"9AE":{"t":"C414"},"9AF":{"t":"R44"},"9B0":{"t":"R44"},"9B1":{"t":"BALL"},"9B2":{"t":"BL8"},"9B3":{"t":"GLID"},"9B4":{"t":"GLID"},"9B5":{"t":"G109"},"9B6":{"t":"GLID"},"9B7":{"t":"GLID"},"9B8":{"t":"GLID"},"9B9":{"t":"BFIT"},"9C4":{"t":"GLID"},"9C5":{"t":"AS29"},"9C6":{"t":"PA32"},"9C7":{"t":"P28A"},"9C8":{"t":"PTSS"},"9C9":{"t":"PA25"},"9CA":{"t":"LJ35"},"9CB":{"t":"M7"},"9CC":{"t":"HOME"},"9CD":{"t":"P28A"},"9CE":{"t":"P28A"},"9CF":{"t":"M20P"},"9D0":{"t":"BE95"},"9D1":{"t":"M20P"},"9D2":{"t":"M20P"},"9D3":{"t":"GLAS"},"9D4":{"t":"B738"},"9D5":{"t":"P28A"},"9D6":{"t":"C172"},"9D7":{"t":"P28A"},"9D8":{"t":"B738"},"9D9":{"t":"RV10"},"9DA":{"t":"C152"},"9DB":{"t":"EN28"},"9DC":{"t":"L39"},"9DD":{"t":"CH20"},"9E8":{"t":"GLID"},"9E9":{"t":"VENT"},"9EA":{"t":"GLID"},"9EB":{"t":"GLID"},"9EC":{"t":"GLID"},"9ED":{"t":"GLID"},"9EE":{"t":"GLID"},"9EF":{"t":"B06"},"9F0":{"t":"GLID"},"9F1":{"t":"E290"},"9F2":{"t":"GLID"},"9F3":{"t":"GLID"},"9F4":{"t":"GLID"},"9F5":{"t":"GLID"},"9F6":{"t":"GLID"},"9F7":{"t":"GLID"},"9F8":{"t":"GLID"},"9F9":{"t":"GLID"},"9FA":{"t":"GLID"},"9FB":{"t":"GLID"},"9FC":{"t":"GLID"},"9FD":{"t":"GLID"},"9FE":{"t":"GLID"},"9FF":{"t":"GLID"},"A00":{"t":"DA40"},"A01":{"t":"GLID"},"A0C":{"t":"BE55"},"A0D":{"t":"SU26"},"A0E":{"t":"BE35"},"A0F":{"t":"BE55"},"A10":{"t":"BE35"},"A11":{"t":"T18"},"A12":{"t":"BE36"},"A13":{"t":"BE36"},"A14":{"t":"M18"},"A15":{"t":"LJ60"},"A16":{"t":"JAB4"},"A17":{"t":"JAB4"},"A18":{"t":"P68"},"A19":{"t":"BE9L"},"A1A":{"t":"BALL"},"A1B":{"t":"BE33"},"A1C":{"t":"BE9L"},"A1D":{"t":"RV8"},"A1E":{"t":"B06"},"A1F":{"t":"BE35"},"A20":{"t":"BALL"},"A21":{"t":"BE55"},"A22":{"t":"ST75"},"A23":{"t":"BALL"},"A24":{"t":"BE35"},"A25":{"t":"RV7"},"A30":{"t":"ULAC"},"A31":{"t":"PA23"},"A32":{"t":"C182"},"A33":{"t":"P32R"},"A34":{"t":"BK17"},"A35":{"t":"DHC2"},"A36":{"t":"C82S"},"A37":{"t":"BEAR"},"A39":{"t":"R22"},"A3A":{"t":"R66"},"A3B":{"t":"CH7B"},"A3C":{"t":"P28B"},"A3D":{"t":"P28R"},"A3E":{"t":"C182"},"A3F":{"t":"CP32"},"A40":{"t":"MCR1"},"A41":{"t":"RV7"},"A42":{"t":"C172"},"A43":{"t":"P28B"},"A44":{"t":"DHC2"},"A45":{"t":"C172"},"A46":{"t":"C172"},"A47":{"t":"P28A"},"A48":{"t":"C172"},"A49":{"t":"RV10"},"A54":{"t":"P28R"},"A55":{"t":"P28A"},"A56":{"t":"C152"},"A57":{"t":"C152"},"A59":{"t":"RALL"},"A5A":{"t":"C650"},"A5B":{"t":"P28A"},"A5C":{"t":"C172"},"A5D":{"t":"ULAC"},"A5E":{"t":"ST75"},"A5F":{"t":"S92"},"A60":{"t":"H500"},"A61":{"t":"C182"},"A62":{"t":"B06"},"A63":{"t":"BE55"},"A64":{"t":"C152"},"A65":{"t":"P32R"},"A66":{"t":"P28R"},"A67":{"t":"GLF4"},"A68":{"t":"B737"},"A69":{"t":"BE55"},"A6A":{"t":"H500"},"A6B":{"t":"RV6"},"A6C":{"t":"H500"},"A6D":{"t":"R22"},"A78":{"t":"BN2P"},"A79":{"t":"S108"},"A7A":{"t":"PA34"},"A7B":{"t":"PA31"},"A7C":{"t":"AC50"},"A7D":{"t":"TOUR"},"A7E":{"t":"E300"},"A7F":{"t":"BN2P"},"A80":{"t":"SKAR"},"A81":{"t":"C150"},"A82":{"t":"C337"},"A83":{"t":"BE36"},"A84":{"t":"BE35"},"A85":{"t":"BE58"},"A86":{"t":"PTS1"},"A87":{"t":"GA8"},"A88":{"t":"BALL"},"A89":{"t":"CP30"},"A8A":{"t":"BN2P"},"A8B":{"t":"L39"},"A8C":{"t":"C182"},"A8D":{"t":"C208"},"A8E":{"t":"C182"},"A8F":{"t":"CA25"},"A90":{"t":"P2"},"A91":{"t":"P68"},"A9C":{"t":"C182"},"A9D":{"t":"PTS1"},"A9E":{"t":"SR22"},"A9F":{"t":"P28A"},"AA0":{"t":"S92"},"AA1":{"t":"TB20"},"AA2":{"t":"SR22"},"AA3":{"t":"BE76"},"AA4":{"t":"CH7B"},"AA5":{"t":"PA24"},"AA6":{"t":"S92"},"AA7":{"t":"DG40"},"AA8":{"t":"C82R"},"AA9":{"t":"F86"},"AAA":{"t":"P28A"},"AAB":{"t":"SR20"},"AAC":{"t":"S92"},"AAD":{"t":"R44"},"AAE":{"t":"R44"},"AAF":{"t":"CH60"},"AB0":{"t":"PTS2"},"AB1":{"t":"P28R"},"AB2":{"t":"UHEL"},"AB3":{"t":"S92"},"AB4":{"t":"BALL"},"AB5":{"t":"S92"},"AC0":{"t":"E190"},"AC1":{"t":"AS50"},"AC2":{"t":"C172"},"AC3":{"t":"C150"},"AC4":{"t":"C172"},"AC5":{"t":"C182"},"AC6":{"t":"S76"},"AC7":{"t":"B06"},"AC8":{"t":"C188"},"AC9":{"t":"C150"},"ACA":{"t":"C172"},"ACB":{"t":"C172"},"ACC":{"t":"C172"},"ACD":{"t":"GLID"},"ACE":{"t":"C182"},"ACF":{"t":"C182"},"AD0":{"t":"C77R"},"AD1":{"t":"GLEX"},"AD2":{"t":"C185"},"AD3":{"t":"C182"},"AD4":{"t":"E190"},"AD5":{"t":"C182"},"AD6":{"t":"C182"},"AD7":{"t":"C150"},"AD8":{"t":"E190"},"AD9":{"t":"C210"},"AE4":{"t":"R44"},"AE5":{"t":"B06"},"AE6":{"t":"C172"},"AE7":{"t":"C172"},"AE8":{"t":"PA38"},"AE9":{"t":"C182"},"AEA":{"t":"S12"},"AEB":{"t":"C172"},"AEC":{"t":"C206"},"AED":{"t":"C172"},"AEE":{"t":"C172"},"AEF":{"t":"AT3T"},"AF0":{"t":"C182"},"AF1":{"t":"R200"},"AF3":{"t":"SR22"},"AF4":{"t":"C150"},"AF5":{"t":"C150"},"AF6":{"t":"C441"},"AF7":{"t":"PA32"},"AF8":{"t":"C150"},"AF9":{"t":"RV14"},"AFA":{"t":"PA22"},"AFB":{"t":"C182"},"AFC":{"t":"C206"},"AFD":{"t":"R66"},"B08":{"t":"BE55"},"B09":{"t":"PA32"},"B0A":{"t":"C152"},"B0B":{"t":"C172"},"B0C":{"t":"BE76"},"B0D":{"t":"ZZZZ"},"B0E":{"t":"C172"},"B0F":{"t":"C337"},"B10":{"t":"PTS1"},"B11":{"t":"R22"},"B12":{"t":"TS11"},"B13":{"t":"R22"},"B14":{"t":"BE24"},"B15":{"t":"R200"},"B16":{"t":"P28A"},"B17":{"t":"S92"},"B18":{"t":"RV8"},"B19":{"t":"RELI"},"B1A":{"t":"BE20"},"B1B":{"t":"T18"},"B1C":{"t":"C140"},"B1D":{"t":"S92"},"B1E":{"t":"CAD4"},"B1F":{"t":"PTSS"},"B20":{"t":"TS11"},"B21":{"t":"TS11"},"B2C":{"t":"EAGL"},"B2D":{"t":"GLID"},"B2E":{"t":"C182"},"B2F":{"t":"P28A"},"B30":{"t":"P28A"},"B31":{"t":"PA31"},"B32":{"t":"BL8"},"B33":{"t":"BE20"},"B34":{"t":"CASS"},"B35":{"t":"P32R"},"B36":{"t":"P28A"},"B37":{"t":"BE58"},"B38":{"t":"B06"},"B39":{"t":"L39"},"B3A":{"t":"C182"},"B3B":{"t":"SS2T"},"B3C":{"t":"P28A"},"B3D":{"t":"RV6"},"B3E":{"t":"C82R"},"B3F":{"t":"CJ1"},"B40":{"t":"S92"},"B41":{"t":"C206"},"B42":{"t":"P28A"},"B43":{"t":"C172"},"B44":{"t":"C172"},"B45":{"t":"AC11"},"B50":{"t":"GLID"},"B52":{"t":"GLID"},"B53":{"t":"GLID"},"B54":{"t":"GLID"},"B55":{"t":"GLID"},"B56":{"t":"GLID"},"B57":{"t":"GLID"},"B58":{"t":"GLID"},"B59":{"t":"GLID"},"B5A":{"t":"SPIT"},"B5B":{"t":"GLID"},"B5C":{"t":"GLID"},"B5D":{"t":"GLID"},"B5E":{"t":"GLID"},"B5F":{"t":"GLID"},"B60":{"t":"DISC"},"B61":{"t":"GLID"},"B62":{"t":"GLID"},"B63":{"t":"GLID"},"B64":{"t":"DA42"},"B65":{"t":"GLID"},"B66":{"t":"GLID"},"B67":{"t":"GLID"},"B68":{"t":"GLID"},"B69":{"t":"GLID"},"B74":{"t":"C152"},"B75":{"t":"BALL"},"B76":{"t":"C172"},"B77":{"t":"RV7"},"B78":{"t":"C72R"},"B79":{"t":"C172"},"B7A":{"t":"C185"},"B7B":{"t":"P28A"},"B7C":{"t":"R44"},"B7D":{"t":"RV7"},"B7E":{"t":"C560"},"B7F":{"t":"C82T"},"B80":{"t":"C172"},"B81":{"t":"DH82"},"B82":{"t":"LNC2"},"B83":{"t":"LNC4"},"B84":{"t":"AP32"},"B85":{"t":"C172"},"B86":{"t":"WIRR"},"B87":{"t":"C152"},"B88":{"t":"C172"},"B89":{"t":"C150"},"B8A":{"t":"C172"},"B8B":{"t":"C180"},"B8C":{"t":"C182"},"B8D":{"t":"C560"},"B98":{"t":"BETA"},"B99":{"t":"C337"},"B9A":{"t":"PTS1"},"B9B":{"t":"N320"},"B9C":{"t":"C182"},"B9D":{"t":"VEZE"},"B9E":{"t":"BD5"},"B9F":{"t":"C150"},"BA0":{"t":"SS2T"},"BA1":{"t":"RV10"},"BA2":{"t":"C210"},"BA3":{"t":"P32R"},"BA4":{"t":"RV6"},"BA5":{"t":"M20P"},"BA6":{"t":"PC12"},"BA7":{"t":"GLID"},"BA8":{"t":"B738"},"BA9":{"t":"R44"},"BAA":{"t":"R22"},"BAB":{"t":"B429"},"BAC":{"t":"AT8T"},"BAD":{"t":"B429"},"BAE":{"t":"LNC2"},"BAF":{"t":"B738"},"BB1":{"t":"SR22"},"BBC":{"t":"AEST"},"BBD":{"t":"SR22"},"BBE":{"t":"E300"},"BBF":{"t":"P68"},"BC0":{"t":"P68"},"BC1":{"t":"SPIT"},"BC2":{"t":"RV10"},"BC3":{"t":"RV9"},"BC4":{"t":"T18"},"BC7":{"t":"KR2"},"BC8":{"t":"R22"},"BC9":{"t":"E300"},"BCA":{"t":"EV97"},"BCB":{"t":"PA31"},"BCC":{"t":"C180"},"BCD":{"t":"R22"},"BCE":{"t":"EUPA"},"BCF":{"t":"C560"},"BD0":{"t":"BALL"},"BD1":{"t":"RV9"},"BD2":{"t":"BALL"},"BD3":{"t":"EC30"},"BD4":{"t":"ARCP"},"BD5":{"t":"DG1T"},"BE0":{"t":"BL8"},"BE1":{"t":"P68"},"BE2":{"t":"P68"},"BE3":{"t":"P32R"},"BE4":{"t":"C182"},"BE5":{"t":"P68"},"BE6":{"t":"C25A"},"BE7":{"t":"DH8D"},"BE8":{"t":"AS50"},"BE9":{"t":"DH8D"},"BEA":{"t":"DH8D"},"BEB":{"t":"P68"},"BEC":{"t":"P68"},"BED":{"t":"P68"},"BF1":{"t":"EN28"},"BF2":{"t":"AS65"},"BF3":{"t":"EN48"},"BF5":{"t":"DH8D"},"BF6":{"t":"DH8D"},"BF8":{"t":"PA32"},"C04":{"t":"GLID"},"C05":{"t":"GLID"},"C06":{"t":"GLID"},"C07":{"t":"GLID"},"C08":{"t":"GLID"},"C09":{"t":"G164"},"C0A":{"t":"GLID"},"C0B":{"t":"BN2P"},"C0C":{"t":"GLID"},"C0D":{"t":"GLID"},"C0E":{"t":"ZZZZ"},"C0F":{"t":"GLID"},"C10":{"t":"BALL"},"C11":{"t":"GLID"},"C12":{"t":"GLID"},"C14":{"t":"GLID"},"C15":{"t":"GLID"},"C16":{"t":"GLID"},"C17":{"t":"GLID"},"C18":{"t":"GLID"},"C19":{"t":"GLID"},"C1A":{"t":"GLID"},"C1B":{"t":"GLID"},"C1C":{"t":"GLID"},"C1D":{"t":"GLID"},"D90":{"t":"P32R"},"D91":{"t":"MUS2"},"D92":{"t":"C72R"},"D93":{"t":"AKRO"},"D94":{"t":"PA36"},"D95":{"t":"C303"},"D96":{"t":"C182"},"D97":{"t":"B47G"},"D98":{"t":"AT3P"},"D99":{"t":"AC50"},"D9A":{"t":"B06"},"D9B":{"t":"BR60"},"D9C":{"t":"PA38"},"D9D":{"t":"C82R"},"D9E":{"t":"E300"},"D9F":{"t":"PA18"},"DA0":{"t":"B06"},"DA1":{"t":"BALL"},"DA2":{"t":"ZZZZ"},"DA3":{"t":"M20P"},"DA4":{"t":"DH82"},"DA5":{"t":"FU24"},"DA6":{"t":"C170"},"DA7":{"t":"C210"},"DA8":{"t":"SS2T"},"DA9":{"t":"P28A"},"DB4":{"t":"C207"},"DB5":{"t":"GLAS"},"DB6":{"t":"C172"},"DB7":{"t":"C170"},"DB8":{"t":"RV8"},"DB9":{"t":"PA32"},"DBA":{"t":"PA44"},"DBB":{"t":"BE80"},"DBC":{"t":"PA31"},"DBD":{"t":"GLAS"},"DBE":{"t":"FU24"},"DBF":{"t":"T18"},"DC0":{"t":"C185"},"DC1":{"t":"B47G"},"DC3":{"t":"PA34"},"DC4":{"t":"EC30"},"DC5":{"t":"RV14"},"DC6":{"t":"SS2T"},"DC7":{"t":"B47G"},"DC8":{"t":"JABI"},"DC9":{"t":"C152"},"DCA":{"t":"R22"},"DCB":{"t":"C152"},"DCC":{"t":"EC20"},"DCD":{"t":"P32R"},"DD8":{"t":"C206"},"DD9":{"t":"H269"},"DDA":{"t":"R44"},"DDB":{"t":"SR22"},"DDC":{"t":"SP55"},"DDD":{"t":"DH82"},"DDE":{"t":"FA24"},"DDF":{"t":"PA31"},"DE0":{"t":"C310"},"DE1":{"t":"BE58"},"DE2":{"t":"C172"},"DE3":{"t":"C182"},"DE4":{"t":"PA24"},"DE6":{"t":"C185"},"DE7":{"t":"J3"},"DE8":{"t":"C182"},"DE9":{"t":"LJ35"},"DEA":{"t":"C172"},"DEB":{"t":"JAB4"},"DEC":{"t":"C82R"},"DED":{"t":"C310"},"DEE":{"t":"G164"},"DEF":{"t":"LJ45"},"DF0":{"t":"BE58"},"DF1":{"t":"C172"},"DFC":{"t":"C206"},"DFD":{"t":"PA24"},"DFE":{"t":"P28A"},"DFF":{"t":"P28A"},"E00":{"t":"D18"},"E01":{"t":"PA44"},"E02":{"t":"C72R"},"E03":{"t":"C172"},"E04":{"t":"BALL"},"E05":{"t":"R44"},"E06":{"t":"C182"},"E07":{"t":"C182"},"E08":{"t":"DHC1"},"E09":{"t":"PC12"},"E0A":{"t":"P28R"},"E0B":{"t":"C172"},"E0C":{"t":"C210"},"E0D":{"t":"RV9"},"E0E":{"t":"AT5T"},"E0F":{"t":"C172"},"E10":{"t":"M20P"},"E11":{"t":"P28A"},"E12":{"t":"EXEC"},"E13":{"t":"C206"},"E14":{"t":"C210"},"E15":{"t":"EC20"},"E20":{"t":"BALL"},"E21":{"t":"CA19"},"E22":{"t":"CL60"},"E23":{"t":"C182"},"E24":{"t":"RV6"},"E25":{"t":"B06"},"E26":{"t":"B47G"},"E27":{"t":"B06"},"E28":{"t":"C210"},"E29":{"t":"COL4"},"E2A":{"t":"SREY"},"E2B":{"t":"BALL"},"E2C":{"t":"PA38"},"E2D":{"t":"YK52"},"E2E":{"t":"BE9L"},"E2F":{"t":"EUPA"},"E30":{"t":"FU24"},"E31":{"t":"C172"},"E32":{"t":"MU2"},"E33":{"t":"B350"},"E34":{"t":"M20P"},"E35":{"t":"ULAC"},"E36":{"t":"UHEL"},"E37":{"t":"EXEJ"},"E38":{"t":"SREY"},"E39":{"t":"M20T"},"E44":{"t":"C172"},"E45":{"t":"F70"},"E46":{"t":"PA32"},"E47":{"t":"C172"},"E48":{"t":"F70"},"E49":{"t":"P28A"},"E4A":{"t":"R44"},"E4E":{"t":"R44"},"E4F":{"t":"LGEZ"},"E50":{"t":"P28A"},"E51":{"t":"AS50"},"E52":{"t":"C441"},"E53":{"t":"BE36"},"E54":{"t":"EC45"},"E55":{"t":"C172"},"E56":{"t":"P32R"},"E57":{"t":"C210"},"E58":{"t":"C441"},"E59":{"t":"EC45"},"E5A":{"t":"HURI"},"E5B":{"t":"PA38"},"E5C":{"t":"P28A"},"E5D":{"t":"JPRO"},"E68":{"t":"C210"},"E69":{"t":"O1"},"E6A":{"t":"M20P"},"E6B":{"t":"M20P"},"E6C":{"t":"B06"},"E6D":{"t":"C172"},"E6E":{"t":"P28A"},"E6F":{"t":"PA32"},"E70":{"t":"CH80"},"E71":{"t":"C150"},"E72":{"t":"C340"},"E73":{"t":"ACAR"},"E74":{"t":"P32R"},"E75":{"t":"C172"},"E76":{"t":"B06"},"E77":{"t":"BRUM"},"E78":{"t":"M20P"},"E79":{"t":"E145"},"E7A":{"t":"DH60"},"E7B":{"t":"B06"},"E7C":{"t":"C210"},"E7D":{"t":"C172"},"E7E":{"t":"PA24"},"E7F":{"t":"P32R"},"E80":{"t":"C172"},"E81":{"t":"B06"},"E8C":{"t":"DHC1"},"E8D":{"t":"C82R"},"E8E":{"t":"R22"},"E8F":{"t":"C182"},"E90":{"t":"AS50"},"E91":{"t":"C210"},"E92":{"t":"AEST"},"E93":{"t":"DA40"},"E94":{"t":"R22"},"E95":{"t":"C82R"},"E96":{"t":"C152"},"E97":{"t":"C182"},"E98":{"t":"R22"},"E99":{"t":"DHC1"},"E9A":{"t":"C172"},"E9B":{"t":"BE20"},"E9C":{"t":"R44"},"E9D":{"t":"C188"},"E9E":{"t":"P28A"},"E9F":{"t":"C182"},"EA0":{"t":"DH82"},"EA1":{"t":"P28A"},"EA2":{"t":"P28A"},"EA3":{"t":"P28A"},"EA4":{"t":"C172"},"EA5":{"t":"R22"},"EB0":{"t":"C206"},"EB1":{"t":"R44"},"EB2":{"t":"S52"},"EB3":{"t":"AT8T"},"EB4":{"t":"HUSK"},"EB5":{"t":"C172"},"EB6":{"t":"BALL"},"EB7":{"t":"P32R"},"EB8":{"t":"CL60"},"EB9":{"t":"P28A"},"EBA":{"t":"C182"},"EBB":{"t":"C210"},"EBC":{"t":"C182"},"EBD":{"t":"J1"},"EBE":{"t":"P28A"},"EBF":{"t":"C172"},"EC0":{"t":"P28S"},"EC1":{"t":"BL8"},"EC2":{"t":"BE77"},"EC3":{"t":"P28B"},"EC4":{"t":"B06"},"EC5":{"t":"B06"},"EC6":{"t":"C152"},"EC7":{"t":"C72R"},"EC9":{"t":"C77R"},"ED4":{"t":"SR22"},"ED5":{"t":"R44"},"ED6":{"t":"C72R"},"ED7":{"t":"SS2T"},"ED8":{"t":"GLST"},"ED9":{"t":"M5"},"EDA":{"t":"C172"},"EDB":{"t":"RV7"},"EDC":{"t":"C188"},"EDD":{"t":"AA5"},"EDE":{"t":"JAB4"},"EDF":{"t":"C182"},"EE0":{"t":"DR10"},"EE1":{"t":"BE58"},"EE2":{"t":"C206"},"EE3":{"t":"B06"},"EE4":{"t":"RV7"},"EE5":{"t":"B212"},"EE6":{"t":"BALL"},"EE7":{"t":"TB21"},"EE8":{"t":"R22"},"EE9":{"t":"RV6"},"EEA":{"t":"DH82"},"EEB":{"t":"BE55"},"EEC":{"t":"B212"},"EED":{"t":"PTS2"},"EF8":{"t":"C150"},"EF9":{"t":"ZZZZ"},"EFA":{"t":"RV6"},"EFB":{"t":"S108"},"EFC":{"t":"C82R"},"EFD":{"t":"R44"},"EFE":{"t":"P28A"},"EFF":{"t":"R22"},"F00":{"t":"C177"},"F01":{"t":"R22"},"F02":{"t":"B06"},"F03":{"t":"BE36"},"F04":{"t":"R22"},"F05":{"t":"C172"},"F06":{"t":"R44"},"F07":{"t":"C188"},"F08":{"t":"R22"},"F09":{"t":"AKRO"},"F0A":{"t":"R22"},"F0B":{"t":"P28R"},"F0C":{"t":"PC12"},"F0D":{"t":"VALI"},"F0E":{"t":"SM19"},"F0F":{"t":"AS50"},"F10":{"t":"BALL"},"F11":{"t":"BE36"},"F1C":{"t":"ST75"},"F1D":{"t":"BALL"},"F1E":{"t":"C210"},"F1F":{"t":"C72R"},"F20":{"t":"C172"},"F21":{"t":"BE33"},"F22":{"t":"ZZZZ"},"F23":{"t":"PA18"},"F24":{"t":"C77R"},"F25":{"t":"C501"},"F26":{"t":"C208"},"F27":{"t":"DIMO"},"F28":{"t":"C182"},"F29":{"t":"C208"},"F2A":{"t":"M6"},"F2B":{"t":"C180"},"F2C":{"t":"C182"},"F2D":{"t":"LNC2"},"F2E":{"t":"C182"},"F2F":{"t":"C441"},"F30":{"t":"C550"},"F31":{"t":"C152"},"F32":{"t":"ST75"},"F33":{"t":"RODS"},"F34":{"t":"C182"},"F35":{"t":"BALL"},"F40":{"t":"M7"},"F41":{"t":"BALL"},"F42":{"t":"GLID"},"F43":{"t":"PA31"},"F44":{"t":"DH82"},"F45":{"t":"C82R"},"F46":{"t":"C210"},"F47":{"t":"PA31"},"F48":{"t":"R44"},"F49":{"t":"C182"},"F4A":{"t":"C310"},"F4B":{"t":"BE58"},"F4C":{"t":"B06"},"F4D":{"t":"B06"},"F4E":{"t":"R44"},"F4F":{"t":"C310"},"F50":{"t":"PA30"},"F51":{"t":"M20T"},"F52":{"t":"C210"},"F53":{"t":"P32R"},"F54":{"t":"PC12"},"F55":{"t":"N320"},"F56":{"t":"C310"},"F57":{"t":"C172"},"F58":{"t":"H269"},"F59":{"t":"WIRR"},"F64":{"t":"CH80"},"F65":{"t":"C152"},"F66":{"t":"P28R"},"F67":{"t":"FOX"},"F68":{"t":"C182"},"F69":{"t":"C152"},"F6A":{"t":"P32R"},"F6B":{"t":"C182"},"F6C":{"t":"PA32"},"F6D":{"t":"C172"},"F6E":{"t":"R22"},"F6F":{"t":"CH60"},"F70":{"t":"R22"},"F71":{"t":"R22"},"F72":{"t":"R22"},"F73":{"t":"R22"},"F74":{"t":"R22"},"F75":{"t":"S22T"},"F76":{"t":"B212"},"F77":{"t":"SR22"},"F78":{"t":"C72R"},"F79":{"t":"P32R"},"F7A":{"t":"AT8T"},"F7B":{"t":"G2CA"},"F7C":{"t":"C172"},"F7D":{"t":"C310"},"F88":{"t":"B06"},"F89":{"t":"C310"},"F8A":{"t":"C337"},"F8B":{"t":"PA34"},"F8C":{"t":"C337"},"F8D":{"t":"C310"},"F8E":{"t":"BALL"},"F8F":{"t":"C402"},"F90":{"t":"C310"},"F91":{"t":"PA38"},"F92":{"t":"C172"},"F93":{"t":"BOLT"},"F94":{"t":"T210"},"F95":{"t":"SASP"},"F96":{"t":"PZ4M"},"F97":{"t":"C172"},"F98":{"t":"C210"},"F99":{"t":"C404"},"F9A":{"t":"C310"},"F9B":{"t":"R22"},"F9C":{"t":"C182"},"F9D":{"t":"C402"},"F9E":{"t":"B06"},"F9F":{"t":"ULAC"},"FA0":{"t":"RV6"},"FA1":{"t":"C208"},"FAC":{"t":"R66"},"FAD":{"t":"TAIL"},"FAE":{"t":"BE23"},"FAF":{"t":"SR22"},"FB0":{"t":"JPRO"},"FB1":{"t":"AP22"},"FB2":{"t":"BALL"},"FB3":{"t":"POLI"},"FB4":{"t":"C180"},"FB5":{"t":"BE36"},"FB6":{"t":"P28A"},"FB7":{"t":"P28A"},"FB8":{"t":"P28A"},"FB9":{"t":"C82R"},"FBA":{"t":"AC50"},"FBB":{"t":"R44"},"FBC":{"t":"CL60"},"FBD":{"t":"PA32"},"FBE":{"t":"T18"},"FBF":{"t":"GLID"},"FC0":{"t":"R44"},"FC1":{"t":"JPRO"},"FC2":{"t":"P28R"},"FC3":{"t":"PTS1"},"FC4":{"t":"PTS1"},"FC5":{"t":"R22"},"FD0":{"t":"C152"},"FD1":{"t":"B222"},"FD2":{"t":"C182"},"FD3":{"t":"PA44"},"FD4":{"t":"ZZZZ"},"FD5":{"t":"PA44"},"FD6":{"t":"A320"},"FD7":{"t":"GLAS"},"FD8":{"t":"PA38"},"FD9":{"t":"PA38"},"FDA":{"t":"C310"},"FDB":{"t":"A320"},"FDC":{"t":"P68"},"FDD":{"t":"B06"},"FDE":{"t":"P28A"},"FDF":{"t":"C172"},"FE0":{"t":"C172"},"FE1":{"t":"B412"},"FE2":{"t":"PA31"},"FE3":{"t":"P28R"},"FE4":{"t":"BALL"},"FE5":{"t":"P28A"},"FE6":{"t":"AT8T"},"FE7":{"t":"A320"},"FE8":{"t":"ST75"},"FE9":{"t":"R22"},"FF4":{"t":"PA31"},"FF5":{"t":"RV8"},"FF6":{"t":"C172"},"FF7":{"t":"S76"},"FF8":{"t":"B06"},"FF9":{"t":"B06"},"FFA":{"t":"GLID"},"FFB":{"t":"CH30"},"FFC":{"t":"B06"},"FFD":{"t":"AS50"},"FFE":{"t":"C414"},"FFF":{"t":"SR22"}}