{"030":{"t":"CVLP"},"031":{"t":"HROC"},"032":{"t":"R22"},"033":{"t":"SREY"},"034":{"t":"P28A"},"035":{"t":"C172"},"036":{"t":"R44"},"037":{"t":"BALL"},"038":{"t":"R66"},"039":{"t":"P28A"},"03A":{"t":"R22"},"03B":{"t":"PA46"},"03C":{"t":"SW4"},"03D":{"t":"C402"},"03E":{"t":"RV12"},"03F":{"t":"BE58"},"040":{"t":"RV6"},"041":{"t":"PA31"},"042":{"t":"PA31"},"043":{"t":"PA32"},"044":{"t":"P28A"},"045":{"t":"P68"},"046":{"t":"C206"},"047":{"t":"P28A"},"048":{"t":"PA44"},"049":{"t":"C441"},"054":{"t":"TOBA"},"055":{"t":"P28R"},"056":{"t":"P28A"},"057":{"t":"C82T"},"058":{"t":"C310"},"059":{"t":"C172"},"05A":{"t":"C310"},"05B":{"t":"RV6"},"05C":{"t":"C310"},"05D":{"t":"PA31"},"05E":{"t":"C152"},"05F":{"t":"C172"},"060":{"t":"TBM8"},"061":{"t":"ZZZZ"},"062":{"t":"SR22"},"063":{"t":"B06"},"064":{"t":"TB20"},"065":{"t":"TB20"},"066":{"t":"B722"},"067":{"t":"R22"},"068":{"t":"GA8"},"069":{"t":"SS2T"},"06A":{"t":"R44"},"06B":{"t":"R44"},"06C":{"t":"C206"},"06D":{"t":"TB20"},"078":{"t":"SLG4"},"079":{"t":"C172"},"07A":{"t":"C172"},"07B":{"t":"BE55"},"07C":{"t":"PA31"},"07D":{"t":"R44"},"07E":{"t":"R22"},"07F":{"t":"C182"},"080":{"t":"C210"},"081":{"t":"C182"},"082":{"t":"C185"},"083":{"t":"C206"},"084":{"t":"C172"},"085":{"t":"AS50"},"086":{"t":"C150"},"087":{"t":"PC12"},"088":{"t":"SR20"},"089":{"t":"C210"},"08A":{"t":"GLAS"},"08B":{"t":"C182"},"08C":{"t":"SR20"},"08D":{"t":"C182"},"08E":{"t":"C210"},"08F":{"t":"R22"},"090":{"t":"C172"},"091":{"t":"C206"},"09C":{"t":"R22"},"09D":{"t":"LNC4"},"09E":{"t":"GLAS"},"09F":{"t":"PA24"},"0A0":{"t":"BE36"},"0A1":{"t":"C182"},"0A2":{"t":"C150"},"0A3":{"t":"DHC1"},"0A4":{"t":"GLST"},"0A5":{"t":"RV7"},"0A6":{"t":"C172"},"0A7":{"t":"PA30"},"0A8":{"t":"C182"},"0A9":{"t":"C180"},"0AA":{"t":"C182"},"0AB":{"t":"BE58"},"0AC":{"t":"C206"},"0AD":{"t":"C180"},"0AE":{"t":"SR22"},"0AF":{"t":"C182"},"0B1":{"t":"C210"},"0B2":{"t":"C150"},"0B3":{"t":"C150"},"0B4":{"t":"C210"},"0B5":{"t":"C150"},"0C0":{"t":"PA44"},"0C1":{"t":"C152"},"0C2":{"t":"BE35"},"0C3":{"t":"C175"},"0C4":{"t":"P28A"},"0C5":{"t":"C206"},"0C6":{"t":"C182"},"0C7":{"t":"PA36"},"0C8":{"t":"C172"},"0C9":{"t":"LNCE"},"0CA":{"t":"P28A"},"0CB":{"t":"SR20"},"0CC":{"t":"R44"},"0CD":{"t":"R22"},"0CE":{"t":"R44"},"0CF":{"t":"C172"},"0D0":{"t":"P750"},"0D1":{"t":"M5"},"0D2":{"t":"B06"},"0D3":{"t":"C210"},"0D4":{"t":"R22"},"0D5":{"t":"C210"},"0D6":{"t":"PA24"},"0D7":{"t":"T6"},"0D8":{"t":"C25A"},"0D9":{"t":"PL1"},"0E4":{"t":"C303"},"0E5":{"t":"C208"},"0E6":{"t":"C206"},"0E7":{"t":"BE60"},"0E8":{"t":"C210"},"0E9":{"t":"C210"},"0EA":{"t":"SW4"},"0EB":{"t":"AT5T"},"0EC":{"t":"C210"},"0ED":{"t":"C310"},"0EE":{"t":"C402"},"0EF":{"t":"C210"},"0F0":{"t":"C402"},"0F1":{"t":"C210"},"0F2":{"t":"C404"},"0F3":{"t":"C310"},"0F4":{"t":"C208"},"0F5":{"t":"C152"},"0F6":{"t":"C208"},"0F7":{"t":"C210"},"0F8":{"t":"C404"},"0F9":{"t":"C208"},"0FA":{"t":"C525"},"0FB":{"t":"C208"},"0FC":{"t":"C310"},"0FD":{"t":"C402"},"108":{"t":"RV7"},"109":{"t":"C180"},"10A":{"t":"H269"},"10B":{"t":"SW4"},"10C":{"t":"DH82"},"10D":{"t":"R22"},"10E":{"t":"GL7T"},"10F":{"t":"M18"},"110":{"t":"M18"},"111":{"t":"BALL"},"112":{"t":"HIGH"},"113":{"t":"G115"},"114":{"t":"RV7"},"115":{"t":"BEAR"},"116":{"t":"P28B"},"117":{"t":"R22"},"118":{"t":"RV7"},"119":{"t":"DH82"},"11A":{"t":"R44"},"11B":{"t":"JAB4"},"11C":{"t":"G115"},"11D":{"t":"G115"},"11E":{"t":"G115"},"11F":{"t":"C208"},"120":{"t":"M18"},"121":{"t":"R44"},"12C":{"t":"UH12"},"12D":{"t":"ZZZZ"},"12E":{"t":"C182"},"12F":{"t":"C172"},"130":{"t":"RV7"},"131":{"t":"C152"},"132":{"t":"C210"},"133":{"t":"RV6"},"134":{"t":"R22"},"135":{"t":"AS50"},"136":{"t":"GLAS"},"137":{"t":"C172"},"138":{"t":"R22"},"139":{"t":"H269"},"13A":{"t":"C172"},"13B":{"t":"R22"},"13C":{"t":"R22"},"13D":{"t":"SS2T"},"13E":{"t":"C210"},"13F":{"t":"C182"},"140":{"t":"C182"},"141":{"t":"AS50"},"142":{"t":"M20P"},"143":{"t":"C402"},"144":{"t":"AS50"},"145":{"t":"BALL"},"150":{"t":"C150"},"151":{"t":"R44"},"152":{"t":"C182"},"153":{"t":"R44"},"154":{"t":"C152"},"155":{"t":"C172"},"156":{"t":"DH82"},"157":{"t":"EC30"},"158":{"t":"C206"},"159":{"t":"GLAS"},"15A":{"t":"FUSI"},"15B":{"t":"R44"},"15C":{"t":"BE33"},"15D":{"t":"C182"},"15E":{"t":"C182"},"15F":{"t":"R44"},"160":{"t":"C182"},"161":{"t":"T18"},"162":{"t":"C182"},"163":{"t":"PTS1"},"164":{"t":"C210"},"165":{"t":"C402"},"166":{"t":"C150"},"167":{"t":"C172"},"168":{"t":"C208"},"169":{"t":"C210"},"174":{"t":"PTS2"},"175":{"t":"C207"},"176":{"t":"GLID"},"177":{"t":"T206"},"178":{"t":"A139"},"179":{"t":"A139"},"17A":{"t":"A139"},"17B":{"t":"A139"},"17C":{"t":"A139"},"17D":{"t":"A139"},"17E":{"t":"A139"},"17F":{"t":"RV7"},"180":{"t":"RV6"},"181":{"t":"BE58"},"182":{"t":"A139"},"183":{"t":"JAB4"},"184":{"t":"P210"},"185":{"t":"SV4"},"186":{"t":"C210"},"187":{"t":"B06"},"188":{"t":"DA42"},"189":{"t":"AEST"},"18A":{"t":"RV7"},"18B":{"t":"SR22"},"18C":{"t":"DA42"},"18D":{"t":"DA42"},"198":{"t":"PA31"},"199":{"t":"P28A"},"19A":{"t":"C152"},"19B":{"t":"BK17"},"19C":{"t":"BABY"},"19D":{"t":"C172"},"19E":{"t":"SR22"},"19F":{"t":"B47G"},"1A0":{"t":"R44"},"1A1":{"t":"C172"},"1A2":{"t":"C182"},"1A3":{"t":"C172"},"1A4":{"t":"C172"},"1A5":{"t":"C172"},"1A6":{"t":"EXEC"},"1A7":{"t":"R44"},"1A8":{"t":"C210"},"1A9":{"t":"C150"},"1AA":{"t":"AT3P"},"1AB":{"t":"PA36"},"1AC":{"t":"PA38"},"1AD":{"t":"PTS2"},"1AE":{"t":"PA38"},"1AF":{"t":"P28B"},"1B0":{"t":"PA38"},"1B1":{"t":"EAGX"},"1BC":{"t":"PA38"},"1BD":{"t":"BE36"},"1BE":{"t":"PA27"},"1BF":{"t":"C208"},"1C0":{"t":"M18"},"1C1":{"t":"D11"},"1C2":{"t":"P32T"},"1C3":{"t":"C208"},"1C4":{"t":"C182"},"1C5":{"t":"C210"},"1C6":{"t":"C172"},"1C7":{"t":"P46T"},"1C8":{"t":"C172"},"1C9":{"t":"C152"},"1CA":{"t":"R22"},"1CB":{"t":"BE55"},"1CC":{"t":"R22"},"1CD":{"t":"C210"},"1CE":{"t":"M20T"},"1CF":{"t":"PA32"},"1D0":{"t":"C206"},"1D1":{"t":"B505"},"1D2":{"t":"TAIL"},"1D3":{"t":"RV14"},"1D4":{"t":"P28A"},"1D5":{"t":"B505"},"1E0":{"t":"R22"},"1E1":{"t":"C182"},"1E2":{"t":"GLST"},"1E3":{"t":"RV8"},"1E4":{"t":"C150"},"1E5":{"t":"T18"},"1E6":{"t":"C182"},"1E7":{"t":"M20P"},"1E8":{"t":"STRM"},"1E9":{"t":"C82R"},"1EA":{"t":"R22"},"1EB":{"t":"M4"},"1EC":{"t":"P28A"},"1ED":{"t":"CH7B"},"1EE":{"t":"C140"},"1EF":{"t":"C172"},"1F0":{"t":"DC3"},"1F1":{"t":"LNC2"},"1F2":{"t":"C172"},"1F3":{"t":"C172"},"1F4":{"t":"JAB4"},"1F5":{"t":"C182"},"1F6":{"t":"PA24"},"1F7":{"t":"EUPA"},"1F8":{"t":"AS50"},"1F9":{"t":"PA24"},"204":{"t":"PA25"},"205":{"t":"P28B"},"206":{"t":"PA25"},"207":{"t":"LS10"},"208":{"t":"PA25"},"209":{"t":"C182"},"20A":{"t":"EC45"},"20B":{"t":"P28A"},"20C":{"t":"P28A"},"20D":{"t":"P28A"},"20E":{"t":"P28A"},"20F":{"t":"R22"},"210":{"t":"C172"},"211":{"t":"HRNT"},"212":{"t":"C152"},"213":{"t":"UHEL"},"214":{"t":"GA8"},"215":{"t":"BE58"},"216":{"t":"SR22"},"217":{"t":"C206"},"218":{"t":"C152"},"219":{"t":"C152"},"21A":{"t":"L29"},"21B":{"t":"GLAS"},"21C":{"t":"C152"},"21D":{"t":"RV7"},"228":{"t":"T6"},"229":{"t":"CA25"},"22A":{"t":"C206"},"22B":{"t":"PA30"},"22C":{"t":"C182"},"22D":{"t":"P28A"},"22E":{"t":"C172"},"22F":{"t":"C172"},"230":{"t":"TOBA"},"231":{"t":"PA25"},"232":{"t":"RBEL"},"233":{"t":"SR22"},"234":{"t":"PA38"},"235":{"t":"RV9"},"236":{"t":"R66"},"237":{"t":"BL8"},"238":{"t":"AT43"},"239":{"t":"B427"},"23A":{"t":"B427"},"23B":{"t":"PA31"},"23C":{"t":"C150"},"23D":{"t":"C208"},"23E":{"t":"C172"},"23F":{"t":"AT43"},"240":{"t":"P28B"},"241":{"t":"PA24"},"24C":{"t":"C150"},"24D":{"t":"M20P"},"24E":{"t":"C182"},"24F":{"t":"P28A"},"250":{"t":"PA25"},"251":{"t":"M20P"},"252":{"t":"C180"},"253":{"t":"PA20"},"254":{"t":"PA24"},"255":{"t":"PA32"},"256":{"t":"C206"},"257":{"t":"P28A"},"258":{"t":"P46T"},"259":{"t":"BALL"},"25A":{"t":"PA30"},"25B":{"t":"CAMP"},"25C":{"t":"A109"},"25D":{"t":"TAIL"},"25E":{"t":"SR20"},"25F":{"t":"RV6"},"260":{"t":"P28A"},"261":{"t":"C150"},"262":{"t":"P28A"},"263":{"t":"C172"},"264":{"t":"TOUR"},"265":{"t":"JAB4"},"270":{"t":"AC50"},"271":{"t":"C208"},"272":{"t":"C210"},"273":{"t":"DH8C"},"274":{"t":"DH8C"},"275":{"t":"C208"},"276":{"t":"DH8B"},"277":{"t":"DH8C"},"278":{"t":"C208"},"279":{"t":"BE33"},"27A":{"t":"DH8C"},"27B":{"t":"DH8C"},"27C":{"t":"DH8C"},"27D":{"t":"FK27"},"27E":{"t":"BL8"},"27F":{"t":"P46T"},"280":{"t":"RV7"},"281":{"t":"C172"},"282":{"t":"DH8B"},"283":{"t":"BABY"},"284":{"t":"C208"},"285":{"t":"C208"},"286":{"t":"C208"},"287":{"t":"DH8B"},"288":{"t":"DH8C"},"289":{"t":"DH8C"},"294":{"t":"PA31"},"295":{"t":"R22"},"296":{"t":"C404"},"297":{"t":"C210"},"298":{"t":"C182"},"299":{"t":"CT4"},"29A":{"t":"CH80"},"29B":{"t":"PL12"},"29C":{"t":"KIS2"},"29D":{"t":"PL12"},"29E":{"t":"R22"},"29F":{"t":"SR22"},"2A0":{"t":"GLAS"},"2A1":{"t":"R22"},"2A2":{"t":"T28"},"2A3":{"t":"TB20"},"2A4":{"t":"R22"},"2A5":{"t":"P28A"},"2A6":{"t":"BN2P"},"2A7":{"t":"PL12"},"2A8":{"t":"PL12"},"2A9":{"t":"RV14"},"2AA":{"t":"BE9L"},"2AB":{"t":"SF34"},"2AC":{"t":"M20P"},"2AD":{"t":"JAB4"},"2B8":{"t":"C182"},"2BA":{"t":"R44"},"2BB":{"t":"C206"},"2BC":{"t":"C182"},"2BD":{"t":"C185"},"2BE":{"t":"LJ35"},"2BF":{"t":"ZZZZ"},"2C0":{"t":"C402"},"2C1":{"t":"PA30"},"2C2":{"t":"R22"},"2C3":{"t":"R22"},"2C4":{"t":"R44"},"2C5":{"t":"C82S"},"2C6":{"t":"C185"},"2C7":{"t":"C172"},"2C8":{"t":"C172"},"2C9":{"t":"C172"},"2CA":{"t":"C182"},"2CB":{"t":"RV4"},"2CC":{"t":"C182"},"2CD":{"t":"AS50"},"2CE":{"t":"PA31"},"2CF":{"t":"C82R"},"2D0":{"t":"PA22"},"2D1":{"t":"R22"},"2DC":{"t":"C182"},"2DD":{"t":"BE76"},"2DE":{"t":"C182"},"2DF":{"t":"FU24"},"2E0":{"t":"CH7"},"2E1":{"t":"C206"},"2E2":{"t":"AT3P"},"2E3":{"t":"BE58"},"2E4":{"t":"C182"},"2E5":{"t":"C182"},"2E6":{"t":"SLG2"},"2E7":{"t":"BE55"},"2E8":{"t":"PA31"},"2E9":{"t":"C182"},"2EA":{"t":"C182"},"2EB":{"t":"C182"},"2EC":{"t":"BE58"},"2ED":{"t":"P28A"},"2EE":{"t":"PA30"},"2F0":{"t":"C188"},"2F1":{"t":"SR22"},"2F2":{"t":"C180"},"2F3":{"t":"PA31"},"2F4":{"t":"C310"},"2F5":{"t":"C404"},"300":{"t":"C172"},"301":{"t":"VJ22"},"302":{"t":"BPAT"},"303":{"t":"C206"},"304":{"t":"C172"},"305":{"t":"PA24"},"306":{"t":"PA25"},"307":{"t":"C182"},"308":{"t":"C210"},"309":{"t":"C182"},"30A":{"t":"C182"},"30B":{"t":"C77R"},"30C":{"t":"C188"},"30D":{"t":"C188"},"30E":{"t":"C172"},"30F":{"t":"RV6"},"310":{"t":"C172"},"311":{"t":"GLAS"},"312":{"t":"C172"},"313":{"t":"P28R"},"314":{"t":"C150"},"315":{"t":"C180"},"316":{"t":"C77R"},"317":{"t":"C172"},"318":{"t":"R22"},"319":{"t":"BE60"},"324":{"t":"C180"},"325":{"t":"TB21"},"326":{"t":"C72R"},"327":{"t":"C180"},"328":{"t":"P28A"},"329":{"t":"P28A"},"32A":{"t":"AS50"},"32B":{"t":"P28A"},"32C":{"t":"PA32"},"32D":{"t":"B06"},"32E":{"t":"P28A"},"32F":{"t":"R44"},"330":{"t":"P28A"},"331":{"t":"P32R"},"332":{"t":"P28A"},"333":{"t":"P28A"},"334":{"t":"PA44"},"335":{"t":"P28A"},"336":{"t":"R44"},"337":{"t":"PA32"},"338":{"t":"PA36"},"339":{"t":"P28A"},"33A":{"t":"P28A"},"33B":{"t":"DA40"},"33C":{"t":"P28A"},"33D":{"t":"PA34"},"348":{"t":"E300"},"349":{"t":"C172"},"34A":{"t":"C210"},"34B":{"t":"RV12"},"34C":{"t":"TOUR"},"34D":{"t":"CJ6"},"34E":{"t":"TOUR"},"34F":{"t":"C206"},"350":{"t":"PA22"},"351":{"t":"PA30"},"352":{"t":"PA30"},"353":{"t":"ZZZZ"},"354":{"t":"C182"},"355":{"t":"C310"},"356":{"t":"B06"},"357":{"t":"YK52"},"358":{"t":"TAIL"},"359":{"t":"PA31"},"35A":{"t":"R66"},"35B":{"t":"P28R"},"35C":{"t":"PA31"},"35D":{"t":"M20P"},"35E":{"t":"R44"},"35F":{"t":"C208"},"360":{"t":"C310"},"361":{"t":"BE58"},"36C":{"t":"AA5"},"36D":{"t":"C207"},"36E":{"t":"PA30"},"36F":{"t":"P28A"},"370":{"t":"AC50"},"371":{"t":"T6"},"372":{"t":"C77R"},"373":{"t":"P28A"},"374":{"t":"R44"},"375":{"t":"C182"},"376":{"t":"PA31"},"377":{"t":"P28A"},"378":{"t":"P28R"},"379":{"t":"T6"},"37A":{"t":"C152"},"37B":{"t":"C182"},"37C":{"t":"GY20"},"37D":{"t":"R22"},"37E":{"t":"C208"},"37F":{"t":"BE20"},"380":{"t":"P28A"},"381":{"t":"P28A"},"382":{"t":"P28A"},"383":{"t":"C177"},"384":{"t":"C172"},"385":{"t":"SS2P"},"390":{"t":"AP32"},"391":{"t":"C182"},"392":{"t":"BE23"},"393":{"t":"P28A"},"394":{"t":"BE35"},"395":{"t":"BE23"},"396":{"t":"C210"},"397":{"t":"C208"},"398":{"t":"P28T"},"399":{"t":"PTMS"},"39A":{"t":"BE23"},"39B":{"t":"BE33"},"39C":{"t":"C210"},"39D":{"t":"C182"},"39E":{"t":"BE33"},"39F":{"t":"BE58"},"3A0":{"t":"C208"},"3A1":{"t":"BALL"},"3A2":{"t":"PA44"},"3A3":{"t":"C180"},"3A4":{"t":"BE35"},"3A5":{"t":"C208"},"3A6":{"t":"R44"},"3A7":{"t":"BE35"},"3A8":{"t":"BE23"},"3A9":{"t":"BE36"},"3B4":{"t":"R22"},"3B5":{"t":"C172"},"3B6":{"t":"C172"},"3B7":{"t":"GLID"},"3B8":{"t":"R44"},"3B9":{"t":"PA34"},"3BA":{"t":"BE24"},"3BB":{"t":"C402"},"3BC":{"t":"DA62"},"3BD":{"t":"M18"},"3BE":{"t":"TAYB"},"3BF":{"t":"PZ04"},"3C0":{"t":"AC11"},"3C1":{"t":"P68"},"3C2":{"t":"R22"},"3C3":{"t":"C206"},"3C4":{"t":"C210"},"3C5":{"t":"S76"},"3C6":{"t":"AC50"},"3C7":{"t":"LA4"},"3C8":{"t":"LA4"},"3C9":{"t":"PL12"},"3CA":{"t":"B47G"},"3CB":{"t":"C182"},"3CC":{"t":"PA31"},"3CD":{"t":"PL12"},"540":{"t":"PA31"},"541":{"t":"PA22"},"542":{"t":"C172"},"543":{"t":"PA22"},"544":{"t":"DH60"},"545":{"t":"BALL"},"546":{"t":"SR22"},"547":{"t":"AS50"},"548":{"t":"B06"},"549":{"t":"BE95"},"54A":{"t":"AS50"},"54B":{"t":"PA38"},"54C":{"t":"P32R"},"54D":{"t":"BK17"},"54E":{"t":"DH60"},"550":{"t":"P28A"},"551":{"t":"C82R"},"552":{"t":"AS50"},"553":{"t":"TAIL"},"554":{"t":"GC1"},"555":{"t":"BALL"},"556":{"t":"PA30"},"557":{"t":"BK17"},"558":{"t":"BK17"},"559":{"t":"AS50"},"564":{"t":"UHEL"},"565":{"t":"RV7"},"566":{"t":"SA75"},"567":{"t":"BD5"},"568":{"t":"C207"},"569":{"t":"C402"},"56A":{"t":"C172"},"56B":{"t":"GLEX"},"56C":{"t":"C206"},"56D":{"t":"C177"},"56E":{"t":"C210"},"56F":{"t":"C210"},"570":{"t":"P28A"},"572":{"t":"GA8"},"573":{"t":"C206"},"574":{"t":"CL60"},"575":{"t":"C206"},"576":{"t":"C206"},"577":{"t":"C207"},"578":{"t":"R44"},"579":{"t":"AT5T"},"57A":{"t":"C207"},"57B":{"t":"GLEX"},"57C":{"t":"R22"},"57D":{"t":"C402"},"588":{"t":"C182"},"589":{"t":"C182"},"58A":{"t":"RV9"},"58B":{"t":"C402"},"58C":{"t":"PA22"},"58D":{"t":"C182"},"58E":{"t":"QIC2"},"58F":{"t":"PA30"},"590":{"t":"C402"},"591":{"t":"S32M"},"592":{"t":"BLKS"},"593":{"t":"ZZZZ"},"594":{"t":"C402"},"596":{"t":"IFUR"},"597":{"t":"CAMP"},"598":{"t":"C82R"},"599":{"t":"GLID"},"59A":{"t":"C182"},"59B":{"t":"C210"},"59C":{"t":"DH87"},"59D":{"t":"C182"},"59E":{"t":"C182"},"59F":{"t":"C82R"},"5A0":{"t":"C206"},"5A1":{"t":"COZY"},"5AC":{"t":"RV7"},"5AD":{"t":"C172"},"5AE":{"t":"C82S"},"5AF":{"t":"M20P"},"5B1":{"t":"T18"},"5B2":{"t":"RV6"},"5B3":{"t":"DH87"},"5B4":{"t":"C188"},"5B6":{"t":"PTS2"},"5B7":{"t":"TNDR"},"5B8":{"t":"EAGX"},"5B9":{"t":"BOLT"},"5BA":{"t":"BALL"},"5BB":{"t":"PTS1"},"5BC":{"t":"M20P"},"5BE":{"t":"GLID"},"5BF":{"t":"C172"},"5C0":{"t":"Y18T"},"5C1":{"t":"BALL"},"5C2":{"t":"C172"},"5C4":{"t":"R22"},"5D0":{"t":"B505"},"5D1":{"t":"J1"},"5D2":{"t":"B212"},"5D3":{"t":"BALL"},"5D4":{"t":"UH1"},"5D5":{"t":"DH82"},"5D6":{"t":"C150"},"5D7":{"t":"AIRD"},"5D8":{"t":"UH1"},"5D9":{"t":"DA40"},"5DB":{"t":"DA40"},"5DC":{"t":"DA40"},"5DD":{"t":"PA22"},"5DE":{"t":"DA40"},"5DF":{"t":"DA40"},"5E0":{"t":"DH82"},"5E1":{"t":"RV7"},"5E2":{"t":"C172"},"5E3":{"t":"FE51"},"5E4":{"t":"DHC1"},"5E5":{"t":"C172"},"5E6":{"t":"DA40"},"5E7":{"t":"DA40"},"5E8":{"t":"C150"},"5E9":{"t":"DA40"},"5F4":{"t":"PA38"},"5F5":{"t":"N320"},"5F6":{"t":"C150"},"5F7":{"t":"BE60"},"5F8":{"t":"C172"},"5F9":{"t":"C182"},"5FA":{"t":"C206"},"5FB":{"t":"C172"},"5FC":{"t":"CRES"},"5FD":{"t":"C172"},"5FE":{"t":"H269"},"5FF":{"t":"P28A"},"600":{"t":"R44"},"601":{"t":"R44"},"602":{"t":"STOR"},"603":{"t":"C172"},"604":{"t":"C172"},"605":{"t":"P28A"},"606":{"t":"RV6"},"607":{"t":"C206"},"608":{"t":"C152"},"609":{"t":"DH60"},"60B":{"t":"PTS2"},"60C":{"t":"P28A"},"60D":{"t":"CAMP"},"618":{"t":"BALL"},"619":{"t":"RV7"},"61A":{"t":"R44"},"61B":{"t":"C172"},"61C":{"t":"C182"},"61D":{"t":"C150"},"61E":{"t":"PIVI"},"61F":{"t":"RV7"},"620":{"t":"ZZZZ"},"622":{"t":"C172"},"623":{"t":"BALL"},"624":{"t":"AC11"},"625":{"t":"DH60"},"626":{"t":"C172"},"627":{"t":"CRUZ"},"628":{"t":"C172"},"629":{"t":"RV7"},"62A":{"t":"C177"},"62B":{"t":"C150"},"62C":{"t":"C150"},"62D":{"t":"C188"},"62E":{"t":"C150"},"62F":{"t":"C172"},"630":{"t":"C182"},"631":{"t":"C172"},"63C":{"t":"B47G"},"63D":{"t":"ZZZZ"},"63E":{"t":"JAB4"},"63F":{"t":"AS50"},"640":{"t":"UH1"},"641":{"t":"UH1"},"642":{"t":"H60"},"643":{"t":"UH1"},"644":{"t":"B06"},"645":{"t":"B407"},"646":{"t":"AS50"},"647":{"t":"AS50"},"648":{"t":"ARCP"},"649":{"t":"AT5T"},"64A":{"t":"YK52"},"64B":{"t":"C177"},"64C":{"t":"R44"},"64E":{"t":"H60"},"64F":{"t":"BE33"},"650":{"t":"ZZZZ"},"651":{"t":"B06"},"652":{"t":"P28A"},"653":{"t":"UH1"},"654":{"t":"BALL"},"655":{"t":"AS50"},"660":{"t":"C180"},"661":{"t":"C170"},"662":{"t":"R22"},"663":{"t":"R44"},"664":{"t":"UH1"},"667":{"t":"GLID"},"668":{"t":"ZZZZ"},"669":{"t":"GLID"},"66B":{"t":"GLID"},"66C":{"t":"GLID"},"66D":{"t":"GLID"},"66E":{"t":"GLID"},"66F":{"t":"GLID"},"670":{"t":"GLID"},"671":{"t":"GLID"},"673":{"t":"GLID"},"674":{"t":"GLID"},"675":{"t":"GLID"},"676":{"t":"GLID"},"677":{"t":"GLID"},"678":{"t":"GLID"},"679":{"t":"GLID"},"684":{"t":"AC6L"},"685":{"t":"EC35"},"686":{"t":"T18"},"687":{"t":"C206"},"688":{"t":"AC50"},"689":{"t":"C310"},"68A":{"t":"LJ35"},"68B":{"t":"C185"},"68C":{"t":"AC50"},"68D":{"t":"C188"},"68F":{"t":"AC50"},"690":{"t":"PC12"},"691":{"t":"AC50"},"692":{"t":"ST75"},"693":{"t":"DA40"},"694":{"t":"C188"},"695":{"t":"AC50"},"696":{"t":"AC50"},"697":{"t":"C185"},"698":{"t":"AC50"},"699":{"t":"AC50"},"69A":{"t":"DH82"},"69B":{"t":"AC50"},"69C":{"t":"AC50"},"6A8":{"t":"GLID"},"6A9":{"t":"AS24 "},"6AA":{"t":"GLID"},"6AB":{"t":"GLID"},"6AC":{"t":"GLID"},"6AD":{"t":"GLID"},"6AE":{"t":"TS1J"},"6AF":{"t":"GLID"},"6B0":{"t":"GLID"},"6B1":{"t":"A139"},"6B2":{"t":"GLID"},"6B3":{"t":"BE58"},"6B4":{"t":"GLID"},"6B5":{"t":"GLID"},"6B6":{"t":"GLID"},"6B7":{"t":"GLID"},"6B8":{"t":"GLID"},"6B9":{"t":"L39"},"6BB":{"t":"GLID"},"6BC":{"t":"GLID"},"6BE":{"t":"GLID"},"6BF":{"t":"GLID"},"6C0":{"t":"GLID"},"6C1":{"t":"GLID"},"6CD":{"t":"SONX"},"6CE":{"t":"DH82"},"6CF":{"t":"A321"},"6D0":{"t":"C172"},"6D1":{"t":"C310"},"6D2":{"t":"ULAC"},"6D4":{"t":"TERR"},"6D6":{"t":"BALL"},"6D7":{"t":"RV12"},"6D8":{"t":"DH60"},"6D9":{"t":"SR22"},"6DB":{"t":"DH60"},"6DD":{"t":"DH82"},"6DF":{"t":"AS50"},"6E0":{"t":"DH60"},"6E1":{"t":"AT5T"},"6E2":{"t":"A321"},"6E3":{"t":"CH2T"},"6E4":{"t":"A321"},"6E5":{"t":"GLID"},"6F0":{"t":"C175"},"6F1":{"t":"P28A"},"6F2":{"t":"PK20"},"6F3":{"t":"C172"},"6F4":{"t":"C206"},"6F5":{"t":"R44"},"6F6":{"t":"C182"},"6F7":{"t":"ULAC"},"6F8":{"t":"DH60"},"6F9":{"t":"R22"},"6FA":{"t":"DH60"},"6FB":{"t":"BE23"},"6FC":{"t":"BE23"},"6FE":{"t":"DH60"},"6FF":{"t":"CH7A"},"701":{"t":"C182"},"702":{"t":"BE24"},"704":{"t":"JAB4"},"705":{"t":"C208"},"706":{"t":"BE77"},"707":{"t":"BE77"},"708":{"t":"P46T"},"709":{"t":"ZZZZ"},"714":{"t":"PA44"},"715":{"t":"PA44"},"716":{"t":"C152"},"717":{"t":"C152"},"718":{"t":"C152"},"719":{"t":"DA40"},"71A":{"t":"PA44"},"71B":{"t":"DA40"},"71C":{"t":"C82R"},"71D":{"t":"DA40"},"71E":{"t":"BALL"},"71F":{"t":"P28A"},"720":{"t":"C206"},"721":{"t":"C152"},"722":{"t":"C152"},"723":{"t":"C152"},"724":{"t":"DA40"},"725":{"t":"DA40"},"726":{"t":"C152"},"727":{"t":"C172"},"728":{"t":"DA40"},"729":{"t":"DA40"},"72A":{"t":"P28A"},"72B":{"t":"C152"},"72C":{"t":"DA40"},"72D":{"t":"C152"},"738":{"t":"B06"},"739":{"t":"B06"},"73A":{"t":"C208"},"73B":{"t":"ZZZZ"},"73C":{"t":"C82R"},"73F":{"t":"EVSS"},"740":{"t":"DH60"},"742":{"t":"CJ1"},"743":{"t":"C208"},"744":{"t":"JAB4"},"745":{"t":"PL2"},"746":{"t":"BL8"},"747":{"t":"C208"},"748":{"t":"C177"},"749":{"t":"C172"},"74A":{"t":"YK55"},"74C":{"t":"P28T"},"74D":{"t":"P28T"},"74E":{"t":"DG40"},"751":{"t":"BALL"},"75C":{"t":"C150"},"75D":{"t":"C150"},"75E":{"t":"BE35"},"75F":{"t":"BALL"},"760":{"t":"C182"},"761":{"t":"C180"},"762":{"t":"BL8"},"763":{"t":"GLEX"},"764":{"t":"C185"},"765":{"t":"BALL"},"766":{"t":"C206"},"767":{"t":"C310"},"768":{"t":"PA31"},"769":{"t":"C210"},"76A":{"t":"BALL"},"76B":{"t":"RV6"},"76C":{"t":"DC3"},"76D":{"t":"ZZZZ"},"76E":{"t":"CH64"},"76F":{"t":"C182"},"770":{"t":"PTS2"},"771":{"t":"C206"},"772":{"t":"PA32"},"773":{"t":"P28A"},"774":{"t":"PA46"},"775":{"t":"C310"},"780":{"t":"F28"},"781":{"t":"F28"},"782":{"t":"F28"},"783":{"t":"F28"},"784":{"t":"AVIN"},"785":{"t":"F28"},"786":{"t":"F28"},"787":{"t":"DH60"},"788":{"t":"RALL"},"789":{"t":"P28A"},"78A":{"t":"P28A"},"78B":{"t":"C182"},"78C":{"t":"P28A"},"78D":{"t":"F28"},"78E":{"t":"C150"},"78F":{"t":"F28"},"790":{"t":"C172"},"791":{"t":"PA30"},"792":{"t":"C152"},"793":{"t":"C150"},"794":{"t":"C172"},"795":{"t":"DH60"},"796":{"t":"F28"},"797":{"t":"TOUR"},"798":{"t":"F28"},"799":{"t":"DH82"},"7A4":{"t":"DH60"},"7A5":{"t":"GA8"},"7A6":{"t":"ST75"},"7A7":{"t":"P28A"},"7A8":{"t":"R44"},"7A9":{"t":"BALL"},"7AA":{"t":"P32R"},"7AB":{"t":"M20P"},"7AC":{"t":"GLID"},"7AD":{"t":"BN2P"},"7AE":{"t":"P28A"},"7AF":{"t":"PTS2"},"7B0":{"t":"C206"},"7B1":{"t":"P28A"},"7B2":{"t":"C182"},"7B3":{"t":"PTS1"},"7B4":{"t":"C206"},"7B5":{"t":"CL60"},"7B6":{"t":"UH1"},"7B7":{"t":"BE20"},"7B8":{"t":"BE20"},"7B9":{"t":"RV4"},"7BA":{"t":"C210"},"7BB":{"t":"C210"},"7BC":{"t":"R22"},"7BD":{"t":"P51"},"7C8":{"t":"C77R"},"7C9":{"t":"DH82"},"7CA":{"t":"ZZZZ"},"7CB":{"t":"R44"},"7CC":{"t":"ST75"},"7CD":{"t":"M20P"},"7CE":{"t":"H269"},"7CF":{"t":"C421"},"7D0":{"t":"C172"},"7D1":{"t":"DH83"},"7D2":{"t":"DH85"},"7D3":{"t":"C172"},"7D4":{"t":"C172"},"7D5":{"t":"T6"},"7D6":{"t":"P28R"},"7D7":{"t":"C172"},"7D8":{"t":"C172"},"7D9":{"t":"T6"},"7DA":{"t":"T6"},"7DB":{"t":"PA32"},"7DC":{"t":"ZZZZ"},"7DD":{"t":"P28A"},"7DE":{"t":"SR22"},"7DF":{"t":"C172"},"7E0":{"t":"JAB4"},"7E1":{"t":"AT3P"},"7EC":{"t":"B47G"},"7ED":{"t":"B06"},"7EE":{"t":"C421"},"7EF":{"t":"DH82"},"7F0":{"t":"DH87"},"7F1":{"t":"B47G"},"7F2":{"t":"B06"},"7F3":{"t":"R22"},"7F4":{"t":"ZZZZ"},"7F5":{"t":"B06"},"7F6":{"t":"BL8"},"7F7":{"t":"B06"},"7F8":{"t":"AS50"},"7F9":{"t":"AS50"},"7FA":{"t":"C182"},"7FB":{"t":"ZZZZ"},"7FC":{"t":"C206"},"7FD":{"t":"FU24"},"7FE":{"t":"B06"},"7FF":{"t":"H269"},"800":{"t":"R44"},"801":{"t":"DH89"},"802":{"t":"P750"},"803":{"t":"R22"},"804":{"t":"B47G"},"805":{"t":"B47J"},"810":{"t":"R22"},"811":{"t":"SW4"},"812":{"t":"C172"},"813":{"t":"SLG2"},"814":{"t":"DH85"},"815":{"t":"AS50"},"816":{"t":"AS50"},"817":{"t":"AS50"},"818":{"t":"AS50"},"81A":{"t":"ZZZZ"},"81B":{"t":"DH85"},"81C":{"t":"RC3"},"81D":{"t":"SW4"},"81E":{"t":"SW4"},"81F":{"t":"P68"},"820":{"t":"SLG2"},"821":{"t":"KL25"},"822":{"t":"DH83"},"823":{"t":"SLG2"},"824":{"t":"AC11"},"825":{"t":"DA40"},"826":{"t":"DH60"},"827":{"t":"DH60"},"828":{"t":"SREY"},"829":{"t":"DH60"},"834":{"t":"AS50"},"835":{"t":"DH82"},"836":{"t":"UH1"},"837":{"t":"DH82"},"838":{"t":"PC12"},"839":{"t":"DH85"},"83A":{"t":"AT50"},"83B":{"t":"ULAC"},"83C":{"t":"DH82"},"83D":{"t":"A320"},"83E":{"t":"A320"},"83F":{"t":"DH83"},"840":{"t":"VENT"},"841":{"t":"C172"},"842":{"t":"A320"},"843":{"t":"A320"},"844":{"t":"A320"},"846":{"t":"C172"},"848":{"t":"R66"},"849":{"t":"DH87"},"84A":{"t":"HOME"},"84B":{"t":"AVIN"},"84D":{"t":"DH82"},"858":{"t":"C172"},"859":{"t":"P28A"},"85A":{"t":"C152"},"85B":{"t":"C172"},"85C":{"t":"RV6"},"85D":{"t":"RV7"},"85E":{"t":"C172"},"85F":{"t":"TS1J"},"860":{"t":"C172"},"864":{"t":"PA46"},"865":{"t":"PTS1"},"866":{"t":"P28A"},"867":{"t":"GLID"},"868":{"t":"RV7"},"869":{"t":"C150"},"86A":{"t":"C150"},"86B":{"t":"AS50"},"86C":{"t":"C182"},"86D":{"t":"B429"},"86E":{"t":"M20P"},"86F":{"t":"C150"},"870":{"t":"BD4"},"87C":{"t":"R22"},"87D":{"t":"JAGR"},"87E":{"t":"DH87"},"87F":{"t":"DH82"},"880":{"t":"HUNT"},"882":{"t":"ZZZZ"},"883":{"t":"R22"},"887":{"t":"RELI"},"888":{"t":"R22"},"88A":{"t":"PA25"},"88B":{"t":"BE17"},"88C":{"t":"R22"},"88D":{"t":"R22"},"88E":{"t":"PROC"},"890":{"t":"R66"},"891":{"t":"BE35"},"892":{"t":"R44"},"893":{"t":"O1"},"894":{"t":"DH87"},"895":{"t":"DH89"},"8A0":{"t":"R44"},"8A1":{"t":"E190"},"8A2":{"t":"E190"},"8A3":{"t":"WACC"},"8A4":{"t":"DH82"},"8A5":{"t":"E190"},"8A6":{"t":"CMAS"},"8A7":{"t":"UH1"},"8A9":{"t":"E190"},"8AA":{"t":"E190"},"8AB":{"t":"TAYL"},"8AC":{"t":"TAYL"},"8AD":{"t":"E190"},"8AE":{"t":"E190"},"8B0":{"t":"DH82"},"8B1":{"t":"E190"},"8B2":{"t":"PA22"},"8B3":{"t":"TAYL"},"8B4":{"t":"E190"},"8B5":{"t":"AEST"},"8B6":{"t":"E190"},"8B7":{"t":"E55P"},"8B8":{"t":"E190"},"8B9":{"t":"E190"},"8C4":{"t":"TRF1"},"8C5":{"t":"DH82"},"8C7":{"t":"SW4"},"8C8":{"t":"C152"},"8CA":{"t":"SW4"},"8CC":{"t":"P208"},"8CD":{"t":"C172"},"8CE":{"t":"C182"},"8CF":{"t":"C152"},"8D0":{"t":"C72R"},"8D1":{"t":"SW4"},"8D2":{"t":"BE58"},"8D3":{"t":"SW4"},"8D5":{"t":"P28A"},"8D6":{"t":"SW4"},"8D7":{"t":"SR20"},"8D8":{"t":"CMAS"},"8D9":{"t":"DH82"},"8DA":{"t":"SW4"},"8DB":{"t":"C303"},"8DC":{"t":"C208"},"8DD":{"t":"BOLT"},"A50":{"t":"B412"},"A51":{"t":"B412"},"A52":{"t":"C206"},"A53":{"t":"BE20"},"A54":{"t":"BE20"},"A55":{"t":"RV7"},"A56":{"t":"RV8"},"A57":{"t":"BE20"},"A58":{"t":"BE20"},"A59":{"t":"R22"},"A5A":{"t":"PA24"},"A5B":{"t":"RV6"},"A5C":{"t":"VAMP"},"A5D":{"t":"RV7"},"A5E":{"t":"B412"},"A5F":{"t":"RV9"},"A60":{"t":"B190"},"A61":{"t":"EXEC"},"A62":{"t":"B412"},"A63":{"t":"PC12"},"A64":{"t":"B412"},"A66":{"t":"GLID"},"A67":{"t":"C172"},"A68":{"t":"RV7"},"A69":{"t":"ZZZZ"},"A74":{"t":"DHC4"},"A75":{"t":"DHC4"},"A76":{"t":"C182"},"A77":{"t":"C337"},"A79":{"t":"T18"},"A7A":{"t":"CH80"},"A7B":{"t":"R44"},"A7C":{"t":"H269"},"A7D":{"t":"ARCP"},"A7E":{"t":"PA44"},"A7F":{"t":"MU2"},"A80":{"t":"BALL"},"A81":{"t":"RV8"},"A82":{"t":"BE35"},"A83":{"t":"PTS1"},"A84":{"t":"AP32"},"A85":{"t":"R22"},"A86":{"t":"BE35"},"A87":{"t":"T28"},"A88":{"t":"C208"},"A89":{"t":"AT8T"},"A8A":{"t":"RV6"},"A8B":{"t":"B06"},"A8C":{"t":"B737"},"A8D":{"t":"B737"},"A98":{"t":"GLAS"},"A99":{"t":"BK17"},"A9A":{"t":"EC20"},"A9B":{"t":"SR22"},"A9C":{"t":"BE55"},"A9D":{"t":"R200"},"A9E":{"t":"RV6"},"A9F":{"t":"R22"},"AA0":{"t":"C152"},"AA1":{"t":"A319"},"AA2":{"t":"C208"},"AA3":{"t":"C182"},"AA4":{"t":"VENT"},"AA5":{"t":"BALL"},"AA6":{"t":"ECHO"},"AA7":{"t":"C182"},"AA8":{"t":"S1"},"AA9":{"t":"DH82"},"AAA":{"t":"GLID"},"AAB":{"t":"BE36"},"AAC":{"t":"B06"},"AAD":{"t":"B407"},"AAE":{"t":"C208"},"AAF":{"t":"VENT"},"AB0":{"t":"C152"},"AB1":{"t":"AS50"},"ABC":{"t":"PA44"},"ABD":{"t":"BE36"},"ABE":{"t":"EN48"},"ABF":{"t":"BE33"},"AC0":{"t":"PA44"},"AC1":{"t":"C550"},"AC2":{"t":"RV9"},"AC3":{"t":"M20P"},"AC4":{"t":"PA44"},"AC5":{"t":"PA44"},"AC6":{"t":"R44"},"AC8":{"t":"RV10"},"AC9":{"t":"P28A"},"ACA":{"t":"AS50"},"ACB":{"t":"C182"},"ACC":{"t":"P28A"},"ACD":{"t":"SR20"},"ACE":{"t":"C150"},"ACF":{"t":"R44"},"AD0":{"t":"BALL"},"AD1":{"t":"RV12"},"AD2":{"t":"RV6"},"AD3":{"t":"P28A"},"AD4":{"t":"RV7"},"AD5":{"t":"B06"},"AE0":{"t":"C404"},"AE1":{"t":"SF34"},"AE2":{"t":"SF34"},"AE3":{"t":"SF34"},"AE4":{"t":"RV6"},"AE5":{"t":"SF34"},"AE6":{"t":"BE58"},"AE7":{"t":"C441"},"AE8":{"t":"ZZZZ"},"AE9":{"t":"C441"},"AEA":{"t":"SW4"},"AEB":{"t":"VELO"},"AEC":{"t":"SF34"},"AED":{"t":"GLID"},"AEE":{"t":"SF34"},"AEF":{"t":"SF34"},"AF1":{"t":"C404"},"AF2":{"t":"C182"},"AF3":{"t":"SW4"},"AF4":{"t":"SW4"},"AF5":{"t":"R44"},"AF6":{"t":"C441"},"AF7":{"t":"GA8"},"AF8":{"t":"C441"},"AF9":{"t":"C441"},"B04":{"t":"PA34"},"B05":{"t":"RV14"},"B06":{"t":"P28A"},"B07":{"t":"A320"},"B08":{"t":"RV9"},"B09":{"t":"A320"},"B0A":{"t":"BALL"},"B0B":{"t":"A320"},"B0C":{"t":"A320"},"B0D":{"t":"A320"},"B0E":{"t":"A320"},"B0F":{"t":"A320"},"B10":{"t":"T6"},"B11":{"t":"A320"},"B12":{"t":"A320"},"B13":{"t":"A320"},"B14":{"t":"A320"},"B15":{"t":"C150"},"B16":{"t":"RV7"},"B17":{"t":"A320"},"B18":{"t":"A320"},"B19":{"t":"A320"},"B1A":{"t":"BALL"},"B1B":{"t":"A320"},"B1C":{"t":"A320"},"B28":{"t":"A320"},"B29":{"t":"RV7"},"B2A":{"t":"C172"},"B2B":{"t":"A320"},"B2C":{"t":"J3"},"B2D":{"t":"A320"},"B2E":{"t":"SR22"},"B2F":{"t":"A320"},"B30":{"t":"A320"},"B31":{"t":"A320"},"B32":{"t":"R22"},"B33":{"t":"AP22"},"B34":{"t":"RV6"},"B35":{"t":"A320"},"B36":{"t":"A320"},"B37":{"t":"A320"},"B38":{"t":"A320"},"B39":{"t":"A320"},"B3A":{"t":"PTS1"},"B3B":{"t":"A320"},"B3C":{"t":"A320"},"B3D":{"t":"A320"},"B3E":{"t":"C180"},"B3F":{"t":"GLEX"},"B40":{"t":"A320"},"B41":{"t":"A320"},"B4C":{"t":"C212"},"B4D":{"t":"C212"},"B4E":{"t":"B06"},"B4F":{"t":"A319"},"B50":{"t":"R22"},"B51":{"t":"RV7"},"B52":{"t":"R44"},"B53":{"t":"R44"},"B54":{"t":"GLID"},"B55":{"t":"S22T"},"B56":{"t":"B105"},"B57":{"t":"B06"},"B58":{"t":"B06"},"B59":{"t":"R44"},"B5A":{"t":"BE55"},"B5B":{"t":"A319"},"B5C":{"t":"R22"},"B5D":{"t":"R44"},"B5E":{"t":"C182"},"B5F":{"t":"C404"},"B60":{"t":"B407"},"B61":{"t":"YK52"},"B62":{"t":"C182"},"B63":{"t":"RV10"},"B64":{"t":"R22"},"B65":{"t":"Z43"},"B70":{"t":"SR22"},"B71":{"t":"ULTS"},"B72":{"t":"R44"},"B73":{"t":"C402"},"B74":{"t":"LNC4"},"B75":{"t":"F28"},"B76":{"t":"C210"},"B77":{"t":"H269"},"B78":{"t":"RV7"},"B79":{"t":"RV3"},"B7A":{"t":"AP32"},"B7B":{"t":"RV6"},"B7C":{"t":"AS50"},"B7D":{"t":"BALL"},"B7E":{"t":"RV10"},"B7F":{"t":"ST75"},"B80":{"t":"P28A"},"B81":{"t":"JSX"},"B82":{"t":"R22"},"B83":{"t":"R22"},"B84":{"t":"C182"},"B85":{"t":"LEG2"},"B86":{"t":"ZZZZ"},"B87":{"t":"RV9"},"B88":{"t":"S22T"},"B89":{"t":"ACAM"},"B94":{"t":"P28A"},"B95":{"t":"EC35"},"B96":{"t":"AEST"},"B97":{"t":"B412"},"B98":{"t":"D228"},"B99":{"t":"B412"},"B9A":{"t":"B06"},"B9B":{"t":"SR20"},"B9C":{"t":"B06"},"B9D":{"t":"D228"},"B9F":{"t":"C441"},"BA0":{"t":"R44"},"BA1":{"t":"D228"},"BA2":{"t":"C560"},"BA3":{"t":"B06"},"BA5":{"t":"C182"},"BA6":{"t":"ZZZZ"},"BA7":{"t":"C560"},"BA8":{"t":"BE20"},"BA9":{"t":"SLG4"},"BAA":{"t":"BE20"},"BAB":{"t":"BE20"},"BAC":{"t":"BE20"},"BAD":{"t":"BE20"},"BB8":{"t":"B788"},"BB9":{"t":"B788"},"BBA":{"t":"GLID"},"BBB":{"t":"B788"},"BBC":{"t":"B788"},"BBD":{"t":"B788"},"BBE":{"t":"B788"},"BBF":{"t":"B788"},"BC0":{"t":"B788"},"BC1":{"t":"B788"},"BC2":{"t":"B788"},"BC3":{"t":"B788"},"BC4":{"t":"R44"},"BC5":{"t":"F28"},"BC6":{"t":"RS21"},"BC7":{"t":"LNCE"},"BC8":{"t":"F28"},"BC9":{"t":"G109"},"BCA":{"t":"P208"},"BCB":{"t":"P208"},"BCC":{"t":"P208"},"BCD":{"t":"P208"},"BCE":{"t":"RBEL"},"BCF":{"t":"E55P"},"BD0":{"t":"RV7"},"BD1":{"t":"SR22"},"BDC":{"t":"C208"},"BDD":{"t":"BALL"},"BDE":{"t":"R44"},"BDF":{"t":"C195"},"BE0":{"t":"C182"},"BE1":{"t":"BOLT"},"BE2":{"t":"P28R"},"BE3":{"t":"SR22"},"BE4":{"t":"B733"},"BE5":{"t":"LJ35"},"BE6":{"t":"R22"},"BE7":{"t":"P28U"},"BE8":{"t":"R22"},"BE9":{"t":"EAGX"},"BEA":{"t":"RF10"},"BEB":{"t":"R44"},"BED":{"t":"R44"},"BEE":{"t":"C210"},"BEF":{"t":"E35L"},"BF0":{"t":"AS50"},"BF1":{"t":"BE36"},"BF2":{"t":"BE58"},"BF3":{"t":"R66"},"BF4":{"t":"RV8"},"BF5":{"t":"CL60"},"C00":{"t":"C182"},"C01":{"t":"M20P"},"C02":{"t":"RV8"},"C03":{"t":"RV7"},"C04":{"t":"P68"},"C05":{"t":"GLID"},"C06":{"t":"PZ04"},"C07":{"t":"C172"},"C08":{"t":"YK52"},"C09":{"t":"R44"},"C0A":{"t":"C82S"},"C0B":{"t":"C172"},"C0C":{"t":"C172"},"C0D":{"t":"C206"},"C0E":{"t":"PA11"},"C0F":{"t":"AP22"},"C10":{"t":"M20P"},"C11":{"t":"C182"},"C12":{"t":"CH7B"},"C13":{"t":"EC20"},"C14":{"t":"GA8"},"C15":{"t":"P68"},"C16":{"t":"AA5"},"C17":{"t":"DA42"},"C18":{"t":"C172"},"C19":{"t":"VENT"},"C24":{"t":"SF34"},"C25":{"t":"A320"},"C26":{"t":"R22"},"C27":{"t":"A320"},"C28":{"t":"RV6"},"C29":{"t":"A320"},"C2A":{"t":"A320"},"C2B":{"t":"A320"},"C2C":{"t":"B26"},"C2D":{"t":"A320"},"C2E":{"t":"AS29"},"C2F":{"t":"AS29"},"C30":{"t":"RV7"},"C31":{"t":"RV9"},"C32":{"t":"A320"},"C33":{"t":"A320"},"C34":{"t":"TWEN"},"C35":{"t":"A320"},"C36":{"t":"RV6"},"C37":{"t":"RV7"},"C38":{"t":"SF34"},"C39":{"t":"B190"},"C3A":{"t":"C185"},"C3B":{"t":"DA42"},"C3C":{"t":"SF34"},"C3D":{"t":"RV7"},"C48":{"t":"C404"},"C49":{"t":"JSX"},"C4A":{"t":"PTS1"},"C4B":{"t":"L39"},"C4C":{"t":"C404"},"C4D":{"t":"R22"},"C4E":{"t":"TS1J"},"C4F":{"t":"B06"},"C50":{"t":"OSCR"},"C51":{"t":"LS8"},"C52":{"t":"B738"},"C53":{"t":"B738"},"C54":{"t":"SR22"},"C55":{"t":"B738"},"C56":{"t":"B738"},"C57":{"t":"B738"},"C58":{"t":"B738"},"C59":{"t":"SLG4"},"C5A":{"t":"B738"},"C5B":{"t":"B407"},"C5C":{"t":"P28A"},"C5D":{"t":"R44"},"C5E":{"t":"AS50"},"C5F":{"t":"AS50"},"C60":{"t":"B738"},"C61":{"t":"B77W"},"C6C":{"t":"RV8"},"C6D":{"t":"LS8"},"C6E":{"t":"BN2P"},"C6F":{"t":"B77W"},"C70":{"t":"B77W"},"C71":{"t":"P28R"},"C72":{"t":"AS31"},"C73":{"t":"B77W"},"C74":{"t":"AT75"},"C75":{"t":"AT75"},"C76":{"t":"SR20"},"C77":{"t":"C441"},"C78":{"t":"C25A"},"C79":{"t":"P28A"},"C7A":{"t":"P28A"},"C7B":{"t":"C172"},"C7C":{"t":"B350"},"C7D":{"t":"CJ6"},"C7E":{"t":"R22"},"C7F":{"t":"VP2"},"C80":{"t":"P28A"},"C81":{"t":"BE35"},"C82":{"t":"BL8"},"C83":{"t":"B350"},"C84":{"t":"C421"},"C85":{"t":"SR22"},"C90":{"t":"A320"},"C91":{"t":"A320"},"C92":{"t":"A320"},"C93":{"t":"BE20"},"C94":{"t":"A320"},"C95":{"t":"A320"},"C96":{"t":"A320"},"C97":{"t":"A320"},"C98":{"t":"A320"},"C99":{"t":"A320"},"C9A":{"t":"A320"},"C9B":{"t":"A320"},"C9C":{"t":"A320"},"C9D":{"t":"A320"},"C9E":{"t":"R22"},"C9F":{"t":"A320"},"CA0":{"t":"A320"},"CA1":{"t":"A320"},"CA2":{"t":"A320"},"CA3":{"t":"A320"},"CA4":{"t":"A320"},"CA5":{"t":"R22"},"CA6":{"t":"A320"},"CA7":{"t":"A320"},"CA8":{"t":"A320"},"CA9":{"t":"A320"},"CB4":{"t":"PA31"},"CB5":{"t":"SKIM"},"CB6":{"t":"UH1"},"CB7":{"t":"EC30"},"CB8":{"t":"RV7"},"CB9":{"t":"RV7"},"CBA":{"t":"DIMO"},"CBB":{"t":"RV9"},"CBC":{"t":"P68"},"CBD":{"t":"M20P"},"CBE":{"t":"R66"},"CBF":{"t":"C560"},"CC1":{"t":"R66"},"CC2":{"t":"RV7"},"CC3":{"t":"BK17"},"CC4":{"t":"BK17"},"CC5":{"t":"RV6"},"CC6":{"t":"R44"},"CC7":{"t":"TOUR"},"CC8":{"t":"RV10"},"CC9":{"t":"RV8"},"CCA":{"t":"R22"},"CCB":{"t":"RV10"},"CCC":{"t":"GLST"},"CCD":{"t":"GLID"},"CD8":{"t":"BE58"},"CD9":{"t":"B505"},"CDA":{"t":"C172"},"CDB":{"t":"C172"},"CDC":{"t":"C172"},"CDD":{"t":"SASP"},"CDE":{"t":"RV9"},"CDF":{"t":"C172"},"CE0":{"t":"JAB4"},"CE1":{"t":"C172"},"CE2":{"t":"GLEX"},"CE3":{"t":"GLID"},"CE4":{"t":"R22"},"CE5":{"t":"PA32"},"CE6":{"t":"B190"},"CE7":{"t":"C172"},"CE8":{"t":"C510"},"CE9":{"t":"RV7"},"CEA":{"t":"PA34"},"CEB":{"t":"RV6"},"CEC":{"t":"C182"},"CED":{"t":"TBM7"},"CEE":{"t":"RV8"},"CEF":{"t":"SR20"},"CF0":{"t":"P32R"},"CF1":{"t":"CL60"},"CFC":{"t":"C172"},"CFD":{"t":"B505"},"CFE":{"t":"M20P"},"CFF":{"t":"C172"},"D00":{"t":"C172"},"D01":{"t":"PC24"},"D02":{"t":"EC20"},"D03":{"t":"C172"},"D04":{"t":"GLID"},"D05":{"t":"C172"},"D06":{"t":"C172"},"D07":{"t":"RV7"},"D08":{"t":"GLID"},"D09":{"t":"AS50"},"D0A":{"t":"B06"},"D0B":{"t":"GLID"},"D0C":{"t":"BE20"},"D0D":{"t":"PA31"},"D0E":{"t":"GLID"},"D0F":{"t":"VENT"},"D10":{"t":"B06"},"D11":{"t":"R22"},"D12":{"t":"GLID"},"D13":{"t":"R44"},"D14":{"t":"AS50"},"D15":{"t":"RV7"},"D20":{"t":"B738"},"D21":{"t":"B738"},"D22":{"t":"B738"},"D23":{"t":"B738"},"D24":{"t":"B738"},"D25":{"t":"B738"},"D26":{"t":"B738"},"D27":{"t":"B738"},"D28":{"t":"B738"},"D29":{"t":"B738"},"D2A":{"t":"B738"},"D2B":{"t":"B738"},"D2C":{"t":"BALL"},"D2D":{"t":"B738"},"D2E":{"t":"B738"},"D2F":{"t":"B738"},"D30":{"t":"B738"},"D31":{"t":"B738"},"D32":{"t":"B738"},"D33":{"t":"B738"},"D34":{"t":"B738"},"D35":{"t":"ZZZZ"},"D36":{"t":"B738"},"D37":{"t":"B738"},"D38":{"t":"B738"},"D39":{"t":"B738"},"D44":{"t":"M20P"},"D45":{"t":"EXEC"},"D46":{"t":"RV6"},"D47":{"t":"RV10"},"D48":{"t":"C152"},"D49":{"t":"RV7"},"D4A":{"t":"M5"},"D4B":{"t":"CA25"},"D4C":{"t":"LJ45"},"D4D":{"t":"C162"},"D4E":{"t":"C340"},"D4F":{"t":"BE36"},"D50":{"t":"RV7"},"D51":{"t":"R66"},"D52":{"t":"C172"},"D53":{"t":"C172"},"D54":{"t":"C150"},"D55":{"t":"RV4"},"D56":{"t":"YK52"},"D57":{"t":"T210"},"D58":{"t":"R66"},"D59":{"t":"M20P"},"D5A":{"t":"R44"},"D5B":{"t":"TRF1"},"D5C":{"t":"R44"},"D5D":{"t":"TOUR"},"D68":{"t":"AS50"},"D69":{"t":"PA32"},"D6A":{"t":"ZZZZ"},"D6B":{"t":"SLG4"},"D6C":{"t":"C152"},"D6D":{"t":"M18"},"D6E":{"t":"BE9L"},"D6F":{"t":"AS50"},"D70":{"t":"RV9"},"D71":{"t":"R44"},"D72":{"t":"DA42"},"D73":{"t":"R44"},"D74":{"t":"RV7"},"D75":{"t":"A321"},"D76":{"t":"PC24"},"D77":{"t":"AS29"},"D78":{"t":"A321"},"D79":{"t":"GLID"},"D7A":{"t":"SONX"},"D7B":{"t":"A321"},"D7C":{"t":"A321"},"D7D":{"t":"GLID"},"D7E":{"t":"A321"},"D7F":{"t":"A321"},"D80":{"t":"A321"},"D81":{"t":"A321"},"D8C":{"t":"B738"},"D8D":{"t":"B738"},"D8E":{"t":"B738"},"D8F":{"t":"B738"},"D90":{"t":"B738"},"D91":{"t":"B738"},"D92":{"t":"B738"},"D93":{"t":"B738"},"D94":{"t":"B738"},"D95":{"t":"B738"},"D96":{"t":"B738"},"D97":{"t":"B738"},"D98":{"t":"B738"},"D99":{"t":"B738"},"D9A":{"t":"B738"},"D9B":{"t":"B738"},"D9C":{"t":"B738"},"D9D":{"t":"B738"},"D9E":{"t":"B738"},"D9F":{"t":"B738"},"DA0":{"t":"B738"},"DB0":{"t":"B738"},"DB1":{"t":"B738"},"DB2":{"t":"B738"},"DB3":{"t":"B738"},"DB4":{"t":"B738"},"DB5":{"t":"B738"},"DB6":{"t":"B738"},"DB7":{"t":"B738"},"DB8":{"t":"B738"},"DB9":{"t":"B738"},"DBA":{"t":"B738"},"DBB":{"t":"B738"},"DC9":{"t":"B738"},"DD4":{"t":"B738"},"DD5":{"t":"B738"},"DD6":{"t":"B738"},"DD7":{"t":"B738"},"DD8":{"t":"B738"},"DD9":{"t":"B738"},"DDA":{"t":"B738"},"DDB":{"t":"B738"},"DDC":{"t":"B738"},"DDD":{"t":"B738"},"DDE":{"t":"B738"},"DDF":{"t":"B738"},"DE0":{"t":"B738"},"DE1":{"t":"BALL"},"DE2":{"t":"B738"},"DE3":{"t":"B738"},"DE4":{"t":"B738"},"DE5":{"t":"B738"},"DE6":{"t":"B738"},"DE7":{"t":"B738"},"DE8":{"t":"B738"},"DE9":{"t":"B738"},"DEA":{"t":"B738"},"DEB":{"t":"B738"},"DEC":{"t":"B738"},"DED":{"t":"B738"},"F60":{"t":"C180"},"F61":{"t":"R22"},"F62":{"t":"C152"},"F63":{"t":"PA31"},"F64":{"t":"P28B"},"F65":{"t":"P28A"},"F66":{"t":"M7"},"F67":{"t":"BK17"},"F68":{"t":"SW4"},"F69":{"t":"SW4"},"F6A":{"t":"AA5"},"F6B":{"t":"C150"},"F6C":{"t":"AC50"},"F6D":{"t":"SS2P"},"F6E":{"t":"P28A"},"F6F":{"t":"DH82"},"F70":{"t":"C172"},"F71":{"t":"R44"},"F72":{"t":"M18"},"F73":{"t":"R22"},"F74":{"t":"TOUR"},"F75":{"t":"C206"},"F76":{"t":"P28A"},"F77":{"t":"SW4"},"F78":{"t":"C207"},"F79":{"t":"J1"},"F84":{"t":"SW4"},"F85":{"t":"C175"},"F86":{"t":"C82R"},"F87":{"t":"PA38"},"F88":{"t":"SS2T"},"F89":{"t":"P28A"},"F8A":{"t":"P28A"},"F8B":{"t":"M20P"},"F8C":{"t":"BALL"},"F8D":{"t":"P28A"},"F8E":{"t":"SS2T"},"F8F":{"t":"D11"},"F90":{"t":"P28B"},"F91":{"t":"PA25"},"F92":{"t":"BE36"},"F93":{"t":"BE36"},"F94":{"t":"SW4"},"F95":{"t":"E110"},"F96":{"t":"M18"},"F97":{"t":"C188"},"F98":{"t":"C188"},"F99":{"t":"SS2T"},"F9A":{"t":"SS2P"},"F9B":{"t":"C172"},"F9C":{"t":"R22"},"F9D":{"t":"C210"},"FA8":{"t":"P28A"},"FA9":{"t":"C182"},"FAA":{"t":"C182"},"FAB":{"t":"ZZZZ"},"FAC":{"t":"SONX"},"FAD":{"t":"B06"},"FAE":{"t":"B06"},"FAF":{"t":"C150"},"FB0":{"t":"C172"},"FB1":{"t":"SLG4"},"FB2":{"t":"R44"},"FB3":{"t":"ACAR"},"FB4":{"t":"C175"},"FB5":{"t":"PA32"},"FB6":{"t":"SASP"},"FB7":{"t":"C210"},"FB8":{"t":"R22"},"FB9":{"t":"DHC1"},"FBA":{"t":"B06"},"FBB":{"t":"CT4"},"FBC":{"t":"B06"},"FBD":{"t":"C180"},"FBE":{"t":"G109"},"FBF":{"t":"R44"},"FC0":{"t":"C172"},"FC1":{"t":"P28A"},"FCC":{"t":"C172"},"FCD":{"t":"R44"},"FCE":{"t":"C182"},"FCF":{"t":"SS2T"},"FD0":{"t":"C208"},"FD1":{"t":"C310"},"FD2":{"t":"AT8T"},"FD3":{"t":"AS50"},"FD4":{"t":"R44"},"FD5":{"t":"AA5"},"FD6":{"t":"M20P"},"FD7":{"t":"R22"},"FD8":{"t":"P28R"},"FD9":{"t":"BE36"},"FDA":{"t":"RV7"},"FDB":{"t":"PA34"},"FDC":{"t":"RV4"},"FDD":{"t":"R44"},"FDE":{"t":"AS50"},"FDF":{"t":"C182"},"FE0":{"t":"P28A"},"FE1":{"t":"BE36"},"FE2":{"t":"BE36"},"FE3":{"t":"C82R"},"FE4":{"t":"BALL"},"FE5":{"t":"C206"},"FF0":{"t":"W201"},"FF1":{"t":"AS50"},"FF2":{"t":"BE76"},"FF3":{"t":"ACAR"},"FF4":{"t":"BE17"},"FF5":{"t":"SV4"},"FF6":{"t":"M7"},"FF7":{"t":"C182"},"FF8":{"t":"BE24"},"FF9":{"t":"A139"},"FFA":{"t":"A139"},"FFB":{"t":"PA22"},"FFC":{"t":"DH82"},"FFD":{"t":"C206"},"FFF":{"t":"R22"}}