{"000":{"t":"A189"},"001":{"t":"PA22"},"002":{"t":"P28A"},"003":{"t":"CRER"},"004":{"t":"BE76"},"005":{"t":"A189"},"006":{"t":"C182"},"007":{"t":"A189"},"008":{"t":"CT4"},"009":{"t":"LGEZ"},"014":{"t":"AC11"},"015":{"t":"J1"},"016":{"t":"CH7B"},"017":{"t":"SR22"},"018":{"t":"C560"},"019":{"t":"R44"},"01A":{"t":"PA22"},"01B":{"t":"DHC1"},"01C":{"t":"C152"},"01D":{"t":"JAB4"},"01E":{"t":"C152"},"01F":{"t":"ST75"},"020":{"t":"AUS6"},"021":{"t":"DH82"},"022":{"t":"C172"},"023":{"t":"H269"},"024":{"t":"C152"},"025":{"t":"C82R"},"026":{"t":"P28A"},"027":{"t":"R22"},"028":{"t":"C172"},"029":{"t":"C152"},"02A":{"t":"DH82"},"02B":{"t":"E300"},"02C":{"t":"L39"},"02D":{"t":"C180"},"038":{"t":"BE35"},"039":{"t":"EVOT"},"03A":{"t":"PA25"},"03B":{"t":"C180"},"03C":{"t":"C180"},"03D":{"t":"PA31"},"03E":{"t":"C210"},"03F":{"t":"C82S"},"040":{"t":"DHC1"},"041":{"t":"ZZZZ"},"042":{"t":"R44"},"043":{"t":"C172"},"044":{"t":"PA32"},"045":{"t":"C180"},"046":{"t":"R44"},"047":{"t":"C206"},"048":{"t":"GLID"},"049":{"t":"R44"},"04A":{"t":"C404"},"04B":{"t":"RV7"},"04C":{"t":"BE58"},"04D":{"t":"R22"},"04E":{"t":"C172"},"04F":{"t":"R22"},"050":{"t":"R22"},"051":{"t":"C172"},"05C":{"t":"P28A"},"05D":{"t":"C172"},"05E":{"t":"RV4"},"05F":{"t":"EC30"},"060":{"t":"PA31"},"061":{"t":"T6"},"062":{"t":"P32R"},"063":{"t":"BE36"},"064":{"t":"C208"},"065":{"t":"BALL"},"066":{"t":"C172"},"067":{"t":"C172"},"068":{"t":"BALL"},"069":{"t":"CH7B"},"06A":{"t":"TOUR"},"06B":{"t":"AS50"},"06C":{"t":"R22"},"06D":{"t":"M18"},"06E":{"t":"AIGT"},"06F":{"t":"PA22"},"070":{"t":"R66"},"071":{"t":"PA44"},"072":{"t":"AS50"},"073":{"t":"R22"},"074":{"t":"P28S"},"075":{"t":"RV7"},"080":{"t":"P28A"},"081":{"t":"C182"},"082":{"t":"C182"},"083":{"t":"GP3"},"084":{"t":"UHEL"},"085":{"t":"RV4"},"086":{"t":"C182"},"087":{"t":"C152"},"088":{"t":"DH82"},"089":{"t":"CA25"},"08A":{"t":"FE51"},"08B":{"t":"P28A"},"08C":{"t":"YK52"},"08D":{"t":"P28R"},"08E":{"t":"F2TH"},"08F":{"t":"C182"},"090":{"t":"TAIL"},"091":{"t":"WIRR"},"092":{"t":"JAB4"},"093":{"t":"C180"},"094":{"t":"CA25"},"095":{"t":"P32R"},"096":{"t":"SREY"},"097":{"t":"P32R"},"098":{"t":"R44"},"099":{"t":"R44"},"0A4":{"t":"PC12"},"0A5":{"t":"SR22"},"0A6":{"t":"C402"},"0A7":{"t":"PA30"},"0A8":{"t":"CA25"},"0A9":{"t":"P28R"},"0AA":{"t":"P28R"},"0AB":{"t":"C182"},"0AC":{"t":"DA42"},"0AD":{"t":"RV6"},"0AE":{"t":"R22"},"0AF":{"t":"C150"},"0B0":{"t":"P28A"},"0B1":{"t":"P28B"},"0B2":{"t":"P28R"},"0B3":{"t":"PA30"},"0B4":{"t":"P28B"},"0B5":{"t":"C188"},"0B6":{"t":"P28A"},"0B7":{"t":"CH25"},"0B8":{"t":"PA27"},"0B9":{"t":"P28T"},"0BA":{"t":"SLG4"},"0BB":{"t":"PA38"},"0BC":{"t":"EC30"},"0BD":{"t":"P28A"},"0C8":{"t":"CAMP"},"0C9":{"t":"C172"},"0CA":{"t":"CH7B"},"0CB":{"t":"B06"},"0CC":{"t":"P28A"},"0CD":{"t":"R22"},"0CE":{"t":"P32T"},"0CF":{"t":"CRER"},"0D0":{"t":"GLID"},"0D1":{"t":"P28B"},"0D2":{"t":"C182"},"0D3":{"t":"C172"},"0D4":{"t":"CH7B"},"0D5":{"t":"C182"},"0D6":{"t":"YK52"},"0D7":{"t":"C182"},"0D8":{"t":"BE36"},"0D9":{"t":"GLID"},"0DA":{"t":"MUS2"},"0DB":{"t":"ZZZZ"},"0DC":{"t":"RV12"},"0DD":{"t":"T18"},"0DE":{"t":"C172"},"0DF":{"t":"R22"},"0E0":{"t":"AIGT"},"0E1":{"t":"R22"},"0EC":{"t":"C152"},"0ED":{"t":"J1"},"0EE":{"t":"BE58"},"0EF":{"t":"HRNT"},"0F0":{"t":"WHIL"},"0F1":{"t":"ZZZZ"},"0F2":{"t":"C172"},"0F3":{"t":"R44"},"0F4":{"t":"R22"},"0F5":{"t":"PA22"},"0F6":{"t":"TOUR"},"0F7":{"t":"P28A"},"0F8":{"t":"H500"},"0F9":{"t":"C182"},"0FA":{"t":"WHIL"},"0FB":{"t":"R22"},"0FC":{"t":"C182"},"0FD":{"t":"C182"},"0FE":{"t":"P32R"},"0FF":{"t":"C172"},"100":{"t":"C172"},"101":{"t":"R44"},"102":{"t":"C185"},"103":{"t":"C182"},"104":{"t":"C172"},"105":{"t":"C182"},"110":{"t":"BE36"},"111":{"t":"BE58"},"112":{"t":"C172"},"113":{"t":"CA25"},"114":{"t":"P46T"},"115":{"t":"CA25"},"116":{"t":"P28A"},"117":{"t":"C172"},"118":{"t":"BE23"},"119":{"t":"P28R"},"11A":{"t":"CA25"},"11B":{"t":"C182"},"11C":{"t":"AC11"},"11D":{"t":"CA25"},"11E":{"t":"P32R"},"11F":{"t":"C210"},"120":{"t":"P32R"},"121":{"t":"P28A"},"122":{"t":"R44"},"123":{"t":"C182"},"124":{"t":"P28R"},"125":{"t":"RV6"},"126":{"t":"AS50"},"127":{"t":"MXS"},"128":{"t":"C525"},"129":{"t":"BE55"},"134":{"t":"BALL"},"135":{"t":"BALL"},"136":{"t":"PA31"},"137":{"t":"BALL"},"138":{"t":"BALL"},"139":{"t":"C172"},"13A":{"t":"C172"},"13B":{"t":"R22"},"13C":{"t":"C210"},"13D":{"t":"C182"},"13E":{"t":"C210"},"13F":{"t":"C180"},"140":{"t":"C177"},"141":{"t":"SS2T"},"142":{"t":"C172"},"143":{"t":"M20T"},"144":{"t":"C172"},"145":{"t":"C182"},"146":{"t":"C150"},"147":{"t":"EXEC"},"148":{"t":"C150"},"149":{"t":"BALL"},"14A":{"t":"C172"},"14B":{"t":"BALL"},"14C":{"t":"M20P"},"14D":{"t":"BALL"},"158":{"t":"CJ6"},"159":{"t":"RV7"},"15A":{"t":"C206"},"15B":{"t":"R44"},"15C":{"t":"A139"},"15D":{"t":"HUSK"},"15E":{"t":"C180"},"15F":{"t":"R44"},"160":{"t":"P28R"},"161":{"t":"C172"},"162":{"t":"AS50"},"163":{"t":"P28A"},"164":{"t":"C172"},"165":{"t":"C182"},"166":{"t":"PA18"},"167":{"t":"AS50"},"168":{"t":"PTMS"},"169":{"t":"BALL"},"16A":{"t":"GA8"},"16B":{"t":"C207"},"16C":{"t":"C207"},"16D":{"t":"PA22"},"16E":{"t":"C172"},"16F":{"t":"C207"},"170":{"t":"C207"},"171":{"t":"BALL"},"17C":{"t":"C182"},"17D":{"t":"P28A"},"17E":{"t":"T206"},"17F":{"t":"NG5"},"180":{"t":"PC12"},"181":{"t":"GA8"},"182":{"t":"C182"},"183":{"t":"PC12"},"184":{"t":"C172"},"185":{"t":"P28B"},"186":{"t":"PA25"},"187":{"t":"C172"},"188":{"t":"AA5"},"189":{"t":"C206"},"18A":{"t":"DHC1"},"18B":{"t":"VENT"},"18C":{"t":"PC12"},"18D":{"t":"C182"},"18E":{"t":"PA25"},"18F":{"t":"AS26"},"190":{"t":"AA5"},"191":{"t":"AA5"},"192":{"t":"POLI"},"193":{"t":"AS65"},"194":{"t":"PC12"},"195":{"t":"AA5"},"1A0":{"t":"BN2P"},"1A1":{"t":"GLID"},"1A2":{"t":"GLID"},"1A3":{"t":"GLID"},"1A5":{"t":"GLID"},"1A6":{"t":"GLID"},"1A7":{"t":"GLID"},"1A8":{"t":"GLID"},"1A9":{"t":"GLID"},"1AA":{"t":"GLID"},"1AB":{"t":"GLID"},"1AC":{"t":"GLID"},"1AD":{"t":"GLID"},"1AF":{"t":"GLID"},"1B0":{"t":"GLID"},"1B1":{"t":"GLID"},"1B2":{"t":"GLID"},"1B3":{"t":"GLID"},"1B4":{"t":"GLID"},"1B5":{"t":"GLID"},"1B6":{"t":"G2T1"},"1B7":{"t":"GLID"},"1B8":{"t":"GLID"},"1B9":{"t":"GLID"},"1C4":{"t":"GA8"},"1C5":{"t":"J1"},"1C6":{"t":"P28A"},"1C7":{"t":"C210"},"1C8":{"t":"C172"},"1C9":{"t":"R44"},"1CA":{"t":"AC50"},"1CB":{"t":"BALL"},"1CC":{"t":"P28U"},"1CD":{"t":"P28A"},"1CE":{"t":"C72R"},"1CF":{"t":"DH82"},"1D0":{"t":"NAVI"},"1D1":{"t":"C172"},"1D2":{"t":"C182"},"1D3":{"t":"C172"},"1D4":{"t":"C152"},"1D5":{"t":"R44"},"1D6":{"t":"C172"},"1D7":{"t":"BE58"},"1D8":{"t":"GA8"},"1D9":{"t":"RV7"},"1DA":{"t":"C182"},"1DB":{"t":"TC2"},"1DC":{"t":"C172"},"1DD":{"t":"C182"},"1E8":{"t":"C172"},"1E9":{"t":"GA8"},"1EA":{"t":"C172"},"1EB":{"t":"C180"},"1EC":{"t":"C77R"},"1ED":{"t":"BE58"},"1EE":{"t":"C182"},"1EF":{"t":"P28A"},"1F0":{"t":"P28A"},"1F1":{"t":"T18"},"1F2":{"t":"C210"},"1F3":{"t":"R44"},"1F4":{"t":"GA8"},"1F5":{"t":"R44"},"1F6":{"t":"R44"},"1F7":{"t":"C172"},"1F8":{"t":"C210"},"1F9":{"t":"R44"},"1FA":{"t":"ZZZZ"},"1FB":{"t":"GA20"},"1FC":{"t":"GA8"},"1FD":{"t":"C152"},"1FE":{"t":"BE55"},"1FF":{"t":"P32R"},"200":{"t":"C82R"},"201":{"t":"R22"},"20C":{"t":"M20P"},"20D":{"t":"M20P"},"20E":{"t":"M20P"},"20F":{"t":"C182"},"210":{"t":"C172"},"211":{"t":"SR22"},"212":{"t":"R44"},"213":{"t":"C182"},"214":{"t":"C182"},"215":{"t":"AT8T"},"216":{"t":"R22"},"217":{"t":"C172"},"218":{"t":"DH82"},"219":{"t":"M20P"},"21A":{"t":"C182"},"21B":{"t":"C182"},"21C":{"t":"C172"},"21D":{"t":"C182"},"21E":{"t":"AS50"},"21F":{"t":"R44"},"220":{"t":"C172"},"221":{"t":"C182"},"222":{"t":"BE36"},"223":{"t":"C210"},"224":{"t":"C208"},"225":{"t":"JAB4"},"230":{"t":"GLID"},"231":{"t":"P28A"},"232":{"t":"GLID"},"233":{"t":"GLID"},"234":{"t":"GLID"},"235":{"t":"GLID"},"236":{"t":"GLID"},"237":{"t":"GLID"},"238":{"t":"GLID"},"23A":{"t":"GLID"},"23B":{"t":"GLID"},"23C":{"t":"GLID"},"23D":{"t":"GLID"},"23E":{"t":"GLID"},"23F":{"t":"GLID"},"240":{"t":"GLID"},"241":{"t":"GLID"},"242":{"t":"GLID"},"243":{"t":"MONI"},"244":{"t":"GLID"},"245":{"t":"GLID"},"246":{"t":"BALL"},"247":{"t":"GLID"},"248":{"t":"GLID"},"249":{"t":"GLID"},"254":{"t":"GLID"},"255":{"t":"C172"},"256":{"t":"GLID"},"257":{"t":"GLID"},"258":{"t":"GLID"},"259":{"t":"GLID"},"25A":{"t":"GLID"},"25B":{"t":"GLID"},"25C":{"t":"GLID"},"25D":{"t":"GLID"},"25E":{"t":"GLID"},"25F":{"t":"PA30"},"260":{"t":"GLID"},"261":{"t":"GLID"},"262":{"t":"GLID"},"263":{"t":"GLID"},"265":{"t":"GLID"},"266":{"t":"GLID"},"267":{"t":"BE36"},"268":{"t":"C182"},"269":{"t":"EC30"},"26A":{"t":"R22"},"26B":{"t":"GLID"},"26C":{"t":"R44"},"26D":{"t":"GLID"},"278":{"t":"T6"},"279":{"t":"C82R"},"27A":{"t":"C337"},"27B":{"t":"C152"},"27C":{"t":"RANG"},"27D":{"t":"FW90"},"27E":{"t":"J1"},"27F":{"t":"C172"},"280":{"t":"P28R"},"281":{"t":"R22"},"282":{"t":"BE35"},"283":{"t":"C172"},"284":{"t":"C152"},"285":{"t":"R22"},"286":{"t":"C150"},"287":{"t":"C150"},"288":{"t":"C150"},"289":{"t":"C150"},"28A":{"t":"C150"},"28B":{"t":"R44"},"28C":{"t":"C150"},"28D":{"t":"C150"},"28E":{"t":"TOBA"},"28F":{"t":"C150"},"290":{"t":"WIRR"},"291":{"t":"C177"},"29C":{"t":"C172"},"29D":{"t":"BE20"},"29E":{"t":"C172"},"29F":{"t":"C182"},"2A0":{"t":"AT5T"},"2A1":{"t":"AT8T"},"2A2":{"t":"BE36"},"2A3":{"t":"AT8T"},"2A4":{"t":"C172"},"2A5":{"t":"C206"},"2A6":{"t":"UHEL"},"2A7":{"t":"C206"},"2A8":{"t":"C182"},"2A9":{"t":"BE20"},"2AA":{"t":"BE20"},"2AB":{"t":"R44"},"2AD":{"t":"C150"},"2AE":{"t":"C150"},"2AF":{"t":"C150"},"2B0":{"t":"C172"},"2B1":{"t":"C172"},"2B2":{"t":"C172"},"2B3":{"t":"C172"},"2B4":{"t":"C182"},"2B5":{"t":"C172"},"2C0":{"t":"C172"},"2C1":{"t":"C172"},"2C2":{"t":"C172"},"2C3":{"t":"C172"},"2C4":{"t":"C172"},"2C5":{"t":"C172"},"2C6":{"t":"R44"},"2C7":{"t":"EC30"},"2C8":{"t":"C172"},"2C9":{"t":"C172"},"2CA":{"t":"R22"},"2CB":{"t":"C172"},"2CC":{"t":"C210"},"2CD":{"t":"C206"},"2CE":{"t":"R44"},"2CF":{"t":"PA11"},"2D0":{"t":"JAB4"},"2D1":{"t":"R44"},"2D2":{"t":"R44"},"2D3":{"t":"RV6"},"2D4":{"t":"R44"},"2D5":{"t":"R44"},"2D6":{"t":"B06"},"2D7":{"t":"WAIX"},"2D8":{"t":"PA31"},"2D9":{"t":"C172"},"2E4":{"t":"BE76"},"2E5":{"t":"BE76"},"2E6":{"t":"R44"},"2E7":{"t":"BN2P"},"2E8":{"t":"CH65"},"2E9":{"t":"R44"},"2EA":{"t":"P68"},"2EB":{"t":"H269"},"2EC":{"t":"AC50"},"2ED":{"t":"C208"},"2EE":{"t":"BN2P"},"2EF":{"t":"PA25"},"2F0":{"t":"C404"},"2F1":{"t":"BE20"},"2F2":{"t":"BE55"},"2F3":{"t":"BN2P"},"2F4":{"t":"AC50"},"2F5":{"t":"BE58"},"2F6":{"t":"PA31"},"2F7":{"t":"BE58"},"2F8":{"t":"R44"},"2F9":{"t":"R22"},"2FA":{"t":"C310"},"2FB":{"t":"C206"},"2FC":{"t":"C208"},"2FD":{"t":"PA31"},"470":{"t":"H500"},"471":{"t":"B06"},"472":{"t":"C182"},"473":{"t":"RV6"},"474":{"t":"B06"},"475":{"t":"CT4"},"476":{"t":"GA20"},"477":{"t":"SM19"},"478":{"t":"BE80"},"479":{"t":"AT8T"},"47A":{"t":"M20P"},"47B":{"t":"T210"},"47C":{"t":"C210"},"47D":{"t":"T6"},"47E":{"t":"BR60"},"47F":{"t":"PL4"},"480":{"t":"PC12"},"481":{"t":"C152"},"482":{"t":"AC50"},"483":{"t":"AT8T"},"484":{"t":"AT8T"},"485":{"t":"AT8T"},"486":{"t":"AT8T"},"487":{"t":"B06"},"488":{"t":"AT8T"},"489":{"t":"H269"},"494":{"t":"RV8"},"495":{"t":"C310"},"496":{"t":"C441"},"497":{"t":"BD4"},"498":{"t":"ZZZZ"},"499":{"t":"C206"},"49B":{"t":"R22"},"49C":{"t":"BALL"},"49D":{"t":"BALL"},"49E":{"t":"PTS2"},"49F":{"t":"CA19"},"4A0":{"t":"C172"},"4A1":{"t":"AS50"},"4A2":{"t":"AS50"},"4A3":{"t":"C550"},"4A4":{"t":"B06"},"4A5":{"t":"B06"},"4A6":{"t":"DHC1"},"4A7":{"t":"R44"},"4A8":{"t":"PA27"},"4A9":{"t":"AS50"},"4AA":{"t":"BE33"},"4AB":{"t":"AS50"},"4AC":{"t":"GLID"},"4AD":{"t":"BE20"},"4B8":{"t":"R22"},"4B9":{"t":"BE20"},"4BA":{"t":"EXEC"},"4BB":{"t":"CJ1"},"4BC":{"t":"AS50"},"4BD":{"t":"BE20"},"4BE":{"t":"LNC4"},"4BF":{"t":"GLID"},"4C0":{"t":"B412"},"4C1":{"t":"C750"},"4C2":{"t":"B412"},"4C3":{"t":"GLID"},"4C4":{"t":"M5"},"4C5":{"t":"B412"},"4C6":{"t":"AS50"},"4C7":{"t":"RV8"},"4C8":{"t":"RF10"},"4C9":{"t":"TS1J"},"4CA":{"t":"PA36"},"4CB":{"t":"LNC2"},"4CC":{"t":"C56X"},"4CD":{"t":"BE55"},"4CE":{"t":"P28A"},"4CF":{"t":"P28R"},"4D0":{"t":"B412"},"4D1":{"t":"COZY"},"4DC":{"t":"C404"},"4DD":{"t":"AS50"},"4DE":{"t":"P28T"},"4DF":{"t":"P28A"},"4E0":{"t":"P28A"},"4E1":{"t":"P28A"},"4E2":{"t":"P28A"},"4E3":{"t":"P28A"},"4E4":{"t":"P28A"},"4E5":{"t":"RV8"},"4E6":{"t":"P28A"},"4E7":{"t":"P28A"},"4E8":{"t":"P28T"},"4EB":{"t":"C404"},"4EC":{"t":"PA44"},"4ED":{"t":"P28A"},"4EE":{"t":"PA44"},"4EF":{"t":"RV6"},"4F0":{"t":"C208"},"4F1":{"t":"BE20"},"4F2":{"t":"BE20"},"4F3":{"t":"M20T"},"4F4":{"t":"B190"},"4F5":{"t":"R44"},"500":{"t":"P28A"},"501":{"t":"P28A"},"502":{"t":"EXEC"},"503":{"t":"B06"},"504":{"t":"RV6"},"505":{"t":"P28A"},"506":{"t":"P28A"},"507":{"t":"P28A"},"508":{"t":"P28A"},"509":{"t":"P28A"},"50A":{"t":"P28A"},"50B":{"t":"PA44"},"50C":{"t":"PA44"},"50D":{"t":"BALL"},"50E":{"t":"EXNG"},"50F":{"t":"SLG4"},"511":{"t":"UHEL"},"512":{"t":"SR22"},"513":{"t":"L29"},"514":{"t":"EUPA"},"515":{"t":"EC30"},"516":{"t":"UHEL"},"517":{"t":"R44"},"518":{"t":"PTS1"},"519":{"t":"LGEZ"},"524":{"t":"J3"},"525":{"t":"BALL"},"526":{"t":"A332"},"527":{"t":"A332"},"528":{"t":"A332"},"529":{"t":"GLID"},"52A":{"t":"A332"},"52B":{"t":"A332"},"52C":{"t":"TRF1"},"52D":{"t":"A332"},"52E":{"t":"E300"},"52F":{"t":"E190"},"530":{"t":"E190"},"531":{"t":"B407"},"532":{"t":"PTS2"},"533":{"t":"DH8A"},"534":{"t":"DH8A"},"535":{"t":"CT4"},"536":{"t":"BE36"},"537":{"t":"DH8A"},"538":{"t":"DH8A"},"539":{"t":"DH8C"},"53A":{"t":"DH8C"},"53B":{"t":"DH8C"},"53C":{"t":"P28A"},"53D":{"t":"DH8C"},"548":{"t":"GA8"},"549":{"t":"C152"},"54A":{"t":"AS50"},"54B":{"t":"C206"},"54C":{"t":"DIMO"},"54D":{"t":"BE58"},"54E":{"t":"GLID"},"54F":{"t":"C340"},"550":{"t":"GA20"},"551":{"t":"C210"},"552":{"t":"GLID"},"553":{"t":"PA31"},"554":{"t":"C210"},"555":{"t":"P28A"},"556":{"t":"GLID"},"557":{"t":"GP4"},"558":{"t":"GLEX"},"559":{"t":"SR22"},"55A":{"t":"RV6"},"55B":{"t":"C210"},"55D":{"t":"BE20"},"55E":{"t":"PA31"},"55F":{"t":"PA31"},"560":{"t":"GA10"},"561":{"t":"NOMA"},"56C":{"t":"AEST"},"56D":{"t":"R44"},"56E":{"t":"GLID"},"56F":{"t":"SLG2"},"570":{"t":"P28A"},"571":{"t":"AS65"},"572":{"t":"RV6"},"573":{"t":"HUNT"},"574":{"t":"C206"},"575":{"t":"H60"},"576":{"t":"R22"},"577":{"t":"S76"},"578":{"t":"PTS1"},"579":{"t":"DA42"},"57A":{"t":"E300"},"57B":{"t":"ULAC"},"57D":{"t":"C82R"},"57E":{"t":"C172"},"57F":{"t":"BE76"},"581":{"t":"GA8"},"582":{"t":"CT4"},"583":{"t":"R22"},"584":{"t":"GLID"},"585":{"t":"DFLY"},"590":{"t":"A139"},"591":{"t":"A139"},"592":{"t":"R44"},"593":{"t":"P32T"},"594":{"t":"RV7"},"595":{"t":"GLID"},"596":{"t":"MG15"},"597":{"t":"A139"},"598":{"t":"PTS1"},"599":{"t":"A139"},"59A":{"t":"BL11"},"59B":{"t":"A139"},"59C":{"t":"RF10"},"59D":{"t":"C210"},"59E":{"t":"RV10"},"59F":{"t":"SONX"},"5A1":{"t":"A139"},"5A2":{"t":"RV6"},"5A3":{"t":"BALL"},"5A4":{"t":"A139"},"5A5":{"t":"RV14"},"5A6":{"t":"A139"},"5A7":{"t":"R44"},"5A8":{"t":"PTS1"},"5B4":{"t":"R22"},"5B5":{"t":"GLID"},"5B6":{"t":"DG40"},"5B7":{"t":"DG40"},"5B8":{"t":"A320"},"5B9":{"t":"GLID"},"5BA":{"t":"AS24 "},"5BB":{"t":"RF10"},"5BC":{"t":"GLID"},"5BD":{"t":"GLID"},"5BE":{"t":"B06"},"5BF":{"t":"RV7"},"5C0":{"t":"MONI"},"5C1":{"t":"B06"},"5C2":{"t":"GLID"},"5C3":{"t":"C172"},"5C4":{"t":"B06"},"5C5":{"t":"GLID"},"5C6":{"t":"GLID"},"5C7":{"t":"GLID"},"5C8":{"t":"GLID"},"5C9":{"t":"GLID"},"5CA":{"t":"GLID"},"5CB":{"t":"SF25"},"5CC":{"t":"GLID"},"5CD":{"t":"DG40"},"5D8":{"t":"AUS6"},"5D9":{"t":"AS26"},"5DA":{"t":"UHEL"},"5DB":{"t":"GLID"},"5DC":{"t":"GLID"},"5DD":{"t":"FOX"},"5DE":{"t":"RV6"},"5DF":{"t":"B06"},"5E0":{"t":"DH8C"},"5E1":{"t":"DH8C"},"5E2":{"t":"EC30"},"5E3":{"t":"C152"},"5E4":{"t":"F100"},"5E5":{"t":"F100"},"5E7":{"t":"AVTR"},"5E9":{"t":"S52"},"5EA":{"t":"P32R"},"5EB":{"t":"ZZZZ"},"5ED":{"t":"P28A"},"5EE":{"t":"E300"},"5EF":{"t":"P28A"},"5F0":{"t":"B06"},"5F1":{"t":"Y18T"},"5FC":{"t":"RV7"},"5FD":{"t":"PA31"},"5FE":{"t":"P750"},"5FF":{"t":"RV10"},"600":{"t":"C172"},"601":{"t":"C208"},"602":{"t":"GLID"},"603":{"t":"XL2"},"604":{"t":"P68"},"605":{"t":"EUPA"},"606":{"t":"C650"},"607":{"t":"R22"},"608":{"t":"AS50"},"609":{"t":"C180"},"60A":{"t":"C172"},"60B":{"t":"GLID"},"60C":{"t":"RV7"},"60D":{"t":"C172"},"60E":{"t":"C560"},"60F":{"t":"C172"},"610":{"t":"PA24"},"611":{"t":"C208"},"612":{"t":"C82R"},"613":{"t":"R22"},"614":{"t":"XL2"},"615":{"t":"XL2"},"620":{"t":"C310"},"621":{"t":"B733"},"622":{"t":"PA31"},"623":{"t":"C441"},"624":{"t":"T18"},"625":{"t":"C152"},"626":{"t":"C441"},"627":{"t":"GA10"},"628":{"t":"P28A"},"629":{"t":"C441"},"62A":{"t":"P32T"},"62B":{"t":"B733"},"62C":{"t":"PA31"},"62D":{"t":"CRES"},"62E":{"t":"B733"},"62F":{"t":"R44"},"631":{"t":"B733"},"632":{"t":"C72R"},"633":{"t":"BALL"},"635":{"t":"EC35"},"636":{"t":"RV6"},"637":{"t":"LGEZ"},"638":{"t":"BALL"},"639":{"t":"ULAC"},"644":{"t":"T6"},"645":{"t":"ZZZZ"},"646":{"t":"CL60"},"647":{"t":"CL60"},"648":{"t":"CL60"},"649":{"t":"CL60"},"64A":{"t":"F28"},"64B":{"t":"B734"},"64F":{"t":"R22"},"650":{"t":"ZZZZ"},"651":{"t":"GA8"},"652":{"t":"RF10"},"654":{"t":"GA8"},"655":{"t":"A109"},"656":{"t":"XNOS"},"657":{"t":"R44"},"658":{"t":"B733"},"65A":{"t":"GLID"},"65B":{"t":"R44"},"65C":{"t":"GLID"},"65D":{"t":"T6"},"668":{"t":"GLID"},"669":{"t":"GLID"},"66A":{"t":"GLID"},"66B":{"t":"GLID"},"66C":{"t":"SF27"},"66D":{"t":"GLID"},"66E":{"t":"GLID"},"66F":{"t":"GLID"},"670":{"t":"PK20"},"671":{"t":"GLID"},"672":{"t":"GLID"},"673":{"t":"GLID"},"674":{"t":"GLID"},"675":{"t":"DG50"},"676":{"t":"DIMO"},"677":{"t":"GLID"},"678":{"t":"GLID"},"679":{"t":"GLID"},"67A":{"t":"RF4"},"67B":{"t":"GLID"},"67C":{"t":"GLID"},"67D":{"t":"DIMO"},"67E":{"t":"GLID"},"67F":{"t":"RV6"},"680":{"t":"GLID"},"681":{"t":"NIMB"},"68C":{"t":"RV7"},"68D":{"t":"AT8T"},"68E":{"t":"C172"},"68F":{"t":"RV7"},"690":{"t":"C172"},"691":{"t":"PA14"},"692":{"t":"C152"},"693":{"t":"C172"},"694":{"t":"C172"},"695":{"t":"BE33"},"696":{"t":"C172"},"697":{"t":"R44"},"698":{"t":"AS31"},"699":{"t":"AT50"},"69A":{"t":"BALL"},"69B":{"t":"DA40"},"69C":{"t":"ZZZZ"},"69D":{"t":"C177"},"69E":{"t":"PTSS"},"69F":{"t":"M20P"},"6A1":{"t":"RV4"},"6A2":{"t":"RV7"},"6A3":{"t":"RV7"},"6A4":{"t":"R22"},"6A5":{"t":"C172"},"6B0":{"t":"DG50"},"6B1":{"t":"GLID"},"6B2":{"t":"GLID"},"6B3":{"t":"GLID"},"6B4":{"t":"GLID"},"6B5":{"t":"JAB4"},"6B6":{"t":"G109"},"6B7":{"t":"GLID"},"6B8":{"t":"GLID"},"6B9":{"t":"B06"},"6BA":{"t":"DG50"},"6BB":{"t":"L13S"},"6BC":{"t":"DISC"},"6BD":{"t":"GLID"},"6BE":{"t":"GLID"},"6BF":{"t":"GLID"},"6C0":{"t":"RV14"},"6C1":{"t":"GLID"},"6C2":{"t":"GLID"},"6C3":{"t":"GLID"},"6C5":{"t":"GLID"},"6C6":{"t":"GLID"},"6C7":{"t":"G109"},"6C8":{"t":"GLID"},"6C9":{"t":"GLID"},"6D4":{"t":"B105"},"6D5":{"t":"E300"},"6D6":{"t":"RV7"},"6D7":{"t":"AEST"},"6D8":{"t":"C208"},"6D9":{"t":"B105"},"6DA":{"t":"B105"},"6DB":{"t":"C172"},"6DC":{"t":"B105"},"6DD":{"t":"C182"},"6DF":{"t":"R44"},"6E0":{"t":"RV10"},"6E1":{"t":"UHEL"},"6E2":{"t":"YK52"},"6E3":{"t":"RV7"},"6E4":{"t":"B105"},"6E5":{"t":"SR22"},"6E6":{"t":"SA30"},"6E7":{"t":"RV10"},"6E8":{"t":"B105"},"6E9":{"t":"RV6"},"6EA":{"t":"ZZZZ"},"6EB":{"t":"B105"},"6EC":{"t":"PTS1"},"6ED":{"t":"SR20"},"6F8":{"t":"T6"},"6F9":{"t":"P28A"},"6FA":{"t":"PTS2"},"6FB":{"t":"EUPA"},"6FC":{"t":"EUPA"},"6FD":{"t":"G202"},"6FE":{"t":"RODS"},"6FF":{"t":"EUPA"},"700":{"t":"EUPA"},"701":{"t":"A320"},"702":{"t":"ZZZZ"},"703":{"t":"BALL"},"704":{"t":"BE55"},"705":{"t":"P28A"},"706":{"t":"R44"},"707":{"t":"C172"},"708":{"t":"B427"},"709":{"t":"C152"},"70A":{"t":"C182"},"70B":{"t":"RV8"},"70C":{"t":"YK52"},"70D":{"t":"EC30"},"70E":{"t":"SEAW"},"70F":{"t":"BALL"},"710":{"t":"BE58"},"711":{"t":"YK55"},"71C":{"t":"C337"},"71D":{"t":"BALL"},"71E":{"t":"LGEZ"},"71F":{"t":"YK52"},"720":{"t":"RV10"},"721":{"t":"B47G"},"722":{"t":"GC1"},"723":{"t":"ZZZZ"},"724":{"t":"O1"},"725":{"t":"C150"},"726":{"t":"GLID"},"727":{"t":"RV7"},"728":{"t":"DIMO"},"729":{"t":"DV20"},"72A":{"t":"DFLY"},"72B":{"t":"C172"},"72C":{"t":"BALL"},"72D":{"t":"E300"},"72E":{"t":"SR22"},"72F":{"t":"G103"},"730":{"t":"COL3"},"731":{"t":"R44"},"732":{"t":"BE33"},"733":{"t":"C182"},"734":{"t":"H269"},"735":{"t":"LEG2"},"740":{"t":"E120"},"741":{"t":"E120"},"742":{"t":"E120"},"743":{"t":"E120"},"744":{"t":"E120"},"745":{"t":"E120"},"746":{"t":"A320"},"747":{"t":"FUSI"},"748":{"t":"C172"},"749":{"t":"ZZZZ"},"74A":{"t":"RV4"},"74B":{"t":"B505"},"74C":{"t":"A109"},"74F":{"t":"BALL"},"752":{"t":"T34P"},"753":{"t":"S10S"},"754":{"t":"AP22"},"755":{"t":"EC35"},"756":{"t":"EC35"},"757":{"t":"B06"},"758":{"t":"EC35"},"764":{"t":"A37"},"765":{"t":"O1"},"766":{"t":"SR22"},"768":{"t":"BDOG"},"76A":{"t":"RV10"},"76B":{"t":"RV9"},"76C":{"t":"SPIT"},"770":{"t":"R22"},"771":{"t":"O1"},"773":{"t":"LNC4"},"774":{"t":"E190"},"775":{"t":"RV10"},"777":{"t":"S10S"},"779":{"t":"TOUR"},"77A":{"t":"ZZZZ"},"77B":{"t":"C172"},"77C":{"t":"R44"},"77D":{"t":"R44"},"788":{"t":"C172"},"789":{"t":"GLID"},"78A":{"t":"BK17"},"78B":{"t":"EC30"},"78C":{"t":"SPIT"},"78D":{"t":"C172"},"78E":{"t":"RODS"},"78F":{"t":"AT8T"},"790":{"t":"RV7"},"793":{"t":"DH82"},"794":{"t":"F100"},"795":{"t":"F100"},"796":{"t":"F100"},"797":{"t":"F100"},"798":{"t":"F100"},"799":{"t":"F100"},"79A":{"t":"F100"},"79B":{"t":"F100"},"79D":{"t":"ULAC"},"79E":{"t":"SREY"},"79F":{"t":"B06"},"7A0":{"t":"R44"},"7A1":{"t":"R44"},"7AC":{"t":"GLID"},"7AD":{"t":"CJ6"},"7AE":{"t":"PA38"},"7AF":{"t":"CA25"},"7B0":{"t":"CA25"},"7B1":{"t":"NIMB"},"7B2":{"t":"G202"},"7B3":{"t":"T6"},"7B4":{"t":"C210"},"7B5":{"t":"B06"},"7B6":{"t":"CJ6"},"7B7":{"t":"MUS2"},"7B8":{"t":"AS50"},"7B9":{"t":"BE77"},"7BA":{"t":"C172"},"7BB":{"t":"C182"},"7BC":{"t":"B06"},"7BD":{"t":"EC20"},"7BE":{"t":"RV7"},"7BF":{"t":"C310"},"7C0":{"t":"AS50"},"7C1":{"t":"CA25"},"7C2":{"t":"AS50"},"7C4":{"t":"R200"},"7C5":{"t":"C172"},"7D0":{"t":"RV4"},"7D1":{"t":"TOBA"},"7D2":{"t":"TOBA"},"7D3":{"t":"TOBA"},"7D4":{"t":"TOBA"},"7D5":{"t":"TOBA"},"7D6":{"t":"TOBA"},"7D7":{"t":"TOBA"},"7D8":{"t":"TOBA"},"7D9":{"t":"BE20"},"7DA":{"t":"Y18T"},"7DB":{"t":"TS1J"},"7DC":{"t":"PA11"},"7DD":{"t":"TWST"},"7DE":{"t":"BE20"},"7DF":{"t":"BALL"},"7E0":{"t":"BALL"},"7E2":{"t":"SREY"},"7E3":{"t":"BALL"},"7E7":{"t":"CH7A"},"7E8":{"t":"GLID"},"7E9":{"t":"C182"},"7F4":{"t":"B738"},"7F5":{"t":"B738"},"7F6":{"t":"B738"},"7F7":{"t":"B738"},"7F8":{"t":"B738"},"7F9":{"t":"B738"},"7FA":{"t":"B738"},"7FB":{"t":"B738"},"7FC":{"t":"B738"},"7FD":{"t":"B738"},"7FE":{"t":"B738"},"7FF":{"t":"B738"},"800":{"t":"B738"},"801":{"t":"B738"},"802":{"t":"B738"},"803":{"t":"B738"},"80B":{"t":"BE55"},"80C":{"t":"RV8"},"80D":{"t":"AS25"},"980":{"t":"YK52"},"981":{"t":"CT4"},"982":{"t":"AT5T"},"983":{"t":"PISI"},"984":{"t":"YK52"},"985":{"t":"YK52"},"986":{"t":"AT5T"},"987":{"t":"RV7"},"988":{"t":"GLEX"},"989":{"t":"YK52"},"98A":{"t":"Y18T"},"98B":{"t":"YK50"},"98C":{"t":"B06"},"98D":{"t":"CP10"},"98E":{"t":"CP10"},"98F":{"t":"O1"},"990":{"t":"YK54"},"991":{"t":"B06"},"992":{"t":"AS50"},"993":{"t":"BK17"},"994":{"t":"YK52"},"995":{"t":"YK52"},"996":{"t":"B06"},"997":{"t":"YK50"},"998":{"t":"YK50"},"999":{"t":"Y18T"},"9A4":{"t":"GA8"},"9A5":{"t":"B06"},"9A6":{"t":"B14A"},"9A7":{"t":"CT4"},"9A8":{"t":"AS25"},"9A9":{"t":"A139"},"9AA":{"t":"A139"},"9AB":{"t":"R22"},"9AC":{"t":"R44"},"9AE":{"t":"AS26"},"9AF":{"t":"R44"},"9B0":{"t":"R44"},"9B1":{"t":"F8L"},"9B2":{"t":"B06"},"9B3":{"t":"BE36"},"9B4":{"t":"DA42"},"9B5":{"t":"DA42"},"9B6":{"t":"DA42"},"9B7":{"t":"DA42"},"9B8":{"t":"DA42"},"9B9":{"t":"DA42"},"9BA":{"t":"DA42"},"9BB":{"t":"DA42"},"9BC":{"t":"C140"},"9BD":{"t":"YK52"},"9C8":{"t":"J3"},"9C9":{"t":"CT4"},"9CA":{"t":"CT4"},"9CB":{"t":"CT4"},"9CC":{"t":"EAGL"},"9CD":{"t":"CT4"},"9CE":{"t":"RV8"},"9CF":{"t":"CT4"},"9D0":{"t":"SV4"},"9D1":{"t":"CT4"},"9D2":{"t":"CT4"},"9D3":{"t":"CT4"},"9D4":{"t":"CT4"},"9D5":{"t":"CT4"},"9D6":{"t":"CT4"},"9D7":{"t":"CT4"},"9D8":{"t":"CT4"},"9D9":{"t":"CT4"},"9DA":{"t":"CT4"},"9DB":{"t":"CT4"},"9DC":{"t":"CT4"},"9DD":{"t":"CT4"},"9DE":{"t":"CT4"},"9DF":{"t":"CT4"},"9E0":{"t":"R22"},"9E1":{"t":"RV8"},"9EC":{"t":"S22T"},"9ED":{"t":"YK52"},"9EE":{"t":"BE58"},"9EF":{"t":"BE36"},"9F0":{"t":"R22"},"9F1":{"t":"ST75"},"9F2":{"t":"BE36"},"9F4":{"t":"GLST"},"9F5":{"t":"R44"},"9F6":{"t":"R44"},"9F7":{"t":"R44"},"9F8":{"t":"SR22"},"9F9":{"t":"PC12"},"9FA":{"t":"R44"},"9FB":{"t":"C182"},"9FC":{"t":"PC12"},"9FD":{"t":"PC12"},"9FE":{"t":"AT8T"},"9FF":{"t":"JAB4"},"A00":{"t":"R44"},"A01":{"t":"BE33"},"A02":{"t":"C182"},"A03":{"t":"R44"},"A04":{"t":"R44"},"A05":{"t":"DA42"},"A10":{"t":"AEST"},"A11":{"t":"R22"},"A12":{"t":"B06"},"A13":{"t":"C185"},"A14":{"t":"M20P"},"A15":{"t":"C210"},"A16":{"t":"E120"},"A17":{"t":"YK52"},"A18":{"t":"E120"},"A1A":{"t":"YK52"},"A1B":{"t":"SA75"},"A1C":{"t":"SREY"},"A1D":{"t":"BE36"},"A1E":{"t":"R44"},"A1F":{"t":"B47G"},"A20":{"t":"NG5"},"A21":{"t":"PA24"},"A22":{"t":"SREY"},"A23":{"t":"C210"},"A24":{"t":"AS55"},"A25":{"t":"YK55"},"A26":{"t":"C182"},"A27":{"t":"SONX"},"A28":{"t":"YK52"},"A29":{"t":"P28A"},"A34":{"t":"AS29"},"A35":{"t":"FB1A"},"A36":{"t":"B738"},"A37":{"t":"C441"},"A38":{"t":"B738"},"A39":{"t":"B738"},"A3A":{"t":"B738"},"A3B":{"t":"B738"},"A3C":{"t":"B738"},"A3D":{"t":"B738"},"A3E":{"t":"B738"},"A3F":{"t":"B738"},"A40":{"t":"LNC4"},"A41":{"t":"B738"},"A42":{"t":"YK52"},"A43":{"t":"B738"},"A44":{"t":"B738"},"A45":{"t":"B738"},"A46":{"t":"B738"},"A47":{"t":"B738"},"A48":{"t":"B738"},"A49":{"t":"B738"},"A4A":{"t":"B738"},"A4B":{"t":"B738"},"A4C":{"t":"B738"},"A4D":{"t":"B738"},"A58":{"t":"C172"},"A59":{"t":"R44"},"A5A":{"t":"YK52"},"A5B":{"t":"CJ6"},"A5C":{"t":"CJ6"},"A5D":{"t":"C172"},"A5E":{"t":"C206"},"A5F":{"t":"PTS1"},"A60":{"t":"C172"},"A61":{"t":"ZZZZ"},"A62":{"t":"YK52"},"A63":{"t":"NIMB"},"A64":{"t":"BE36"},"A65":{"t":"C172"},"A66":{"t":"C72R"},"A67":{"t":"C172"},"A68":{"t":"C172"},"A69":{"t":"YK52"},"A6A":{"t":"TRDO"},"A6B":{"t":"TB20"},"A6C":{"t":"C172"},"A6D":{"t":"YK52"},"A6E":{"t":"C172"},"A6F":{"t":"G202"},"A70":{"t":"RV8"},"A71":{"t":"C172"},"A7C":{"t":"Y18T"},"A7D":{"t":"SF25"},"A7E":{"t":"RV7"},"A7F":{"t":"M5"},"A80":{"t":"TOBA"},"A81":{"t":"A139"},"A82":{"t":"PA32"},"A83":{"t":"DA40"},"A84":{"t":"R22"},"A85":{"t":"C172"},"A86":{"t":"GLID"},"A87":{"t":"DA40"},"A88":{"t":"DA40"},"A89":{"t":"EAGX"},"A8A":{"t":"BALL"},"A8B":{"t":"DA40"},"A8C":{"t":"AS50"},"A8D":{"t":"C150"},"A8E":{"t":"EC30"},"A8F":{"t":"C172"},"A90":{"t":"C172"},"A91":{"t":"C441"},"A92":{"t":"C180"},"A93":{"t":"C172"},"A94":{"t":"C152"},"A95":{"t":"C172"},"AA0":{"t":"B738"},"AA1":{"t":"B738"},"AA2":{"t":"BE55"},"AA3":{"t":"B738"},"AA4":{"t":"B738"},"AA5":{"t":"B738"},"AA6":{"t":"B738"},"AA7":{"t":"B738"},"AA8":{"t":"PTS2"},"AA9":{"t":"B738"},"AAA":{"t":"YK52"},"AAB":{"t":"B738"},"AAC":{"t":"B738"},"AAD":{"t":"C172"},"AAE":{"t":"B738"},"AAF":{"t":"ZZZZ"},"AB0":{"t":"B738"},"AB1":{"t":"B738"},"AB2":{"t":"B738"},"AB3":{"t":"B738"},"AB4":{"t":"B738"},"AB5":{"t":"B738"},"AB6":{"t":"B738"},"AB7":{"t":"YAK9"},"AB8":{"t":"B738"},"AB9":{"t":"B738"},"AC4":{"t":"AC6L"},"AC5":{"t":"AS50"},"AC6":{"t":"AC50"},"AC7":{"t":"R44"},"AC8":{"t":"AC50"},"AC9":{"t":"C172"},"ACA":{"t":"AC90"},"ACB":{"t":"C172"},"ACC":{"t":"AC50"},"ACD":{"t":"AC50"},"ACE":{"t":"C172"},"ACF":{"t":"AC50"},"AD0":{"t":"AC50"},"AD1":{"t":"PUP"},"AD2":{"t":"AC50"},"AD3":{"t":"DA40"},"AD5":{"t":"AC50"},"AD6":{"t":"AC50"},"AD7":{"t":"GLID"},"AD8":{"t":"AC50"},"ADB":{"t":"SR22"},"ADD":{"t":"BE55"},"AE8":{"t":"YK55"},"AE9":{"t":"DA42"},"AEA":{"t":"R22"},"AEB":{"t":"DV20"},"AEC":{"t":"AT5T"},"AED":{"t":"DV20"},"AEE":{"t":"PC12"},"AEF":{"t":"DA40"},"AF0":{"t":"DA40"},"AF1":{"t":"DV20"},"AF2":{"t":"YK52"},"AF3":{"t":"YK50"},"AF4":{"t":"C182"},"AF5":{"t":"YK50"},"AF6":{"t":"YK52"},"AF7":{"t":"DA40"},"AF8":{"t":"DA40"},"AF9":{"t":"SR22"},"AFA":{"t":"WACC"},"AFB":{"t":"RV7"},"AFC":{"t":"DA42"},"AFD":{"t":"Y18T"},"AFE":{"t":"YK52"},"AFF":{"t":"WACC"},"B00":{"t":"RV8"},"B01":{"t":"SRAI"},"B0C":{"t":"SR22"},"B0D":{"t":"RV6"},"B0E":{"t":"RV6"},"B0F":{"t":"CJ1"},"B10":{"t":"COY2"},"B11":{"t":"G202"},"B12":{"t":"YK52"},"B13":{"t":"R44"},"B14":{"t":"AC11"},"B15":{"t":"M5"},"B16":{"t":"SPIT"},"B17":{"t":"BE36"},"B18":{"t":"R22"},"B19":{"t":"RV9"},"B1A":{"t":"CP10"},"B1B":{"t":"PA18"},"B1D":{"t":"M5"},"B1E":{"t":"P210"},"B1F":{"t":"RV7"},"B20":{"t":"C182"},"B21":{"t":"BE36"},"B22":{"t":"PA14"},"B23":{"t":"RV7"},"B24":{"t":"R22"},"B25":{"t":"RV6"},"B30":{"t":"R44"},"B31":{"t":"M20T"},"B32":{"t":"R44"},"B33":{"t":"R44"},"B34":{"t":"C185"},"B35":{"t":"WACF"},"B36":{"t":"RV7"},"B37":{"t":"C180"},"B38":{"t":"SR22"},"B39":{"t":"R44"},"B3A":{"t":"PC9"},"B3B":{"t":"C162"},"B3C":{"t":"R44"},"B3D":{"t":"R44"},"B3E":{"t":"RV4"},"B3F":{"t":"PTS1"},"B40":{"t":"SR22"},"B41":{"t":"YK52"},"B42":{"t":"R22"},"B43":{"t":"M7"},"B44":{"t":"R22"},"B45":{"t":"C208"},"B46":{"t":"GLID"},"B47":{"t":"RODS"},"B48":{"t":"R22"},"B49":{"t":"R22"},"B54":{"t":"DA40"},"B55":{"t":"DV20"},"B56":{"t":"DA40"},"B57":{"t":"ST75"},"B58":{"t":"C525"},"B59":{"t":"PA14"},"B5A":{"t":"DA40"},"B5B":{"t":"DA40"},"B5C":{"t":"DA40"},"B5D":{"t":"DA40"},"B5E":{"t":"DA40"},"B5F":{"t":"DA40"},"B60":{"t":"DA40"},"B61":{"t":"DA40"},"B62":{"t":"YK52"},"B63":{"t":"DA40"},"B64":{"t":"DA40"},"B65":{"t":"DA40"},"B66":{"t":"R44"},"B67":{"t":"AN2"},"B68":{"t":"B733"},"B69":{"t":"DA40"},"B6A":{"t":"DA40"},"B6B":{"t":"AA1"},"B6C":{"t":"R44"},"B6D":{"t":"NG5"},"B78":{"t":"C172"},"B79":{"t":"G202"},"B7A":{"t":"R22"},"B7B":{"t":"RV7"},"B7C":{"t":"R44"},"B7D":{"t":"C172"},"B7E":{"t":"GY80"},"B7F":{"t":"RV7"},"B80":{"t":"C172"},"B81":{"t":"C172"},"B82":{"t":"YK52"},"B83":{"t":"R22"},"B84":{"t":"VELO"},"B85":{"t":"B105"},"B86":{"t":"EXEC"},"B87":{"t":"C172"},"B88":{"t":"C172"},"B89":{"t":"RV12"},"B8A":{"t":"AS50"},"B8B":{"t":"RV12"},"B8C":{"t":"R22"},"B8D":{"t":"YAK3"},"B8E":{"t":"WACF"},"B8F":{"t":"C172"},"B90":{"t":"RV6"},"B91":{"t":"RV7"},"B9C":{"t":"B47G"},"B9D":{"t":"C182"},"B9E":{"t":"ZZZZ"},"B9F":{"t":"SWAK"},"BA0":{"t":"R22"},"BA1":{"t":"DA40"},"BA2":{"t":"DA40"},"BA3":{"t":"DA40"},"BA4":{"t":"BALL"},"BA5":{"t":"DA40"},"BA6":{"t":"BALL"},"BA7":{"t":"SF25"},"BA8":{"t":"C172"},"BA9":{"t":"DA40"},"BAA":{"t":"BALL"},"BAB":{"t":"C150"},"BAC":{"t":"DA40"},"BAD":{"t":"DA40"},"BAE":{"t":"R22"},"BAF":{"t":"RV6"},"BB0":{"t":"SASP"},"BB1":{"t":"ACAR"},"BB2":{"t":"GLID"},"BB3":{"t":"ZZZZ"},"BB4":{"t":"R22"},"BB5":{"t":"ZZZZ"},"BC0":{"t":"ZZZZ"},"BC1":{"t":"B412"},"BC2":{"t":"B412"},"BC3":{"t":"C152"},"BC4":{"t":"C152"},"BC5":{"t":"B412"},"BC6":{"t":"B738"},"BC7":{"t":"B738"},"BC8":{"t":"B412"},"BC9":{"t":"PC12"},"BCA":{"t":"B412"},"BCB":{"t":"B412"},"BCC":{"t":"B738"},"BCE":{"t":"B738"},"BCF":{"t":"DA42"},"BD0":{"t":"WACF"},"BD1":{"t":"B738"},"BD2":{"t":"B712"},"BD3":{"t":"B712"},"BD4":{"t":"B712"},"BD5":{"t":"B712"},"BD6":{"t":"B712"},"BD7":{"t":"B712"},"BD8":{"t":"B712"},"BE4":{"t":"C182"},"BE5":{"t":"WACF"},"BE6":{"t":"R22"},"BE7":{"t":"AEST"},"BE8":{"t":"C172"},"BE9":{"t":"RV8"},"BEA":{"t":"C82R"},"BEB":{"t":"SR22"},"BED":{"t":"M20T"},"BEE":{"t":"C421"},"BEF":{"t":"B58T"},"BF0":{"t":"R22"},"BF1":{"t":"UHEL"},"BF2":{"t":"YK52"},"BF3":{"t":"SR22"},"BF4":{"t":"C172"},"BF5":{"t":"C206"},"BF6":{"t":"EXEC"},"BF7":{"t":"RV12"},"BF8":{"t":"R44"},"BF9":{"t":"RV4"},"BFA":{"t":"YK52"},"BFB":{"t":"SF34"},"BFC":{"t":"AT8T"},"C08":{"t":"PA34"},"C09":{"t":"RV6"},"C0A":{"t":"PA34"},"C0B":{"t":"R22"},"C0C":{"t":"R66"},"C0D":{"t":"BALL"},"C0E":{"t":"R22"},"C0F":{"t":"SR22"},"C10":{"t":"PA34"},"C11":{"t":"PA34"},"C12":{"t":"C172"},"C13":{"t":"R44"},"C14":{"t":"ST75"},"C15":{"t":"PA34"},"C16":{"t":"B190"},"C17":{"t":"PA34"},"C18":{"t":"PA34"},"C19":{"t":"R44"},"C1A":{"t":"BE58"},"C1B":{"t":"ST75"},"C1C":{"t":"BALL"},"C1D":{"t":"RV7"},"C1E":{"t":"RV10"},"C1F":{"t":"SONX"},"C20":{"t":"ST75"},"C21":{"t":"YK52"},"C2C":{"t":"P28S"},"C2D":{"t":"DA40"},"C2E":{"t":"TOBA"},"C2F":{"t":"TOBA"},"C30":{"t":"DA40"},"C31":{"t":"TOBA"},"C32":{"t":"DA40"},"C33":{"t":"DA40"},"C34":{"t":"DA40"},"C35":{"t":"DA40"},"C36":{"t":"DA40"},"C37":{"t":"DA40"},"C38":{"t":"R44"},"C39":{"t":"TOBA"},"C3A":{"t":"AP22"},"C3B":{"t":"TOBA"},"C3C":{"t":"TOBA"},"C3D":{"t":"DA40"},"C3E":{"t":"DA40"},"C3F":{"t":"EC20"},"C40":{"t":"DA40"},"C41":{"t":"DA40"},"C42":{"t":"DA40"},"C43":{"t":"DA40"},"C44":{"t":"C182"},"C45":{"t":"DA40"},"C50":{"t":"PA27"},"C51":{"t":"C172"},"C52":{"t":"YK52"},"C53":{"t":"A320"},"C54":{"t":"NG5"},"C55":{"t":"G2GL"},"C56":{"t":"AS55"},"C57":{"t":"C172"},"C58":{"t":"C172"},"C59":{"t":"C172"},"C5A":{"t":"YK55"},"C5B":{"t":"C560"},"C5C":{"t":"CJ6"},"C5D":{"t":"C172"},"C5E":{"t":"C172"},"C5F":{"t":"PA18"},"C60":{"t":"AS55"},"C61":{"t":"AS55"},"C62":{"t":"C172"},"C63":{"t":"J1"},"C64":{"t":"NG5"},"C65":{"t":"NG5"},"C66":{"t":"NG5"},"C67":{"t":"BU31"},"C68":{"t":"RV6"},"C69":{"t":"B427"},"C74":{"t":"B738"},"C75":{"t":"R44"},"C76":{"t":"B738"},"C77":{"t":"B738"},"C78":{"t":"M22"},"C79":{"t":"NG5"},"C7A":{"t":"BE20"},"C7B":{"t":"R22"},"C7C":{"t":"T6"},"C7D":{"t":"PTS1"},"C7E":{"t":"YK52"},"C7F":{"t":"BEAR"},"C80":{"t":"AS50"},"C81":{"t":"NG5"},"C82":{"t":"YK50"},"C83":{"t":"NG5"},"C84":{"t":"AP32"},"C85":{"t":"NG5"},"C86":{"t":"Y18T"},"C87":{"t":"R22"},"C88":{"t":"NG5"},"C89":{"t":"CT4"},"C8A":{"t":"NIMB"},"C8B":{"t":"R22"},"C8C":{"t":"RV14"},"C8D":{"t":"NG5"},"C98":{"t":"B738"},"C99":{"t":"ZZZZ"},"C9A":{"t":"C150"},"C9B":{"t":"B738"},"C9C":{"t":"B738"},"C9D":{"t":"DA40"},"C9E":{"t":"RV9"},"C9F":{"t":"AT43"},"CA0":{"t":"DA40"},"CA1":{"t":"H269"},"CA2":{"t":"NG5"},"CA3":{"t":"R22"},"CA4":{"t":"NG5"},"CA5":{"t":"NG5"},"CA6":{"t":"SR22"},"CA7":{"t":"AP32"},"CA8":{"t":"DA40"},"CA9":{"t":"DA40"},"CAA":{"t":"C525"},"CAB":{"t":"R44"},"CAD":{"t":"AT75"},"CAE":{"t":"C206"},"CAF":{"t":"AT43"},"CB0":{"t":"HOME"},"CBC":{"t":"BE58"},"CBE":{"t":"RV7"},"CBF":{"t":"C172"},"CC0":{"t":"EXEC"},"CC1":{"t":"A139"},"CC2":{"t":"A139"},"CC3":{"t":"A139"},"CC4":{"t":"A139"},"CC5":{"t":"A139"},"CC6":{"t":"A139"},"CC7":{"t":"XL2"},"CC8":{"t":"GLID"},"CC9":{"t":"E300"},"CCA":{"t":"YK52"},"CCB":{"t":"EXPR"},"CCC":{"t":"A320"},"CCD":{"t":"A139"},"CCE":{"t":"A320"},"CCF":{"t":"A320"},"CD0":{"t":"A320"},"CD1":{"t":"A320"},"CD2":{"t":"A320"},"CD3":{"t":"AS50"},"CD4":{"t":"BALL"},"CD5":{"t":"C172"},"CE0":{"t":"YK52"},"CE1":{"t":"YK52"},"CE2":{"t":"YK52"},"CE3":{"t":"YK52"},"CE4":{"t":"R22"},"CE5":{"t":"R44"},"CE6":{"t":"R44"},"CE7":{"t":"C182"},"CE8":{"t":"DH82"},"CE9":{"t":"R66"},"CEA":{"t":"YK52"},"CEB":{"t":"R44"},"CEC":{"t":"R22"},"CED":{"t":"PP3"},"CEE":{"t":"R22"},"CEF":{"t":"R22"},"CF0":{"t":"C185"},"CF1":{"t":"RV7"},"CF2":{"t":"SR22"},"CF3":{"t":"S22T"},"CF4":{"t":"PTS2"},"CF5":{"t":"R44"},"CF6":{"t":"B06"},"CF7":{"t":"C172"},"CF8":{"t":"M20P"},"CF9":{"t":"Y18T"},"D04":{"t":"AT5T"},"D05":{"t":"JPRO"},"D06":{"t":"S22T"},"D07":{"t":"R44"},"D08":{"t":"RV14"},"D09":{"t":"B350"},"D0A":{"t":"T210"},"D0B":{"t":"B350"},"D0C":{"t":"RV14"},"D0D":{"t":"B350"},"D0E":{"t":"R22"},"D0F":{"t":"R44"},"D10":{"t":"R44"},"D11":{"t":"B350"},"D12":{"t":"R22"},"D13":{"t":"H269"},"D15":{"t":"SS2T"},"D16":{"t":"R22"},"D17":{"t":"TS1J"},"D18":{"t":"PA44"},"D19":{"t":"PA44"},"D1A":{"t":"PA44"},"D1B":{"t":"CH64"},"D1C":{"t":"C182"},"D1D":{"t":"TBM7"},"E90":{"t":"SF27"},"E91":{"t":"DUOD"},"E92":{"t":"C210"},"E93":{"t":"PK20"},"E94":{"t":"GLID"},"E95":{"t":"GLID"},"E96":{"t":"GLID"},"E97":{"t":"R44"},"E98":{"t":"GLID"},"E99":{"t":"GLID"},"E9A":{"t":"G109"},"E9B":{"t":"R44"},"E9C":{"t":"DG60"},"E9D":{"t":"RF10"},"E9E":{"t":"RF10"},"E9F":{"t":"C188"},"EA0":{"t":"BALL"},"EA1":{"t":"DISC"},"EA2":{"t":"GLID"},"EA3":{"t":"AS50"},"EA4":{"t":"BALL"},"EA5":{"t":"JANU"},"EA6":{"t":"GLID"},"EA7":{"t":"S10S"},"EA8":{"t":"GLID"},"EA9":{"t":"DHC1"},"EB4":{"t":"GLID"},"EB5":{"t":"B06"},"EB6":{"t":"GLID"},"EB7":{"t":"BE36"},"EB8":{"t":"S32M"},"EB9":{"t":"RF10"},"EBA":{"t":"GLID"},"EBB":{"t":"R22"},"EBC":{"t":"AT8T"},"EBD":{"t":"R44"},"EBE":{"t":"GLID"},"EBF":{"t":"GLID"},"EC0":{"t":"R44"},"EC1":{"t":"RF10"},"EC2":{"t":"J3"},"EC3":{"t":"C140"},"EC4":{"t":"AS50"},"EC5":{"t":"SF25"},"EC6":{"t":"NIMB"},"EC7":{"t":"G109"},"EC8":{"t":"R44"},"EC9":{"t":"NIMB"},"ECA":{"t":"VENT"},"ECB":{"t":"ARCP"},"ECC":{"t":"NIMB"},"ECD":{"t":"BE33"},"ED8":{"t":"CH7B"},"ED9":{"t":"CH7B"},"EDA":{"t":"GLST"},"EDB":{"t":"SR20"},"EDC":{"t":"C182"},"EDD":{"t":"A109"},"EDE":{"t":"GLST"},"EDF":{"t":"C182"},"EE0":{"t":"BE20"},"EE1":{"t":"BE20"},"EE2":{"t":"C172"},"EE3":{"t":"AE45"},"EE4":{"t":"DHC1"},"EE5":{"t":"BE20"},"EE6":{"t":"BE20"},"EE7":{"t":"PTS2"},"EE9":{"t":"BE20"},"EEA":{"t":"SR22"},"EEB":{"t":"CT4"},"EEC":{"t":"C182"},"EED":{"t":"C182"},"EEE":{"t":"C182"},"EEF":{"t":"BE20"},"EF0":{"t":"BE20"},"EF1":{"t":"RV6"},"EFC":{"t":"DHC2"},"EFD":{"t":"RV7"},"EFE":{"t":"P28A"},"EFF":{"t":"DIMO"},"F00":{"t":"L8"},"F01":{"t":"C414"},"F02":{"t":"GLID"},"F03":{"t":"R44"},"F04":{"t":"B06"},"F05":{"t":"PA46"},"F06":{"t":"G202"},"F07":{"t":"RV9"},"F08":{"t":"AS50"},"F09":{"t":"AP32"},"F0A":{"t":"C172"},"F0B":{"t":"R44"},"F0C":{"t":"PA14"},"F0D":{"t":"C172"},"F0E":{"t":"TS1J"},"F0F":{"t":"B06"},"F10":{"t":"C172"},"F11":{"t":"C172"},"F12":{"t":"GLID"},"F13":{"t":"C172"},"F14":{"t":"SR22"},"F15":{"t":"GLID"},"F20":{"t":"CH2T"},"F21":{"t":"CH2T"},"F22":{"t":"EC35"},"F23":{"t":"AT8T"},"F24":{"t":"RV7"},"F25":{"t":"C172"},"F26":{"t":"RV10"},"F27":{"t":"C172"},"F28":{"t":"ZZZZ"},"F29":{"t":"C172"},"F2A":{"t":"C680"},"F2B":{"t":"SR20"},"F2C":{"t":"G164"},"F2D":{"t":"SS2T"},"F2E":{"t":"P337"},"F2F":{"t":"BALL"},"F30":{"t":"C172"},"F31":{"t":"C172"},"F32":{"t":"C172"},"F33":{"t":"C206"},"F34":{"t":"C206"},"F35":{"t":"C337"},"F36":{"t":"C172"},"F37":{"t":"Y18T"},"F38":{"t":"C172"},"F39":{"t":"C152"},"F44":{"t":"SR20"},"F45":{"t":"C182"},"F46":{"t":"C182"},"F47":{"t":"C172"},"F48":{"t":"C172"},"F49":{"t":"R22"},"F4A":{"t":"ZZZZ"},"F4B":{"t":"C172"},"F4C":{"t":"C172"},"F4D":{"t":"S76"},"F4E":{"t":"EC25"},"F4F":{"t":"R22"},"F50":{"t":"A139"},"F51":{"t":"A139"},"F52":{"t":"C172"},"F53":{"t":"A139"},"F54":{"t":"C172"},"F55":{"t":"TRF1"},"F56":{"t":"C172"},"F57":{"t":"BL8"},"F58":{"t":"C172"},"F59":{"t":"A139"},"F5A":{"t":"C172"},"F5B":{"t":"P28A"},"F5C":{"t":"P28A"},"F5D":{"t":"C172"},"F68":{"t":"S22T"},"F69":{"t":"PTS1"},"F6A":{"t":"P32R"},"F6B":{"t":"BE20"},"F6C":{"t":"DG80"},"F6D":{"t":"R44"},"F6E":{"t":"R44"},"F6F":{"t":"EC35"},"F70":{"t":"C172"},"F71":{"t":"RV8"},"F72":{"t":"R44"},"F73":{"t":"JAB4"},"F74":{"t":"P28T"},"F75":{"t":"R22"},"F76":{"t":"RV7"},"F77":{"t":"EC35"},"F78":{"t":"AP22"},"F79":{"t":"GLID"},"F7A":{"t":"R22"},"F7B":{"t":"R44"},"F7C":{"t":"C172"},"F7D":{"t":"C182"},"F7E":{"t":"R44"},"F7F":{"t":"SW3"},"F80":{"t":"R44"},"F81":{"t":"EC35"},"F8C":{"t":"C172"},"F8D":{"t":"C172"},"F8E":{"t":"C172"},"F8F":{"t":"C182"},"F90":{"t":"PA44"},"F91":{"t":"R44"},"F92":{"t":"AS50"},"F93":{"t":"C172"},"F95":{"t":"C172"},"F96":{"t":"PITA"},"F97":{"t":"ARCP"},"F98":{"t":"AS50"},"F99":{"t":"PISI"},"F9A":{"t":"ZZZZ"},"F9B":{"t":"B06"},"F9C":{"t":"C172"},"F9D":{"t":"R22"},"F9E":{"t":"AS50"},"F9F":{"t":"C172"},"FA0":{"t":"C172"},"FA1":{"t":"R22"},"FA2":{"t":"AS50"},"FA3":{"t":"ZZZZ"},"FA4":{"t":"HUSK"},"FA5":{"t":"PA27"},"FB0":{"t":"AA5"},"FB1":{"t":"G115"},"FB2":{"t":"RV7"},"FB3":{"t":"C210"},"FB4":{"t":"C172"},"FB5":{"t":"PA14"},"FB6":{"t":"AVID"},"FB7":{"t":"C310"},"FB8":{"t":"GLID"},"FB9":{"t":"G115"},"FBA":{"t":"C210"},"FBB":{"t":"G115"},"FBC":{"t":"G115"},"FBD":{"t":"AT8T"},"FBE":{"t":"C210"},"FBF":{"t":"WISP"},"FC0":{"t":"C172"},"FC1":{"t":"G115"},"FC2":{"t":"DH82"},"FC3":{"t":"ZZZZ"},"FC4":{"t":"DA42"},"FC5":{"t":"G115"},"FC6":{"t":"DA42"},"FC7":{"t":"RV6"},"FC8":{"t":"C25A"},"FC9":{"t":"DHC1"},"FD4":{"t":"C172"},"FD5":{"t":"C182"},"FD6":{"t":"DG40"},"FD7":{"t":"C182"},"FD8":{"t":"E135"},"FD9":{"t":"C172"},"FDA":{"t":"E135"},"FDB":{"t":"C172"},"FDC":{"t":"C172"},"FDD":{"t":"C188"},"FDE":{"t":"ULAC"},"FDF":{"t":"C182"},"FE0":{"t":"RV10"},"FE1":{"t":"DISC"},"FE2":{"t":"C172"},"FE3":{"t":"AS50"},"FE4":{"t":"C172"},"FE5":{"t":"LNC2"},"FE6":{"t":"SF34"},"FE7":{"t":"GLID"},"FE8":{"t":"C172"},"FE9":{"t":"C182"},"FEA":{"t":"BE36"},"FEB":{"t":"C172"},"FEC":{"t":"C172"},"FED":{"t":"AT8T"},"FF8":{"t":"C208"},"FF9":{"t":"BALL"},"FFA":{"t":"F260"},"FFB":{"t":"CH80"},"FFC":{"t":"GLID"},"FFD":{"t":"DHC6"},"FFE":{"t":"C208"},"FFF":{"t":"GLID"}}