{"00008":{"r":"VT-ESM","t":"B744"},"0000B":{"r":"VT-ESN","t":"B744"},"0000C":{"r":"VT-ESO","t":"B744"},"00013":{"r":"VT-ESP","t":"B744"},"00050":{"r":"VT-EVA","t":"B744"},"0005A":{"r":"VT-EVB","t":"B744"},"000CC":{"r":"VT-JCD","t":"AT75"},"000CF":{"r":"VT-SLK","t":"BE9L"},"00119":{"r":"VT-EYA","t":"A320"},"0011B":{"r":"VT-EYC","t":"A320"},"0011F":{"r":"VT-SAQ","t":"CRJ2"},"00120":{"r":"VT-SAR","t":"CRJ2"},"00121":{"r":"VT-SAS","t":"CRJ2"},"0012D":{"r":"VT-DHA","t":"GLEX"},"00140":{"r":"VT-TBT","t":"F2TH"},"00142":{"r":"VT-SFL","t":"BE9L"},"00147":{"r":"VT-EYF","t":"A320"},"00148":{"r":"VT-EYG","t":"A320"},"0014A":{"r":"VT-EYI","t":"A320"},"0015E":{"r":"VT-JGG","t":"B738"},"00160":{"r":"VT-EYJ","t":"A320"},"00165":{"r":"VT-AIL","t":"B772"},"00166":{"r":"VT-AIJ","t":"B772"},"00167":{"r":"VT-AIK","t":"B772"},"0017D":{"r":"VT-AIP","t":"A310"},"0017E":{"r":"VT-KFA","t":"A320"},"00180":{"r":"VT-KFC","t":"A320"},"0018B":{"r":"VT-JWB","t":"A343"},"001B2":{"r":"VT-AXF","t":"B738"},"001B3":{"r":"VT-AXG","t":"B738"},"001C9":{"r":"VT-JWD","t":"A332"},"001CE":{"r":"VT-JGT","t":"B738"},"001CF":{"r":"VT-JGU","t":"B738"},"001D0":{"r":"VT-JGV","t":"B738"},"001D1":{"r":"VT-JGW","t":"B738"},"001F2":{"r":"VT-BDK","t":"B752"},"00365":{"r":"VT-SMI","t":"GLF5"},"0036F":{"r":"VT-KFL","t":"A320"},"00373":{"r":"VT-SCF","t":"A319"},"0037F":{"r":"VT-JWE","t":"A332"},"00380":{"r":"VT-JEA","t":"B77W"},"00381":{"r":"VT-JEB","t":"B77W"},"00382":{"r":"VT-JEC","t":"B77W"},"00386":{"r":"VT-JEG","t":"B77W"},"00387":{"r":"VT-JEH","t":"B77W"},"00388":{"r":"VT-JEJ","t":"B773"},"00389":{"r":"VT-JEK","t":"B77W"},"00392":{"r":"VT-ALA","t":"B77L"},"00393":{"r":"VT-ALB","t":"B77L"},"00394":{"r":"VT-ALC","t":"B77L"},"00396":{"r":"VT-AXI","t":"B738"},"0039B":{"r":"VT-KFQ","t":"A321"},"003A5":{"r":"VT-VJM","t":"A319"},"003A8":{"r":"VT-HGL","t":"F2TH"},"003B0":{"r":"VT-AXJ","t":"B738"},"003B8":{"r":"VT-JWF","t":"A332"},"003B9":{"r":"VT-JWG","t":"A332"},"003BA":{"r":"VT-JWH","t":"A332"},"003D6":{"r":"VT-INJ","t":"A320"},"003E2":{"r":"VT-ALJ","t":"B77W"},"003E3":{"r":"VT-ALK","t":"B77W"},"003E4":{"r":"VT-ALL","t":"B77W"},"003E5":{"r":"VT-PPB","t":"A321"},"003E6":{"r":"VT-PPD","t":"A321"},"003E9":{"r":"VT-KFS","t":"A321"},"003F0":{"r":"VT-AXQ","t":"B738"},"003F2":{"r":"VT-AXT","t":"B738"},"003F3":{"r":"VT-AXU","t":"B738"},"003FF":{"r":"VT-DLF","t":"GLF4"},"00400":{"r":"VT-SCG","t":"A319"},"00401":{"r":"VT-SCH","t":"A319"},"00404":{"r":"VT-SBK","t":"F900"},"0040B":{"r":"VT-JBB","t":"B738"},"0040D":{"r":"VT-JBD","t":"B738"},"00411":{"r":"VT-SCI","t":"A319"},"00412":{"r":"VT-SCJ","t":"A319"},"00413":{"r":"VT-SCK","t":"A319"},"00414":{"r":"VT-PPE","t":"A321"},"0041B":{"r":"VT-ALD","t":"B77L"},"0041C":{"r":"VT-ALE","t":"B77L"},"00429":{"r":"VT-IAH","t":"A319"},"00438":{"r":"VT-JWJ","t":"A332"},"00439":{"r":"VT-JWK","t":"A332"},"0043A":{"r":"VT-JWL","t":"A332"},"0043B":{"r":"VT-JWM","t":"A332"},"0043C":{"r":"VT-JWN","t":"A332"},"0043D":{"r":"VT-JWP","t":"A332"},"0043E":{"r":"VT-JWQ","t":"A332"},"0043F":{"r":"VT-JSK","t":"GL5T"},"00441":{"r":"VT-PPH","t":"A321"},"00448":{"r":"VT-AXW","t":"B738"},"00449":{"r":"VT-AXX","t":"B738"},"0044B":{"r":"VT-AYA","t":"B738"},"0044D":{"r":"VT-AYC","t":"B738"},"0044E":{"r":"VT-AYD","t":"B738"},"00462":{"r":"VT-ALM","t":"B77W"},"00463":{"r":"VT-ALN","t":"B77W"},"0046B":{"r":"VT-JBE","t":"B738"},"0046C":{"r":"VT-JBF","t":"B738"},"0046D":{"r":"VT-JBG","t":"B738"},"00478":{"r":"VT-JUA","t":"CL30"},"0047A":{"r":"VT-PPJ","t":"A321"},"0047B":{"r":"VT-SCL","t":"A319"},"0047C":{"r":"VT-PPI","t":"A321"},"0047F":{"r":"VT-MST","t":"GLF4"},"00485":{"r":"VT-HDL","t":"F2TH"},"00486":{"r":"VT-JBH","t":"B738"},"00490":{"r":"VT-RAK","t":"CL30"},"00496":{"r":"VT-VJK","t":"A332"},"00497":{"r":"VT-VJL","t":"A332"},"00498":{"r":"VT-VJN","t":"A332"},"00499":{"r":"VT-VJO","t":"A332"},"0049A":{"r":"VT-VJP","t":"A332"},"004A7":{"r":"VT-SCM","t":"A319"},"004AF":{"r":"VT-TDT","t":"F2TH"},"004BD":{"r":"VT-SCN","t":"A319"},"004C0":{"r":"VT-PLA","t":"GALX"},"004C6":{"r":"VT-RSR","t":"H25B"},"004C9":{"r":"VT-VSA","t":"LJ40"},"004D3":{"r":"VT-STV","t":"GLEX"},"004D5":{"r":"VT-PPL","t":"A321"},"004D6":{"r":"VT-PPM","t":"A321"},"004DA":{"r":"VT-ALF","t":"B77L"},"004DB":{"r":"VT-ALG","t":"B77L"},"004DC":{"r":"VT-ALH","t":"B77L"},"004DD":{"r":"VT-ALO","t":"B77W"},"004DE":{"r":"VT-ALP","t":"B77W"},"004DF":{"r":"VT-ALQ","t":"B77W"},"004E0":{"r":"VT-ALR","t":"B77W"},"004E2":{"r":"VT-HJA","t":"HA4T"},"004E3":{"r":"VT-CAP","t":"FA7X"},"004FD":{"r":"VT-SCO","t":"A319"},"004FE":{"r":"VT-SCP","t":"A319"},"00505":{"r":"VT-JBJ","t":"B738"},"00506":{"r":"VT-JBK","t":"B738"},"00507":{"r":"VT-JSB","t":"GLEX"},"0050E":{"r":"VT-JUM","t":"GALX"},"00521":{"r":"VT-SCR","t":"A319"},"0052B":{"r":"VT-PPO","t":"A321"},"0052C":{"r":"VT-SCS","t":"A319"},"0052D":{"r":"VT-PPQ","t":"A321"},"0052E":{"r":"VT-SCT","t":"A319"},"00530":{"r":"VT-DBG","t":"CL60"},"0053D":{"r":"VT-SCU","t":"A319"},"00541":{"r":"VT-DBA","t":"GL5T"},"00544":{"r":"VT-SCW","t":"A319"},"00547":{"r":"VT-JBL","t":"B738"},"00554":{"r":"VT-JBM","t":"B738"},"00555":{"r":"VT-JBN","t":"B738"},"00556":{"r":"VT-JBP","t":"B738"},"0057A":{"r":"VT-SCX","t":"A319"},"0057C":{"r":"VT-EDD","t":"A320"},"0057D":{"r":"VT-EDC","t":"A320"},"00582":{"r":"VT-ALS","t":"B77W"},"00583":{"r":"VT-ALT","t":"B77W"},"00584":{"r":"VT-ALU","t":"B77W"},"00588":{"r":"VT-EDE","t":"A320"},"00590":{"r":"VT-APL","t":"CL60"},"00591":{"r":"VT-RGX","t":"FA7X"},"005A1":{"r":"VT-JBQ","t":"B738"},"005A2":{"r":"VT-JBR","t":"B738"},"005A3":{"r":"VT-JBS","t":"B738"},"005AE":{"r":"VT-HMA","t":"GLEX"},"005B8":{"r":"VT-SGF","t":"B738"},"005B9":{"r":"VT-BRS","t":"GLF5"},"005CF":{"r":"VT-AYV","t":"F2TH"},"005D6":{"r":"VT-SGH","t":"B738"},"005E1":{"r":"VT-IBP","t":"CRJ2"},"005EB":{"r":"VT-ANA","t":"B788"},"005EC":{"r":"VT-ANB","t":"B788"},"005ED":{"r":"VT-ANC","t":"B788"},"005EE":{"r":"VT-AND","t":"B788"},"005EF":{"r":"VT-ANE","t":"B788"},"005F0":{"r":"VT-ANG","t":"B788"},"005F1":{"r":"VT-ANH","t":"B788"},"005F2":{"r":"VT-ANI","t":"B788"},"005F3":{"r":"VT-ANJ","t":"B788"},"005F4":{"r":"VT-ANK","t":"B788"},"005F6":{"r":"VT-WAM","t":"A320"},"00600":{"r":"VT-VDM","t":"HA4T"},"0061E":{"r":"VT-TMS","t":"GLF5"},"00648":{"r":"VT-SGU","t":"B738"},"0064A":{"r":"VT-IEI","t":"A320"},"0064C":{"r":"VT-IEK","t":"A320"},"0064D":{"r":"VT-IEL","t":"A320"},"0064E":{"r":"VT-IEM","t":"A320"},"00656":{"r":"VT-SUC","t":"DH8D"},"0065F":{"r":"VT-JBW","t":"B738"},"00660":{"r":"VT-JBX","t":"B738"},"00661":{"r":"VT-SNP","t":"GALX"},"00662":{"r":"VT-AOP","t":"E190"},"00665":{"r":"VT-SEL","t":"B77W"},"00666":{"r":"VT-JEM","t":"B773"},"0066E":{"r":"VT-WAO","t":"A320"},"00670":{"r":"VT-SUE","t":"DH8D"},"00671":{"r":"VT-SUF","t":"DH8D"},"00672":{"r":"VT-SUG","t":"DH8D"},"00687":{"r":"VT-IEP","t":"A320"},"00688":{"r":"VT-IEQ","t":"A320"},"00689":{"r":"VT-IER","t":"A320"},"0068A":{"r":"VT-IES","t":"A320"},"0068C":{"r":"VT-IEU","t":"A320"},"006E5":{"r":"VT-KJB","t":"GL5T"},"006E7":{"r":"VT-SGW","t":"B738"},"006E9":{"r":"VT-SUJ","t":"DH8D"},"006EA":{"r":"VT-SUK","t":"DH8D"},"00705":{"r":"VT-JFA","t":"B738"},"00712":{"r":"VT-SUP","t":"DH8D"},"00717":{"r":"VT-IFB","t":"A320"},"0071E":{"r":"VT-JWR","t":"A333"},"0071F":{"r":"VT-JWS","t":"A333"},"00720":{"r":"VT-JWT","t":"A333"},"00721":{"r":"VT-JWU","t":"A333"},"0072C":{"r":"VT-JFE","t":"B738"},"00732":{"r":"VT-ANL","t":"B788"},"00733":{"r":"VT-ANM","t":"B788"},"00734":{"r":"VT-ANN","t":"B788"},"00735":{"r":"VT-ANO","t":"B788"},"00736":{"r":"VT-ANP","t":"B788"},"00737":{"r":"VT-ANQ","t":"B788"},"00738":{"r":"VT-ANR","t":"B788"},"00739":{"r":"VT-ANS","t":"B788"},"0073A":{"r":"VT-ANT","t":"B788"},"0073B":{"r":"VT-ANU","t":"B788"},"0073C":{"r":"VT-ANV","t":"B788"},"00743":{"r":"VT-RSP","t":"CL30"},"007AE":{"r":"VT-SNG","t":"GLEX"},"007C1":{"r":"VT-JFH","t":"B738"},"007C2":{"r":"VT-JFJ","t":"B738"},"007C3":{"r":"VT-JFK","t":"B738"},"007D7":{"r":"VT-JEN","t":"B77W"},"007D8":{"r":"VT-JEP","t":"B77W"},"007D9":{"r":"VT-JEQ","t":"B77W"},"007DA":{"r":"VT-JER","t":"B77W"},"007E2":{"r":"VT-SZH","t":"B738"},"007E9":{"r":"VT-CPA","t":"GLF5"},"00AF9":{"r":"VT-JFQ","t":"B738"},"00B65":{"r":"VT-JWW","t":"A332"},"405D7":{"t":"B744"},"4096B":{"t":"B744"},"40CFF":{"t":"B744"},"41093":{"t":"B744"},"41427":{"t":"B744"},"417BB":{"t":"B744"},"41B4F":{"t":"B744"},"41EE3":{"t":"B744"},"45F9F":{"t":"B748"},"466C7":{"t":"B748"},"47183":{"t":"B748"},"4B3DE":{"t":"A320"},"4B466":{"t":"A320"},"51C42":{"t":"B738"},"51C64":{"t":"B738"},"51CA8":{"t":"B738"},"51CCA":{"t":"B738"},"51CEC":{"t":"B738"},"56754":{"t":"B744"},"61BF4":{"t":"B763"},"61E56":{"t":"B763"},"61E78":{"t":"B763"},"61E9A":{"t":"B763"},"61EBC":{"t":"B763"},"61F00":{"t":"B763"},"61F44":{"t":"B763"},"61F88":{"t":"B763"},"6222E":{"t":"B763"},"622D0":{"t":"B763"},"62CC8":{"t":"B763"},"62CEA":{"t":"B763"},"62D0C":{"t":"B763"},"62D2E":{"t":"B763"},"638B0":{"t":"B738"},"67512":{"t":"B772"},"67534":{"t":"B772"},"67556":{"t":"B772"},"67578":{"t":"B772"},"6759A":{"t":"B772"},"675BC":{"t":"B772"},"6781E":{"t":"B772"},"67840":{"t":"B772"},"678C0":{"t":"B772"},"678E2":{"t":"B772"},"67904":{"t":"B772"},"67F60":{"t":"B77W"},"67F68":{"t":"B77W"},"67F82":{"t":"B77W"},"67F8A":{"t":"B77W"},"67FA4":{"t":"B77W"},"67FAC":{"t":"B77W"},"67FC6":{"t":"B77W"},"67FCE":{"t":"B77W"},"67FE8":{"t":"B77W"},"67FF0":{"t":"B77W"},"6800A":{"t":"B77W"},"68012":{"t":"B77W"},"68034":{"t":"B77W"},"68056":{"t":"B77W"},"68078":{"t":"B77W"},"682DA":{"t":"B77W"},"682FC":{"t":"B77W"},"6831E":{"t":"B77W"},"68340":{"t":"B77W"},"68E7C":{"t":"B77W"},"68E9E":{"t":"B77W"},"68EC0":{"t":"B77W"},"69122":{"t":"B77W"},"69144":{"t":"B77W"},"69166":{"t":"B77W"},"69188":{"t":"B77W"},"691AA":{"t":"B77W"},"691CC":{"t":"B77W"},"691EE":{"t":"B77W"},"69210":{"t":"B77W"},"69232":{"t":"B77W"},"69254":{"t":"B77W"},"694B6":{"t":"B77W"},"6CEB0":{"t":"B788"},"6CEBD":{"t":"A320"},"6CEDF":{"t":"A320"},"6CEF4":{"t":"B788"},"6CF16":{"t":"B788"},"6CF2F":{"t":"B744"},"6CF55":{"t":"B744"},"6CF7C":{"t":"B788"},"6D1DE":{"t":"B788"},"6D200":{"t":"B788"},"6D244":{"t":"B788"},"6D5BE":{"t":"B788"},"6D624":{"t":"B788"},"6D646":{"t":"B788"},"6D668":{"t":"B788"},"6D68A":{"t":"B788"},"6DA16":{"t":"B788"},"6EE76":{"t":"B744"},"6EE99":{"t":"B744"},"6EE9A":{"t":"B744"},"6EE9C":{"t":"B744"},"6EE9F":{"t":"B744"},"6EEBA":{"t":"B744"},"7C000":{"r":"20-1101","t":"B744"},"7C001":{"r":"20-1102","t":"B744"},"7CC0A":{"r":"07-3604","t":"B762"},"80002":{"r":"HS-TGH","t":"B744"},"80004":{"r":"HS-TGJ","t":"B744"},"80006":{"r":"HS-TAO","t":"A306"},"8000A":{"r":"HS-TAR","t":"A306"},"8000B":{"r":"HS-TAS","t":"A306"},"8000C":{"r":"HS-TEA","t":"A333"},"8000D":{"r":"HS-TEB","t":"A333"},"8000E":{"r":"HS-TEC","t":"A333"},"8000F":{"r":"HS-TED","t":"A333"},"80011":{"r":"HS-TEE","t":"A333"},"80012":{"r":"HS-TEF","t":"A333"},"80013":{"r":"HS-TEG","t":"A333"},"80014":{"r":"HS-TEH","t":"A333"},"80016":{"r":"HS-TJA","t":"B772"},"80017":{"r":"HS-TJB","t":"B772"},"80018":{"r":"HS-TJC","t":"B772"},"80019":{"r":"HS-TJD","t":"B772"},"8001A":{"r":"HS-TJE","t":"B772"},"8001B":{"r":"HS-TJF","t":"B772"},"8001C":{"r":"HS-TJG","t":"B772"},"8001D":{"r":"HS-TJH","t":"B772"},"8001E":{"r":"HS-TGR","t":"B744"},"8001F":{"r":"HS-TGT","t":"B744"},"8002D":{"r":"HS-TGW","t":"B744"},"8002E":{"r":"HS-TGX","t":"B744"},"80035":{"r":"HS-TAT","t":"A306"},"80036":{"r":"HS-TAW","t":"A306"},"80037":{"r":"HS-TAX","t":"A306"},"80038":{"r":"HS-TEJ","t":"A333"},"80039":{"r":"HS-TEK","t":"A333"},"8003A":{"r":"HS-TGY","t":"B744"},"8003B":{"r":"HS-TAY","t":"A306"},"8003C":{"r":"HS-TAZ","t":"A306"},"8003D":{"r":"HS-TKA","t":"B773"},"8003E":{"r":"HS-TEL","t":"A333"},"8003F":{"r":"HS-TKB","t":"B773"},"80041":{"r":"HS-TGZ","t":"B744"},"80042":{"r":"HS-TEM","t":"A333"},"80043":{"r":"HS-TKC","t":"B773"},"80044":{"r":"HS-TKD","t":"B773"},"80045":{"r":"HS-TKE","t":"B773"},"80046":{"r":"HS-TKF","t":"B773"},"80048":{"r":"HS-NMB","t":"B430"},"80050":{"r":"HS-TGA","t":"B744"},"80051":{"r":"HS-TGB","t":"B744"},"8005E":{"r":"HS-PGQ","t":"B712"},"8005F":{"r":"HS-PGR","t":"B712"},"8006D":{"r":"HS-TGF","t":"B744"},"8006E":{"r":"HS-TGG","t":"B744"},"80400":{"r":"HS-TGK","t":"B744"},"80441":{"r":"HS-ABA","t":"A320"},"80442":{"r":"HS-ABB","t":"A320"},"80443":{"r":"HS-ABC","t":"A320"},"80444":{"r":"HS-ABD","t":"A320"},"80445":{"r":"HS-ABE","t":"A320"},"80446":{"r":"HS-ABF","t":"A320"},"80447":{"r":"HS-ABG","t":"A320"},"80448":{"r":"HS-ABH","t":"A320"},"80449":{"r":"HS-ABI","t":"A320"},"8044A":{"r":"HS-ABJ","t":"A320"},"8044B":{"r":"HS-ABK","t":"A320"},"8044C":{"r":"HS-ABL","t":"A320"},"8044D":{"r":"HS-ABM","t":"A320"},"8044E":{"r":"HS-ABN","t":"A320"},"8044F":{"r":"HS-ABO","t":"A320"},"80450":{"r":"HS-ABP","t":"A320"},"80451":{"r":"HS-ABQ","t":"A320"},"80452":{"r":"HS-ABR","t":"A320"},"80453":{"r":"HS-ABS","t":"A320"},"80454":{"r":"HS-ABT","t":"A320"},"80456":{"r":"HS-ABV","t":"A320"},"80457":{"r":"HS-ABW","t":"A320"},"80458":{"r":"HS-ABX","t":"A320"},"80843":{"r":"HS-BBC","t":"A320"},"80DB6":{"r":"HS-CMV","t":"B734"},"82821":{"r":"HS-JAA","t":"GALX"},"83AC1":{"r":"2112","t":"E135"},"840AB":{"r":"HS-PEK","t":"H25B"},"840EE":{"r":"HS-PGN","t":"A319"},"840F4":{"r":"HS-PGT","t":"A319"},"840F8":{"r":"HS-PGX","t":"A319"},"840F9":{"r":"HS-PGY","t":"A319"},"840FA":{"r":"HS-PGZ","t":"A319"},"84202":{"r":"HS-PPB","t":"A319"},"84852":{"r":"HS-RBR","t":"F2TH"},"84E81":{"r":"HS-STA","t":"B744"},"84E83":{"r":"HS-STC","t":"B744"},"85041":{"r":"HS-TBA","t":"A333"},"85042":{"r":"HS-TBB","t":"A333"},"850AE":{"r":"HS-TEN","t":"A333"},"850AF":{"r":"HS-TEO","t":"A333"},"850B0":{"r":"HS-TEP","t":"A333"},"850B1":{"r":"HS-TEQ","t":"A333"},"850B2":{"r":"HS-TER","t":"A333"},"850B3":{"r":"HS-TES","t":"A333"},"850B4":{"r":"HS-TET","t":"A333"},"850B5":{"r":"HS-TEU","t":"A333"},"85152":{"r":"HS-TJR","t":"B772"},"85153":{"r":"HS-TJS","t":"B772"},"85154":{"r":"HS-TJT","t":"B772"},"85155":{"r":"HS-TJU","t":"B772"},"85156":{"r":"HS-TJV","t":"B772"},"85157":{"r":"HS-TJW","t":"B772"},"85167":{"r":"HS-TKG","t":"B77W"},"85168":{"r":"HS-TKH","t":"B77W"},"8516A":{"r":"HS-TKJ","t":"B77W"},"8516B":{"r":"HS-TKK","t":"B77W"},"8516D":{"r":"HS-TKM","t":"B77W"},"85173":{"r":"HS-TKS","t":"B77W"},"85174":{"r":"HS-TKT","t":"B77W"},"85181":{"r":"HS-TLA","t":"A345"},"85182":{"r":"HS-TLB","t":"A345"},"85183":{"r":"HS-TLC","t":"A345"},"85184":{"r":"HS-TLD","t":"A345"},"851C1":{"r":"HS-TNA","t":"A346"},"851C2":{"r":"HS-TNB","t":"A346"},"851C3":{"r":"HS-TNC","t":"A346"},"851C4":{"r":"HS-TND","t":"A346"},"851C5":{"r":"HS-TNE","t":"A346"},"851C6":{"r":"HS-TNF","t":"A346"},"852A1":{"r":"HS-TUA","t":"A388"},"852A2":{"r":"HS-TUB","t":"A388"},"852A3":{"r":"HS-TUC","t":"A388"},"852A4":{"r":"HS-TUD","t":"A388"},"852A5":{"r":"HS-TUE","t":"A388"},"852A6":{"r":"HS-TUF","t":"A388"},"85332":{"r":"HS-TYR","t":"A319"},"85A6B":{"r":"HS-VSK","t":"GLF6"},"87200":{"r":"HS-TGL","t":"B744"},"87400":{"r":"HS-TGM","t":"B744"},"87800":{"r":"HS-TGN","t":"B744"},"87801":{"r":"HS-TGO","t":"B744"},"87802":{"r":"HS-TGP","t":"B744"},"88012":{"r":"VN-A141","t":"B772"},"88013":{"r":"VN-A142","t":"B772"},"8801A":{"r":"VN-A143","t":"B772"},"8801B":{"r":"VN-A144","t":"B772"},"8801C":{"r":"VN-A145","t":"B772"},"8801D":{"r":"VN-A146","t":"B772"},"88021":{"r":"VN-A344","t":"A321"},"88022":{"r":"VN-A345","t":"A321"},"88023":{"r":"VN-A347","t":"A321"},"88024":{"r":"VN-A348","t":"A321"},"88025":{"r":"VN-A149","t":"B772"},"88026":{"r":"VN-A150","t":"B772"},"88028":{"r":"VN-A147","t":"B772"},"88029":{"r":"VN-A151","t":"B772"},"88034":{"r":"VN-A190","t":"B734"},"88036":{"r":"VN-A192","t":"B734"},"8804B":{"r":"VN-A350","t":"A321"},"8804D":{"r":"VN-A352","t":"A321"},"8804E":{"r":"VN-A353","t":"A321"},"88051":{"r":"VN-A354","t":"A321"},"88052":{"r":"VN-A356","t":"A321"},"88053":{"r":"VN-A357","t":"A321"},"88054":{"r":"VN-A358","t":"A321"},"88055":{"r":"VN-A359","t":"A321"},"88057":{"r":"VN-A372","t":"A332"},"88059":{"r":"VN-A375","t":"A332"},"8805A":{"r":"VN-A360","t":"A321"},"8805B":{"r":"VN-A361","t":"A321"},"8805C":{"r":"VN-A362","t":"A321"},"88061":{"r":"VN-A363","t":"A321"},"88062":{"r":"VN-A365","t":"A321"},"88063":{"r":"VN-A366","t":"A321"},"88075":{"r":"VN-A367","t":"A321"},"8807A":{"r":"VN-A322","t":"A321"},"8807F":{"r":"VN-A378","t":"A332"},"88081":{"r":"VN-A376","t":"A332"},"88082":{"r":"VN-A377","t":"A332"},"8808A":{"r":"VN-A323","t":"A321"},"8808B":{"r":"VN-A324","t":"A321"},"8808C":{"r":"VN-A325","t":"A321"},"8808D":{"r":"VN-A326","t":"A321"},"8808F":{"r":"VN-A329","t":"A321"},"88090":{"r":"VN-A331","t":"A321"},"88091":{"r":"VN-A379","t":"A332"},"88092":{"r":"VN-A381","t":"A332"},"88093":{"r":"VN-A332","t":"A321"},"88098":{"r":"VN-A334","t":"A321"},"880B1":{"r":"VN-A557","t":"A320"},"880DF":{"r":"VN-A861","t":"B789"},"880E0":{"r":"VN-A862","t":"B789"},"880E1":{"r":"VN-A863","t":"B789"},"90001":{"r":"7O-YMN","t":"B74S"},"90008":{"r":"7O-ADM","t":"B738"},"9000A":{"r":"7O-ADP","t":"A332"},"9000B":{"r":"7O-ADT","t":"A332"},"9000F":{"r":"7O-ADQ","t":"B738"},"90020":{"r":"7O-AFA","t":"A320"},"90021":{"r":"7O-AFB","t":"A320"},"94001":{"r":"A9C-BAH","t":"GLF4"},"94002":{"r":"A9C-BA","t":"B722"},"9400B":{"r":"A9C-LB","t":"A343"},"9400E":{"r":"A9C-LE","t":"A343"},"9400F":{"r":"A9C-LF","t":"A343"},"94011":{"r":"A9C-BDF","t":"RJ85"},"94014":{"r":"A9C-HMK","t":"B744"},"94016":{"r":"A9C-HWR","t":"RJ85"},"9401D":{"r":"A9C-BXG","t":"CL60"},"9401F":{"r":"A9C-BXI","t":"C56X"},"94020":{"r":"A9C-MTC","t":"E135"},"94023":{"r":"A9C-HAK","t":"B74S"},"94029":{"r":"A9C-KA","t":"A332"},"9402A":{"r":"A9C-KB","t":"A332"},"9402B":{"r":"A9C-KC","t":"A332"},"9402C":{"r":"A9C-KD","t":"A332"},"9402D":{"r":"A9C-KE","t":"A332"},"9402E":{"r":"A9C-KF","t":"A332"},"94036":{"r":"A9C-LI","t":"A343"},"94039":{"r":"A9C-LG","t":"A343"},"9403D":{"r":"A9C-LH","t":"A343"},"9403E":{"r":"A9C-LJ","t":"A343"},"94040":{"r":"A9C-BAY","t":"A320"},"94041":{"r":"A9C-BAZ","t":"A320"},"94042":{"r":"A9C-AWL","t":"RJ1H"},"94046":{"r":"A9C-EU","t":"A319"},"94047":{"r":"A9C-EV","t":"A319"},"9404A":{"r":"A9C-BAX","t":"A320"},"9404B":{"r":"A9C-BAW","t":"A319"},"9404C":{"r":"A9C-DAR","t":"CL30"},"9404E":{"r":"A9C-KJ","t":"A332"},"9404F":{"r":"A9C-KG","t":"A332"},"94050":{"r":"A9C-KH","t":"A332"},"94051":{"r":"A9C-KI","t":"A332"},"94055":{"r":"A9C-BHR","t":"GLF4"},"94059":{"r":"A9C-AB","t":"A320"},"9405A":{"r":"A9C-AC","t":"A320"},"9405B":{"r":"A9C-AD","t":"A320"},"9405E":{"r":"A9C-AG","t":"A320"},"9405F":{"r":"A9C-AH","t":"A320"},"94060":{"r":"A9C-BRN","t":"GLF5"},"94061":{"r":"A9C-AI","t":"A320"},"94062":{"r":"A9C-MA","t":"E170"},"94063":{"r":"A9C-MB","t":"E170"},"94064":{"r":"A9C-ACE","t":"CL60"},"94065":{"r":"A9C-AJ","t":"A320"},"94066":{"r":"A9C-AK","t":"A320"},"94067":{"r":"A9C-MC","t":"E190"},"94068":{"r":"A9C-MD","t":"E190"},"9406A":{"r":"A9C-BAO","t":"A320"},"9406D":{"r":"A9C-AL","t":"A320"},"9406E":{"r":"A9C-AM","t":"A320"},"9406F":{"r":"A9C-AN","t":"A320"},"94070":{"r":"A9C-AO","t":"A320"},"94072":{"r":"A9C-DHC","t":"B752"},"94074":{"r":"A9C-DHC","t":"B752"},"94075":{"r":"A9C-CB","t":"A321"},"94076":{"r":"A9C-CC","t":"A321"},"94077":{"r":"A9C-AP","t":"A320"},"94078":{"r":"A9C-AQ","t":"A320"},"94079":{"r":"A9C-TLH","t":"CL60"},"9407A":{"r":"A9C-CD","t":"A321"},"9407E":{"r":"A9C-DHF","t":"B752"},"9407F":{"r":"A9C-BAH","t":"GLF6"},"9501F":{"r":"V8-RBT","t":"A320"},"9503F":{"r":"V8-BLB","t":"B772"},"95041":{"r":"V8-RBL","t":"B763"},"95043":{"r":"V8-BLC","t":"B772"},"95047":{"r":"V8-BLD","t":"B772"},"9504F":{"r":"V8-BLE","t":"B772"},"95053":{"r":"V8-DLA","t":"B788"},"95057":{"r":"V8-DLB","t":"B788"},"9505A":{"r":"V8-DLC","t":"B788"},"9505B":{"r":"V8-DLD","t":"B788"},"9505F":{"r":"V8-BLF","t":"B772"},"95061":{"r":"V8-RBK","t":"B763"},"95071":{"r":"V8-RBJ","t":"B763"},"9507D":{"r":"V8-RBH","t":"B763"},"9507E":{"r":"V8-RBF","t":"B763"},"9507F":{"r":"V8-RBG","t":"B763"},"953C3":{"r":"V8-ALI","t":"B744"},"953C7":{"r":"V8-MHB","t":"B762"},"953D1":{"r":"V8-BKH","t":"A342"},"96002":{"r":"A6-DEJ","t":"GLF5"},"96004":{"r":"A6-EHH","t":"A346"},"96005":{"r":"A6-SUN","t":"E135"},"96012":{"r":"A6-AAM","t":"A318"},"96015":{"r":"A6-EKQ","t":"A332"},"96016":{"r":"A6-EKR","t":"A332"},"96017":{"r":"A6-EKS","t":"A332"},"96018":{"r":"A6-EKT","t":"A332"},"96019":{"r":"A6-EKU","t":"A332"},"9601A":{"r":"A6-EKV","t":"A332"},"9601B":{"r":"A6-EKW","t":"A332"},"9601C":{"r":"A6-EKX","t":"A332"},"9601D":{"r":"A6-EKY","t":"A332"},"9601E":{"r":"A6-EKZ","t":"A332"},"96023":{"r":"A6-HHH","t":"GLF4"},"96026":{"r":"A6-ADF","t":"DH8C"},"96047":{"r":"A6-EMD","t":"B772"},"96048":{"r":"A6-EME","t":"B772"},"96049":{"r":"A6-EMF","t":"B772"},"9604A":{"r":"A6-EMG","t":"B772"},"9604B":{"r":"A6-EMH","t":"B772"},"9604C":{"r":"A6-EMI","t":"B772"},"9604D":{"r":"A6-EMJ","t":"B772"},"9604E":{"r":"A6-EMK","t":"B772"},"9604F":{"r":"A6-EML","t":"B772"},"96050":{"r":"A6-EMM","t":"B773"},"96051":{"r":"A6-EMN","t":"B773"},"96052":{"r":"A6-EMO","t":"B773"},"96053":{"r":"A6-EMP","t":"B773"},"96054":{"r":"A6-EMQ","t":"B773"},"96057":{"r":"A6-MAF","t":"F900"},"96058":{"r":"A6-ABJ","t":"A320"},"9605A":{"r":"A6-HRS","t":"B737"},"9605B":{"r":"A6-AIN","t":"B737"},"9605D":{"r":"A6-LIW","t":"RJ70"},"9605E":{"r":"A6-DAS","t":"B737"},"96060":{"r":"A6-YAS","t":"B744"},"96061":{"r":"A6-KAH","t":"E190"},"96063":{"r":"A6-ESH","t":"A319"},"96064":{"r":"A6-EAA","t":"A332"},"96065":{"r":"A6-EAB","t":"A332"},"96067":{"r":"A6-EAD","t":"A332"},"96068":{"r":"A6-EAE","t":"A332"},"96069":{"r":"A6-EAF","t":"A332"},"9606A":{"r":"A6-EAG","t":"A332"},"9606B":{"r":"A6-EAH","t":"A332"},"9606C":{"r":"A6-EAI","t":"A332"},"9606D":{"r":"A6-EAJ","t":"A332"},"9606E":{"r":"A6-EAK","t":"A332"},"9606F":{"r":"A6-EAL","t":"A332"},"96070":{"r":"A6-EAM","t":"A332"},"96071":{"r":"A6-EAN","t":"A332"},"96072":{"r":"A6-EAO","t":"A332"},"96073":{"r":"A6-EAP","t":"A332"},"96074":{"r":"A6-EAQ","t":"A332"},"96075":{"r":"A6-EAR","t":"A332"},"96076":{"r":"A6-EAS","t":"A332"},"96079":{"r":"A6-GDP","t":"B742"},"9607A":{"r":"A6-MRM","t":"B738"},"9607B":{"r":"A6-EMR","t":"B77W"},"9607C":{"r":"A6-EMS","t":"B773"},"9607D":{"r":"A6-EMT","t":"B773"},"9607E":{"r":"A6-EMU","t":"B773"},"9607F":{"r":"A6-EMV","t":"B773"},"96080":{"r":"A6-ERA","t":"A345"},"96081":{"r":"A6-ERB","t":"A345"},"96082":{"r":"A6-ERC","t":"A345"},"96083":{"r":"A6-ERD","t":"A345"},"96084":{"r":"A6-ERE","t":"A345"},"96085":{"r":"A6-ERF","t":"A345"},"96086":{"r":"A6-ERG","t":"A345"},"96087":{"r":"A6-ERH","t":"A345"},"96088":{"r":"A6-ERI","t":"A345"},"96089":{"r":"A6-ERJ","t":"A345"},"9608C":{"r":"A6-ERM","t":"A343"},"9608D":{"r":"A6-ERN","t":"A343"},"9608E":{"r":"A6-ERO","t":"A343"},"9608F":{"r":"A6-ERP","t":"A343"},"96090":{"r":"A6-ERQ","t":"A343"},"96091":{"r":"A6-ERR","t":"A343"},"96092":{"r":"A6-ERS","t":"A343"},"96093":{"r":"A6-ERT","t":"A343"},"9609B":{"r":"A6-EMW","t":"B773"},"9609C":{"r":"A6-EMX","t":"B773"},"960AD":{"r":"A6-RJZ","t":"B737"},"960AE":{"r":"A6-MMM","t":"B744"},"960AF":{"r":"A6-RJA","t":"GLF4"},"960B0":{"r":"A6-RJB","t":"GLF4"},"960B1":{"r":"A6-AUH","t":"B738"},"960B4":{"r":"A6-HRM","t":"B744"},"960B8":{"r":"A6-EYB","t":"A332"},"960BE":{"r":"A6-MAH","t":"H25B"},"960C1":{"r":"A6-NMA","t":"GLF4"},"960C4":{"r":"A6-KNH","t":"CL30"},"960C5":{"r":"A6-RJY","t":"B737"},"960C6":{"r":"A6-EYD","t":"A332"},"960C8":{"r":"A6-EBA","t":"B77W"},"960C9":{"r":"A6-EBB","t":"B77W"},"960CA":{"r":"A6-EBC","t":"B77W"},"960CB":{"r":"A6-EBD","t":"B77W"},"960CC":{"r":"A6-EBE","t":"B77W"},"960CD":{"r":"A6-EBF","t":"B77W"},"960CE":{"r":"A6-EBG","t":"B77W"},"960CF":{"r":"A6-EBH","t":"B77W"},"960D0":{"r":"A6-EBI","t":"B77W"},"960D1":{"r":"A6-EBJ","t":"B77W"},"960D2":{"r":"A6-EBK","t":"B77W"},"960D3":{"r":"A6-EBL","t":"B77W"},"960D4":{"r":"A6-EBM","t":"B77W"},"960D5":{"r":"A6-EBN","t":"B77W"},"960D6":{"r":"A6-EBO","t":"B77W"},"960D7":{"r":"A6-EBP","t":"B77W"},"960D8":{"r":"A6-EBQ","t":"B77W"},"960D9":{"r":"A6-EBR","t":"B77W"},"960DA":{"r":"A6-EBS","t":"B77W"},"960DB":{"r":"A6-EBT","t":"B77W"},"960DC":{"r":"A6-EBU","t":"B77W"},"960DD":{"r":"A6-EBV","t":"B77W"},"960DE":{"r":"A6-EBW","t":"B77W"},"960DF":{"r":"A6-EBX","t":"B77W"},"960E0":{"r":"A6-EBY","t":"B77W"},"960E1":{"r":"A6-EBZ","t":"B77W"},"960E2":{"r":"A6-EDA","t":"A388"},"960E3":{"r":"A6-EDB","t":"A388"},"960E4":{"r":"A6-EDC","t":"A388"},"960E5":{"r":"A6-EDD","t":"A388"},"960E6":{"r":"A6-EDE","t":"A388"},"960E7":{"r":"A6-EDF","t":"A388"},"960E8":{"r":"A6-EDG","t":"A388"},"960E9":{"r":"A6-EDH","t":"A388"},"960EA":{"r":"A6-EDI","t":"A388"},"960EB":{"r":"A6-EDJ","t":"A388"},"960EC":{"r":"A6-EDK","t":"A388"},"960ED":{"r":"A6-EDL","t":"A388"},"960EE":{"r":"A6-EDM","t":"A388"},"960EF":{"r":"A6-EDN","t":"A388"},"960F0":{"r":"A6-EDO","t":"A388"},"960F1":{"r":"A6-EDP","t":"A388"},"960F2":{"r":"A6-EDQ","t":"A388"},"960F3":{"r":"A6-EDR","t":"A388"},"960F4":{"r":"A6-EDS","t":"A388"},"960F5":{"r":"A6-EDT","t":"A388"},"960F6":{"r":"A6-EDU","t":"A388"},"960F7":{"r":"A6-EDV","t":"A388"},"960F8":{"r":"A6-EDW","t":"A388"},"960F9":{"r":"A6-EDX","t":"A388"},"960FA":{"r":"A6-EDY","t":"A388"},"960FB":{"r":"A6-EDZ","t":"A388"},"96100":{"r":"A6-ABD","t":"A320"},"96101":{"r":"A6-UAE","t":"B744"},"96103":{"r":"A6-HEH","t":"B738"},"96108":{"r":"A6-ECA","t":"B77W"},"96109":{"r":"A6-ECB","t":"B77W"},"9610A":{"r":"A6-ECC","t":"B77W"},"9610B":{"r":"A6-ECD","t":"B77W"},"9610C":{"r":"A6-ECE","t":"B77W"},"9610D":{"r":"A6-ECF","t":"B77W"},"9610E":{"r":"A6-ECG","t":"B77W"},"9610F":{"r":"A6-ECH","t":"B77W"},"96110":{"r":"A6-ECI","t":"B77W"},"96111":{"r":"A6-ECJ","t":"B77W"},"96112":{"r":"A6-ECK","t":"B77W"},"96113":{"r":"A6-ECL","t":"B77W"},"96114":{"r":"A6-ECM","t":"B77W"},"96115":{"r":"A6-ECN","t":"B77W"},"96116":{"r":"A6-ECO","t":"B77W"},"96117":{"r":"A6-ECP","t":"B77W"},"96118":{"r":"A6-ECQ","t":"B77W"},"96119":{"r":"A6-ECR","t":"B77W"},"9611A":{"r":"A6-ECS","t":"B77W"},"9611B":{"r":"A6-ECT","t":"B77W"},"9611C":{"r":"A6-ECU","t":"B77W"},"9611D":{"r":"A6-ECV","t":"B77W"},"9611E":{"r":"A6-ECW","t":"B77W"},"9611F":{"r":"A6-ECX","t":"B77W"},"96120":{"r":"A6-ECY","t":"B77W"},"96121":{"r":"A6-ECZ","t":"B77W"},"9612B":{"r":"A6-ETA","t":"B77W"},"9612C":{"r":"A6-ETB","t":"B77W"},"9612D":{"r":"A6-ETC","t":"B77W"},"9612E":{"r":"A6-ETD","t":"B77W"},"9612F":{"r":"A6-ETE","t":"B77W"},"96132":{"r":"A6-DFR","t":"B737"},"96133":{"r":"A6-EYE","t":"A332"},"96134":{"r":"A6-SSV","t":"E135"},"96139":{"r":"A6-RJX","t":"B737"},"9613B":{"r":"A6-EYF","t":"A332"},"9613C":{"r":"A6-EYG","t":"A332"},"9613D":{"r":"A6-EYH","t":"A332"},"9613E":{"r":"A6-EYI","t":"A332"},"96143":{"r":"A6-EYJ","t":"A332"},"96144":{"r":"A6-EHA","t":"A345"},"96145":{"r":"A6-EHB","t":"A345"},"96146":{"r":"A6-EHC","t":"A345"},"96147":{"r":"A6-EHD","t":"A345"},"9614E":{"r":"A6-NKL","t":"E135"},"9615A":{"r":"A6-MRS","t":"B738"},"96160":{"r":"A6-EYL","t":"A332"},"96161":{"r":"A6-ELC","t":"H25B"},"96163":{"r":"A6-DPW","t":"E135"},"96168":{"r":"A6-EWH","t":"B77L"},"96169":{"r":"A6-EWI","t":"B77L"},"9616A":{"r":"A6-EWJ","t":"B77L"},"9616B":{"r":"A6-EFE","t":"B77L"},"9616C":{"r":"A6-EFF","t":"B77L"},"9616D":{"r":"A6-EFG","t":"B77L"},"9616E":{"r":"A6-EFH","t":"B77L"},"9616F":{"r":"A6-EFI","t":"B77L"},"96170":{"r":"A6-EFJ","t":"B77L"},"96171":{"r":"A6-EFK","t":"B77L"},"96172":{"r":"A6-EFL","t":"B77L"},"96173":{"r":"A6-EWA","t":"B77L"},"96174":{"r":"A6-EWB","t":"B77L"},"96175":{"r":"A6-EWC","t":"B77L"},"96176":{"r":"A6-EWD","t":"B77L"},"96177":{"r":"A6-EWE","t":"B77L"},"96178":{"r":"A6-EWF","t":"B77L"},"96179":{"r":"A6-EWG","t":"B77L"},"9617A":{"r":"A6-EGB","t":"B77W"},"9617B":{"r":"A6-EGC","t":"B77W"},"9617C":{"r":"A6-EGD","t":"B77W"},"9617D":{"r":"A6-EGE","t":"B77W"},"9617E":{"r":"A6-EGF","t":"B77W"},"9617F":{"r":"A6-EGG","t":"B77W"},"96180":{"r":"A6-EEA","t":"A388"},"96181":{"r":"A6-EEB","t":"A388"},"96182":{"r":"A6-EEC","t":"A388"},"96183":{"r":"A6-EED","t":"A388"},"96184":{"r":"A6-EEE","t":"A388"},"96185":{"r":"A6-EEF","t":"A388"},"96186":{"r":"A6-EEG","t":"A388"},"96187":{"r":"A6-EEH","t":"A388"},"96188":{"r":"A6-EEI","t":"A388"},"96189":{"r":"A6-EEJ","t":"A388"},"9618A":{"r":"A6-EEK","t":"A388"},"9618B":{"r":"A6-EEL","t":"A388"},"9618C":{"r":"A6-EEM","t":"A388"},"9618D":{"r":"A6-EEN","t":"A388"},"9618E":{"r":"A6-EEO","t":"A388"},"9618F":{"r":"A6-EEP","t":"A388"},"96190":{"r":"A6-EEQ","t":"A388"},"96191":{"r":"A6-EER","t":"A388"},"96192":{"r":"A6-EES","t":"A388"},"96193":{"r":"A6-EET"},"96194":{"r":"A6-EEU","t":"A388"},"96195":{"r":"A6-EEV","t":"A388"},"96196":{"r":"A6-EEW","t":"A388"},"96197":{"r":"A6-EEX","t":"A388"},"96198":{"r":"A6-EEY","t":"A388"},"96199":{"r":"A6-EEZ","t":"A388"},"9619A":{"r":"A6-EGA","t":"B77W"},"9619B":{"r":"A6-TBF","t":"H25B"},"9619E":{"r":"A6-EYK","t":"A332"},"961A2":{"r":"A6-EYM","t":"A332"},"961A3":{"r":"A6-EYN","t":"A332"},"961A4":{"r":"A6-EYO","t":"A332"},"961A5":{"r":"A6-EYP","t":"A332"},"961A6":{"r":"A6-EYQ","t":"A332"},"961A8":{"r":"A6-ABG","t":"A320"},"961A9":{"r":"A6-ABH","t":"A320"},"961AC":{"r":"A6-RKA","t":"B752"},"961B2":{"r":"A6-EHE","t":"A346"},"961B4":{"r":"A6-COM","t":"B744"},"961B8":{"r":"A6-ABI","t":"A320"},"961B9":{"r":"A6-EHF","t":"A346"},"961BC":{"r":"A6-RZJ","t":"PRM1"},"961BD":{"r":"A6-MBH","t":"CL60"},"961BF":{"r":"A6-EIA","t":"A320"},"961C0":{"r":"A6-EIB","t":"A320"},"961C1":{"r":"A6-EIC","t":"A320"},"961C5":{"r":"A6-FLG","t":"GLF4"},"961CA":{"r":"A6-AAG","t":"CL60"},"961CC":{"r":"A6-IAS","t":"LJ60"},"961CF":{"r":"A6-DNH","t":"CL60"},"961D1":{"r":"A6-CYS","t":"LJ60"},"961D7":{"r":"A6-EID","t":"A319"},"961D8":{"r":"A6-EIE","t":"A319"},"961DA":{"r":"A6-GJC","t":"C56X"},"961DB":{"r":"A6-RJ1","t":"RJ85"},"961DC":{"r":"A6-RJ2","t":"RJ85"},"961DD":{"r":"A6-ABK","t":"A320"},"961E2":{"r":"A6-AAH","t":"CL60"},"961E4":{"r":"A6-ABL","t":"A320"},"961E6":{"r":"A6-EYR","t":"A332"},"961E7":{"r":"A6-EYS","t":"A332"},"961E8":{"r":"A6-EIF","t":"A320"},"961EA":{"r":"A6-EIH","t":"A320"},"961EB":{"r":"A6-EII","t":"A320"},"961EC":{"r":"A6-EHI","t":"A346"},"961ED":{"r":"A6-EHJ","t":"A346"},"961EE":{"r":"A6-EHK","t":"A346"},"961EF":{"r":"A6-EHL","t":"A346"},"961F3":{"r":"A6-FLL","t":"E135"},"961FB":{"r":"A6-PJE","t":"E135"},"961FF":{"r":"A6-DJL","t":"GLF4"},"96200":{"r":"A6-ARK","t":"E190"},"96201":{"r":"A6-HWK","t":"H25B"},"96202":{"r":"A6-ASQ","t":"CL60"},"96204":{"r":"A6-MAB","t":"H25B"},"96209":{"r":"A6-EGH","t":"B77W"},"9620A":{"r":"A6-EGI","t":"B77W"},"9620B":{"r":"A6-EGJ","t":"B77W"},"9620C":{"r":"A6-EGK","t":"B77W"},"9620D":{"r":"A6-EGL","t":"B77W"},"9620E":{"r":"A6-EGM","t":"B77W"},"9620F":{"r":"A6-EGN","t":"B77W"},"96210":{"r":"A6-EGO","t":"B77W"},"96211":{"r":"A6-EGP","t":"B77W"},"96212":{"r":"A6-EGQ","t":"B77W"},"96213":{"r":"A6-EGR","t":"B77W"},"96214":{"r":"A6-EGS","t":"B77W"},"96215":{"r":"A6-EGT","t":"B77W"},"96216":{"r":"A6-EGU","t":"B77W"},"96217":{"r":"A6-EGV","t":"B77W"},"96218":{"r":"A6-EGW","t":"B77W"},"96219":{"r":"A6-EGX","t":"B77W"},"9621A":{"r":"A6-EGY","t":"B77W"},"9621B":{"r":"A6-EGZ","t":"B77W"},"9621E":{"r":"A6-ABO","t":"A320"},"9621F":{"r":"A6-DLM","t":"A320"},"96220":{"r":"A6-UGH","t":"E135"},"96221":{"r":"A6-NLA","t":"E135"},"96228":{"r":"A6-EFD","t":"B77L"},"96229":{"r":"A6-SAC","t":"F900"},"9622C":{"r":"A6-FLO","t":"E135"},"96231":{"r":"A6-FBQ","t":"GL5T"},"96235":{"r":"A6-AJA","t":"E135"},"96236":{"r":"A6-AJB","t":"E135"},"96237":{"r":"A6-MAZ","t":"E135"},"96240":{"r":"A6-MXB","t":"A306"},"96241":{"r":"A6-EIK","t":"A320"},"96242":{"r":"A6-AZH","t":"GLF4"},"96246":{"r":"A6-VVV","t":"E135"},"9624B":{"r":"A6-HMS","t":"A320"},"9624F":{"r":"A6-ABP","t":"A320"},"96255":{"r":"A6-EIJ","t":"A320"},"96256":{"r":"A6-ABQ","t":"A320"},"9625A":{"r":"A6-EIL","t":"A320"},"9625B":{"r":"A6-EIM","t":"A320"},"9625C":{"r":"A6-EIN","t":"A320"},"96263":{"r":"A6-AAB","t":"RJ1H"},"96264":{"r":"A6-ALN","t":"B772"},"96266":{"r":"A6-FDC","t":"B738"},"96267":{"r":"A6-FDD","t":"B738"},"96268":{"r":"A6-FLH","t":"GLF4"},"96269":{"r":"A6-AJC","t":"A318"},"9626D":{"r":"A6-ABR","t":"A320"},"9626E":{"r":"A6-SHH","t":"HA4T"},"9626F":{"r":"A6-HLH","t":"B733"},"96271":{"r":"A6-RTS","t":"F900"},"96272":{"r":"A6-GGP","t":"B744"},"96273":{"r":"A6-SKA","t":"H25B"},"96274":{"r":"A6-DU3","t":"A139"},"96276":{"r":"A6-ETF","t":"B77W"},"96277":{"r":"A6-FDE","t":"B738"},"96293":{"r":"A6-HHS","t":"E190"},"96294":{"r":"A6-ORX","t":"GLF4"},"96295":{"r":"A6-FDF","t":"B738"},"96298":{"r":"A6-ABS","t":"A320"},"96299":{"r":"A6-AFA","t":"A333"},"9629A":{"r":"A6-DCA","t":"A332"},"9629B":{"r":"A6-DCB","t":"A332"},"9629C":{"r":"A6-AFB","t":"A333"},"9629D":{"r":"A6-AFC","t":"A333"},"9629F":{"r":"A6-SIL","t":"B77W"},"962A0":{"r":"A6-FDG","t":"B738"},"962A3":{"r":"A6-AJH","t":"E190"},"962A4":{"r":"A6-AJI","t":"E190"},"962AA":{"r":"A6-FDH","t":"B738"},"962AB":{"r":"A6-FDI","t":"B738"},"962B0":{"r":"A6-ABT","t":"A320"},"962B2":{"r":"A6-AUJ","t":"H25B"},"962B4":{"r":"A6-PHS","t":"H25B"},"962B5":{"r":"A6-FDJ","t":"B738"},"962B6":{"r":"A6-FDK","t":"B738"},"962B7":{"r":"A6-FDL","t":"B738"},"962B8":{"r":"A6-FDM","t":"B738"},"962B9":{"r":"A6-FDN","t":"B738"},"962BA":{"r":"A6-FDO","t":"B738"},"962BB":{"r":"A6-FDP","t":"B738"},"962BC":{"r":"A6-FDQ","t":"B738"},"962BD":{"r":"A6-FDR","t":"B738"},"962BE":{"r":"A6-FDS","t":"B738"},"962BF":{"r":"A6-FDT","t":"B738"},"962C0":{"r":"A6-FDU","t":"B738"},"962C1":{"r":"A6-FDV","t":"B738"},"962C3":{"r":"A6-MBS","t":"CL60"},"962C8":{"r":"A6-DFR","t":"B737"},"962CC":{"r":"A6-ESF","t":"B734"},"962CD":{"r":"A6-BBD","t":"GLEX"},"962D0":{"r":"A6-ANA","t":"A320"},"962D1":{"r":"A6-ANB","t":"A320"},"962D4":{"r":"A6-SMS","t":"FA7X"},"962DE":{"r":"A6-ANC","t":"A320"},"962DF":{"r":"A6-AND","t":"A320"},"962E1":{"r":"A6-TLH","t":"CL60"},"962E2":{"r":"A6-AFD","t":"A333"},"962E3":{"r":"A6-AFE","t":"A333"},"962E4":{"r":"A6-AFF","t":"A333"},"962E5":{"r":"A6-ETG","t":"B77W"},"962E6":{"r":"A6-ETH","t":"B77W"},"962E7":{"r":"A6-DDA","t":"B77L"},"962EA":{"r":"A6-SAJ","t":"CL60"},"962EB":{"r":"A6-HAZ","t":"A306"},"962EC":{"r":"A6-SUL","t":"A306"},"962ED":{"r":"A6-NIN","t":"A306"},"962FF":{"r":"A6-ANE","t":"A320"},"96300":{"r":"A6-ANF","t":"A320"},"96301":{"r":"A6-RKB"},"96302":{"r":"A6-CJE","t":"A319"},"96303":{"r":"A6-ENA","t":"B77W"},"96304":{"r":"A6-ENB","t":"B77W"},"96305":{"r":"A6-ENC","t":"B77W"},"96306":{"r":"A6-END","t":"B77W"},"96307":{"r":"A6-ENE","t":"B77W"},"96308":{"r":"A6-ENF","t":"B77W"},"96309":{"r":"A6-ENG","t":"B77W"},"9630A":{"r":"A6-ENH","t":"B77W"},"9630B":{"r":"A6-ENI","t":"B77W"},"9630C":{"r":"A6-ENJ","t":"B77W"},"9630D":{"r":"A6-ENK","t":"B77W"},"9630E":{"r":"A6-ENL","t":"B77W"},"9630F":{"r":"A6-ENM","t":"B77W"},"96310":{"r":"A6-ENN","t":"B77W"},"96311":{"r":"A6-ENO","t":"B77W"},"96312":{"r":"A6-ENP","t":"B77W"},"96313":{"r":"A6-ENQ","t":"B77W"},"96314":{"r":"A6-ENR","t":"B77W"},"96316":{"r":"A6-ENT","t":"B77W"},"96318":{"r":"A6-ENV","t":"B77W"},"96319":{"r":"A6-ENW","t":"B77W"},"9631A":{"r":"A6-ENX","t":"B77W"},"9631B":{"r":"A6-ENY","t":"B77W"},"9631D":{"r":"A6-EFM","t":"B77L"},"96325":{"r":"A6-EIO","t":"A320"},"96326":{"r":"A6-ETI","t":"B77W"},"96327":{"r":"A6-ETJ","t":"B77W"},"96328":{"r":"A6-ETK","t":"B77W"},"96329":{"r":"A6-ETL","t":"B77W"},"9632C":{"r":"A6-ABU","t":"A320"},"9632D":{"r":"A6-ABM","t":"A320"},"9632E":{"r":"A6-FDW","t":"B738"},"9632F":{"r":"A6-FDX","t":"B738"},"96330":{"r":"A6-FDY","t":"B738"},"96331":{"r":"A6-FDZ","t":"B738"},"96332":{"r":"A6-FEA","t":"B738"},"96337":{"r":"A6-ANH","t":"A320"},"96338":{"r":"A6-ANG","t":"A320"},"96339":{"r":"A6-ADL","t":"E135"},"9633A":{"r":"A6-EIP","t":"A320"},"9633B":{"r":"A6-ANI","t":"A320"},"96341":{"r":"A6-ETM","t":"B77W"},"96342":{"r":"A6-ETN","t":"B77W"},"96343":{"r":"A6-ETO","t":"B77W"},"96348":{"r":"A6-ANJ","t":"A320"},"9634E":{"r":"A6-KBB","t":"CL60"},"9634F":{"r":"A6-CPC","t":"CL60"},"96353":{"r":"A6-ETP","t":"B77W"},"96354":{"r":"A6-ETQ","t":"B77W"},"96355":{"r":"A6-ETR","t":"B77W"},"9635A":{"r":"A6-140","t":"A139"},"9635D":{"r":"A6-MVD","t":"CL60"},"96363":{"r":"A6-RRJ","t":"A319"},"96367":{"r":"A6-GCC","t":"E135"},"9636D":{"r":"A6-VAS","t":"E135"},"9636E":{"r":"A6-PFC","t":"B788"},"96370":{"r":"A6-ACE","t":"GL5T"},"96384":{"r":"A6-IFA","t":"CL60"},"96385":{"r":"A6-EYT","t":"A332"},"96389":{"r":"A6-TSF","t":"CL60"},"96399":{"r":"A6-EYU","t":"A332"},"9639A":{"r":"A6-EOA","t":"A388"},"9639B":{"r":"A6-EOB","t":"A388"},"9639C":{"r":"A6-EOC","t":"A388"},"9639D":{"r":"A6-EOD"},"9639E":{"r":"A6-EOE"},"9639F":{"r":"A6-EOF","t":"A388"},"963A2":{"r":"A6-EFO"},"963A3":{"r":"A6-EFS"},"963A7":{"r":"A6-JAA","t":"B77W"},"963A8":{"r":"A6-JAB","t":"B77W"},"963C1":{"r":"A6-AGB","t":"A332"},"963C3":{"r":"A6-LRA"},"963C4":{"r":"A6-LRB","t":"B77L"},"963C5":{"r":"A6-LRC"},"963C6":{"r":"A6-LRD"},"963C7":{"r":"A6-LRE","t":"B77L"},"963CC":{"r":"A6-ETS","t":"B77W"},"963CD":{"r":"A6-APA","t":"A388"},"963CE":{"r":"A6-BLA","t":"B789"},"963CF":{"r":"A6-BLB","t":"B789"},"963E4":{"r":"A6-EOG"},"963E5":{"r":"A6-EOH","t":"A388"},"963E6":{"r":"A6-EOI","t":"A388"},"963E7":{"r":"A6-EOJ","t":"A388"},"963E9":{"r":"A6-EOL"},"963EA":{"r":"A6-EOM"},"963EB":{"r":"A6-EON","t":"A388"},"96403":{"r":"A6-CPC","t":"E35L"},"96405":{"r":"A6-APB","t":"A388"},"96406":{"r":"A6-APC","t":"A388"},"96407":{"r":"A6-APD","t":"A388"},"96409":{"r":"A6-BLD","t":"B789"},"96414":{"r":"A6-JAC","t":"B77W"},"96415":{"r":"A6-JAD","t":"B77W"},"96416":{"r":"A6-JAE"},"96417":{"r":"A6-JAF"},"9641E":{"r":"A6-LGI"},"96438":{"r":"A6-HHH"},"9644B":{"r":"A6-EPV"},"9644C":{"r":"A6-EPW"},"9644D":{"r":"A6-EPX"},"9644E":{"r":"A6-EPY"},"9644F":{"r":"A6-EPZ"},"96450":{"r":"A6-EQA"},"96451":{"r":"A6-EQB"},"96452":{"r":"A6-EQC"},"96453":{"r":"A6-EQD"},"96454":{"r":"A6-EQE"},"96455":{"r":"A6-EQF"},"9645A":{"r":"A6-EUE"},"9645B":{"r":"A6-EUF"},"9645E":{"r":"A6-EFB"},"9645F":{"r":"A6-EFC"},"96471":{"r":"A6-EUG"},"96472":{"r":"A6-EUH"},"96473":{"r":"A6-EUI"},"96474":{"r":"A6-EUJ"},"96475":{"r":"A6-EUK"},"96476":{"r":"A6-EUL"},"9647E":{"r":"A6-EUT"},"96480":{"r":"A6-EUV"},"9649F":{"r":"A6-EQG"},"967D1":{"r":"DU-140","t":"A139"},"967D3":{"r":"DU-142","t":"A139"},"96C3D":{"r":"312","t":"C130"},"98037":{"r":"P2-ANB","t":"B752"},"98055":{"r":"P2-PXV","t":"B763"},"9805E":{"r":"P2-PXW","t":"B763"},"9806E":{"r":"P2-PXD","t":"B737"},"99014":{"r":"B-18251","t":"B744"},"99015":{"r":"B-18701","t":"B744"},"99016":{"r":"B-18702","t":"B744"},"99042":{"r":"B-16101","t":"MD11"},"99043":{"r":"B-16401","t":"B744"},"99044":{"r":"B-16402","t":"B744"},"9904B":{"r":"B-16107","t":"MD11"},"99050":{"r":"B-16462","t":"B744"},"99051":{"r":"B-16463","t":"B744"},"99063":{"r":"B-95959","t":"GLEX"},"99082":{"r":"B-16410","t":"B744"},"99083":{"r":"B-16411","t":"B744"},"99084":{"r":"B-16108","t":"MD11"},"99085":{"r":"B-16109","t":"MD11"},"99086":{"r":"B-16412","t":"B744"},"99087":{"r":"B-16110","t":"MD11"},"99088":{"r":"B-16111","t":"MD11"},"99089":{"r":"B-16112","t":"MD11"},"9908C":{"r":"B-16406","t":"B744"},"9908D":{"r":"B-16407","t":"B744"},"990C0":{"r":"B-16481","t":"B744"},"990C1":{"r":"B-16482","t":"B744"},"990C2":{"r":"B-16483","t":"B744"},"990C4":{"r":"B-16302","t":"A332"},"990C6":{"r":"B-16305","t":"A332"},"990C7":{"r":"B-16306","t":"A332"},"990C8":{"r":"B-16307","t":"A332"},"990C9":{"r":"B-16308","t":"A332"},"990CA":{"r":"B-16309","t":"A332"},"990CB":{"r":"B-16310","t":"A332"},"990CD":{"r":"B-16312","t":"A332"},"990D1":{"r":"B-16701","t":"B77W"},"990D2":{"r":"B-16702","t":"B77W"},"990D3":{"r":"B-16703","t":"B77W"},"990D4":{"r":"B-16705","t":"B77W"},"990D5":{"r":"B-16706","t":"B77W"},"990D6":{"r":"B-16707","t":"B77W"},"990D7":{"r":"B-16708","t":"B77W"},"990D8":{"r":"B-16709","t":"B77W"},"990D9":{"r":"B-16710","t":"B77W"},"990DA":{"r":"B-16711","t":"B77W"},"990DB":{"r":"B-16712","t":"B77W"},"990DC":{"r":"B-16713","t":"B77W"},"990DD":{"r":"B-16715","t":"B77W"},"990DE":{"r":"B-16716","t":"B77W"},"990DF":{"r":"B-16717","t":"B77W"},"99100":{"r":"B-18712","t":"B744"},"99101":{"r":"B-18715","t":"B744"},"99102":{"r":"B-18716","t":"B744"},"99103":{"r":"B-18717","t":"B744"},"99104":{"r":"B-18718","t":"B744"},"99105":{"r":"B-18719","t":"B744"},"99106":{"r":"B-18720","t":"B744"},"99107":{"r":"B-18721","t":"B744"},"99108":{"r":"B-18201","t":"B744"},"99109":{"r":"B-18202","t":"B744"},"9910A":{"r":"B-18203","t":"B744"},"9910B":{"r":"B-18205","t":"B744"},"9910C":{"r":"B-18206","t":"B744"},"9910D":{"r":"B-18207","t":"B744"},"9910E":{"r":"B-18208","t":"B744"},"99110":{"r":"B-18705","t":"B744"},"99111":{"r":"B-18706","t":"B744"},"99112":{"r":"B-18707","t":"B744"},"99113":{"r":"B-18708","t":"B744"},"99114":{"r":"B-18801","t":"A343"},"99115":{"r":"B-18802","t":"A343"},"99116":{"r":"B-18803","t":"A343"},"99117":{"r":"B-18805","t":"A343"},"99118":{"r":"B-18806","t":"A343"},"99119":{"r":"B-18807","t":"A343"},"9911B":{"r":"B-18722","t":"B744"},"9911C":{"r":"B-18723","t":"B744"},"9911D":{"r":"B-18709","t":"B744"},"9911E":{"r":"B-18710","t":"B744"},"9911F":{"r":"B-18711","t":"B744"},"991A0":{"r":"B-18210","t":"B744"},"991A1":{"r":"B-18211","t":"B744"},"991A2":{"r":"B-18212","t":"B744"},"991A3":{"r":"B-18215","t":"B744"},"991A4":{"r":"B-18725","t":"B744"},"991AC":{"r":"B-18356","t":"A333"},"991AD":{"r":"B-18357","t":"A333"},"991B0":{"r":"B-18301","t":"A333"},"991B1":{"r":"B-18302","t":"A333"},"991B2":{"r":"B-18303","t":"A333"},"991B3":{"r":"B-18305","t":"A333"},"991B4":{"r":"B-18306","t":"A333"},"991B6":{"r":"B-18308","t":"A333"},"991B7":{"r":"B-18309","t":"A333"},"991B8":{"r":"B-18310","t":"A333"},"991B9":{"r":"B-18311","t":"A333"},"991BA":{"r":"B-18312","t":"A333"},"991BC":{"r":"B-18315","t":"A333"},"991BD":{"r":"B-18316","t":"A333"},"991BE":{"r":"B-18317","t":"A333"},"991BF":{"r":"B-18352","t":"A333"},"991C1":{"r":"B-18355","t":"A333"},"A0037":{"r":"PK-GPA","t":"A333"},"A0038":{"r":"PK-GPC","t":"A333"},"A0039":{"r":"PK-GPD","t":"A333"},"A003A":{"r":"PK-GPE","t":"A333"},"A003B":{"r":"PK-GPF","t":"A333"},"A003C":{"r":"PK-GPG","t":"A333"},"A017A":{"r":"PK-AXA","t":"A320"},"A017B":{"r":"PK-AXC","t":"A320"},"A017C":{"r":"PK-AXD","t":"A320"},"A018C":{"r":"PK-AXE","t":"A320"},"A01BA":{"r":"PK-AXF","t":"A320"},"A01BB":{"r":"PK-AXG","t":"A320"},"A01C5":{"r":"PK-CKA","t":"B734"},"A01C9":{"r":"PK-AXH","t":"A320"},"A01CB":{"r":"PK-LGJ","t":"B739"},"A01CC":{"r":"PK-LGK","t":"B739"},"A01D3":{"r":"PK-GPH","t":"A332"},"A01D4":{"r":"PK-GPI","t":"A332"},"A01DA":{"r":"PK-GPJ","t":"A332"},"A01DB":{"r":"PK-GPK","t":"A332"},"A01DC":{"r":"PK-GMA","t":"B738"},"A01DD":{"r":"PK-GMC","t":"B738"},"A01DE":{"r":"PK-GMD","t":"B738"},"A01DF":{"r":"PK-GME","t":"B738"},"A01E0":{"r":"PK-GMF","t":"B738"},"A01E2":{"r":"PK-AXI","t":"A320"},"A01E6":{"r":"PK-CKD","t":"B734"},"A01F7":{"r":"PK-YVI","t":"A332"},"A01F8":{"r":"PK-LGP","t":"B739"},"A01F9":{"r":"PK-LGQ","t":"B739"},"A01FE":{"r":"PK-AXJ","t":"A320"},"A0204":{"r":"PK-AXK","t":"A320"},"A020C":{"r":"PK-GMG","t":"B738"},"A020D":{"r":"PK-GMH","t":"B738"},"A020E":{"r":"PK-GMI","t":"B738"},"A0210":{"r":"PK-GMK","t":"B738"},"A0211":{"r":"PK-GML","t":"B738"},"A0212":{"r":"PK-YVJ","t":"A332"},"A021B":{"r":"PK-GFA","t":"B738"},"A021C":{"r":"PK-GFC","t":"B738"},"A021D":{"r":"PK-GFD","t":"B738"},"A021E":{"r":"PK-GMM","t":"B738"},"A021F":{"r":"PK-GMN","t":"B738"},"A0220":{"r":"PK-GMO","t":"B738"},"A0231":{"r":"PK-AXL","t":"A320"},"A0235":{"r":"PK-LHI","t":"B739"},"A023E":{"r":"PK-GFF","t":"B738"},"A023F":{"r":"PK-GMP","t":"B738"},"A0240":{"r":"PK-GFG","t":"B738"},"A0241":{"r":"PK-GFH","t":"B738"},"A0242":{"r":"PK-GMQ","t":"B738"},"A0243":{"r":"PK-GFI","t":"B738"},"A0244":{"r":"PK-GFJ","t":"B738"},"A0245":{"r":"PK-GMR","t":"B738"},"A0246":{"r":"PK-GFK","t":"B738"},"A0247":{"r":"PK-GFL","t":"B738"},"A025D":{"r":"PK-AXM","t":"A320"},"A025F":{"r":"PK-AXO","t":"A320"},"A0261":{"r":"PK-LHO","t":"B739"},"A026A":{"r":"PK-LHQ","t":"B739"},"A026C":{"r":"PK-GPL","t":"A332"},"A026D":{"r":"PK-GPM","t":"A332"},"A026E":{"r":"PK-GFM","t":"B738"},"A026F":{"r":"PK-GFN","t":"B738"},"A0286":{"r":"PK-LHT","t":"B739"},"A0288":{"r":"PK-GFO","t":"B738"},"A0289":{"r":"PK-GFP","t":"B738"},"A028E":{"r":"PK-GFQ","t":"B738"},"A028F":{"r":"PK-GFR","t":"B738"},"A0290":{"r":"PK-GFS","t":"B738"},"A0291":{"r":"PK-GFT","t":"B738"},"A0292":{"r":"PK-GMS","t":"B738"},"A02A8":{"r":"PK-AXR","t":"A320"},"A02AC":{"r":"PK-GLC","t":"A320"},"A02AF":{"r":"PK-GLF","t":"A320"},"A02B0":{"r":"PK-AXS","t":"A320"},"A02B7":{"r":"PK-GPN","t":"A332"},"A02C8":{"r":"PK-CKN","t":"B734"},"A02CA":{"r":"PK-AXT","t":"A320"},"A02CB":{"r":"PK-AXU","t":"A320"},"A02CD":{"r":"PK-GPO","t":"A332"},"A02D2":{"r":"PK-AXV","t":"A320"},"A02D3":{"r":"PK-GMU","t":"B738"},"A02D4":{"r":"PK-GMV","t":"B738"},"A02D5":{"r":"PK-GMW","t":"B738"},"A02D6":{"r":"PK-GMX","t":"B738"},"A02E3":{"r":"PK-LJL","t":"B739"},"A02E5":{"r":"PK-RMN","t":"A320"},"A02FC":{"r":"PK-RMP","t":"A320"},"A0300":{"r":"PK-GLH","t":"A320"},"A0303":{"r":"PK-AXW","t":"A320"},"A030A":{"r":"PK-LJZ","t":"B738"},"A031F":{"r":"PK-LKL","t":"B739"},"A0320":{"r":"PK-AXX","t":"A320"},"A036C":{"r":"PK-AXZ","t":"A320"},"A037A":{"r":"PK-CLR","t":"B738"},"A037B":{"r":"PK-RMR","t":"A320"},"A039B":{"r":"PK-WGG","t":"AT76"},"A039C":{"r":"PK-WGH","t":"AT76"},"A039F":{"r":"PK-ECM","t":"SU95"},"A03A5":{"r":"PK-GIA","t":"B77W"},"A03A6":{"r":"PK-GIC","t":"B77W"},"A03A7":{"r":"PK-GID","t":"B77W"},"A03AB":{"r":"PK-GLQ","t":"A320"},"A03AF":{"r":"PK-GLU","t":"A320"},"A03C3":{"r":"PK-GIE","t":"B77W"},"A03C4":{"r":"PK-GMY","t":"B738"},"A03C7":{"r":"PK-GFV","t":"B738"},"A03DC":{"r":"PK-RJP"},"A043C":{"r":"PK-GAA","t":"AT76"},"A0451":{"r":"PK-GIF","t":"B77W"},"A0452":{"r":"PK-GIG","t":"B77W"},"A05ED":{"r":"PK-RJX"}}