{"003":{"t":"PA18"},"00B":{"t":"DG15"},"00C":{"t":"U21"},"00E":{"t":"PAY2"},"00F":{"desc":"H4E"},"011":{"t":"C182"},"012":{"desc":"L1P"},"013":{"t":"C208"},"014":{"t":"C208"},"017":{"desc":"L1P"},"01C":{"t":"R44"},"020":{"desc":"L1J"},"024":{"t":"ULAC"},"035":{"t":"GL5T"},"03E":{"desc":"L1P"},"03F":{"t":"RV12"},"043":{"t":"C175"},"045":{"t":"R44"},"048":{"t":"F900"},"04B":{"t":"T210"},"04E":{"desc":"L1P"},"051":{"desc":"L1P"},"053":{"desc":"L1P"},"055":{"desc":"A1P"},"057":{"desc":"L2P"},"058":{"desc":"L1P"},"059":{"t":"AR11"},"05A":{"t":"M20T"},"05B":{"t":"LJ60"},"05C":{"t":"B407"},"05D":{"t":"CH7B"},"05E":{"t":"EC35"},"05F":{"t":"AC11"},"062":{"t":"C25B"},"064":{"t":"SR22"},"066":{"desc":"H1T"},"067":{"t":"C152"},"068":{"desc":"L1P"},"069":{"t":"H500"},"06A":{"t":"C172"},"06E":{"t":"AC11"},"06F":{"t":"AC11"},"070":{"t":"C172"},"071":{"t":"F900"},"072":{"t":"BALL"},"075":{"t":"RV12"},"07A":{"t":"C56X"},"07B":{"t":"BALL"},"07D":{"desc":"L1P"},"07F":{"t":"GLEX"},"080":{"desc":"L1P"},"081":{"t":"B350"},"088":{"desc":"L2T","t":"DC3"},"089":{"desc":"H4E"},"08E":{"desc":"L1P"},"099":{"desc":"L1P","t":"ULAC"},"09A":{"desc":"L1J"},"09C":{"t":"DA40"},"0A4":{"t":"R44"},"0B1":{"desc":"L1P"},"0B2":{"desc":"L1P"},"0BA":{"desc":"L1P"},"0BB":{"t":"E110"},"0BD":{"desc":"L1P"},"0BE":{"t":"BE55"},"0BF":{"t":"BE58"},"0C4":{"t":"S61"},"0C6":{"desc":"L1P"},"0CB":{"desc":"L1P"},"0CC":{"desc":"L1P"},"0CF":{"desc":"L1P"},"0D3":{"desc":"L1P"},"0E5":{"t":"HUSK"},"0FA":{"desc":"L1P"},"0FD":{"t":"BE9L"},"105":{"t":"BE20"},"112":{"t":"F900"},"11E":{"desc":"L1P"},"11F":{"t":"PA18"},"120":{"desc":"L1P"},"122":{"t":"C140"},"123":{"t":"EA50"},"125":{"t":"M20P"},"126":{"t":"PC12"},"127":{"t":"AC11"},"128":{"t":"L8"},"12B":{"t":"PC12"},"12C":{"t":"PA23"},"12F":{"desc":"L1P"},"131":{"t":"M20T"},"133":{"t":"B47G"},"134":{"t":"P28A"},"135":{"t":"C150"},"136":{"t":"BE19"},"137":{"t":"C177"},"138":{"t":"C150"},"13D":{"t":"C177"},"13E":{"t":"C150"},"140":{"desc":"L1P"},"142":{"t":"PA18"},"145":{"t":"C140"},"146":{"t":"CH7A"},"149":{"t":"M20P"},"14A":{"t":"AC11"},"14C":{"t":"UH12"},"14E":{"t":"M20P"},"14F":{"desc":"L1P"},"154":{"t":"M20P"},"155":{"t":"M20P"},"157":{"t":"BE35"},"158":{"t":"C150"},"159":{"desc":"L2P"},"15A":{"t":"C150"},"15D":{"t":"C150"},"15E":{"t":"C150"},"160":{"t":"C150"},"161":{"t":"C150"},"162":{"t":"C150"},"163":{"t":"C150"},"167":{"t":"PA18"},"169":{"t":"CH7A"},"16B":{"t":"M20T"},"16C":{"t":"AR15"},"16E":{"t":"M20T"},"16F":{"t":"M20T"},"170":{"t":"C172"},"171":{"t":"M20T"},"173":{"t":"M20T"},"174":{"desc":"H1P"},"175":{"t":"RV12"},"178":{"t":"C172"},"17C":{"t":"C172"},"17D":{"t":"M20P"},"180":{"t":"M20T"},"183":{"t":"E135"},"184":{"t":"C150"},"185":{"t":"C150"},"186":{"t":"C150"},"188":{"t":"PA18"},"18B":{"t":"C140"},"18C":{"desc":"L1P"},"191":{"t":"M20P"},"192":{"desc":"A1P"},"194":{"t":"ST75"},"196":{"t":"M20P"},"197":{"desc":"A1P"},"198":{"t":"BE60"},"199":{"t":"BE55"},"19C":{"t":"M20P"},"1A1":{"t":"C150"},"1A3":{"t":"C150"},"1A5":{"t":"E145"},"1A6":{"t":"E145"},"1A8":{"t":"C150"},"1A9":{"t":"E145"},"1AB":{"desc":"L1P"},"1AC":{"t":"L8"},"1AD":{"t":"PA18"},"1AF":{"t":"CH7A"},"1B0":{"t":"C208"},"1B1":{"t":"C172"},"1B2":{"t":"AR15"},"1B6":{"desc":"H1P"},"1BD":{"t":"M20P"},"1BF":{"t":"C172"},"1C0":{"t":"PA32"},"1C1":{"desc":"L1P"},"1C2":{"t":"SR22"},"1C3":{"t":"C150"},"1C4":{"t":"C82R"},"1C7":{"t":"E145"},"1C9":{"t":"C150"},"1CA":{"t":"E145"},"1CB":{"t":"E145"},"1CF":{"t":"L8"},"1D1":{"desc":"L1P"},"1D2":{"t":"BL8"},"1D3":{"t":"C172"},"1D4":{"t":"M20P"},"1D9":{"t":"T206"},"1DB":{"t":"C206"},"1DC":{"t":"GLID"},"1DD":{"desc":"L1P"},"1DE":{"t":"GLID"},"1DF":{"t":"BE60"},"1E2":{"desc":"L1P"},"1E4":{"t":"M20P"},"1E5":{"desc":"L1P"},"1E7":{"t":"E145"},"1E8":{"t":"C150"},"1EA":{"t":"C150"},"1EB":{"t":"M20P"},"1EE":{"t":"C150"},"1EF":{"desc":"A1P"},"1F0":{"desc":"L2P"},"1F2":{"t":"M20P"},"1F3":{"desc":"L1P"},"1F5":{"t":"CH7B"},"1F7":{"t":"M20T"},"1F9":{"t":"AC11"},"1FA":{"t":"M20T"},"1FC":{"t":"M20T"},"1FD":{"t":"M20P"},"1FE":{"t":"M20P"},"1FF":{"t":"GLID"},"201":{"t":"GLID"},"202":{"t":"BE35"},"203":{"t":"M20P"},"204":{"desc":"L1P"},"208":{"t":"M20P"},"20C":{"t":"C150"},"20D":{"t":"C177"},"20E":{"t":"E145"},"20F":{"t":"C177"},"214":{"t":"M20P"},"215":{"t":"PA18"},"216":{"t":"PA18"},"217":{"desc":"L1P"},"21A":{"t":"M20T"},"21B":{"desc":"L1T","t":"YAK9"},"21C":{"t":"M20T"},"21D":{"t":"M20T"},"21E":{"t":"M20T"},"21F":{"t":"C182"},"221":{"t":"M20T"},"222":{"t":"C206"},"224":{"t":"PA31"},"225":{"t":"BE36"},"226":{"t":"M20P"},"227":{"t":"C172"},"228":{"t":"C206"},"229":{"t":"P28A"},"22A":{"t":"C150"},"22B":{"t":"M20P"},"22C":{"t":"C150"},"22D":{"t":"C150"},"22F":{"t":"C150"},"230":{"t":"GLID"},"231":{"t":"C170"},"233":{"t":"C150"},"236":{"desc":"L2T"},"238":{"t":"B06"},"239":{"t":"SR22"},"23A":{"t":"M20P"},"23C":{"t":"C172"},"23E":{"t":"P28A"},"23F":{"t":"M20P"},"240":{"t":"M20P"},"241":{"desc":"A1P"},"243":{"t":"M20T"},"244":{"t":"PA23"},"245":{"t":"C172"},"24A":{"t":"C172"},"24D":{"t":"C150"},"24E":{"t":"C206"},"250":{"t":"M20P"},"251":{"desc":"L1P"},"253":{"t":"C150"},"254":{"t":"C177"},"256":{"t":"C150"},"258":{"t":"C150"},"25D":{"t":"M20T"},"25E":{"t":"BL8"},"261":{"t":"AR15"},"263":{"t":"C172"},"267":{"t":"M20P"},"268":{"t":"COL4"},"26B":{"t":"BE55"},"26D":{"t":"C172"},"270":{"t":"C150"},"271":{"t":"C172"},"272":{"t":"C150"},"274":{"t":"C150"},"276":{"t":"C150"},"278":{"t":"C177"},"27B":{"t":"C150"},"27C":{"desc":"H1T"},"27D":{"desc":"H2T"},"27E":{"t":"C25B"},"27F":{"t":"BE55"},"281":{"t":"BE40"},"284":{"desc":"A2P"},"285":{"t":"C182"},"286":{"desc":"L1P"},"287":{"t":"C180"},"28A":{"t":"A321"},"28B":{"t":"BE40"},"28D":{"desc":"L1P"},"28E":{"t":"LJ45"},"28F":{"t":"PA38"},"291":{"t":"P28A"},"297":{"desc":"A1P","t":"ULAC"},"298":{"t":"GLID"},"29A":{"t":"BE36"},"29D":{"t":"C310"},"29E":{"t":"PA18"},"2A7":{"desc":"L1P"},"2AB":{"desc":"L1P"},"2AE":{"t":"E190"},"2B1":{"t":"BALL"},"2B2":{"desc":"L1P"},"2B7":{"desc":"A1P"},"2B8":{"desc":"H1P"},"2BA":{"t":"DV20"},"2BD":{"t":"C182"},"2BF":{"t":"C172"},"2C1":{"t":"FDCT"},"2C4":{"desc":"L1P"},"2C5":{"desc":"L1P"},"2C9":{"t":"C56X"},"2CA":{"t":"ULAC"},"2CC":{"t":"T206"},"2CD":{"t":"S22T"},"2CF":{"t":"BE10"},"2D0":{"desc":"L1P"},"2D2":{"t":"E55P"},"2D4":{"t":"GLID"},"2D5":{"t":"A321"},"2D6":{"desc":"L1P"},"2DB":{"t":"BCS1"},"2DD":{"desc":"L1P"},"2E1":{"desc":"L1P"},"2E2":{"t":"C340"},"2E4":{"t":"H500"},"2E5":{"desc":"A1P"},"2F1":{"t":"P28R"},"2F2":{"desc":"L1P"},"2FA":{"t":"BE35"},"2FC":{"desc":"A2P"},"2FE":{"t":"UH1"},"2FF":{"desc":"L2J"},"305":{"t":"PA18"},"308":{"t":"C172"},"30B":{"t":"BALL"},"30C":{"t":"COL4"},"313":{"t":"M7"},"316":{"desc":"H2P"},"31B":{"desc":"L1P"},"31C":{"desc":"L1P"},"324":{"desc":"L1P"},"328":{"t":"PA31"},"329":{"desc":"L1P","t":"ULAC"},"32C":{"t":"BE55"},"332":{"t":"CL30"},"337":{"t":"CL60"},"33B":{"t":"E75L"},"33C":{"t":"C182"},"341":{"t":"G150"},"346":{"desc":"L1P"},"348":{"t":"ASTR"},"349":{"desc":"L1P"},"34A":{"t":"C172"},"34E":{"t":"C421"},"34F":{"t":"ERCO"},"350":{"desc":"L1P"},"351":{"desc":"L1P"},"353":{"t":"PAY3"},"355":{"desc":"H1T"},"357":{"desc":"L1P"},"35A":{"t":"C335"},"35F":{"t":"BE20"},"361":{"t":"C550"},"367":{"t":"RV12"},"36A":{"desc":"L1P"},"36B":{"t":"AT3T"},"36C":{"t":"AT6T"},"36F":{"t":"C172"},"373":{"t":"SR22"},"375":{"t":"PA32"},"377":{"t":"BE55"},"379":{"t":"BALL"},"37A":{"desc":"L1P","t":"ULAC"},"37E":{"t":"ULAC"},"37F":{"t":"C188"},"382":{"desc":"L1P","t":"ULAC"},"385":{"desc":"L1P"},"389":{"t":"PTS2"},"38B":{"desc":"L1P"},"38C":{"t":"C680"},"390":{"desc":"L1P"},"391":{"t":"LJ35"},"392":{"t":"C650"},"393":{"t":"C510"},"394":{"desc":"L1E"},"395":{"desc":"L1P"},"396":{"t":"PA27"},"397":{"desc":"L1P","t":"ULAC"},"399":{"t":"FDCT"},"39A":{"t":"GLF4"},"39B":{"t":"C525"},"39C":{"desc":"L1P"},"3A1":{"desc":"L1P"},"3A5":{"desc":"H2T"},"3A8":{"t":"C525"},"3AA":{"t":"E190"},"3AC":{"t":"G150"},"3B0":{"t":"DA40"},"3B2":{"t":"PA18"},"3C2":{"desc":"L1P"},"3C3":{"t":"C414"},"3C4":{"t":"SF50"},"3C5":{"t":"CH7B"},"3C9":{"t":"R22"},"3CB":{"t":"LJ45"},"3CC":{"desc":"L1P"},"3CE":{"desc":"A1P"},"3D4":{"desc":"L1P"},"3D7":{"desc":"L1P"},"3DB":{"t":"HUSK"},"3EC":{"t":"GL5T"},"3F5":{"t":"CH7A"},"3F6":{"t":"GLID"},"3F7":{"t":"AC11"},"3FA":{"t":"ULAC"},"3FC":{"t":"T34P"},"3FD":{"t":"HUSK"},"404":{"t":"GLID"},"405":{"t":"R22"},"406":{"t":"ULAC"},"408":{"desc":"L1P"},"409":{"t":"F900"},"40F":{"t":"AC11"},"410":{"desc":"L1P","t":"ULAC"},"411":{"t":"CH7B"},"412":{"t":"T6"},"413":{"t":"GLEX"},"417":{"t":"PC12"},"418":{"t":"C182"},"419":{"t":"C82S"},"41D":{"desc":"H2T"},"41F":{"desc":"L1P"},"421":{"t":"C172"},"422":{"t":"LJ45"},"424":{"t":"E75L"},"426":{"t":"PA18"},"427":{"t":"C25C"},"428":{"desc":"H1P"},"429":{"t":"BALL"},"42C":{"desc":"L1P"},"42F":{"desc":"L1P","t":"ULAC"},"431":{"desc":"L1T"},"432":{"t":"BALL"},"434":{"desc":"L1P"},"437":{"desc":"L1P"},"438":{"t":"B350"},"439":{"t":"P208"},"43B":{"t":"BE35"},"43C":{"t":"BE20"},"440":{"t":"B744"},"450":{"desc":"L1P","t":"ULAC"},"453":{"t":"DA40"},"458":{"desc":"L1P"},"45A":{"t":"BALL"},"45F":{"t":"C182"},"462":{"t":"R44"},"466":{"t":"C550"},"472":{"t":"E110"},"473":{"t":"C182"},"474":{"desc":"L1P"},"476":{"t":"LJ45"},"47A":{"t":"GLF4"},"47B":{"desc":"L1P"},"486":{"desc":"L1P"},"4B9":{"desc":"L1P"},"4D2":{"t":"C182"},"4D6":{"t":"PA18"},"4D7":{"t":"L8"},"4DA":{"t":"CH7A"},"4DD":{"desc":"L1P"},"4DE":{"t":"AC11"},"4DF":{"t":"L8"},"4E2":{"t":"M20P"},"4E6":{"t":"GLID"},"4E9":{"t":"NAVI"},"4EB":{"t":"P28R"},"4EE":{"t":"C177"},"4EF":{"desc":"L1P"},"4F2":{"t":"C150"},"4F3":{"t":"C150"},"4F4":{"t":"M20P"},"4F5":{"t":"C150"},"4F6":{"t":"C177"},"4F7":{"desc":"H1P"},"4F9":{"t":"PA18"},"4FA":{"t":"M20T"},"4FC":{"t":"C140"},"4FD":{"t":"CH7A"},"4FE":{"t":"C172"},"500":{"t":"P28A"},"501":{"t":"AC11"},"504":{"t":"M20T"},"506":{"t":"M20T"},"508":{"t":"BALL"},"509":{"t":"GLID"},"50C":{"t":"COL4"},"50E":{"t":"PA32"},"510":{"t":"M20P"},"511":{"t":"C150"},"515":{"t":"C172"},"516":{"t":"M20P"},"517":{"t":"C150"},"51A":{"t":"C150"},"51D":{"desc":"L1P"},"51E":{"t":"C177"},"51F":{"t":"M20T"},"520":{"t":"CH7A"},"522":{"t":"M20P"},"523":{"t":"AR15"},"525":{"t":"L8"},"529":{"desc":"A1P"},"52B":{"t":"BALL"},"52E":{"t":"C182"},"52F":{"t":"BE20"},"531":{"t":"PA34"},"532":{"t":"C150"},"535":{"t":"C150"},"539":{"t":"C177"},"53A":{"t":"C150"},"53C":{"t":"C150"},"53F":{"t":"M20T"},"540":{"t":"M20T"},"542":{"t":"M20T"},"543":{"t":"CH7B"},"544":{"t":"C172"},"545":{"t":"M20P"},"546":{"t":"AR15"},"547":{"t":"AC11"},"54A":{"t":"C550"},"550":{"t":"BE55"},"551":{"t":"M20T"},"555":{"t":"C150"},"556":{"t":"M20P"},"55B":{"t":"C150"},"55D":{"t":"P51"},"560":{"t":"C150"},"564":{"t":"PA22"},"565":{"t":"CH7A"},"567":{"t":"MU2"},"568":{"t":"M20T"},"569":{"t":"AR15"},"56B":{"t":"L8"},"56C":{"desc":"A1P"},"56D":{"desc":"L1P"},"572":{"t":"GLID"},"576":{"t":"BE55"},"577":{"t":"P28R"},"57C":{"t":"CH7A"},"57D":{"t":"CH7B"},"57F":{"t":"CH7B"},"580":{"t":"CH7B"},"581":{"t":"CH7B"},"582":{"t":"CH7A"},"584":{"desc":"L1J"},"586":{"t":"L8"},"588":{"t":"M20T"},"589":{"t":"CH7A"},"58A":{"t":"C172"},"58B":{"t":"M20T"},"58E":{"desc":"L1P"},"58F":{"t":"M20P"},"591":{"t":"M20P"},"595":{"t":"AR11"},"596":{"t":"BE35"},"597":{"t":"C172"},"598":{"desc":"L1P"},"599":{"t":"M20P"},"59A":{"t":"PA32"},"59B":{"t":"T206"},"59C":{"desc":"L2P"},"59D":{"t":"CH7A"},"5A0":{"desc":"L1P"},"5A2":{"t":"A109"},"5A4":{"t":"CH7B"},"5A5":{"t":"CH7B"},"5A6":{"t":"CH7B"},"5A9":{"desc":"L2P"},"5AA":{"t":"PA22"},"5AB":{"t":"M20T"},"5AC":{"t":"BL8"},"5AD":{"t":"C172"},"5B2":{"desc":"A1P"},"5B3":{"t":"C182"},"5B5":{"t":"PA23"},"5B8":{"t":"GLID"},"5BB":{"t":"C172"},"5BC":{"t":"C172"},"5BD":{"t":"PA34"},"5BE":{"t":"C150"},"5BF":{"t":"M20P"},"5C0":{"t":"CH7B"},"5C3":{"t":"CH7A"},"5C4":{"t":"CH7A"},"5C7":{"t":"CH7A"},"5CA":{"desc":"L1P"},"5CB":{"t":"B350"},"5CC":{"t":"L8"},"5CD":{"t":"PA22"},"5CF":{"t":"CH7A"},"5D0":{"t":"C172"},"5D2":{"t":"M20T"},"5D4":{"t":"L8"},"5D6":{"t":"BE23"},"5D7":{"t":"M20T"},"5D8":{"t":"PA23"},"5DB":{"t":"GLID"},"5DD":{"t":"M20T"},"5DE":{"t":"C172"},"5E0":{"t":"P28A"},"5E1":{"t":"M20T"},"5E3":{"t":"CH7A"},"5E5":{"t":"CH7A"},"5E6":{"t":"CH7B"},"5E8":{"t":"CH7A"},"5E9":{"t":"CH7B"},"5EA":{"t":"CH7B"},"5EC":{"t":"CH7B"},"5EF":{"t":"M20P"},"5F0":{"t":"PA22"},"5F3":{"t":"C172"},"5F5":{"t":"P28S"},"5F8":{"desc":"A1P"},"5FA":{"t":"M20T"},"5FB":{"desc":"L1P"},"5FD":{"desc":"L1P"},"5FE":{"t":"M20T"},"5FF":{"t":"BE55"},"600":{"t":"S58T"},"601":{"t":"C172"},"603":{"t":"P28A"},"604":{"t":"M20T"},"606":{"t":"BL8"},"607":{"t":"CH7B"},"608":{"t":"C172"},"609":{"t":"CH7A"},"60A":{"t":"CH7B"},"60C":{"t":"CH7B"},"60D":{"t":"CH7B"},"60F":{"t":"CH7B"},"610":{"desc":"L2P"},"611":{"t":"PA18"},"614":{"desc":"L1P"},"616":{"t":"C172"},"617":{"desc":"L1P"},"618":{"t":"AA5"},"61B":{"t":"M20T"},"61C":{"desc":"A1P","t":"PA18"},"61D":{"t":"M20P"},"61F":{"t":"C185"},"620":{"desc":"L1P"},"621":{"t":"GLID"},"622":{"t":"BE35"},"625":{"t":"B47G"},"627":{"t":"C150"},"628":{"t":"M20P"},"629":{"t":"CH7B"},"62A":{"t":"H269"},"62B":{"t":"BE9L"},"62E":{"t":"CH7A"},"633":{"desc":"H2T"},"634":{"desc":"L1P"},"635":{"t":"CL60"},"636":{"t":"C172"},"637":{"t":"C182"},"63A":{"desc":"L1P"},"63E":{"t":"S22T"},"63F":{"t":"GLF5"},"640":{"desc":"H2T"},"641":{"t":"A321"},"642":{"t":"C82S"},"645":{"t":"B06"},"646":{"t":"PA38"},"649":{"desc":"L1P"},"64A":{"t":"B190"},"64D":{"t":"C25B"},"64E":{"t":"R44"},"64F":{"desc":"L1P"},"650":{"t":"P28A"},"653":{"desc":"L1P","t":"ULAC"},"654":{"t":"C650"},"655":{"desc":"L2T"},"659":{"t":"PA46"},"65B":{"desc":"L1P"},"65F":{"t":"SR22"},"666":{"t":"BE9L"},"667":{"t":"CH7A"},"669":{"desc":"L2T"},"66A":{"desc":"L1P"},"66C":{"t":"C337"},"66E":{"desc":"H2T"},"671":{"desc":"L1P"},"672":{"desc":"L1P"},"674":{"t":"CH7B"},"677":{"t":"P32R"},"678":{"t":"FDCT"},"67C":{"desc":"L1P"},"67F":{"desc":"L1P"},"680":{"desc":"L1P"},"681":{"t":"P28A"},"682":{"desc":"L1P"},"684":{"desc":"G1P","t":"GYRO"},"685":{"t":"M20P"},"687":{"desc":"L1P"},"688":{"desc":"H2T"},"68A":{"t":"B212"},"68B":{"t":"BE19"},"68C":{"desc":"L2T"},"68D":{"t":"BE35"},"68F":{"t":"UH1"},"690":{"t":"HA4T"},"692":{"t":"BCS1"},"694":{"t":"P28A"},"695":{"t":"A321"},"699":{"t":"EA50"},"69A":{"t":"GLF4"},"69B":{"t":"BE36"},"69C":{"desc":"L1P"},"69D":{"t":"E50P"},"69F":{"desc":"L1T"},"6A4":{"t":"PA32"},"6A8":{"t":"P28R"},"6AB":{"t":"BE20"},"6B1":{"t":"AEST"},"6B2":{"desc":"L1P","t":"ULAC"},"6B6":{"t":"B763"},"6B7":{"t":"C182"},"6BC":{"t":"BE55"},"6BF":{"t":"COL3"},"6C3":{"t":"B06"},"6C5":{"desc":"L2J"},"6CA":{"t":"SR22"},"6CB":{"desc":"L4P"},"6CC":{"t":"RV12"},"6D2":{"t":"P32R"},"6D3":{"desc":"L1P"},"6D5":{"t":"A320"},"6D8":{"desc":"L1P"},"6DB":{"t":"C170"},"6DE":{"t":"GLID"},"6E0":{"desc":"L1P","t":"ULAC"},"6E3":{"t":"MU2"},"6E7":{"t":"AS50"},"6EB":{"t":"H25B"},"6EC":{"desc":"L1P"},"6ED":{"t":"B06"},"6EE":{"t":"T210"},"6F2":{"t":"E75L"},"6F4":{"desc":"L1P"},"6F8":{"t":"HUSK"},"6FC":{"desc":"H2T"},"6FD":{"t":"BE76"},"6FE":{"t":"C172"},"6FF":{"t":"PA32"},"700":{"t":"C310"},"703":{"desc":"A1P"},"704":{"desc":"L1P"},"708":{"desc":"L1P"},"70A":{"t":"PA31"},"70C":{"desc":"L1P"},"70D":{"desc":"L1P"},"70E":{"t":"H25B"},"716":{"t":"BE55"},"717":{"t":"LJ60"},"718":{"t":"SR22"},"719":{"t":"SR20"},"721":{"desc":"L1P"},"723":{"t":"P210"},"725":{"t":"PA46"},"726":{"t":"C172"},"72A":{"desc":"L1P"},"730":{"t":"ULAC"},"731":{"desc":"H2T"},"733":{"t":"R44"},"734":{"t":"SR20"},"736":{"desc":"L1T"},"737":{"t":"GLID"},"739":{"t":"BALL"},"73C":{"t":"GLID"},"73E":{"t":"LJ55"},"743":{"t":"AA5"},"748":{"t":"C501"},"74A":{"desc":"L2P"},"74D":{"t":"BE9L"},"750":{"desc":"L1P"},"751":{"desc":"H1T"},"752":{"desc":"L1T"},"753":{"t":"C177"},"756":{"t":"GLID"},"757":{"desc":"L1P"},"758":{"t":"GL5T"},"759":{"t":"P28A"},"763":{"desc":"H1T"},"765":{"t":"E550"},"767":{"desc":"H2T"},"76A":{"desc":"L1P"},"76E":{"desc":"L1P"},"773":{"t":"PA46"},"779":{"t":"T210"},"77A":{"t":"C240"},"77B":{"t":"C72R"},"77C":{"t":"B407"},"780":{"desc":"L1P","t":"ULAC"},"781":{"t":"C182"},"782":{"desc":"L1P"},"785":{"t":"EN48"},"789":{"desc":"L1T","t":"M600"},"78A":{"t":"C510"},"78D":{"desc":"H1P"},"78E":{"t":"P46T"},"792":{"desc":"L1P"},"7A3":{"t":"GL5T"},"7AB":{"t":"S22T"},"7AD":{"desc":"A1P","t":"PA18"},"7AE":{"t":"C72R"},"7B1":{"desc":"L1P","t":"LA4"},"7B2":{"desc":"L1P"},"7B3":{"desc":"L1J"},"7B5":{"t":"P28U"},"7B6":{"t":"ULAC"},"7BC":{"t":"BE58"},"7BD":{"t":"GLID"},"7BF":{"t":"ST75"},"7C0":{"t":"M20P"},"7C5":{"desc":"A1P"},"7C7":{"t":"P28S"},"7C8":{"t":"C182"},"7C9":{"t":"PA32"},"7CA":{"t":"F900"},"7CC":{"t":"EC35"},"7CD":{"desc":"L1P"},"7CE":{"desc":"L1P","t":"ULAC"},"7CF":{"desc":"L1P"},"7D4":{"desc":"H2T"},"7D5":{"t":"C150"},"7D7":{"t":"S22T"},"7D8":{"t":"C172"},"7DB":{"t":"E75L"},"7DC":{"t":"GLID"},"7DD":{"t":"TWEN"},"7DE":{"desc":"L1P"},"7DF":{"t":"GLID"},"7E0":{"t":"C310"},"7E1":{"t":"M20T"},"7E3":{"t":"GLEX"},"7E4":{"desc":"L4T"},"7E5":{"desc":"L1P"},"7E6":{"t":"BE9T"},"7E7":{"t":"P28A"},"7E8":{"t":"PA18"},"7E9":{"t":"BL8"},"7EA":{"t":"AA1"},"7ED":{"desc":"L1P"},"7EE":{"t":"C150"},"7EF":{"t":"C182"},"7F1":{"desc":"H1T"},"7F3":{"desc":"L1P"},"7F7":{"t":"B744"},"7FE":{"t":"EA50"},"802":{"t":"P210"},"804":{"desc":"H1T"},"80B":{"t":"A320"},"810":{"desc":"L1P"},"819":{"t":"PC24"},"81F":{"t":"P28R"},"823":{"desc":"L1P","t":"ULAC"},"829":{"t":"E110"},"82A":{"t":"BE50"},"82B":{"desc":"H1T"},"82C":{"desc":"L1P"},"830":{"t":"H25B"},"831":{"t":"C150"},"833":{"desc":"A1P"},"836":{"desc":"L1P"},"838":{"t":"GLF4"},"83C":{"desc":"L1P"},"83D":{"t":"C320"},"871":{"desc":"A1P","t":"ULAC"},"872":{"desc":"L1P"},"873":{"desc":"L1P"},"889":{"desc":"L1P","t":"ULAC"},"88C":{"t":"B407"},"88D":{"t":"PA18"},"88E":{"t":"COL3"},"892":{"t":"C172"},"893":{"t":"M20P"},"894":{"t":"AR15"},"895":{"t":"AC11"},"896":{"t":"L8"},"897":{"desc":"A1P"},"898":{"t":"C172"},"89D":{"t":"GLID"},"89E":{"t":"BE35"},"89F":{"t":"M20T"},"8A0":{"t":"C172"},"8A2":{"t":"M20P"},"8A3":{"t":"C150"},"8A7":{"t":"CH7B"},"8A8":{"t":"AT8T"},"8A9":{"t":"CH7A"},"8AB":{"t":"CH7B"},"8AC":{"t":"BL8"},"8AE":{"t":"CH7A"},"8AF":{"t":"B06"},"8B0":{"t":"M20T"},"8B1":{"t":"C172"},"8B2":{"t":"PA20"},"8B4":{"t":"BALL"},"8B5":{"t":"C172"},"8B6":{"t":"M20T"},"8B8":{"t":"C182"},"8B9":{"t":"L8"},"8BA":{"t":"M20P"},"8BB":{"t":"M20P"},"8BC":{"t":"M20P"},"8BD":{"t":"M20P"},"8BE":{"desc":"L1P"},"8BF":{"t":"M20P"},"8C1":{"t":"C180"},"8C4":{"t":"M20P"},"8C6":{"desc":"L2T"},"8CB":{"desc":"L1P"},"8CD":{"desc":"L1P"},"8D1":{"t":"M20P"},"8D5":{"t":"C175"},"8D6":{"t":"O1"},"8D8":{"t":"C172"},"8D9":{"t":"C172"},"8DC":{"t":"M20T"},"8DE":{"t":"C172"},"8E0":{"t":"PA23"},"8E3":{"t":"GLID"},"8E7":{"t":"M20T"},"8E9":{"t":"C150"},"8EB":{"t":"CH7A"},"8EC":{"t":"CH7B"},"8EE":{"t":"C177"},"8EF":{"t":"M20P"},"8F0":{"desc":"L1P"},"8F6":{"t":"M20P"},"8F7":{"t":"M20P"},"8F8":{"t":"C177"},"8F9":{"t":"O1"},"8FB":{"t":"C172"},"8FC":{"t":"M20T"},"8FE":{"t":"AC11"},"901":{"t":"C172"},"902":{"t":"M20P"},"904":{"t":"T210"},"906":{"t":"GLID"},"90A":{"t":"M20T"},"90B":{"t":"C172"},"90C":{"desc":"L1P"},"90E":{"t":"C177"},"90F":{"t":"C150"},"910":{"t":"C150"},"911":{"desc":"L1P"},"912":{"t":"RV12"},"913":{"desc":"L1P"},"915":{"desc":"L1P"},"917":{"desc":"L1P"},"91A":{"desc":"L1P"},"91B":{"t":"C182"},"91D":{"t":"CH7A"},"91F":{"t":"J3"},"920":{"t":"C182"},"921":{"t":"AC11"},"922":{"t":"L8"},"924":{"t":"C172"},"926":{"t":"PA23"},"927":{"t":"T210"},"92A":{"t":"BE55"},"92B":{"desc":"H2T"},"92C":{"t":"BE17"},"92E":{"t":"C240"},"92F":{"t":"AR11"},"931":{"t":"C150"},"932":{"desc":"L1P"},"937":{"t":"C150"},"938":{"desc":"L1P"},"939":{"t":"C150"},"93A":{"t":"C150"},"93C":{"t":"PA18"},"940":{"t":"BL8"},"943":{"t":"AR15"},"945":{"t":"C82S"},"947":{"t":"C182"},"948":{"t":"FA62"},"94D":{"t":"BE58"},"954":{"desc":"L1P"},"955":{"desc":"L1P"},"958":{"desc":"L1P"},"95A":{"t":"C177"},"95F":{"t":"C82S"},"963":{"t":"CH7B"},"965":{"t":"J3"},"96E":{"t":"C182"},"96F":{"t":"GLID"},"970":{"t":"C182"},"971":{"t":"C172"},"973":{"desc":"L1P"},"974":{"t":"PA34"},"975":{"t":"C150"},"976":{"desc":"L2P"},"977":{"desc":"L1P"},"978":{"desc":"L1P"},"97D":{"t":"C150"},"97E":{"desc":"L1P"},"97F":{"desc":"L1P"},"981":{"t":"ST75"},"982":{"t":"P32R"},"983":{"t":"BL8"},"986":{"t":"BL8"},"987":{"t":"C172"},"988":{"desc":"L1P"},"98E":{"desc":"L1P"},"991":{"t":"C182"},"992":{"t":"C180"},"997":{"t":"P28B"},"998":{"t":"J3"},"99B":{"t":"C177"},"99C":{"t":"C150"},"99E":{"desc":"L1P"},"99F":{"t":"C150"},"9A0":{"desc":"L1P"},"9A1":{"desc":"L1P"},"9A3":{"t":"C150"},"9A5":{"desc":"L1P"},"9A7":{"t":"C177"},"9A9":{"t":"CH7A"},"9AA":{"t":"C172"},"9AB":{"t":"AR11"},"9AC":{"t":"AR15"},"9AE":{"t":"AR11"},"9B0":{"t":"C172"},"9B1":{"t":"FA62"},"9B4":{"desc":"L1P"},"9B5":{"t":"GLID"},"9B6":{"t":"BE36"},"9B7":{"t":"T210"},"9B8":{"t":"BE17"},"9BA":{"t":"P28A"},"9BE":{"t":"C150"},"9BF":{"desc":"L1P"},"9C0":{"desc":"L1P"},"9C2":{"desc":"L1P"},"9C3":{"t":"C150"},"9C4":{"desc":"L1P"},"9C9":{"t":"L8"},"9CA":{"desc":"L1P"},"9CC":{"t":"CH7A"},"9CF":{"t":"AR15"},"9D0":{"desc":"L1P"},"9D1":{"t":"L8"},"9D3":{"t":"C172"},"9D9":{"t":"BE36"},"9DA":{"t":"C172"},"9DD":{"t":"P28R"},"9E3":{"desc":"L1P"},"9E5":{"desc":"L1P"},"9E7":{"desc":"L1P"},"9E9":{"t":"C177"},"9EB":{"t":"C185"},"9EC":{"t":"NAVI"},"9ED":{"t":"GLID"},"9EE":{"t":"BL8"},"9EF":{"t":"F2TH"},"9F0":{"t":"B06"},"9F2":{"t":"PA46"},"9F3":{"t":"C185"},"9F4":{"t":"AT8T"},"9F6":{"t":"S22T"},"9F7":{"desc":"L1P"},"9F8":{"t":"ULAC"},"9F9":{"t":"PC12"},"9FB":{"t":"SR22"},"9FD":{"t":"PA44"},"A01":{"t":"B190"},"A04":{"t":"BALL"},"A05":{"t":"B06"},"A06":{"t":"GLID"},"A07":{"desc":"L1P"},"A08":{"desc":"L1P"},"A0A":{"desc":"L1P","t":"ULAC"},"A0B":{"t":"VALI"},"A0C":{"t":"C340"},"A0D":{"t":"P28A"},"A0F":{"t":"PA30"},"A12":{"desc":"L1P"},"A19":{"desc":"L1P"},"A1C":{"t":"PA18"},"A1D":{"t":"MITE"},"A1E":{"t":"PA18"},"A1F":{"t":"CH7B"},"A20":{"desc":"A1P","t":"PA18"},"A21":{"desc":"L2J"},"A23":{"t":"BE58"},"A24":{"desc":"L1P"},"A25":{"t":"SR22"},"A26":{"t":"C25A"},"A27":{"desc":"L1P"},"A28":{"t":"DV20"},"A29":{"t":"BE33"},"A2D":{"desc":"L1P"},"A2E":{"desc":"L1P"},"A32":{"desc":"L1P"},"A34":{"t":"DA62"},"A36":{"desc":"L1P"},"A3A":{"desc":"H1P"},"A3B":{"desc":"L1P"},"A3D":{"desc":"L1P"},"A3E":{"t":"C150"},"A3F":{"t":"BE18"},"A40":{"t":"PA18"},"A41":{"t":"H25B"},"A43":{"desc":"L1P"},"A46":{"t":"UH1"},"A47":{"t":"B77W"},"A48":{"desc":"L1P"},"A49":{"t":"BCS1"},"A4D":{"t":"A321"},"A51":{"t":"S22T"},"A52":{"t":"BALL"},"A53":{"t":"BE55"},"A54":{"t":"GLID"},"A56":{"t":"T206"},"A59":{"desc":"L1P"},"A5B":{"t":"PA18"},"A5C":{"desc":"L1P"},"A5F":{"t":"TAMP"},"A60":{"t":"P32R"},"A61":{"t":"C172"},"A63":{"t":"S22T"},"A64":{"t":"ULAC"},"A68":{"t":"C170"},"A6A":{"desc":"A2P"},"A6D":{"t":"B763"},"A79":{"t":"C172"},"A7D":{"t":"B06"},"A81":{"t":"M7"},"A83":{"t":"BE24"},"A84":{"t":"SR22"},"A87":{"desc":"L2P"},"A8D":{"t":"DA40"},"A91":{"desc":"L1P"},"A92":{"t":"SR22"},"A93":{"t":"BE9L"},"A95":{"desc":"L1P"},"A97":{"desc":"L1P","t":"ULAC"},"A9B":{"t":"B190"},"A9C":{"t":"PAY1"},"A9D":{"t":"BE9L"},"AA2":{"t":"SR22"},"AA9":{"t":"E75L"},"AAA":{"t":"C182"},"AB3":{"desc":"L1P"},"AB6":{"desc":"L1P"},"ABA":{"t":"PA46"},"ABB":{"desc":"L1P"},"ABD":{"t":"GLF3"},"ABF":{"t":"A139"},"AC3":{"desc":"L1P"},"AC5":{"desc":"L1P"},"AC7":{"t":"P46T"},"AC8":{"desc":"L1P","t":"ULAC"},"ACC":{"t":"C501"},"ACE":{"desc":"L1P"},"AD8":{"desc":"L1P"},"ADD":{"t":"C172"},"ADE":{"t":"C208"},"ADF":{"desc":"L1P"},"AE5":{"desc":"A1P"},"AE6":{"t":"BE55"},"AE7":{"t":"BALL"},"AE8":{"desc":"L1P"},"AEC":{"desc":"H1T","t":"B505"},"AF1":{"desc":"L1P"},"AF2":{"t":"AS50"},"AF7":{"desc":"H1T","t":"B505"},"AF8":{"desc":"H6E"},"AFA":{"desc":"L1P"},"AFE":{"desc":"L1P"},"AFF":{"t":"M20P"},"B00":{"t":"AS50"},"B01":{"t":"PA31"},"B02":{"desc":"L2T"},"B05":{"desc":"L1P"},"B06":{"desc":"L1P"},"B07":{"t":"GLEX"},"B09":{"desc":"L1P"},"B0A":{"t":"C650"},"B0B":{"desc":"L1E"},"B0F":{"desc":"L1P"},"B10":{"t":"CL60"},"B14":{"t":"S22T"},"B17":{"t":"BE35"},"B1A":{"t":"E190"},"B1E":{"t":"PC12"},"B1F":{"t":"BE33"},"B22":{"t":"BE10"},"B24":{"t":"A321"},"B2D":{"desc":"H1P"},"B2F":{"t":"A139"},"B32":{"desc":"L1P"},"B37":{"t":"SR22"},"B3E":{"desc":"L1P"},"B40":{"desc":"L1P"},"B42":{"t":"C182"},"B45":{"desc":"L2P"},"B62":{"desc":"L1P","t":"ULAC"},"B63":{"t":"C180"},"B65":{"t":"M20P"},"B66":{"desc":"L1P"},"B68":{"t":"C208"},"B6A":{"t":"CL60"},"B6B":{"t":"WW24"},"B6C":{"t":"LJ45"},"B6E":{"t":"C340"},"B70":{"desc":"L1P"},"B73":{"t":"T210"},"B75":{"desc":"L1P"},"B77":{"t":"C560"},"B7C":{"t":"BE18"},"B7D":{"t":"BE20"},"B7E":{"t":"C182"},"B7F":{"t":"B06"},"B81":{"desc":"L1E"},"B82":{"t":"C82R"},"B84":{"desc":"L1P"},"B86":{"t":"C182"},"B87":{"t":"PA18"},"B89":{"t":"B407"},"B8C":{"t":"C150"},"B8E":{"t":"CH7B"},"B8F":{"t":"C172"},"B92":{"t":"E75L"},"B94":{"t":"TWEN"},"B96":{"t":"BE36"},"B9A":{"desc":"L1P"},"B9B":{"desc":"L4T"},"BA0":{"t":"CH7B"},"BA8":{"t":"B06"},"BA9":{"t":"BE36"},"BAA":{"desc":"L1P"},"BAE":{"t":"B744"},"BB3":{"t":"H25B"},"BBE":{"t":"A320"},"BC1":{"t":"DA40"},"BC6":{"t":"BE35"},"BC7":{"desc":"L1P"},"BD6":{"t":"J3"},"BD7":{"t":"GLID"},"BD9":{"t":"AA5"},"BDF":{"desc":"L1P"},"BE0":{"t":"E110"},"BE2":{"t":"PAY2"},"BE3":{"desc":"H4E"},"BE7":{"t":"SR22"},"BEB":{"desc":"L1P"},"BED":{"desc":"H4E"},"BF1":{"t":"GLEX"},"BF4":{"desc":"L1P"},"BF6":{"t":"HUSK"},"BF8":{"desc":"L1P"},"C1C":{"t":"R44"},"C25":{"t":"GLID"},"C42":{"t":"GLEX"},"C45":{"t":"C180"},"C49":{"t":"C172"},"C4C":{"t":"AC11"},"C4D":{"t":"L8"},"C4F":{"t":"C172"},"C50":{"t":"C172"},"C59":{"t":"PA32"},"C5D":{"desc":"L1P"},"C5E":{"t":"C172"},"C5F":{"desc":"L1P"},"C64":{"desc":"L1P"},"C65":{"desc":"L1P"},"C67":{"t":"B763"},"C6B":{"desc":"L1P"},"C6C":{"t":"C310"},"C6D":{"desc":"H1P"},"C6E":{"t":"P28A"},"C6F":{"t":"AC11"},"C72":{"t":"C172"},"C75":{"t":"T210"},"C79":{"t":"C172"},"C7A":{"t":"BE17"},"C7B":{"t":"B47G"},"C7D":{"t":"PA18"},"C80":{"t":"BL17"},"C82":{"desc":"L1P"},"C83":{"t":"J3"},"C84":{"t":"C150"},"C85":{"t":"C150"},"C8A":{"t":"C182"},"C8E":{"t":"BL8"},"C91":{"t":"AR15"},"C92":{"t":"AC11"},"C93":{"t":"TAYB"},"C95":{"t":"C172"},"C9A":{"t":"GLID"},"C9B":{"desc":"H1P"},"C9C":{"t":"C172"},"C9F":{"desc":"L1P"},"CA3":{"t":"C150"},"CA5":{"t":"C177"},"CA6":{"t":"C150"},"CA8":{"t":"C150"},"CAA":{"t":"C177"},"CAC":{"t":"BE55"},"CAD":{"t":"BE35"},"CAF":{"t":"C177"},"CB1":{"t":"BL8"},"CB2":{"t":"C172"},"CB3":{"t":"PAY2"},"CB4":{"t":"AR15"},"CB6":{"t":"L8"},"CB8":{"t":"C182"},"CBB":{"t":"T210"},"CBF":{"t":"C172"},"CC3":{"t":"C150"},"CC7":{"desc":"L1P"},"CCC":{"desc":"L1P"},"CCE":{"t":"C150"},"CCF":{"desc":"L1P"},"CD1":{"t":"L8"},"CD2":{"t":"PA18"},"CD3":{"t":"P28A"},"CD4":{"t":"CH7A"},"CD5":{"t":"C172"},"CD8":{"t":"BE36"},"CD9":{"t":"L8"},"CDC":{"t":"C82S"},"CDE":{"t":"T210"},"CDF":{"t":"BALL"},"CE2":{"t":"E35L"},"CE3":{"t":"BE17"},"CE4":{"t":"B47G"},"CE5":{"t":"P28A"},"CE8":{"t":"C150"},"CE9":{"t":"C150"},"CED":{"t":"C177"},"CEE":{"t":"C150"},"CF1":{"t":"C150"},"CF2":{"t":"C185"},"CF3":{"t":"PA18"},"CF4":{"t":"L8"},"CF6":{"desc":"L1P"},"CF8":{"t":"C172"},"CFA":{"t":"P28A"},"CFB":{"t":"AC11"},"CFE":{"t":"C172"},"D03":{"t":"GLID"},"D04":{"t":"C185"},"D06":{"t":"BE17"},"D08":{"t":"P28A"},"D09":{"t":"C150"},"D0B":{"desc":"L1P"},"D0C":{"desc":"A2P"},"D0F":{"t":"CH7A"},"D1A":{"t":"BL8"},"D1B":{"t":"C172"},"D1D":{"t":"AR15"},"D20":{"t":"BALL"},"D26":{"t":"GLID"},"D27":{"t":"C182"},"D2F":{"t":"CH7A"},"D31":{"t":"BE18"},"D36":{"t":"CH7B"},"D3B":{"t":"C177"},"D3D":{"t":"CH7A"},"D42":{"t":"PA31"},"D44":{"t":"C172"},"D49":{"t":"GLID"},"D4A":{"t":"C82S"},"D4B":{"t":"C172"},"D4C":{"desc":"L1P"},"D51":{"t":"BL8"},"D53":{"desc":"L1P"},"D57":{"t":"C150"},"D59":{"desc":"L1P"},"D5B":{"t":"C310"},"D5D":{"t":"L8"},"D5E":{"desc":"L1P"},"D61":{"t":"C172"},"D62":{"t":"C425"},"D63":{"t":"AR15"},"D66":{"t":"C172"},"D67":{"t":"C172"},"D68":{"t":"C82R"},"D6C":{"t":"GLID"},"D6D":{"t":"P28A"},"D6E":{"t":"C172"},"D70":{"t":"ULAC"},"D71":{"t":"P28R"},"D72":{"t":"PA30"},"D74":{"t":"C150"},"D75":{"desc":"L1P"},"D77":{"t":"C150"},"D7A":{"t":"C150"},"D7E":{"t":"R44"},"D81":{"t":"PA18"},"D83":{"t":"CH7A"},"D85":{"desc":"L1P","t":"ULAC"},"D87":{"t":"AC11"},"D8A":{"t":"C310"},"D8C":{"t":"PA23"},"D8F":{"t":"GLID"},"D93":{"t":"C82S"},"D95":{"t":"C82S"},"D97":{"desc":"L1P"},"D98":{"t":"C150"},"D99":{"t":"C150"},"D9A":{"t":"C150"},"D9C":{"t":"BALL"},"D9D":{"t":"C180"},"D9F":{"t":"PC12"},"DA0":{"t":"C150"},"DA4":{"t":"BE55"},"DA5":{"t":"BE58"},"DA6":{"t":"GLF4"},"DA7":{"t":"B06"},"DA8":{"t":"GLF4"},"DAC":{"t":"HA4T"},"DAD":{"t":"SR22"},"DAE":{"desc":"L1P"},"DAF":{"t":"SR20"},"DB0":{"t":"GLID"},"DB2":{"t":"BE20"},"DB4":{"t":"PA38"},"DB6":{"t":"P28A"},"DB7":{"desc":"L1J"},"DB8":{"t":"B190"},"DB9":{"desc":"L1P"},"DBC":{"t":"LJ23"},"DBD":{"t":"BALL"},"DBF":{"t":"O1"},"DC1":{"desc":"L1P","t":"ULAC"},"DC2":{"t":"H25B"},"DC4":{"t":"DA42"},"DC5":{"t":"S22T"},"DCC":{"desc":"L1P"},"DD0":{"desc":"L1P"},"DD4":{"t":"MITE"},"DD6":{"desc":"L1P"},"DD7":{"t":"PA18"},"DDA":{"t":"BALL"},"DDB":{"t":"J3"},"DDD":{"t":"C25A"},"DDE":{"desc":"L1P"},"DDF":{"desc":"L1P"},"DE0":{"desc":"L1P"},"DE4":{"t":"C82S"},"DE5":{"t":"C82S"},"DE6":{"desc":"L1P","t":"LA4"},"DEA":{"desc":"L1P"},"DED":{"t":"BE55"},"DEE":{"t":"DA62"},"DEF":{"t":"E300"},"DF0":{"t":"C172"},"DF1":{"t":"BE35"},"DF5":{"t":"C172"},"DF7":{"desc":"L1P"},"DF8":{"desc":"A1P"},"DFA":{"t":"A321"},"DFB":{"t":"T6"},"DFE":{"t":"C185"},"DFF":{"t":"CL30"},"E00":{"t":"BCS1"},"E06":{"t":"PA24"},"E08":{"desc":"L2T"},"E09":{"t":"FA62"},"E0A":{"t":"BE35"},"E10":{"t":"AA5"},"E12":{"t":"F2TH"},"E14":{"t":"E55P"},"E1B":{"t":"BE36"},"E21":{"desc":"A2P"},"E22":{"t":"A119"},"E24":{"t":"B763"},"E25":{"desc":"L1P"},"E29":{"t":"BALL"},"E2B":{"t":"GLF4"},"E2F":{"t":"C172"},"E30":{"desc":"L1P"},"E3F":{"t":"P28U"},"E49":{"t":"P32R"},"E4E":{"desc":"L1P","t":"ULAC"},"E51":{"t":"P51"},"E53":{"desc":"L1P","t":"ULAC"},"E54":{"t":"C525"},"E5C":{"desc":"L1P"},"E5F":{"t":"P28A"},"E60":{"t":"E75L"},"E6A":{"desc":"L1P"},"E6C":{"t":"BE35"},"E6D":{"desc":"L1P"},"E6E":{"t":"P28A"},"E71":{"t":"GLID"},"E75":{"t":"C182"},"E76":{"desc":"L1P"},"E78":{"desc":"L1P","t":"ULAC"},"E7A":{"t":"S22T"},"E7B":{"t":"BE35"},"E7C":{"desc":"L1P","t":"A119"},"E7F":{"t":"AT8T"},"E83":{"t":"C82S"},"E84":{"t":"BE20"},"E85":{"desc":"L1P"},"E91":{"t":"AT6T"},"E92":{"desc":"A1T","t":"KODI"},"E94":{"t":"C172"},"E95":{"desc":"L1P"},"E9F":{"t":"C550"},"EA1":{"t":"GLF5"},"EA4":{"desc":"L1P"},"EA6":{"t":"SR22"},"EA8":{"desc":"L1P"},"EAA":{"desc":"H4E"},"EAD":{"t":"C182"},"EAE":{"t":"GLID"},"EB1":{"t":"A119"},"EB6":{"desc":"L1P","t":"ULAC"},"EB7":{"t":"M20P"},"EB8":{"t":"BE20"},"EB9":{"t":"ULAC"},"EBB":{"t":"B407"},"EBD":{"desc":"L1P"},"EBF":{"t":"SR20"},"EC0":{"t":"H25B"},"EC5":{"desc":"A1P"},"EC6":{"t":"C210"},"EC7":{"t":"EC35"},"ECA":{"t":"A139"},"ECF":{"t":"B752"},"EDB":{"t":"A321"},"EDE":{"t":"UH12"},"EE4":{"desc":"L1P"},"EE5":{"t":"A119"},"EE7":{"t":"C172"},"EE8":{"t":"C402"},"EE9":{"desc":"L1P"},"EEA":{"t":"M20P"},"EEC":{"t":"COL4"},"EF0":{"desc":"L1P"},"EF3":{"t":"PA46"},"EF5":{"t":"O1"},"EF7":{"desc":"L1P"},"EF8":{"t":"GALX"},"EFC":{"t":"C172"},"F19":{"t":"AA1"},"F1A":{"desc":"L1P"},"F1B":{"t":"BE35"},"F1F":{"t":"C208"},"F20":{"t":"RV12"},"F22":{"t":"HUSK"},"F23":{"t":"C182"},"F25":{"t":"C750"},"F27":{"t":"SR20"},"F29":{"t":"BALL"},"F2A":{"desc":"L1P"},"F2B":{"t":"T28"},"F2D":{"desc":"L1P"},"F2E":{"t":"A119"},"F33":{"t":"BE9L"},"F37":{"t":"ULAC"},"F39":{"t":"CH7B"},"F3C":{"t":"C414"},"F3D":{"t":"B350"},"F3E":{"t":"R44"},"F3F":{"desc":"A1P"},"F40":{"t":"B407"},"F42":{"desc":"A1P","t":"ULAC"},"F43":{"t":"C150"},"F44":{"t":"AA5"},"F45":{"t":"CH7B"},"F47":{"desc":"L1P"},"F48":{"t":"A119"},"F49":{"t":"E75L"},"F4B":{"desc":"H1T"},"F4D":{"desc":"L1P"},"F4E":{"t":"BE40"},"F4F":{"desc":"H4E"},"F56":{"t":"BE20"},"F59":{"t":"P46T"},"F5C":{"desc":"L1P"},"F5D":{"t":"BE35"},"F5F":{"t":"AS50"},"F60":{"t":"BE58"},"F61":{"t":"CH7A"},"F64":{"desc":"L2J"},"F65":{"t":"B744"},"F75":{"t":"A320"},"F76":{"t":"PC12"},"F78":{"t":"DA40"},"F7D":{"desc":"L1P"},"F83":{"t":"P51"},"F8F":{"desc":"L2T"},"F96":{"t":"BE35"},"F97":{"t":"E110"},"F98":{"desc":"L1P"},"F99":{"t":"C180"},"F9A":{"desc":"H4E"},"F9D":{"t":"A119"},"F9F":{"t":"SR22"},"FA0":{"t":"PA46"},"FA2":{"t":"ULAC"},"FA4":{"t":"HUSK"},"FAB":{"t":"O1"},"FAD":{"t":"HUSK"},"FAE":{"t":"SR22"},"FC2":{"desc":"L2P"},"FC8":{"t":"WACO"},"FF7":{"desc":"L1P","t":"ULAC"},"FFC":{"t":"AA5"},"FFD":{"t":"PA18"},"FFE":{"t":"C182"}}