{"000":{"t":"C172"},"001":{"t":"AA5"},"002":{"t":"P28A"},"003":{"t":"AC11"},"004":{"t":"L8"},"006":{"t":"C172"},"009":{"t":"C210"},"00B":{"t":"GLID"},"00C":{"t":"AA5"},"00E":{"t":"AA5"},"010":{"t":"AA5"},"015":{"t":"AA5"},"017":{"desc":"L1P"},"018":{"t":"AA5"},"019":{"t":"C150"},"01A":{"t":"C177"},"01C":{"t":"C150"},"01E":{"desc":"L2P"},"01F":{"t":"L8"},"020":{"t":"C177"},"021":{"t":"BE58"},"022":{"t":"CH7A"},"023":{"t":"C172"},"025":{"t":"P28A"},"026":{"t":"AC11"},"028":{"t":"AA5"},"029":{"t":"C172"},"02A":{"t":"AA5"},"02C":{"t":"T206"},"02E":{"t":"GLID"},"02F":{"t":"AA5"},"031":{"t":"C206"},"035":{"t":"AA5"},"036":{"t":"C150"},"037":{"desc":"L1P"},"038":{"desc":"L1P"},"039":{"t":"C150"},"03C":{"t":"CH7A"},"03D":{"desc":"L1P"},"041":{"t":"PA18"},"042":{"t":"L8"},"043":{"t":"PA18"},"044":{"t":"AA5"},"045":{"t":"AA5"},"048":{"t":"AR15"},"049":{"t":"AA5"},"04B":{"t":"AA5"},"04C":{"t":"C172"},"04D":{"t":"AA5"},"04E":{"t":"AA5"},"051":{"t":"C182"},"052":{"t":"AA5"},"054":{"t":"BE17"},"055":{"t":"BALL"},"056":{"t":"PA32"},"057":{"t":"AA5"},"058":{"desc":"L1P"},"05F":{"desc":"L1J"},"060":{"t":"C150"},"063":{"t":"GLID"},"064":{"t":"AA5"},"065":{"t":"L8"},"067":{"t":"AA5"},"068":{"t":"AA5"},"069":{"t":"C172"},"06C":{"t":"AC11"},"06F":{"t":"C172"},"070":{"t":"ST75"},"073":{"t":"C182"},"077":{"t":"AA5"},"07D":{"desc":"L1P"},"07E":{"desc":"L1J"},"07F":{"t":"AA5"},"080":{"t":"AA5"},"081":{"t":"C150"},"082":{"t":"C150"},"084":{"t":"C150"},"086":{"t":"GLID"},"087":{"t":"BE36"},"088":{"t":"L8"},"08A":{"t":"AA5"},"08D":{"desc":"L1P"},"08E":{"t":"P28S"},"08F":{"t":"AC11"},"092":{"t":"C172"},"093":{"t":"AA5"},"095":{"t":"T206"},"096":{"t":"C182"},"098":{"t":"AA5"},"09B":{"t":"C182"},"09C":{"t":"PA34"},"09E":{"t":"AA5"},"09F":{"t":"C150"},"0A1":{"t":"C150"},"0A3":{"t":"C150"},"0A4":{"t":"AA5"},"0A5":{"t":"C150"},"0AA":{"t":"PA18"},"0AB":{"t":"AA5"},"0AD":{"t":"AA5"},"0B0":{"t":"AA5"},"0B2":{"t":"AC11"},"0B3":{"t":"AA5"},"0B4":{"t":"AA5"},"0B5":{"t":"C182"},"0B6":{"desc":"L1P"},"0B7":{"t":"R44"},"0BB":{"t":"BE36"},"0BC":{"t":"C172"},"0BD":{"t":"BE17"},"0C2":{"t":"C177"},"0C3":{"t":"BALL"},"0C4":{"t":"C150"},"0C5":{"t":"C150"},"0C9":{"t":"C150"},"0CB":{"t":"C150"},"0CC":{"t":"GLID"},"0CD":{"t":"AA5"},"0CF":{"t":"AA5"},"0D0":{"t":"C152"},"0D1":{"t":"CH7A"},"0D3":{"t":"AA5"},"0D5":{"t":"AA5"},"0D6":{"t":"L8"},"0D7":{"t":"AA5"},"0DD":{"t":"GLID"},"0DE":{"t":"AA5"},"0DF":{"t":"C172"},"0E0":{"t":"BE17"},"0E1":{"t":"AA5"},"0E2":{"t":"P28A"},"0E3":{"t":"C150"},"0E7":{"t":"C150"},"0EB":{"t":"AA5"},"0ED":{"t":"C177"},"0EE":{"t":"AA5"},"0F0":{"t":"PA18"},"0F1":{"t":"L8"},"0F2":{"t":"PA18"},"0F4":{"t":"CH7A"},"0F5":{"t":"C185"},"0F6":{"t":"AA5"},"0F9":{"t":"L8"},"0FA":{"t":"T206"},"0FB":{"t":"C182"},"0FD":{"t":"PA23"},"0FE":{"t":"AA5"},"102":{"t":"C172"},"103":{"t":"C172"},"105":{"t":"P28A"},"106":{"desc":"H1P"},"107":{"t":"AA5"},"108":{"t":"C150"},"109":{"t":"C150"},"10C":{"t":"C150"},"112":{"t":"PA18"},"114":{"desc":"L1P"},"118":{"t":"C172"},"119":{"t":"GAZL"},"11A":{"t":"P32R"},"11C":{"t":"L8"},"11E":{"t":"C172"},"125":{"t":"AA5"},"128":{"t":"P28A"},"12A":{"t":"COL4"},"135":{"desc":"L2T"},"137":{"t":"L8"},"139":{"t":"C172"},"13A":{"t":"BL8"},"13D":{"t":"C172"},"143":{"desc":"L1P"},"144":{"t":"C185"},"148":{"t":"T210"},"14D":{"t":"S22T"},"150":{"desc":"L1P"},"151":{"desc":"H1P"},"152":{"desc":"L1P"},"153":{"t":"C182"},"155":{"desc":"L1P"},"157":{"t":"M20T"},"158":{"t":"BE9L"},"15B":{"desc":"L1P"},"15C":{"desc":"L1P"},"15D":{"desc":"L1P"},"15E":{"t":"B06"},"161":{"t":"H25B"},"163":{"desc":"L1P"},"164":{"desc":"L1P"},"165":{"t":"C56X"},"169":{"t":"PC12"},"16A":{"t":"C185"},"16B":{"t":"B06"},"16D":{"t":"BE33"},"16E":{"t":"C206"},"16F":{"t":"BE9L"},"170":{"desc":"L1P"},"172":{"t":"BE36"},"174":{"t":"RV12"},"175":{"t":"C182"},"177":{"t":"M5"},"178":{"t":"AEST"},"17A":{"desc":"L1P"},"17B":{"t":"C172"},"17D":{"desc":"L1P"},"17F":{"desc":"L1P"},"181":{"t":"B06"},"182":{"t":"BE35"},"185":{"t":"BE55"},"187":{"desc":"L1P"},"18F":{"t":"SR20"},"190":{"desc":"S1P","t":"ULAC"},"191":{"t":"DA40"},"192":{"desc":"L1P"},"193":{"t":"C182"},"194":{"desc":"L1P"},"195":{"desc":"L1P"},"197":{"desc":"L1P"},"199":{"desc":"L1P"},"19B":{"t":"C421"},"19C":{"t":"RV12"},"19D":{"t":"B407"},"19F":{"t":"C501"},"1A1":{"t":"RC3"},"1A2":{"t":"C310"},"1A5":{"t":"AT8T"},"1A7":{"t":"HDJT"},"1AA":{"t":"CH7A"},"1AC":{"t":"PC12"},"1AD":{"desc":"L1P"},"1AE":{"t":"BE55"},"1B0":{"t":"C185"},"1B2":{"desc":"L1P"},"1B4":{"desc":"L1P"},"1B5":{"desc":"L1P"},"1B7":{"t":"T206"},"1BA":{"desc":"L1P"},"1BB":{"desc":"L1P"},"1BC":{"t":"PC12"},"1BE":{"t":"C152"},"1BF":{"t":"SF50"},"1C0":{"t":"CL30"},"1C2":{"t":"C182"},"1C5":{"desc":"L1P"},"1C7":{"t":"ST75"},"1C9":{"t":"BE33"},"1CD":{"t":"P28A"},"1CF":{"desc":"L1P"},"1D1":{"t":"PA46"},"1D2":{"t":"B06"},"1D6":{"t":"C680"},"1D7":{"t":"PC12"},"1D8":{"t":"BALL"},"1D9":{"t":"BE77"},"1DB":{"desc":"L1P"},"1DC":{"t":"P28R"},"1DD":{"t":"BE36"},"1DE":{"t":"BE50"},"1DF":{"t":"C182"},"1E2":{"t":"P28A"},"1E3":{"t":"LJ35"},"1E4":{"t":"AC11"},"1E5":{"t":"AS50"},"1E6":{"t":"ST75"},"1E7":{"t":"PA30"},"1E8":{"t":"GLID"},"1ED":{"desc":"L1P"},"1EE":{"t":"SR20"},"1EF":{"t":"GLEX"},"1F0":{"t":"AA5"},"1F1":{"t":"BE35"},"1F2":{"desc":"L1P"},"1F4":{"t":"PA27"},"1F5":{"t":"PA31"},"1F8":{"t":"BE9L"},"1F9":{"desc":"L1P"},"1FA":{"desc":"L1P"},"1FB":{"desc":"L1P"},"1FC":{"desc":"L1P"},"1FF":{"t":"HUSK"},"200":{"t":"C25B"},"201":{"t":"S22T"},"202":{"t":"GLID"},"203":{"t":"GLID"},"204":{"desc":"L1P"},"206":{"t":"C525"},"207":{"t":"C188"},"209":{"t":"GLID"},"20A":{"t":"C77R"},"20B":{"desc":"L1P","t":"LA4"},"20D":{"desc":"L1P"},"210":{"desc":"L1P"},"211":{"t":"BE36"},"212":{"t":"GLID"},"213":{"t":"C510"},"214":{"t":"BE35"},"215":{"t":"RV12"},"216":{"t":"C182"},"218":{"desc":"L1P"},"219":{"t":"GLID"},"21A":{"desc":"L1P"},"21B":{"t":"HUSK"},"21D":{"t":"M20T"},"21E":{"t":"B407"},"21F":{"t":"HUSK"},"220":{"t":"C172"},"225":{"t":"PC12"},"226":{"t":"BE36"},"227":{"desc":"H1P"},"228":{"t":"P210"},"22B":{"t":"C56X"},"22C":{"t":"PA27"},"22D":{"t":"C172"},"231":{"desc":"L1P"},"233":{"t":"C150"},"235":{"desc":"L1P"},"236":{"t":"B06"},"237":{"desc":"L1P"},"239":{"t":"M20T"},"23B":{"desc":"L1P"},"23C":{"t":"C172"},"23D":{"t":"BE35"},"23E":{"t":"BL8"},"240":{"t":"C210"},"244":{"desc":"H4E"},"245":{"t":"GLID"},"246":{"t":"C182"},"247":{"t":"C421"},"248":{"desc":"L1P"},"24B":{"t":"BE55"},"24C":{"desc":"L1P"},"24D":{"t":"BALL"},"24F":{"t":"PA46"},"251":{"t":"T6"},"254":{"t":"BE9L"},"255":{"desc":"L1P"},"256":{"t":"SR22"},"257":{"t":"C560"},"25A":{"desc":"L1P"},"25F":{"desc":"L1P"},"260":{"desc":"H1P"},"261":{"t":"M7"},"263":{"t":"C182"},"265":{"desc":"L1P"},"266":{"desc":"L1T"},"267":{"t":"AEST"},"269":{"t":"F2TH"},"26B":{"desc":"L1P"},"26C":{"desc":"L1P"},"26D":{"t":"TBM7"},"26E":{"desc":"L1P"},"26F":{"desc":"L1P"},"270":{"t":"BE55"},"271":{"t":"BALL"},"272":{"desc":"L2T"},"273":{"t":"C25C"},"275":{"t":"C172"},"276":{"t":"C421"},"277":{"t":"E55P"},"278":{"t":"C150"},"27A":{"t":"PA30"},"27C":{"t":"GLID"},"27E":{"t":"BE55"},"280":{"desc":"L1P"},"281":{"t":"F2TH"},"282":{"desc":"L1P"},"283":{"desc":"L1T"},"285":{"desc":"L1P"},"288":{"desc":"L1P"},"289":{"t":"C56X"},"28B":{"t":"PC12"},"28C":{"t":"BE20"},"28D":{"desc":"L1P"},"291":{"desc":"L1P"},"292":{"t":"AS50"},"293":{"t":"B06"},"296":{"t":"C525"},"297":{"desc":"L1T"},"299":{"t":"PC12"},"29A":{"t":"AEST"},"29C":{"t":"EC20"},"29D":{"t":"GLF4"},"29E":{"desc":"L1P"},"2A0":{"desc":"L1E"},"2A2":{"t":"RV12"},"2A4":{"t":"T210"},"2A5":{"t":"M7"},"2A6":{"desc":"L1P"},"2A7":{"t":"P28U"},"2AA":{"t":"BE35"},"2AB":{"t":"CH7B"},"2AC":{"t":"BE60"},"2AE":{"desc":"H1P"},"2AF":{"t":"PA44"},"2B1":{"desc":"L1P"},"2B2":{"t":"BE36"},"2B3":{"t":"C210"},"2B4":{"t":"AEST"},"2B5":{"desc":"H1P"},"2B6":{"t":"AA5"},"2B7":{"t":"C402"},"2BA":{"desc":"L1P","t":"ULAC"},"2BF":{"desc":"A1P"},"2C2":{"desc":"L1P","t":"ULAC"},"2C5":{"t":"FA50"},"2C7":{"t":"HUSK"},"2CC":{"desc":"L1P"},"2D0":{"desc":"L1P"},"2D3":{"t":"BE35"},"2D4":{"t":"PA24"},"2D5":{"desc":"L1P"},"2D6":{"t":"C210"},"2D8":{"t":"R44"},"2D9":{"t":"C421"},"2DA":{"desc":"L1P"},"2DC":{"t":"C510"},"2DE":{"t":"LJ35"},"2DF":{"desc":"H4E"},"2E0":{"desc":"L1P"},"2E1":{"desc":"L1P"},"2E2":{"desc":"L1P","t":"ULAC"},"2E3":{"t":"GLID"},"2E8":{"desc":"L1P"},"2E9":{"t":"C550"},"2EA":{"t":"C172"},"2EB":{"t":"C340"},"2ED":{"desc":"L1P"},"2EE":{"desc":"L1P"},"2EF":{"desc":"L1P","t":"LA4"},"2F0":{"desc":"L1P"},"2F2":{"t":"ULAC"},"2F5":{"t":"RV12"},"2F6":{"t":"M20T"},"2F7":{"t":"B430"},"2F8":{"desc":"L1P"},"2F9":{"t":"BE60"},"2FA":{"t":"C25C"},"2FB":{"t":"P32R"},"2FC":{"desc":"L1P"},"2FD":{"desc":"L1P"},"2FE":{"desc":"L1P"},"2FF":{"desc":"L1P"},"300":{"t":"H25B"},"301":{"desc":"L1P"},"302":{"t":"T206"},"303":{"t":"PA22"},"304":{"desc":"L1P"},"305":{"t":"P28A"},"307":{"t":"HUSK"},"308":{"t":"S22T"},"309":{"t":"BALL"},"30A":{"desc":"H1T"},"30B":{"desc":"L1P"},"30F":{"t":"BL8"},"310":{"t":"BE35"},"311":{"t":"HUSK"},"312":{"t":"AA5"},"313":{"desc":"L1P"},"316":{"t":"EC20"},"319":{"t":"C172"},"31A":{"t":"AEST"},"31B":{"t":"FA7X"},"31C":{"desc":"L1P"},"321":{"t":"GLID"},"325":{"t":"P337"},"326":{"desc":"L1P","t":"ULAC"},"327":{"t":"GLF4"},"329":{"t":"BALL"},"32D":{"desc":"L4E"},"32F":{"desc":"H1T"},"330":{"t":"BALL"},"334":{"t":"T6"},"335":{"t":"AC95"},"336":{"t":"C501"},"339":{"desc":"L1P"},"33A":{"t":"GLID"},"33B":{"t":"AA1"},"33F":{"t":"C310"},"340":{"t":"C210"},"341":{"t":"RV12"},"344":{"t":"M7"},"345":{"desc":"L1P"},"347":{"t":"LJ45"},"34A":{"desc":"L1P"},"34B":{"t":"GLID"},"34D":{"t":"GLID"},"34E":{"desc":"L1P"},"351":{"t":"C210"},"353":{"t":"G150"},"355":{"t":"C501"},"356":{"desc":"L1P"},"357":{"desc":"L1P"},"358":{"t":"BE55"},"35A":{"desc":"L1P"},"35D":{"t":"C182"},"35E":{"desc":"L1P"},"35F":{"t":"C421"},"362":{"t":"GLID"},"364":{"desc":"L1P"},"365":{"desc":"L1P","t":"TB1"},"367":{"desc":"A1P","t":"ULAC"},"368":{"t":"RV12"},"369":{"desc":"L1P"},"36A":{"desc":"L1P"},"36B":{"t":"RC3"},"36D":{"t":"AC11"},"370":{"t":"RV12"},"371":{"t":"M20T"},"372":{"t":"GLID"},"373":{"t":"PC12"},"377":{"desc":"L1P"},"37A":{"t":"C208"},"37C":{"desc":"L1P"},"37D":{"t":"COL3"},"37E":{"t":"C140"},"37F":{"t":"M20P"},"380":{"desc":"H1T","t":"B505"},"381":{"desc":"L1P"},"383":{"desc":"L1P"},"384":{"desc":"L1P"},"388":{"t":"AS50"},"389":{"t":"YK12"},"38F":{"desc":"L1P"},"390":{"desc":"L1P"},"391":{"t":"AA1"},"396":{"desc":"L1P"},"397":{"desc":"A2P"},"398":{"desc":"L1P"},"399":{"desc":"L1P"},"39A":{"t":"GLID"},"39B":{"t":"RV12"},"39D":{"desc":"H6E"},"39E":{"desc":"A1P","t":"PA18"},"39F":{"t":"SR20"},"3A0":{"t":"R66"},"3A6":{"desc":"L1P"},"3A8":{"t":"M20T"},"3AA":{"desc":"L1J"},"3AE":{"t":"M20P"},"3B0":{"t":"S22T"},"3B1":{"t":"GLID"},"3B3":{"t":"BALL"},"3B4":{"t":"R44"},"3B8":{"t":"R44"},"3B9":{"t":"M5"},"3BA":{"t":"PC12"},"3BB":{"t":"EC20"},"3BC":{"t":"GLEX"},"3BF":{"desc":"L1P"},"3C4":{"desc":"H8E"},"3C5":{"desc":"L1J"},"3C6":{"desc":"L1P","t":"ULAC"},"3CB":{"t":"BE55"},"3CC":{"desc":"A1P","t":"ULAC"},"3CD":{"t":"GLID"},"3CE":{"t":"P210"},"3CF":{"t":"M20P"},"3D0":{"t":"EC20"},"3D1":{"desc":"L1P","t":"ULAC"},"3D2":{"desc":"H4E"},"3D3":{"t":"N3N"},"3D4":{"t":"P28A"},"3D6":{"t":"GLID"},"3D7":{"t":"C120"},"3DC":{"desc":"L1P"},"3E1":{"t":"B06"},"3E3":{"t":"E190"},"3E4":{"t":"MITE"},"3E5":{"t":"CH7A"},"3E6":{"t":"C680"},"3E7":{"desc":"L1P","t":"ULAC"},"3E8":{"t":"P28R"},"3E9":{"t":"C120"},"3EA":{"desc":"S1P"},"3EC":{"t":"EC20"},"3EF":{"t":"C68A"},"3F0":{"t":"C120"},"3F2":{"desc":"L1P"},"3F4":{"desc":"H1T"},"3F5":{"t":"C525"},"3F6":{"t":"RV12"},"3F7":{"t":"EC20"},"3F9":{"t":"C120"},"3FD":{"t":"PA27"},"3FF":{"t":"BE36"},"400":{"t":"C120"},"401":{"desc":"L1P"},"402":{"t":"EC20"},"403":{"desc":"L1P"},"404":{"t":"P32R"},"405":{"t":"C172"},"408":{"t":"B763"},"409":{"t":"PA32"},"40A":{"t":"A321"},"40B":{"t":"BALL"},"40E":{"t":"DA40"},"40F":{"t":"S76"},"410":{"t":"BCS1"},"412":{"t":"GLID"},"413":{"t":"RV12"},"416":{"desc":"L1P"},"418":{"desc":"L1P"},"419":{"t":"EC20"},"41B":{"t":"A321"},"432":{"t":"UH1"},"434":{"t":"B763"},"440":{"t":"BE20"},"441":{"t":"C510"},"444":{"t":"PA46"},"448":{"t":"M7"},"44C":{"t":"BALL"},"44D":{"t":"HDJT"},"458":{"t":"C182"},"45E":{"t":"M20P"},"462":{"t":"C340"},"463":{"t":"RV12"},"467":{"t":"HDJT"},"469":{"t":"B407"},"46C":{"t":"E120"},"46F":{"t":"C182"},"470":{"t":"E75L"},"473":{"t":"C120"},"47A":{"desc":"L1P"},"47B":{"t":"ULAC"},"47D":{"t":"CL30"},"47E":{"t":"PA31"},"47F":{"t":"GLF4"},"480":{"t":"S22T"},"481":{"desc":"L1P"},"482":{"t":"C206"},"483":{"t":"GLF4"},"485":{"desc":"L1P"},"487":{"t":"C120"},"488":{"t":"C550"},"48A":{"desc":"L1P"},"48F":{"t":"H25B"},"494":{"t":"HDJT"},"495":{"t":"BALL"},"499":{"t":"C120"},"49B":{"t":"PA18"},"4A1":{"t":"AT6T"},"4A2":{"desc":"A1T","t":"KODI"},"4A4":{"t":"BALL"},"4A5":{"desc":"L1P"},"4AC":{"t":"C120"},"4AD":{"t":"B412"},"4AE":{"t":"BALL"},"4AF":{"desc":"L1P"},"4B0":{"t":"NAVI"},"4B1":{"t":"BALL"},"4B2":{"desc":"L1P","t":"ULAC"},"4B7":{"t":"RV12"},"4B8":{"desc":"L1P"},"4BA":{"t":"PA31"},"4BD":{"t":"ECHO"},"4C1":{"t":"GLF5"},"4C5":{"desc":"L1P"},"4C6":{"t":"C120"},"4C7":{"desc":"L1P"},"4C8":{"t":"TAMP"},"4CB":{"desc":"L1P"},"4CD":{"t":"EC20"},"4CF":{"t":"RV12"},"4D0":{"t":"PA31"},"4D1":{"t":"HDJT"},"4D2":{"t":"B738"},"4D3":{"t":"BE35"},"4DA":{"t":"GLID"},"4DB":{"t":"SR20"},"4DC":{"desc":"L1P"},"4DD":{"t":"C120"},"4E1":{"t":"BE20"},"4E3":{"t":"DC91"},"4E5":{"t":"DA40"},"4EA":{"t":"BALL"},"4EB":{"t":"BALL"},"4EC":{"desc":"L1P"},"4EF":{"t":"YK52"},"4F2":{"t":"BALL"},"4F4":{"desc":"H1P"},"4F5":{"t":"A119"},"4F7":{"t":"BE20"},"4F8":{"t":"BE58"},"4FA":{"t":"C402"},"4FB":{"t":"EC20"},"4FC":{"t":"PC12"},"4FD":{"t":"PA44"},"4FE":{"t":"C120"},"50B":{"t":"GLID"},"50C":{"t":"P28A"},"514":{"t":"PC12"},"529":{"t":"RV12"},"52A":{"t":"FA20"},"52B":{"t":"SF50"},"52D":{"t":"BE50"},"52F":{"t":"EC20"},"531":{"t":"PA44"},"533":{"desc":"H4E"},"534":{"t":"BE20"},"535":{"desc":"L1P"},"537":{"t":"BE9L"},"53A":{"t":"GLID"},"53D":{"t":"RV12"},"53E":{"t":"C120"},"542":{"t":"PA24"},"543":{"t":"C310"},"544":{"t":"GLF4"},"547":{"desc":"L1P"},"548":{"t":"ECHO"},"549":{"t":"CH7A"},"54A":{"t":"UH1"},"54B":{"desc":"L1P"},"54E":{"t":"BALL"},"550":{"t":"BE60"},"552":{"desc":"L1P"},"553":{"t":"C150"},"555":{"t":"C172"},"557":{"desc":"L1P"},"559":{"t":"E75L"},"55B":{"t":"PA18"},"55C":{"t":"GLID"},"55E":{"t":"BALL"},"55F":{"desc":"L1T"},"562":{"desc":"L4T"},"565":{"t":"SR20"},"566":{"desc":"L1P"},"567":{"desc":"L2T"},"569":{"desc":"L1P"},"56B":{"t":"BALL"},"56E":{"t":"C120"},"570":{"t":"M20T"},"575":{"t":"B744"},"577":{"t":"B190"},"57A":{"desc":"L1P"},"582":{"t":"A306"},"585":{"t":"BALL"},"59F":{"t":"EC20"},"5A2":{"t":"C120"},"5A6":{"desc":"L1P"},"5A7":{"t":"E110"},"5A8":{"t":"GLID"},"5A9":{"desc":"L1P"},"5AB":{"t":"C182"},"5AF":{"t":"GLF4"},"5B2":{"t":"BE35"},"5B4":{"t":"SR22"},"5B7":{"desc":"L1P","t":"ULAC"},"5B8":{"t":"BT36"},"5BB":{"t":"P46T"},"5BF":{"t":"C120"},"5CF":{"t":"BALL"},"5D8":{"t":"C120"},"5EC":{"t":"BALL"},"609":{"t":"PA18"},"60A":{"t":"GLID"},"60B":{"t":"PA18"},"60D":{"t":"PA22"},"60F":{"t":"CH7A"},"611":{"t":"C150"},"612":{"desc":"L1P"},"614":{"t":"B763"},"615":{"t":"C150"},"616":{"desc":"H1T"},"617":{"t":"C550"},"61A":{"desc":"H1T"},"61B":{"t":"GLID"},"61D":{"t":"C172"},"61E":{"t":"C172"},"61F":{"desc":"H1T"},"620":{"t":"M20P"},"621":{"t":"C150"},"623":{"t":"C182"},"624":{"desc":"H1T"},"625":{"t":"WACF"},"626":{"t":"B78X"},"627":{"t":"B78X"},"628":{"t":"B78X"},"629":{"t":"B78X"},"62B":{"t":"M4"},"62C":{"t":"M4"},"62D":{"t":"GLID"},"631":{"desc":"L1P"},"632":{"t":"C172"},"633":{"t":"C172"},"636":{"t":"M20P"},"637":{"t":"L8"},"63B":{"t":"B763"},"63E":{"t":"M20P"},"63F":{"t":"M20P"},"641":{"t":"M20P"},"642":{"t":"B47G"},"643":{"t":"M20P"},"645":{"desc":"H1P"},"646":{"t":"B78X"},"647":{"t":"M4"},"648":{"t":"B78X"},"64B":{"t":"M4"},"64C":{"t":"M4"},"64D":{"t":"M4"},"64E":{"t":"M4"},"650":{"t":"GLID"},"651":{"t":"PA18"},"655":{"t":"CH7A"},"657":{"t":"C310"},"659":{"t":"AC11"},"65B":{"desc":"L1P","t":"LA4"},"665":{"t":"B47G"},"666":{"t":"M20P"},"668":{"t":"GLID"},"66F":{"t":"M4"},"670":{"t":"M4"},"671":{"t":"A319"},"672":{"t":"M4"},"676":{"t":"C177"},"679":{"t":"C172"},"67A":{"t":"C414"},"67E":{"desc":"L1P","t":"LA4"},"67F":{"t":"ST75"},"680":{"desc":"L2P"},"682":{"t":"C150"},"685":{"t":"P28A"},"686":{"t":"C210"},"688":{"t":"C310"},"689":{"t":"M20P"},"68A":{"t":"C150"},"68D":{"t":"M4"},"68E":{"t":"M4"},"68F":{"desc":"L1P"},"690":{"desc":"L1P"},"694":{"desc":"L1P"},"696":{"t":"P51"},"699":{"t":"C82S"},"69A":{"desc":"L1P"},"69C":{"t":"C185"},"69E":{"t":"AR15"},"69F":{"t":"AC11"},"6A1":{"desc":"L1P","t":"LA4"},"6A4":{"t":"PA23"},"6A5":{"t":"T206"},"6A7":{"t":"ULAC"},"6A8":{"t":"P28A"},"6AC":{"t":"M20P"},"6AE":{"t":"BE35"},"6AF":{"desc":"L1P"},"6B1":{"t":"GLID"},"6B4":{"desc":"L1P"},"6B7":{"desc":"L1P"},"6B8":{"desc":"L1P"},"6B9":{"desc":"L1P"},"6BB":{"t":"C205"},"6BC":{"t":"C177"},"6BE":{"t":"CH7A"},"6C0":{"t":"C310"},"6C2":{"t":"C162"},"6C5":{"t":"F2TH"},"6C7":{"t":"J3"},"6CA":{"t":"BE9L"},"6CB":{"t":"P28A"},"6CC":{"t":"C172"},"6CF":{"t":"M20P"},"6D1":{"t":"C525"},"6D3":{"desc":"L1P"},"6D4":{"t":"GLID"},"6D7":{"desc":"L1P"},"6DC":{"t":"T206"},"6DD":{"t":"PA30"},"6E0":{"t":"S22T"},"6E1":{"t":"CH7B"},"6E2":{"t":"C185"},"6E3":{"desc":"H1T"},"6E5":{"desc":"A1P"},"6E6":{"t":"C421"},"6E7":{"t":"B06"},"6E9":{"t":"C421"},"6EA":{"desc":"L1P"},"6ED":{"desc":"L1P"},"6EE":{"t":"P28A"},"6EF":{"t":"C172"},"6F1":{"t":"BALL"},"6F2":{"t":"M20P"},"6F8":{"t":"N3N"},"6F9":{"t":"C172"},"6FA":{"t":"GLID"},"6FB":{"desc":"L1P"},"6FF":{"t":"ST75"},"700":{"t":"A321"},"702":{"t":"SR22"},"704":{"t":"BL8"},"707":{"t":"P28A"},"709":{"t":"L8"},"70D":{"t":"PA23"},"712":{"t":"C172"},"715":{"desc":"L1P"},"716":{"t":"C150"},"71B":{"desc":"L1P"},"71E":{"t":"L39"},"71F":{"t":"C182"},"722":{"desc":"L1P"},"725":{"desc":"L1P"},"726":{"t":"C170"},"727":{"t":"CH7A"},"729":{"desc":"L1P"},"72A":{"t":"P28A"},"72C":{"t":"L8"},"730":{"desc":"L1P"},"731":{"desc":"L1P"},"735":{"t":"NAVI"},"738":{"t":"M20P"},"739":{"t":"C150"},"73A":{"t":"BE55"},"73D":{"t":"C172"},"73F":{"desc":"L1P"},"741":{"t":"ULAC"},"742":{"t":"B47G"},"746":{"t":"PA18"},"74A":{"t":"CH7A"},"74D":{"t":"AR15"},"74F":{"desc":"L1P"},"750":{"desc":"L1P","t":"LA4"},"751":{"t":"C182"},"752":{"t":"ST75"},"75D":{"desc":"L1P"},"75E":{"t":"C172"},"75F":{"t":"C172"},"761":{"desc":"H1P"},"763":{"t":"C177"},"765":{"t":"C172"},"766":{"t":"C172"},"767":{"t":"RV12"},"768":{"desc":"L1P"},"769":{"desc":"L1P"},"76A":{"t":"AT6T"},"76C":{"t":"S22T"},"76F":{"t":"BE58"},"770":{"desc":"L1P","t":"E400"},"771":{"t":"R44"},"773":{"desc":"L1P"},"775":{"t":"BE33"},"776":{"t":"A321"},"777":{"t":"GLF4"},"778":{"t":"C421"},"779":{"desc":"L1P"},"77A":{"t":"M20P"},"77B":{"t":"C750"},"77D":{"t":"P28A"},"77E":{"desc":"L1P"},"782":{"t":"BE9L"},"784":{"t":"PA18"},"785":{"t":"T34P"},"786":{"t":"C414"},"787":{"t":"BE35"},"78A":{"desc":"H1T"},"78C":{"t":"C310"},"78D":{"t":"BE58"},"78E":{"desc":"L1P"},"790":{"desc":"L1P"},"792":{"t":"SR22"},"794":{"t":"B06"},"797":{"t":"BE55"},"79A":{"t":"FA50"},"79B":{"desc":"L1P"},"79C":{"desc":"H4E"},"79D":{"t":"C340"},"79E":{"desc":"H1P"},"7A0":{"t":"C210"},"7A2":{"desc":"L1P"},"7A4":{"t":"DA40"},"7A6":{"t":"C68A"},"7A8":{"t":"C550"},"7AB":{"desc":"L1P"},"7AD":{"desc":"L1P"},"7B0":{"t":"C172"},"7B3":{"t":"E120"},"7B4":{"t":"BE33"},"7B5":{"t":"S22T"},"7B6":{"t":"P28R"},"7B7":{"desc":"L1P"},"7B8":{"desc":"L1P"},"7BA":{"desc":"L1P"},"7BC":{"desc":"L1P"},"7BE":{"t":"BE20"},"7C0":{"t":"C525"},"7C2":{"t":"GLID"},"7C4":{"t":"C310"},"7C5":{"desc":"L1P"},"7C6":{"desc":"L1P"},"7C7":{"t":"BCS1"},"7C8":{"desc":"L1P"},"7C9":{"desc":"L2P"},"7CC":{"t":"A321"},"7CD":{"t":"M20P"},"7D0":{"t":"C177"},"7D1":{"t":"BL17"},"7D2":{"t":"C185"},"7D5":{"desc":"L1P"},"7D9":{"t":"C182"},"7DB":{"t":"SR22"},"7DD":{"t":"TAMP"},"7DE":{"t":"P28A"},"7E2":{"t":"P337"},"7E3":{"desc":"L1P"},"7E6":{"t":"C180"},"7E7":{"t":"C82S"},"7E8":{"desc":"A2P"},"7E9":{"t":"UH1"},"7EB":{"t":"B763"},"7ED":{"desc":"L1P"},"7F1":{"t":"GLID"},"7F8":{"t":"P28A"},"7F9":{"desc":"L1P"},"7FB":{"desc":"L1P"},"7FF":{"t":"EA50"},"800":{"t":"SR22"},"801":{"t":"C172"},"802":{"t":"YK50"},"806":{"t":"C680"},"807":{"t":"P32R"},"808":{"t":"BE58"},"809":{"desc":"L1P"},"80A":{"t":"B738"},"80B":{"t":"C310"},"80D":{"t":"PA46"},"80F":{"desc":"L1P"},"810":{"t":"C82S"},"811":{"t":"BE9L"},"813":{"t":"GALX"},"814":{"t":"GLID"},"815":{"desc":"L1P","t":"ULAC"},"817":{"t":"GLF4"},"818":{"desc":"L1P"},"819":{"t":"C208"},"81A":{"t":"TBM7"},"81B":{"t":"SR22"},"81D":{"t":"PA32"},"820":{"t":"HUSK"},"823":{"t":"C550"},"826":{"t":"GC1"},"827":{"t":"E75L"},"829":{"desc":"L1P"},"82A":{"t":"SR22"},"832":{"desc":"L1P"},"833":{"t":"S22T"},"834":{"desc":"L1P"},"837":{"t":"BE33"},"838":{"t":"BE9L"},"83A":{"t":"GLF4"},"83C":{"desc":"L1P"},"83D":{"t":"GLF4"},"83F":{"t":"BE9L"},"841":{"t":"T210"},"843":{"t":"P32R"},"845":{"desc":"L1P"},"846":{"t":"AC90"},"849":{"desc":"L1P"},"84A":{"desc":"L1P"},"84B":{"t":"C172"},"852":{"desc":"L1P"},"854":{"desc":"L1P"},"855":{"t":"C56X"},"856":{"t":"C550"},"85B":{"t":"C180"},"85C":{"desc":"L1P"},"863":{"desc":"L1P"},"864":{"t":"C310"},"865":{"t":"BE20"},"866":{"desc":"L1P"},"867":{"t":"C182"},"869":{"t":"FDCT"},"86A":{"t":"BE55"},"86B":{"t":"PAY3"},"86C":{"t":"LJ31"},"86E":{"t":"C206"},"86F":{"t":"CL30"},"871":{"t":"B06"},"878":{"t":"S22T"},"879":{"t":"F900"},"87C":{"t":"C182"},"87D":{"t":"P46T"},"87F":{"desc":"L1P"},"880":{"t":"P28A"},"881":{"t":"R44"},"882":{"t":"BE9L"},"883":{"desc":"L1J"},"885":{"t":"C550"},"889":{"desc":"L1P"},"88A":{"t":"AA1"},"88D":{"t":"C172"},"891":{"t":"GLID"},"895":{"t":"S108"},"898":{"t":"S76"},"89A":{"desc":"H4E"},"89B":{"t":"BALL"},"89C":{"t":"DA40"},"89D":{"desc":"L1P"},"8A6":{"t":"P46T"},"8AA":{"desc":"L1P","t":"ULAC"},"8AF":{"desc":"L1P"},"8B0":{"t":"C402"},"8B1":{"t":"E50P"},"8B2":{"t":"EC20"},"8B3":{"t":"BT36"},"8B4":{"desc":"L1P"},"8B5":{"desc":"L1P"},"8B6":{"desc":"L1P"},"8B7":{"desc":"L1P"},"8B8":{"desc":"L1P"},"8BA":{"desc":"L2T"},"8BE":{"desc":"L1P"},"8BF":{"desc":"L1P","t":"ULAC"},"8C0":{"t":"UH1"},"8C3":{"t":"P28A"},"8C6":{"t":"E50P"},"8E0":{"t":"ST75"},"8E1":{"t":"C182"},"8E2":{"t":"SR22"},"8E4":{"t":"C180"},"8E7":{"t":"AS50"},"8E9":{"t":"T210"},"8EA":{"desc":"L1P"},"8EB":{"t":"M20P"},"8EC":{"desc":"L1P"},"8EE":{"t":"M20P"},"8F0":{"t":"BE58"},"8F1":{"desc":"L2J","t":"CL60"},"8F2":{"t":"SF50"},"8F4":{"desc":"L1P"},"8F5":{"t":"BE33"},"8F9":{"t":"PA32"},"8FA":{"t":"GLEX"},"8FB":{"desc":"L1P"},"8FC":{"t":"BE18"},"8FE":{"t":"R22"},"900":{"t":"BL8"},"902":{"desc":"L1P"},"903":{"t":"M20P"},"904":{"t":"PA27"},"905":{"t":"C182"},"907":{"desc":"L2P"},"909":{"desc":"A2P"},"90A":{"t":"C150"},"90F":{"t":"R44"},"910":{"t":"E75L"},"912":{"t":"M20T"},"913":{"desc":"H1T","t":"B505"},"915":{"t":"PA32"},"916":{"desc":"L2T"},"917":{"t":"ECHO"},"918":{"t":"P32R"},"919":{"desc":"L4T"},"91A":{"t":"ULAC"},"91C":{"t":"RV12"},"922":{"t":"P46T"},"924":{"t":"GLID"},"926":{"t":"R44"},"927":{"t":"P32R"},"928":{"t":"SF50"},"92B":{"desc":"L1P"},"92C":{"t":"B744"},"92E":{"t":"C172"},"939":{"t":"A306"},"940":{"t":"A320"},"946":{"t":"C82S"},"94E":{"t":"C172"},"950":{"t":"C525"},"954":{"desc":"L1P"},"956":{"desc":"L1P"},"957":{"t":"AA5"},"958":{"t":"ERCO"},"95D":{"t":"C172"},"95E":{"t":"PA34"},"960":{"t":"GLID"},"961":{"desc":"H4E"},"965":{"desc":"L1P"},"969":{"t":"BL8"},"96B":{"desc":"L1P"},"96E":{"t":"P28S"},"96F":{"t":"GLID"},"972":{"desc":"L1P"},"974":{"desc":"L1P"},"98F":{"desc":"L1P"},"99D":{"t":"BE36"},"9A1":{"t":"FDCT"},"9A5":{"desc":"L1P"},"9BD":{"t":"ULAC"},"9BE":{"t":"ULAC"},"9C2":{"t":"PA18"},"9C3":{"desc":"L1P"},"9C8":{"desc":"L1P"},"9C9":{"t":"ERCO"},"9CA":{"t":"AC11"},"9CD":{"t":"C210"},"9CF":{"t":"PA23"},"9D7":{"t":"M20P"},"9D8":{"desc":"L1P"},"9D9":{"t":"RV12"},"9DA":{"t":"C172"},"9DD":{"desc":"L1P"},"9DE":{"t":"C172"},"9DF":{"t":"C172"},"9E3":{"t":"B752"},"9E5":{"t":"PC12"},"9E6":{"t":"L8"},"9E7":{"desc":"A1P"},"9E8":{"t":"COL4"},"9EA":{"t":"C185"},"9EC":{"t":"AR15"},"9ED":{"t":"AC11"},"9F0":{"t":"M7T"},"9F4":{"desc":"L1P"},"9F5":{"t":"BALL"},"9FB":{"t":"C150"},"9FC":{"t":"ULAC"},"9FD":{"t":"C172"},"A00":{"t":"C172"},"A01":{"t":"B752"},"A02":{"t":"C172"},"A03":{"t":"B752"},"A09":{"desc":"L1P"},"A0A":{"t":"C441"},"A0B":{"t":"C170"},"A0C":{"t":"P32R"},"A0E":{"t":"BE36"},"A0F":{"desc":"L1P"},"A11":{"t":"RV12"},"A13":{"t":"C172"},"A16":{"t":"RV12"},"A17":{"desc":"L1P"},"A18":{"desc":"L1P"},"A1A":{"t":"C172"},"A1C":{"t":"BE9L"},"A1D":{"t":"M20P"},"A1E":{"t":"C150"},"A20":{"t":"FA24"},"A21":{"desc":"L1P"},"A22":{"t":"E45X"},"A23":{"t":"C172"},"A25":{"t":"B752"},"A26":{"t":"E45X"},"A28":{"t":"C172"},"A29":{"t":"C172"},"A2A":{"desc":"L1P"},"A2C":{"t":"B350"},"A2F":{"t":"CH7A"},"A32":{"desc":"H1P"},"A35":{"t":"C182"},"A36":{"t":"COL3"},"A38":{"t":"B350"},"A3A":{"t":"C150"},"A3B":{"t":"C208"},"A41":{"t":"C150"},"A46":{"t":"C172"},"A47":{"t":"PA24"},"A48":{"t":"E45X"},"A49":{"t":"E45X"},"A4B":{"t":"C172"},"A4D":{"desc":"L1P"},"A4E":{"t":"PA18"},"A52":{"t":"CH7A"},"A54":{"t":"C414"},"A59":{"desc":"L1P"},"A5A":{"desc":"A1P"},"A5C":{"t":"C150"},"A5F":{"t":"P28A"},"A60":{"t":"C172"},"A63":{"t":"M20P"},"A67":{"t":"C172"},"A68":{"t":"E45X"},"A69":{"desc":"L1P"},"A6A":{"t":"C310"},"A6B":{"t":"E45X"},"A6C":{"desc":"L1P"},"A6D":{"t":"C172"},"A6E":{"t":"C172"},"A71":{"t":"L8"},"A72":{"desc":"L1P"},"A74":{"t":"C170"},"A75":{"t":"CH7A"},"A76":{"t":"UH1"},"A77":{"t":"T206"},"A78":{"t":"PA32"},"A79":{"t":"AC11"},"A7B":{"desc":"L1P"},"A7C":{"t":"T210"},"A7D":{"t":"J3"},"A7E":{"t":"PA23"},"A81":{"desc":"L1P"},"A82":{"t":"BE55"},"A83":{"t":"C172"},"A86":{"t":"M20P"},"A87":{"t":"C150"},"A89":{"t":"C172"},"A8C":{"t":"C172"},"A8E":{"t":"C208"},"A8F":{"desc":"L1P"},"A90":{"t":"E45X"},"A91":{"desc":"L1P"},"A92":{"desc":"L1P"},"A98":{"t":"CH7A"},"A9A":{"t":"C414"},"A9E":{"desc":"L1P","t":"LA4"},"A9F":{"t":"C182"},"AA0":{"t":"SR22"},"AA4":{"t":"GLID"},"AA5":{"t":"P28R"},"AA7":{"t":"C172"},"AAC":{"t":"E45X"},"AAD":{"t":"C172"},"AAF":{"t":"E45X"},"AB0":{"desc":"L1P"},"AB1":{"desc":"L1P"},"AB2":{"t":"E45X"},"AB3":{"t":"E45X"},"AB4":{"t":"C172"},"AB5":{"t":"C172"},"AB6":{"t":"PA23"},"AB7":{"t":"B763"},"AB8":{"desc":"L1P"},"AB9":{"t":"PA22"},"ABC":{"t":"C185"},"AC0":{"t":"L8"},"AC2":{"t":"C77R"},"AC4":{"t":"AEST"},"AC8":{"t":"P28R"},"ACC":{"t":"M20P"},"ACE":{"t":"BE33"},"ACF":{"t":"C172"},"AD0":{"t":"BALL"},"AD1":{"t":"E45X"},"AD2":{"t":"J3"},"AD4":{"t":"E45X"},"AD5":{"t":"C172"},"AD9":{"t":"T34P"},"ADC":{"t":"GLF2"},"ADE":{"t":"BL8"},"AE0":{"desc":"L1P"},"AE1":{"t":"B350"},"AE2":{"t":"AC11"},"AE7":{"t":"SR20"},"AE8":{"t":"C150"},"AEA":{"t":"C172"},"AEB":{"desc":"L1P"},"AEE":{"t":"PA32"},"AEF":{"t":"M20P"},"AF1":{"t":"BE35"},"AF2":{"t":"C172"},"AF5":{"t":"C172"},"AF9":{"t":"C172"},"AFA":{"t":"C172"},"AFB":{"t":"C172"},"AFC":{"desc":"G1P","t":"GYRO"},"AFD":{"t":"PA18"},"AFE":{"t":"L8"},"B00":{"t":"C172"},"B01":{"t":"CH7A"},"B03":{"t":"C182"},"B05":{"desc":"L1P"},"B06":{"t":"L8"},"B08":{"t":"C68A"},"B09":{"desc":"L1P"},"B0A":{"t":"C182"},"B0B":{"t":"C150"},"B0D":{"t":"S22T"},"B0E":{"t":"PA34"},"B0F":{"t":"C172"},"B11":{"t":"B06"},"B15":{"t":"J3"},"B17":{"t":"C172"},"B19":{"t":"C172"},"B1A":{"t":"E45X"},"B1B":{"t":"C172"},"B1C":{"t":"C172"},"B1E":{"t":"GLID"},"B20":{"t":"F900"},"B21":{"t":"R44"},"B22":{"t":"GLID"},"B23":{"desc":"H4E"},"B24":{"desc":"L1P"},"B27":{"desc":"A1P"},"B28":{"desc":"H2T"},"B29":{"t":"SR22"},"B2A":{"t":"R22"},"B2C":{"t":"C310"},"B30":{"t":"SR22"},"B31":{"t":"SR22"},"B32":{"t":"C402"},"B35":{"t":"PA31"},"B39":{"t":"RV12"},"B3A":{"desc":"L1P"},"B3C":{"t":"C172"},"B3E":{"t":"PA18"},"B3F":{"t":"GLID"},"B40":{"desc":"L1P"},"B41":{"t":"ST75"},"B43":{"t":"BE20"},"B44":{"t":"GLID"},"B45":{"t":"SR22"},"B46":{"t":"GLEX"},"B47":{"desc":"L1P"},"B49":{"t":"BE95"},"B4B":{"t":"B06"},"B4E":{"desc":"L1P","t":"ULAC"},"B51":{"desc":"L1P"},"B52":{"desc":"L1P"},"B57":{"t":"BE36"},"B58":{"t":"C152"},"B59":{"t":"SR22"},"B5C":{"desc":"L2T"},"B5D":{"t":"SR22"},"B60":{"t":"M7"},"B62":{"t":"E50P"},"B64":{"t":"BE55"},"B66":{"t":"SR22"},"B67":{"desc":"L1P"},"B6A":{"desc":"L1P"},"B6C":{"desc":"L1P"},"B6D":{"desc":"L1P"},"B6E":{"desc":"L1P"},"B6F":{"t":"PA27"},"B71":{"desc":"L1P"},"B72":{"desc":"H1P"},"B76":{"desc":"L1P","t":"ULAC"},"B77":{"desc":"A1T","t":"KODI"},"B78":{"t":"A321"},"B79":{"desc":"L1P"},"B7A":{"desc":"L1P"},"B7B":{"t":"S22T"},"B7C":{"t":"PRM1"},"B7D":{"t":"C182"},"B7E":{"t":"BCS1"},"B80":{"desc":"H4E"},"B83":{"t":"SR20"},"B84":{"t":"C310"},"B85":{"desc":"L1P"},"B86":{"desc":"L1P"},"B89":{"desc":"L2P"},"B8A":{"desc":"L1P"},"B8E":{"desc":"H1P"},"B90":{"desc":"L1P"},"B92":{"t":"SR22"},"B94":{"t":"C25B"},"B95":{"t":"SR22"},"B96":{"desc":"L1P","t":"ULAC"},"B9E":{"t":"SR20"},"B9F":{"desc":"A2P"},"BA2":{"t":"B763"},"BA9":{"desc":"L1P"},"BAB":{"t":"BALL"},"BAE":{"desc":"L1P"},"BB6":{"t":"SR22"},"BB8":{"t":"F900"},"BB9":{"desc":"L1P"},"BBE":{"t":"SR22"},"BC1":{"t":"B738"},"BC4":{"desc":"L1P"},"BC6":{"desc":"L1P"},"BC7":{"t":"BE18"},"BC8":{"t":"BE36"},"BCA":{"t":"GLF4"},"BCF":{"t":"CH7B"},"BD3":{"t":"SR22"},"BD5":{"t":"AT5T"},"BDA":{"t":"E120"},"BDB":{"desc":"L1P","t":"ULAC"},"BDD":{"desc":"L2P"},"BDE":{"t":"E75L"},"BDF":{"t":"GLID"},"BE0":{"t":"P28A"},"BE8":{"t":"B06"},"BEA":{"t":"C208"},"BEB":{"desc":"L1P"},"BEC":{"t":"CH7B"},"BEF":{"t":"R44"},"BF0":{"t":"C172"},"BF2":{"t":"S22T"},"BF6":{"t":"AEST"},"BF9":{"t":"C182"},"BFA":{"t":"J3"},"BFC":{"t":"FDCT"},"C01":{"t":"BE9L"},"C04":{"desc":"L1P"},"C09":{"t":"C25A"},"C0D":{"t":"SR22"},"C0F":{"desc":"L1P"},"C11":{"desc":"L1P"},"C12":{"t":"C172"},"C13":{"t":"PA32"},"C18":{"t":"PA25"},"C1A":{"t":"BE35"},"C1C":{"t":"BALL"},"C1D":{"desc":"L1P","t":"ULAC"},"C1E":{"t":"RV12"},"C20":{"desc":"L1P","t":"ULAC"},"C21":{"t":"BE36"},"C22":{"desc":"H1P"},"C23":{"desc":"L2J"},"C24":{"desc":"L1P"},"C25":{"desc":"L1P"},"C34":{"desc":"L2T"},"C36":{"t":"P28R"},"C37":{"t":"GLID"},"C38":{"t":"T206"},"C3A":{"t":"SR22"},"C3C":{"t":"C172"},"C3E":{"desc":"L1P"},"C43":{"desc":"L1P"},"C45":{"t":"S22T"},"C48":{"t":"C82R"},"C4D":{"t":"P28A"},"C4E":{"t":"C550"},"C50":{"t":"PC12"},"C53":{"t":"DA40"},"C58":{"t":"GLID"},"C59":{"t":"A321"},"C65":{"t":"ST75"},"C67":{"t":"SR22"},"C6B":{"t":"RV12"},"C6C":{"t":"BE55"},"C6D":{"t":"C680"},"C6E":{"desc":"L1T","t":"M600"},"C70":{"t":"R22"},"C73":{"desc":"L1P"},"C75":{"t":"F2TH"},"C77":{"desc":"L1P"},"C7A":{"t":"C172"},"C7E":{"t":"ST75"},"C97":{"desc":"L1P"},"C98":{"desc":"L1P"},"C9A":{"t":"T210"},"C9D":{"t":"R22"},"C9E":{"t":"B350"},"C9F":{"t":"BL17"},"CA2":{"t":"BE55"},"CA3":{"t":"BE58"},"CA5":{"t":"C172"},"CA7":{"t":"BE35"},"CA8":{"t":"SR22"},"CAC":{"desc":"L1P"},"CB0":{"desc":"L1P"},"CB1":{"t":"SR22"},"CB4":{"t":"BALL"},"CB8":{"desc":"L1P"},"CB9":{"t":"BE35"},"CBA":{"desc":"A1P"},"CBC":{"t":"S22T"},"CBD":{"t":"BE35"},"CBE":{"t":"C551"},"CC0":{"desc":"A1P","t":"ULAC"},"CC1":{"t":"C172"},"CC5":{"t":"C421"},"CC7":{"t":"E75L"},"CC8":{"t":"S22T"},"CC9":{"t":"PA18"},"CCB":{"desc":"A1P"},"CCE":{"t":"PA32"},"CCF":{"desc":"L1P"},"CD0":{"t":"C182"},"CD1":{"desc":"H1T"},"CD3":{"desc":"L1P"},"CD4":{"desc":"L1P"},"CD5":{"t":"PA46"},"CD7":{"t":"BE20"},"CDB":{"t":"C182"},"CDE":{"t":"BE35"},"CDF":{"t":"SR22"},"CE2":{"t":"BE10"},"CE3":{"t":"B744"},"CF0":{"t":"A306"},"CF3":{"t":"A320"},"CF4":{"t":"BALL"},"CF8":{"t":"B190"},"CFC":{"t":"S22T"},"CFE":{"t":"C185"},"D05":{"t":"C172"},"D0B":{"t":"F2TH"},"D0C":{"t":"SR22"},"D0D":{"desc":"L1P"},"D0E":{"t":"AA5"},"D10":{"t":"BE35"},"D14":{"t":"J4"},"D15":{"t":"M7"},"D16":{"t":"C337"},"D18":{"t":"PA46"},"D20":{"t":"P28S"},"D24":{"t":"C77R"},"D26":{"t":"C182"},"D27":{"t":"S61"},"D29":{"t":"C550"},"D2B":{"t":"C25B"},"D43":{"desc":"L1P"},"D46":{"desc":"L1P"},"D48":{"t":"R22"},"D5D":{"t":"PA18"},"D5F":{"t":"GLID"},"D61":{"desc":"L1P","t":"ULAC"},"D6B":{"t":"S22T"},"D71":{"t":"SR22"},"D78":{"t":"BE35"},"D79":{"t":"PC12"},"D7A":{"t":"PA23"},"D7B":{"t":"C182"},"D7F":{"t":"C206"},"D80":{"desc":"S1P","t":"AR15"},"D81":{"desc":"L1P"},"D82":{"t":"SR22"},"D83":{"desc":"L1P","t":"LA4"},"D84":{"t":"C182"},"D88":{"t":"C182"},"D8B":{"desc":"L1P"},"D8D":{"t":"C25A"},"D8E":{"t":"M20P"},"D90":{"t":"PA24"},"D91":{"t":"C172"},"D92":{"t":"E45X"},"D93":{"t":"CH7B"},"D96":{"t":"CH7A"},"D97":{"t":"CH7B"},"D98":{"t":"CH7B"},"D99":{"t":"CH7B"},"D9A":{"t":"C172"},"D9B":{"t":"T206"},"D9C":{"t":"PA18"},"D9D":{"t":"L8"},"D9E":{"t":"PA18"},"D9F":{"t":"C170"},"DA0":{"t":"CH7A"},"DA1":{"t":"B350"},"DA2":{"t":"GALX"},"DA3":{"t":"AR15"},"DA4":{"t":"LJ60"},"DA5":{"t":"PA44"},"DA6":{"t":"AA5"},"DAB":{"t":"BALL"},"DAD":{"t":"C172"},"DAE":{"t":"C172"},"DAF":{"t":"C172"},"DB3":{"t":"SR22"},"DB4":{"t":"C172"},"DB5":{"t":"C172"},"DB6":{"t":"C172"},"DB7":{"t":"C172"},"DB9":{"t":"C172"},"DBA":{"t":"B738"},"DBC":{"t":"B738"},"DBF":{"t":"PA18"},"DC0":{"t":"C425"},"DC1":{"desc":"L1P"},"DC3":{"t":"CH7A"},"DC4":{"t":"C185"},"DC5":{"t":"COL3"},"DC8":{"desc":"L1P"},"DC9":{"t":"C172"},"DCA":{"t":"BE35"},"DCB":{"t":"ST75"},"DCC":{"t":"GLF5"},"DD0":{"t":"P28R"},"DD1":{"t":"C150"},"DD3":{"t":"C150"},"DD5":{"t":"C150"},"DD6":{"desc":"L2P"},"DD7":{"t":"B47G"},"DD8":{"t":"B738"},"DD9":{"t":"C182"},"DDC":{"t":"B738"},"DDD":{"t":"C172"},"DE0":{"t":"C172"},"DE1":{"t":"PA24"},"DE2":{"t":"SR22"},"DE3":{"t":"C425"},"DE6":{"t":"BL8"},"DE9":{"t":"C421"},"DED":{"t":"C77R"},"DF0":{"t":"C150"},"DF3":{"t":"BE23"},"DF4":{"t":"C172"},"DF7":{"t":"M20P"},"DF9":{"t":"BE55"},"DFC":{"t":"C172"},"DFE":{"t":"C172"},"E00":{"t":"C172"},"E01":{"desc":"L1P"},"E02":{"t":"B738"},"E03":{"t":"C172"},"E04":{"t":"BE50"},"E05":{"t":"HDJT"},"E07":{"t":"PA22"},"E08":{"t":"C170"},"E0C":{"t":"AR15"},"E0D":{"t":"C425"},"E0E":{"desc":"L1P"},"E0F":{"desc":"L1P","t":"LA4"},"E12":{"t":"C182"},"E13":{"t":"C150"},"E16":{"t":"P32R"},"E17":{"t":"C172"},"E18":{"t":"C170"},"E19":{"t":"AT5T"},"E1A":{"t":"M20P"},"E1B":{"t":"C150"},"E1C":{"t":"BE35"},"E1D":{"t":"C172"},"E20":{"t":"C172"},"E22":{"t":"C172"},"E23":{"t":"C172"},"E24":{"t":"C172"},"E27":{"t":"AEST"},"E29":{"t":"L8"},"E2A":{"t":"PA22"},"E2B":{"t":"EN28"},"E2E":{"desc":"L1P"},"E31":{"desc":"L1P"},"E33":{"t":"C337"},"E35":{"t":"SR22"},"E36":{"t":"C185"},"E38":{"t":"ULAC"},"E3C":{"t":"BL8"},"E3D":{"t":"M20P"},"E3E":{"desc":"L1P"},"E3F":{"t":"BE35"},"E40":{"t":"T34P"},"E42":{"t":"T34P"},"E43":{"t":"T34P"},"E45":{"t":"T34P"},"E48":{"t":"T34P"},"E4A":{"t":"GL5T"},"E4B":{"t":"PA18"},"E4C":{"desc":"L1P"},"E4D":{"t":"PA22"},"E4F":{"t":"CH7A"},"E50":{"t":"C172"},"E52":{"desc":"S1P","t":"AR15"},"E53":{"t":"AC11"},"E54":{"t":"BALL"},"E57":{"desc":"L1P"},"E5C":{"t":"P28A"},"E5D":{"t":"C172"},"E61":{"t":"C150"},"E63":{"desc":"L1P"},"E64":{"t":"C172"},"E67":{"t":"T34P"},"E6B":{"t":"C425"},"E6D":{"t":"DG15"},"E70":{"t":"PA22"},"E71":{"t":"C170"},"E72":{"t":"CH7A"},"E73":{"t":"C185"},"E75":{"t":"AR15"},"E76":{"t":"C425"},"E78":{"desc":"L1P","t":"LA4"},"E7A":{"t":"J3"},"E7D":{"t":"C150"},"E7E":{"t":"GLID"},"E7F":{"t":"P28R"},"E80":{"t":"C172"},"E82":{"t":"S22T"},"E83":{"t":"M20P"},"E84":{"t":"C150"},"E8B":{"t":"T34P"},"E90":{"t":"PA46"},"E91":{"desc":"L1P","t":"ULAC"},"E92":{"t":"L8"},"E93":{"t":"B350"},"E94":{"t":"C170"},"E95":{"desc":"L1P"},"E96":{"t":"BALL"},"E97":{"t":"C310"},"E9A":{"t":"ASTO"},"E9C":{"t":"C182"},"E9E":{"t":"BE36"},"EA0":{"t":"P28A"},"EA1":{"t":"GLID"},"EA2":{"t":"P28R"},"EA3":{"t":"C172"},"EA5":{"t":"BALL"},"EA8":{"t":"BE35"},"EAA":{"t":"T34P"},"EB1":{"desc":"L1P"},"EB3":{"desc":"L1P"},"EB4":{"t":"B763"},"EB5":{"t":"C162"},"EB6":{"t":"C208"},"EB8":{"t":"CH7A"},"EBA":{"desc":"L1P"},"EBB":{"t":"AR15"},"EC4":{"t":"GLID"},"EC5":{"t":"PA34"},"EC6":{"t":"C172"},"EC7":{"t":"COL4"},"EC8":{"desc":"L1P"},"EC9":{"t":"C208"},"ECA":{"t":"C150"},"ECB":{"t":"C208"},"ECC":{"t":"C172"},"ECD":{"t":"C172"},"ED9":{"t":"GLEX"},"EDA":{"t":"C172"},"EDB":{"t":"C525"},"EDD":{"desc":"A2P"},"EDE":{"desc":"L1T","t":"SS2P"},"EE0":{"desc":"L1P"},"EE1":{"t":"BE55"},"EE2":{"t":"BL17"},"EE3":{"t":"C340"},"EE4":{"t":"SR20"},"EE5":{"t":"PA34"},"EE7":{"t":"C182"},"EE8":{"desc":"L1P"},"EEB":{"t":"BE36"},"EED":{"t":"P32R"},"EEF":{"t":"BT36"},"EF0":{"t":"BE35"},"EF1":{"t":"C414"},"EF2":{"t":"M20T"},"EF3":{"t":"BE58"},"EF4":{"desc":"L1P"},"EF5":{"t":"PA32"},"EF6":{"t":"BALL"},"EF9":{"desc":"L1P"},"EFA":{"t":"CH7A"},"EFB":{"t":"BE10"},"EFC":{"t":"SR22"},"EFE":{"desc":"L1P"},"F00":{"desc":"A2P"},"F01":{"t":"BL17"},"F02":{"t":"C421"},"F04":{"t":"PA22"},"F05":{"t":"J3"},"F06":{"desc":"L1P"},"F07":{"t":"BL8"},"F09":{"t":"MITE"},"F0A":{"desc":"L2P"},"F0B":{"t":"C172"},"F0C":{"t":"M20P"},"F0E":{"t":"C210"},"F0F":{"t":"PC12"},"F10":{"t":"SR20"},"F11":{"t":"BE9T"},"F12":{"t":"C25B"},"F13":{"t":"C162"},"F14":{"t":"C172"},"F15":{"t":"P28A"},"F19":{"desc":"L1P"},"F1B":{"t":"BE35"},"F1C":{"t":"M200"},"F1D":{"desc":"L1P"},"F1E":{"t":"C310"},"F1F":{"desc":"L1P"},"F20":{"desc":"L1P"},"F21":{"t":"C25B"},"F22":{"t":"BE35"},"F23":{"t":"CH7A"},"F24":{"t":"C182"},"F26":{"t":"T210"},"F27":{"t":"C310"},"F29":{"t":"LJ24"},"F2A":{"t":"S22T"},"F2B":{"desc":"L1P"},"F2C":{"desc":"L1P"},"F2D":{"t":"C182"},"F2E":{"t":"T210"},"F2F":{"t":"B763"},"F30":{"t":"GLID"},"F31":{"t":"BCS1"},"F33":{"t":"C177"},"F35":{"desc":"L1P"},"F36":{"t":"SR22"},"F37":{"t":"A321"},"F38":{"desc":"L1P"},"F3B":{"t":"C182"},"F3E":{"t":"BE35"},"F3F":{"t":"H25B"},"F40":{"t":"GLID"},"F41":{"desc":"L1P"},"F42":{"t":"WW24"},"F44":{"t":"M20P"},"F46":{"t":"GLID"},"F47":{"t":"GLF4"},"F49":{"t":"C185"},"F4B":{"desc":"L1P"},"F4C":{"t":"AA5"},"F4F":{"t":"BALL"},"F50":{"t":"GLID"},"F51":{"t":"ULAC"},"F53":{"desc":"L1P"},"F55":{"t":"M20P"},"F56":{"desc":"L1P"},"F57":{"t":"C172"},"F59":{"t":"B763"},"F5A":{"t":"C550"},"F5E":{"t":"M20P"},"F62":{"desc":"L1P"},"F64":{"desc":"L1P"},"F66":{"t":"GLF5"},"F67":{"t":"S22T"},"F6A":{"desc":"L2T"},"F6E":{"t":"GLID"},"F6F":{"t":"BE55"},"F71":{"desc":"L1P"},"F72":{"t":"P28A"},"F74":{"t":"C172"},"F75":{"t":"C82S"},"F76":{"t":"C172"},"F77":{"t":"P28A"},"F78":{"t":"C182"},"F7A":{"desc":"L2P"},"F7E":{"t":"BE36"},"F81":{"t":"GALX"},"F87":{"t":"C172"},"F88":{"t":"SR22"},"F89":{"desc":"L1P"},"F8C":{"desc":"L1P"},"F8D":{"t":"B350"},"F8E":{"t":"GLID"},"F90":{"t":"H25B"},"F91":{"t":"C441"},"F92":{"t":"PA24"},"F94":{"t":"B06"},"F95":{"t":"E75L"},"F97":{"desc":"L1P"},"F98":{"t":"AC50"},"F99":{"t":"HUSK"},"F9C":{"desc":"L1P"},"FA1":{"t":"BE33"},"FA2":{"t":"P28A"},"FA4":{"desc":"L1P","t":"ULAC"},"FA5":{"t":"BE60"},"FA6":{"desc":"A1P"},"FA7":{"t":"PA31"},"FA8":{"t":"BE55"},"FAA":{"desc":"L1P"},"FAB":{"desc":"L1P"},"FAD":{"desc":"L1P"},"FAF":{"t":"M20P"},"FB0":{"t":"C82S"},"FB1":{"t":"T210"},"FB3":{"t":"BE35"},"FB4":{"t":"PA34"},"FB8":{"desc":"L5P"},"FBB":{"t":"P32R"},"FBC":{"t":"C501"},"FBF":{"t":"GLID"},"FC0":{"t":"F2TH"},"FC1":{"desc":"L5P"},"FC3":{"t":"C182"},"FC6":{"desc":"L1P","t":"ULAC"},"FC8":{"t":"P28A"},"FCA":{"t":"C210"},"FCD":{"t":"PA31"},"FD1":{"t":"M20P"},"FD3":{"desc":"L1P"},"FD4":{"desc":"L1P","t":"ULAC"},"FD5":{"t":"P28A"},"FD6":{"desc":"L1P"},"FD8":{"t":"C172"},"FD9":{"desc":"L2T"},"FDA":{"t":"C180"},"FDD":{"t":"PA24"},"FDF":{"desc":"L1P"},"FE2":{"t":"C77R"},"FE3":{"desc":"L1P"},"FE4":{"t":"PA32"},"FE5":{"t":"GLF4"},"FEA":{"desc":"L1P"},"FEB":{"t":"PA31"},"FEC":{"t":"C172"},"FED":{"t":"T210"},"FEF":{"desc":"A1P"},"FF0":{"t":"PA32"},"FF1":{"t":"M7T"},"FF2":{"t":"BE9L"},"FF3":{"t":"LJ23"},"FF4":{"t":"PA24"},"FF5":{"t":"BE20"},"FF7":{"t":"C310"},"FF8":{"t":"R44"},"FFA":{"t":"PA18"},"FFB":{"desc":"L1P"},"FFC":{"t":"EN28"},"FFE":{"t":"R44"},"FFF":{"t":"GLID"}}