{"001":{"desc":"L1P"},"002":{"t":"DA40"},"004":{"t":"DA40"},"005":{"t":"BALL"},"006":{"t":"B06"},"00A":{"t":"DA40"},"00D":{"t":"BE60"},"00F":{"desc":"H1T","t":"B47G"},"010":{"t":"A321"},"011":{"t":"C421"},"014":{"desc":"L1P"},"015":{"desc":"L1P"},"019":{"t":"PC12"},"01C":{"t":"PA23"},"01D":{"t":"M20P"},"01F":{"t":"S22T"},"020":{"t":"F2TH"},"021":{"t":"EC20"},"022":{"t":"C172"},"023":{"t":"M20P"},"025":{"desc":"L1T"},"026":{"desc":"L1P"},"027":{"t":"C501"},"028":{"t":"HDJT"},"02A":{"t":"M7"},"02C":{"desc":"L1P"},"02D":{"desc":"H1P"},"02E":{"t":"PA31"},"030":{"t":"PA27"},"031":{"t":"GLID"},"032":{"desc":"L1P"},"033":{"t":"C172"},"034":{"t":"M20T"},"035":{"t":"CL30"},"038":{"desc":"L1P"},"048":{"t":"G150"},"04E":{"t":"R66"},"04F":{"t":"FA20"},"050":{"desc":"L1P"},"051":{"t":"WW24"},"053":{"t":"SR22"},"054":{"t":"B350"},"055":{"t":"BE35"},"057":{"t":"B06"},"058":{"t":"BE33"},"059":{"t":"M200"},"05E":{"t":"RV12"},"05F":{"desc":"L1P"},"060":{"t":"EC30"},"062":{"desc":"L1P"},"063":{"t":"J3"},"065":{"t":"GLID"},"067":{"t":"E55P"},"068":{"t":"PA18"},"06A":{"desc":"L1P"},"06D":{"t":"CH7B"},"06E":{"desc":"A1P"},"06F":{"desc":"H1T"},"073":{"t":"C421"},"075":{"t":"M7"},"076":{"desc":"L1P"},"077":{"desc":"L1P"},"078":{"desc":"L1P"},"07B":{"desc":"L1P"},"07C":{"t":"P28A"},"07D":{"t":"BALL"},"07E":{"desc":"L1P"},"080":{"desc":"L1T"},"081":{"desc":"L1P"},"082":{"t":"C340"},"083":{"t":"BE50"},"084":{"t":"C340"},"085":{"t":"PA46"},"087":{"desc":"L1P"},"089":{"t":"PA44"},"08B":{"t":"C550"},"08C":{"t":"C206"},"08E":{"desc":"L1P"},"090":{"desc":"L1P"},"091":{"t":"P46T"},"092":{"t":"C172"},"094":{"t":"DA40"},"095":{"t":"BE36"},"096":{"t":"P28B"},"097":{"t":"S108"},"098":{"t":"C182"},"099":{"t":"C210"},"09A":{"t":"P28A"},"09C":{"t":"C172"},"0A0":{"desc":"L1P","t":"ULAC"},"0A3":{"t":"M20P"},"0A5":{"t":"BALL"},"0A7":{"t":"C182"},"0A9":{"t":"GLID"},"0AA":{"t":"BE58"},"0AB":{"t":"BALL"},"0AD":{"desc":"L1E"},"0AE":{"t":"A320"},"0B3":{"t":"M7"},"0B4":{"t":"AA5"},"0B7":{"desc":"L1P"},"0B9":{"t":"SR22"},"0BB":{"t":"C182"},"0BC":{"t":"C172"},"0BD":{"desc":"L1P"},"0C0":{"t":"S22T"},"0C2":{"t":"T210"},"0C3":{"desc":"L1P"},"0C4":{"t":"GLID"},"0C6":{"desc":"L1J"},"0CC":{"t":"BL8"},"0CD":{"t":"BE58"},"0CE":{"t":"PA22"},"0CF":{"desc":"L1P"},"0D0":{"t":"C77R"},"0D1":{"t":"B06"},"0D2":{"t":"C182"},"0D3":{"desc":"L1P"},"0D4":{"t":"M20P"},"0D5":{"desc":"L1P"},"0D6":{"desc":"L1P"},"0D9":{"desc":"L1P"},"0DB":{"desc":"L1P"},"0DC":{"desc":"L1P"},"0E3":{"t":"BALL"},"0E6":{"desc":"H6E"},"0E7":{"t":"SR22"},"0EF":{"desc":"L1P"},"0F0":{"desc":"A1P"},"0F2":{"desc":"L1P"},"0F6":{"desc":"L1P"},"0FD":{"desc":"L1P"},"0FE":{"t":"PA32"},"100":{"desc":"L1P"},"10B":{"t":"ERCO"},"10F":{"desc":"A1P"},"112":{"t":"R44"},"114":{"desc":"L1P"},"115":{"desc":"A1P"},"117":{"t":"C172"},"119":{"t":"TBM7"},"122":{"t":"SR20"},"12F":{"desc":"L1P"},"130":{"desc":"L1P"},"131":{"t":"C82S"},"132":{"t":"PA22"},"134":{"desc":"L1P"},"136":{"t":"C172"},"139":{"t":"L8"},"13B":{"t":"CH7B"},"13D":{"t":"BE20"},"13F":{"desc":"A2P"},"140":{"t":"BL8"},"141":{"t":"PA34"},"145":{"t":"M20P"},"147":{"t":"BE36"},"14B":{"desc":"L1P"},"14E":{"desc":"A1P"},"151":{"desc":"L1P"},"152":{"desc":"H4E"},"153":{"t":"AS50"},"154":{"t":"S22T"},"155":{"t":"PA20"},"156":{"t":"C170"},"158":{"t":"C185"},"15B":{"t":"AC11"},"15C":{"t":"L8"},"15D":{"desc":"L1P","t":"LA4"},"15E":{"t":"BALL"},"160":{"t":"PA23"},"161":{"t":"C150"},"167":{"t":"M20P"},"168":{"desc":"L1P"},"16A":{"t":"BE35"},"16B":{"desc":"L2T"},"16C":{"desc":"L1P"},"16D":{"desc":"L1P"},"16F":{"desc":"L1P"},"175":{"desc":"L1P"},"178":{"t":"PA22"},"17A":{"t":"C82S"},"17B":{"t":"C185"},"17C":{"t":"C172"},"17F":{"t":"C340"},"182":{"desc":"L1P"},"184":{"t":"C150"},"186":{"t":"GLID"},"187":{"t":"P28A"},"188":{"t":"C172"},"18A":{"t":"M20P"},"18B":{"t":"C82S"},"18C":{"t":"C208"},"18E":{"desc":"L2T"},"18F":{"t":"PA46"},"191":{"desc":"L1P"},"192":{"desc":"A1P"},"197":{"desc":"L1P"},"198":{"desc":"L1P"},"199":{"t":"PA18"},"19A":{"t":"C182"},"19B":{"desc":"L1P","t":"ULAC"},"19C":{"t":"C170"},"19D":{"t":"CH7A"},"19E":{"t":"C182"},"1A0":{"t":"AR15"},"1A2":{"t":"B350"},"1A4":{"t":"C182"},"1A9":{"t":"GLID"},"1AA":{"desc":"L1P"},"1AB":{"t":"C172"},"1AC":{"t":"C172"},"1AD":{"t":"C182"},"1AF":{"t":"C150"},"1B1":{"t":"C172"},"1B2":{"t":"C172"},"1B3":{"desc":"L1P"},"1B4":{"desc":"L1P"},"1B6":{"t":"C172"},"1B7":{"t":"C172"},"1B8":{"desc":"L1P"},"1BA":{"t":"C172"},"1BC":{"t":"BE60"},"1BD":{"t":"BE35"},"1BE":{"desc":"L1P"},"1BF":{"t":"AA5"},"1C0":{"t":"CH7A"},"1C1":{"t":"C182"},"1C2":{"t":"M20P"},"1C3":{"t":"AR15"},"1C5":{"t":"M20P"},"1C6":{"t":"BE60"},"1C7":{"t":"M20P"},"1C9":{"t":"PA23"},"1CA":{"t":"BE36"},"1CB":{"desc":"L1P"},"1CC":{"t":"C172"},"1CD":{"t":"BE33"},"1CE":{"t":"PA34"},"1CF":{"t":"BE35"},"1D0":{"t":"C414"},"1D2":{"t":"C185"},"1D3":{"t":"BE35"},"1D5":{"t":"C172"},"1D6":{"t":"C172"},"1D7":{"t":"C172"},"1D8":{"desc":"L1P"},"1D9":{"desc":"H4E"},"1DA":{"t":"C172"},"1DD":{"desc":"H1P"},"1E1":{"t":"BE33"},"1E2":{"t":"C170"},"1E4":{"desc":"L1P"},"1E6":{"t":"AR15"},"1E7":{"t":"BALL"},"1E8":{"t":"L8"},"1E9":{"t":"COL4"},"1EA":{"t":"BE50"},"1EB":{"desc":"A1P"},"1EF":{"t":"P28A"},"1F1":{"t":"C210"},"1F3":{"t":"BALL"},"1F4":{"t":"M20P"},"1F7":{"desc":"L1P"},"1F9":{"desc":"L1P"},"1FB":{"t":"P28R"},"1FC":{"desc":"L4P"},"201":{"t":"PA30"},"207":{"t":"C185"},"20D":{"t":"C182"},"210":{"t":"C150"},"213":{"t":"P28R"},"214":{"t":"C172"},"217":{"t":"M20P"},"219":{"t":"BE35"},"21A":{"t":"C172"},"21B":{"desc":"L1P"},"21D":{"desc":"L2P"},"21F":{"t":"C172"},"220":{"t":"C172"},"223":{"desc":"L1P"},"224":{"t":"C185"},"226":{"t":"L8"},"22B":{"t":"C414"},"22C":{"t":"P28A"},"22E":{"t":"L8"},"230":{"t":"T210"},"233":{"t":"C150"},"235":{"t":"GLID"},"237":{"t":"C172"},"238":{"t":"O1"},"23B":{"t":"C150"},"23C":{"t":"BE33"},"241":{"desc":"L1P"},"242":{"t":"C172"},"243":{"t":"C172"},"246":{"t":"C172"},"248":{"t":"PA18"},"249":{"desc":"L1P"},"24A":{"t":"PA22"},"254":{"t":"T50"},"257":{"t":"C340"},"25B":{"desc":"L1P"},"25D":{"t":"M20P"},"25E":{"t":"C150"},"260":{"desc":"L1P"},"261":{"t":"PA18"},"262":{"t":"C172"},"266":{"t":"C172"},"267":{"t":"C172"},"268":{"t":"C172"},"269":{"desc":"L1P"},"26F":{"desc":"L1P"},"270":{"t":"C185"},"273":{"t":"AC11"},"274":{"desc":"L1P"},"276":{"t":"C182"},"279":{"t":"C150"},"27A":{"t":"BALL"},"27B":{"t":"GLID"},"27C":{"t":"PA34"},"27F":{"desc":"L1P"},"280":{"t":"M20P"},"281":{"desc":"L1P"},"282":{"t":"COL4"},"283":{"t":"C172"},"284":{"t":"C172"},"287":{"t":"C172"},"288":{"t":"C172"},"289":{"t":"R22"},"28B":{"t":"C172"},"28E":{"desc":"L1P"},"28F":{"t":"A321"},"290":{"desc":"L1P"},"292":{"desc":"L1P"},"293":{"t":"B06"},"294":{"t":"PC24"},"295":{"t":"PA31"},"296":{"t":"EC35"},"298":{"desc":"L1P"},"29C":{"t":"ULAC"},"29E":{"t":"ULAC"},"29F":{"t":"R44"},"2A0":{"desc":"L1P"},"2A3":{"t":"BE55"},"2A4":{"t":"B190"},"2A7":{"desc":"L1P"},"2A9":{"t":"BALL"},"2AB":{"desc":"L1P"},"2AC":{"desc":"L1P"},"2AD":{"desc":"L1P","t":"ULAC"},"2AE":{"t":"C525"},"2AF":{"t":"ST75"},"2B0":{"t":"RV12"},"2B1":{"t":"BE9T"},"2B2":{"t":"C25B"},"2B3":{"desc":"L1P"},"2B8":{"t":"C182"},"2BD":{"t":"RV12"},"2BF":{"t":"BE55"},"2C0":{"desc":"L1T"},"2C2":{"t":"S22T"},"2C3":{"t":"PA46"},"2C4":{"t":"SR20"},"2C6":{"desc":"H1P"},"2C7":{"t":"GLID"},"2C8":{"t":"M4"},"2CA":{"t":"C172"},"2CC":{"t":"BE30"},"2CE":{"t":"SR22"},"2D0":{"t":"SR20"},"2D1":{"t":"RV12"},"2D2":{"desc":"L1P"},"2D5":{"desc":"H1P"},"2D9":{"t":"BE35"},"2DC":{"desc":"L1P"},"2E1":{"t":"RV12"},"2E4":{"desc":"L1P"},"2E5":{"t":"RV12"},"2E6":{"desc":"L2P"},"2E7":{"t":"C310"},"2E9":{"t":"C340"},"2EA":{"desc":"L1P"},"2EB":{"t":"GLF3"},"2EC":{"t":"BCS1"},"2EE":{"desc":"L1P"},"2EF":{"t":"A321"},"2F2":{"t":"M20P"},"2F4":{"t":"B350"},"2F5":{"t":"SR22"},"2F6":{"desc":"L1T","t":"PA46"},"2F7":{"t":"C172"},"2F8":{"t":"C182"},"2FA":{"desc":"H2T"},"2FC":{"t":"E55P"},"2FD":{"t":"RV12"},"300":{"t":"GLF3"},"302":{"t":"C172"},"306":{"t":"M20P"},"307":{"desc":"L1P"},"30B":{"desc":"L1P"},"30C":{"desc":"L1P"},"30E":{"t":"UH1"},"310":{"t":"B763"},"312":{"t":"E55P"},"318":{"t":"RV12"},"31B":{"t":"C172"},"31F":{"t":"P28U"},"325":{"t":"BE20"},"326":{"t":"GLID"},"327":{"desc":"L1P"},"328":{"t":"F900"},"32B":{"desc":"L1P"},"32C":{"desc":"L1P"},"32F":{"t":"A320"},"332":{"t":"B190"},"335":{"t":"PA18"},"339":{"t":"BALL"},"33A":{"desc":"L1P","t":"ULAC"},"33D":{"t":"C25A"},"340":{"t":"GLID"},"343":{"t":"C172"},"346":{"t":"HDJT"},"347":{"t":"C82R"},"348":{"t":"E120"},"34C":{"t":"E75L"},"350":{"t":"HUSK"},"351":{"t":"RV12"},"352":{"desc":"L1P"},"357":{"t":"ULAC"},"358":{"desc":"L1P"},"359":{"t":"P28A"},"35A":{"t":"P28A"},"35C":{"t":"SR22"},"35D":{"t":"RV12"},"35F":{"desc":"L1P"},"360":{"t":"M20P"},"364":{"desc":"L2P"},"366":{"t":"C172"},"368":{"t":"RV12"},"36B":{"t":"C25B"},"36F":{"t":"C182"},"370":{"t":"C177"},"373":{"t":"RV12"},"376":{"t":"SF50"},"378":{"t":"RV12"},"379":{"t":"EA50"},"37A":{"t":"RV12"},"381":{"t":"BE20"},"382":{"t":"ULAC"},"384":{"t":"SR22"},"386":{"t":"C82S"},"388":{"desc":"A1P"},"38B":{"t":"BE36"},"38E":{"desc":"L1P"},"38F":{"desc":"L1P"},"394":{"t":"ECHO"},"395":{"t":"AS50"},"396":{"desc":"L1P"},"398":{"t":"C185"},"39A":{"t":"PC12"},"39D":{"desc":"L1P","t":"ULAC"},"3A0":{"t":"S22T"},"3A1":{"desc":"L1P"},"3A2":{"t":"C82T"},"3A4":{"t":"BL8"},"3A5":{"t":"BE58"},"3A6":{"t":"C172"},"3A9":{"desc":"L1P"},"3AA":{"desc":"L1P","t":"ULAC"},"3AB":{"desc":"A1P"},"3AC":{"t":"EC20"},"3AD":{"t":"GLID"},"3AE":{"t":"BE35"},"3AF":{"desc":"L1P"},"3B2":{"desc":"L1P"},"3B3":{"t":"P28R"},"3B5":{"t":"C750"},"3B6":{"t":"SF50"},"3BA":{"t":"PC12"},"3C6":{"t":"GLID"},"3CA":{"t":"PA24"},"3D3":{"desc":"L1P"},"3D4":{"t":"JS31"},"3D7":{"desc":"H1T","t":"H500"},"3DB":{"t":"C172"},"3DC":{"t":"C172"},"3DE":{"t":"C172"},"3DF":{"t":"C550"},"3E1":{"t":"BE40"},"3E4":{"t":"PC12"},"3E5":{"t":"UH1"},"3EC":{"t":"C170"},"405":{"t":"PC12"},"406":{"desc":"L1P"},"408":{"t":"C172"},"409":{"t":"CH7B"},"40C":{"t":"T210"},"40D":{"desc":"L1P"},"40E":{"desc":"L1P"},"40F":{"t":"S22T"},"410":{"t":"RV12"},"411":{"t":"NAVI"},"412":{"t":"RV12"},"413":{"t":"C152"},"415":{"t":"SR20"},"416":{"t":"BE35"},"417":{"desc":"L1P"},"41A":{"desc":"L1P","t":"ULAC"},"41E":{"desc":"L1P"},"420":{"desc":"L1P"},"421":{"t":"BL8"},"424":{"t":"SR22"},"425":{"t":"BL8"},"426":{"desc":"H1T","t":"B47G"},"429":{"t":"HUSK"},"42C":{"t":"SF50"},"42E":{"desc":"L1P"},"42F":{"t":"GLID"},"430":{"t":"GLEX"},"435":{"t":"E75L"},"437":{"t":"PA18"},"438":{"t":"H269"},"43B":{"desc":"L1P"},"43D":{"t":"GLF4"},"43E":{"desc":"L1P"},"440":{"t":"BE58"},"443":{"t":"C421"},"445":{"t":"GLID"},"447":{"desc":"L1P"},"448":{"t":"SF50"},"449":{"desc":"L1P"},"44C":{"t":"C172"},"44D":{"t":"AS50"},"450":{"t":"PC12"},"451":{"t":"C185"},"453":{"t":"C172"},"45E":{"t":"A306"},"461":{"t":"A320"},"462":{"t":"BALL"},"464":{"t":"PC12"},"469":{"t":"BE55"},"471":{"desc":"L1P"},"474":{"t":"SR20"},"47C":{"t":"AA5"},"482":{"desc":"L1P"},"484":{"t":"RV12"},"485":{"t":"C421"},"486":{"t":"CH7B"},"489":{"t":"RV12"},"48A":{"t":"T206"},"48B":{"t":"C182"},"48D":{"t":"C172"},"48E":{"t":"C182"},"48F":{"t":"C206"},"490":{"desc":"L1P","t":"ULAC"},"492":{"t":"BE20"},"493":{"desc":"L1P"},"494":{"desc":"L1P"},"49B":{"desc":"L1P"},"49F":{"t":"RV12"},"4AC":{"t":"GLID"},"4B4":{"t":"WACF"},"4C8":{"t":"B190"},"4DE":{"t":"GLID"},"4DF":{"t":"LJ35"},"4E3":{"t":"ULAC"},"4E7":{"t":"BE35"},"4E8":{"desc":"L1P"},"4E9":{"desc":"G1P"},"4EA":{"t":"C170"},"4EB":{"t":"CH7A"},"4ED":{"t":"C310"},"4EE":{"t":"AR15"},"4EF":{"t":"AC11"},"4F7":{"desc":"L1P"},"4FA":{"t":"C172"},"4FB":{"t":"EC20"},"4FC":{"t":"M20P"},"4FD":{"t":"C150"},"503":{"t":"C172"},"504":{"desc":"L1P"},"506":{"desc":"L1P"},"50B":{"t":"L8"},"50C":{"t":"PA22"},"50D":{"t":"C170"},"50E":{"t":"CH7A"},"510":{"t":"COL4"},"518":{"t":"C150"},"51B":{"t":"P28A"},"51C":{"t":"C172"},"51F":{"t":"C208"},"521":{"t":"BE35"},"522":{"t":"C172"},"523":{"desc":"L1P"},"529":{"desc":"L1J"},"52B":{"t":"C172"},"52C":{"desc":"L1P"},"52D":{"desc":"L1P"},"52E":{"t":"C172"},"530":{"t":"C170"},"532":{"t":"BALL"},"533":{"t":"C310"},"534":{"t":"P28A"},"535":{"t":"AC11"},"539":{"t":"C172"},"53D":{"t":"GLID"},"53E":{"t":"P28A"},"53F":{"t":"C172"},"541":{"desc":"L1P"},"543":{"t":"C208"},"548":{"desc":"L1P"},"549":{"t":"R22"},"54D":{"t":"WACF"},"54F":{"t":"PT22"},"550":{"desc":"L1P"},"552":{"t":"PA22"},"557":{"t":"P28A"},"55A":{"desc":"L1P","t":"LA4"},"55B":{"t":"C182"},"55C":{"t":"C82S"},"560":{"t":"C172"},"563":{"t":"C172"},"564":{"desc":"L1P"},"565":{"t":"COL4"},"568":{"desc":"L1P"},"56B":{"desc":"L1P"},"56C":{"t":"C414"},"56D":{"t":"RV12"},"570":{"desc":"L1P"},"571":{"t":"C172"},"572":{"t":"GLEX"},"573":{"t":"PA18"},"574":{"t":"L8"},"576":{"t":"C170"},"577":{"t":"CH7A"},"579":{"t":"WACF"},"584":{"t":"DA40"},"588":{"t":"M20P"},"589":{"t":"BE55"},"58B":{"t":"C172"},"58C":{"t":"C172"},"58D":{"t":"C172"},"58E":{"t":"WACF"},"58F":{"desc":"L1P"},"590":{"desc":"L1P"},"592":{"t":"C172"},"593":{"t":"C172"},"594":{"desc":"L1P"},"595":{"t":"C510"},"596":{"t":"C414"},"597":{"t":"C182"},"599":{"t":"C170"},"59F":{"t":"B350"},"5A0":{"t":"LJ45"},"5A6":{"t":"C182"},"5A7":{"t":"P208"},"5A8":{"t":"C172"},"5AB":{"t":"PC12"},"5AD":{"desc":"H8E"},"5AE":{"t":"ULAC"},"5B0":{"t":"C172"},"5B1":{"desc":"L1P"},"5B2":{"desc":"L1P"},"5B4":{"t":"C172"},"5B5":{"t":"WACC"},"5B7":{"t":"C172"},"5B8":{"t":"PA18"},"5B9":{"t":"PA18"},"5BB":{"t":"C177"},"5C1":{"t":"AC11"},"5CA":{"t":"PA32"},"5CB":{"t":"C172"},"5CC":{"t":"C172"},"5CF":{"t":"C150"},"5D1":{"t":"C172"},"5D5":{"t":"PA12"},"5D6":{"t":"PA22"},"5D7":{"t":"C172"},"5D8":{"t":"WACC"},"5D9":{"t":"C172"},"5DA":{"t":"C172"},"5DE":{"t":"PA20"},"5DF":{"t":"C170"},"5E0":{"t":"PC12"},"5E2":{"t":"C310"},"5E4":{"t":"AC11"},"5E5":{"t":"ULAC"},"5EC":{"t":"C182"},"5EE":{"t":"C172"},"5EF":{"t":"C82S"},"5F2":{"t":"C150"},"5F3":{"desc":"H4E"},"5F4":{"t":"C172"},"5F5":{"t":"WACC"},"5F6":{"t":"WACC"},"5F7":{"t":"C172"},"5F8":{"t":"C172"},"5F9":{"t":"R22"},"5FA":{"desc":"L1P"},"5FB":{"t":"C172"},"5FD":{"t":"C172"},"5FE":{"desc":"L1P"},"5FF":{"t":"PA18"},"601":{"t":"PA22"},"602":{"desc":"L1P"},"603":{"t":"C182"},"605":{"t":"PA34"},"609":{"desc":"L1P","t":"LA4"},"60A":{"t":"C210"},"60D":{"t":"C150"},"60F":{"t":"C182"},"61A":{"t":"C172"},"61B":{"t":"C172"},"61C":{"t":"C172"},"61F":{"t":"C172"},"621":{"desc":"L1P"},"622":{"t":"PA18"},"623":{"t":"B350"},"624":{"t":"SR20"},"625":{"t":"C170"},"626":{"t":"CH7A"},"62E":{"t":"FA24"},"62F":{"t":"C550"},"632":{"t":"C182"},"634":{"t":"C172"},"635":{"desc":"L2P"},"63C":{"t":"C172"},"63D":{"t":"C172"},"643":{"desc":"L1P"},"644":{"t":"ASTO"},"646":{"t":"A321"},"647":{"t":"M7"},"648":{"desc":"L2P"},"64B":{"t":"PC24"},"64C":{"desc":"H1P"},"64D":{"t":"C82S"},"64F":{"t":"C82S"},"650":{"t":"T206"},"651":{"desc":"L1P"},"655":{"t":"BT36"},"657":{"t":"ULAC"},"65A":{"t":"C150"},"65B":{"t":"B190"},"65D":{"t":"B25"},"65E":{"t":"BE35"},"65F":{"t":"B190"},"661":{"t":"H269"},"666":{"desc":"L1P"},"667":{"t":"C25A"},"668":{"t":"BE20"},"66A":{"t":"T210"},"66E":{"t":"SR22"},"670":{"t":"COL4"},"677":{"t":"MITE"},"67A":{"t":"GLID"},"67C":{"t":"C550"},"67D":{"t":"C210"},"67E":{"desc":"L1P"},"67F":{"t":"GLEX"},"682":{"t":"AS50"},"683":{"t":"CH7A"},"685":{"t":"C340"},"689":{"t":"GLID"},"68F":{"t":"E120"},"691":{"t":"AS50"},"694":{"t":"GLID"},"695":{"t":"EA50"},"697":{"t":"C25B"},"699":{"t":"BE40"},"69A":{"desc":"L1P","t":"ULAC"},"69C":{"t":"C310"},"69D":{"t":"A321"},"69E":{"t":"PC24"},"6A2":{"t":"GLEX"},"6A3":{"t":"BCS1"},"6A4":{"t":"P46T"},"6A5":{"t":"C525"},"6A6":{"t":"GLID"},"6A8":{"t":"C750"},"6A9":{"t":"BE95"},"6AA":{"t":"C501"},"6AB":{"desc":"L1P"},"6B3":{"desc":"L2J"},"6B7":{"t":"AS50"},"6BB":{"t":"C310"},"6BF":{"t":"E300"},"6C4":{"desc":"A2P"},"6C5":{"t":"UH1"},"6C7":{"t":"B763"},"6C9":{"t":"PA18"},"6CA":{"desc":"H2T"},"6CD":{"t":"PA34"},"6D2":{"desc":"L1P"},"6D3":{"t":"LJ31"},"6DB":{"t":"HUSK"},"6DC":{"t":"GLF5"},"6DE":{"desc":"L1P"},"6DF":{"desc":"L1P","t":"ULAC"},"6E3":{"t":"GLF5"},"6E6":{"t":"ULAC"},"6E7":{"desc":"L1P"},"6EB":{"t":"ASTR"},"6EC":{"desc":"L1P"},"6F1":{"desc":"L1P","t":"ULAC"},"6F5":{"t":"DA40"},"6F6":{"t":"PA36"},"6F8":{"t":"AS50"},"6FA":{"t":"WW24"},"6FE":{"t":"S108"},"6FF":{"t":"DA40"},"703":{"t":"E75L"},"705":{"t":"M7"},"707":{"t":"HUSK"},"70D":{"desc":"L1P","t":"ULAC"},"70E":{"t":"C182"},"70F":{"desc":"L1P"},"710":{"desc":"H1P"},"711":{"t":"C177"},"712":{"t":"RV12"},"713":{"t":"GALX"},"717":{"desc":"L1P"},"718":{"desc":"L1P"},"719":{"desc":"H1P"},"71B":{"t":"BALL"},"71E":{"desc":"L1P"},"71F":{"desc":"L1P"},"726":{"t":"PA18"},"727":{"t":"B350"},"728":{"desc":"L1P"},"729":{"t":"C82R"},"72A":{"desc":"L1T"},"72F":{"t":"AS50"},"730":{"desc":"L2J"},"732":{"desc":"L1P"},"737":{"t":"BE20"},"738":{"t":"C185"},"73B":{"desc":"H1T"},"73F":{"t":"P28A"},"740":{"t":"C82T"},"741":{"desc":"L1P","t":"LA4"},"742":{"t":"SR22"},"744":{"t":"PC12"},"746":{"t":"C182"},"74A":{"t":"BE58"},"74C":{"t":"AS50"},"750":{"t":"SIRA"},"751":{"t":"SHIP"},"75A":{"desc":"L2T","t":"BE18"},"75B":{"desc":"A1P"},"75C":{"t":"C206"},"75F":{"t":"PA44"},"762":{"desc":"L1P"},"763":{"t":"PA44"},"764":{"t":"AC90"},"766":{"desc":"L1P"},"768":{"t":"B47G"},"769":{"t":"HUSK"},"76A":{"t":"P28R"},"76D":{"t":"C182"},"76E":{"desc":"L1P","t":"ULAC"},"770":{"t":"GLID"},"778":{"t":"DA40"},"77A":{"t":"BE9L"},"781":{"t":"B06"},"782":{"t":"AS50"},"787":{"desc":"L1P"},"788":{"t":"AS50"},"78A":{"t":"BALL"},"78B":{"desc":"H6E"},"78C":{"t":"C182"},"78D":{"t":"BE35"},"78E":{"t":"AS50"},"78F":{"t":"GLID"},"790":{"desc":"L1P"},"791":{"t":"C425"},"793":{"desc":"L1P"},"794":{"t":"C550"},"795":{"t":"C25B"},"796":{"desc":"L2T"},"79A":{"desc":"L1P"},"79B":{"t":"CL60"},"79F":{"t":"GLID"},"7A2":{"t":"PC12"},"7BC":{"t":"PA18"},"7BD":{"desc":"L1P"},"7BF":{"t":"PA20"},"7C0":{"t":"B763"},"7C3":{"t":"C550"},"7C4":{"t":"C750"},"7C5":{"t":"PA30"},"7C7":{"t":"S22T"},"7C8":{"t":"AA5"},"7CC":{"desc":"L1P"},"7CD":{"t":"BL8"},"7D0":{"desc":"L1P"},"7D1":{"desc":"L1P"},"7D5":{"t":"C172"},"7D6":{"desc":"L2T"},"7D7":{"t":"H25B"},"7D8":{"t":"AS50"},"7D9":{"desc":"L1P"},"7DA":{"t":"AEST"},"7DB":{"t":"SR20"},"7DD":{"desc":"L1P"},"7DE":{"t":"GLF4"},"7E0":{"t":"C182"},"7E5":{"t":"ULAC"},"7E6":{"t":"GLID"},"7E7":{"t":"CL60"},"7EA":{"desc":"L1P"},"7EB":{"desc":"L1P"},"7EC":{"t":"E75L"},"7EE":{"t":"BE35"},"7EF":{"t":"B06"},"7F0":{"desc":"L1P"},"7F1":{"t":"BE58"},"7F3":{"t":"BE20"},"7F4":{"t":"GLF4"},"7F5":{"t":"AS50"},"7F6":{"t":"C750"},"7F9":{"t":"C182"},"7FA":{"t":"CL30"},"7FB":{"t":"C650"},"7FF":{"t":"BE20"},"802":{"t":"PA31"},"804":{"t":"GLID"},"805":{"desc":"L1P"},"808":{"desc":"H4E"},"815":{"t":"A306"},"81C":{"t":"A320"},"821":{"desc":"L1P"},"831":{"t":"P28A"},"832":{"desc":"L1P"},"83A":{"t":"C182"},"83B":{"t":"BL8"},"83C":{"t":"BE36"},"83D":{"desc":"L1P","t":"ULAC"},"83F":{"t":"R44"},"841":{"desc":"L1P"},"845":{"desc":"L1P"},"847":{"desc":"L1P"},"84A":{"desc":"L1P"},"84B":{"t":"C25A"},"84E":{"t":"C182"},"850":{"t":"HUSK"},"860":{"t":"H25B"},"86B":{"t":"PA27"},"87C":{"desc":"L1P"},"881":{"desc":"L1P"},"884":{"desc":"A1T","t":"KODI"},"89A":{"desc":"L1P","t":"ULAC"},"89D":{"t":"LJ45"},"8A1":{"t":"C170"},"8A4":{"t":"C310"},"8A5":{"t":"AR15"},"8A6":{"t":"AC11"},"8A9":{"t":"C180"},"8AB":{"desc":"L1P"},"8AC":{"t":"C150"},"8AE":{"t":"C182"},"8AF":{"t":"P28A"},"8B1":{"t":"C550"},"8B2":{"t":"C180"},"8B4":{"t":"BE33"},"8B7":{"t":"C172"},"8B8":{"t":"C172"},"8B9":{"t":"C172"},"8BC":{"t":"C172"},"8BF":{"t":"C172"},"8C0":{"t":"C172"},"8C1":{"t":"PA18"},"8C2":{"t":"C180"},"8C4":{"t":"C182"},"8C5":{"t":"CH7A"},"8C9":{"desc":"L1P","t":"ULAC"},"8D1":{"t":"C182"},"8D2":{"t":"P28A"},"8D6":{"t":"M20P"},"8D7":{"t":"C150"},"8DF":{"t":"C172"},"8E0":{"t":"C172"},"8E1":{"desc":"L1P"},"8E3":{"desc":"L1P"},"8E6":{"t":"PA18"},"8E7":{"t":"C551"},"8E8":{"t":"C182"},"8EA":{"t":"C414"},"8EB":{"t":"AR15"},"8EF":{"t":"C182"},"8F3":{"t":"B14C"},"8F4":{"desc":"L1P"},"8F6":{"t":"C172"},"8F8":{"desc":"L1P"},"8F9":{"desc":"L1P"},"8FC":{"t":"C172"},"8FD":{"t":"C172"},"8FE":{"t":"T206"},"901":{"t":"C172"},"902":{"t":"C172"},"903":{"t":"C172"},"905":{"t":"C172"},"907":{"t":"PA18"},"908":{"t":"B350"},"90A":{"t":"BALL"},"90E":{"t":"AR15"},"911":{"desc":"L1P","t":"LA4"},"913":{"desc":"L1P"},"914":{"t":"R44"},"915":{"t":"C185"},"917":{"t":"C182"},"918":{"t":"P28R"},"91A":{"t":"B350"},"91B":{"t":"B350"},"91D":{"t":"COL4"},"920":{"t":"C172"},"925":{"t":"R22"},"926":{"t":"C172"},"929":{"desc":"L1P"},"92C":{"t":"S22T"},"92D":{"t":"C172"},"92E":{"t":"CH7A"},"931":{"t":"P28S"},"932":{"t":"AC11"},"934":{"desc":"L1P","t":"LA4"},"937":{"desc":"L1P"},"938":{"t":"C150"},"939":{"t":"B14C"},"93A":{"t":"C182"},"93B":{"t":"P28R"},"93E":{"desc":"L1P"},"942":{"t":"E145"},"943":{"t":"C172"},"947":{"t":"C172"},"948":{"t":"C172"},"94B":{"t":"C550"},"94C":{"desc":"L1P"},"94F":{"t":"C177"},"951":{"t":"CH7A"},"956":{"t":"C550"},"958":{"t":"C182"},"95B":{"t":"C150"},"95D":{"t":"C82T"},"95E":{"t":"S55P"},"95F":{"t":"C172"},"960":{"t":"C206"},"962":{"t":"M20P"},"964":{"t":"BE35"},"965":{"t":"C172"},"967":{"t":"E145"},"96A":{"t":"C172"},"96B":{"t":"C172"},"96C":{"t":"ST75"},"96D":{"desc":"L1P"},"96E":{"t":"C172"},"96F":{"t":"SR22"},"972":{"t":"C177"},"973":{"t":"C170"},"974":{"t":"CH7A"},"978":{"t":"AC11"},"97B":{"t":"C182"},"97D":{"t":"C208"},"97E":{"t":"C150"},"97F":{"t":"BALL"},"980":{"t":"C182"},"982":{"t":"C172"},"984":{"desc":"L1P"},"986":{"t":"C150"},"988":{"t":"C172"},"989":{"t":"C172"},"98A":{"t":"C172"},"98B":{"t":"E145"},"98C":{"t":"E145"},"991":{"t":"E145"},"992":{"t":"PA18"},"994":{"t":"C550"},"996":{"t":"C170"},"997":{"desc":"L1P"},"9A2":{"t":"B14C"},"9A3":{"t":"C182"},"9A8":{"t":"M20P"},"9A9":{"t":"B350"},"9AC":{"t":"C172"},"9AD":{"t":"C172"},"9AE":{"t":"C172"},"9AF":{"t":"C172"},"9B2":{"t":"C172"},"9B4":{"t":"C172"},"9B5":{"desc":"L1P"},"9B6":{"t":"PA18"},"9B7":{"t":"C208"},"9B8":{"t":"PA18"},"9B9":{"t":"C170"},"9BA":{"t":"CH7A"},"9BB":{"t":"T206"},"9BC":{"t":"C310"},"9BF":{"t":"B350"},"9C4":{"t":"PA46"},"9C6":{"t":"C337"},"9C9":{"t":"C172"},"9CB":{"t":"M20P"},"9CC":{"t":"C150"},"9CD":{"t":"BE35"},"9CE":{"t":"C180"},"9D2":{"t":"C172"},"9D6":{"t":"C172"},"9D7":{"t":"BE17"},"9D9":{"t":"PA18"},"9DB":{"t":"PA18"},"9DC":{"t":"C170"},"9E0":{"desc":"S1P","t":"AR15"},"9E2":{"t":"C208"},"9E3":{"desc":"L1P","t":"LA4"},"9E4":{"t":"BE33"},"9E7":{"t":"C150"},"9EE":{"t":"M20P"},"9F0":{"t":"BALL"},"9F1":{"t":"BE17"},"9F2":{"t":"C172"},"9F3":{"t":"BE17"},"9F5":{"t":"C172"},"9F6":{"t":"PA27"},"9F9":{"t":"C172"},"9FA":{"desc":"L1P"},"9FC":{"t":"GLID"},"9FE":{"t":"SR22"},"9FF":{"t":"SR20"},"A02":{"t":"PC24"},"A03":{"t":"R66"},"A04":{"desc":"H1T"},"A06":{"t":"C180"},"A07":{"t":"PC12"},"A09":{"t":"A321"},"A0D":{"desc":"L1P","t":"ULAC"},"A0E":{"t":"B737"},"A11":{"desc":"L1J"},"A12":{"t":"B190"},"A15":{"t":"GLID"},"A17":{"t":"PTS2"},"A19":{"desc":"L2P"},"A1A":{"t":"M20P"},"A1B":{"desc":"L1P"},"A1C":{"desc":"H4E"},"A1D":{"t":"AS50"},"A1E":{"t":"RV12"},"A1F":{"t":"LJ45"},"A26":{"t":"C172"},"A27":{"t":"C414"},"A29":{"t":"GLID"},"A2A":{"desc":"A1P","t":"ULAC"},"A2D":{"t":"E190"},"A2E":{"desc":"A1P"},"A2F":{"t":"BE60"},"A34":{"desc":"L1P"},"A35":{"t":"A109"},"A38":{"desc":"L1P"},"A3A":{"t":"M7"},"A3C":{"t":"GLID"},"A3E":{"t":"GLID"},"A46":{"t":"E120"},"A47":{"t":"GLID"},"A48":{"t":"C172"},"A49":{"t":"GLID"},"A4B":{"desc":"L1P","t":"ULAC"},"A4D":{"t":"SR22"},"A4E":{"t":"AA5"},"A53":{"desc":"L1P"},"A54":{"t":"A321"},"A55":{"t":"M7"},"A57":{"t":"PA31"},"A58":{"desc":"L1P"},"A5A":{"t":"BCS1"},"A60":{"t":"GLID"},"A62":{"t":"GLF5"},"A63":{"t":"LJ45"},"A65":{"desc":"L1P"},"A6A":{"t":"GLID"},"A70":{"t":"GLID"},"A71":{"t":"C208"},"A79":{"desc":"L1P"},"A7E":{"t":"B763"},"A97":{"t":"SR22"},"A9D":{"t":"BE36"},"AA3":{"t":"PA12"},"AA7":{"t":"S58T"},"AA8":{"desc":"L1P","t":"ULAC"},"AAB":{"t":"BE35"},"AAD":{"t":"AT5T"},"AAF":{"t":"GLID"},"AB1":{"t":"C172"},"AB4":{"t":"PA24"},"AB5":{"desc":"L2P"},"AB6":{"desc":"L1P"},"AB9":{"desc":"L2P"},"ABA":{"t":"E75L"},"ABB":{"t":"GLF5"},"AC0":{"t":"GLID"},"AC4":{"desc":"L1P","t":"ULAC"},"AC6":{"desc":"L1P"},"AC7":{"t":"C182"},"AC8":{"t":"C195"},"AC9":{"desc":"L1P"},"ACB":{"desc":"L1P"},"ACC":{"t":"BE20"},"ACD":{"t":"A109"},"ACE":{"t":"C208"},"ACF":{"t":"GLID"},"AD0":{"desc":"A1P"},"AD4":{"desc":"L1P"},"ADD":{"t":"C172"},"ADF":{"desc":"L1P"},"AE0":{"t":"H25B"},"AE6":{"desc":"L1P"},"AE8":{"t":"LJ55"},"AE9":{"t":"C82S"},"AEF":{"t":"T206"},"AF2":{"desc":"H1T"},"AF7":{"t":"AT6T"},"AF8":{"t":"BALL"},"AF9":{"t":"C195"},"AFB":{"t":"BALL"},"AFC":{"t":"BE58"},"AFF":{"t":"GLID"},"B01":{"desc":"L1P"},"B02":{"t":"P32R"},"B03":{"t":"AS50"},"B07":{"t":"C210"},"B0B":{"t":"C56X"},"B0E":{"t":"BALL"},"B0F":{"desc":"L1P","t":"ULAC"},"B10":{"t":"PA30"},"B11":{"desc":"S1P","t":"ULAC"},"B13":{"t":"GLID"},"B14":{"t":"C172"},"B17":{"t":"GLID"},"B1A":{"t":"PA44"},"B1B":{"t":"BE9L"},"B1C":{"t":"GLID"},"B1D":{"t":"C182"},"B20":{"t":"C180"},"B25":{"t":"S22T"},"B2C":{"desc":"A1P"},"B2F":{"t":"DA42"},"B32":{"t":"GLID"},"B39":{"t":"R22"},"B3E":{"t":"C195"},"B42":{"desc":"H6E"},"B43":{"desc":"H1P"},"B44":{"t":"P32R"},"B45":{"desc":"L1P"},"B47":{"t":"PA30"},"B48":{"t":"E55P"},"B4B":{"t":"P32R"},"B51":{"desc":"H4E"},"B52":{"desc":"L1P"},"B53":{"t":"SR22"},"B75":{"t":"C162"},"B7A":{"desc":"L1P"},"B7B":{"desc":"L1P"},"B7F":{"t":"GLID"},"B84":{"desc":"L1P"},"B87":{"desc":"L1P"},"B8A":{"desc":"L1P","t":"ULAC"},"B8C":{"t":"C182"},"B8D":{"t":"BE35"},"B8E":{"t":"BALL"},"B8F":{"t":"M20T"},"B90":{"desc":"L1P"},"B92":{"t":"GLID"},"B93":{"t":"GLID"},"B94":{"t":"B06"},"B96":{"t":"R44"},"B9D":{"t":"GLID"},"B9E":{"t":"P46T"},"BA0":{"t":"BALL"},"BA5":{"t":"PA18"},"BA6":{"t":"GLID"},"BA8":{"t":"BALL"},"BA9":{"t":"GLID"},"BAB":{"t":"C550"},"BAD":{"t":"GLID"},"BAF":{"t":"BE58"},"BB1":{"t":"C310"},"BB6":{"t":"PC12"},"BB8":{"t":"GLID"},"BBA":{"t":"C172"},"BBE":{"t":"T206"},"BBF":{"desc":"H4E"},"BC8":{"desc":"L1P"},"BCC":{"t":"A306"},"BCF":{"t":"DA40"},"BD3":{"t":"A320"},"BD8":{"t":"R22"},"BEA":{"t":"AA5"},"BF0":{"t":"GLID"},"BF1":{"t":"BE9L"},"BF2":{"t":"BL8"},"BF5":{"t":"GLID"},"BF7":{"t":"BE35"},"BFA":{"desc":"L1P","t":"ULAC"},"C02":{"desc":"L1P"},"C05":{"t":"M20P"},"C38":{"desc":"L1P"},"C51":{"t":"ULAC"},"C53":{"t":"HA4T"},"C54":{"desc":"L1P"},"C56":{"desc":"L2P"},"C5D":{"t":"AC11"},"C5F":{"t":"T206"},"C60":{"t":"C182"},"C64":{"t":"B14C"},"C66":{"t":"P28A"},"C67":{"t":"C172"},"C6A":{"t":"M20P"},"C6B":{"t":"C150"},"C6C":{"t":"BE35"},"C6D":{"t":"C172"},"C6F":{"t":"C172"},"C71":{"t":"C172"},"C74":{"desc":"L1P"},"C77":{"t":"C172"},"C7B":{"t":"C170"},"C7F":{"t":"AR15"},"C84":{"t":"T50"},"C86":{"t":"C150"},"C87":{"t":"BL17"},"C88":{"t":"C182"},"C89":{"t":"P28A"},"C8A":{"t":"C172"},"C90":{"desc":"L1P"},"C91":{"desc":"L1P"},"C93":{"t":"C172"},"C95":{"t":"R22"},"C96":{"desc":"H4E"},"C97":{"t":"C172"},"C9A":{"t":"S10"},"C9D":{"t":"PA22"},"C9E":{"t":"C170"},"CA3":{"t":"AC11"},"CA4":{"t":"B350"},"CA6":{"t":"C182"},"CA9":{"t":"C150"},"CAA":{"t":"B14C"},"CAB":{"t":"C182"},"CAC":{"t":"C425"},"CAD":{"t":"C172"},"CB0":{"t":"M20P"},"CB3":{"desc":"L1P"},"CB5":{"t":"C172"},"CB6":{"t":"C172"},"CB7":{"t":"C172"},"CB8":{"t":"C172"},"CBA":{"desc":"L1P"},"CBB":{"desc":"L1P"},"CBD":{"t":"GLID"},"CBE":{"t":"PA18"},"CC0":{"t":"PA22"},"CC1":{"t":"C170"},"CCE":{"t":"C182"},"CD6":{"t":"C172"},"CD7":{"t":"C172"},"CD8":{"t":"C172"},"CD9":{"t":"O1"},"CDB":{"t":"C172"},"CE1":{"t":"PA18"},"CE3":{"t":"PA22"},"CE4":{"t":"C170"},"CE8":{"t":"AR15"},"CEA":{"t":"L8"},"CEF":{"t":"C150"},"CF2":{"t":"P28A"},"CF3":{"t":"C172"},"CF6":{"t":"M20P"},"CF7":{"t":"C150"},"CF8":{"t":"BE35"},"CFA":{"t":"C172"},"D01":{"t":"C172"},"D02":{"t":"C172"},"D04":{"t":"PA18"},"D05":{"t":"B350"},"D06":{"t":"SR20"},"D07":{"t":"C170"},"D08":{"t":"C172"},"D0B":{"t":"PA34"},"D11":{"t":"C152"},"D12":{"t":"C150"},"D14":{"t":"C182"},"D17":{"t":"AR11"},"D1B":{"t":"BE55"},"D1C":{"t":"C172"},"D1D":{"t":"C172"},"D1E":{"desc":"L2P"},"D1F":{"t":"C172"},"D21":{"t":"C172"},"D23":{"t":"C172"},"D26":{"desc":"L1P","t":"ULAC"},"D2A":{"t":"C170"},"D2E":{"t":"AR15"},"D32":{"t":"C337"},"D33":{"t":"GLID"},"D34":{"t":"COL4"},"D36":{"t":"BL17"},"D37":{"t":"C182"},"D39":{"t":"C172"},"D3D":{"t":"COL4"},"D40":{"t":"C172"},"D45":{"t":"C208"},"D47":{"t":"C172"},"D48":{"t":"C172"},"D49":{"t":"E55P"},"D4B":{"desc":"L1P"},"D4C":{"t":"PA22"},"D4E":{"t":"CH7A"},"D50":{"t":"C310"},"D51":{"t":"AR15"},"D52":{"t":"COL3"},"D56":{"t":"C140"},"D58":{"t":"C150"},"D59":{"t":"BL17"},"D5A":{"t":"C182"},"D5B":{"t":"CH7B"},"D5C":{"t":"C172"},"D61":{"t":"BE35"},"D62":{"desc":"L1P"},"D63":{"t":"C172"},"D66":{"desc":"L1P"},"D68":{"t":"C172"},"D6A":{"t":"C172"},"D6B":{"t":"C172"},"D6D":{"t":"PA18"},"D6E":{"t":"L8"},"D6F":{"t":"SR20"},"D71":{"t":"CH7A"},"D72":{"t":"COL4"},"D74":{"desc":"S1P","t":"AR15"},"D75":{"t":"AC11"},"D76":{"t":"L8"},"D78":{"t":"C182"},"D7B":{"t":"C150"},"D7C":{"t":"COL3"},"D7E":{"t":"P28A"},"D80":{"t":"C172"},"D82":{"desc":"G1P"},"D84":{"t":"BE55"},"D85":{"desc":"L1P"},"D87":{"t":"C172"},"D88":{"t":"C172"},"D89":{"t":"C172"},"D8C":{"t":"C172"},"D90":{"t":"PA18"},"D91":{"t":"ULAC"},"D92":{"t":"C177"},"D93":{"t":"COL4"},"D94":{"t":"COL3"},"D9B":{"t":"C182"},"D9D":{"t":"BALL"},"D9F":{"t":"C177"},"DA0":{"t":"C182"},"DA1":{"desc":"L1P"},"DA2":{"desc":"L1P"},"DA7":{"t":"BE55"},"DAA":{"t":"C172"},"DAC":{"t":"C172"},"DB0":{"t":"C172"},"DB1":{"t":"R22"},"DB3":{"desc":"L1P"},"DB4":{"t":"A321"},"DB5":{"t":"AS50"},"DBB":{"t":"EC30"},"DBD":{"t":"HUSK"},"DBF":{"t":"A109"},"DC1":{"t":"B06"},"DC3":{"t":"C208"},"DC5":{"t":"PA44"},"DC7":{"t":"P28A"},"DC8":{"desc":"A1E"},"DC9":{"t":"B190"},"DCA":{"t":"GLID"},"DCC":{"t":"BE33"},"DCD":{"t":"B190"},"DCE":{"t":"C425"},"DD1":{"desc":"H1P"},"DD2":{"desc":"L1P","t":"ULAC"},"DD4":{"t":"AS50"},"DDD":{"t":"M20P"},"DDF":{"t":"C551"},"DE1":{"t":"BE40"},"DE4":{"t":"BE36"},"DE5":{"t":"PA46"},"DE8":{"desc":"A1P","t":"PA18"},"DE9":{"t":"SR20"},"DEA":{"t":"P208"},"DEB":{"t":"C182"},"DED":{"t":"EC30"},"DEF":{"desc":"L1P","t":"ULAC"},"DF0":{"t":"C550"},"DF1":{"desc":"L1P"},"DF3":{"t":"M7"},"DF7":{"t":"FDCT"},"DFD":{"t":"E120"},"E00":{"t":"L8"},"E01":{"t":"SR22"},"E04":{"t":"S22T"},"E05":{"t":"GLID"},"E07":{"desc":"L1P"},"E0A":{"t":"R44"},"E0B":{"t":"A321"},"E0E":{"desc":"L1P"},"E0F":{"t":"DA40"},"E10":{"desc":"L1P"},"E11":{"t":"BCS1"},"E17":{"t":"HUSK"},"E1B":{"t":"C152"},"E20":{"t":"BE40"},"E21":{"desc":"L1P"},"E23":{"desc":"L1P"},"E25":{"t":"C172"},"E29":{"t":"C182"},"E2F":{"desc":"L1P"},"E30":{"t":"BE55"},"E35":{"t":"B763"},"E38":{"t":"A320"},"E39":{"t":"C25A"},"E3E":{"t":"GLID"},"E40":{"t":"C172"},"E49":{"t":"ERCO"},"E4A":{"t":"BE20"},"E4C":{"desc":"L1P"},"E50":{"t":"GLF5"},"E53":{"t":"GLF3"},"E55":{"t":"C195"},"E5A":{"t":"PA12"},"E5B":{"t":"P32R"},"E5F":{"desc":"L1P","t":"ULAC"},"E64":{"t":"E55P"},"E65":{"desc":"L1P","t":"ULAC"},"E68":{"t":"C172"},"E6A":{"t":"TWEN"},"E6B":{"t":"AC90"},"E70":{"desc":"L2T"},"E71":{"t":"E75L"},"E74":{"t":"S22T"},"E7D":{"desc":"L1P"},"E7E":{"t":"GLID"},"E80":{"t":"T206"},"E82":{"t":"BALL"},"E86":{"t":"EC35"},"E87":{"t":"C550"},"E88":{"desc":"L1P"},"E89":{"t":"J3"},"E8B":{"desc":"A1P"},"E8D":{"desc":"L1P"},"E90":{"t":"AT8T"},"E94":{"t":"C172"},"E96":{"t":"BALL"},"E97":{"t":"DA40"},"E98":{"t":"C172"},"E9A":{"t":"B350"},"E9C":{"desc":"L2P"},"E9D":{"desc":"L1P"},"E9F":{"desc":"L1P"},"EA0":{"t":"AR11"},"EA3":{"desc":"A1T","t":"KODI"},"EA5":{"t":"GLID"},"EA6":{"desc":"L1P"},"EA9":{"t":"C172"},"EAD":{"desc":"L1P"},"EAE":{"desc":"L1P"},"EB0":{"desc":"L1P","t":"ULAC"},"EB3":{"desc":"L1P"},"EB6":{"t":"GLID"},"EC5":{"t":"BALL"},"EC6":{"desc":"L1P"},"EC7":{"t":"M20P"},"EC8":{"t":"C310"},"EC9":{"desc":"H8E"},"ECA":{"t":"P28A"},"ECC":{"desc":"L1P"},"ECD":{"t":"GLID"},"ECE":{"desc":"L1P"},"ED1":{"t":"BE18"},"ED2":{"t":"GLID"},"ED4":{"t":"FA62"},"ED6":{"t":"BE20"},"ED7":{"t":"GLID"},"ED8":{"t":"P28R"},"ED9":{"t":"BE9L"},"EE3":{"desc":"A1P"},"EE9":{"t":"DC92"},"EF4":{"desc":"L1P"},"EF8":{"desc":"L1P"},"EF9":{"t":"GLID"},"EFA":{"t":"SS2T"},"F02":{"desc":"L1P"},"F03":{"desc":"H1T"},"F08":{"t":"GLID"},"F09":{"t":"PTS2"},"F0A":{"t":"WW24"},"F0E":{"t":"GLID"},"F21":{"t":"BE30"},"F22":{"t":"B737"},"F2A":{"desc":"L1P"},"F2C":{"desc":"L1P"},"F2D":{"t":"GLID"},"F31":{"t":"C550"},"F33":{"t":"GLID"},"F35":{"t":"C182"},"F36":{"desc":"L1P"},"F3A":{"t":"GLF4"},"F3B":{"desc":"L1P"},"F3E":{"t":"RV12"},"F3F":{"t":"BE55"},"F43":{"desc":"L1P","t":"ULAC"},"F44":{"t":"BL8"},"F46":{"t":"BALL"},"F48":{"t":"GLID"},"F49":{"t":"G280"},"F4B":{"t":"R22"},"F4D":{"t":"SR22"},"F4E":{"t":"C182"},"F4F":{"t":"GLID"},"F53":{"t":"CL60"},"F54":{"t":"GLID"},"F55":{"t":"C172"},"F5A":{"t":"E75L"},"F5C":{"t":"PA18"},"F5D":{"t":"BE20"},"F5E":{"t":"BE35"},"F62":{"desc":"L1P"},"F63":{"desc":"L1P"},"F65":{"t":"C182"},"F68":{"t":"BL8"},"F6D":{"t":"S22T"},"F6E":{"desc":"L1P"},"F72":{"t":"BE10"},"F74":{"t":"HUSK"},"F76":{"t":"B744"},"F7D":{"t":"PC24"},"F83":{"t":"A306"},"F86":{"t":"DA42"},"F8A":{"t":"A320"},"F8F":{"desc":"L1P"},"F91":{"t":"C182"},"F94":{"t":"T6"},"F95":{"t":"P32T"},"F99":{"t":"LJ31"},"FA0":{"t":"S22T"},"FA2":{"desc":"L1P"},"FAA":{"t":"GLID"},"FB3":{"desc":"L1P"},"FB5":{"t":"ULAC"},"FBC":{"desc":"L2T"},"FC0":{"t":"DA40"},"FD7":{"t":"AC11"},"FD9":{"t":"WACF"},"FEB":{"desc":"L1P","t":"ULAC"},"FF0":{"desc":"H6E"},"FF3":{"t":"C550"}}