{"000":{"desc":"L1P"},"01C":{"t":"ULAC"},"01D":{"desc":"L2P"},"01E":{"t":"L8"},"020":{"t":"C170"},"021":{"t":"CH7A"},"022":{"t":"C172"},"025":{"t":"AC11"},"026":{"t":"L8"},"02C":{"t":"AA1"},"02F":{"desc":"L1P"},"030":{"t":"C172"},"033":{"t":"C172"},"035":{"t":"C180"},"039":{"t":"C172"},"03B":{"t":"C172"},"03C":{"t":"C172"},"03D":{"t":"C172"},"042":{"t":"C177"},"043":{"t":"C170"},"044":{"t":"C172"},"046":{"t":"C310"},"04F":{"t":"BT36"},"050":{"t":"C182"},"053":{"desc":"L1P"},"054":{"t":"M20P"},"056":{"t":"C172"},"057":{"t":"BE55"},"059":{"t":"C177"},"05B":{"t":"C172"},"05D":{"t":"C177"},"065":{"t":"PA18"},"067":{"t":"C172"},"068":{"t":"C172"},"06A":{"t":"AR15"},"06B":{"t":"AC11"},"06F":{"desc":"L1P"},"070":{"t":"PA23"},"073":{"t":"C182"},"075":{"t":"C172"},"076":{"t":"C172"},"077":{"desc":"A1P","t":"ULAC"},"079":{"t":"C172"},"07C":{"t":"C172"},"07D":{"t":"C172"},"07E":{"t":"C172"},"07F":{"t":"C172"},"081":{"t":"C177"},"082":{"t":"C172"},"084":{"t":"C172"},"087":{"t":"L8"},"088":{"t":"C177"},"08D":{"t":"AR15"},"08E":{"t":"AC11"},"090":{"t":"C337"},"091":{"t":"J3"},"095":{"t":"BE77"},"096":{"t":"C182"},"098":{"t":"C172"},"09C":{"t":"P28A"},"09D":{"t":"GLID"},"0A0":{"desc":"L1P"},"0A1":{"t":"C172"},"0A5":{"t":"C172"},"0A6":{"t":"E145"},"0A7":{"t":"C172"},"0AA":{"t":"L8"},"0AB":{"t":"PA18"},"0AC":{"t":"C170"},"0AD":{"t":"C182"},"0B0":{"t":"AR15"},"0B1":{"desc":"L1P"},"0B2":{"t":"L8"},"0B7":{"t":"C150"},"0BA":{"t":"P28R"},"0BB":{"t":"C172"},"0C0":{"t":"BE35"},"0C1":{"t":"C172"},"0C2":{"t":"C177"},"0C4":{"t":"C172"},"0C5":{"t":"C172"},"0C9":{"t":"C172"},"0CA":{"t":"C172"},"0CB":{"t":"GLID"},"0CC":{"t":"PA18"},"0CE":{"t":"COL4"},"0CF":{"t":"C170"},"0D0":{"t":"CH7A"},"0D1":{"t":"C172"},"0D4":{"t":"AC11"},"0DB":{"t":"AA5"},"0DC":{"t":"C182"},"0DD":{"t":"PA32"},"0E0":{"t":"M20P"},"0E3":{"t":"BE35"},"0E5":{"t":"C172"},"0E6":{"t":"C172"},"0E7":{"t":"E145"},"0E8":{"desc":"L1P"},"0E9":{"t":"C172"},"0EA":{"desc":"L1P"},"0EC":{"t":"C172"},"0ED":{"t":"C172"},"0F2":{"t":"C170"},"0F6":{"t":"AR15"},"0F8":{"t":"L8"},"0FD":{"desc":"L1P"},"0FF":{"t":"C182"},"101":{"t":"C172"},"103":{"desc":"L1P"},"105":{"desc":"L1P"},"107":{"t":"C177"},"108":{"t":"WACC"},"109":{"t":"WACC"},"10A":{"t":"WACC"},"10B":{"t":"C177"},"10C":{"t":"C177"},"10E":{"t":"WACC"},"112":{"t":"PA18"},"113":{"t":"L8"},"119":{"t":"AR15"},"11E":{"t":"ST75"},"11F":{"t":"GLID"},"120":{"t":"C150"},"122":{"t":"C182"},"124":{"t":"C172"},"127":{"desc":"L1P"},"128":{"t":"C172"},"129":{"t":"BE55"},"12A":{"t":"WACC"},"12B":{"desc":"L1P"},"12C":{"t":"WACC"},"12D":{"t":"C172"},"12E":{"t":"C195"},"130":{"desc":"L1P"},"135":{"t":"PA18"},"137":{"t":"SR22"},"139":{"t":"CH7A"},"140":{"t":"ST75"},"143":{"t":"C150"},"146":{"t":"P28A"},"147":{"t":"C172"},"149":{"t":"M20P"},"150":{"desc":"L1P"},"153":{"t":"C172"},"154":{"t":"C172"},"158":{"t":"BE33"},"159":{"t":"C182"},"15A":{"t":"C177"},"15B":{"t":"C170"},"15E":{"t":"C310"},"161":{"t":"L8"},"162":{"desc":"L1P"},"163":{"t":"C182"},"164":{"t":"ST75"},"166":{"desc":"L1P"},"167":{"t":"AA5"},"169":{"t":"P28A"},"16A":{"t":"C172"},"16B":{"desc":"A1P"},"16C":{"t":"M20P"},"173":{"t":"C172"},"174":{"t":"C172"},"177":{"t":"C177"},"17B":{"t":"PA18"},"17C":{"t":"BE36"},"17E":{"t":"BL8"},"181":{"t":"BE36"},"185":{"t":"SR22"},"187":{"t":"BE36"},"188":{"t":"A321"},"18C":{"t":"S22T"},"18F":{"t":"P28A"},"194":{"t":"BE36"},"195":{"t":"BE33"},"196":{"t":"GLID"},"197":{"desc":"L1P"},"198":{"desc":"L1P"},"199":{"t":"BT36"},"19A":{"t":"BT36"},"19C":{"desc":"H2T"},"19D":{"t":"BE36"},"1A4":{"t":"PA27"},"1AD":{"t":"B06"},"1AE":{"desc":"L2T"},"1AF":{"t":"BALL"},"1B0":{"desc":"A1P","t":"PA18"},"1B1":{"t":"BE36"},"1B5":{"desc":"L1P"},"1B9":{"t":"BT36"},"1BB":{"t":"M7"},"1BE":{"desc":"L1P"},"1BF":{"t":"FDCT"},"1C2":{"t":"BE36"},"1C3":{"t":"GLID"},"1C6":{"t":"AC11"},"1C9":{"desc":"L1P"},"1CA":{"t":"BT36"},"1CB":{"desc":"L1P"},"1CE":{"t":"LJ35"},"1CF":{"desc":"L1P"},"1D0":{"desc":"L1P"},"1D2":{"t":"B407"},"1D5":{"t":"BCS1"},"1D7":{"t":"DA40"},"1D8":{"t":"HDJT"},"1DB":{"t":"PA44"},"1DF":{"desc":"L1P"},"1E0":{"t":"EA50"},"1E7":{"t":"BE36"},"1E8":{"t":"PA38"},"1EB":{"t":"L39"},"1F2":{"t":"BE36"},"1F3":{"t":"CRJ9"},"1F8":{"desc":"L1P"},"1FB":{"t":"P28A"},"1FD":{"t":"B763"},"20E":{"t":"GLF5"},"213":{"t":"BE35"},"219":{"t":"BE36"},"221":{"t":"BE36"},"222":{"desc":"L1P"},"22A":{"desc":"L1P"},"22C":{"t":"BE36"},"232":{"t":"SR22"},"238":{"t":"BE36"},"239":{"t":"E75L"},"23B":{"t":"M7"},"243":{"t":"C205"},"244":{"desc":"L1P"},"245":{"desc":"L1P"},"247":{"t":"C560"},"24C":{"t":"BE18"},"24E":{"t":"BE36"},"24F":{"t":"PA22"},"251":{"t":"LJ35"},"253":{"t":"GLID"},"254":{"t":"B06"},"258":{"t":"BE36"},"259":{"t":"LJ60"},"25C":{"t":"BE36"},"25D":{"t":"S22T"},"25F":{"t":"BE36"},"262":{"t":"B350"},"273":{"t":"EC35"},"276":{"t":"R44"},"278":{"desc":"L1P"},"281":{"t":"C172"},"28F":{"t":"DV20"},"290":{"t":"BE10"},"291":{"desc":"H8E"},"292":{"t":"BE36"},"294":{"t":"EC35"},"296":{"t":"EC35"},"29A":{"desc":"L1P"},"29C":{"t":"M20P"},"29F":{"desc":"L1P"},"2A0":{"desc":"L1P"},"2A2":{"t":"FA50"},"2A7":{"t":"DA40"},"2B3":{"t":"E190"},"2C1":{"t":"BE9L"},"2C3":{"t":"BE36"},"2C8":{"t":"EC30"},"2C9":{"t":"BE36"},"2D5":{"t":"GLID"},"2D9":{"t":"C182"},"2F4":{"desc":"L1P","t":"ULAC"},"2F5":{"desc":"L1P"},"2F8":{"t":"BE36"},"2FC":{"desc":"L1P"},"2FD":{"t":"BE36"},"2FE":{"desc":"H12E"},"302":{"t":"BE36"},"304":{"desc":"L1P","t":"ULAC"},"306":{"desc":"L1P"},"307":{"t":"SR20"},"30C":{"t":"AA5"},"30E":{"t":"ULAC"},"310":{"desc":"L1P","t":"ULAC"},"313":{"t":"BE36"},"315":{"desc":"L1P"},"317":{"t":"E300"},"319":{"t":"S108"},"31B":{"desc":"A1P","t":"ULAC"},"31D":{"t":"C182"},"321":{"t":"E135"},"322":{"t":"E75L"},"324":{"desc":"L1P"},"326":{"t":"BE36"},"327":{"t":"BT36"},"328":{"desc":"L1P"},"329":{"t":"EA50"},"330":{"t":"RV12"},"332":{"t":"BE36"},"334":{"desc":"L1P"},"336":{"t":"COL4"},"338":{"t":"C182"},"339":{"t":"B06"},"33E":{"desc":"H6E"},"34B":{"t":"A306"},"34F":{"t":"EC35"},"357":{"t":"EC35"},"364":{"t":"P28A"},"366":{"desc":"L1P","t":"ULAC"},"369":{"t":"C172"},"36F":{"desc":"L1P"},"370":{"t":"DC10"},"375":{"desc":"A1P"},"388":{"t":"BE35"},"399":{"t":"GLID"},"3A1":{"t":"PA24"},"3AF":{"t":"GLID"},"3B7":{"desc":"L1P"},"3BD":{"t":"GLF6"},"3D5":{"t":"L8"},"3D6":{"t":"SR22"},"3D8":{"t":"C172"},"3DC":{"t":"AC11"},"3DD":{"t":"L8"},"3DE":{"t":"C337"},"3E3":{"t":"AA1"},"3E5":{"t":"P28R"},"3E8":{"t":"M20P"},"3ED":{"t":"C172"},"3EE":{"t":"C172"},"3F0":{"t":"C172"},"3F1":{"t":"C172"},"3F7":{"t":"B763"},"3F9":{"t":"C177"},"3FA":{"t":"C170"},"3FC":{"t":"C172"},"3FE":{"t":"AR15"},"3FF":{"t":"AC11"},"402":{"t":"C172"},"403":{"t":"ST75"},"405":{"t":"C310"},"406":{"t":"AA5"},"407":{"desc":"L1P"},"40A":{"t":"C206"},"40D":{"t":"C172"},"40E":{"t":"BE35"},"410":{"t":"C172"},"411":{"t":"C177"},"417":{"t":"C172"},"418":{"t":"C172"},"41A":{"t":"BE35"},"41B":{"desc":"L1P"},"41C":{"t":"C340"},"41D":{"t":"C170"},"41F":{"t":"C185"},"421":{"t":"P28A"},"422":{"t":"AC11"},"429":{"desc":"L1P"},"42B":{"t":"COL4"},"42F":{"t":"B47G"},"430":{"t":"C172"},"433":{"t":"C177"},"435":{"t":"C172"},"437":{"desc":"L1P"},"43B":{"t":"CH7A"},"43D":{"t":"PA18"},"441":{"t":"CH7A"},"444":{"desc":"S1P","t":"AR15"},"44B":{"t":"C150"},"44D":{"t":"C182"},"450":{"t":"ST75"},"451":{"t":"UH1"},"453":{"t":"C172"},"454":{"t":"BE35"},"458":{"t":"C172"},"45A":{"t":"C172"},"45C":{"desc":"L1P"},"45E":{"t":"C172"},"45F":{"desc":"G1P"},"460":{"t":"PA18"},"462":{"t":"PA18"},"463":{"t":"C170"},"465":{"t":"C172"},"467":{"t":"AR15"},"468":{"t":"T6"},"469":{"t":"L8"},"46C":{"t":"COL4"},"46D":{"t":"PA18"},"472":{"t":"C172"},"474":{"t":"M20P"},"477":{"t":"BE35"},"47A":{"t":"AT5T"},"47C":{"t":"C172"},"47D":{"t":"C172"},"47E":{"t":"C172"},"47F":{"t":"C177"},"483":{"t":"PA18"},"484":{"t":"C180"},"485":{"t":"PA18"},"488":{"t":"C172"},"48A":{"t":"AR15"},"48B":{"desc":"L1P"},"48C":{"t":"L8"},"48D":{"t":"C337"},"48E":{"t":"C182"},"48F":{"desc":"L4P"},"495":{"t":"C172"},"49A":{"t":"BE55"},"4A1":{"t":"C177"},"4A3":{"t":"C172"},"4A4":{"t":"C172"},"4A5":{"desc":"L1P"},"4A6":{"t":"PA18"},"4A8":{"t":"PA18"},"4A9":{"t":"C170"},"4AB":{"t":"C172"},"4AC":{"desc":"L1P"},"4B3":{"t":"PA23"},"4B5":{"t":"AA5"},"4B8":{"t":"C172"},"4BC":{"t":"C172"},"4BD":{"t":"BE55"},"4BE":{"t":"C172"},"4C0":{"t":"C172"},"4C5":{"t":"C177"},"4C6":{"t":"C172"},"4C7":{"t":"C177"},"4C8":{"desc":"L1P"},"4C9":{"t":"PA18"},"4CA":{"desc":"L1P"},"4CB":{"t":"PA18"},"4CE":{"t":"C172"},"4D6":{"t":"PA23"},"4DA":{"t":"P28R"},"4DC":{"desc":"L1P"},"4DD":{"t":"M20P"},"4E3":{"t":"C172"},"4E4":{"t":"C172"},"4E5":{"t":"C172"},"4E6":{"t":"C172"},"4E8":{"desc":"L1P"},"4EC":{"t":"PA18"},"4ED":{"desc":"L1P"},"4EE":{"t":"SR22"},"4F1":{"desc":"L1P","t":"ULAC"},"4F3":{"t":"AR15"},"4F7":{"t":"GL5T"},"4F9":{"desc":"H1P"},"4FC":{"t":"C182"},"4FE":{"t":"C172"},"501":{"t":"B06"},"502":{"desc":"L1P"},"504":{"t":"C172"},"505":{"t":"C177"},"506":{"t":"C172"},"507":{"t":"C172"},"509":{"t":"C172"},"50A":{"t":"C172"},"50E":{"desc":"L1P"},"510":{"t":"CH7B"},"512":{"t":"C170"},"513":{"t":"CH7A"},"514":{"t":"C172"},"517":{"t":"AC11"},"51D":{"t":"C172"},"51E":{"t":"AA5"},"51F":{"desc":"H4E"},"520":{"t":"PA34"},"525":{"t":"C172"},"526":{"desc":"L1P"},"527":{"t":"C177"},"528":{"desc":"L1P"},"529":{"t":"C172"},"52A":{"t":"C172"},"52D":{"t":"C172"},"52F":{"t":"C172"},"531":{"t":"C310"},"533":{"t":"A321"},"534":{"t":"BALL"},"535":{"t":"BL8"},"539":{"t":"B06"},"53C":{"desc":"L1P"},"53D":{"t":"C172"},"53E":{"t":"EC35"},"540":{"t":"ULAC"},"542":{"desc":"L3J","t":"A332"},"543":{"t":"BE76"},"544":{"t":"P28A"},"54A":{"t":"RV12"},"54B":{"desc":"L1P","t":"ULAC"},"54C":{"desc":"L2T"},"54D":{"t":"GLEX"},"54E":{"t":"P28A"},"551":{"desc":"L1P"},"552":{"t":"C25B"},"553":{"desc":"H2T"},"55B":{"t":"LJ45"},"560":{"t":"C56X"},"566":{"t":"C172"},"567":{"t":"P28R"},"568":{"t":"C425"},"56B":{"t":"B733"},"575":{"t":"PA31"},"576":{"t":"FDCT"},"57D":{"t":"C310"},"57F":{"desc":"L1P"},"580":{"t":"HUSK"},"584":{"desc":"L1P","t":"ULAC"},"585":{"desc":"L1P"},"586":{"desc":"L1P"},"589":{"t":"M20P"},"58D":{"t":"GLF4"},"58E":{"desc":"L1P"},"58F":{"desc":"L1P"},"590":{"t":"BCS1"},"592":{"desc":"L1P"},"596":{"t":"ULAC"},"599":{"t":"CH7A"},"59A":{"t":"GLID"},"5A2":{"t":"L39"},"5A4":{"desc":"L1P"},"5A6":{"t":"TAMP"},"5A7":{"t":"C150"},"5AA":{"t":"CRJ9"},"5AF":{"t":"BE55"},"5B0":{"t":"FA50"},"5B2":{"t":"P28A"},"5B4":{"t":"B763"},"5BA":{"t":"B350"},"5C0":{"t":"C172"},"5CA":{"t":"COL3"},"5D1":{"t":"GLF2"},"5DD":{"t":"EC30"},"5EE":{"t":"EC30"},"5EF":{"desc":"L1P"},"5F0":{"t":"E75L"},"5F2":{"t":"B06"},"5FC":{"t":"AA1"},"5FD":{"t":"C560"},"5FE":{"desc":"L1P","t":"ULAC"},"5FF":{"t":"CL60"},"602":{"t":"PA31"},"606":{"desc":"L1P"},"608":{"t":"BE58"},"609":{"t":"C25C"},"60A":{"desc":"L2T"},"60B":{"t":"H269"},"60C":{"t":"HDJT"},"60F":{"t":"BL8"},"613":{"desc":"L1P"},"616":{"t":"DA40"},"61E":{"t":"BALL"},"61F":{"t":"P46T"},"625":{"desc":"L1P"},"62C":{"desc":"L1P"},"62E":{"desc":"L1P"},"62F":{"desc":"L1P"},"634":{"t":"R44"},"638":{"t":"ECHO"},"63D":{"t":"T28"},"63F":{"t":"SR22"},"644":{"desc":"L1P"},"645":{"t":"B06"},"646":{"t":"C172"},"647":{"t":"BALL"},"648":{"t":"C337"},"64A":{"t":"C172"},"64B":{"t":"NAVI"},"64D":{"t":"EC35"},"651":{"t":"B06"},"655":{"desc":"L1P"},"656":{"t":"B06"},"657":{"t":"R44"},"65A":{"desc":"L2P"},"65E":{"t":"AEST"},"65F":{"t":"T28"},"665":{"desc":"H4E"},"677":{"t":"C206"},"679":{"t":"DC3"},"67A":{"t":"CH7B"},"67B":{"t":"B407"},"67C":{"t":"SR22"},"67F":{"t":"EC30"},"685":{"desc":"L1P"},"689":{"t":"M20T"},"6A9":{"desc":"H1P"},"6AB":{"t":"GLID"},"6AC":{"desc":"L1P"},"6AD":{"desc":"H4E"},"6B1":{"t":"LJ60"},"6B2":{"t":"C172"},"6B5":{"t":"BE20"},"6BD":{"t":"RV7"},"6C2":{"desc":"L1P"},"6C5":{"desc":"L1P","t":"ULAC"},"6C6":{"t":"PA32"},"6C8":{"t":"G280"},"6C9":{"t":"PC12"},"6CB":{"t":"B06"},"6D2":{"t":"SR22"},"6D3":{"t":"GLID"},"6D7":{"desc":"L1P"},"6DB":{"t":"PA18"},"6DF":{"t":"R44"},"6E1":{"desc":"L1P"},"6E7":{"t":"S22T"},"6EC":{"t":"T206"},"6ED":{"desc":"L1P"},"6F0":{"t":"BE35"},"6F1":{"desc":"L1P"},"6FC":{"desc":"H4E"},"702":{"t":"A306"},"705":{"t":"UH1"},"71B":{"t":"P28A"},"71D":{"desc":"L1P","t":"ULAC"},"71F":{"t":"GLID"},"720":{"t":"C172"},"726":{"desc":"A1P"},"727":{"t":"DC10"},"728":{"t":"GALX"},"737":{"t":"GLF4"},"73F":{"desc":"L1P"},"749":{"desc":"L1P"},"750":{"t":"GLID"},"758":{"t":"AA1"},"77D":{"t":"GL5T"},"787":{"t":"ULAC"},"78F":{"t":"C172"},"797":{"desc":"L1P"},"799":{"t":"C185"},"79A":{"t":"ULAC"},"79B":{"t":"C182"},"79D":{"t":"C172"},"79E":{"t":"ST75"},"7A3":{"desc":"L1P"},"7A4":{"t":"C172"},"7A6":{"t":"C172"},"7A8":{"desc":"L1P"},"7A9":{"desc":"L1P"},"7AC":{"t":"T206"},"7AE":{"desc":"L1P"},"7B0":{"desc":"S1P","t":"PA18"},"7B1":{"t":"C170"},"7B3":{"t":"C172"},"7B4":{"t":"C310"},"7B6":{"t":"AC11"},"7B7":{"desc":"L1P"},"7B9":{"t":"C77R"},"7BF":{"t":"P28A"},"7C0":{"t":"C172"},"7C1":{"t":"ST75"},"7C4":{"t":"C172"},"7C6":{"t":"C177"},"7C7":{"desc":"L2P"},"7CB":{"t":"C172"},"7CC":{"t":"B737"},"7CE":{"t":"B737"},"7CF":{"t":"C172"},"7D0":{"t":"GLID"},"7D1":{"t":"PA18"},"7D2":{"t":"L8"},"7D5":{"t":"C172"},"7D8":{"t":"AR15"},"7E0":{"t":"AA1"},"7E2":{"desc":"L1P"},"7E3":{"t":"C172"},"7E8":{"t":"SF50"},"7E9":{"t":"B737"},"7EA":{"t":"C172"},"7EC":{"t":"C172"},"7EE":{"t":"C172"},"7F0":{"t":"C172"},"7F4":{"t":"B763"},"7F5":{"desc":"L1P"},"7F6":{"t":"C177"},"7F8":{"t":"C172"},"7F9":{"t":"C185"},"7FA":{"t":"C340"},"803":{"t":"AA1"},"806":{"t":"C172"},"808":{"t":"M20P"},"80B":{"t":"BE95"},"80D":{"t":"C172"},"80E":{"t":"C172"},"80F":{"t":"C177"},"810":{"t":"C177"},"811":{"t":"C180"},"813":{"t":"C172"},"815":{"t":"C172"},"816":{"t":"GLID"},"818":{"t":"L8"},"81A":{"desc":"L1P"},"81B":{"t":"C172"},"81C":{"t":"C172"},"81F":{"t":"AC11"},"821":{"t":"COL4"},"825":{"t":"C150"},"827":{"t":"C182"},"828":{"desc":"L1P"},"829":{"t":"C172"},"82B":{"t":"M20P"},"82C":{"t":"B47G"},"82D":{"t":"C172"},"82F":{"t":"C177"},"836":{"t":"C177"},"83C":{"t":"C177"},"83F":{"t":"AT3T"},"841":{"desc":"L1P"},"842":{"t":"AC11"},"843":{"desc":"L1P"},"844":{"t":"C337"},"846":{"desc":"L1P"},"84E":{"t":"M20P"},"852":{"t":"B737"},"853":{"t":"C172"},"854":{"t":"C172"},"855":{"t":"C172"},"856":{"t":"C172"},"858":{"t":"C177"},"859":{"t":"C177"},"85A":{"desc":"L1P"},"85D":{"t":"BE36"},"861":{"t":"CH7A"},"862":{"t":"C172"},"865":{"t":"AC11"},"868":{"t":"C182"},"86B":{"t":"C150"},"86C":{"t":"AA5"},"86D":{"t":"C182"},"86E":{"t":"P28A"},"870":{"t":"T206"},"871":{"t":"M20P"},"875":{"t":"PA27"},"880":{"t":"PA18"},"881":{"desc":"L1P"},"882":{"t":"C177"},"883":{"t":"C170"},"884":{"t":"C172"},"885":{"t":"C172"},"887":{"t":"P28A"},"888":{"t":"AC11"},"88B":{"t":"C172"},"88F":{"t":"AA5"},"890":{"t":"C172"},"891":{"t":"P28A"},"892":{"t":"C172"},"897":{"t":"BE55"},"898":{"t":"C172"},"89E":{"desc":"L1P"},"89F":{"desc":"L1P"},"8A0":{"t":"C172"},"8A3":{"t":"PA18"},"8A6":{"t":"C170"},"8AA":{"t":"AR15"},"8AB":{"desc":"A1P"},"8AC":{"t":"L8"},"8AE":{"t":"C172"},"8B1":{"t":"C150"},"8B3":{"t":"C182"},"8B8":{"desc":"L1P"},"8C1":{"t":"C172"},"8C2":{"t":"ST75"},"8C5":{"t":"A320"},"8C7":{"desc":"L1P"},"8C8":{"t":"SR22"},"8C9":{"t":"C170"},"8CC":{"t":"C340"},"8D1":{"desc":"L1P"},"8D6":{"t":"C182"},"8D7":{"t":"P28A"},"8D8":{"t":"C172"},"8D9":{"t":"ST75"},"8E4":{"t":"C172"},"8E9":{"desc":"L1P"},"8EB":{"t":"PA25"},"8EC":{"t":"BL8"},"8ED":{"t":"BE33"},"8EE":{"t":"B06"},"8EF":{"t":"COL4"},"8F1":{"desc":"H2T"},"8F5":{"desc":"L2T"},"8F6":{"t":"A321"},"8F7":{"t":"ULAC"},"8F9":{"t":"S61"},"8FA":{"t":"GLID"},"901":{"t":"C82S"},"903":{"desc":"A1P","t":"ULAC"},"905":{"t":"P28A"},"908":{"desc":"L1P","t":"ULAC"},"909":{"t":"C680"},"912":{"t":"TAMP"},"91B":{"desc":"L1P"},"91C":{"t":"C550"},"91E":{"desc":"L1P"},"922":{"t":"B733"},"923":{"t":"CL30"},"925":{"t":"SR22"},"926":{"t":"DV20"},"927":{"t":"P46T"},"929":{"t":"M7"},"92B":{"t":"SR22"},"92C":{"desc":"A1P"},"92D":{"t":"FDCT"},"930":{"t":"BALL"},"934":{"desc":"L2P"},"939":{"t":"E145"},"93C":{"desc":"L1P"},"93D":{"desc":"L1P"},"940":{"t":"CL60"},"945":{"t":"DA40"},"947":{"t":"BCS1"},"949":{"desc":"L1P"},"94D":{"desc":"L1P","t":"ULAC"},"959":{"t":"L39"},"95F":{"desc":"L1P"},"961":{"t":"CRJ9"},"965":{"desc":"L1P"},"969":{"t":"P28A"},"96B":{"t":"B763"},"96F":{"t":"F2TH"},"976":{"t":"C172"},"977":{"desc":"L2T","t":"DC3"},"97F":{"t":"BE35"},"981":{"t":"BL8"},"98A":{"t":"GLF5"},"98D":{"desc":"L1P"},"998":{"desc":"L1P"},"9A5":{"t":"EC35"},"9A7":{"t":"E75L"},"9AD":{"t":"C56X"},"9B7":{"desc":"L1P"},"9B8":{"t":"C421"},"9BA":{"t":"C140"},"9BD":{"t":"TBM7"},"9BF":{"t":"C177"},"9CA":{"desc":"L2P"},"9DE":{"t":"C680"},"9E3":{"desc":"L1P"},"9EA":{"desc":"L1P"},"9F0":{"t":"EC35"},"9F4":{"t":"FDCT"},"9F8":{"desc":"L2P"},"9FC":{"t":"FDCT"},"9FD":{"t":"TBM7"},"9FE":{"t":"CH7A"},"9FF":{"t":"SR22"},"A01":{"t":"C172"},"A02":{"t":"SR20"},"A04":{"t":"EC35"},"A16":{"desc":"L1P","t":"ULAC"},"A27":{"t":"RV12"},"A2E":{"desc":"L1P"},"A2F":{"desc":"H6E"},"A30":{"t":"BE58"},"A31":{"desc":"H4E"},"A32":{"t":"B407"},"A35":{"t":"S22T"},"A36":{"t":"EC30"},"A39":{"t":"BE58"},"A3F":{"t":"PC12"},"A47":{"t":"BE55"},"A60":{"t":"PA31"},"A63":{"t":"C77R"},"A69":{"t":"TOBA"},"A6A":{"desc":"L1P"},"A70":{"t":"T28"},"A71":{"desc":"L1P"},"A74":{"desc":"L1P"},"A7A":{"t":"C500"},"A7B":{"desc":"L1P"},"A7C":{"desc":"L1P"},"A7E":{"t":"ULAC"},"A7F":{"t":"P28A"},"A82":{"t":"PRM1"},"A87":{"t":"C750"},"A8B":{"t":"ULAC"},"A8E":{"t":"C182"},"A90":{"t":"E75L"},"A92":{"t":"BE35"},"A95":{"t":"BALL"},"A9D":{"t":"BE58"},"A9E":{"desc":"L1P"},"AA0":{"t":"P28A"},"AA6":{"t":"PC12"},"AA7":{"t":"BE35"},"AA8":{"t":"H500"},"AAF":{"t":"C172"},"AB3":{"desc":"H6E"},"AB9":{"t":"A306"},"AC4":{"desc":"L1P"},"AC6":{"t":"C240"},"ADE":{"t":"DC10"},"AE5":{"t":"H500"},"AE6":{"desc":"L1P"},"AEE":{"desc":"L1P"},"AF2":{"t":"C170"},"AFB":{"desc":"H1P"},"B0F":{"t":"P46T"},"B3E":{"desc":"S1P","t":"ULAC"},"B42":{"t":"PA18"},"B44":{"t":"S108"},"B48":{"t":"C340"},"B49":{"t":"AR15"},"B4A":{"t":"AC11"},"B4B":{"t":"L8"},"B4F":{"desc":"L1P"},"B51":{"t":"AA1"},"B53":{"t":"PA34"},"B54":{"t":"C172"},"B56":{"t":"M20P"},"B57":{"t":"B47G"},"B5B":{"desc":"L1P"},"B5C":{"desc":"L1P"},"B5D":{"t":"PA27"},"B5E":{"t":"C177"},"B5F":{"t":"C172"},"B60":{"t":"C172"},"B61":{"t":"C172"},"B64":{"desc":"L1P"},"B65":{"t":"B763"},"B67":{"t":"C177"},"B6A":{"t":"C172"},"B6C":{"t":"AR15"},"B6E":{"desc":"L1P"},"B72":{"t":"PA23"},"B79":{"t":"M20P"},"B7D":{"t":"C172"},"B7E":{"desc":"L1P"},"B81":{"t":"PA18"},"B84":{"t":"PA27"},"B86":{"t":"C177"},"B8A":{"t":"SR22"},"B8D":{"t":"C172"},"B8F":{"t":"P28A"},"B91":{"t":"L8"},"B93":{"t":"C182"},"B96":{"t":"C150"},"B9B":{"t":"COL4"},"BA1":{"t":"C172"},"BA2":{"desc":"L1P"},"BA4":{"desc":"L1P"},"BAD":{"t":"PA18"},"BB1":{"t":"C340"},"BB3":{"t":"AC11"},"BBD":{"t":"C172"},"BBE":{"t":"ST75"},"BBF":{"desc":"L1P"},"BC2":{"t":"S22T"},"BC3":{"t":"C172"},"BC5":{"t":"PA27"},"BC6":{"t":"PA18"},"BC7":{"t":"C172"},"BCC":{"t":"PA27"},"BD0":{"t":"C177"},"BD3":{"desc":"L1P"},"BD5":{"t":"AR15"},"BD8":{"t":"C337"},"BDB":{"t":"PA23"},"BDE":{"t":"C182"},"BE2":{"t":"M20P"},"BE3":{"desc":"L1P"},"BED":{"desc":"L1P"},"BEF":{"t":"C172"},"BF3":{"t":"PA18"},"BF6":{"t":"C172"},"BFB":{"t":"C337"},"BFC":{"t":"C182"},"BFF":{"t":"C150"},"C00":{"t":"AA5"},"C02":{"t":"P28R"},"C04":{"t":"C303"},"C07":{"t":"C172"},"C08":{"t":"BE95"},"C0C":{"desc":"L1P"},"C0D":{"desc":"L1P"},"C0E":{"desc":"L1P"},"C11":{"t":"PA18"},"C14":{"t":"PA18"},"C16":{"desc":"L2P"},"C17":{"t":"C170"},"C18":{"t":"C182"},"C1B":{"t":"P28A"},"C1C":{"t":"AC11"},"C1F":{"t":"C182"},"C22":{"t":"C150"},"C24":{"t":"C182"},"C25":{"t":"P28R"},"C2A":{"desc":"L1P"},"C2E":{"t":"PA27"},"C2F":{"t":"PA18"},"C31":{"t":"PA27"},"C3C":{"t":"C172"},"C3D":{"t":"PA18"},"C3E":{"t":"AR15"},"C40":{"t":"L8"},"C42":{"t":"C182"},"C45":{"t":"C150"},"C47":{"t":"C182"},"C49":{"t":"C172"},"C4A":{"t":"ST75"},"C4D":{"t":"C172"},"C51":{"desc":"L1P"},"C53":{"t":"C172"},"C58":{"desc":"L1P"},"C59":{"desc":"L1P"},"C5A":{"desc":"H1P"},"C5B":{"t":"L8"},"C5C":{"desc":"G1P"},"C5D":{"t":"C170"},"C62":{"t":"C680"},"C68":{"desc":"H1P"},"C69":{"t":"AA5"},"C6A":{"t":"C182"},"C6B":{"t":"P28A"},"C6C":{"t":"C172"},"C6E":{"t":"M20P"},"C71":{"t":"BE35"},"C72":{"t":"PA18"},"C74":{"t":"PA27"},"C76":{"t":"C172"},"C79":{"t":"C172"},"C7B":{"t":"C172"},"C7D":{"t":"PA18"},"C7E":{"t":"C82S"},"C81":{"t":"CH7A"},"C82":{"t":"C172"},"C84":{"t":"P28S"},"C8E":{"t":"P28A"},"C94":{"t":"BE35"},"C95":{"t":"C172"},"C97":{"t":"C177"},"C99":{"desc":"L1P"},"C9A":{"t":"PA18"},"C9C":{"desc":"L1P"},"CA0":{"t":"CH7A"},"CA1":{"desc":"L1P"},"CA2":{"t":"ULAC"},"CA3":{"t":"BL8"},"CA7":{"t":"R22"},"CA8":{"desc":"L1P"},"CAA":{"t":"A139"},"CAB":{"t":"F900"},"CAC":{"t":"EC35"},"CAD":{"t":"A321"},"CAE":{"t":"ULAC"},"CB0":{"t":"C170"},"CB1":{"t":"GLID"},"CBA":{"desc":"A1P","t":"ULAC"},"CBB":{"t":"T210"},"CBC":{"t":"BL8"},"CBE":{"t":"BE36"},"CBF":{"desc":"L1P","t":"ULAC"},"CC0":{"t":"GLID"},"CC2":{"desc":"L1J"},"CCA":{"desc":"L1P"},"CCB":{"t":"C172"},"CD2":{"t":"L39"},"CD3":{"t":"PA24"},"CD5":{"t":"S76"},"CDA":{"t":"A139"},"CDB":{"t":"C25B"},"CDC":{"t":"L39"},"CDF":{"t":"A139"},"CE0":{"t":"M7"},"CE3":{"t":"PAY2"},"CE4":{"t":"FDCT"},"CE7":{"desc":"H1T","t":"A139"},"CEB":{"t":"DC3"},"CEC":{"t":"DV20"},"CED":{"t":"PA27"},"CEE":{"desc":"L1P"},"CF0":{"t":"A139"},"CF1":{"t":"L39"},"CF7":{"t":"P28R"},"CFD":{"t":"ULAC"},"CFE":{"t":"BCS1"},"D03":{"t":"L39"},"D04":{"desc":"L1P"},"D0C":{"desc":"H1T","t":"A139"},"D11":{"t":"L39"},"D14":{"t":"C172"},"D15":{"t":"L39"},"D1A":{"desc":"H2T"},"D1C":{"desc":"L1P"},"D20":{"t":"P28A"},"D22":{"t":"B763"},"D2B":{"desc":"L1P"},"D2E":{"t":"L39"},"D32":{"desc":"H1T","t":"A139"},"D36":{"desc":"L1P"},"D3D":{"t":"P28B"},"D4C":{"t":"L39"},"D4F":{"t":"A139"},"D50":{"t":"UH12"},"D52":{"t":"A139"},"D55":{"desc":"H1T","t":"A139"},"D5D":{"desc":"L1P"},"D6A":{"t":"BE10"},"D6C":{"desc":"H1P"},"D70":{"t":"AT3T"},"D72":{"t":"L39"},"D73":{"desc":"L1P"},"D74":{"t":"SR22"},"D76":{"desc":"H1T","t":"A139"},"D81":{"t":"SR20"},"D87":{"desc":"L1P"},"D9D":{"t":"S22T"},"D9F":{"desc":"L1J"},"DA0":{"t":"PA46"},"DA3":{"t":"CL60"},"DA5":{"t":"L39"},"DAA":{"t":"LJ31"},"DAB":{"t":"L39"},"DAF":{"t":"L39"},"DB2":{"t":"L39"},"DB3":{"t":"HUSK"},"DB5":{"t":"CL60"},"DB7":{"t":"L39"},"DB8":{"t":"C172"},"DB9":{"t":"L39"},"DBB":{"t":"EC35"},"DBE":{"t":"ULAC"},"DBF":{"t":"L39"},"DC4":{"t":"L39"},"DCC":{"desc":"A1P"},"DE5":{"t":"GLID"},"DE6":{"desc":"H6E"},"DE8":{"t":"CH7B"},"DE9":{"t":"B407"},"DEC":{"t":"SR20"},"DEE":{"t":"L39"},"DEF":{"t":"BALL"},"DF1":{"t":"L39"},"DF5":{"t":"A139"},"DF6":{"t":"DA40"},"DF7":{"t":"BE55"},"DFE":{"t":"BE55"},"E17":{"t":"BE35"},"E18":{"t":"C182"},"E1A":{"desc":"L1P"},"E1F":{"t":"L39"},"E21":{"desc":"L1P"},"E22":{"desc":"L1P"},"E23":{"t":"L39"},"E24":{"t":"C550"},"E27":{"t":"BE20"},"E28":{"t":"L39"},"E2B":{"desc":"L1P"},"E31":{"t":"C206"},"E32":{"desc":"L1P","t":"ULAC"},"E33":{"t":"BE9L"},"E35":{"t":"ULAC"},"E36":{"desc":"L1P"},"E38":{"t":"L39"},"E3D":{"t":"P28A"},"E3E":{"desc":"A1P","t":"ULAC"},"E40":{"t":"L39"},"E42":{"desc":"L1P","t":"ULAC"},"E45":{"t":"ULAC"},"E47":{"t":"E75L"},"E49":{"desc":"L1P"},"E4A":{"t":"BE35"},"E4B":{"t":"L39"},"E4D":{"t":"L39"},"E4F":{"desc":"L1P"},"E52":{"t":"EC35"},"E55":{"desc":"L1P"},"E57":{"t":"A139"},"E59":{"t":"GLID"},"E5A":{"t":"L39"},"E5C":{"t":"P208"},"E5E":{"t":"C172"},"E5F":{"desc":"L1P"},"E61":{"t":"A139"},"E66":{"t":"C172"},"E6A":{"desc":"H8E"},"E6C":{"t":"L39"},"E70":{"t":"A306"},"E73":{"t":"L39"},"E87":{"t":"L39"},"E8C":{"t":"L39"},"E9A":{"t":"BE9L"},"E9B":{"t":"A119"},"EA5":{"t":"L39"},"EA6":{"t":"M20T"},"EAD":{"desc":"L1P"},"EB8":{"t":"C56X"},"EC3":{"t":"L39"},"EC6":{"t":"WACF"},"ED4":{"t":"P28S"},"EE0":{"t":"L39"},"EF5":{"desc":"L1P","t":"ULAC"},"EF9":{"desc":"L1J"},"EFA":{"t":"L8"},"EFD":{"t":"CH7A"},"F03":{"t":"C337"},"F05":{"t":"ST75"},"F07":{"t":"C150"},"F08":{"t":"AA5"},"F0A":{"t":"PA34"},"F0E":{"t":"B47G"},"F0F":{"t":"C172"},"F10":{"t":"BE35"},"F12":{"t":"PA27"},"F13":{"t":"C172"},"F14":{"t":"E145"},"F15":{"t":"PA18"},"F16":{"t":"C172"},"F17":{"desc":"L1P"},"F18":{"desc":"L1P"},"F19":{"t":"E145"},"F1C":{"t":"C82S"},"F1E":{"t":"PA22"},"F23":{"t":"AR15"},"F2A":{"t":"C150"},"F2B":{"t":"AA5"},"F2C":{"t":"C182"},"F2D":{"t":"PA32"},"F30":{"desc":"L1P"},"F34":{"t":"PA18"},"F35":{"t":"PA18"},"F37":{"t":"E145"},"F3A":{"t":"PA27"},"F3B":{"t":"WACO"},"F3C":{"t":"WACO"},"F3F":{"t":"PA18"},"F40":{"t":"L8"},"F42":{"t":"C170"},"F43":{"t":"CH7A"},"F4D":{"t":"C150"},"F4F":{"t":"C182"},"F53":{"t":"M20P"},"F55":{"t":"C172"},"F56":{"t":"BE35"},"F57":{"desc":"L1P"},"F59":{"desc":"H1P"},"F5A":{"t":"C172"},"F5C":{"t":"PA18"},"F5E":{"t":"PA18"},"F64":{"t":"PA20"},"F66":{"t":"C172"},"F67":{"t":"C185"},"F6A":{"t":"AC11"},"F6F":{"t":"PA23"},"F70":{"t":"C150"},"F74":{"t":"C172"},"F75":{"desc":"L1P"},"F76":{"t":"COL3"},"F78":{"t":"C172"},"F79":{"t":"BE35"},"F7B":{"t":"PA18"},"F7E":{"desc":"L1P"},"F81":{"t":"PA18"},"F82":{"t":"C172"},"F83":{"t":"C177"},"F84":{"desc":"H1T"},"F89":{"t":"CH7A"},"F8A":{"t":"C172"},"F8B":{"desc":"L1P"},"F8D":{"t":"AC11"},"F8E":{"t":"L8"},"F91":{"desc":"L2J"},"F93":{"t":"C150"},"F94":{"t":"PA18"},"F95":{"t":"C182"},"F99":{"t":"M20P"},"F9B":{"t":"PA18"},"F9E":{"t":"C172"},"F9F":{"t":"C172"},"FA0":{"t":"C172"},"FA1":{"t":"C172"},"FA3":{"t":"C172"},"FA5":{"desc":"L1P"},"FA6":{"t":"E145"},"FAC":{"t":"C172"},"FAD":{"desc":"L1P"},"FB0":{"t":"AC11"},"FB7":{"t":"AA5"},"FB8":{"t":"C182"},"FBA":{"t":"C172"},"FBB":{"t":"COL4"},"FBC":{"t":"M20P"},"FBE":{"t":"C172"},"FC0":{"t":"PA27"},"FC1":{"t":"PA18"},"FC4":{"t":"B789"},"FC7":{"desc":"L1P"},"FCB":{"t":"BE35"},"FCE":{"t":"C170"},"FD4":{"t":"L8"},"FDA":{"t":"AA5"},"FDF":{"t":"M20P"},"FE0":{"desc":"H1T","t":"B47G"},"FE2":{"t":"BE33"},"FE3":{"t":"PA18"},"FE7":{"t":"E145"},"FE8":{"t":"E145"},"FE9":{"t":"PA27"},"FEA":{"t":"PA27"},"FF0":{"t":"PA22"},"FF2":{"t":"CH7A"},"FF5":{"t":"PA34"},"FF9":{"t":"C210"},"FFE":{"t":"C182"}}