{"000":{"t":"C172"},"002":{"t":"M20P"},"003":{"t":"B47G"},"004":{"t":"C172"},"005":{"t":"BE35"},"009":{"t":"PA18"},"00A":{"t":"C172"},"00B":{"t":"E145"},"00E":{"t":"E145"},"00F":{"t":"E145"},"011":{"t":"PA18"},"013":{"t":"C177"},"015":{"t":"C172"},"018":{"t":"AR15"},"019":{"t":"AC11"},"01A":{"t":"L8"},"01E":{"t":"PA23"},"020":{"t":"AA5"},"021":{"t":"C182"},"029":{"t":"PA27"},"02B":{"t":"PA27"},"02D":{"t":"PA27"},"02F":{"t":"C172"},"030":{"t":"PA27"},"031":{"t":"E145"},"032":{"t":"E145"},"033":{"desc":"L1P"},"034":{"t":"B763"},"036":{"t":"PA22"},"038":{"t":"CH7A"},"03D":{"t":"L8"},"03F":{"t":"C182"},"044":{"t":"C182"},"045":{"t":"P28R"},"046":{"t":"C172"},"04E":{"t":"E145"},"04F":{"desc":"L1P"},"051":{"t":"E145"},"054":{"t":"PA27"},"056":{"t":"BE9L"},"058":{"t":"GLID"},"059":{"desc":"L1P"},"05A":{"t":"M20P"},"05B":{"desc":"L1P"},"05C":{"t":"M7"},"05D":{"t":"AC11"},"05E":{"t":"G164"},"05F":{"t":"HUSK"},"060":{"t":"BE58"},"061":{"desc":"L1P"},"065":{"t":"PA31"},"066":{"t":"E55P"},"067":{"t":"BE33"},"06A":{"t":"C150"},"06D":{"desc":"L1P"},"06F":{"t":"C172"},"070":{"desc":"L1P"},"073":{"t":"PA46"},"074":{"desc":"L1P"},"075":{"t":"P28B"},"076":{"desc":"L1P"},"077":{"desc":"L1P"},"078":{"desc":"A1P"},"079":{"t":"BALL"},"07B":{"t":"C172"},"07C":{"t":"C425"},"07D":{"desc":"L1P"},"07F":{"desc":"L1P"},"080":{"t":"C310"},"081":{"desc":"L1P"},"084":{"desc":"L1P"},"088":{"t":"GLID"},"089":{"desc":"L1P","t":"ULAC"},"08B":{"desc":"L1P"},"08C":{"t":"BALL"},"08E":{"t":"BE58"},"08F":{"desc":"L1P"},"090":{"desc":"L1P"},"091":{"desc":"L1P"},"092":{"t":"C25C"},"093":{"desc":"L1P"},"094":{"desc":"L1P"},"095":{"t":"BE35"},"096":{"desc":"L1P"},"09B":{"desc":"L1P"},"09C":{"desc":"L1P","t":"ULAC"},"09E":{"t":"C150"},"09F":{"t":"PA46"},"0A1":{"desc":"L1P"},"0A3":{"t":"BE95"},"0A6":{"desc":"L1P"},"0A7":{"desc":"L1P"},"0A8":{"t":"BE35"},"0AA":{"t":"SR22"},"0AB":{"t":"P28A"},"0AD":{"desc":"L1P"},"0B0":{"t":"P28A"},"0B1":{"t":"RV12"},"0B2":{"t":"BE55"},"0B3":{"desc":"L1P"},"0B4":{"desc":"H1T","t":"B505"},"0B7":{"t":"P32T"},"0B8":{"desc":"L1P"},"0B9":{"t":"GLID"},"0BD":{"desc":"L1P"},"0BE":{"desc":"L1P"},"0C0":{"desc":"L1P"},"0C1":{"t":"PA46"},"0C2":{"desc":"L1P"},"0C3":{"desc":"L1P"},"0C4":{"t":"BL8"},"0C5":{"desc":"L1P"},"0C6":{"desc":"L1P"},"0C7":{"desc":"L1P"},"0C9":{"desc":"A1P"},"0CB":{"desc":"L1P"},"0D0":{"desc":"L1P"},"0D5":{"t":"AA1"},"0D7":{"t":"PA24"},"0D9":{"t":"GLEX"},"0DA":{"desc":"L2P"},"0DB":{"desc":"L1P"},"0DD":{"t":"C441"},"0DE":{"t":"J3"},"0E2":{"t":"PA34"},"0E6":{"desc":"L1P"},"0E7":{"desc":"L1P"},"0E8":{"desc":"L1P"},"0E9":{"desc":"L1P"},"0EA":{"desc":"A1P","t":"F900"},"0EC":{"t":"PA34"},"0ED":{"t":"C25B"},"0EF":{"desc":"L1P"},"0F0":{"t":"ST75"},"0F1":{"t":"F2TH"},"0F7":{"desc":"L1P"},"0F8":{"t":"C150"},"0F9":{"desc":"L1P"},"0FA":{"desc":"L1P"},"0FB":{"t":"GLID"},"0FE":{"t":"PA27"},"101":{"t":"P46T"},"104":{"t":"BALL"},"105":{"desc":"L1P"},"108":{"desc":"L1P"},"10A":{"desc":"L1P"},"10C":{"t":"M7"},"10D":{"t":"BE20"},"10E":{"t":"BE20"},"110":{"t":"C150"},"111":{"t":"H500"},"112":{"desc":"L1P"},"113":{"desc":"L1P"},"116":{"t":"PA12"},"117":{"desc":"H1P"},"118":{"t":"R22"},"119":{"desc":"L1P"},"11A":{"t":"SIRA"},"11B":{"t":"CH7A"},"11C":{"t":"B407"},"11D":{"t":"HUSK"},"11F":{"desc":"L1P"},"122":{"desc":"L1P"},"123":{"t":"C340"},"124":{"t":"T210"},"125":{"desc":"L1P"},"127":{"t":"BE58"},"129":{"desc":"L1P"},"12A":{"desc":"L1P"},"12B":{"t":"C180"},"12C":{"t":"PA34"},"12D":{"t":"BE33"},"12F":{"t":"CH7B"},"130":{"t":"GLID"},"133":{"desc":"L1P"},"136":{"desc":"A1P"},"138":{"desc":"L1P"},"13B":{"t":"P28U"},"13C":{"t":"BL8"},"13D":{"t":"SR22"},"13E":{"t":"BL8"},"140":{"desc":"L1P"},"142":{"t":"HUSK"},"144":{"t":"C172"},"145":{"desc":"L1P"},"146":{"desc":"L1P"},"14C":{"desc":"L1P"},"14D":{"desc":"L1P"},"14E":{"desc":"L1P","t":"ULAC"},"14F":{"t":"S108"},"150":{"desc":"L1P"},"152":{"t":"B412"},"153":{"desc":"L1P"},"154":{"desc":"L1P"},"155":{"t":"PA18"},"156":{"desc":"L1P"},"157":{"desc":"L1P"},"158":{"desc":"L1P"},"159":{"t":"GLID"},"15A":{"desc":"L1P"},"15B":{"desc":"L1P"},"15D":{"t":"M5"},"15E":{"t":"P28A"},"15F":{"t":"PTS2"},"161":{"t":"BE36"},"162":{"desc":"L1P"},"163":{"t":"GLID"},"165":{"t":"C210"},"166":{"desc":"L1P","t":"ULAC"},"16C":{"t":"BE36"},"16D":{"t":"C320"},"16E":{"t":"C182"},"16F":{"desc":"L1P"},"170":{"desc":"L1P"},"171":{"t":"GLID"},"172":{"desc":"H1T"},"174":{"t":"SR22"},"175":{"desc":"L1P"},"176":{"desc":"L1P"},"177":{"t":"BE36"},"179":{"t":"UH12"},"17C":{"t":"C82T"},"17E":{"desc":"L2T"},"17F":{"desc":"L1P"},"180":{"desc":"L1P"},"181":{"t":"R44"},"182":{"desc":"L1P"},"184":{"t":"F900"},"187":{"desc":"A1P"},"188":{"t":"PAY1"},"189":{"t":"C172"},"18A":{"t":"BE20"},"18D":{"desc":"L1P","t":"ULAC"},"18E":{"t":"GLID"},"18F":{"t":"BE9L"},"190":{"t":"T206"},"191":{"desc":"L1P"},"193":{"t":"P28A"},"194":{"t":"AS50"},"197":{"desc":"L1T","t":"SS2P"},"198":{"t":"C441"},"19C":{"t":"BE58"},"19E":{"t":"H25B"},"19F":{"t":"PA46"},"1A0":{"t":"BALL"},"1A1":{"desc":"L1P"},"1A3":{"t":"S22T"},"1A4":{"t":"C185"},"1A5":{"desc":"L1P"},"1A7":{"t":"C180"},"1A9":{"t":"C172"},"1AB":{"desc":"L1P"},"1AE":{"desc":"L1P"},"1B0":{"t":"C172"},"1B1":{"desc":"L2T","t":"BE18"},"1B2":{"desc":"L1P"},"1B3":{"desc":"L1P"},"1B4":{"t":"P28B"},"1B5":{"desc":"L1P"},"1B6":{"t":"R44"},"1B7":{"t":"HDJT"},"1BF":{"desc":"L1P","t":"ULAC"},"1C6":{"t":"HA4T"},"1CA":{"t":"C182"},"1CF":{"t":"C25C"},"1D2":{"t":"PC12"},"1D3":{"desc":"L1P"},"1D4":{"t":"BE36"},"1D5":{"desc":"L1P"},"1DA":{"t":"C551"},"1DB":{"desc":"L1P"},"1DC":{"desc":"H2T"},"1DF":{"desc":"L1P"},"1E0":{"t":"C421"},"1E2":{"desc":"L1P"},"1E4":{"desc":"L1P"},"1E6":{"desc":"L1P"},"1E8":{"t":"BL8"},"1E9":{"t":"BE9L"},"1EA":{"t":"TBM7"},"1EB":{"t":"UH1"},"1EC":{"desc":"L1P"},"1ED":{"t":"BL17"},"1EE":{"t":"AC11"},"1F0":{"t":"B06"},"1F5":{"t":"AEST"},"1F7":{"desc":"L1P"},"1F8":{"t":"PA34"},"1F9":{"desc":"L1P"},"1FA":{"t":"SR20"},"1FB":{"desc":"L1P"},"1FC":{"t":"C150"},"1FD":{"t":"NAVI"},"1FF":{"t":"GLID"},"201":{"t":"C441"},"202":{"desc":"L1T"},"203":{"desc":"L1P"},"205":{"desc":"L1P"},"209":{"desc":"L1P"},"20B":{"desc":"L1P"},"20C":{"t":"BE33"},"20D":{"t":"PAY2"},"213":{"t":"LJ60"},"215":{"t":"M20P"},"216":{"t":"C150"},"219":{"desc":"L1P"},"21A":{"t":"C414"},"21D":{"desc":"L1P"},"221":{"t":"EC45"},"223":{"t":"BALL"},"229":{"t":"BE33"},"22A":{"t":"BALL"},"22E":{"desc":"L1P"},"232":{"t":"BE9L"},"233":{"t":"C501"},"234":{"desc":"L1P"},"235":{"t":"C182"},"238":{"desc":"L1P"},"239":{"desc":"L1P"},"23A":{"t":"SR20"},"23B":{"t":"SF50"},"23D":{"t":"MU2"},"23E":{"t":"AEST"},"240":{"t":"BE60"},"242":{"desc":"L1P"},"245":{"t":"BE50"},"246":{"desc":"L1P"},"247":{"desc":"L1P"},"24B":{"desc":"L1P"},"24C":{"t":"C172"},"24D":{"desc":"L1P"},"24F":{"desc":"L1P"},"250":{"desc":"L1P","t":"ULAC"},"251":{"t":"BL8"},"252":{"t":"C172"},"253":{"t":"SR22"},"254":{"desc":"L1P"},"255":{"t":"SR20"},"256":{"desc":"L1P"},"257":{"t":"PA18"},"258":{"t":"C25C"},"25B":{"desc":"A1P"},"25D":{"t":"ULAC"},"260":{"t":"BE36"},"262":{"desc":"L1P"},"263":{"desc":"H1P"},"268":{"t":"BL8"},"270":{"t":"BE58"},"272":{"desc":"L1P"},"276":{"t":"P68"},"27F":{"t":"P28A"},"280":{"t":"GLID"},"285":{"desc":"L1P"},"288":{"t":"J5"},"289":{"t":"BALL"},"28B":{"t":"PA24"},"28F":{"desc":"L1P"},"290":{"desc":"L1P"},"291":{"t":"M20T"},"292":{"desc":"L1P"},"294":{"t":"C182"},"295":{"desc":"L1P"},"297":{"desc":"L1P"},"298":{"desc":"L1P"},"29D":{"desc":"L1P"},"2A2":{"desc":"L1P"},"2A4":{"desc":"L1P"},"2A8":{"desc":"L1P"},"2AC":{"desc":"L1P","t":"ULAC"},"2AE":{"t":"GLID"},"2AF":{"t":"C140"},"2B0":{"t":"C140"},"2B2":{"t":"C140"},"2B3":{"t":"P28A"},"2B6":{"t":"SR20"},"2B7":{"t":"T28"},"2BA":{"desc":"L1P"},"2BC":{"t":"P28A"},"2BD":{"t":"A321"},"2C2":{"t":"ULAC"},"2C8":{"t":"BALL"},"2C9":{"t":"B47G"},"2CA":{"t":"BALL"},"2CB":{"t":"BE36"},"2CC":{"t":"P28A"},"2CF":{"desc":"L1P","t":"ULAC"},"2D1":{"t":"GLID"},"2D2":{"t":"AS50"},"2D3":{"t":"P28A"},"2D4":{"t":"C140"},"2DA":{"t":"PA27"},"2DB":{"t":"C140"},"2DD":{"t":"SR22"},"2DE":{"desc":"L1P"},"2E0":{"t":"P28A"},"2E2":{"t":"C140"},"2E4":{"t":"C140"},"2E5":{"t":"BALL"},"2E6":{"t":"SR20"},"2E7":{"t":"C140"},"2E8":{"t":"C140"},"2E9":{"desc":"L4T"},"2EA":{"desc":"L1P"},"2EC":{"t":"P28A"},"2ED":{"t":"C140"},"2F0":{"desc":"L2T"},"2F2":{"t":"C140"},"2F3":{"t":"C140"},"2F4":{"t":"C182"},"2F8":{"desc":"L1P"},"2FB":{"t":"C140"},"2FC":{"t":"C25A"},"2FE":{"desc":"L1P"},"2FF":{"t":"P28A"},"301":{"t":"C140"},"302":{"desc":"H1P"},"303":{"desc":"L1P"},"305":{"t":"SR20"},"306":{"desc":"L1P"},"307":{"desc":"L1P"},"30C":{"desc":"L1P"},"30D":{"t":"C140"},"30E":{"t":"BCS1"},"30F":{"desc":"L1P"},"310":{"t":"C140"},"314":{"t":"BALL"},"318":{"t":"C140"},"324":{"t":"TAMP"},"328":{"desc":"H1T","t":"A139"},"329":{"t":"C140"},"32A":{"t":"C140"},"32D":{"t":"C140"},"32F":{"desc":"L1P"},"330":{"t":"P28A"},"332":{"t":"B763"},"336":{"t":"F900"},"338":{"t":"P28A"},"33B":{"t":"C172"},"33E":{"t":"C172"},"346":{"t":"C140"},"348":{"t":"P28A"},"358":{"desc":"L1P"},"35F":{"t":"BE9L"},"360":{"t":"P28A"},"362":{"t":"P28A"},"36A":{"t":"B407"},"36B":{"t":"LJ45"},"36D":{"desc":"L1P"},"373":{"t":"GLID"},"378":{"t":"C414"},"379":{"desc":"L1P"},"37A":{"t":"P28A"},"37E":{"t":"P28A"},"37F":{"t":"PA32"},"380":{"t":"C140"},"383":{"desc":"L1P","t":"ULAC"},"385":{"t":"P28A"},"38A":{"t":"C140"},"390":{"t":"C140"},"392":{"t":"BE20"},"393":{"t":"BT36"},"39D":{"t":"C414"},"3A1":{"t":"C140"},"3A2":{"desc":"L1P"},"3A6":{"t":"P28A"},"3A8":{"t":"C120"},"3AA":{"t":"P28A"},"3AB":{"t":"C140"},"3AC":{"t":"C140"},"3AE":{"t":"C140"},"3B6":{"t":"C140"},"3C3":{"t":"PTS2"},"3C4":{"t":"C150"},"3C7":{"t":"P28A"},"3C8":{"t":"C140"},"3CF":{"t":"PA46"},"3D1":{"desc":"L1P"},"3D2":{"t":"C140"},"3D3":{"desc":"L1P"},"3D5":{"t":"C140"},"3D8":{"t":"C140"},"3DC":{"t":"C140"},"3DF":{"t":"P28A"},"3E0":{"t":"P28A"},"3E1":{"t":"EA50"},"3E7":{"t":"BE33"},"3ED":{"t":"C140"},"3EE":{"t":"C140"},"3F5":{"t":"C140"},"3F6":{"t":"U21"},"3F7":{"t":"BALL"},"3F8":{"t":"C172"},"3F9":{"t":"C140"},"3FD":{"t":"A139"},"400":{"t":"P28A"},"403":{"desc":"L1T","t":"M600"},"405":{"t":"C140"},"406":{"t":"BALL"},"40E":{"t":"C140"},"427":{"t":"O1"},"428":{"t":"C172"},"429":{"t":"C310"},"42B":{"t":"PA31"},"432":{"t":"BE20"},"433":{"t":"M20T"},"437":{"desc":"L1P"},"43B":{"desc":"L1P"},"43C":{"t":"C150"},"440":{"t":"BE58"},"442":{"t":"P28A"},"443":{"desc":"L3J"},"444":{"t":"P28A"},"446":{"t":"EC45"},"447":{"t":"C140"},"448":{"t":"P28A"},"44A":{"t":"C140"},"44C":{"desc":"L1P"},"44D":{"t":"P28A"},"450":{"desc":"A1P","t":"ULAC"},"451":{"t":"GLID"},"453":{"t":"C172"},"456":{"t":"PC24"},"457":{"t":"E75L"},"459":{"desc":"L1P"},"45A":{"t":"C82S"},"45B":{"desc":"L1P","t":"ULAC"},"45C":{"desc":"L1P"},"460":{"t":"C140"},"462":{"t":"C140"},"465":{"t":"C140"},"467":{"t":"C340"},"469":{"desc":"L1P"},"46A":{"t":"C650"},"46C":{"desc":"L1E"},"46E":{"t":"C140"},"46F":{"t":"AS50"},"472":{"t":"C56X"},"475":{"t":"BE35"},"476":{"t":"C172"},"480":{"t":"A306"},"483":{"t":"BALL"},"48B":{"t":"C140"},"49D":{"t":"GLID"},"4A4":{"desc":"L1P"},"4A6":{"t":"BALL"},"4AB":{"desc":"L1P"},"4AC":{"t":"C650"},"4AF":{"t":"BE55"},"4B0":{"t":"P28A"},"4B5":{"t":"EC30"},"4B6":{"t":"B350"},"4B9":{"desc":"L1P"},"4BB":{"t":"C140"},"4C8":{"t":"BALL"},"4D6":{"t":"WACF"},"4D7":{"t":"C140"},"4EF":{"t":"P28A"},"508":{"t":"P210"},"50A":{"t":"L8"},"50D":{"t":"BE18"},"50E":{"t":"C172"},"50F":{"t":"BE35"},"510":{"t":"C172"},"512":{"t":"L8"},"514":{"t":"C650"},"516":{"desc":"A1P"},"519":{"t":"BE36"},"51B":{"t":"C150"},"520":{"desc":"L1P"},"521":{"t":"WACC"},"522":{"t":"B78X"},"525":{"desc":"A1P"},"526":{"t":"PA27"},"528":{"t":"C182"},"529":{"t":"C172"},"52A":{"t":"PA27"},"52B":{"t":"C190"},"52D":{"t":"L8"},"52F":{"t":"C170"},"530":{"t":"C172"},"531":{"t":"C172"},"533":{"t":"AR15"},"536":{"t":"C56X"},"538":{"t":"J3"},"53E":{"t":"C172"},"53F":{"t":"J3"},"540":{"t":"COL4"},"544":{"desc":"L1P"},"545":{"t":"B78X"},"546":{"t":"PA27"},"547":{"desc":"L1P"},"548":{"t":"WACC"},"549":{"desc":"L1P"},"54A":{"t":"B78X"},"54E":{"desc":"L1P"},"550":{"t":"L8"},"551":{"desc":"A1P"},"554":{"t":"C172"},"557":{"desc":"A1P"},"559":{"t":"BE23"},"55B":{"t":"J3"},"55E":{"t":"BALL"},"55F":{"t":"C182"},"564":{"desc":"A1P"},"565":{"t":"C172"},"567":{"desc":"L1P"},"56E":{"t":"WACC"},"56F":{"t":"PA27"},"574":{"t":"SR22"},"577":{"t":"C172"},"578":{"t":"BE55"},"579":{"t":"AR15"},"57F":{"desc":"A1P"},"581":{"t":"C172"},"582":{"t":"C182"},"585":{"t":"C172"},"587":{"t":"PA32"},"588":{"t":"C172"},"589":{"desc":"A1P"},"58B":{"desc":"L1P"},"58D":{"t":"P28A"},"58F":{"desc":"L1P"},"590":{"t":"PA27"},"592":{"t":"M20P"},"593":{"desc":"L1P"},"595":{"t":"PA22"},"597":{"t":"C177"},"599":{"t":"CH7A"},"59B":{"t":"BE35"},"59C":{"t":"P28A"},"5A1":{"t":"J3"},"5A2":{"desc":"A1P"},"5A9":{"t":"B06"},"5AB":{"desc":"A1P"},"5AD":{"t":"PA27"},"5AE":{"desc":"L1P"},"5B0":{"t":"PA18"},"5B1":{"t":"PA18"},"5B4":{"t":"WACC"},"5B5":{"desc":"L1P"},"5B6":{"desc":"A1P"},"5BA":{"t":"PA22"},"5BE":{"t":"BE35"},"5C3":{"t":"C182"},"5C8":{"t":"C182"},"5CA":{"t":"C172"},"5CD":{"t":"P28A"},"5CE":{"t":"C172"},"5D0":{"t":"CH7B"},"5D1":{"t":"PA27"},"5D2":{"desc":"L1P"},"5D3":{"t":"C172"},"5D5":{"t":"C170"},"5D7":{"desc":"L1P"},"5D9":{"desc":"L1P"},"5DC":{"t":"L8"},"5DD":{"t":"C177"},"5DF":{"t":"CH7A"},"5E5":{"t":"BE23"},"5E6":{"t":"C180"},"5E7":{"t":"J3"},"5EA":{"t":"AA1"},"5EC":{"t":"P28R"},"5EE":{"t":"J3"},"5F3":{"t":"P28A"},"5F7":{"t":"PA18"},"5F9":{"desc":"L1P"},"5FC":{"t":"PA27"},"5FD":{"desc":"H1P"},"5FF":{"t":"L8"},"600":{"t":"PA22"},"601":{"t":"C172"},"603":{"t":"A320"},"606":{"t":"AC11"},"60A":{"t":"J3"},"60E":{"t":"C182"},"60F":{"t":"PA34"},"610":{"t":"C172"},"613":{"t":"P28A"},"617":{"t":"WACC"},"619":{"t":"WACC"},"61C":{"desc":"L1P"},"61E":{"t":"PA27"},"620":{"desc":"L1P"},"622":{"t":"C172"},"623":{"t":"C177"},"624":{"t":"C170"},"625":{"t":"CH7A"},"627":{"t":"BE35"},"629":{"t":"AC11"},"631":{"t":"C182"},"633":{"t":"C140"},"635":{"t":"SR22"},"636":{"t":"SF50"},"637":{"t":"C172"},"639":{"desc":"L1P"},"63A":{"desc":"L1P"},"63D":{"t":"C150"},"63E":{"t":"WACF"},"63F":{"desc":"L1P"},"640":{"t":"WACC"},"644":{"t":"B763"},"647":{"t":"C170"},"648":{"t":"CH7A"},"64A":{"t":"BE55"},"64B":{"desc":"S1P","t":"AR15"},"64C":{"t":"AC11"},"64E":{"t":"BE23"},"650":{"t":"J3"},"652":{"t":"C150"},"653":{"t":"AA1"},"654":{"desc":"L1P"},"655":{"t":"P28A"},"659":{"t":"PA32"},"662":{"desc":"L1P"},"664":{"desc":"L1P"},"666":{"desc":"L1P"},"667":{"t":"C421"},"668":{"t":"C172"},"669":{"desc":"L1P"},"66A":{"t":"AA5"},"66C":{"desc":"L2J"},"66D":{"t":"H269"},"66E":{"t":"BRAV"},"66F":{"t":"R44"},"672":{"t":"H25B"},"673":{"desc":"L1P"},"674":{"t":"PA32"},"675":{"t":"B407"},"677":{"t":"M5"},"678":{"t":"GLID"},"679":{"t":"ULAC"},"67B":{"t":"P28A"},"67C":{"desc":"H1P"},"682":{"t":"DV20"},"683":{"t":"BL8"},"686":{"desc":"L1P","t":"ULAC"},"68B":{"desc":"L1P"},"68C":{"t":"GLID"},"694":{"t":"FDCT"},"699":{"desc":"H1P"},"69A":{"t":"AEST"},"69B":{"desc":"L1P"},"69C":{"desc":"L1P"},"69E":{"t":"B350"},"6A0":{"desc":"L1P"},"6A1":{"t":"BL8"},"6A2":{"desc":"L1P"},"6A3":{"t":"BALL"},"6A4":{"t":"BE95"},"6A7":{"t":"T206"},"6AA":{"t":"C240"},"6AB":{"desc":"A1P"},"6B3":{"t":"DA42"},"6B5":{"t":"R44"},"6B6":{"t":"P32R"},"6B7":{"t":"C310"},"6B8":{"t":"M7"},"6B9":{"desc":"L1P"},"6BC":{"t":"DV20"},"6BE":{"t":"C210"},"6BF":{"t":"G280"},"6C0":{"desc":"L1P"},"6C2":{"t":"BE40"},"6C4":{"desc":"L1P","t":"ULAC"},"6C5":{"t":"BCS1"},"6C7":{"desc":"A1P"},"6CA":{"desc":"L1T"},"6CB":{"desc":"L1P"},"6CC":{"t":"EA50"},"6CD":{"desc":"L1P"},"6CE":{"t":"SR22"},"6D6":{"desc":"L1P"},"6D7":{"desc":"L1J"},"6DB":{"t":"TAMP"},"6E4":{"t":"HUSK"},"6E5":{"t":"B412"},"6E7":{"t":"P28A"},"6E8":{"desc":"L1P","t":"ULAC"},"6E9":{"t":"B763"},"6EF":{"desc":"L2T"},"6F3":{"t":"P28A"},"6F9":{"desc":"L1P"},"6FD":{"t":"BE35"},"708":{"t":"C421"},"70F":{"t":"SR22"},"716":{"t":"C185"},"719":{"t":"BE33"},"720":{"desc":"L1P","t":"ULAC"},"721":{"t":"DA40"},"724":{"t":"BE36"},"727":{"desc":"L1P"},"728":{"t":"SR22"},"72F":{"desc":"L1P"},"730":{"t":"C175"},"731":{"desc":"L1P"},"734":{"t":"GLF4"},"736":{"t":"C177"},"737":{"desc":"L1T"},"73F":{"desc":"L2P"},"740":{"t":"CH7B"},"744":{"t":"S22T"},"748":{"t":"B350"},"74A":{"desc":"L1P"},"74D":{"t":"DA62"},"751":{"t":"S22T"},"758":{"t":"P28A"},"761":{"t":"B350"},"76D":{"desc":"L1P"},"772":{"t":"R44"},"77E":{"desc":"L1P"},"77F":{"t":"PA31"},"781":{"desc":"L1P","t":"ULAC"},"782":{"t":"S76"},"786":{"desc":"L1P"},"788":{"t":"M20P"},"78A":{"t":"H25B"},"78B":{"desc":"L1P"},"78C":{"desc":"L1P"},"78F":{"t":"BE33"},"793":{"desc":"L1P"},"798":{"desc":"H2T"},"7A0":{"t":"A321"},"7AC":{"t":"BE76"},"7AD":{"desc":"L1P"},"7AE":{"desc":"L1P"},"7AF":{"t":"BE58"},"7B2":{"t":"C172"},"7B3":{"t":"SR20"},"7B8":{"desc":"L1P"},"7BE":{"t":"ULAC"},"7C1":{"desc":"H4E"},"7C8":{"t":"G164"},"7D6":{"t":"GLEX"},"7DE":{"desc":"A2P"},"7E0":{"desc":"L1P"},"7E2":{"t":"CL60"},"7E6":{"desc":"L1P"},"7EA":{"desc":"L1P"},"7EC":{"desc":"L1P"},"7F0":{"t":"C25C"},"7F9":{"t":"PA46"},"7FA":{"t":"CH7B"},"7FB":{"desc":"L1P","t":"ULAC"},"7FC":{"t":"BL8"},"7FD":{"t":"GLID"},"7FF":{"t":"CRJ2"},"800":{"desc":"L1J"},"802":{"t":"SBR1"},"803":{"t":"BE30"},"805":{"desc":"L2P"},"808":{"t":"GLID"},"809":{"desc":"L1P"},"80A":{"t":"B350"},"80C":{"t":"P28A"},"80D":{"desc":"L1J"},"80E":{"t":"E75L"},"810":{"t":"PA18"},"811":{"t":"P28A"},"813":{"t":"PAY3"},"814":{"desc":"L1P"},"815":{"t":"J3"},"817":{"desc":"H1T"},"818":{"t":"AS50"},"819":{"desc":"L1P"},"81D":{"t":"DV20"},"820":{"desc":"L1P"},"822":{"t":"M20P"},"823":{"desc":"L1E"},"825":{"t":"BE35"},"826":{"desc":"L1P"},"837":{"t":"A306"},"83A":{"t":"HUSK"},"849":{"t":"GLID"},"85C":{"t":"P28A"},"85D":{"t":"C182"},"85E":{"desc":"L1P"},"860":{"desc":"L3J"},"861":{"t":"M7"},"869":{"desc":"L1T"},"86B":{"t":"PA34"},"86C":{"t":"BE35"},"86D":{"desc":"L1P","t":"ULAC"},"870":{"desc":"L1P"},"874":{"desc":"L1P"},"87F":{"desc":"L1P"},"88D":{"desc":"L1P"},"8A6":{"desc":"L2T"},"8A7":{"t":"BE18"},"8BF":{"desc":"L1P"},"8C2":{"t":"BALL"},"8C3":{"t":"C170"},"8C4":{"t":"C172"},"8C5":{"t":"C172"},"8C7":{"t":"AR15"},"8C8":{"t":"AC11"},"8CB":{"t":"C182"},"8D1":{"t":"P28R"},"8D2":{"t":"T210"},"8D6":{"t":"C172"},"8D8":{"t":"COL4"},"8D9":{"t":"ST75"},"8DA":{"t":"B752"},"8DB":{"t":"T28"},"8DC":{"t":"T28"},"8DD":{"t":"E45X"},"8DE":{"t":"B752"},"8DF":{"t":"B752"},"8E2":{"desc":"L1P"},"8E3":{"t":"PA22"},"8E4":{"t":"L8"},"8E7":{"t":"C337"},"8E8":{"t":"C172"},"8E9":{"t":"COL3"},"8EB":{"t":"AC11"},"8EE":{"t":"C25C"},"8F2":{"t":"AA1"},"8F4":{"t":"P28R"},"8F5":{"t":"C172"},"8F6":{"t":"C172"},"8F8":{"t":"PA34"},"8FA":{"desc":"L1P"},"8FD":{"t":"T28"},"8FE":{"t":"T28"},"8FF":{"t":"T28"},"900":{"t":"B752"},"901":{"t":"E45X"},"902":{"t":"E45X"},"903":{"t":"B752"},"908":{"t":"PA22"},"909":{"t":"C170"},"90C":{"t":"BE35"},"90D":{"t":"P28R"},"90F":{"t":"L8"},"911":{"t":"M20P"},"912":{"t":"J3"},"914":{"t":"C150"},"916":{"t":"C182"},"919":{"t":"C172"},"91E":{"t":"B752"},"91F":{"t":"B752"},"920":{"desc":"L1P"},"923":{"t":"E45X"},"924":{"desc":"L2P"},"926":{"t":"WACF"},"927":{"t":"PA27"},"929":{"t":"B14A"},"92A":{"t":"B14A"},"92D":{"t":"CH7A"},"92E":{"t":"C172"},"930":{"t":"AR15"},"932":{"t":"L8"},"934":{"t":"C150"},"937":{"t":"C150"},"939":{"t":"C182"},"93E":{"t":"R44"},"93F":{"t":"C172"},"941":{"desc":"L1P"},"943":{"t":"WACF"},"945":{"t":"WACF"},"946":{"t":"PA27"},"948":{"t":"WACC"},"94A":{"t":"WACC"},"94B":{"t":"J3"},"94C":{"desc":"L1P"},"94D":{"t":"L8"},"94E":{"desc":"L1T","t":"C337"},"950":{"t":"CH7A"},"951":{"t":"C172"},"956":{"t":"BE23"},"957":{"t":"ST75"},"958":{"t":"J3"},"959":{"t":"C25A"},"95A":{"t":"C150"},"95B":{"t":"AA1"},"95D":{"desc":"L1P"},"95F":{"t":"C172"},"961":{"desc":"L1P"},"964":{"t":"J3"},"966":{"t":"T28"},"967":{"t":"E45X"},"968":{"t":"T28"},"96B":{"t":"BE35"},"96C":{"t":"E45X"},"96D":{"t":"PA27"},"96F":{"t":"PA22"},"970":{"desc":"A1P"},"972":{"t":"C170"},"973":{"t":"CH7A"},"976":{"t":"AR15"},"977":{"t":"AC11"},"978":{"t":"COL3"},"97A":{"t":"C182"},"97B":{"t":"GLF6"},"980":{"desc":"L1P"},"981":{"t":"C172"},"984":{"desc":"L1P"},"98A":{"t":"E45X"},"98F":{"t":"E45X"},"991":{"t":"B407"},"993":{"t":"L8"},"994":{"t":"S22T"},"996":{"t":"C172"},"998":{"t":"BE35"},"99A":{"t":"AC11"},"99B":{"t":"BALL"},"99D":{"t":"C182"},"99E":{"t":"J3"},"9A1":{"t":"SR22"},"9A3":{"t":"P28A"},"9A4":{"t":"C172"},"9A5":{"t":"C172"},"9A6":{"t":"C172"},"9A7":{"t":"PA34"},"9A8":{"t":"C172"},"9AC":{"t":"E45X"},"9AD":{"desc":"L1P"},"9B0":{"t":"T6"},"9B1":{"t":"PA18"},"9B2":{"t":"E45X"},"9B6":{"t":"BE35"},"9BB":{"t":"BE35"},"9BC":{"t":"AR15"},"9BF":{"t":"BE23"},"9C0":{"t":"C182"},"9C3":{"t":"C150"},"9C5":{"t":"C182"},"9C6":{"t":"P28A"},"9C7":{"t":"C172"},"9C8":{"t":"C172"},"9CB":{"t":"C172"},"9D0":{"t":"E45X"},"9D1":{"t":"E45X"},"9D2":{"t":"PA27"},"9D4":{"t":"E45X"},"9D6":{"t":"E45X"},"9D7":{"desc":"L1P"},"9D8":{"t":"C172"},"9D9":{"t":"L8"},"9DA":{"t":"PA22"},"9DB":{"t":"C170"},"9DC":{"t":"CH7A"},"9DD":{"desc":"L1P"},"9DF":{"t":"AR15"},"9E0":{"t":"AC11"},"9E7":{"t":"AA1"},"9E9":{"t":"P28A"},"9EB":{"t":"C172"},"9ED":{"t":"P28R"},"9EF":{"desc":"L1P"},"9F0":{"t":"E45X"},"9F1":{"t":"PA27"},"9F3":{"t":"PA27"},"9F6":{"t":"E45X"},"9F7":{"desc":"L1P"},"9F8":{"t":"E45X"},"9FC":{"t":"L8"},"9FD":{"t":"C177"},"9FE":{"t":"C172"},"A00":{"t":"C172"},"A01":{"t":"BE35"},"A06":{"t":"ST75"},"A07":{"t":"J3"},"A0B":{"t":"C182"},"A0C":{"t":"P28R"},"A0F":{"desc":"L1P"},"A10":{"t":"PA32"},"A16":{"desc":"L1P"},"A1B":{"t":"E45X"},"A1D":{"t":"ERCO"},"A1E":{"t":"GLID"},"A1F":{"t":"C56X"},"A20":{"t":"ULAC"},"A21":{"t":"BL8"},"A23":{"t":"AS50"},"A25":{"t":"BRAV"},"A26":{"desc":"H2T"},"A29":{"desc":"L1P","t":"ULAC"},"A2A":{"desc":"L2P"},"A2B":{"t":"A321"},"A2E":{"t":"E190"},"A30":{"desc":"L1P"},"A36":{"desc":"L1P"},"A37":{"t":"AA5"},"A3A":{"t":"P210"},"A3C":{"t":"M7"},"A3D":{"desc":"L1P","t":"ULAC"},"A3E":{"desc":"L1P"},"A3F":{"desc":"L1P"},"A40":{"t":"BE36"},"A43":{"t":"AT6T"},"A44":{"t":"J3"},"A48":{"t":"C172"},"A4C":{"desc":"A1P"},"A50":{"t":"SR22"},"A51":{"t":"PA24"},"A52":{"t":"BALL"},"A53":{"t":"EN48"},"A54":{"desc":"L1P"},"A55":{"t":"B350"},"A57":{"desc":"L1P","t":"ULAC"},"A59":{"desc":"L1P"},"A5C":{"desc":"L1P"},"A5E":{"t":"M7"},"A61":{"desc":"L4T"},"A62":{"t":"C310"},"A65":{"t":"SR22"},"A69":{"t":"SR22"},"A6A":{"t":"C500"},"A6B":{"t":"S22T"},"A6C":{"t":"GLID"},"A6E":{"desc":"H1P"},"A70":{"desc":"L1P"},"A71":{"t":"ULAC"},"A74":{"t":"C182"},"A75":{"desc":"L1P"},"A77":{"t":"B06"},"A79":{"t":"BE58"},"A7A":{"desc":"L1P"},"A7D":{"desc":"A1T","t":"KODI"},"A7E":{"desc":"L1P"},"A82":{"t":"PA30"},"A84":{"t":"BE20"},"A87":{"t":"P46T"},"A8B":{"t":"M20P"},"A8E":{"desc":"L1J"},"A9A":{"t":"C150"},"A9B":{"t":"BE55"},"A9E":{"t":"P28A"},"AA0":{"t":"B763"},"AA6":{"desc":"L1P"},"AAC":{"desc":"L1P","t":"ULAC"},"AB4":{"desc":"L1P"},"AB8":{"t":"PA34"},"ABB":{"t":"S22T"},"AC5":{"t":"DA42"},"ACA":{"t":"M20P"},"ACC":{"t":"E550"},"ACD":{"t":"C172"},"ACE":{"t":"C172"},"AD0":{"t":"GA5C"},"AD1":{"t":"GL5T"},"AD4":{"t":"BE35"},"ADC":{"t":"GLF4"},"AE6":{"t":"CL60"},"AEA":{"desc":"L1P"},"AED":{"desc":"L1P"},"AEE":{"desc":"L1P"},"AF1":{"desc":"A1P"},"AF4":{"desc":"L1P"},"AF7":{"t":"F2TH"},"AFF":{"t":"GLID"},"B00":{"t":"GLID"},"B03":{"t":"M20P"},"B08":{"desc":"L1P"},"B0A":{"t":"RV12"},"B0B":{"t":"COL4"},"B0D":{"desc":"L1P"},"B0F":{"t":"M20T"},"B10":{"desc":"L1P"},"B14":{"desc":"L1P"},"B16":{"desc":"L1P"},"B18":{"t":"EN28"},"B1A":{"desc":"L1P"},"B1D":{"desc":"L1P"},"B1E":{"desc":"L1P"},"B20":{"t":"PA44"},"B21":{"t":"C182"},"B23":{"desc":"L1P"},"B24":{"desc":"L1P"},"B2A":{"t":"PC12"},"B2E":{"t":"F2TH"},"B31":{"t":"BE35"},"B32":{"t":"B407"},"B33":{"desc":"L1P","t":"ULAC"},"B34":{"t":"BE55"},"B38":{"desc":"H1P"},"B39":{"t":"P28R"},"B3A":{"desc":"L1P"},"B3C":{"desc":"L1P"},"B3F":{"t":"M20P"},"B42":{"t":"P28U"},"B46":{"desc":"L1P"},"B4A":{"desc":"L1P"},"B4E":{"t":"P28A"},"B51":{"t":"DA42"},"B53":{"desc":"L1P"},"B5E":{"desc":"L1P"},"B64":{"desc":"H6E"},"B65":{"desc":"L1P"},"B66":{"t":"GLID"},"B67":{"t":"J3"},"B69":{"desc":"L1P"},"B6A":{"t":"ULAC"},"B6E":{"desc":"L1P"},"B71":{"desc":"H4E"},"B74":{"t":"PTS2"},"B75":{"desc":"L1P","t":"ULAC"},"B8D":{"t":"GLEX"},"B95":{"t":"PA23"},"B9E":{"desc":"L1P"},"BA1":{"t":"GL5T"},"BA2":{"t":"BE35"},"BA6":{"t":"C182"},"BA7":{"t":"BALL"},"BA9":{"desc":"L1P"},"BAE":{"t":"BE58"},"BAF":{"desc":"L2T"},"BB0":{"t":"C150"},"BB1":{"t":"H500"},"BB3":{"t":"ULAC"},"BB6":{"t":"EC20"},"BB8":{"desc":"L1P"},"BB9":{"desc":"H1P"},"BBA":{"desc":"L1P"},"BBE":{"t":"ULAC"},"BBF":{"t":"GLID"},"BC0":{"t":"FDCT"},"BC2":{"desc":"L1P"},"BC5":{"t":"E75L"},"BC7":{"t":"PA18"},"BC8":{"t":"H269"},"BC9":{"t":"GLID"},"BCF":{"t":"C172"},"BD2":{"t":"E50P"},"BD3":{"desc":"L1P"},"BD5":{"t":"BE65"},"BD8":{"t":"CH7B"},"BDA":{"desc":"L1E"},"BDB":{"t":"P28U"},"BDC":{"t":"BE58"},"BE4":{"t":"C172"},"BEE":{"t":"A306"},"BF9":{"desc":"L1P"},"BFA":{"t":"R22"},"C07":{"t":"PA23"},"C12":{"t":"M20P"},"C14":{"desc":"L1P"},"C15":{"t":"GLID"},"C18":{"t":"PA34"},"C24":{"desc":"L1P"},"C29":{"desc":"L1P"},"C41":{"t":"L39"},"C5A":{"desc":"L1P"},"C5D":{"desc":"L2T"},"C5F":{"desc":"L1P"},"C77":{"t":"C337"},"C78":{"t":"L8"},"C7B":{"t":"C182"},"C7C":{"t":"C172"},"C7D":{"t":"BE55"},"C7E":{"t":"AR15"},"C7F":{"t":"AC11"},"C80":{"t":"L8"},"C82":{"t":"ST75"},"C83":{"t":"C310"},"C84":{"t":"C182"},"C85":{"t":"C150"},"C87":{"t":"C182"},"C89":{"t":"C172"},"C8A":{"t":"AC90"},"C8B":{"desc":"H1T","t":"B47G"},"C90":{"desc":"L1P"},"C91":{"t":"PA27"},"C92":{"t":"E45X"},"C93":{"t":"E45X"},"C94":{"t":"C182"},"C96":{"t":"PA27"},"C99":{"desc":"L1P"},"C9A":{"t":"PA22"},"C9B":{"desc":"L1P"},"C9E":{"t":"CH7A"},"CA0":{"t":"BE50"},"CA1":{"t":"AR15"},"CA2":{"t":"AC11"},"CA3":{"t":"C82S"},"CA5":{"t":"C421"},"CA6":{"t":"J3"},"CA7":{"t":"PA23"},"CA9":{"t":"AA1"},"CAA":{"t":"C182"},"CAB":{"t":"PA34"},"CAC":{"t":"C421"},"CAE":{"desc":"L1P"},"CB1":{"t":"TBM7"},"CB6":{"t":"B738"},"CBB":{"t":"B738"},"CBC":{"desc":"L1P"},"CBD":{"desc":"L2P"},"CC0":{"t":"R44"},"CC1":{"t":"C172"},"CC4":{"t":"AR15"},"CC6":{"desc":"L1P"},"CC7":{"t":"BE35"},"CC8":{"desc":"L1P"},"CD2":{"t":"P28A"},"CD6":{"t":"C82S"},"CD9":{"t":"PA27"},"CDB":{"t":"PA18"},"CDD":{"t":"B738"},"CDE":{"t":"PA27"},"CE0":{"t":"COL4"},"CE2":{"t":"SR20"},"CE5":{"t":"C172"},"CE6":{"t":"BE33"},"CE7":{"t":"AR15"},"CE8":{"t":"AC11"},"CE9":{"t":"L8"},"CEA":{"t":"BE23"},"CEB":{"t":"ST75"},"CEC":{"t":"J3"},"CED":{"t":"PA14"},"CF1":{"t":"P28A"},"CF2":{"t":"C172"},"CF4":{"t":"T206"},"CF5":{"t":"P28A"},"CF6":{"t":"C172"},"CF7":{"t":"PA18"},"CF8":{"t":"B738"},"CF9":{"t":"B738"},"CFD":{"t":"B738"},"CFF":{"t":"B738"},"D03":{"t":"PA22"},"D05":{"t":"C182"},"D06":{"t":"C170"},"D07":{"t":"C172"},"D08":{"t":"C172"},"D09":{"t":"BE33"},"D0A":{"t":"AR15"},"D0B":{"t":"AC11"},"D0C":{"t":"L8"},"D0E":{"t":"PA32"},"D0F":{"t":"PA24"},"D10":{"t":"BALL"},"D11":{"t":"C150"},"D12":{"desc":"H1P"},"D14":{"t":"P28A"},"D15":{"t":"C172"},"D16":{"t":"C172"},"D18":{"t":"P28A"},"D1B":{"t":"B738"},"D1D":{"t":"B738"},"D1E":{"t":"PA27"},"D1F":{"t":"PA27"},"D24":{"t":"B738"},"D25":{"desc":"H4E"},"D26":{"t":"C82S"},"D27":{"t":"L8"},"D31":{"t":"P337"},"D32":{"t":"J3"},"D35":{"t":"AA1"},"D36":{"desc":"L1T"},"D37":{"t":"P28R"},"D3B":{"t":"P28A"},"D3E":{"t":"B738"},"D40":{"t":"PA27"},"D43":{"t":"PA18"},"D46":{"t":"PA34"},"D48":{"t":"ULAC"},"D4B":{"t":"RV12"},"D4E":{"t":"C172"},"D50":{"t":"BALL"},"D51":{"t":"AC11"},"D52":{"t":"L8"},"D53":{"t":"BE23"},"D54":{"t":"C182"},"D57":{"t":"C150"},"D59":{"t":"PA27"},"D5A":{"t":"PA32"},"D5B":{"t":"C172"},"D5E":{"t":"P28A"},"D5F":{"t":"C172"},"D69":{"t":"PA27"},"D6A":{"t":"PA18"},"D6C":{"t":"B763"},"D6E":{"t":"PA22"},"D6F":{"t":"C170"},"D70":{"t":"CH7A"},"D71":{"t":"C172"},"D72":{"t":"BE35"},"D73":{"t":"AR15"},"D75":{"t":"L8"},"D7C":{"t":"PA27"},"D81":{"t":"P28A"},"D82":{"t":"C172"},"D83":{"desc":"L1P"},"D89":{"desc":"L1P"},"D8E":{"desc":"H1P"},"D90":{"t":"GLID"},"D91":{"t":"PA22"},"D92":{"desc":"L1P"},"D94":{"t":"C172"},"D96":{"t":"AR15"},"D97":{"t":"P28A"},"D98":{"t":"L8"},"D99":{"desc":"L1P"},"D9A":{"t":"C182"},"D9B":{"t":"GLF4"},"D9E":{"t":"AA1"},"DA1":{"t":"C172"},"DA2":{"t":"C172"},"DA8":{"t":"PA27"},"DA9":{"t":"PA27"},"DAE":{"t":"GLID"},"DAF":{"desc":"L1P"},"DB1":{"desc":"L1P"},"DB4":{"t":"PA22"},"DB6":{"t":"C172"},"DB7":{"t":"C172"},"DBA":{"t":"AC11"},"DC0":{"t":"C150"},"DC3":{"t":"P28A"},"DC5":{"t":"PA11"},"DC7":{"t":"P28R"},"DC8":{"t":"C172"},"DD2":{"t":"PA18"},"DD3":{"t":"PA18"},"DD6":{"t":"DV20"},"DD7":{"t":"M20P"},"DD8":{"t":"PA27"},"DDC":{"t":"SIRA"},"DDF":{"t":"C150"},"DE0":{"desc":"L1P"},"DE1":{"desc":"L1P"},"DE2":{"t":"A321"},"DE3":{"t":"R44"},"DE6":{"desc":"L1P"},"DE7":{"desc":"L1J"},"DE8":{"desc":"L1T"},"DEE":{"desc":"L1P"},"DEF":{"t":"BALL"},"DF2":{"desc":"L1P","t":"ULAC"},"DF4":{"desc":"L1P","t":"ULAC"},"DF6":{"t":"M7"},"DF7":{"desc":"L1P"},"DF8":{"desc":"L1P","t":"ULAC"},"DF9":{"t":"H25B"},"DFF":{"t":"P28A"},"E03":{"desc":"L1P"},"E07":{"desc":"L1P"},"E08":{"t":"C208"},"E09":{"t":"GALX"},"E0A":{"desc":"A1P"},"E0C":{"t":"B350"},"E0E":{"t":"C56X"},"E0F":{"desc":"L1P"},"E11":{"t":"LJ25"},"E12":{"desc":"L1P"},"E15":{"t":"C182"},"E17":{"t":"BT36"},"E18":{"desc":"L4T"},"E19":{"t":"FDCT"},"E1C":{"desc":"L1P"},"E1D":{"t":"BALL"},"E20":{"desc":"L2P"},"E22":{"t":"C182"},"E23":{"t":"BALL"},"E25":{"t":"BE20"},"E26":{"desc":"L1P"},"E27":{"t":"C162"},"E2A":{"t":"C150"},"E2C":{"desc":"H1P"},"E30":{"t":"C172"},"E31":{"t":"BE58"},"E32":{"desc":"L1P"},"E34":{"desc":"L1P"},"E35":{"t":"PA32"},"E3B":{"desc":"L1P"},"E3E":{"t":"HUSK"},"E44":{"t":"C421"},"E45":{"desc":"L1J"},"E50":{"t":"P28A"},"E52":{"t":"O1"},"E53":{"desc":"L1P","t":"ULAC"},"E55":{"t":"P28A"},"E57":{"t":"B763"},"E64":{"t":"GALX"},"E67":{"t":"BE9L"},"E6B":{"t":"GLF5"},"E6D":{"t":"T206"},"E75":{"t":"AS50"},"E76":{"desc":"L1P"},"E77":{"t":"T206"},"E7C":{"t":"T206"},"E85":{"desc":"L1P"},"E92":{"t":"HUSK"},"E95":{"t":"BALL"},"E9E":{"desc":"L2T"},"E9F":{"t":"C337"},"EA0":{"desc":"L1P","t":"ULAC"},"EA1":{"t":"M5"},"EA5":{"desc":"L1P","t":"ULAC"},"EA6":{"t":"PA12"},"EA8":{"desc":"L1P"},"EA9":{"t":"P28A"},"EAE":{"t":"ST75"},"EAF":{"t":"C25B"},"EB6":{"t":"BE35"},"EB8":{"t":"GLEX"},"EBC":{"desc":"L1P"},"EC0":{"t":"ULAC"},"EC2":{"t":"C182"},"EC8":{"t":"B407"},"ECD":{"t":"PA31"},"ED0":{"t":"PA46"},"ED8":{"t":"LJ55"},"ED9":{"desc":"L1P"},"EDB":{"desc":"L1P"},"EDD":{"t":"GLF4"},"EE4":{"t":"C82R"},"EE9":{"t":"DV20"},"EEA":{"t":"BE33"},"EEB":{"desc":"L1P"},"EED":{"t":"C172"},"EEF":{"t":"C310"},"EF0":{"t":"EC35"},"EF4":{"t":"PA30"},"EF8":{"t":"RV12"},"EF9":{"desc":"L1P"},"EFA":{"desc":"L1P"},"EFD":{"t":"GLEX"},"EFF":{"t":"R44"},"F03":{"desc":"L1P"},"F06":{"desc":"H2T"},"F08":{"t":"DA40"},"F0D":{"desc":"L1P"},"F11":{"desc":"L1P"},"F1A":{"desc":"L1P"},"F1B":{"desc":"H6E"},"F1C":{"t":"P28S"},"F1D":{"t":"CH7B"},"F1E":{"t":"T34P"},"F21":{"desc":"H1J"},"F22":{"t":"B412"},"F26":{"t":"S22T"},"F28":{"t":"PA46"},"F2A":{"desc":"L1P"},"F2B":{"desc":"L2P"},"F2F":{"desc":"L1P"},"F36":{"t":"PRM1"},"F44":{"t":"GLEX"},"F4C":{"t":"PA11"},"F4F":{"t":"AC11"},"F51":{"t":"FA7X"},"F54":{"desc":"L1P"},"F55":{"t":"SR20"},"F57":{"t":"HA4T"},"F58":{"t":"C182"},"F59":{"desc":"L1P"},"F5A":{"t":"HDJT"},"F5C":{"t":"AA1"},"F5D":{"t":"S22T"},"F5E":{"desc":"L1P"},"F60":{"desc":"L1P"},"F61":{"desc":"L1P"},"F66":{"desc":"L2T"},"F67":{"t":"SR20"},"F68":{"t":"ULAC"},"F69":{"t":"M7"},"F6A":{"t":"ULAC"},"F6B":{"desc":"L1P"},"F6D":{"t":"R22"},"F73":{"t":"UH1"},"F76":{"t":"GLID"},"F77":{"desc":"L1P"},"F7A":{"t":"C310"},"F7C":{"t":"E75L"},"F7E":{"t":"PA18"},"F7F":{"t":"BE20"},"F80":{"t":"P28B"},"F81":{"t":"C205"},"F83":{"t":"SR20"},"F86":{"t":"AS50"},"F87":{"t":"DA40"},"F8A":{"t":"M20P"},"F90":{"t":"COL4"},"F91":{"t":"TWEN"},"F94":{"t":"DV20"},"FA5":{"t":"A306"},"FB1":{"t":"R44"},"FB2":{"t":"C240"},"FB8":{"desc":"L1T"},"FC9":{"desc":"L1P"},"FCA":{"t":"C208"},"FCD":{"desc":"A1P"},"FCF":{"t":"BE9L"},"FD1":{"t":"BE36"},"FD5":{"t":"RV12"},"FDD":{"desc":"L1P"},"FDE":{"t":"S22T"},"FE2":{"t":"BE33"},"FF3":{"t":"GLID"},"FF8":{"t":"L39"},"FFB":{"t":"WACF"}}