{"014":{"desc":"L2T"},"01F":{"desc":"L1P"},"026":{"desc":"L1P"},"02F":{"t":"L8"},"032":{"t":"CH7A"},"034":{"t":"BE33"},"035":{"t":"AR15"},"039":{"t":"C182"},"03B":{"t":"PA23"},"03C":{"t":"C150"},"03D":{"desc":"L1P"},"041":{"t":"C172"},"043":{"t":"P28R"},"044":{"t":"C172"},"046":{"t":"WACF"},"048":{"desc":"L1P"},"049":{"t":"PA18"},"04A":{"t":"PA18"},"04B":{"t":"PA18"},"04C":{"t":"C82S"},"04D":{"desc":"L1P"},"04F":{"t":"PA18"},"050":{"desc":"L1P"},"051":{"t":"PA22"},"052":{"t":"PA18"},"053":{"t":"ST75"},"054":{"t":"PA18"},"055":{"t":"C185"},"056":{"t":"C172"},"05B":{"t":"BE23"},"05C":{"t":"C182"},"063":{"t":"C172"},"064":{"t":"C172"},"065":{"t":"B06"},"069":{"t":"PA18"},"06B":{"t":"PA18"},"06C":{"t":"PA18"},"06D":{"t":"PA18"},"06E":{"t":"PA18"},"06F":{"t":"PA18"},"071":{"t":"PA18"},"072":{"t":"PA18"},"075":{"t":"L8"},"076":{"t":"SR20"},"078":{"t":"C182"},"07C":{"t":"AC11"},"07E":{"t":"BE23"},"07F":{"t":"PA23"},"080":{"t":"J3"},"085":{"t":"P28A"},"087":{"t":"J3"},"08A":{"t":"C172"},"08B":{"desc":"L1P"},"08D":{"t":"PA18"},"08F":{"t":"PA18"},"092":{"t":"PA18"},"093":{"t":"PA18"},"095":{"t":"PA18"},"09A":{"t":"C170"},"09C":{"t":"C172"},"09E":{"t":"AR15"},"0A0":{"desc":"L1P"},"0A2":{"t":"C182"},"0A6":{"t":"AA1"},"0A7":{"t":"C172"},"0A8":{"t":"P28R"},"0AB":{"desc":"H1T"},"0AC":{"t":"P28A"},"0AE":{"desc":"L1P"},"0B1":{"t":"PA18"},"0B2":{"t":"PA18"},"0B8":{"desc":"L1P"},"0BB":{"t":"L8"},"0BC":{"t":"PA22"},"0BD":{"t":"C170"},"0BF":{"t":"C172"},"0C0":{"t":"BE33"},"0C2":{"t":"AC11"},"0C4":{"t":"BE23"},"0C5":{"t":"ST75"},"0C9":{"t":"AA1"},"0CB":{"t":"P28R"},"0D0":{"t":"C172"},"0D1":{"desc":"L1P"},"0D2":{"t":"PA27"},"0DC":{"t":"BALL"},"0DE":{"t":"L8"},"0E6":{"t":"L8"},"0EB":{"t":"C150"},"0ED":{"t":"C182"},"0EE":{"t":"PA32"},"0F3":{"t":"C172"},"0F5":{"t":"PA27"},"0FF":{"desc":"L1P"},"100":{"t":"BE36"},"103":{"t":"C170"},"104":{"t":"CH7A"},"108":{"t":"AC11"},"10C":{"t":"J3"},"10F":{"desc":"L1P"},"111":{"t":"PA34"},"112":{"t":"C172"},"11D":{"t":"PA18"},"120":{"t":"PA27"},"123":{"t":"BE35"},"126":{"t":"C170"},"128":{"t":"C172"},"129":{"t":"BE35"},"12A":{"t":"P32R"},"12C":{"t":"COL4"},"131":{"t":"C150"},"132":{"t":"C82S"},"134":{"t":"P28A"},"136":{"t":"C172"},"13E":{"desc":"L1P"},"142":{"desc":"L1P"},"143":{"desc":"L1P"},"144":{"t":"PA27"},"145":{"t":"A321"},"148":{"t":"C177"},"149":{"t":"C170"},"14A":{"t":"CH7A"},"14B":{"t":"C172"},"14E":{"t":"AC11"},"152":{"t":"J3"},"153":{"t":"PA23"},"154":{"t":"C150"},"155":{"t":"AA1"},"156":{"t":"C182"},"157":{"desc":"L1T","t":"PA46"},"158":{"t":"C172"},"15C":{"t":"C172"},"164":{"t":"PA27"},"169":{"t":"B763"},"16B":{"t":"COL4"},"16E":{"t":"C172"},"171":{"t":"AC11"},"172":{"t":"L8"},"17B":{"t":"C172"},"17E":{"t":"P28A"},"17F":{"t":"C172"},"185":{"t":"PA27"},"186":{"t":"PA18"},"187":{"t":"B14A"},"188":{"t":"FA24"},"189":{"t":"PA14"},"18C":{"t":"BE35"},"18D":{"t":"DV20"},"18E":{"t":"GLF4"},"18F":{"desc":"L1P"},"191":{"desc":"L1P"},"192":{"t":"R44"},"194":{"t":"R44"},"196":{"t":"R44"},"197":{"t":"C25B"},"198":{"t":"P28A"},"199":{"t":"A321"},"19C":{"t":"C172"},"19D":{"t":"PA31"},"1A2":{"t":"R44"},"1A4":{"desc":"L1P"},"1A5":{"t":"FDCT"},"1A6":{"t":"BALL"},"1A7":{"desc":"L1P","t":"ULAC"},"1A8":{"t":"CH7B"},"1AB":{"t":"C172"},"1AD":{"t":"B06"},"1AE":{"desc":"L1P","t":"ULAC"},"1B0":{"desc":"L1P"},"1B5":{"t":"L8"},"1B6":{"t":"CL60"},"1B9":{"t":"R44"},"1BA":{"t":"R44"},"1BC":{"t":"M20P"},"1BD":{"t":"R44"},"1BF":{"t":"C650"},"1C1":{"t":"AA5"},"1C2":{"t":"R44"},"1C5":{"desc":"A1P"},"1C6":{"t":"EC45"},"1C9":{"t":"R44"},"1CB":{"t":"PA27"},"1CE":{"t":"C150"},"1CF":{"desc":"L4T"},"1D0":{"t":"P28A"},"1D3":{"desc":"L1P"},"1D7":{"t":"C180"},"1D9":{"desc":"L1P"},"1DA":{"t":"B752"},"1DC":{"desc":"L1P"},"1DD":{"desc":"L1P"},"1DE":{"desc":"L1P"},"1DF":{"t":"CH7B"},"1E0":{"t":"R44"},"1E1":{"desc":"A1P"},"1E3":{"t":"R44"},"1E4":{"desc":"L1P"},"1E5":{"desc":"L1P"},"1E8":{"t":"R44"},"1EB":{"desc":"L1P"},"1ED":{"desc":"L1P"},"1EF":{"t":"R44"},"1F0":{"desc":"L1P"},"1F2":{"t":"M20T"},"1F3":{"desc":"L1P"},"1F8":{"t":"R44"},"1FC":{"desc":"L1J"},"201":{"t":"R44"},"206":{"desc":"A1P"},"208":{"t":"P32T"},"209":{"t":"BE35"},"20A":{"desc":"L1P","t":"ULAC"},"20E":{"t":"B763"},"211":{"t":"F900"},"222":{"t":"T206"},"226":{"t":"R44"},"229":{"t":"R44"},"22A":{"t":"R44"},"22E":{"t":"BE35"},"230":{"desc":"L1P"},"23B":{"desc":"A2P"},"23C":{"t":"UH12"},"249":{"t":"PA46"},"24B":{"desc":"L1P"},"24F":{"desc":"L1P"},"258":{"t":"R44"},"25B":{"t":"R44"},"25C":{"t":"C180"},"25D":{"t":"R44"},"25E":{"t":"PA34"},"265":{"t":"BE40"},"266":{"t":"TBM7"},"269":{"t":"PA22"},"26D":{"t":"BE36"},"26E":{"t":"GLID"},"277":{"t":"GLF5"},"278":{"desc":"L1P"},"27E":{"t":"AT3T"},"27F":{"desc":"L1P"},"287":{"desc":"L1P"},"289":{"desc":"L1P"},"28A":{"desc":"L1P"},"28B":{"desc":"H1P"},"28E":{"desc":"L2P"},"292":{"t":"BE35"},"294":{"t":"PA18"},"296":{"t":"R44"},"297":{"t":"GLID"},"29B":{"desc":"L1P"},"29F":{"t":"PA38"},"2A0":{"t":"B407"},"2A1":{"desc":"L1P"},"2A2":{"t":"P28A"},"2A3":{"desc":"L1P"},"2A4":{"t":"C172"},"2A6":{"t":"BRAV"},"2A7":{"t":"CL60"},"2AA":{"desc":"L1P"},"2AB":{"desc":"L1P"},"2AC":{"t":"R44"},"2AD":{"t":"M20P"},"2AF":{"desc":"L1P"},"2BA":{"t":"BE18"},"2BD":{"desc":"H2T"},"2C9":{"desc":"L1P","t":"ULAC"},"2D1":{"desc":"L1P"},"2D2":{"t":"C750"},"2D4":{"t":"R44"},"2D5":{"t":"R44"},"2D8":{"t":"R44"},"2D9":{"t":"H269"},"2DB":{"t":"GLF4"},"2DC":{"t":"PAY4"},"2DD":{"desc":"L1P"},"2DF":{"t":"R44"},"2E3":{"t":"BE36"},"2E6":{"t":"C172"},"2E9":{"desc":"L1P"},"2EA":{"desc":"L1P"},"2EC":{"desc":"L1P"},"303":{"t":"BE35"},"304":{"desc":"L1P"},"306":{"t":"BE55"},"307":{"desc":"L1P"},"309":{"t":"R44"},"30B":{"t":"R44"},"30F":{"desc":"L1P"},"311":{"t":"R44"},"316":{"t":"PA44"},"317":{"desc":"L1P"},"318":{"desc":"L1P"},"31C":{"t":"GA5C"},"31E":{"t":"BE33"},"320":{"desc":"L1P"},"323":{"t":"R44"},"324":{"desc":"L1P"},"325":{"t":"AEST"},"327":{"desc":"A2P"},"328":{"t":"BALL"},"32C":{"t":"R44"},"331":{"t":"B06"},"333":{"t":"E75L"},"335":{"t":"GLID"},"338":{"t":"PA38"},"339":{"t":"BE36"},"33A":{"t":"SR22"},"33D":{"desc":"L1P"},"340":{"t":"PA24"},"341":{"desc":"L1P"},"343":{"t":"AC11"},"347":{"t":"R44"},"349":{"t":"B06"},"34B":{"t":"DV20"},"35C":{"t":"A306"},"367":{"desc":"L1P","t":"ULAC"},"368":{"t":"RV14"},"369":{"t":"C240"},"36E":{"t":"R44"},"36F":{"desc":"L1P"},"379":{"desc":"L1P"},"380":{"t":"GLID"},"381":{"t":"R44"},"382":{"t":"R44"},"387":{"t":"PA18"},"38A":{"t":"R44"},"38B":{"desc":"L1P"},"38E":{"t":"T210"},"392":{"t":"R44"},"399":{"desc":"L1P"},"3A4":{"t":"C56X"},"3A7":{"desc":"L1P"},"3AF":{"t":"L39"},"3B2":{"t":"WACF"},"3B6":{"t":"C25A"},"3DF":{"t":"C550"},"3E7":{"t":"PA22"},"3E9":{"t":"C182"},"3EE":{"t":"L8"},"3EF":{"t":"R44"},"3F0":{"desc":"L1P"},"3F3":{"t":"C150"},"3F4":{"t":"BE55"},"3F5":{"t":"C182"},"3F9":{"t":"C25C"},"3FA":{"t":"PA24"},"3FC":{"t":"C56X"},"3FE":{"t":"PA27"},"401":{"t":"GLID"},"404":{"t":"C185"},"406":{"t":"BE17"},"408":{"desc":"L1P"},"409":{"t":"L8"},"40A":{"t":"PA20"},"40D":{"t":"C172"},"40F":{"t":"AR15"},"412":{"t":"BE23"},"414":{"t":"J3"},"415":{"t":"C172"},"416":{"t":"C150"},"418":{"t":"C182"},"41B":{"t":"C172"},"423":{"t":"BE17"},"427":{"t":"BE17"},"428":{"t":"O1"},"429":{"desc":"L1P"},"42A":{"t":"C182"},"42B":{"desc":"L1P"},"42C":{"t":"L8"},"42D":{"t":"C177"},"42E":{"t":"C182"},"42F":{"t":"COL4"},"434":{"t":"L8"},"436":{"t":"C182"},"438":{"desc":"L1P"},"439":{"t":"C150"},"43B":{"t":"C182"},"43C":{"t":"P28A"},"43D":{"t":"C172"},"443":{"t":"L13M"},"447":{"desc":"L1P"},"44C":{"desc":"L1P"},"451":{"desc":"L1P"},"452":{"t":"C172"},"453":{"t":"C172"},"454":{"t":"BE33"},"459":{"t":"C182"},"45C":{"t":"C150"},"45D":{"t":"AA1"},"45F":{"t":"COL3"},"461":{"t":"C172"},"471":{"t":"P337"},"473":{"t":"C172"},"476":{"t":"C172"},"477":{"t":"BE35"},"478":{"desc":"S1P","t":"AR15"},"479":{"t":"AC11"},"47B":{"t":"BE23"},"47C":{"t":"BE33"},"47D":{"t":"COL4"},"47F":{"t":"C150"},"480":{"t":"AA1"},"481":{"t":"C182"},"485":{"t":"J3"},"486":{"t":"P28R"},"487":{"t":"C172"},"48A":{"t":"O1"},"48B":{"t":"O1"},"48C":{"desc":"L1P"},"493":{"desc":"L1P"},"498":{"t":"C172"},"499":{"t":"C172"},"49B":{"t":"P32R"},"49D":{"t":"L8"},"49E":{"t":"BE23"},"4A1":{"desc":"L1P"},"4A4":{"t":"C182"},"4A5":{"t":"P28R"},"4A7":{"t":"C172"},"4AA":{"t":"C172"},"4B2":{"t":"COL4"},"4B3":{"t":"C172"},"4B4":{"t":"BE17"},"4B9":{"t":"SR22"},"4BB":{"t":"CH7A"},"4BD":{"t":"BE33"},"4C0":{"desc":"L1P"},"4C5":{"t":"C150"},"4CC":{"t":"P28A"},"4CD":{"t":"C172"},"4CF":{"t":"C172"},"4DB":{"t":"L8"},"4DC":{"t":"SR22"},"4DD":{"t":"C170"},"4DF":{"t":"C172"},"4E0":{"t":"BE33"},"4E1":{"t":"P28A"},"4E2":{"t":"AC11"},"4E3":{"desc":"L1P"},"4E4":{"t":"T206"},"4EA":{"t":"C182"},"4EB":{"t":"P28R"},"4EE":{"desc":"L1P"},"4EF":{"t":"P28A"},"4F1":{"desc":"L1P"},"4F2":{"desc":"L1P"},"4F4":{"t":"C182"},"4F7":{"desc":"L1P"},"4FE":{"t":"L8"},"501":{"t":"CH7A"},"503":{"t":"BE35"},"504":{"t":"AR15"},"505":{"t":"AC11"},"506":{"t":"L8"},"50B":{"t":"C150"},"50C":{"t":"AA1"},"50D":{"t":"C182"},"510":{"t":"C172"},"512":{"t":"P28A"},"514":{"t":"C172"},"516":{"desc":"L1P"},"517":{"desc":"L1P"},"518":{"t":"M20P"},"51A":{"desc":"L1P"},"51B":{"desc":"L1P"},"51D":{"desc":"L1P"},"51F":{"desc":"L1P"},"521":{"t":"L8"},"522":{"t":"C172"},"524":{"t":"C172"},"525":{"t":"C172"},"526":{"t":"BE55"},"528":{"t":"AC11"},"52E":{"t":"C150"},"532":{"t":"C172"},"533":{"t":"C172"},"534":{"t":"B47G"},"541":{"t":"CH7A"},"544":{"t":"P28U"},"545":{"t":"PA25"},"546":{"t":"BL8"},"549":{"t":"BE9L"},"54B":{"desc":"H1T"},"54C":{"t":"SR22"},"54E":{"t":"H500"},"550":{"t":"A321"},"551":{"t":"LJ45"},"554":{"desc":"L1P"},"558":{"t":"SR20"},"55B":{"t":"BE18"},"55C":{"t":"BL17"},"55D":{"t":"BALL"},"55E":{"desc":"L1P"},"55F":{"t":"BL8"},"562":{"desc":"L1P","t":"ULAC"},"575":{"t":"PA18"},"576":{"t":"EC35"},"579":{"t":"SR20"},"57A":{"t":"GLID"},"57C":{"t":"C25B"},"57D":{"t":"EC45"},"580":{"t":"EC45"},"581":{"t":"LJ45"},"583":{"t":"C421"},"586":{"desc":"L4T"},"587":{"t":"FDCT"},"58E":{"t":"BE55"},"58F":{"desc":"H1T","t":"A139"},"595":{"desc":"L1P"},"598":{"t":"T28"},"599":{"desc":"L1P"},"5A1":{"t":"EC45"},"5A2":{"desc":"H2T"},"5A3":{"t":"ULAC"},"5A8":{"t":"EA50"},"5AA":{"t":"EC45"},"5B0":{"t":"SR22"},"5B2":{"desc":"H2T"},"5B3":{"desc":"L1J"},"5B5":{"t":"E145"},"5B7":{"desc":"L1P"},"5BD":{"t":"BALL"},"5C5":{"t":"B763"},"5C8":{"t":"EC45"},"5D1":{"desc":"L2T"},"5D9":{"desc":"H2T"},"5DA":{"desc":"L1P"},"5DB":{"desc":"L1P"},"5DF":{"t":"EC45"},"5E3":{"t":"RV12"},"5F2":{"desc":"L1P"},"5F4":{"desc":"H4E"},"5F5":{"t":"EC45"},"5FA":{"t":"EC45"},"5FE":{"desc":"H2T"},"5FF":{"t":"EC45"},"600":{"t":"HUSK"},"602":{"desc":"L1P"},"60B":{"desc":"L2P"},"60C":{"t":"LJ45"},"60D":{"desc":"L1P"},"612":{"desc":"L1P"},"615":{"t":"C180"},"617":{"t":"BE35"},"620":{"desc":"H1T","t":"S92"},"625":{"t":"C208"},"62A":{"desc":"L1P"},"62E":{"t":"C560"},"63E":{"t":"AT6T"},"63F":{"t":"BALL"},"640":{"desc":"H1P"},"642":{"desc":"L1P","t":"ULAC"},"643":{"t":"EC45"},"645":{"desc":"L2P"},"647":{"t":"BALL"},"649":{"desc":"L1P"},"64B":{"t":"ASTR"},"64D":{"t":"LJ45"},"654":{"t":"P28A"},"656":{"t":"BE35"},"657":{"desc":"H1T"},"659":{"t":"EC45"},"65A":{"desc":"L1P"},"65B":{"t":"C172"},"65D":{"t":"GLF5"},"65E":{"desc":"H2T"},"661":{"t":"C172"},"666":{"t":"BE9T"},"66B":{"t":"LJ45"},"66F":{"t":"ST75"},"672":{"t":"EC45"},"674":{"desc":"H2T"},"676":{"t":"EC45"},"677":{"t":"BALL"},"679":{"t":"EC45"},"67F":{"t":"EN48"},"688":{"t":"C172"},"68B":{"desc":"L1P"},"68C":{"t":"R44"},"68F":{"t":"SR20"},"691":{"t":"LJ45"},"693":{"t":"C206"},"694":{"t":"SR22"},"698":{"t":"EC30"},"6B2":{"t":"GLEX"},"6BC":{"t":"ULAC"},"6BD":{"desc":"A1P"},"6C2":{"desc":"L1P"},"6C4":{"t":"TBM7"},"6C5":{"t":"J3"},"6CC":{"t":"GLF4"},"6CE":{"desc":"L1P"},"6CF":{"t":"CH7A"},"6D3":{"desc":"L2P"},"6D4":{"desc":"L2P"},"6D5":{"desc":"L1P"},"6D6":{"desc":"L2P"},"6D7":{"t":"EC45"},"6D9":{"t":"C25A"},"6DB":{"t":"C208"},"6DC":{"t":"EC45"},"6DE":{"t":"P180"},"6DF":{"t":"EC45"},"6E4":{"t":"GLID"},"6E6":{"t":"EC45"},"6E8":{"t":"C310"},"6EA":{"t":"E75L"},"6EB":{"t":"EC45"},"6EC":{"desc":"L1P"},"6ED":{"t":"C500"},"6F4":{"t":"AS50"},"6F5":{"t":"EC45"},"6F9":{"t":"EC45"},"6FD":{"t":"BE36"},"6FE":{"t":"C402"},"702":{"t":"EC45"},"708":{"t":"EC45"},"713":{"t":"A306"},"71A":{"t":"EC45"},"71E":{"t":"C195"},"723":{"t":"DH8D"},"725":{"t":"LJ45"},"737":{"t":"ULAC"},"738":{"t":"C208"},"739":{"desc":"L1P"},"73A":{"t":"EC45"},"73D":{"t":"SW4"},"741":{"desc":"L1P"},"743":{"desc":"L1P"},"749":{"desc":"L1P"},"74C":{"t":"PA44"},"750":{"t":"BE55"},"75B":{"t":"LJ45"},"75E":{"desc":"H2T"},"761":{"t":"GLID"},"769":{"t":"RV12"},"782":{"desc":"L2T"},"79D":{"t":"BE36"},"79E":{"t":"T210"},"7A3":{"t":"AR15"},"7A6":{"t":"BE23"},"7A7":{"t":"C206"},"7AB":{"t":"P28R"},"7AC":{"t":"C182"},"7AD":{"t":"P28A"},"7AE":{"t":"C172"},"7AF":{"t":"C172"},"7B0":{"desc":"A1P"},"7B1":{"t":"PA32"},"7B2":{"t":"C172"},"7B5":{"t":"GLID"},"7BE":{"t":"PA18"},"7C2":{"t":"P51"},"7C4":{"t":"C172"},"7C5":{"t":"BE55"},"7C6":{"t":"AR15"},"7C7":{"t":"AC11"},"7C8":{"t":"L8"},"7CA":{"t":"C182"},"7CF":{"desc":"H1P"},"7D1":{"t":"C172"},"7D4":{"t":"PA34"},"7D7":{"t":"C82S"},"7DA":{"t":"C82S"},"7E4":{"t":"SR22"},"7E6":{"t":"CH7A"},"7E7":{"t":"C172"},"7E8":{"t":"BE33"},"7E9":{"t":"AR15"},"7EA":{"desc":"L1P"},"7EE":{"t":"J3"},"7EF":{"t":"PA23"},"7F1":{"t":"AA1"},"7F3":{"t":"PA32"},"7F4":{"t":"C172"},"7F6":{"t":"COL4"},"7F8":{"t":"C172"},"7FF":{"desc":"L1P"},"806":{"t":"L8"},"80A":{"desc":"L1P","t":"ULAC"},"811":{"t":"J3"},"814":{"t":"AA1"},"815":{"t":"C182"},"817":{"t":"C172"},"81B":{"t":"C172"},"81F":{"desc":"L1P"},"822":{"desc":"L1P"},"824":{"desc":"L1P"},"825":{"desc":"L1P"},"829":{"t":"L8"},"82A":{"t":"C177"},"82B":{"t":"COL4"},"82E":{"t":"BE35"},"82F":{"t":"GLF6"},"835":{"t":"PA23"},"836":{"t":"C206"},"838":{"t":"C182"},"83A":{"t":"C172"},"83B":{"t":"C172"},"83C":{"desc":"L1P"},"83D":{"t":"P28A"},"83E":{"t":"C172"},"83F":{"desc":"L1P"},"842":{"t":"E145"},"84A":{"desc":"L1P"},"84C":{"t":"L8"},"84D":{"t":"C177"},"84E":{"t":"C170"},"851":{"t":"BE35"},"852":{"t":"AR15"},"857":{"t":"J3"},"858":{"t":"PA23"},"859":{"t":"C150"},"85A":{"t":"C82S"},"85C":{"desc":"L1T"},"85E":{"t":"C172"},"860":{"t":"P28R"},"862":{"desc":"L1P"},"863":{"desc":"L1P"},"865":{"desc":"L1P"},"868":{"desc":"L1P"},"869":{"desc":"L1P"},"86B":{"t":"E145"},"86D":{"desc":"L1P"},"86E":{"t":"PA22"},"86F":{"t":"L8"},"870":{"t":"PA18"},"871":{"t":"C82S"},"873":{"t":"C172"},"875":{"t":"AR15"},"876":{"t":"AC11"},"87A":{"t":"J3"},"87E":{"t":"C182"},"883":{"t":"P28R"},"884":{"t":"C172"},"887":{"t":"BALL"},"888":{"t":"E145"},"88E":{"t":"E145"},"892":{"desc":"A1P","t":"ULAC"},"893":{"t":"SR22"},"895":{"t":"CH7A"},"896":{"t":"C172"},"899":{"t":"AC11"},"89C":{"t":"C206"},"8A2":{"t":"P28A"},"8A4":{"t":"C172"},"8A9":{"t":"E145"},"8AA":{"desc":"L1P"},"8AB":{"desc":"L1P"},"8AC":{"t":"E145"},"8AD":{"desc":"L1P"},"8B3":{"desc":"L1P"},"8B5":{"t":"L8"},"8B6":{"t":"PA18"},"8B9":{"t":"C172"},"8BA":{"t":"BE33"},"8BB":{"t":"T206"},"8BC":{"t":"AC11"},"8C0":{"t":"J3"},"8C1":{"t":"PA23"},"8C3":{"t":"AA1"},"8C7":{"t":"C172"},"8CA":{"t":"C172"},"8CC":{"desc":"L1P"},"8D1":{"desc":"L1P"},"8D4":{"desc":"L1P"},"8D6":{"t":"B350"},"8D7":{"t":"GLF4"},"8D8":{"t":"L8"},"8DB":{"t":"C172"},"8DC":{"t":"C172"},"8DD":{"t":"BE35"},"8DE":{"t":"AR15"},"8E2":{"t":"C206"},"8E3":{"t":"J3"},"8EA":{"t":"C172"},"8ED":{"t":"C172"},"8EE":{"t":"GLID"},"8F1":{"desc":"L1P"},"8FB":{"t":"A321"},"8FD":{"t":"C172"},"901":{"t":"SIRA"},"902":{"desc":"H2T"},"903":{"desc":"L1P"},"904":{"desc":"L1P"},"905":{"t":"S22T"},"906":{"desc":"L1P"},"90A":{"t":"C510"},"90C":{"desc":"L1J"},"90E":{"t":"P28A"},"914":{"t":"CL60"},"915":{"desc":"L1P"},"916":{"desc":"L1P","t":"ULAC"},"917":{"desc":"L1P"},"919":{"desc":"L1P","t":"ULAC"},"91A":{"t":"GLF4"},"91B":{"desc":"H1P"},"921":{"t":"BE33"},"926":{"t":"PA46"},"928":{"desc":"L1P"},"92C":{"t":"BE55"},"92D":{"desc":"L1P"},"92E":{"t":"EC20"},"92F":{"desc":"A1P"},"930":{"desc":"L1P","t":"ULAC"},"938":{"t":"ST75"},"93A":{"desc":"L1P"},"93D":{"desc":"L4T"},"93E":{"t":"FDCT"},"944":{"desc":"L1P"},"945":{"t":"BE35"},"946":{"desc":"L1P"},"947":{"t":"P32R"},"948":{"t":"PA31"},"94B":{"desc":"L1P"},"94C":{"t":"PA46"},"94F":{"desc":"L1P"},"950":{"desc":"L1P"},"955":{"t":"DV20"},"956":{"t":"GLID"},"95E":{"t":"C182"},"95F":{"t":"EA50"},"961":{"desc":"L1P"},"96A":{"desc":"L1J"},"970":{"t":"UH12"},"974":{"t":"F900"},"977":{"t":"C182"},"97A":{"t":"C206"},"97C":{"t":"B763"},"989":{"t":"C140"},"993":{"desc":"L1P"},"9A1":{"t":"SR22"},"9A5":{"t":"C425"},"9AA":{"t":"EA50"},"9AC":{"t":"EC45"},"9B0":{"t":"HUSK"},"9B1":{"desc":"H2T"},"9C2":{"t":"PA31"},"9C4":{"t":"AC11"},"9C5":{"desc":"A1P"},"9C7":{"t":"PRM1"},"9C8":{"t":"H25B"},"9CB":{"t":"SR20"},"9CD":{"desc":"L1P"},"9CE":{"desc":"L1P"},"9CF":{"desc":"L1P"},"9D0":{"t":"DA40"},"9D7":{"t":"P28A"},"9E1":{"desc":"L1P"},"9F6":{"t":"BALL"},"9F7":{"t":"BE20"},"9FC":{"t":"P28R"},"9FF":{"desc":"L1P"},"A09":{"t":"P28B"},"A0D":{"t":"PA12"},"A0E":{"t":"BL8"},"A0F":{"t":"PA32"},"A19":{"t":"C525"},"A1B":{"desc":"L1P"},"A1E":{"t":"PA46"},"A22":{"desc":"L1P","t":"TB0"},"A29":{"t":"PA46"},"A2B":{"t":"C182"},"A3F":{"t":"PA24"},"A42":{"t":"PC12"},"A47":{"t":"A139"},"A49":{"desc":"L1P"},"A4B":{"desc":"L1T","t":"M600"},"A4E":{"t":"CRJ9"},"A51":{"t":"P28A"},"A69":{"t":"GLEX"},"A74":{"desc":"L1P","t":"ULAC"},"A75":{"t":"DC3"},"A77":{"t":"PA46"},"A78":{"t":"BALL"},"A7D":{"t":"ULAC"},"A85":{"desc":"L1P"},"A8A":{"desc":"L1P"},"A8B":{"desc":"L2T"},"A8C":{"t":"SR22"},"A8D":{"t":"PA32"},"A8E":{"desc":"L1P"},"A91":{"t":"R44"},"A92":{"t":"B06"},"A93":{"desc":"H4E"},"A95":{"t":"P180"},"A96":{"t":"C25A"},"A98":{"t":"B06"},"A9A":{"desc":"A1P","t":"ULAC"},"A9B":{"t":"GLID"},"A9C":{"t":"PA46"},"A9F":{"t":"PA32"},"AA1":{"t":"E75L"},"AA3":{"t":"PA18"},"AA4":{"t":"BT36"},"AA5":{"t":"BRAV"},"AA6":{"t":"C172"},"AAB":{"t":"AS50"},"AAC":{"t":"C421"},"AAF":{"t":"J3"},"AB1":{"t":"SIRA"},"AB4":{"t":"DA40"},"ABA":{"desc":"L1P"},"ABC":{"desc":"L1P"},"ABD":{"t":"GLID"},"ACA":{"t":"A306"},"AD5":{"t":"C120"},"AD7":{"t":"C240"},"AEE":{"desc":"L1P"},"AF0":{"desc":"L1P"},"AF6":{"t":"C182"},"AFA":{"t":"C208"},"B07":{"t":"PA32"},"B12":{"t":"LJ45"},"B20":{"t":"C180"},"B31":{"t":"C170"},"B36":{"desc":"L1P"},"B39":{"t":"BE58"},"B3F":{"t":"PA46"},"B55":{"t":"PA18"},"B58":{"t":"C172"},"B5A":{"t":"AR15"},"B5B":{"t":"AC11"},"B60":{"t":"PA23"},"B64":{"t":"T206"},"B66":{"t":"C172"},"B68":{"t":"P28A"},"B71":{"desc":"L1P"},"B72":{"t":"WACF"},"B73":{"desc":"L1P"},"B7A":{"t":"C172"},"B7B":{"desc":"L1P"},"B7D":{"t":"P28A"},"B7E":{"t":"AC11"},"B84":{"t":"C150"},"B85":{"t":"AA1"},"B87":{"t":"P28A"},"B88":{"t":"C172"},"B8A":{"desc":"H1T","t":"B47G"},"B8F":{"desc":"L1P"},"B93":{"desc":"L1P"},"B95":{"desc":"L1P"},"B9C":{"t":"C170"},"B9E":{"t":"C172"},"BA0":{"t":"AR15"},"BA1":{"t":"AC11"},"BA3":{"t":"BE23"},"BA5":{"t":"C82S"},"BA9":{"t":"C182"},"BAA":{"t":"P28A"},"BAE":{"t":"P28A"},"BB1":{"desc":"L1P"},"BB2":{"desc":"L1P"},"BB4":{"t":"C172"},"BB8":{"desc":"L1P"},"BBB":{"desc":"L1P"},"BBD":{"t":"L8"},"BBE":{"t":"SR20"},"BBF":{"t":"C170"},"BC0":{"t":"C172"},"BC1":{"t":"C172"},"BC3":{"t":"P28S"},"BC4":{"desc":"L1P"},"BC5":{"t":"L8"},"BC6":{"t":"BE23"},"BC8":{"t":"J3"},"BC9":{"t":"PA23"},"BCD":{"t":"P28A"},"BD5":{"desc":"H1P"},"BD6":{"desc":"L1P"},"BDB":{"t":"UH12"},"BE1":{"t":"C172"},"BE3":{"t":"C172"},"BE5":{"t":"BE33"},"BE6":{"t":"AR15"},"BEB":{"t":"J3"},"BEF":{"t":"C182"},"BF0":{"t":"P28A"},"BF4":{"t":"P28A"},"BF7":{"desc":"L1P"},"BFD":{"desc":"L1P"},"BFE":{"desc":"L1P"},"C01":{"desc":"L1P"},"C02":{"t":"PA22"},"C03":{"t":"C82S"},"C05":{"t":"C170"},"C06":{"t":"C172"},"C09":{"t":"P28B"},"C0A":{"t":"AC11"},"C0C":{"t":"BE23"},"C0D":{"t":"C206"},"C0F":{"t":"PA23"},"C11":{"t":"ULAC"},"C13":{"t":"PA32"},"C1A":{"desc":"L1P"},"C23":{"desc":"L1P"},"C24":{"desc":"L1P"},"C27":{"t":"PA18"},"C2A":{"t":"C172"},"C2D":{"t":"AC11"},"C2F":{"t":"BE23"},"C30":{"t":"C206"},"C31":{"t":"J3"},"C35":{"t":"C182"},"C37":{"t":"C172"},"C38":{"t":"C172"},"C46":{"t":"C172"},"C47":{"desc":"L1P"},"C49":{"t":"L8"},"C4A":{"t":"PA18"},"C4D":{"t":"C185"},"C57":{"t":"AA1"},"C59":{"t":"P28A"},"C5B":{"t":"C172"},"C5D":{"t":"PA34"},"C69":{"desc":"L1P"},"C6A":{"desc":"L1P"},"C6D":{"t":"SR22"},"C6E":{"t":"C170"},"C6F":{"t":"C172"},"C75":{"t":"BE23"},"C76":{"t":"C206"},"C77":{"t":"J3"},"C7C":{"t":"P28R"},"C7E":{"t":"C172"},"C83":{"t":"BL17"},"C84":{"t":"BL17"},"C87":{"desc":"L1P"},"C8A":{"t":"BL17"},"C8E":{"t":"PA22"},"C93":{"t":"C185"},"C94":{"t":"BE55"},"C95":{"desc":"A1P"},"C98":{"t":"BE23"},"C9A":{"t":"J3"},"C9E":{"t":"C182"},"C9F":{"t":"P28R"},"CA2":{"t":"COL4"},"CA5":{"desc":"L1P"},"CA6":{"t":"BL17"},"CA7":{"t":"BL17"},"CAB":{"t":"BL17"},"CAD":{"desc":"L1P"},"CB0":{"t":"GLID"},"CB2":{"t":"A321"},"CB3":{"t":"FA24"},"CB8":{"t":"B06"},"CB9":{"t":"B47G"},"CBA":{"t":"C82S"},"CBD":{"desc":"L1P"},"CC1":{"desc":"H1P"},"CC2":{"desc":"L1P"},"CC3":{"desc":"L1J"},"CC9":{"desc":"L2T","t":"DC3"},"CCD":{"t":"BL8"},"CCE":{"desc":"L1P"},"CD0":{"desc":"L1P","t":"ULAC"},"CD3":{"t":"BE40"},"CD5":{"t":"PA18"},"CDA":{"desc":"L1P"},"CE2":{"t":"PA34"},"CE6":{"t":"P28U"},"CE7":{"t":"SR20"},"CE8":{"t":"C82S"},"CEA":{"t":"B47G"},"CEC":{"t":"F2TH"},"CEF":{"desc":"L1P"},"CF1":{"desc":"L1P"},"CF4":{"desc":"L4T"},"CF5":{"t":"FDCT"},"CF7":{"desc":"L1P"},"CFF":{"desc":"L2P"},"D01":{"desc":"A1P"},"D02":{"desc":"L1P"},"D03":{"t":"ULAC"},"D06":{"desc":"A1P"},"D07":{"desc":"L1P"},"D0A":{"t":"B47G"},"D0D":{"desc":"L1P"},"D0E":{"t":"BE36"},"D11":{"desc":"A1P"},"D17":{"t":"M20P"},"D18":{"t":"PA27"},"D21":{"desc":"L1J"},"D27":{"t":"BE33"},"D2A":{"desc":"L1P"},"D2E":{"desc":"L2P"},"D31":{"t":"P28A"},"D33":{"t":"B763"},"D35":{"t":"T6"},"D37":{"t":"FA7X"},"D43":{"desc":"L1P"},"D47":{"t":"P28A"},"D4A":{"desc":"L1P"},"D4E":{"t":"BE55"},"D50":{"t":"BE20"},"D59":{"t":"SR22"},"D5C":{"t":"T206"},"D5D":{"t":"FA10"},"D60":{"desc":"L1P"},"D61":{"t":"C172"},"D62":{"t":"C182"},"D63":{"desc":"H1T","t":"B47G"},"D68":{"t":"CL60"},"D6B":{"desc":"L1P"},"D79":{"t":"C172"},"D7A":{"t":"GLID"},"D83":{"desc":"L1P"},"D84":{"t":"ULAC"},"D8A":{"desc":"L1P"},"D8B":{"t":"C172"},"D8E":{"desc":"H1T"},"D92":{"t":"C182"},"D93":{"t":"SR22"},"D94":{"t":"SR22"},"D99":{"desc":"L1P"},"D9E":{"desc":"L1P"},"DAC":{"t":"AT3T"},"DAF":{"t":"SR22"},"DB3":{"t":"P28R"},"DB4":{"t":"BE9L"},"DB5":{"t":"SR22"},"DB7":{"t":"AS50"},"DB9":{"t":"GLID"},"DBB":{"desc":"L1P"},"DBC":{"desc":"L1P","t":"ULAC"},"DC4":{"t":"CJ6"},"DC5":{"t":"CH7B"},"DC7":{"t":"C182"},"DCF":{"t":"C177"},"DD6":{"t":"PA18"},"DD8":{"desc":"A2T"},"DDD":{"t":"C208"},"DF6":{"t":"BE33"},"DF8":{"t":"SR22"},"DF9":{"t":"CH7B"},"DFD":{"t":"SR20"},"DFE":{"t":"BL17"},"DFF":{"t":"PA32"},"E01":{"desc":"L1P"},"E02":{"desc":"L1P","t":"ULAC"},"E05":{"t":"CRJ9"},"E07":{"t":"GLID"},"E0B":{"t":"BE36"},"E20":{"t":"GLEX"},"E29":{"desc":"L1P"},"E2B":{"desc":"L1P"},"E36":{"desc":"L1P"},"E39":{"desc":"H1T","t":"B47G"},"E3D":{"t":"B47G"},"E42":{"t":"T206"},"E44":{"t":"ULAC"},"E45":{"desc":"L1P"},"E47":{"t":"GLF5"},"E49":{"t":"C185"},"E4D":{"t":"B47G"},"E4F":{"desc":"L1P"},"E51":{"desc":"A1P","t":"ULAC"},"E52":{"t":"GLID"},"E56":{"t":"ASTR"},"E5A":{"t":"PA18"},"E5C":{"t":"BL17"},"E5D":{"t":"R44"},"E62":{"t":"AS50"},"E68":{"t":"BL8"},"E69":{"t":"BL8"},"E6B":{"t":"DA42"},"E70":{"t":"T206"},"E81":{"t":"A306"},"E8F":{"t":"SR22"},"EA7":{"t":"B47G"},"EA9":{"t":"BE58"},"EAA":{"t":"C25A"},"EAB":{"t":"C425"},"EAD":{"desc":"L1P"},"EB0":{"t":"SR22"},"EB1":{"t":"M7"},"EB7":{"t":"B47G"},"EBE":{"t":"GLF4"},"ED4":{"t":"L39"},"EF0":{"t":"BE20"},"EF1":{"desc":"L4J"},"F06":{"desc":"L1P"},"F0C":{"t":"PA18"},"F10":{"t":"BE33"},"F11":{"t":"P32R"},"F12":{"t":"AC11"},"F14":{"t":"BE23"},"F18":{"t":"C185"},"F1C":{"t":"C172"},"F1D":{"t":"C172"},"F1E":{"t":"B47G"},"F21":{"t":"BL8"},"F24":{"t":"BL17"},"F26":{"t":"B737"},"F27":{"t":"BL17"},"F2B":{"t":"BL17"},"F2D":{"t":"PA22"},"F2F":{"t":"PA18"},"F30":{"t":"C170"},"F31":{"t":"C172"},"F34":{"t":"AR15"},"F36":{"t":"L8"},"F37":{"t":"BE23"},"F3B":{"t":"C150"},"F3E":{"t":"P28A"},"F3F":{"t":"C172"},"F41":{"desc":"L1P"},"F42":{"t":"P28A"},"F49":{"t":"BL17"},"F4C":{"t":"GLF4"},"F4D":{"t":"BL17"},"F50":{"t":"PA22"},"F54":{"t":"CH7A"},"F55":{"t":"C172"},"F5A":{"t":"BE23"},"F5C":{"t":"J3"},"F5D":{"t":"C172"},"F61":{"t":"P28R"},"F69":{"t":"BL17"},"F6B":{"t":"BL17"},"F6D":{"t":"FA24"},"F6F":{"t":"FA24"},"F71":{"t":"BL17"},"F72":{"desc":"L1P"},"F75":{"t":"PA18"},"F76":{"t":"C170"},"F78":{"t":"C185"},"F7A":{"t":"AR15"},"F7C":{"t":"COL4"},"F7D":{"t":"BE23"},"F7E":{"t":"C182"},"F83":{"t":"C182"},"F86":{"desc":"L1P"},"F89":{"t":"C172"},"F8C":{"t":"B737"},"F8D":{"t":"BL17"},"F8F":{"t":"BL17"},"F90":{"t":"B737"},"F91":{"t":"BL17"},"F92":{"desc":"L1P"},"F93":{"t":"BL17"},"F95":{"t":"M7"},"F97":{"t":"L8"},"F98":{"t":"PA18"},"F9A":{"t":"C172"},"F9B":{"t":"C172"},"FA2":{"t":"J3"},"FA3":{"t":"PA23"},"FA7":{"t":"PA32"},"FA8":{"t":"C172"},"FA9":{"t":"C172"},"FAB":{"t":"P28A"},"FAE":{"t":"BL17"},"FB0":{"desc":"H1P"},"FB3":{"t":"BL17"},"FB4":{"t":"BL17"},"FB5":{"t":"BL17"},"FB7":{"t":"FA24"},"FB8":{"desc":"L1P"},"FBD":{"t":"CH7A"},"FBE":{"t":"C185"},"FC3":{"t":"BE23"},"FC5":{"t":"J3"},"FC9":{"t":"C182"},"FCC":{"t":"C172"},"FCF":{"t":"C172"},"FD2":{"t":"BL17"},"FD5":{"t":"BL17"},"FD9":{"t":"BL17"},"FDB":{"desc":"L1P","t":"ULAC"},"FDE":{"t":"PA18"},"FE0":{"t":"CH7A"},"FE4":{"t":"AC11"},"FE5":{"t":"L8"},"FEA":{"t":"C150"},"FEC":{"t":"C182"},"FEE":{"t":"C172"},"FF1":{"t":"P28A"},"FF2":{"t":"C172"},"FF8":{"t":"BL17"},"FFC":{"desc":"L1P"},"FFE":{"t":"PA14"}}