{"000":{"t":"C240"},"002":{"desc":"L1P","t":"ULAC"},"004":{"t":"C172"},"005":{"t":"BE35"},"008":{"t":"L8"},"009":{"t":"BE23"},"00A":{"desc":"L1P"},"00E":{"t":"AA1"},"010":{"t":"P28A"},"012":{"t":"C172"},"013":{"desc":"L1P"},"014":{"t":"P28A"},"017":{"desc":"L1P"},"018":{"t":"BL17"},"019":{"t":"BL17"},"022":{"t":"PA22"},"025":{"t":"C170"},"026":{"t":"CH7A"},"027":{"t":"C172"},"02C":{"t":"BE23"},"02D":{"t":"C182"},"037":{"t":"P28A"},"038":{"t":"C172"},"03C":{"t":"BL17"},"03D":{"t":"BL17"},"040":{"t":"BL17"},"044":{"desc":"L1P"},"045":{"t":"PA22"},"047":{"t":"C177"},"049":{"t":"C172"},"04B":{"t":"DA40"},"04D":{"t":"AC11"},"054":{"t":"AA1"},"056":{"t":"P28R"},"057":{"t":"C172"},"05A":{"t":"P28A"},"060":{"t":"BL17"},"061":{"t":"FA24"},"065":{"t":"BL17"},"066":{"t":"FA24"},"067":{"desc":"L1P"},"069":{"t":"B350"},"06B":{"t":"BL8"},"070":{"desc":"H1T"},"071":{"desc":"L1P"},"072":{"t":"BL8"},"074":{"t":"HUSK"},"075":{"t":"A321"},"07D":{"t":"B407"},"082":{"desc":"A1P","t":"ULAC"},"083":{"desc":"L2P"},"084":{"t":"BL8"},"085":{"t":"S22T"},"087":{"desc":"L1P","t":"ULAC"},"089":{"t":"B412"},"092":{"desc":"L1P"},"096":{"desc":"L1P"},"09A":{"t":"PC12"},"09B":{"t":"HUSK"},"09C":{"t":"BALL"},"09D":{"desc":"A1P"},"09E":{"t":"SR20"},"0A4":{"desc":"L1P"},"0A6":{"desc":"A1P"},"0A8":{"t":"S22T"},"0AB":{"desc":"L4T"},"0AC":{"t":"FDCT"},"0B2":{"t":"SR22"},"0B3":{"desc":"L1P"},"0B4":{"t":"DV20"},"0B6":{"desc":"L1P","t":"ULAC"},"0BB":{"desc":"L1P"},"0BE":{"t":"ULAC"},"0BF":{"desc":"L1P"},"0C0":{"desc":"L1P"},"0C1":{"t":"M7"},"0C4":{"t":"BE58"},"0C8":{"t":"T206"},"0D7":{"t":"C150"},"0E5":{"t":"PTS2"},"0E6":{"desc":"L1P","t":"ULAC"},"0E7":{"t":"C25A"},"0E8":{"t":"P28A"},"0EA":{"t":"B763"},"0EE":{"t":"F900"},"0FE":{"t":"C182"},"102":{"desc":"L1P"},"106":{"t":"C82S"},"10C":{"desc":"L1P"},"110":{"desc":"H1P"},"113":{"desc":"H1P"},"125":{"desc":"L1P"},"132":{"t":"C182"},"13C":{"desc":"L1P","t":"TB1"},"140":{"t":"C56X"},"149":{"desc":"L1P","t":"ULAC"},"14D":{"t":"GLID"},"155":{"t":"P28A"},"15E":{"desc":"H1T"},"160":{"t":"B06"},"164":{"t":"BALL"},"165":{"t":"S22T"},"169":{"t":"EA50"},"16A":{"t":"P28A"},"16B":{"t":"GLEX"},"16E":{"desc":"L1P"},"170":{"t":"C182"},"173":{"desc":"L1P","t":"ULAC"},"17B":{"desc":"L1P","t":"ULAC"},"17F":{"t":"S22T"},"183":{"desc":"L1P"},"18C":{"desc":"L1P"},"190":{"t":"E50P"},"193":{"desc":"L1P"},"1B0":{"t":"BL8"},"1B3":{"t":"PA34"},"1BD":{"t":"BE35"},"1BE":{"t":"PTS2"},"1D7":{"t":"GLEX"},"1DF":{"t":"R66"},"1E2":{"desc":"L1P","t":"ULAC"},"1E5":{"t":"P32R"},"1E7":{"t":"R44"},"1EF":{"t":"AA5"},"1F0":{"desc":"H4E"},"1F3":{"desc":"L1P"},"1F9":{"desc":"L2T"},"1FA":{"t":"PA30"},"1FB":{"t":"EC20"},"1FD":{"t":"ULAC"},"202":{"t":"B190"},"203":{"t":"CL30"},"204":{"t":"C182"},"206":{"t":"J3"},"208":{"desc":"A1P"},"209":{"t":"GLID"},"20D":{"t":"SR22"},"20F":{"t":"E75L"},"211":{"t":"PA18"},"212":{"t":"PTS2"},"218":{"t":"ULAC"},"219":{"t":"AS50"},"21A":{"desc":"L1P"},"222":{"t":"SR22"},"223":{"t":"PA44"},"226":{"t":"FA20"},"227":{"t":"C182"},"22A":{"t":"BE35"},"236":{"t":"TBM7"},"238":{"t":"A306"},"23B":{"desc":"H6E"},"243":{"t":"GLF2"},"251":{"t":"PA27"},"25D":{"desc":"L1P"},"25E":{"desc":"L1P"},"26E":{"desc":"L1P"},"275":{"desc":"L1P"},"2A4":{"desc":"L1P"},"2A7":{"desc":"L2T"},"2A8":{"desc":"L4J"},"2BD":{"desc":"L1P"},"2C2":{"t":"L8"},"2C3":{"t":"PA22"},"2C5":{"t":"CH7A"},"2CA":{"t":"BE18"},"2D1":{"t":"C182"},"2D3":{"t":"C172"},"2DC":{"desc":"L1P"},"2DF":{"t":"B47G"},"2E0":{"t":"B47G"},"2E4":{"t":"PA22"},"2E8":{"t":"C182"},"2ED":{"t":"L8"},"2EE":{"t":"BE23"},"2F3":{"t":"AA1"},"2F4":{"t":"C182"},"2F5":{"t":"PA34"},"2F7":{"t":"C172"},"2F9":{"t":"P28R"},"2FA":{"t":"C172"},"300":{"t":"C172"},"308":{"t":"C525"},"309":{"t":"PA22"},"30A":{"t":"C170"},"30D":{"t":"BE33"},"314":{"t":"C525"},"315":{"desc":"L1P"},"316":{"t":"AA1"},"31A":{"t":"C172"},"31D":{"t":"C172"},"326":{"t":"B47G"},"328":{"t":"C172"},"329":{"desc":"L1P"},"32C":{"t":"C82S"},"32D":{"t":"C170"},"32E":{"t":"CH7A"},"332":{"t":"AC11"},"334":{"t":"C182"},"335":{"t":"C182"},"338":{"t":"C150"},"339":{"t":"AA1"},"33C":{"t":"C172"},"33D":{"t":"C172"},"348":{"desc":"L1P"},"349":{"t":"B06"},"34E":{"t":"C172"},"355":{"t":"AC11"},"35B":{"t":"C150"},"35C":{"t":"AA1"},"35D":{"t":"C182"},"35E":{"t":"P28A"},"35F":{"t":"C172"},"362":{"t":"P28A"},"363":{"t":"C172"},"368":{"desc":"L1P"},"372":{"t":"C82S"},"374":{"t":"CH7A"},"376":{"t":"BE35"},"37F":{"t":"AA1"},"380":{"t":"C182"},"382":{"t":"C172"},"385":{"t":"P28R"},"38D":{"desc":"L1P"},"397":{"t":"CH7A"},"399":{"t":"BE33"},"39A":{"t":"P28A"},"39C":{"t":"L8"},"39E":{"t":"C182"},"3A2":{"t":"AA1"},"3A3":{"t":"C182"},"3A4":{"t":"P28A"},"3A5":{"t":"C172"},"3A7":{"desc":"H1T","t":"B47G"},"3A8":{"t":"P28R"},"3A9":{"t":"C172"},"3AC":{"t":"B47G"},"3B1":{"desc":"L1P"},"3B5":{"desc":"L1P"},"3B6":{"t":"B763"},"3B8":{"t":"SR22"},"3BE":{"t":"AC11"},"3C0":{"t":"BE23"},"3C3":{"t":"PA23"},"3C6":{"t":"C182"},"3C7":{"t":"P28A"},"3C8":{"t":"C172"},"3C9":{"t":"C172"},"3D0":{"t":"C206"},"3D1":{"desc":"L1P"},"3D8":{"desc":"L1P"},"3DB":{"t":"SR20"},"3DD":{"t":"CH7A"},"3E0":{"t":"P28A"},"3E7":{"t":"C150"},"3EA":{"t":"T206"},"3EB":{"t":"C172"},"3F2":{"desc":"L1P"},"3F3":{"desc":"L1P"},"3F4":{"desc":"L1P"},"3F5":{"desc":"L1P"},"3F6":{"desc":"L1P"},"3F7":{"t":"PAY1"},"3F8":{"desc":"L1P"},"3FC":{"t":"B763"},"3FF":{"t":"C170"},"400":{"t":"C172"},"401":{"t":"C172"},"406":{"t":"C182"},"407":{"t":"C182"},"40B":{"t":"AA1"},"40C":{"t":"C182"},"40D":{"t":"PA32"},"40E":{"t":"C172"},"41F":{"desc":"L1P"},"421":{"t":"C82S"},"422":{"t":"CH7A"},"424":{"t":"AS50"},"425":{"t":"C421"},"427":{"desc":"H2T"},"429":{"t":"PA12"},"42C":{"t":"A321"},"42F":{"t":"C414"},"430":{"desc":"A1P"},"431":{"t":"B737"},"438":{"t":"BE35"},"439":{"desc":"L1P"},"43B":{"t":"BL8"},"43C":{"t":"BE35"},"43E":{"desc":"L1P","t":"ULAC"},"440":{"desc":"L1P"},"448":{"desc":"L1P"},"449":{"desc":"L1P"},"44A":{"desc":"A1P"},"44D":{"desc":"L1P"},"451":{"t":"P46T"},"454":{"t":"BE30"},"455":{"t":"C208"},"457":{"t":"BE9L"},"458":{"t":"PA18"},"45B":{"t":"SR22"},"45D":{"t":"BE9L"},"45F":{"t":"C182"},"462":{"desc":"L4T"},"463":{"t":"FDCT"},"465":{"desc":"L1P","t":"ULAC"},"466":{"desc":"L1P"},"469":{"t":"E190"},"46A":{"t":"SR22"},"46B":{"t":"DA62"},"46C":{"desc":"L1P"},"46D":{"t":"P28A"},"46E":{"desc":"L1P"},"46F":{"desc":"L1P"},"470":{"desc":"L1P"},"473":{"desc":"L1P"},"474":{"t":"ULAC"},"475":{"t":"PC12"},"476":{"desc":"L1P"},"47A":{"desc":"L1P"},"47B":{"t":"BE35"},"47C":{"t":"P28R"},"47F":{"t":"T206"},"484":{"t":"EA50"},"488":{"desc":"L1P"},"493":{"desc":"L1P"},"49C":{"desc":"L1P"},"49D":{"t":"P28A"},"49F":{"t":"C182"},"4A1":{"t":"B763"},"4A2":{"desc":"L1P"},"4A3":{"desc":"L1P"},"4A6":{"desc":"L1P"},"4AC":{"t":"SR20"},"4B1":{"desc":"L1P"},"4B5":{"t":"BE35"},"4B6":{"desc":"L1P"},"4BC":{"desc":"L1P"},"4BE":{"t":"C208"},"4BF":{"t":"E50P"},"4C5":{"t":"C82S"},"4D1":{"t":"C550"},"4D4":{"desc":"L2P"},"4DE":{"t":"PA18"},"4E8":{"t":"C140"},"4EA":{"t":"C172"},"4F1":{"desc":"L1P"},"4F2":{"t":"P28R"},"4F8":{"t":"C680"},"4F9":{"desc":"L1P"},"4FF":{"desc":"L1P"},"500":{"desc":"L1P"},"503":{"desc":"L1P"},"515":{"t":"C56X"},"51B":{"t":"COL4"},"51F":{"desc":"L1P"},"521":{"t":"P28A"},"524":{"desc":"L1P"},"527":{"t":"GLEX"},"52A":{"t":"FDCT"},"52B":{"desc":"L1P"},"532":{"desc":"L1P"},"533":{"desc":"L1P"},"534":{"t":"ULAC"},"537":{"t":"C182"},"538":{"t":"BE9L"},"53E":{"t":"PA46"},"540":{"t":"M20P"},"542":{"desc":"L1P","t":"ULAC"},"54B":{"t":"PA11"},"556":{"desc":"L1P"},"558":{"desc":"L1P"},"564":{"t":"BE23"},"565":{"desc":"L1P"},"567":{"t":"PA27"},"568":{"t":"B407"},"56B":{"desc":"L1P"},"56C":{"t":"A139"},"56E":{"t":"R44"},"574":{"desc":"L1P"},"596":{"t":"BE35"},"599":{"t":"GLID"},"59E":{"desc":"L1P"},"5A1":{"desc":"L1P"},"5A2":{"desc":"L1P"},"5AA":{"desc":"L1P"},"5B0":{"t":"BL8"},"5B2":{"t":"ULAC"},"5B4":{"t":"ULAC"},"5B5":{"t":"B190"},"5B6":{"t":"BL8"},"5BF":{"desc":"A1P","t":"ULAC"},"5C0":{"t":"GLID"},"5C6":{"t":"E75L"},"5C8":{"t":"C182"},"5CB":{"desc":"L1P"},"5CF":{"t":"R22"},"5D0":{"t":"AS50"},"5D4":{"desc":"L1P"},"5D9":{"desc":"L1P"},"5DA":{"t":"ULAC"},"5DE":{"desc":"L1P"},"5E5":{"t":"C172"},"5EF":{"t":"A306"},"5FC":{"t":"SF50"},"613":{"t":"ST75"},"615":{"desc":"L1P"},"617":{"desc":"L1P"},"61E":{"t":"BE36"},"621":{"desc":"L1P","t":"ULAC"},"624":{"desc":"L1P"},"625":{"t":"DA42"},"628":{"t":"C25B"},"62C":{"desc":"L1P"},"62D":{"t":"B734"},"645":{"desc":"L1P"},"65E":{"t":"BE20"},"660":{"desc":"L1P"},"674":{"t":"ULAC"},"676":{"t":"GLID"},"677":{"desc":"L1P","t":"ULAC"},"679":{"t":"L8"},"67A":{"t":"SR22"},"67B":{"t":"C170"},"67C":{"t":"C172"},"67E":{"t":"BE33"},"67F":{"t":"P28A"},"681":{"t":"L8"},"687":{"desc":"L1E"},"688":{"t":"C182"},"68C":{"t":"P28A"},"68D":{"t":"P28B"},"692":{"t":"E145"},"694":{"t":"E145"},"695":{"t":"E145"},"697":{"t":"E145"},"698":{"t":"BL17"},"699":{"t":"BL17"},"69A":{"t":"C310"},"69B":{"t":"PA20"},"6A8":{"t":"PA23"},"6AA":{"t":"AA1"},"6AC":{"t":"P28A"},"6AD":{"t":"C172"},"6AF":{"desc":"H4E"},"6B1":{"t":"C172"},"6B3":{"desc":"L1P"},"6B4":{"t":"RYST"},"6B9":{"t":"E145"},"6BC":{"desc":"L1P"},"6BE":{"t":"PA22"},"6C0":{"t":"SR22"},"6C1":{"t":"C170"},"6C4":{"desc":"L1P"},"6C6":{"t":"F2TH"},"6CB":{"t":"PA23"},"6CC":{"t":"C150"},"6CE":{"t":"C182"},"6CF":{"t":"P28R"},"6D0":{"t":"C182"},"6D8":{"desc":"L1P"},"6DD":{"desc":"L1P"},"6E3":{"t":"PA18"},"6E4":{"t":"C170"},"6E5":{"t":"C172"},"6E6":{"t":"C172"},"6E8":{"t":"PA14"},"6EC":{"t":"C206"},"6F0":{"t":"C182"},"6F4":{"t":"C172"},"6FC":{"t":"E145"},"6FD":{"t":"PA27"},"704":{"t":"PA22"},"706":{"t":"T210"},"707":{"t":"C170"},"709":{"t":"C172"},"70B":{"t":"P28S"},"710":{"t":"J3"},"712":{"t":"C150"},"714":{"t":"C182"},"715":{"t":"PA32"},"717":{"t":"C172"},"720":{"desc":"L1P"},"727":{"t":"PA22"},"729":{"t":"C177"},"733":{"t":"J3"},"739":{"t":"C172"},"743":{"t":"RYST"},"744":{"t":"RYST"},"745":{"t":"RYST"},"746":{"t":"RYST"},"748":{"t":"E145"},"74B":{"t":"BE20"},"74C":{"t":"C182"},"74E":{"t":"CH7A"},"74F":{"t":"C172"},"751":{"t":"P32R"},"755":{"t":"C182"},"757":{"t":"PA23"},"758":{"t":"C150"},"760":{"t":"C172"},"763":{"desc":"L1P"},"76D":{"t":"PA22"},"772":{"t":"C172"},"773":{"t":"BE35"},"77C":{"t":"AA1"},"782":{"t":"PA32"},"783":{"t":"C172"},"784":{"desc":"L1P"},"78C":{"t":"E145"},"790":{"t":"PA22"},"792":{"t":"C177"},"79A":{"t":"BE23"},"79B":{"t":"C182"},"79F":{"t":"AA1"},"7A0":{"t":"C182"},"7A1":{"t":"P28R"},"7A3":{"t":"C172"},"7A9":{"desc":"L1P"},"7AA":{"t":"RYST"},"7AB":{"t":"RYST"},"7AC":{"t":"RYST"},"7AD":{"t":"RYST"},"7AF":{"t":"RYST"},"7B0":{"t":"FA24"},"7B2":{"desc":"L1P"},"7B3":{"t":"B763"},"7B4":{"desc":"L1P"},"7B5":{"t":"C177"},"7B7":{"t":"CH7A"},"7B8":{"t":"GLID"},"7B9":{"t":"BE33"},"7BA":{"t":"P28A"},"7BD":{"t":"BE23"},"7BF":{"t":"J3"},"7C3":{"t":"C182"},"7C4":{"desc":"L1P"},"7C9":{"t":"C172"},"7CC":{"t":"E145"},"7CE":{"t":"E145"},"7D4":{"desc":"L2P"},"7D5":{"t":"BE9L"},"7D6":{"t":"BE55"},"7D7":{"desc":"L1P"},"7D9":{"t":"AR15"},"7DA":{"t":"PA18"},"7DB":{"t":"BE36"},"7DC":{"t":"C172"},"7DD":{"desc":"A1P"},"7E1":{"t":"G164"},"7E2":{"desc":"L1P"},"7E4":{"t":"C182"},"7E6":{"t":"B47G"},"7E8":{"desc":"L1P"},"7E9":{"desc":"L1P"},"7EA":{"t":"ERCO"},"7ED":{"desc":"A2P"},"7EE":{"t":"C182"},"7F0":{"t":"ASTR"},"7F1":{"desc":"H1P"},"7F2":{"t":"P28A"},"7F4":{"t":"C82T"},"7F5":{"t":"C180"},"7F7":{"desc":"A1P"},"7F8":{"desc":"L1P"},"7F9":{"desc":"L1P"},"7FA":{"t":"GLID"},"7FB":{"t":"SR22"},"7FD":{"t":"C182"},"7FE":{"t":"BALL"},"7FF":{"t":"P32R"},"801":{"t":"GLID"},"803":{"desc":"H4E"},"804":{"desc":"L1P"},"806":{"t":"F2TH"},"808":{"t":"C25B"},"809":{"t":"P32R"},"80A":{"t":"P28R"},"80B":{"t":"PC12"},"80C":{"t":"AC90"},"80E":{"t":"LJ45"},"80F":{"t":"BE55"},"810":{"t":"P28A"},"811":{"desc":"L1P"},"812":{"t":"M7"},"813":{"t":"BE55"},"814":{"t":"HUSK"},"816":{"t":"NAVI"},"818":{"desc":"L1P"},"819":{"t":"C172"},"81A":{"t":"U21"},"81B":{"t":"C150"},"81C":{"t":"C56X"},"81D":{"t":"P210"},"81E":{"t":"SR22"},"81F":{"t":"C501"},"820":{"desc":"L1P"},"821":{"desc":"L1P"},"822":{"t":"T210"},"823":{"t":"C441"},"826":{"desc":"L1P"},"828":{"desc":"L1P"},"82A":{"desc":"H4E"},"82B":{"t":"GLID"},"82C":{"t":"BE33"},"82D":{"t":"T34P"},"82E":{"t":"BE36"},"82F":{"t":"C680"},"830":{"t":"BL17"},"831":{"t":"SR22"},"832":{"t":"C320"},"833":{"t":"BE35"},"835":{"desc":"L1P"},"838":{"t":"BL8"},"83B":{"t":"T206"},"83F":{"t":"PA34"},"840":{"t":"PA46"},"841":{"desc":"L1P"},"842":{"t":"LJ35"},"845":{"desc":"L1P"},"846":{"desc":"L1P"},"848":{"desc":"L1P"},"84B":{"desc":"L1P"},"84E":{"t":"ULAC"},"850":{"desc":"L1P"},"852":{"t":"PA18"},"853":{"desc":"L1P"},"854":{"t":"C172"},"855":{"t":"E300"},"856":{"t":"BE77"},"857":{"desc":"L1P"},"859":{"desc":"L4J"},"85A":{"t":"PA27"},"85B":{"t":"B06"},"85D":{"t":"P46T"},"85E":{"desc":"L1P"},"85F":{"t":"BE60"},"861":{"t":"C172"},"863":{"t":"C172"},"864":{"t":"PA34"},"869":{"desc":"A1P","t":"FA7X"},"86A":{"desc":"L1P"},"86D":{"t":"B190"},"86E":{"t":"GLID"},"86F":{"t":"ST75"},"871":{"desc":"L1P"},"872":{"t":"HUSK"},"875":{"t":"C510"},"876":{"t":"BE55"},"877":{"desc":"L1P"},"878":{"t":"BE36"},"87C":{"desc":"L1T"},"87D":{"t":"FDCT"},"87E":{"t":"CL30"},"880":{"t":"CH7B"},"881":{"t":"C172"},"882":{"t":"GLEX"},"883":{"desc":"G1P","t":"GYRO"},"886":{"t":"AA1"},"887":{"t":"T6"},"888":{"desc":"L1P"},"88A":{"t":"GLF3"},"88C":{"desc":"L1P","t":"ULAC"},"88D":{"desc":"L1P"},"88E":{"t":"C172"},"891":{"desc":"L1P"},"893":{"t":"R44"},"895":{"t":"CL30"},"896":{"t":"BE36"},"897":{"desc":"L1P"},"898":{"t":"HUSK"},"899":{"t":"ECHO"},"89A":{"desc":"L1P"},"89B":{"t":"UH1"},"89C":{"t":"HUSK"},"89E":{"desc":"L1P"},"8A0":{"desc":"L1P"},"8A1":{"t":"GLID"},"8A2":{"t":"C310"},"8A3":{"t":"PA27"},"8A6":{"t":"C500"},"8A8":{"t":"PA12"},"8AA":{"t":"PA44"},"8B0":{"t":"C560"},"8B1":{"t":"BE58"},"8B2":{"t":"BE33"},"8B3":{"t":"BE95"},"8B7":{"desc":"L1P"},"8B8":{"t":"BE20"},"8BA":{"t":"BE35"},"8BB":{"t":"SR20"},"8BD":{"t":"PA32"},"8BE":{"desc":"L1P"},"8C0":{"desc":"L2J"},"8C1":{"desc":"L2P"},"8C2":{"desc":"L1P"},"8C3":{"t":"SR20"},"8C4":{"desc":"L1P"},"8C8":{"t":"GLID"},"8CB":{"desc":"L1P"},"8CC":{"t":"PAY2"},"8CD":{"desc":"L1P","t":"ULAC"},"8CE":{"t":"PA27"},"8D1":{"desc":"H2T"},"8D2":{"t":"GLID"},"8D3":{"desc":"L1P","t":"ULAC"},"8D4":{"desc":"L1P"},"8D6":{"t":"HUSK"},"8D7":{"t":"M20P"},"8D8":{"t":"SR22"},"8D9":{"t":"GLID"},"8DB":{"desc":"L1P"},"8DC":{"t":"AA1"},"8DD":{"t":"CL60"},"8E0":{"desc":"L1P"},"8E1":{"t":"BE55"},"8E5":{"desc":"L1P"},"8E6":{"t":"E300"},"8E7":{"desc":"L1P"},"8E9":{"t":"BE33"},"8EA":{"desc":"L2P"},"8EB":{"desc":"L1P"},"8EC":{"t":"T34P"},"8EE":{"t":"BALL"},"8F0":{"desc":"L1J"},"8F1":{"t":"AEST"},"8F3":{"t":"BALL"},"8F4":{"t":"T210"},"8F5":{"t":"BL8"},"8FC":{"desc":"L1J"},"8FD":{"t":"C182"},"8FE":{"t":"T210"},"8FF":{"t":"B407"},"900":{"desc":"L1P"},"901":{"t":"P28S"},"902":{"t":"G280"},"904":{"t":"AA5"},"905":{"t":"BE33"},"907":{"t":"PC12"},"908":{"t":"C172"},"909":{"t":"HUSK"},"90A":{"t":"C72R"},"90C":{"t":"FDCT"},"90E":{"t":"TBM7"},"913":{"desc":"H1T"},"916":{"desc":"L1P"},"91B":{"t":"BE50"},"91C":{"t":"C180"},"91E":{"desc":"L1P"},"91F":{"t":"M20P"},"920":{"desc":"L1P","t":"ULAC"},"921":{"t":"GLID"},"922":{"t":"C25B"},"923":{"t":"BE50"},"924":{"desc":"L1P"},"925":{"t":"R44"},"927":{"t":"BE36"},"92A":{"desc":"L1P"},"92C":{"t":"B06"},"92D":{"desc":"L1P"},"92E":{"desc":"L1P"},"92F":{"desc":"L2J"},"931":{"t":"GLEX"},"932":{"desc":"L1P"},"935":{"t":"PA24"},"936":{"t":"C750"},"94E":{"t":"C172"},"950":{"t":"GLID"},"951":{"t":"BE36"},"952":{"t":"PA27"},"954":{"t":"SF50"},"955":{"t":"BE36"},"956":{"t":"BE33"},"957":{"t":"H25B"},"958":{"t":"C750"},"959":{"t":"PA18"},"95B":{"t":"BE36"},"95D":{"t":"M200"},"95E":{"t":"C182"},"95F":{"desc":"L1P"},"961":{"desc":"L1P"},"962":{"t":"GLID"},"963":{"t":"SR22"},"964":{"t":"H25B"},"966":{"desc":"L1P"},"967":{"t":"P46T"},"968":{"t":"TBM7"},"969":{"desc":"L1P"},"96A":{"t":"C750"},"96B":{"t":"CH7B"},"96C":{"t":"AC90"},"96D":{"desc":"L1P"},"96F":{"desc":"L2T","t":"DC3"},"971":{"t":"C560"},"972":{"desc":"H1P"},"973":{"t":"M7"},"974":{"t":"M20T"},"976":{"t":"C150"},"978":{"t":"C425"},"979":{"t":"SR20"},"97A":{"t":"C340"},"97B":{"t":"C172"},"97C":{"desc":"L1P"},"97D":{"t":"BE60"},"97F":{"t":"BE55"},"980":{"t":"PTS2"},"981":{"t":"C210"},"982":{"desc":"L2T"},"983":{"t":"BE60"},"985":{"t":"C680"},"986":{"t":"S22T"},"987":{"t":"H500"},"989":{"desc":"L1P"},"98B":{"t":"C414"},"98D":{"desc":"L1P"},"98F":{"desc":"L2T"},"990":{"desc":"L1P"},"991":{"t":"G280"},"993":{"t":"C310"},"997":{"t":"C750"},"998":{"t":"BE76"},"99A":{"t":"LJ45"},"99B":{"t":"GLF5"},"9A4":{"t":"BALL"},"9A6":{"t":"C337"},"9A9":{"t":"T210"},"9AA":{"desc":"L1P"},"9B1":{"t":"M20P"},"9B2":{"t":"E145"},"9B4":{"t":"CL60"},"9B6":{"t":"SR22"},"9B9":{"t":"GLID"},"9BA":{"t":"SF50"},"9BC":{"desc":"H1P"},"9BD":{"t":"BE35"},"9BF":{"desc":"L1P"},"9C1":{"desc":"L1P"},"9C5":{"t":"C340"},"9C7":{"t":"FA50"},"9CB":{"t":"PTS2"},"9CF":{"t":"C525"},"9D0":{"desc":"L1P"},"9D1":{"t":"C182"},"9D3":{"t":"BL8"},"9D4":{"desc":"L1T"},"9D6":{"t":"C340"},"9D7":{"t":"BE9L"},"9DA":{"t":"C310"},"9DC":{"t":"C550"},"9DE":{"t":"CH7A"},"9E1":{"t":"HUSK"},"9E3":{"t":"BE58"},"9E4":{"t":"BE36"},"9E7":{"t":"BL8"},"9EC":{"t":"PA46"},"9EE":{"t":"BE55"},"9F1":{"t":"GLID"},"9F5":{"desc":"L1P"},"9F9":{"t":"PA18"},"9FB":{"desc":"L1P"},"9FC":{"t":"GLF4"},"A03":{"t":"GLID"},"A06":{"t":"YK52"},"A08":{"desc":"L1P"},"A0A":{"t":"PA27"},"A0D":{"t":"C680"},"A13":{"desc":"L1J"},"A1B":{"t":"C180"},"A21":{"t":"FDCT"},"A2D":{"t":"C25B"},"A2E":{"t":"C150"},"A2F":{"desc":"L1P"},"A30":{"t":"AA1"},"A31":{"desc":"L1P"},"A32":{"desc":"L1T"},"A36":{"desc":"H1T"},"A37":{"desc":"L1P"},"A39":{"desc":"L1P"},"A3B":{"t":"B407"},"A3C":{"desc":"L1P"},"A3E":{"desc":"L1P"},"A3F":{"t":"C150"},"A40":{"t":"B407"},"A41":{"desc":"L1P"},"A44":{"t":"C150"},"A46":{"desc":"L1P"},"A47":{"desc":"H1P"},"A48":{"t":"R44"},"A49":{"desc":"L1T"},"A4A":{"t":"CL60"},"A4B":{"t":"FA7X"},"A4C":{"t":"C150"},"A4F":{"t":"C310"},"A50":{"t":"SF50"},"A51":{"t":"P28B"},"A52":{"t":"C150"},"A53":{"t":"C56X"},"A55":{"t":"C150"},"A56":{"t":"C150"},"A58":{"desc":"L1P"},"A59":{"t":"AR15"},"A5D":{"t":"C150"},"A61":{"t":"C150"},"A66":{"t":"C150"},"A67":{"t":"C340"},"A68":{"t":"C150"},"A69":{"t":"G150"},"A6A":{"desc":"L1P"},"A6C":{"t":"C150"},"A6D":{"t":"C150"},"A6E":{"t":"BE9T"},"A6F":{"desc":"L1P"},"A70":{"t":"C150"},"A73":{"t":"G150"},"A75":{"t":"C150"},"A76":{"t":"PA18"},"A7A":{"desc":"L2P"},"A7C":{"t":"C150"},"A7E":{"t":"C150"},"A7F":{"t":"C150"},"A80":{"t":"C150"},"A82":{"desc":"L1P"},"A84":{"t":"C150"},"A88":{"t":"C150"},"A8A":{"t":"BE33"},"A8B":{"t":"C150"},"A8C":{"t":"C150"},"A8F":{"t":"C150"},"A93":{"t":"C150"},"A94":{"desc":"L1P"},"A97":{"desc":"L1P"},"A9A":{"t":"C150"},"A9B":{"t":"C150"},"A9D":{"desc":"L1P"},"A9F":{"t":"C150"},"AA0":{"desc":"H4E"},"AA1":{"t":"PA18"},"AA2":{"t":"C150"},"AA7":{"desc":"L1P","t":"ULAC"},"AA8":{"t":"C150"},"AA9":{"t":"WW24"},"AAC":{"t":"B06"},"AAD":{"t":"YK50"},"AAF":{"t":"M20T"},"AB1":{"t":"B763"},"AB2":{"t":"C150"},"AB5":{"t":"C150"},"AB7":{"t":"C150"},"AB8":{"t":"C150"},"ABE":{"t":"C150"},"ABF":{"t":"C150"},"AC6":{"desc":"L2J","t":"G150"},"AC8":{"t":"C150"},"AC9":{"t":"G150"},"ACB":{"t":"H25B"},"ACD":{"desc":"L1P"},"AD2":{"t":"C150"},"AD3":{"t":"C560"},"AD5":{"t":"C150"},"AD6":{"desc":"L1P"},"AD9":{"t":"G150"},"ADA":{"t":"BE9L"},"ADB":{"t":"B350"},"ADE":{"t":"C150"},"AE0":{"t":"C150"},"AE1":{"t":"C150"},"AE4":{"t":"C150"},"AE6":{"t":"B06"},"AE8":{"t":"C150"},"AEC":{"desc":"L1P"},"AEE":{"t":"C150"},"AF2":{"t":"C150"},"AF9":{"t":"C172"},"AFA":{"desc":"L1P"},"AFB":{"desc":"H2T"},"AFF":{"t":"R22"},"B00":{"t":"C150"},"B04":{"t":"G150"},"B05":{"desc":"A1P"},"B07":{"desc":"H1P"},"B09":{"desc":"L1P","t":"ULAC"},"B0B":{"t":"C150"},"B0C":{"t":"C150"},"B10":{"desc":"L1T"},"B11":{"t":"C150"},"B13":{"t":"C150"},"B16":{"desc":"H2T"},"B19":{"t":"B190"},"B1D":{"t":"C150"},"B1E":{"t":"C150"},"B1F":{"desc":"A1T","t":"KODI"},"B21":{"t":"PA20"},"B29":{"t":"C150"},"B2A":{"t":"C150"},"B2B":{"t":"BALL"},"B2C":{"desc":"L1P"},"B2E":{"t":"R22"},"B30":{"t":"C150"},"B31":{"t":"P28A"},"B32":{"t":"C150"},"B33":{"t":"C150"},"B34":{"t":"C150"},"B35":{"desc":"L1P"},"B39":{"desc":"L2J"},"B3A":{"t":"C150"},"B3B":{"t":"PA18"},"B42":{"desc":"L1P"},"B44":{"t":"CL30"},"B47":{"t":"GLID"},"B48":{"desc":"L1P"},"B49":{"desc":"L1P"},"B4C":{"t":"C150"},"B4D":{"desc":"L1P"},"B4E":{"desc":"L1P"},"B54":{"t":"G150"},"B56":{"t":"C150"},"B57":{"t":"C150"},"B5F":{"t":"TAMP"},"B60":{"t":"EA50"},"B63":{"t":"PA18"},"B68":{"t":"A321"},"B6D":{"t":"C150"},"B6F":{"t":"C150"},"B74":{"t":"C182"},"B75":{"desc":"L2P"},"B79":{"t":"C150"},"B7C":{"t":"C150"},"B7E":{"t":"P28A"},"B7F":{"desc":"L1P"},"B80":{"t":"C150"},"B84":{"t":"BE18"},"B85":{"desc":"L1P"},"B86":{"t":"DA40"},"B89":{"t":"C150"},"B9E":{"t":"GLEX"},"BA6":{"t":"C140"},"BA7":{"t":"ULAC"},"BAA":{"t":"C150"},"BAC":{"t":"B350"},"BAD":{"desc":"L1P"},"BAE":{"t":"C150"},"BAF":{"t":"FA50"},"BB0":{"t":"BE9L"},"BB1":{"t":"BE20"},"BB2":{"t":"C501"},"BB6":{"t":"C150"},"BB8":{"t":"G150"},"BBA":{"desc":"L1P"},"BBB":{"t":"C150"},"BBE":{"t":"C150"},"BC0":{"t":"SR20"},"BC1":{"t":"H25B"},"BC2":{"t":"T206"},"BC3":{"desc":"L1P"},"BC5":{"desc":"H1T"},"BC7":{"t":"C150"},"BCE":{"t":"C150"},"BCF":{"desc":"A1P","t":"ULAC"},"BD0":{"t":"FA10"},"BD1":{"desc":"L1P"},"BD2":{"t":"C172"},"BD4":{"t":"C150"},"BD6":{"t":"E75L"},"BD8":{"t":"PA18"},"BD9":{"t":"C150"},"BDA":{"t":"PA18"},"BDC":{"t":"C150"},"BDD":{"t":"C172"},"BDF":{"t":"C680"},"BE0":{"t":"C172"},"BE1":{"t":"BE10"},"BE2":{"t":"PAY2"},"BE5":{"t":"C150"},"BE6":{"t":"C150"},"BE9":{"desc":"L1P","t":"ULAC"},"BEA":{"t":"C500"},"BEC":{"desc":"L1P"},"BED":{"t":"BE9L"},"BEE":{"t":"FA50"},"BF1":{"t":"T6"},"BF4":{"t":"C150"},"BFB":{"t":"C150"},"BFD":{"t":"BALL"},"BFF":{"t":"A306"},"C04":{"t":"BE35"},"C06":{"t":"A321"},"C07":{"t":"GLID"},"C0A":{"t":"C150"},"C0F":{"t":"BE9L"},"C15":{"t":"C150"},"C16":{"t":"C150"},"C1A":{"desc":"L1P","t":"ULAC"},"C1C":{"t":"C150"},"C23":{"desc":"L1P"},"C25":{"desc":"L1P"},"C29":{"desc":"H1T"},"C2C":{"t":"GLF5"},"C30":{"t":"C150"},"C33":{"t":"BE35"},"C35":{"t":"C150"},"C37":{"t":"C150"},"C38":{"t":"C150"},"C4A":{"t":"C150"},"C4E":{"t":"R44"},"C52":{"t":"L39"},"C56":{"t":"C150"},"C59":{"t":"BE20"},"C5F":{"t":"YK50"},"C65":{"t":"BE10"},"C6F":{"desc":"L4J"},"C86":{"t":"SR22"},"C87":{"t":"CL60"},"C89":{"t":"BE33"},"C8B":{"t":"C190"},"C8C":{"t":"AT3T"},"C8D":{"t":"BE35"},"C8E":{"t":"C414"},"C90":{"t":"PA18"},"C92":{"t":"BE55"},"C94":{"t":"J3"},"C95":{"t":"PA18"},"C96":{"t":"C150"},"C98":{"t":"BE35"},"C99":{"t":"C150"},"C9B":{"t":"BE35"},"C9D":{"t":"BALL"},"CA0":{"t":"C172"},"CA2":{"t":"P28A"},"CA3":{"t":"P28A"},"CA5":{"t":"P28A"},"CA6":{"t":"P28R"},"CA7":{"t":"P28R"},"CA8":{"t":"PA34"},"CA9":{"desc":"L1P"},"CAB":{"t":"PA20"},"CAC":{"t":"BALL"},"CAD":{"t":"SR22"},"CAF":{"t":"C172"},"CB3":{"t":"AC11"},"CB5":{"t":"B47G"},"CB6":{"t":"C182"},"CB7":{"t":"J3"},"CB8":{"t":"B763"},"CBB":{"t":"BE35"},"CBC":{"t":"PA32"},"CBE":{"t":"C172"},"CC0":{"t":"P28A"},"CC1":{"t":"C172"},"CC2":{"t":"BE35"},"CC3":{"t":"P28A"},"CC6":{"t":"P28R"},"CC8":{"t":"PA32"},"CC9":{"desc":"L1P"},"CCA":{"t":"BALL"},"CCB":{"t":"PA34"},"CCE":{"t":"PA20"},"CCF":{"t":"AT5T"},"CD1":{"t":"C190"},"CD2":{"t":"C172"},"CD5":{"t":"BALL"},"CDA":{"t":"J3"},"CDB":{"t":"PA22"},"CDD":{"t":"AA5"},"CDE":{"t":"BE35"},"CDF":{"t":"BALL"},"CE0":{"t":"AT5T"},"CE2":{"t":"BALL"},"CE5":{"t":"BE35"},"CE7":{"t":"P28R"},"CE8":{"t":"P28R"},"CEA":{"t":"PA34"},"CEC":{"t":"P28A"},"CED":{"t":"P28R"},"CF5":{"t":"CH7A"},"CFB":{"t":"B47G"},"CFE":{"t":"PA22"},"D00":{"t":"AA5"},"D02":{"t":"BALL"},"D03":{"t":"C206"},"D08":{"t":"BE35"},"D09":{"t":"BALL"},"D0A":{"t":"T206"},"D0B":{"t":"P28A"},"D0C":{"t":"P28A"},"D0D":{"t":"P28A"},"D0E":{"t":"PA34"},"D0F":{"t":"PA32"},"D10":{"t":"P28A"},"D11":{"t":"FA24"},"D14":{"t":"PA20"},"D1C":{"t":"P28A"},"D23":{"t":"AA5"},"D25":{"t":"P28A"},"D27":{"t":"C172"},"D29":{"t":"P28R"},"D2C":{"t":"PA32"},"D30":{"t":"P28A"},"D32":{"t":"P28A"},"D35":{"t":"BALL"},"D38":{"t":"L8"},"D3A":{"t":"C190"},"D3E":{"t":"BALL"},"D42":{"t":"ST75"},"D43":{"t":"J3"},"D44":{"t":"E55P"},"D45":{"t":"C150"},"D47":{"t":"BE35"},"D48":{"t":"C206"},"D4C":{"t":"P28R"},"D4E":{"t":"BE33"},"D4F":{"t":"P28A"},"D50":{"t":"P28A"},"D52":{"t":"BALL"},"D53":{"t":"AT3T"},"D56":{"t":"P28A"},"D59":{"desc":"L1P"},"D5E":{"t":"CH7A"},"D61":{"t":"P28A"},"D62":{"t":"AC11"},"D65":{"t":"C182"},"D66":{"t":"J3"},"D67":{"t":"PA22"},"D68":{"t":"C150"},"D6B":{"t":"P28A"},"D6D":{"t":"C172"},"D6F":{"desc":"L1E"},"D71":{"t":"BE33"},"D72":{"t":"C150"},"D76":{"t":"PA34"},"D78":{"t":"P28A"},"D7B":{"desc":"G1P"},"D81":{"t":"C172"},"D85":{"desc":"L1P"},"D86":{"t":"AT5T"},"D87":{"t":"BALL"},"D89":{"t":"BALL"},"D8A":{"t":"PA22"},"D8B":{"t":"C150"},"D8D":{"t":"BE35"},"D8E":{"t":"P28A"},"D92":{"t":"C172"},"D94":{"t":"BE33"},"D96":{"t":"BALL"},"D97":{"t":"BALL"},"D99":{"t":"AT3T"},"D9B":{"t":"FA24"},"D9E":{"t":"P28A"},"DA2":{"t":"C180"},"DA4":{"t":"CH7A"},"DA8":{"t":"P28A"},"DA9":{"t":"S22T"},"DAF":{"t":"AA5"},"DB1":{"t":"P28R"},"DB2":{"t":"C140"},"DB4":{"t":"BALL"},"DBB":{"desc":"L1P"},"DC2":{"t":"PA30"},"DC8":{"t":"H269"},"DC9":{"desc":"L1P","t":"ULAC"},"DCE":{"t":"C182"},"DD1":{"t":"C150"},"DD5":{"t":"BALL"},"DD6":{"desc":"L2P"},"DDA":{"t":"BE55"},"DDB":{"t":"T6"},"DDD":{"t":"P28A"},"DE0":{"t":"BALL"},"DE4":{"t":"BALL"},"DE8":{"t":"SHIP"},"DE9":{"t":"EC30"},"DEA":{"desc":"H1T"},"DEB":{"t":"AS50"},"DEC":{"t":"P51"},"DEF":{"desc":"L1P"},"DF2":{"t":"P51"},"DF3":{"t":"A321"},"DF4":{"t":"J3"},"DF6":{"desc":"L1P"},"DF8":{"t":"T6"},"DFA":{"t":"P28A"},"DFB":{"t":"PA18"},"DFF":{"desc":"L2J"},"E01":{"desc":"L1P","t":"LA4"},"E02":{"desc":"L1T"},"E06":{"t":"BE20"},"E07":{"t":"BL8"},"E08":{"desc":"L1P"},"E0A":{"desc":"L1P"},"E0C":{"t":"C25B"},"E0D":{"t":"P51"},"E0F":{"desc":"H1P"},"E10":{"t":"C182"},"E14":{"t":"P51"},"E16":{"t":"EN28"},"E18":{"t":"S108"},"E19":{"desc":"L2T"},"E1B":{"desc":"L1P","t":"ULAC"},"E1C":{"t":"R44"},"E1D":{"desc":"L1P"},"E1F":{"t":"SR22"},"E20":{"t":"P28A"},"E24":{"desc":"L1P"},"E26":{"desc":"L1P"},"E28":{"desc":"L1P"},"E2A":{"t":"C182"},"E31":{"t":"P51"},"E32":{"t":"C150"},"E33":{"t":"M20P"},"E37":{"desc":"L1P"},"E38":{"desc":"L1P"},"E39":{"desc":"L1P"},"E3A":{"t":"P28A"},"E3B":{"desc":"L1P"},"E3C":{"t":"P28A"},"E3D":{"t":"P51"},"E3F":{"t":"P51"},"E41":{"t":"C650"},"E42":{"t":"P28A"},"E43":{"desc":"L1P"},"E46":{"t":"BALL"},"E48":{"desc":"L1P"},"E4A":{"desc":"L1P"},"E4B":{"desc":"L1P"},"E4D":{"desc":"H1T"},"E4E":{"t":"C150"},"E55":{"t":"BE20"},"E5A":{"t":"C150"},"E5F":{"t":"C525"},"E60":{"t":"F2TH"},"E63":{"t":"BE55"},"E66":{"t":"C182"},"E68":{"t":"B763"},"E6E":{"desc":"L2T"},"E75":{"t":"P51"},"E7C":{"t":"P28A"},"E7F":{"t":"EC30"},"E82":{"t":"H269"},"E83":{"t":"PAY2"},"E84":{"desc":"L1P"},"E88":{"t":"C25B"},"E8A":{"t":"P51"},"E8D":{"t":"E50P"},"E99":{"desc":"H4E"},"EA0":{"desc":"L1P"},"EA1":{"t":"R44"},"EA3":{"t":"B06"},"EA5":{"desc":"L1P"},"EAE":{"desc":"L1P","t":"ULAC"},"EAF":{"t":"C414"},"EB0":{"desc":"L1P"},"EB2":{"desc":"L1P"},"EB4":{"t":"P28S"},"EB5":{"desc":"L1P"},"EB6":{"desc":"L1P"},"EB9":{"desc":"L1P"},"EBC":{"t":"H500"},"EBF":{"t":"BL8"},"EC0":{"t":"P51"},"EC3":{"t":"GLID"},"EC8":{"t":"C150"},"ECA":{"t":"H269"},"ED1":{"desc":"L1P"},"ED3":{"t":"P51"},"EE1":{"t":"AT6T"},"EE3":{"desc":"L1P"},"EE8":{"t":"P28A"},"EEC":{"desc":"L1P"},"EED":{"t":"EC30"},"EEE":{"t":"WACF"},"EF2":{"desc":"L2P"},"EF9":{"desc":"L1P"},"EFC":{"desc":"L1P"},"EFD":{"t":"P51"},"EFE":{"t":"C182"},"F01":{"t":"RV12"},"F05":{"t":"P28A"},"F0A":{"desc":"L1P"},"F0D":{"t":"PC12"},"F0E":{"t":"P51"},"F12":{"desc":"L1P"},"F13":{"desc":"L1P"},"F16":{"t":"TAMP"},"F20":{"t":"BE36"},"F28":{"desc":"L1P"},"F2B":{"t":"P337"},"F2C":{"t":"C82S"},"F2D":{"t":"C185"},"F2E":{"t":"BL8"},"F33":{"t":"A139"},"F35":{"desc":"L1T"},"F37":{"desc":"L1P"},"F39":{"desc":"L1P"},"F3D":{"desc":"L1P"},"F40":{"t":"G150"},"F43":{"t":"C150"},"F44":{"t":"B350"},"F45":{"desc":"L1P"},"F55":{"t":"GLEX"},"F5D":{"desc":"L1P"},"F5E":{"desc":"L2T"},"F60":{"desc":"L1P"},"F63":{"desc":"L1P"},"F64":{"t":"AS50"},"F65":{"desc":"L1P"},"F66":{"t":"P51"},"F6B":{"t":"BALL"},"F71":{"desc":"L1P"},"F72":{"desc":"L1P"},"F77":{"t":"CH7B"},"F78":{"t":"C750"},"F79":{"desc":"L1J"},"F7A":{"t":"GLF4"},"F7B":{"t":"P51"},"F7C":{"t":"P28A"},"F81":{"t":"HUSK"},"F82":{"desc":"L1P"},"F84":{"t":"C501"},"F86":{"t":"SR22"},"F87":{"t":"GLID"},"F88":{"t":"PA31"},"F8B":{"desc":"L1P"},"F8D":{"t":"E75L"},"F8F":{"desc":"L1P"},"F90":{"desc":"L1P"},"F92":{"t":"S22T"},"F93":{"desc":"L1P"},"F95":{"t":"P51"},"F96":{"desc":"L1P"},"F99":{"desc":"L1P"},"F9A":{"t":"R44"},"F9B":{"t":"PA46"},"F9D":{"t":"P51"},"FA0":{"t":"BALL"},"FAD":{"desc":"L1E"},"FB0":{"desc":"L1P","t":"ULAC"},"FB6":{"t":"A306"},"FBD":{"t":"A321"},"FD1":{"desc":"L1P","t":"ULAC"},"FD3":{"t":"BE35"},"FD4":{"t":"C72R"},"FDA":{"t":"P51"},"FDB":{"t":"BE60"},"FDC":{"desc":"L1P"},"FE0":{"t":"A109"},"FE1":{"t":"GLID"},"FE8":{"desc":"L1P"},"FEC":{"t":"BE20"},"FF3":{"t":"P51"},"FFE":{"t":"C56X"}}