{"009":{"t":"L39"},"00C":{"desc":"L1P"},"010":{"t":"C680"},"024":{"desc":"L1P"},"025":{"desc":"L2T"},"02A":{"t":"DC3"},"02C":{"t":"T206"},"041":{"t":"BALL"},"045":{"t":"C421"},"046":{"desc":"L1P"},"049":{"t":"B06"},"04D":{"t":"C150"},"04F":{"t":"BE35"},"050":{"t":"TAYB"},"052":{"desc":"L1P"},"053":{"desc":"L1P","t":"ULAC"},"054":{"t":"P28R"},"055":{"t":"C172"},"057":{"t":"P28A"},"058":{"t":"P28A"},"059":{"t":"AT5T"},"05A":{"t":"BALL"},"05B":{"t":"P28A"},"05C":{"t":"P28A"},"05D":{"t":"P28A"},"05E":{"t":"P28A"},"061":{"t":"P28R"},"062":{"t":"B763"},"063":{"t":"BALL"},"064":{"t":"C180"},"065":{"t":"BALL"},"066":{"t":"CH7A"},"06A":{"t":"BALL"},"06C":{"t":"B06"},"06D":{"t":"BALL"},"06E":{"t":"J3"},"072":{"t":"BALL"},"076":{"t":"BE58"},"078":{"t":"BALL"},"07B":{"t":"BALL"},"07C":{"desc":"L1P"},"07D":{"t":"BALL"},"07E":{"desc":"L1P"},"07F":{"t":"P28A"},"081":{"desc":"L1P"},"082":{"t":"P28R"},"085":{"t":"BALL"},"086":{"t":"L8"},"087":{"t":"C180"},"089":{"t":"UH12"},"08A":{"t":"C185"},"08D":{"t":"P28A"},"090":{"t":"BALL"},"091":{"t":"BALL"},"093":{"t":"C150"},"095":{"t":"BE35"},"099":{"t":"BE35"},"09E":{"t":"P28A"},"09F":{"t":"P28A"},"0A0":{"t":"P28A"},"0A2":{"t":"P28R"},"0A3":{"t":"PA32"},"0A5":{"desc":"L1P"},"0A9":{"desc":"L1P"},"0AA":{"t":"C180"},"0AB":{"t":"C190"},"0AD":{"t":"BALL"},"0B8":{"t":"BE33"},"0B9":{"t":"PA32"},"0BA":{"t":"BALL"},"0BC":{"t":"BALL"},"0BD":{"t":"P28A"},"0BE":{"t":"C172"},"0C2":{"t":"P28A"},"0C3":{"desc":"L1P"},"0C4":{"t":"PA32"},"0C5":{"desc":"L1P"},"0C7":{"t":"PA32"},"0C8":{"t":"C172"},"0CB":{"t":"PA20"},"0CC":{"t":"BE33"},"0CD":{"t":"BALL"},"0CE":{"t":"C195"},"0D1":{"t":"BALL"},"0D3":{"t":"P28A"},"0D4":{"t":"BALL"},"0D6":{"t":"C182"},"0D9":{"t":"C150"},"0DA":{"t":"BALL"},"0DC":{"t":"P28A"},"0DE":{"t":"C172"},"0DF":{"t":"BALL"},"0E0":{"t":"P28R"},"0E2":{"t":"BE35"},"0E3":{"t":"P28A"},"0E4":{"t":"P28A"},"0E8":{"t":"PA34"},"0EB":{"t":"P28A"},"0EF":{"t":"GLID"},"0F0":{"t":"C180"},"0F1":{"t":"C190"},"0F2":{"t":"BALL"},"0F3":{"t":"C185"},"0F4":{"t":"AT5T"},"0F9":{"t":"BE33"},"0FC":{"t":"C150"},"0FD":{"t":"AA5"},"0FF":{"t":"P28R"},"102":{"t":"BE58"},"104":{"t":"BALL"},"105":{"t":"BE35"},"107":{"t":"P28R"},"108":{"t":"P28B"},"109":{"t":"P28B"},"10A":{"t":"PA32"},"10D":{"t":"BALL"},"10F":{"t":"P28A"},"111":{"t":"PA20"},"113":{"t":"C180"},"116":{"t":"BALL"},"118":{"t":"BALL"},"119":{"t":"P28A"},"11A":{"t":"BALL"},"11B":{"desc":"L1P","t":"ULAC"},"11C":{"t":"BE36"},"11E":{"t":"PA22"},"11F":{"t":"C150"},"120":{"t":"AA5"},"122":{"t":"BALL"},"124":{"t":"C172"},"126":{"t":"CH7B"},"128":{"t":"BE35"},"129":{"t":"P28A"},"12B":{"t":"BALL"},"12C":{"t":"BALL"},"12D":{"t":"BALL"},"12E":{"desc":"L3P"},"130":{"t":"BALL"},"132":{"t":"P28R"},"133":{"desc":"L1P"},"134":{"t":"PA20"},"135":{"desc":"L1P"},"138":{"t":"C172"},"139":{"t":"C185"},"13A":{"t":"GLF4"},"13B":{"t":"BALL"},"13C":{"t":"P28A"},"13D":{"desc":"H4E"},"143":{"t":"BALL"},"144":{"desc":"L1P"},"146":{"desc":"L1P"},"147":{"t":"BALL"},"149":{"t":"P28R"},"14B":{"t":"BE33"},"14C":{"desc":"L1P"},"14D":{"t":"P28B"},"14E":{"t":"PA32"},"14F":{"desc":"L1P"},"152":{"t":"P28A"},"153":{"t":"P28B"},"155":{"t":"P28A"},"156":{"desc":"L1P"},"15A":{"t":"C195"},"15B":{"t":"CH7A"},"15C":{"t":"BALL"},"15D":{"t":"BE20"},"161":{"t":"BALL"},"165":{"t":"C150"},"166":{"t":"AA1"},"169":{"desc":"L1P"},"16B":{"desc":"L1P"},"16C":{"desc":"H4E"},"16E":{"t":"AT3T"},"16F":{"desc":"L1P"},"175":{"t":"BE36"},"177":{"desc":"L1P"},"178":{"t":"AT5T"},"17A":{"t":"BALL"},"17C":{"t":"C180"},"17E":{"t":"BALL"},"181":{"t":"BALL"},"182":{"t":"BALL"},"185":{"t":"BALL"},"187":{"t":"PA22"},"188":{"t":"C150"},"189":{"t":"AA5"},"18A":{"t":"BE33"},"18B":{"t":"PA34"},"18C":{"t":"AT5T"},"18D":{"t":"C172"},"18F":{"t":"P28A"},"190":{"t":"C172"},"191":{"t":"AT5T"},"192":{"t":"P28A"},"193":{"t":"P28R"},"195":{"t":"BALL"},"196":{"t":"C172"},"197":{"t":"GLID"},"19A":{"t":"PA32"},"19C":{"desc":"L1P"},"19D":{"t":"SIRA"},"19E":{"t":"A321"},"19F":{"desc":"L1P"},"1A2":{"desc":"H2T"},"1A3":{"desc":"L2T"},"1A4":{"desc":"L1P"},"1A8":{"t":"P46T"},"1A9":{"t":"B407"},"1AB":{"t":"C152"},"1B1":{"desc":"H4E"},"1B2":{"t":"C152"},"1B5":{"t":"C152"},"1B6":{"t":"BE35"},"1B8":{"t":"C152"},"1BA":{"desc":"L1J"},"1BC":{"t":"T206"},"1BD":{"t":"BE55"},"1BE":{"t":"H60"},"1BF":{"t":"C152"},"1C2":{"t":"C152"},"1C8":{"t":"P210"},"1C9":{"t":"C152"},"1CC":{"desc":"L1P"},"1CF":{"desc":"L2P"},"1D0":{"t":"B06"},"1D3":{"t":"SR22"},"1D5":{"t":"C182"},"1D8":{"t":"C152"},"1DB":{"t":"YK52"},"1DD":{"t":"C182"},"1DF":{"desc":"L1P"},"1E0":{"desc":"L1P"},"1E4":{"t":"HUSK"},"1E8":{"t":"BE9L"},"1EA":{"t":"P32R"},"1EB":{"t":"P28A"},"1F3":{"t":"B763"},"1F4":{"t":"C152"},"1F6":{"desc":"H1P"},"1FE":{"t":"C152"},"200":{"t":"C152"},"201":{"t":"WACF"},"207":{"t":"C152"},"211":{"t":"C152"},"21A":{"t":"GLID"},"21B":{"t":"C152"},"21D":{"t":"C152"},"21F":{"t":"B763"},"223":{"t":"FA50"},"233":{"t":"ULAC"},"235":{"t":"C152"},"236":{"t":"EC30"},"239":{"t":"C152"},"23B":{"desc":"L1P"},"244":{"t":"C152"},"245":{"t":"C152"},"248":{"desc":"L1P"},"252":{"t":"C152"},"25C":{"t":"C152"},"25D":{"t":"M7"},"261":{"t":"C152"},"265":{"t":"C152"},"267":{"desc":"L1P"},"26C":{"desc":"H1P"},"26D":{"t":"C560"},"270":{"t":"C152"},"271":{"desc":"L1P"},"273":{"t":"BE35"},"277":{"t":"S22T"},"27A":{"desc":"L1P"},"27E":{"desc":"L2P"},"27F":{"t":"C150"},"280":{"t":"R66"},"292":{"t":"C525"},"297":{"t":"C152"},"298":{"t":"AT5T"},"29C":{"t":"C152"},"29D":{"t":"C152"},"29F":{"t":"P28A"},"2A5":{"t":"BALL"},"2A8":{"desc":"H6E"},"2A9":{"t":"C152"},"2B0":{"t":"C170"},"2B2":{"t":"ULAC"},"2B3":{"t":"C152"},"2B5":{"t":"C182"},"2B6":{"t":"C152"},"2BB":{"t":"C150"},"2C2":{"desc":"L1P"},"2C5":{"t":"C152"},"2C7":{"desc":"H1P"},"2DA":{"t":"C152"},"2E2":{"t":"C182"},"2E5":{"desc":"H4E"},"2E8":{"t":"C152"},"2EA":{"t":"A139"},"2EC":{"t":"C150"},"2F2":{"t":"C152"},"2F3":{"desc":"L1P","t":"ULAC"},"2F4":{"t":"C152"},"2F7":{"t":"GLID"},"30C":{"t":"GLEX"},"316":{"desc":"L1P"},"319":{"t":"C152"},"31A":{"t":"T206"},"325":{"t":"YK52"},"328":{"desc":"L1P"},"32A":{"desc":"L1P"},"32D":{"t":"R44"},"32E":{"t":"C172"},"32F":{"t":"SR22"},"330":{"desc":"L1P","t":"ULAC"},"331":{"t":"SR22"},"336":{"t":"C152"},"337":{"t":"C152"},"338":{"t":"C152"},"33B":{"t":"C152"},"33C":{"t":"C152"},"33D":{"t":"SR22"},"33E":{"t":"GLID"},"33F":{"desc":"L1P"},"342":{"t":"P28B"},"344":{"t":"E75L"},"346":{"t":"BE35"},"34A":{"desc":"L1P"},"34E":{"t":"PA18"},"34F":{"desc":"L1P"},"352":{"t":"C152"},"354":{"desc":"L1J"},"356":{"t":"C152"},"359":{"t":"ASTO"},"35F":{"t":"BE60"},"362":{"t":"C152"},"365":{"t":"C152"},"36A":{"t":"ULAC"},"36D":{"t":"A306"},"374":{"t":"A321"},"375":{"desc":"A1E"},"391":{"t":"C152"},"392":{"t":"C152"},"397":{"t":"P46T"},"399":{"t":"C152"},"39B":{"t":"SR22"},"39C":{"t":"BE20"},"39D":{"t":"GLID"},"39F":{"desc":"L1P","t":"ULAC"},"3A2":{"desc":"L1P"},"3A6":{"t":"BE9L"},"3BC":{"t":"C152"},"3CD":{"t":"YK52"},"3F5":{"t":"AA5"},"3F6":{"t":"PA20"},"3F7":{"t":"L8"},"3F8":{"t":"BALL"},"3FA":{"t":"CH7A"},"3FC":{"t":"BE33"},"3FD":{"t":"BALL"},"400":{"t":"BALL"},"402":{"t":"BALL"},"404":{"t":"AT3T"},"405":{"t":"AA5"},"407":{"t":"P28A"},"409":{"t":"BE35"},"40A":{"t":"BE33"},"40C":{"t":"C172"},"40E":{"t":"P28B"},"40F":{"t":"P28B"},"411":{"t":"P28A"},"412":{"t":"P28A"},"413":{"desc":"L1P"},"414":{"t":"T206"},"415":{"t":"P28R"},"416":{"t":"P28B"},"417":{"t":"BALL"},"418":{"t":"GLID"},"419":{"t":"BALL"},"41A":{"t":"L8"},"41B":{"t":"C180"},"41F":{"t":"BALL"},"420":{"t":"C77R"},"423":{"t":"BALL"},"428":{"t":"AA5"},"42B":{"t":"BALL"},"42C":{"t":"C172"},"42D":{"t":"BALL"},"42F":{"t":"BALL"},"431":{"t":"AT3T"},"432":{"desc":"L1P"},"433":{"desc":"L2P"},"436":{"t":"PA34"},"437":{"desc":"L1P"},"43A":{"t":"P28B"},"43B":{"desc":"L1P"},"43C":{"t":"PA20"},"43D":{"t":"L8"},"43E":{"t":"C180"},"441":{"t":"CH7A"},"443":{"t":"BALL"},"444":{"t":"P28A"},"446":{"t":"BE36"},"447":{"t":"ST75"},"449":{"t":"BALL"},"44B":{"t":"C172"},"44C":{"t":"BE33"},"44E":{"t":"BALL"},"44F":{"t":"C172"},"451":{"t":"P28R"},"452":{"t":"C172"},"456":{"t":"C172"},"457":{"t":"P28A"},"458":{"t":"P28A"},"459":{"t":"BALL"},"45A":{"t":"P28R"},"45B":{"t":"P28B"},"45C":{"t":"P28R"},"45E":{"t":"A320"},"463":{"t":"CH7A"},"464":{"t":"C185"},"465":{"t":"BALL"},"466":{"t":"BALL"},"467":{"t":"P28A"},"468":{"t":"BALL"},"469":{"t":"BALL"},"46C":{"t":"BE33"},"46D":{"t":"C150"},"46E":{"t":"AA5"},"46F":{"t":"BE33"},"470":{"t":"UH12"},"472":{"t":"C172"},"473":{"t":"BE33"},"475":{"t":"C172"},"478":{"desc":"L1P"},"479":{"desc":"L1P"},"47A":{"desc":"L1P"},"47C":{"t":"P28A"},"47F":{"t":"PA32"},"482":{"t":"BALL"},"483":{"desc":"L1P"},"485":{"t":"C195"},"486":{"t":"CH7A"},"487":{"t":"BALL"},"48A":{"t":"P28A"},"48F":{"t":"PA22"},"490":{"t":"C150"},"491":{"t":"BALL"},"492":{"t":"BE33"},"493":{"t":"GLID"},"494":{"t":"BALL"},"495":{"t":"BALL"},"499":{"t":"BE55"},"49A":{"t":"PA32"},"49B":{"t":"WACF"},"49C":{"t":"C182"},"49D":{"t":"P28A"},"49E":{"desc":"L1P"},"49F":{"t":"BALL"},"4A0":{"t":"P28A"},"4A1":{"t":"P28A"},"4A2":{"t":"P28A"},"4A3":{"desc":"L1P"},"4A4":{"desc":"L2P"},"4A5":{"t":"BALL"},"4A7":{"desc":"L1P","t":"ULAC"},"4A8":{"t":"C190"},"4AA":{"t":"H269"},"4AB":{"t":"BALL"},"4AC":{"t":"C77R"},"4AD":{"t":"P28A"},"4AF":{"t":"BALL"},"4B0":{"t":"ULAC"},"4B1":{"t":"J3"},"4B4":{"t":"BALL"},"4B5":{"t":"BE35"},"4B6":{"t":"M20P"},"4B9":{"t":"BE36"},"4BA":{"t":"BALL"},"4BB":{"t":"BALL"},"4BD":{"t":"P28R"},"4BE":{"t":"P28B"},"4BF":{"desc":"L1P"},"4C2":{"t":"C172"},"4C3":{"t":"P28R"},"4C4":{"desc":"L1P"},"4C5":{"desc":"L1P"},"4C8":{"t":"PA20"},"4CC":{"t":"CH7A"},"4CD":{"t":"C185"},"4CF":{"t":"C77R"},"4D0":{"t":"P28A"},"4D2":{"t":"BALL"},"4D3":{"t":"BE58"},"4D5":{"t":"PA22"},"4D6":{"t":"C150"},"4D7":{"t":"BALL"},"4D8":{"t":"BE35"},"4DA":{"t":"BALL"},"4DB":{"t":"C172"},"4DC":{"t":"BE55"},"4DD":{"desc":"H4E"},"4DE":{"t":"BALL"},"4DF":{"t":"BALL"},"4E4":{"t":"P28A"},"4E5":{"t":"P28B"},"4E6":{"t":"P28B"},"4E8":{"t":"PA32"},"4E9":{"t":"BALL"},"4EA":{"desc":"G1P"},"4ED":{"t":"SR22"},"4EF":{"t":"BALL"},"4F1":{"t":"C421"},"4F3":{"t":"BALL"},"4F5":{"t":"BALL"},"4F9":{"t":"BALL"},"4FA":{"t":"AA5"},"4FB":{"t":"BALL"},"4FC":{"t":"BALL"},"4FD":{"t":"BALL"},"4FF":{"t":"BE35"},"500":{"desc":"H4E"},"501":{"t":"C172"},"502":{"t":"BALL"},"503":{"t":"P28R"},"505":{"t":"P28A"},"506":{"t":"P28A"},"507":{"t":"P28A"},"509":{"t":"BALL"},"50A":{"t":"P28B"},"50B":{"t":"BE36"},"50F":{"t":"L8"},"510":{"t":"BALL"},"511":{"t":"C195"},"512":{"t":"CH7A"},"516":{"t":"P28A"},"517":{"t":"BE36"},"519":{"t":"BALL"},"51E":{"t":"BE35"},"520":{"t":"BALL"},"523":{"t":"P28A"},"524":{"t":"C172"},"525":{"t":"BALL"},"527":{"t":"BALL"},"528":{"t":"P28A"},"529":{"t":"P28A"},"52A":{"t":"P28A"},"52C":{"desc":"L1P"},"52D":{"desc":"L1P"},"52E":{"desc":"L1P"},"52F":{"t":"P28R"},"530":{"desc":"L1P"},"532":{"t":"L8"},"533":{"t":"C180"},"535":{"t":"AT5T"},"536":{"t":"C185"},"537":{"t":"BALL"},"538":{"t":"AT5T"},"539":{"t":"P28A"},"53B":{"t":"BE33"},"53E":{"t":"PA22"},"540":{"t":"AA5"},"541":{"t":"BE55"},"543":{"t":"AT3T"},"545":{"t":"AT3P"},"54A":{"t":"P28B"},"54C":{"t":"PA32"},"54E":{"desc":"L1P"},"550":{"t":"P28A"},"551":{"t":"P28A"},"552":{"t":"P28A"},"554":{"desc":"H1P"},"555":{"t":"HUSK"},"556":{"desc":"L1P"},"557":{"t":"BL8"},"559":{"t":"AS50"},"560":{"t":"C177"},"561":{"t":"A321"},"564":{"desc":"H1P"},"565":{"t":"P28R"},"56D":{"t":"B47G"},"56E":{"desc":"L1P"},"56F":{"desc":"L1P"},"570":{"desc":"L1P"},"571":{"desc":"L1P"},"573":{"desc":"L1P","t":"ULAC"},"575":{"t":"H60"},"57B":{"desc":"L1P"},"57F":{"desc":"L1P"},"582":{"t":"SR22"},"586":{"t":"HUSK"},"589":{"desc":"A1P"},"58A":{"t":"SR20"},"58F":{"t":"C25A"},"590":{"t":"SR22"},"592":{"t":"COL4"},"594":{"t":"ULAC"},"597":{"t":"C82S"},"5A1":{"desc":"H2T"},"5A3":{"desc":"L1P"},"5A7":{"t":"ULAC"},"5AA":{"t":"B763"},"5AB":{"desc":"L1P"},"5AF":{"desc":"L1P"},"5B0":{"t":"DA40"},"5B1":{"desc":"A1P"},"5B4":{"desc":"L1P"},"5B8":{"t":"SR22"},"5BF":{"desc":"L1P"},"5C1":{"t":"PA31"},"5C3":{"t":"HUSK"},"5D4":{"t":"C182"},"5D6":{"t":"B763"},"5E1":{"t":"SR20"},"5EA":{"t":"BL8"},"5EB":{"t":"B190"},"5EC":{"desc":"A1P"},"5ED":{"t":"EC30"},"5F2":{"t":"H269"},"5F5":{"t":"B190"},"5F6":{"t":"PTS2"},"5FC":{"desc":"L1P"},"603":{"t":"B222"},"611":{"desc":"L1P"},"615":{"t":"H269"},"61C":{"desc":"L1P"},"61E":{"desc":"L1P"},"61F":{"desc":"L1P","t":"ULAC"},"620":{"t":"ERCO"},"623":{"t":"BE9L"},"624":{"desc":"L1P"},"628":{"t":"PA18"},"62A":{"desc":"L1P"},"631":{"desc":"L1P"},"635":{"desc":"L1P"},"638":{"desc":"A1P","t":"ULAC"},"639":{"desc":"L2T"},"64E":{"t":"B350"},"64F":{"t":"R44"},"650":{"t":"BALL"},"655":{"t":"PC12"},"656":{"t":"P28A"},"657":{"t":"RV12"},"659":{"desc":"H1T","t":"B505"},"65A":{"t":"PA27"},"667":{"desc":"L1P"},"668":{"t":"DV20"},"66A":{"desc":"L1P"},"671":{"t":"PA32"},"673":{"t":"BALL"},"679":{"t":"C152"},"67C":{"t":"GLID"},"681":{"t":"T6"},"69B":{"t":"PC12"},"69C":{"t":"C172"},"69D":{"t":"B06"},"6A1":{"t":"A139"},"6A5":{"t":"C525"},"6A7":{"t":"C182"},"6A8":{"t":"CRJ9"},"6A9":{"desc":"L1P"},"6AA":{"desc":"H1P"},"6AB":{"desc":"L1P","t":"ULAC"},"6AE":{"t":"GLID"},"6C3":{"desc":"L2T"},"6CB":{"t":"C310"},"6CC":{"t":"CH7B"},"6CD":{"t":"LJ31"},"6D0":{"desc":"L1P"},"6D4":{"desc":"L1P"},"6D9":{"desc":"L1P"},"6DC":{"desc":"H1P"},"6DD":{"desc":"L1P"},"6DF":{"desc":"L1P"},"6E5":{"t":"B06"},"6E7":{"t":"ULAC"},"6E8":{"t":"B06"},"6EB":{"t":"C680"},"6EC":{"t":"R22"},"6ED":{"desc":"L1P"},"6EE":{"t":"C152"},"6EF":{"t":"P180"},"6F0":{"t":"P28A"},"6F4":{"t":"SR22"},"6F6":{"t":"ULAC"},"6F9":{"t":"FDCT"},"6FB":{"t":"E75L"},"6FD":{"t":"C550"},"6FE":{"t":"C182"},"6FF":{"desc":"L1P"},"700":{"t":"P46T"},"701":{"desc":"L1P"},"706":{"t":"C25A"},"707":{"desc":"L1P"},"70E":{"t":"DA42"},"70F":{"desc":"L1P"},"712":{"desc":"L1P"},"724":{"t":"A306"},"72B":{"t":"A321"},"72C":{"desc":"L1E"},"72F":{"t":"GLID"},"73F":{"desc":"L1P","t":"ULAC"},"748":{"desc":"L1P","t":"ULAC"},"74A":{"t":"PA27"},"74E":{"t":"R44"},"754":{"t":"T206"},"756":{"desc":"L1P","t":"ULAC"},"759":{"t":"C170"},"75D":{"desc":"L1P"},"761":{"t":"PC12"},"76F":{"desc":"L1P","t":"H25B"},"7AE":{"t":"L8"},"7AF":{"t":"C180"},"7B5":{"t":"P28A"},"7B8":{"t":"C182"},"7B9":{"t":"BALL"},"7BD":{"t":"BE35"},"7C0":{"t":"C172"},"7C1":{"t":"BE35"},"7C2":{"t":"P28R"},"7C3":{"t":"C172"},"7C7":{"t":"P28R"},"7C9":{"t":"P28B"},"7CE":{"t":"P28A"},"7D1":{"desc":"L1P"},"7D2":{"t":"SR22"},"7D5":{"t":"C185"},"7D6":{"t":"AT3T"},"7D8":{"t":"P28A"},"7D9":{"t":"L8"},"7DB":{"desc":"L1P"},"7DF":{"t":"AA5"},"7E0":{"t":"AT8T"},"7E3":{"t":"C172"},"7E4":{"t":"BE36"},"7E7":{"t":"BE55"},"7E8":{"t":"P28A"},"7E9":{"t":"P28A"},"7EB":{"t":"P28R"},"7EE":{"t":"PA32"},"7EF":{"t":"S22T"},"7F0":{"t":"P28A"},"7F1":{"t":"P28A"},"7F6":{"t":"C195"},"7FA":{"t":"AT3T"},"7FB":{"t":"P28A"},"7FE":{"t":"P46T"},"802":{"t":"AA5"},"806":{"t":"PA18"},"807":{"desc":"L1P","t":"ULAC"},"808":{"t":"PA34"},"80A":{"t":"BE35"},"80B":{"t":"P28A"},"80D":{"t":"P28A"},"80E":{"t":"P28A"},"80F":{"t":"P28R"},"812":{"t":"P28A"},"816":{"t":"PA20"},"817":{"t":"L8"},"819":{"t":"C195"},"81A":{"t":"PA34"},"81B":{"t":"BALL"},"81C":{"t":"BALL"},"81E":{"t":"P28A"},"81F":{"t":"L8"},"823":{"t":"PA22"},"825":{"t":"AA5"},"826":{"t":"AT3T"},"82A":{"t":"BE33"},"82B":{"t":"P28A"},"830":{"t":"BALL"},"831":{"desc":"L1P"},"832":{"t":"P28R"},"83A":{"t":"L8"},"83C":{"t":"AT3T"},"83D":{"t":"C172"},"83E":{"t":"C185"},"83F":{"t":"C421"},"840":{"t":"C77R"},"841":{"t":"P28A"},"842":{"t":"L8"},"844":{"t":"ST75"},"845":{"t":"J3"},"849":{"desc":"L1P"},"84E":{"desc":"H4E"},"84F":{"t":"C172"},"851":{"t":"PA34"},"854":{"t":"P28A"},"856":{"t":"FA24"},"85A":{"t":"PA32"},"85B":{"desc":"L1P"},"85C":{"t":"PA20"},"85F":{"t":"C190"},"862":{"t":"BALL"},"863":{"t":"C77R"},"864":{"t":"P28A"},"865":{"t":"L8"},"867":{"t":"ST75"},"86C":{"t":"BE35"},"870":{"t":"BE33"},"871":{"t":"PA32"},"872":{"t":"C172"},"873":{"t":"BE35"},"878":{"t":"P28A"},"879":{"t":"P28B"},"87A":{"desc":"L1P"},"87B":{"t":"BALL"},"87C":{"t":"P28B"},"87D":{"t":"P28A"},"87E":{"desc":"L1P"},"87F":{"t":"PA20"},"881":{"t":"BALL"},"887":{"t":"P28A"},"88A":{"t":"GLID"},"88E":{"t":"AA5"},"894":{"t":"PA34"},"895":{"t":"C172"},"896":{"t":"AT3P"},"897":{"t":"P28A"},"898":{"t":"P28A"},"89A":{"t":"P28B"},"89E":{"t":"P28A"},"8A3":{"t":"GLID"},"8A4":{"t":"C180"},"8A6":{"t":"CH7A"},"8AA":{"t":"P28A"},"8AB":{"t":"L8"},"8B1":{"t":"COL4"},"8B5":{"desc":"L1P"},"8B7":{"t":"P28A"},"8B8":{"t":"C172"},"8B9":{"t":"H269"},"8BC":{"t":"P28A"},"8BD":{"t":"P28A"},"8BE":{"t":"P28A"},"8C0":{"t":"P28A"},"8C1":{"t":"P28A"},"8C2":{"t":"P28A"},"8C3":{"t":"P28R"},"8C5":{"t":"BALL"},"8C6":{"t":"L8"},"8C9":{"t":"CH7A"},"8CB":{"t":"BE36"},"8CC":{"t":"BE36"},"8CF":{"t":"BALL"},"8D2":{"t":"PA22"},"8D3":{"t":"BALL"},"8D4":{"t":"AA5"},"8D5":{"t":"BE35"},"8D8":{"t":"C172"},"8DA":{"t":"P28R"},"8DB":{"t":"C172"},"8DC":{"t":"RV12"},"8DD":{"t":"P28R"},"8DE":{"t":"P28B"},"8E0":{"t":"PA32"},"8E4":{"desc":"L1P"},"8E5":{"t":"P28A"},"8E8":{"t":"PA20"},"8EA":{"t":"SR22"},"8EC":{"t":"C172"},"8EF":{"t":"C77R"},"8F3":{"t":"C182"},"8FB":{"t":"BE36"},"8FC":{"t":"BE36"},"8FD":{"t":"AT5T"},"8FF":{"t":"BE35"},"901":{"t":"P28A"},"902":{"t":"P28A"},"906":{"t":"P28B"},"907":{"t":"P28B"},"90A":{"t":"P28A"},"90C":{"t":"A321"},"90D":{"desc":"L1P"},"90E":{"t":"S64"},"911":{"t":"PC24"},"915":{"t":"LJ60"},"917":{"desc":"H1T"},"91B":{"desc":"L1P"},"91C":{"t":"GLID"},"91D":{"desc":"L1J"},"91F":{"t":"P28A"},"923":{"desc":"L1P"},"924":{"desc":"L1P"},"926":{"t":"R22"},"927":{"t":"C210"},"92A":{"desc":"L1P","t":"ULAC"},"92D":{"t":"P32R"},"936":{"desc":"L1P","t":"ULAC"},"93C":{"t":"M20T"},"93D":{"t":"GLF4"},"93E":{"t":"PAY2"},"93F":{"t":"BALL"},"943":{"t":"T6"},"946":{"desc":"L1P"},"94D":{"t":"S22T"},"94E":{"t":"SR22"},"94F":{"t":"FDCT"},"956":{"t":"BE55"},"957":{"t":"C150"},"958":{"t":"YK54"},"959":{"t":"PA32"},"95A":{"t":"AEST"},"95D":{"t":"C140"},"95F":{"t":"C303"},"960":{"desc":"L1P"},"961":{"t":"B763"},"962":{"desc":"L1P"},"964":{"desc":"L1P"},"966":{"t":"P46T"},"967":{"t":"DA40"},"96F":{"t":"C150"},"970":{"t":"CRJ2"},"975":{"t":"C210"},"977":{"desc":"H1T"},"97F":{"t":"P28A"},"98B":{"t":"C182"},"98D":{"t":"B763"},"99A":{"t":"P28A"},"99C":{"t":"GLF4"},"9A1":{"t":"GLF4"},"9A2":{"t":"B190"},"9A4":{"t":"EC30"},"9AC":{"t":"B190"},"9B1":{"t":"AA5"},"9B6":{"desc":"L1P"},"9C8":{"t":"PA46"},"9CA":{"t":"T206"},"9D3":{"desc":"L1P","t":"ULAC"},"9D5":{"t":"C152"},"9DA":{"desc":"L1P"},"9DD":{"t":"C560"},"9E0":{"t":"SR22"},"9E1":{"desc":"L1P"},"9EC":{"desc":"A1P"},"9F2":{"t":"B350"},"A06":{"t":"FA50"},"A0D":{"desc":"L2P"},"A16":{"t":"SR22"},"A1E":{"t":"BE36"},"A1F":{"desc":"L1P"},"A20":{"desc":"L1P","t":"ULAC"},"A22":{"desc":"L1P"},"A28":{"desc":"L1P"},"A2A":{"desc":"L1J"},"A2C":{"t":"M20P"},"A31":{"t":"BALL"},"A33":{"desc":"L1P"},"A37":{"t":"BE50"},"A45":{"desc":"L1T"},"A51":{"t":"P28A"},"A53":{"t":"PA27"},"A54":{"t":"B06"},"A5A":{"desc":"L1P"},"A5C":{"t":"GLID"},"A62":{"t":"P28U"},"A69":{"t":"BE55"},"A7A":{"t":"GLEX"},"A82":{"desc":"H1P"},"A83":{"t":"CH7B"},"A85":{"desc":"L1P"},"A8D":{"desc":"A1P","t":"ULAC"},"A90":{"t":"AS50"},"A92":{"t":"H25B"},"A93":{"desc":"L1P"},"A94":{"t":"LJ31"},"A96":{"desc":"L1P"},"A97":{"desc":"L1T"},"A9C":{"t":"B06"},"A9D":{"t":"C208"},"A9F":{"t":"SR20"},"AA3":{"t":"R22"},"AA5":{"t":"C152"},"AA7":{"desc":"L1P"},"AA9":{"t":"M20P"},"AAD":{"t":"ULAC"},"AB0":{"t":"C150"},"AB2":{"t":"E75L"},"AB4":{"t":"PA18"},"AB5":{"desc":"L16E"},"AB6":{"desc":"L1P"},"ABF":{"t":"UH1"},"AC2":{"desc":"L1J"},"AC4":{"t":"ULAC"},"AC6":{"t":"C414"},"ACA":{"desc":"L1P"},"ACE":{"t":"GLID"},"ADB":{"t":"A306"},"AE2":{"t":"A321"},"AE3":{"desc":"H4E"},"AE6":{"desc":"L1P"},"AF6":{"desc":"L1P","t":"ULAC"},"AFF":{"desc":"L1P"},"B05":{"t":"SR20"},"B09":{"t":"CH7B"},"B0D":{"t":"S22T"},"B14":{"t":"PA31"},"B53":{"t":"HUSK"},"B58":{"t":"SHIP"},"B63":{"t":"G280"},"B64":{"t":"PA20"},"B65":{"t":"L8"},"B66":{"t":"SR22"},"B6B":{"t":"C77R"},"B6C":{"t":"P28A"},"B6F":{"t":"C182"},"B73":{"t":"AA5"},"B74":{"t":"AT5T"},"B7D":{"t":"P28A"},"B7E":{"t":"P28A"},"B81":{"t":"P28A"},"B82":{"t":"P28A"},"B88":{"t":"L8"},"B89":{"t":"P28B"},"B8A":{"t":"C195"},"B8C":{"t":"C185"},"B8E":{"t":"C77R"},"B8F":{"t":"P28A"},"B94":{"t":"PA22"},"B96":{"t":"AA5"},"B97":{"desc":"L1P"},"B99":{"t":"C172"},"B9B":{"t":"BE36"},"B9C":{"t":"PA32"},"B9F":{"t":"P28B"},"BA3":{"t":"P28A"},"BA6":{"t":"P28A"},"BA9":{"t":"BE20"},"BB0":{"desc":"H1T"},"BB1":{"t":"C77R"},"BB5":{"t":"C182"},"BB6":{"t":"J3"},"BB7":{"t":"PA22"},"BB9":{"t":"AA5"},"BBC":{"t":"C206"},"BC4":{"t":"P28A"},"BC5":{"t":"P28A"},"BC8":{"t":"P28A"},"BC9":{"desc":"L1P"},"BCB":{"desc":"L1P"},"BCC":{"desc":"L1T"},"BD1":{"t":"BALL"},"BD3":{"t":"C421"},"BD5":{"t":"P28A"},"BD8":{"t":"BALL"},"BDC":{"t":"AA5"},"BDE":{"t":"C82S"},"BEA":{"t":"P28A"},"BEC":{"desc":"L1P"},"BED":{"t":"P28A"},"BEE":{"t":"AT3P"},"BEF":{"desc":"L1P"},"BF0":{"t":"PA20"},"BF1":{"t":"L8"},"BF2":{"t":"C172"},"BF4":{"t":"C172"},"BF7":{"t":"C77R"},"BF8":{"t":"P28A"},"BF9":{"t":"L8"},"BFF":{"t":"AT3T"},"C00":{"t":"BE35"},"C02":{"t":"BALL"},"C03":{"t":"BE9L"},"C06":{"t":"BALL"},"C08":{"desc":"L1P"},"C0A":{"t":"P28B"},"C0C":{"desc":"L1P"},"C0E":{"t":"P28A"},"C11":{"t":"AT3P"},"C12":{"desc":"L1P"},"C13":{"t":"PA20"},"C14":{"t":"L8"},"C15":{"t":"C180"},"C17":{"t":"C172"},"C19":{"t":"T210"},"C1B":{"t":"P28A"},"C20":{"t":"PA22"},"C22":{"t":"AA5"},"C23":{"t":"BE33"},"C24":{"t":"BALL"},"C27":{"t":"BE58"},"C29":{"t":"BE33"},"C2A":{"t":"BE55"},"C2B":{"t":"P28A"},"C2E":{"desc":"L2T"},"C2F":{"t":"BE33"},"C32":{"desc":"L1P"},"C37":{"t":"L8"},"C38":{"t":"C180"},"C3A":{"t":"CH7A"},"C3B":{"t":"BE36"},"C3D":{"t":"AT8T"},"C42":{"t":"J3"},"C44":{"t":"C150"},"C45":{"t":"BE33"},"C46":{"t":"BE35"},"C48":{"t":"AT3P"},"C49":{"t":"C172"},"C4B":{"t":"AT3P"},"C4C":{"t":"BE33"},"C4E":{"t":"S76"},"C50":{"desc":"L1P"},"C53":{"desc":"L1P"},"C5B":{"t":"SR22"},"C62":{"t":"COL4"},"C64":{"t":"C182"},"C67":{"t":"C150"},"C6A":{"t":"ASTO"},"C6B":{"t":"AT5T"},"C6E":{"t":"P28R"},"C6F":{"t":"C172"},"C70":{"t":"BE33"},"C71":{"t":"P28A"},"C72":{"t":"P28A"},"C73":{"t":"P28A"},"C74":{"t":"P28R"},"C76":{"t":"P28B"},"C77":{"t":"PA32"},"C7C":{"t":"PA20"},"C7E":{"t":"C180"},"C81":{"t":"BE36"},"C82":{"t":"BE36"},"C83":{"t":"C77R"},"C86":{"t":"AT3P"},"C87":{"desc":"L1P"},"C88":{"t":"J3"},"C89":{"t":"H269"},"C8B":{"t":"AA5"},"C8D":{"t":"BE36"},"C8F":{"t":"BE36"},"C90":{"t":"BE35"},"C91":{"t":"PA32"},"C97":{"t":"P28A"},"C98":{"t":"P28A"},"C99":{"t":"BE17"},"C9D":{"t":"P28A"},"C9F":{"t":"PA20"},"CA1":{"t":"C180"},"CA3":{"t":"F900"},"CA6":{"t":"SR22"},"CA8":{"t":"BE36"},"CAA":{"desc":"L1P"},"CB0":{"t":"C310"},"CB1":{"desc":"L1P"},"CB5":{"t":"C172"},"CBA":{"t":"P28B"},"CBB":{"t":"PA32"},"CBF":{"t":"PA32"},"CC0":{"t":"P28A"},"CC2":{"t":"BE9L"},"CC3":{"desc":"H1T","t":"H60"},"CC4":{"t":"YK55"},"CC5":{"desc":"A1P"},"CC6":{"t":"GLF5"},"CC7":{"t":"M20T"},"CC9":{"t":"BE55"},"CCB":{"t":"SR22"},"CCD":{"desc":"L1P"},"CCF":{"t":"CL60"},"CD0":{"t":"P28A"},"CD3":{"t":"UH1"},"CD4":{"t":"ULAC"},"CD6":{"t":"BE20"},"CDA":{"t":"C182"},"CDB":{"t":"BE35"},"CDC":{"desc":"A1P","t":"ULAC"},"CDE":{"t":"BL8"},"CE3":{"t":"M5"},"CE5":{"desc":"L1P"},"CE9":{"desc":"L1P"},"CEC":{"desc":"L1P"},"CF0":{"t":"C525"},"CF5":{"t":"DC87"},"CF7":{"t":"PA18"},"CF8":{"t":"SR20"},"CFB":{"t":"C525"},"CFC":{"t":"BE33"},"CFE":{"desc":"L1P"},"D00":{"desc":"L1P","t":"ULAC"},"D02":{"t":"R44"},"D05":{"t":"AA5"},"D06":{"t":"C82T"},"D09":{"t":"C172"},"D0D":{"t":"C180"},"D0F":{"t":"B412"},"D11":{"t":"J3"},"D14":{"t":"T210"},"D16":{"t":"C182"},"D17":{"t":"TAMP"},"D18":{"t":"B763"},"D19":{"t":"C340"},"D1D":{"desc":"L1P"},"D1E":{"t":"M20P"},"D21":{"t":"T206"},"D22":{"t":"BALL"},"D24":{"desc":"H2T"},"D26":{"t":"AA5"},"D27":{"desc":"L1P"},"D34":{"t":"PA27"},"D36":{"t":"LJ55"},"D40":{"desc":"L1T"},"D42":{"t":"C182"},"D44":{"t":"B763"},"D4F":{"t":"BE55"},"D5A":{"t":"BE9L"},"D6D":{"desc":"H1T","t":"S55P"},"D71":{"t":"R44"},"D81":{"t":"SR22"},"D8A":{"t":"C421"},"D8B":{"t":"BE55"},"D8C":{"t":"BE55"},"D8F":{"t":"EC55"},"D90":{"desc":"L1P"},"D91":{"desc":"L1P"},"D92":{"t":"BL8"},"D94":{"desc":"L1P","t":"LA4"},"D96":{"desc":"L1P"},"D97":{"t":"B47G"},"D9B":{"t":"GLID"},"D9C":{"desc":"L1P","t":"ULAC"},"D9F":{"t":"BE35"},"DA3":{"t":"BALL"},"DAD":{"t":"BE55"},"DAE":{"desc":"L1P","t":"ULAC"},"DAF":{"t":"S22T"},"DB1":{"t":"C182"},"DB2":{"desc":"A1T","t":"KODI"},"DBC":{"t":"BE55"},"DBD":{"t":"AT6T"},"DBE":{"t":"YK55"},"DBF":{"t":"BE55"},"DC3":{"desc":"L2P"},"DC4":{"t":"P28A"},"DC5":{"t":"EC55"},"DCA":{"t":"C25C"},"DCD":{"t":"BE9L"},"DCE":{"desc":"L1P"},"DD5":{"desc":"L1P","t":"ULAC"},"DD6":{"desc":"L1T","t":"PA46"},"DD7":{"t":"R22"},"DD8":{"t":"PAY2"},"DDA":{"t":"LJ45"},"DDB":{"desc":"L1P"},"DDC":{"t":"R44"},"DDD":{"desc":"L1P"},"DE1":{"t":"C510"},"DE3":{"t":"M20P"},"DE6":{"desc":"L1P"},"DE7":{"desc":"L1P","t":"ULAC"},"DE9":{"t":"S22T"},"DEA":{"t":"CRJ2"},"DFB":{"t":"A321"},"DFE":{"t":"H500"},"DFF":{"t":"H25B"},"E07":{"t":"BE50"},"E11":{"desc":"H1T"},"E13":{"desc":"A1P"},"E18":{"desc":"L1P","t":"ULAC"},"E19":{"t":"C560"},"E1C":{"desc":"L1P"},"E1D":{"t":"FA10"},"E31":{"t":"GLEX"},"E39":{"desc":"L1P","t":"ULAC"},"E3A":{"t":"FDCT"},"E3C":{"t":"T210"},"E3E":{"desc":"L1P"},"E40":{"t":"BE20"},"E41":{"t":"T6"},"E45":{"desc":"H4E"},"E47":{"t":"C340"},"E49":{"t":"S76"},"E4A":{"t":"BE9L"},"E4D":{"desc":"L1P"},"E4E":{"t":"C56X"},"E52":{"desc":"L1P","t":"ULAC"},"E53":{"t":"B06"},"E54":{"desc":"L1P"},"E55":{"desc":"H2T"},"E56":{"t":"B06"},"E57":{"desc":"L1P","t":"ULAC"},"E58":{"desc":"L1J"},"E59":{"t":"SF50"},"E5A":{"t":"R22"},"E5B":{"t":"LJ55"},"E5C":{"t":"C152"},"E5D":{"t":"CL30"},"E62":{"t":"SR22"},"E63":{"t":"GLID"},"E64":{"t":"BE55"},"E67":{"desc":"L1P"},"E69":{"t":"P180"},"E6A":{"t":"GLID"},"E6B":{"desc":"L1P"},"E6C":{"desc":"L32E"},"E6E":{"t":"GLID"},"E6F":{"t":"EC55"},"E70":{"t":"PA24"},"E73":{"t":"SR22"},"E76":{"t":"UH1"},"E77":{"desc":"L2J"},"E7F":{"t":"B06"},"E90":{"t":"EC55"},"E92":{"t":"A306"},"E99":{"t":"A321"},"E9D":{"t":"C170"},"EA6":{"t":"SF50"},"EAD":{"desc":"L1P","t":"ULAC"},"EB1":{"desc":"L1T"},"EB8":{"desc":"L1P","t":"ULAC"},"EB9":{"t":"BE55"},"EBC":{"desc":"L2T"},"EBF":{"desc":"L1P"},"EC7":{"t":"GLID"},"ECB":{"t":"HUSK"},"ECF":{"t":"BE55"},"EE8":{"t":"WACF"},"F01":{"t":"BE58"},"F1A":{"desc":"L1P"},"F1B":{"t":"PA20"},"F1D":{"t":"C180"},"F1E":{"t":"BE33"},"F1F":{"t":"C172"},"F20":{"t":"BE36"},"F21":{"t":"BE36"},"F24":{"t":"L8"},"F26":{"t":"COL4"},"F27":{"t":"BE33"},"F2C":{"t":"BE36"},"F2D":{"t":"BE36"},"F2E":{"t":"C172"},"F2F":{"t":"BE36"},"F30":{"t":"P28R"},"F32":{"t":"BE33"},"F34":{"desc":"L2J"},"F37":{"t":"P28A"},"F3C":{"t":"E135"},"F41":{"t":"C190"},"F42":{"t":"CH7A"},"F43":{"t":"COL4"},"F48":{"t":"BE60"},"F49":{"t":"C188"},"F4B":{"t":"PA18"},"F4C":{"t":"C185"},"F4D":{"t":"AA1"},"F4E":{"t":"P28A"},"F51":{"t":"C172"},"F53":{"t":"PA34"},"F56":{"t":"P28A"},"F58":{"t":"BE36"},"F5A":{"t":"PA32"},"F5D":{"t":"P28A"},"F5E":{"t":"P28A"},"F60":{"desc":"L1P"},"F64":{"t":"BE9L"},"F65":{"t":"CH7A"},"F67":{"t":"BE9L"},"F68":{"t":"C77R"},"F69":{"t":"P28A"},"F6C":{"desc":"L1P"},"F6E":{"t":"PA18"},"F71":{"t":"C82S"},"F73":{"t":"BE36"},"F75":{"t":"BE55"},"F77":{"t":"C172"},"F7C":{"t":"P28R"},"F7D":{"t":"P28R"},"F7F":{"t":"P28B"},"F80":{"t":"E135"},"F82":{"t":"PA34"},"F84":{"t":"BE33"},"F85":{"t":"L8"},"F8A":{"t":"BE9L"},"F8B":{"t":"C77R"},"F8C":{"t":"P28A"},"F8D":{"t":"BE36"},"F8F":{"t":"PA12"},"F93":{"t":"AA1"},"F99":{"t":"P32R"},"F9B":{"t":"BE36"},"F9F":{"t":"P28A"},"FA0":{"t":"P28A"},"FA2":{"desc":"L1P"},"FA3":{"t":"P28B"},"FA4":{"t":"PA32"},"FA7":{"t":"PA20"},"FA8":{"t":"L8"},"FA9":{"t":"C180"},"FAC":{"t":"C185"},"FAD":{"t":"COL4"},"FAF":{"desc":"L1P"},"FB0":{"t":"AT3P"},"FB3":{"t":"J3"},"FB4":{"t":"PA18"},"FB7":{"t":"BE33"},"FB8":{"t":"C414"},"FBC":{"t":"P28R"},"FBF":{"t":"GLID"},"FC3":{"t":"P28A"},"FC4":{"t":"P28R"},"FC8":{"t":"BE33"},"FCB":{"desc":"L1P"},"FCD":{"t":"C195"},"FCE":{"desc":"L1P","t":"ULAC"},"FD1":{"t":"C185"},"FD3":{"t":"L8"},"FD4":{"t":"BE36"},"FD5":{"t":"P28S"},"FD6":{"desc":"L1P"},"FD9":{"t":"AA5"},"FDD":{"t":"C172"},"FDE":{"t":"BE33"},"FDF":{"t":"PA34"},"FE0":{"t":"BE36"},"FE2":{"t":"PT22"},"FE3":{"t":"PA32"},"FE4":{"t":"PA32"},"FE6":{"t":"PA32"},"FE7":{"t":"E145"},"FE8":{"t":"P28A"},"FE9":{"t":"P28A"},"FEB":{"t":"P28A"},"FF5":{"t":"SR22"},"FF6":{"t":"L8"},"FF8":{"t":"C188"},"FFE":{"t":"C414"}}