{"0001":{"t":"C170"},"0002":{"t":"CH7A"},"0003":{"t":"C172"},"0005":{"t":"P28A"},"0006":{"t":"SR22"},"0009":{"t":"ST75"},"000B":{"t":"P32T"},"000F":{"desc":"H1P"},"0011":{"t":"C120"},"0013":{"t":"T210"},"0014":{"t":"C172"},"0016":{"desc":"L1P"},"0017":{"t":"P28R"},"0018":{"t":"P28R"},"0019":{"t":"P28B"},"001B":{"t":"P28A"},"001D":{"t":"P28A"},"001E":{"t":"P28R"},"0020":{"desc":"L1P"},"0022":{"t":"L11"},"0023":{"t":"C180"},"0024":{"desc":"L1P"},"0025":{"t":"C172"},"0026":{"t":"C172"},"0027":{"t":"CH7B"},"0028":{"t":"P28A"},"002B":{"t":"BALL"},"002E":{"t":"PA22"},"0031":{"desc":"L1P"},"0032":{"t":"C414"},"0037":{"t":"C172"},"003A":{"t":"P28B"},"003B":{"t":"PA32"},"003D":{"t":"P28A"},"0040":{"t":"P28B"},"0041":{"t":"PA32"},"0046":{"t":"SR22"},"0049":{"t":"C172"},"004B":{"t":"P28A"},"004C":{"t":"P28A"},"0052":{"t":"C150"},"005E":{"t":"P28A"},"0061":{"t":"P28A"},"0063":{"t":"P28B"},"0065":{"t":"PA34"},"0066":{"desc":"L1P"},"0068":{"t":"L11"},"006A":{"t":"C170"},"006D":{"t":"CH7B"},"006F":{"t":"P28A"},"0070":{"t":"L8"},"0071":{"t":"BALL"},"0073":{"desc":"L1P"},"0074":{"desc":"L1P"},"007B":{"t":"BE33"},"007E":{"desc":"H4E"},"0082":{"t":"P28A"},"0084":{"t":"P28R"},"0085":{"t":"PA32"},"0087":{"t":"P28A"},"0089":{"t":"WACF"},"008C":{"desc":"L1P"},"008D":{"t":"S64"},"008F":{"t":"B06"},"0090":{"t":"GLID"},"0094":{"desc":"A1P"},"0095":{"t":"LJ31"},"0098":{"t":"G164"},"009A":{"desc":"L1P"},"00A2":{"t":"G164"},"00A3":{"t":"BE35"},"00A5":{"t":"SR22"},"00A6":{"desc":"L1P"},"00A7":{"t":"C182"},"00A9":{"desc":"L1P"},"00AC":{"desc":"L1P"},"00AE":{"desc":"L1P"},"00AF":{"t":"M4"},"00B0":{"desc":"L1P"},"00B3":{"desc":"L1P"},"00B8":{"desc":"L1P"},"00BE":{"desc":"L1P"},"00BF":{"desc":"L1P"},"00C0":{"t":"SR20"},"00C2":{"desc":"H1T","t":"AS65"},"00C7":{"t":"T6"},"00C8":{"desc":"L1P"},"00CA":{"t":"S22T"},"00CE":{"t":"S22T"},"00D1":{"t":"C182"},"00D5":{"desc":"L1P"},"00D6":{"t":"BE24"},"00DB":{"desc":"L1P"},"00DD":{"desc":"L1P"},"00DE":{"desc":"L1P"},"00E3":{"t":"P28A"},"00E9":{"desc":"L1P"},"00ED":{"t":"P28A"},"00EE":{"t":"BE17"},"00F2":{"desc":"L1P","t":"ULAC"},"00FA":{"t":"A4"},"00FE":{"t":"P28A"},"0104":{"t":"E300"},"010C":{"t":"B763"},"0120":{"t":"P28A"},"0122":{"t":"FA50"},"0123":{"t":"G164"},"0130":{"desc":"L1P","t":"ULAC"},"0135":{"desc":"L2P"},"013A":{"desc":"L2T"},"014E":{"desc":"L1P"},"0152":{"t":"P32R"},"0153":{"t":"G164"},"0154":{"desc":"H1P"},"0156":{"t":"C180"},"015C":{"desc":"L1P"},"015E":{"t":"C82R"},"0162":{"desc":"L1P"},"0167":{"desc":"L1P"},"016B":{"t":"B06"},"016F":{"desc":"L1P"},"0171":{"t":"S22T"},"0172":{"desc":"L1P"},"0181":{"t":"S22T"},"0186":{"t":"BALL"},"0189":{"t":"R22"},"018F":{"t":"PA32"},"0196":{"desc":"L1P"},"019D":{"t":"BE58"},"019E":{"t":"HUSK"},"019F":{"t":"ULAC"},"01A0":{"desc":"L1P"},"01A2":{"desc":"L1P"},"01A4":{"t":"GLID"},"01A7":{"desc":"L1P"},"01A8":{"desc":"L1P"},"01AE":{"desc":"L1P"},"01AF":{"desc":"L1P"},"01B6":{"desc":"L1P"},"01B7":{"t":"PA38"},"01C3":{"t":"A321"},"01CF":{"desc":"L2T"},"01D0":{"t":"GLF2"},"01D2":{"t":"CH7A"},"01D3":{"desc":"L1P"},"01D5":{"desc":"H1P"},"01D8":{"desc":"L1P"},"01DB":{"desc":"L1P"},"01E0":{"desc":"L1P"},"01E8":{"desc":"L1P"},"01F9":{"t":"GLEX"},"0201":{"t":"BE35"},"0202":{"t":"C560"},"0204":{"desc":"L1P"},"0207":{"desc":"L1P"},"0208":{"desc":"L1P"},"020A":{"t":"B737"},"020B":{"t":"R44"},"020C":{"t":"B407"},"0211":{"t":"PA18"},"0212":{"desc":"L1P"},"0213":{"t":"C501"},"0215":{"desc":"L1P"},"0216":{"t":"PA18"},"021A":{"t":"PC12"},"021B":{"t":"R44"},"021D":{"desc":"L1P"},"021E":{"desc":"L1P"},"0223":{"t":"C182"},"0224":{"desc":"L1P"},"0226":{"desc":"L1P"},"0228":{"desc":"L1P"},"022A":{"t":"SR20"},"022F":{"t":"P28A"},"0230":{"desc":"L1P"},"0231":{"t":"E75L"},"0239":{"t":"AS50"},"023F":{"desc":"L1P"},"0240":{"t":"G164"},"0241":{"desc":"L1T","t":"M600"},"0244":{"t":"B722"},"0245":{"desc":"L1P","t":"ULAC"},"024C":{"t":"PA32"},"024F":{"desc":"L1P"},"025A":{"t":"A306"},"026B":{"desc":"L1P"},"026C":{"desc":"L1P"},"0275":{"desc":"L1P","t":"ULAC"},"0284":{"desc":"L1P"},"0285":{"desc":"L1P"},"028A":{"desc":"L1P"},"028C":{"desc":"L1P"},"028E":{"desc":"L1P"},"028F":{"t":"BE9L"},"02A8":{"desc":"L1P"},"02B0":{"desc":"L1P","t":"ULAC"},"02B6":{"t":"PA23"},"02DF":{"desc":"L1P","t":"ULAC"},"02E2":{"t":"G280"},"02E6":{"t":"C170"},"02E7":{"t":"C172"},"02EA":{"t":"P28A"},"02ED":{"t":"BALL"},"02EE":{"t":"ST75"},"02EF":{"desc":"L1P"},"02F0":{"t":"P32T"},"02F2":{"desc":"L1P"},"02F9":{"t":"C172"},"02FD":{"t":"P28A"},"02FE":{"desc":"L1P"},"0301":{"desc":"L1P"},"0304":{"t":"P28A"},"0307":{"t":"L11"},"0308":{"t":"C172"},"030A":{"desc":"A1P"},"0310":{"t":"L8"},"031C":{"desc":"L1P"},"031E":{"t":"P28A"},"0320":{"t":"P28A"},"0323":{"t":"PA32"},"0325":{"t":"P28A"},"0326":{"t":"P28A"},"032A":{"t":"L11"},"032D":{"t":"CH7A"},"032E":{"t":"C172"},"032F":{"t":"CH7B"},"0333":{"t":"BALL"},"0335":{"desc":"L1P"},"0336":{"t":"PA22"},"0337":{"t":"C150"},"0338":{"t":"AA1"},"033D":{"t":"BE60"},"0343":{"t":"P28R"},"0344":{"desc":"L1P"},"0346":{"t":"P28A"},"0347":{"desc":"L1P"},"0348":{"desc":"L1P"},"034A":{"t":"P28R"},"034B":{"desc":"L1P"},"034C":{"t":"PA22"},"034E":{"t":"C172"},"034F":{"t":"C170"},"0353":{"t":"PA32"},"0356":{"desc":"L1P"},"0359":{"t":"PA22"},"035B":{"t":"AA1"},"035D":{"t":"BE33"},"0362":{"t":"C172"},"0364":{"t":"P28A"},"0367":{"t":"P28A"},"0369":{"t":"P28A"},"0371":{"t":"C180"},"0373":{"t":"C172"},"0376":{"t":"P32R"},"0377":{"t":"P28A"},"0379":{"t":"BALL"},"037A":{"t":"C185"},"037B":{"desc":"L1P"},"037D":{"t":"C150"},"0381":{"desc":"L1P"},"0383":{"t":"BE60"},"0385":{"t":"C172"},"0387":{"t":"P28B"},"0388":{"t":"PA32"},"0389":{"t":"BALL"},"038B":{"t":"BE17"},"038D":{"t":"P28A"},"038E":{"t":"P28A"},"038F":{"t":"P28A"},"0390":{"t":"P28A"},"0391":{"t":"H25B"},"0392":{"t":"PA20"},"0393":{"desc":"L1P"},"0394":{"t":"C180"},"0395":{"desc":"A1P"},"0398":{"t":"CH7B"},"039A":{"t":"P28A"},"039C":{"t":"BALL"},"03A5":{"t":"C120"},"03AF":{"t":"BALL"},"03B0":{"t":"P28A"},"03B2":{"t":"P28A"},"03B3":{"t":"P28R"},"03B7":{"t":"C172"},"03B8":{"t":"C170"},"03B9":{"t":"CH7A"},"03BA":{"t":"C172"},"03BB":{"t":"CH7B"},"03BC":{"t":"P28A"},"03BF":{"t":"BALL"},"03C1":{"desc":"L1P"},"03C2":{"t":"PA22"},"03C4":{"t":"AA1"},"03C6":{"t":"C414"},"03CB":{"t":"C172"},"03CC":{"t":"C185"},"03CD":{"t":"P28R"},"03D5":{"t":"P28A"},"03D8":{"t":"BALL"},"03DB":{"t":"C170"},"03DC":{"t":"CH7A"},"03DD":{"t":"C172"},"03E3":{"t":"C182"},"03E4":{"desc":"L1P"},"03E7":{"t":"AA1"},"03ED":{"t":"H269"},"03EF":{"t":"C185"},"03F0":{"desc":"L1P"},"03F3":{"desc":"L1P"},"03FA":{"t":"ULAC"},"03FB":{"t":"PA22"},"03FD":{"t":"C172"},"03FF":{"t":"CH7A"},"0400":{"t":"C172"},"0402":{"t":"P28A"},"0403":{"t":"P28A"},"0406":{"t":"C182"},"0407":{"desc":"L1P"},"0409":{"t":"C150"},"040A":{"t":"AA1"},"040C":{"t":"C414"},"040F":{"t":"BE58"},"0411":{"t":"C172"},"0416":{"desc":"L1P"},"0417":{"t":"P28A"},"0418":{"t":"P28A"},"041A":{"t":"PA32"},"041B":{"t":"P28A"},"041E":{"t":"PA22"},"0423":{"t":"C172"},"0424":{"t":"CH7B"},"0426":{"t":"P28A"},"0429":{"t":"C182"},"042B":{"t":"PA22"},"042C":{"t":"C150"},"042D":{"t":"AA1"},"0431":{"t":"C140"},"0436":{"t":"P28A"},"0438":{"t":"P28A"},"0439":{"t":"UH1"},"043C":{"t":"P28A"},"043D":{"t":"P28B"},"043E":{"t":"PA32"},"0441":{"t":"C182"},"0444":{"t":"BL8"},"0446":{"t":"B06"},"0447":{"t":"GLID"},"044C":{"t":"LJ31"},"0451":{"t":"C172"},"0452":{"t":"DA40"},"0459":{"t":"M20P"},"045A":{"t":"BE35"},"045C":{"desc":"L1P"},"045D":{"t":"BL8"},"0461":{"desc":"L1P"},"0473":{"t":"S108"},"0475":{"desc":"A1P"},"0476":{"t":"PA18"},"0477":{"t":"SR20"},"047D":{"desc":"L1P"},"047F":{"t":"LJ24"},"0481":{"t":"C182"},"0485":{"t":"FDCT"},"048D":{"t":"R44"},"048E":{"t":"C185"},"048F":{"t":"DV20"},"0492":{"t":"C185"},"0494":{"desc":"L1P"},"0498":{"desc":"L2P"},"049D":{"desc":"L2J"},"04BD":{"desc":"L1P"},"04C1":{"t":"C150"},"04C3":{"t":"B763"},"04D0":{"t":"P28A"},"04D8":{"desc":"L1P"},"04DB":{"t":"GLF4"},"04E3":{"desc":"L1P"},"04E9":{"desc":"L1P","t":"TB0"},"04F0":{"t":"H500"},"04FE":{"t":"BE36"},"0500":{"desc":"L1P"},"0509":{"desc":"L1P"},"050C":{"t":"R22"},"050D":{"t":"BALL"},"050F":{"t":"GLF4"},"0513":{"t":"B06"},"0514":{"desc":"L1P"},"0515":{"desc":"L1P"},"051A":{"desc":"H1P"},"051D":{"t":"BE36"},"051E":{"desc":"L1P","t":"ULAC"},"0520":{"t":"P28A"},"0522":{"desc":"L2P"},"052C":{"desc":"L1J"},"053C":{"t":"C150"},"053E":{"t":"B190"},"0543":{"t":"P28R"},"0547":{"t":"S22T"},"054B":{"t":"S22T"},"054C":{"desc":"L1P"},"0554":{"desc":"L1P"},"0555":{"desc":"L2T"},"0557":{"desc":"L1P"},"055C":{"t":"C310"},"0562":{"desc":"L1P"},"0564":{"t":"BE33"},"0569":{"t":"S22T"},"056D":{"desc":"L1P","t":"ULAC"},"0575":{"t":"C182"},"057A":{"t":"A321"},"0586":{"t":"A119"},"0587":{"t":"GLF2"},"0588":{"t":"GALX"},"058A":{"t":"B429"},"0596":{"t":"PA18"},"0597":{"t":"DA40"},"0598":{"t":"R44"},"059B":{"desc":"L1P"},"05B0":{"t":"GLEX"},"05B8":{"t":"P32T"},"05B9":{"t":"CH7B"},"05C8":{"desc":"H1P"},"05C9":{"desc":"L1P","t":"ULAC"},"05CD":{"t":"BE55"},"05D2":{"t":"C404"},"05D3":{"t":"PA18"},"05DC":{"t":"P180"},"05DD":{"desc":"L1P","t":"ULAC"},"05DF":{"t":"B407"},"05E1":{"t":"SR22"},"05E2":{"t":"GLID"},"05E4":{"t":"R44"},"05E6":{"t":"PAY1"},"05E7":{"t":"GLID"},"05E8":{"t":"E75L"},"05EA":{"t":"PA18"},"05F1":{"t":"B350"},"05F2":{"t":"GLF5"},"05F3":{"desc":"L1P"},"05FB":{"t":"B722"},"05FC":{"t":"PA31"},"05FD":{"t":"ASTO"},"05FE":{"t":"B14C"},"05FF":{"desc":"L1P","t":"ULAC"},"0611":{"t":"A306"},"0614":{"t":"A321"},"062C":{"desc":"L1P","t":"ULAC"},"062E":{"t":"GLEX"},"0637":{"desc":"L1P","t":"ULAC"},"0638":{"t":"EC35"},"063B":{"t":"C210"},"064E":{"t":"BE18"},"0675":{"t":"C172"},"067B":{"t":"B190"},"067D":{"desc":"L1P"},"0681":{"desc":"L2T","t":"BE18"},"0696":{"desc":"A1P","t":"ULAC"},"069C":{"t":"C180"},"069F":{"t":"C172"},"06A0":{"t":"CH7B"},"06A2":{"t":"P28A"},"06A6":{"desc":"L1P"},"06A7":{"t":"PA18"},"06A9":{"t":"AA1"},"06AC":{"desc":"L1P"},"06AE":{"t":"BE36"},"06B0":{"t":"C172"},"06B1":{"t":"C185"},"06B2":{"desc":"L1P"},"06B3":{"t":"E135"},"06B4":{"t":"E135"},"06B9":{"t":"WACC"},"06BA":{"t":"WACC"},"06BB":{"t":"P28A"},"06BF":{"t":"C172"},"06C0":{"t":"C170"},"06C2":{"t":"C172"},"06C4":{"desc":"L1P"},"06C5":{"t":"P28A"},"06C7":{"t":"ULAC"},"06C9":{"t":"PTS2"},"06CA":{"t":"PA18"},"06CC":{"t":"AA1"},"06D0":{"t":"C120"},"06D2":{"t":"C210"},"06D5":{"t":"E135"},"06D6":{"t":"E135"},"06D7":{"t":"WACC"},"06D8":{"t":"P28A"},"06DC":{"t":"WACC"},"06DD":{"t":"P28B"},"06E3":{"t":"C170"},"06E4":{"t":"CH7A"},"06E6":{"t":"CH7B"},"06E7":{"t":"P32R"},"06EA":{"desc":"L1P","t":"ULAC"},"06EC":{"t":"P32R"},"06ED":{"t":"PA18"},"06EF":{"t":"AA1"},"06F1":{"t":"C414"},"06F5":{"t":"T210"},"06F6":{"t":"C172"},"06FA":{"t":"WACC"},"06FD":{"t":"E135"},"06FE":{"t":"P28A"},"06FF":{"t":"P28A"},"0700":{"t":"P28A"},"0701":{"desc":"L1P"},"0703":{"t":"M7"},"0704":{"desc":"L1P"},"0705":{"t":"C180"},"0708":{"t":"C172"},"070B":{"t":"P28A"},"0710":{"t":"PA18"},"0711":{"t":"C150"},"0718":{"t":"C210"},"0719":{"t":"C172"},"071B":{"t":"P28R"},"071C":{"t":"P28R"},"071E":{"desc":"L1P"},"071F":{"t":"P28A"},"0720":{"t":"P28A"},"0722":{"t":"P28A"},"072C":{"t":"CH7B"},"072E":{"t":"P28A"},"0731":{"t":"ST75"},"0732":{"desc":"L1P"},"0734":{"t":"C150"},"073A":{"t":"BE55"},"073F":{"t":"E145"},"0740":{"t":"PA32"},"0742":{"desc":"L1P"},"0744":{"t":"E145"},"0745":{"t":"P28A"},"0746":{"t":"P28A"},"0747":{"desc":"L1P"},"074A":{"t":"BE55"},"074B":{"t":"C180"},"074C":{"t":"C170"},"074D":{"desc":"L1P","t":"ULAC"},"074E":{"t":"C172"},"0751":{"t":"P28A"},"0754":{"t":"BE20"},"0755":{"desc":"L1P"},"0757":{"t":"C150"},"075E":{"t":"T210"},"0762":{"t":"P28A"},"0765":{"t":"P28R"},"0766":{"t":"P28R"},"0767":{"t":"P28B"},"0768":{"desc":"L1P"},"076A":{"t":"E145"},"076E":{"t":"C180"},"077B":{"t":"C82R"},"077F":{"t":"C120"},"0781":{"t":"C210"},"0784":{"t":"P28A"},"0785":{"t":"E145"},"0786":{"desc":"L1P"},"0788":{"t":"P28A"},"078A":{"t":"P28R"},"0791":{"t":"C180"},"0792":{"t":"C170"},"0793":{"t":"C172"},"0794":{"t":"C172"},"079A":{"t":"C182"},"079E":{"t":"C82R"},"07A4":{"t":"T210"},"07A5":{"t":"C172"},"07A7":{"desc":"L1P"},"07A8":{"t":"E145"},"07AD":{"t":"WACC"},"07B0":{"desc":"L1P"},"07B2":{"t":"C182"},"07B4":{"t":"C172"},"07B5":{"t":"C170"},"07B6":{"t":"C172"},"07B7":{"t":"C172"},"07BB":{"t":"L8"},"07BD":{"t":"ST75"},"07BF":{"t":"PA18"},"07C0":{"t":"C150"},"07C2":{"desc":"L1P"},"07C4":{"desc":"L1P"},"07C7":{"t":"H269"},"07C8":{"t":"C172"},"07CA":{"t":"WACC"},"07CD":{"t":"P28A"},"07CF":{"desc":"L1P"},"07D2":{"t":"WACC"},"07D5":{"t":"PA22"},"07D6":{"t":"L11"},"07D7":{"desc":"L1P","t":"ULAC"},"07D9":{"t":"CH7A"},"07DB":{"t":"CH7A"},"07DC":{"t":"P28A"},"07DD":{"t":"P28A"},"07DF":{"t":"ULAC"},"07E3":{"t":"C150"},"07E5":{"t":"ULAC"},"07E9":{"t":"BE55"},"07EB":{"t":"C172"},"07EC":{"desc":"L1P"},"07ED":{"desc":"L1P"},"07EE":{"desc":"L1P"},"07F5":{"t":"WACC"},"07F7":{"t":"PTS2"},"07F8":{"t":"R22"},"07F9":{"t":"GLF5"},"07FA":{"t":"PA34"},"07FB":{"t":"BE76"},"07FD":{"t":"B06"},"07FF":{"t":"H60"},"0800":{"t":"AS50"},"0801":{"desc":"H1T","t":"H60"},"0804":{"t":"C310"},"0805":{"t":"PRM1"},"080A":{"t":"ULAC"},"080B":{"t":"H60"},"0811":{"t":"BE33"},"0812":{"t":"BE30"},"0814":{"desc":"L1P"},"0816":{"desc":"G1P","t":"GYRO"},"0819":{"t":"B407"},"081A":{"desc":"L1P"},"081C":{"desc":"H1T","t":"H60"},"081F":{"desc":"L1P"},"0823":{"desc":"H1T","t":"H60"},"0825":{"t":"BE58"},"0829":{"t":"R66"},"082A":{"desc":"L1P","t":"ULAC"},"082C":{"t":"PA32"},"082D":{"desc":"L1P"},"082E":{"t":"ULAC"},"0830":{"t":"SS2T"},"0834":{"t":"FA7X"},"0835":{"t":"B350"},"0836":{"desc":"L1P","t":"ULAC"},"0838":{"t":"C82S"},"083B":{"t":"C172"},"0843":{"desc":"L1P"},"0844":{"t":"AC11"},"0845":{"t":"CH7A"},"0846":{"desc":"L1P"},"0849":{"t":"H60"},"084A":{"t":"C182"},"084B":{"desc":"L2T"},"084D":{"t":"R22"},"084E":{"t":"R66"},"0851":{"t":"H60"},"0852":{"t":"H60"},"0853":{"t":"UH1"},"0854":{"desc":"L1P"},"085A":{"t":"R66"},"085C":{"t":"GLID"},"085D":{"t":"EA50"},"0863":{"desc":"L1P"},"0868":{"t":"A4"},"0876":{"t":"C501"},"0877":{"t":"F900"},"087A":{"t":"B763"},"0886":{"t":"R66"},"088E":{"t":"DA40"},"088F":{"desc":"L1P"},"0896":{"t":"R66"},"089F":{"t":"R66"},"08A0":{"desc":"L1P","t":"TB0"},"08B0":{"t":"HDJT"},"08B2":{"t":"C680"},"08C1":{"t":"C162"},"08CA":{"desc":"L1P"},"08CE":{"t":"DA40"},"08D0":{"desc":"L1P"},"08D5":{"t":"R66"},"08D9":{"desc":"L1P"},"08E5":{"desc":"L1P","t":"ULAC"},"08EE":{"t":"R66"},"08F2":{"desc":"L1P"},"08F3":{"t":"AT8T"},"08FA":{"t":"P28A"},"08FE":{"t":"M7"},"0903":{"desc":"L1P","t":"ULAC"},"0906":{"desc":"L1P"},"0907":{"t":"R66"},"090C":{"t":"PA46"},"090D":{"t":"H500"},"090E":{"t":"C560"},"0912":{"t":"R66"},"0915":{"t":"GL5T"},"0917":{"t":"AT5T"},"091C":{"t":"B06"},"091D":{"t":"EC35"},"0924":{"desc":"L1P"},"092B":{"t":"PA32"},"0931":{"t":"A321"},"093D":{"t":"BE33"},"093E":{"t":"C82S"},"093F":{"desc":"A1P"},"0940":{"t":"LJ25"},"0941":{"t":"R66"},"0944":{"t":"SR20"},"094C":{"t":"CRJ9"},"094E":{"desc":"L1P","t":"ULAC"},"094F":{"desc":"L1P"},"0967":{"t":"GLEX"},"0970":{"t":"FA20"},"0971":{"t":"PA32"},"0973":{"t":"C56X"},"0977":{"t":"R66"},"0979":{"t":"R66"},"097A":{"t":"ASTR"},"097F":{"t":"BALL"},"0980":{"t":"CH7A"},"0981":{"t":"SR22"},"0984":{"t":"M5"},"0989":{"t":"BE30"},"098A":{"t":"PC12"},"0993":{"t":"R66"},"0996":{"t":"PA24"},"0998":{"t":"SR20"},"099A":{"t":"C560"},"099B":{"t":"R44"},"099F":{"t":"E75L"},"09A1":{"t":"PA18"},"09A4":{"desc":"L1P"},"09A8":{"t":"BE20"},"09B1":{"t":"SR22"},"09B3":{"t":"COL4"},"09B5":{"t":"R66"},"09B6":{"desc":"L1P","t":"ULAC"},"09C8":{"t":"A306"},"09D3":{"desc":"L1P"},"09E0":{"t":"C195"},"09E5":{"t":"GLID"},"09EC":{"t":"GLID"},"09EF":{"t":"CL30"},"09F0":{"desc":"L1P"},"09FC":{"t":"T6"},"09FE":{"t":"PAY1"},"0A01":{"t":"HUSK"},"0A05":{"t":"M20P"},"0A1E":{"desc":"L2P"},"0A37":{"t":"T206"},"0A52":{"t":"C172"},"0A54":{"t":"C170"},"0A55":{"t":"CH7A"},"0A57":{"t":"CH7A"},"0A58":{"t":"P28A"},"0A59":{"t":"P28A"},"0A5A":{"t":"BALL"},"0A5B":{"desc":"L1P","t":"ULAC"},"0A5E":{"t":"PA18"},"0A5F":{"t":"C150"},"0A64":{"t":"C172"},"0A73":{"desc":"L1P"},"0A75":{"t":"L11"},"0A76":{"t":"ULAC"},"0A78":{"desc":"L1P"},"0A7A":{"t":"CH7A"},"0A7B":{"t":"P28A"},"0A7F":{"t":"C182"},"0A81":{"t":"PA18"},"0A83":{"t":"C82R"},"0A87":{"t":"C140"},"0A8A":{"t":"C172"},"0A8E":{"desc":"L1P"},"0A99":{"desc":"L1P","t":"ULAC"},"0A9B":{"t":"CH7A"},"0A9F":{"t":"P28A"},"0AA1":{"t":"ULAC"},"0AA4":{"t":"PA18"},"0AA6":{"t":"C185"},"0AA7":{"t":"SS2P"},"0AA8":{"desc":"L1P"},"0AAA":{"t":"C120"},"0AAC":{"desc":"H4E"},"0AB0":{"t":"J2"},"0AB2":{"t":"J3"},"0AB7":{"desc":"L1P"},"0AB9":{"t":"GLID"},"0ABC":{"t":"SR22"},"0ABE":{"t":"CH7A"},"0ABF":{"t":"C172"},"0AC1":{"t":"P28R"},"0AC2":{"t":"P28A"},"0AC4":{"t":"ULAC"},"0AC8":{"t":"C150"},"0AC9":{"t":"C185"},"0ACA":{"desc":"L1P"},"0ACD":{"t":"C140"},"0AD2":{"t":"ULAC"},"0AD5":{"t":"ULAC"},"0AD7":{"t":"ST75"},"0ADF":{"t":"C172"},"0AE0":{"t":"C170"},"0AE1":{"t":"CH7A"},"0AE2":{"t":"C172"},"0AE3":{"t":"CH7A"},"0AE6":{"desc":"A1P"},"0AE8":{"t":"T210"},"0AEB":{"t":"C150"},"0AEC":{"t":"C82R"},"0AED":{"desc":"L1P"},"0AEF":{"t":"R66"},"0AF0":{"t":"C172"},"0AF3":{"t":"C172"},"0AF8":{"t":"UH12"},"0AF9":{"desc":"L1P"},"0AFF":{"desc":"L1P"},"0B02":{"t":"SR22"},"0B03":{"t":"C170"},"0B04":{"t":"CH7A"},"0B07":{"t":"ULAC"},"0B0A":{"t":"ULAC"},"0B14":{"t":"BE36"},"0B19":{"t":"J2"},"0B22":{"desc":"A1P"},"0B23":{"desc":"L1P"},"0B24":{"desc":"L1P"},"0B27":{"t":"CH7A"},"0B2B":{"t":"P28A"},"0B2D":{"desc":"L1P","t":"ULAC"},"0B31":{"t":"C150"},"0B32":{"desc":"L1P","t":"ULAC"},"0B34":{"t":"T6"},"0B36":{"t":"C172"},"0B42":{"desc":"L1P"},"0B45":{"desc":"L1P"},"0B4B":{"t":"C172"},"0B4C":{"t":"CH7A"},"0B4E":{"t":"B350"},"0B51":{"t":"C185"},"0B5F":{"t":"B06"},"0B6B":{"t":"C172"},"0B6D":{"t":"CH7A"},"0B6E":{"t":"ULAC"},"0B71":{"t":"P28A"},"0B74":{"t":"C182"},"0B76":{"t":"PA18"},"0B77":{"t":"C150"},"0B78":{"t":"C82R"},"0B7A":{"t":"C414"},"0B7B":{"desc":"L1P"},"0B83":{"t":"FA24"},"0B85":{"t":"FA24"},"0B87":{"desc":"L1P"},"0B88":{"desc":"L1P"},"0B89":{"t":"PA18"},"0B8B":{"t":"C180"},"0B90":{"t":"CH7A"},"0B92":{"t":"CH7A"},"0B95":{"t":"L8"},"0B96":{"desc":"L1P","t":"ULAC"},"0B97":{"t":"C185"},"0B9A":{"t":"C150"},"0BA0":{"t":"BE33"},"0BA9":{"desc":"L1P"},"0BAE":{"t":"C170"},"0BB0":{"t":"GLF4"},"0BB1":{"desc":"L1P","t":"ULAC"},"0BB2":{"t":"B06"},"0BB3":{"t":"GLF4"},"0BB8":{"t":"S22T"},"0BBA":{"t":"H500"},"0BBB":{"desc":"L1P"},"0BBC":{"t":"A321"},"0BBF":{"t":"PC12"},"0BC1":{"t":"F900"},"0BC3":{"t":"BALL"},"0BC4":{"t":"C340"},"0BC8":{"desc":"L2P"},"0BC9":{"desc":"L2J"},"0BCA":{"t":"BE9L"},"0BCC":{"t":"F900"},"0BD3":{"desc":"L1P","t":"ULAC"},"0BD6":{"desc":"L1P"},"0BD8":{"t":"FA50"},"0BDD":{"t":"BL8"},"0BE4":{"t":"BALL"},"0BE5":{"t":"SR20"},"0BEA":{"desc":"L1P"},"0BED":{"desc":"H1P"},"0BEF":{"t":"C172"},"0BF2":{"desc":"L1P"},"0BF3":{"t":"SR22"},"0BF6":{"desc":"L1P"},"0BFD":{"t":"DV20"},"0C06":{"desc":"L1P"},"0C08":{"t":"PRM1"},"0C0A":{"desc":"L1P"},"0C16":{"desc":"L1P"},"0C1F":{"t":"A4"},"0C23":{"t":"E50P"},"0C31":{"t":"B763"},"0C3E":{"t":"C68A"},"0C42":{"desc":"L1T"},"0C45":{"t":"P28A"},"0C57":{"t":"TAMP"},"0C67":{"t":"HDJT"},"0C77":{"desc":"L1P","t":"ULAC"},"0C79":{"t":"WW24"},"0C81":{"desc":"L1P"},"0C83":{"desc":"L1P"},"0C84":{"t":"C56X"},"0C87":{"t":"BE9L"},"0C89":{"desc":"L1P"},"0C8C":{"t":"BE35"},"0C9F":{"desc":"A1T","t":"KODI"},"0CAA":{"t":"AT6T"},"0CAB":{"t":"BALL"},"0CAD":{"t":"M20P"},"0CB1":{"t":"C208"},"0CB4":{"desc":"L1P"},"0CB7":{"t":"C182"},"0CC2":{"t":"BE33"},"0CC4":{"desc":"L1P"},"0CCA":{"t":"BALL"},"0CD3":{"desc":"L1P"},"0CD4":{"t":"AS55"},"0CDB":{"t":"BE55"},"0CF4":{"desc":"L1P"},"0CF5":{"t":"A119"},"0CF7":{"t":"CH7B"},"0D00":{"t":"C208"},"0D01":{"desc":"L1P"},"0D06":{"desc":"H1P"},"0D0D":{"desc":"L1P"},"0D1C":{"t":"M20P"},"0D26":{"t":"AC90"},"0D27":{"t":"CH7A"},"0D29":{"desc":"L2T"},"0D2A":{"t":"CL30"},"0D30":{"desc":"L1P","t":"ULAC"},"0D31":{"t":"B407"},"0D32":{"t":"PA18"},"0D3A":{"desc":"L1P"},"0D40":{"t":"C680"},"0D45":{"desc":"L1P"},"0D47":{"t":"R44"},"0D48":{"t":"C172"},"0D4D":{"t":"SR22"},"0D4F":{"desc":"A1P","t":"ULAC"},"0D51":{"t":"ULAC"},"0D52":{"t":"R44"},"0D54":{"t":"RV12"},"0D56":{"t":"E75L"},"0D58":{"t":"PA18"},"0D5B":{"t":"CH7B"},"0D5E":{"t":"BE35"},"0D64":{"t":"GLID"},"0D68":{"t":"BE58"},"0D6C":{"t":"GLF4"},"0D6D":{"desc":"L2P"},"0D71":{"t":"BE60"},"0D75":{"t":"C172"},"0D7F":{"t":"A306"},"0D82":{"t":"A321"},"0D9A":{"desc":"L1P","t":"ULAC"},"0DA4":{"t":"C402"},"0DA6":{"desc":"L2T"},"0DAB":{"desc":"L1P"},"0DBC":{"desc":"L2J"},"0DD5":{"t":"F900"},"0DEF":{"desc":"L2T","t":"BE18"},"0E09":{"desc":"L1P"},"0E0A":{"t":"C180"},"0E0D":{"t":"C172"},"0E0E":{"t":"CH7B"},"0E13":{"t":"C182"},"0E19":{"t":"C414"},"0E1A":{"desc":"L1P","t":"ULAC"},"0E1B":{"t":"C120"},"0E1E":{"t":"C172"},"0E1F":{"desc":"L1P"},"0E21":{"t":"B737"},"0E23":{"t":"B737"},"0E27":{"desc":"L1P"},"0E28":{"t":"O1"},"0E29":{"t":"B737"},"0E2A":{"desc":"L1P"},"0E2C":{"desc":"L1P"},"0E2D":{"t":"C172"},"0E2E":{"desc":"L1P"},"0E32":{"t":"P28R"},"0E33":{"t":"P28A"},"0E39":{"t":"C150"},"0E3A":{"t":"C185"},"0E3E":{"t":"C140"},"0E3F":{"t":"BE35"},"0E41":{"t":"C172"},"0E46":{"t":"B737"},"0E48":{"t":"B06"},"0E50":{"t":"C172"},"0E52":{"t":"C172"},"0E54":{"t":"CH7A"},"0E58":{"t":"ULAC"},"0E5B":{"t":"PA18"},"0E5C":{"t":"C150"},"0E5D":{"t":"C82R"},"0E61":{"t":"C120"},"0E64":{"t":"C172"},"0E6C":{"t":"B06"},"0E6D":{"t":"BE19"},"0E70":{"desc":"L1P"},"0E71":{"t":"PA22"},"0E73":{"t":"C172"},"0E75":{"t":"C172"},"0E76":{"t":"C172"},"0E77":{"t":"CH7A"},"0E78":{"t":"PA32"},"0E79":{"t":"P28A"},"0E7A":{"t":"AA5"},"0E7B":{"t":"ULAC"},"0E7C":{"t":"C185"},"0E80":{"t":"C82R"},"0E82":{"t":"BE36"},"0E85":{"t":"BE58"},"0E87":{"t":"C172"},"0E89":{"t":"T6"},"0E8B":{"t":"B737"},"0E8E":{"t":"H269"},"0E8F":{"desc":"L1P"},"0E96":{"t":"C180"},"0E98":{"t":"C172"},"0E99":{"t":"C172"},"0E9C":{"t":"P28A"},"0E9D":{"t":"L8"},"0E9E":{"t":"PA18"},"0EA5":{"t":"ULAC"},"0EA7":{"t":"C172"},"0EA8":{"t":"BE33"},"0EA9":{"t":"C210"},"0EAF":{"desc":"L1P"},"0EB1":{"desc":"L1P"},"0EB3":{"desc":"L1P"},"0EB6":{"desc":"L1P"},"0EB8":{"desc":"L1P"},"0EBA":{"t":"C170"},"0EBD":{"t":"CH7B"},"0EBE":{"t":"P28A"},"0EBF":{"t":"P28A"},"0EC2":{"t":"C185"},"0ECB":{"t":"BE33"},"0ECC":{"t":"T210"},"0ED6":{"t":"B06"},"0EDC":{"t":"C172"},"0EDD":{"t":"C170"},"0EDF":{"t":"C172"},"0EE1":{"t":"P28A"},"0EE3":{"t":"L8"},"0EE9":{"t":"C82R"},"0EEC":{"t":"T210"},"0EEE":{"t":"BE33"},"0EEF":{"t":"T210"},"0EF0":{"t":"C172"},"0EF2":{"t":"B06"},"0EFB":{"t":"J2"},"0EFC":{"t":"PC12"},"0EFF":{"t":"C180"},"0F05":{"t":"P28A"},"0F06":{"t":"L8"},"0F0C":{"t":"C185"},"0F11":{"t":"BE33"},"0F15":{"t":"B06"},"0F16":{"t":"C150"},"0F22":{"t":"C172"},"0F25":{"t":"C172"},"0F27":{"t":"P28A"},"0F28":{"t":"P28A"},"0F2F":{"t":"C185"},"0F31":{"t":"C414"},"0F35":{"t":"T210"},"0F37":{"t":"C185"},"0F41":{"t":"C172"},"0F42":{"t":"GLID"},"0F43":{"t":"PA22"},"0F48":{"t":"C172"},"0F4A":{"t":"P28A"},"0F4E":{"t":"C185"},"0F50":{"t":"PA18"},"0F51":{"t":"C150"},"0F56":{"t":"C172"},"0F57":{"t":"BE35"},"0F58":{"t":"T210"},"0F5A":{"t":"C185"},"0F5E":{"desc":"A1P"},"0F66":{"desc":"L1P"},"0F67":{"t":"HUSK"},"0F6B":{"t":"C182"},"0F6C":{"t":"T34P"},"0F6F":{"t":"PC12"},"0F71":{"desc":"L1P"},"0F78":{"t":"ULAC"},"0F79":{"t":"GLID"},"0F7A":{"t":"R44"},"0F80":{"t":"R44"},"0F82":{"t":"BL8"},"0F85":{"t":"H25B"},"0F86":{"t":"C560"},"0F87":{"t":"AS50"},"0F90":{"desc":"L1P"},"0F98":{"t":"S108"},"0F99":{"t":"B752"},"0F9A":{"t":"C172"},"0F9B":{"t":"BE58"},"0F9C":{"t":"SR20"},"0F9D":{"t":"GLF5"},"0F9E":{"t":"MD87"},"0FA0":{"desc":"H2T"},"0FA3":{"t":"B744"},"0FA4":{"t":"SR20"},"0FA6":{"t":"C182"},"0FAD":{"t":"TBM7"},"0FB1":{"t":"PA18"},"0FB4":{"t":"DV20"},"0FB5":{"desc":"L1P"},"0FBB":{"t":"C182"},"0FBC":{"desc":"L1P"},"0FBD":{"desc":"L1P"},"0FBF":{"t":"P28A"},"0FC2":{"t":"C182"},"0FCA":{"desc":"L1P","t":"ULAC"},"0FCE":{"t":"C310"},"0FCF":{"t":"SR22"},"0FDB":{"t":"C550"},"0FE3":{"t":"P28A"},"0FE4":{"desc":"L1J"},"0FE8":{"t":"B763"},"0FEE":{"t":"ULAC"},"0FF4":{"t":"HUSK"},"0FFC":{"desc":"L1P"},"0FFF":{"t":"CL30"},"300D":{"t":"AS50"},"3018":{"desc":"L1P"},"301D":{"t":"AA5"},"3026":{"desc":"L1P"},"3029":{"t":"B350"},"3034":{"t":"PA46"},"3035":{"t":"E190"},"3037":{"t":"GLEX"},"3041":{"t":"P28A"},"3042":{"t":"B06"},"3044":{"t":"GLF4"},"3046":{"desc":"L1P"},"304B":{"t":"COL4"},"304F":{"t":"BE9L"},"3058":{"desc":"L1P"},"3060":{"t":"GLF6"},"3063":{"t":"C550"},"3064":{"t":"S22T"},"3066":{"desc":"L1P"},"3069":{"t":"LJ60"},"3071":{"desc":"L1P"},"3073":{"t":"BALL"},"3075":{"desc":"L1P"},"3077":{"t":"BE36"},"3078":{"t":"C72R"},"307C":{"t":"C210"},"308A":{"t":"BE20"},"308C":{"desc":"A1P","t":"ULAC"},"308F":{"t":"C172"},"3091":{"t":"GLF4"},"3096":{"t":"C310"},"309C":{"t":"AS65"},"30BC":{"t":"B06"},"30BF":{"desc":"L1P"},"30C0":{"t":"B06"},"30CB":{"t":"CRJ9"},"30CD":{"t":"SR22"},"30D5":{"t":"S22T"},"30DB":{"t":"GALX"},"30EE":{"desc":"L2P"},"30F8":{"t":"BE58"},"30F9":{"desc":"L1P"},"30FF":{"t":"E170"},"3108":{"t":"B06"},"310A":{"t":"AS50"},"310D":{"desc":"H1T"},"3110":{"t":"B06"},"3113":{"t":"GLF5"},"3117":{"desc":"L1P"},"3119":{"t":"BE36"},"311E":{"t":"E75L"},"3121":{"t":"C172"},"3123":{"t":"C185"},"3127":{"t":"LJ45"},"312B":{"desc":"L2J"},"312C":{"desc":"L1P"},"3131":{"t":"DA42"},"3135":{"t":"BE9L"},"314A":{"t":"H25B"},"314E":{"t":"A321"},"3154":{"t":"BE35"},"3164":{"t":"P32R"},"316B":{"t":"BE36"},"316D":{"t":"PA32"},"316E":{"t":"CL30"},"3170":{"t":"S22T"},"317C":{"desc":"L1P"},"3180":{"t":"HUSK"},"3184":{"t":"BE36"},"31B1":{"t":"B190"},"31B6":{"desc":"L2T"},"31D2":{"desc":"L1P","t":"ULAC"},"31D5":{"t":"C172"},"31D7":{"t":"C310"},"31DB":{"t":"C182"},"31DD":{"t":"PA18"},"31E1":{"t":"C172"},"31E8":{"t":"BE60"},"31E9":{"desc":"L1P"},"31EB":{"desc":"H4E"},"31EC":{"t":"BE55"},"31ED":{"desc":"L1P"},"31EF":{"t":"BE33"},"31F3":{"t":"PA22"},"31F4":{"t":"B350"},"31F6":{"t":"H269"},"31F8":{"t":"C172"},"31FC":{"t":"L8"},"31FF":{"t":"C120"},"3206":{"t":"C120"},"320B":{"desc":"H1P"},"320C":{"t":"B47G"},"320E":{"desc":"L1P"},"3210":{"desc":"L1P"},"3212":{"desc":"L1P"},"3213":{"t":"BE33"},"3218":{"t":"ULAC"},"321A":{"t":"CH7A"},"321D":{"t":"P28A"},"3227":{"t":"C172"},"322F":{"t":"BE36"},"3233":{"t":"BE55"},"3234":{"t":"BE55"},"3235":{"t":"B735"},"3236":{"t":"BE36"},"3237":{"t":"BE35"},"3239":{"t":"PA22"},"323B":{"desc":"L1P","t":"ULAC"},"323D":{"t":"CH7A"},"3241":{"t":"P28A"},"3244":{"t":"C182"},"3246":{"t":"PA18"},"324A":{"t":"P28A"},"324D":{"t":"BE36"},"324E":{"t":"C210"},"3251":{"desc":"L2P"},"3253":{"t":"BE33"},"3254":{"desc":"L1P"},"3255":{"desc":"L1P"},"3257":{"t":"BE33"},"3258":{"desc":"L1P"},"325A":{"t":"BE36"},"325C":{"t":"PA22"},"3260":{"t":"CH7A"},"3265":{"t":"L8"},"326D":{"t":"P28A"},"326F":{"t":"C172"},"3271":{"t":"C210"},"3275":{"t":"GLID"},"3277":{"t":"BE17"},"327E":{"t":"GLID"},"327F":{"t":"PA22"},"3285":{"t":"BE35"},"3286":{"t":"P28S"},"3287":{"t":"P28A"},"3288":{"t":"L8"},"328A":{"t":"C182"},"328C":{"t":"PA18"},"328D":{"t":"C150"},"328E":{"t":"C82R"},"3290":{"t":"P28A"},"3297":{"t":"BE35"},"3298":{"t":"C172"},"329A":{"t":"BE36"},"329C":{"t":"BE55"},"329D":{"t":"BE35"},"329F":{"desc":"L1P"},"32A0":{"desc":"L1P"},"32A1":{"desc":"L1P"},"32A6":{"t":"CH7A"},"32A8":{"t":"BE33"},"32A9":{"t":"C310"},"32AB":{"desc":"L1P"},"32AD":{"t":"C182"},"32AE":{"t":"C120"},"32B1":{"t":"BALL"},"32B3":{"t":"C172"},"32B5":{"t":"C172"},"32BA":{"t":"BE58"},"32BC":{"desc":"L1P"},"32BE":{"desc":"L1P"},"32BF":{"desc":"L1P"},"32C2":{"t":"BE36"},"32C3":{"t":"BE36"},"32C4":{"t":"R66"},"32CB":{"t":"BE33"},"32CD":{"t":"P28A"},"32CF":{"t":"R66"},"32D0":{"t":"C182"},"32D2":{"t":"S22T"},"32D4":{"t":"C185"},"32D8":{"t":"C120"},"32D9":{"t":"BE55"},"32DC":{"desc":"H1T"},"32DD":{"desc":"L1P"},"32E5":{"t":"ST75"},"32E6":{"t":"BE17"},"32EC":{"t":"C310"},"32EE":{"t":"BE33"},"32F0":{"t":"P28A"},"32F3":{"t":"C337"},"32F6":{"t":"C150"},"32F9":{"t":"P28A"},"32FB":{"t":"C172"},"32FF":{"t":"C336"},"3307":{"desc":"L1P"},"3309":{"desc":"L1P"},"3312":{"desc":"L1P"},"3314":{"t":"RV12"},"3318":{"t":"PA18"},"3319":{"t":"C150"},"331A":{"t":"C185"},"331C":{"t":"P28A"},"3327":{"t":"ST75"},"3328":{"t":"ST75"},"332B":{"t":"BE36"},"332D":{"t":"PA27"},"332E":{"t":"C177"},"3330":{"t":"BE55"},"3331":{"t":"CH7A"},"3332":{"desc":"L1P"},"3333":{"t":"A333"},"3334":{"t":"BE35"},"3335":{"desc":"L1P"},"3336":{"desc":"H1T"},"3337":{"t":"HUSK"},"3338":{"t":"HUSK"},"333A":{"t":"C77R"},"333B":{"t":"B752"},"333C":{"t":"C77R"},"333E":{"t":"C77R"},"333F":{"t":"C177"},"3342":{"t":"C77R"},"3343":{"t":"C177"},"3344":{"t":"GLID"},"3346":{"desc":"H4E"},"3347":{"t":"C177"},"3349":{"t":"GLF4"},"334A":{"t":"C177"},"334B":{"t":"C152"},"334D":{"desc":"L1P"},"334E":{"t":"C177"},"334F":{"t":"C177"},"3351":{"desc":"S1P"},"3352":{"t":"C177"},"3358":{"t":"C77R"},"3359":{"t":"C77R"},"335B":{"t":"C77R"},"335C":{"t":"C177"},"335F":{"t":"C182"},"3360":{"t":"S108"},"3362":{"desc":"L1P"},"3363":{"t":"C177"},"3364":{"t":"PTS2"},"3365":{"t":"C77R"},"3366":{"t":"C177"},"3369":{"t":"C77R"},"336A":{"t":"EA50"},"336C":{"t":"P32T"},"336D":{"t":"BE20"},"336E":{"t":"C182"},"3370":{"desc":"L1P","t":"ULAC"},"3371":{"t":"R44"},"3372":{"t":"AA1"},"3374":{"t":"C177"},"3376":{"desc":"A1P","t":"ULAC"},"3379":{"t":"C177"},"337A":{"t":"C177"},"337B":{"t":"HUSK"},"337C":{"t":"C77R"},"337F":{"t":"PA32"},"3380":{"t":"BE58"},"3381":{"t":"C177"},"3382":{"desc":"L1P"},"3383":{"t":"C177"},"3385":{"t":"ULAC"},"3386":{"t":"B763"},"3387":{"desc":"L1P"},"3389":{"t":"C77R"},"338E":{"t":"C77R"},"3391":{"t":"B763"},"3392":{"t":"C56X"},"3394":{"t":"C177"},"3397":{"t":"C177"},"3398":{"t":"C77R"},"339B":{"t":"C177"},"339D":{"t":"PA18"},"339E":{"t":"SR20"},"33A4":{"t":"C177"},"33A7":{"desc":"L1P"},"33AA":{"desc":"L1P"},"33AB":{"t":"BE55"},"33AD":{"t":"C77R"},"33AF":{"t":"M20P"},"33B0":{"t":"B763"},"33B1":{"t":"CL60"},"33B3":{"t":"C77R"},"33B4":{"t":"C177"},"33BB":{"t":"C177"},"33BD":{"desc":"L1P"},"33C4":{"t":"C77R"},"33C5":{"t":"B350"},"33C6":{"t":"AA5"},"33C7":{"desc":"L2T"},"33C9":{"desc":"L1P"},"33CF":{"t":"C177"},"33D0":{"desc":"L1P"},"33D5":{"t":"C177"},"33D6":{"t":"C177"},"33D9":{"t":"C177"},"33DD":{"t":"C77R"},"33DF":{"t":"BALL"},"33E0":{"t":"PA46"},"33E5":{"t":"BALL"},"33EB":{"desc":"L1P"},"33EC":{"t":"E190"},"33ED":{"t":"F900"},"33F7":{"t":"C77R"},"33F8":{"t":"LJ45"},"33FB":{"t":"C560"},"33FD":{"t":"C77R"},"33FF":{"t":"C177"},"3401":{"t":"C177"},"3402":{"t":"C177"},"3406":{"t":"C177"},"3408":{"t":"C177"},"340A":{"t":"C77R"},"340B":{"t":"C77R"},"3410":{"t":"C77R"},"3412":{"t":"C77R"},"3415":{"t":"C177"},"3418":{"t":"C77R"},"341B":{"t":"C77R"},"341D":{"t":"C77R"},"341F":{"t":"C177"},"3420":{"t":"C77R"},"3421":{"t":"C77R"},"3424":{"t":"C77R"},"3427":{"t":"C177"},"3428":{"desc":"L2P"},"3429":{"t":"BE20"},"342A":{"t":"AC11"},"342B":{"desc":"L1P","t":"ULAC"},"342D":{"t":"C177"},"342E":{"t":"C77R"},"342F":{"desc":"L1P"},"3431":{"t":"C177"},"3435":{"t":"SF50"},"3439":{"t":"C177"},"343D":{"t":"C77R"},"3442":{"t":"PA46"},"3443":{"t":"C177"},"3444":{"t":"C77R"},"3446":{"t":"C77R"},"3447":{"desc":"L1P"},"3448":{"t":"C177"},"3449":{"t":"C177"},"344A":{"t":"FA50"},"344B":{"t":"BE9L"},"344F":{"t":"C177"},"3451":{"t":"C77R"},"3452":{"t":"C177"},"3456":{"t":"C77R"},"345D":{"t":"C77R"},"346A":{"desc":"L1P"},"346F":{"t":"C177"},"3470":{"t":"PC12"},"3473":{"t":"C77R"},"3475":{"t":"R44"},"3476":{"t":"C177"},"3478":{"t":"P210"},"347B":{"t":"C77R"},"347D":{"t":"C77R"},"347E":{"t":"C177"},"347F":{"t":"C177"},"3481":{"t":"RV12"},"3483":{"t":"C77R"},"3484":{"t":"PTS2"},"3485":{"t":"SR22"},"3488":{"t":"C177"},"348B":{"t":"C177"},"348C":{"t":"C177"},"34A6":{"desc":"L4T"},"34A7":{"desc":"A1P"},"34A8":{"t":"C177"},"34A9":{"t":"C177"},"34AB":{"t":"GLID"},"34AC":{"t":"C77R"},"34AD":{"t":"C77R"},"34AE":{"t":"C550"},"34B0":{"t":"C177"},"34B1":{"desc":"L1P","t":"ULAC"},"34B3":{"t":"C177"},"34B9":{"desc":"L1P"},"34BA":{"desc":"L1P"},"34BD":{"t":"C77R"},"34BE":{"desc":"L1P","t":"ULAC"},"34BF":{"desc":"L1P","t":"C77R"},"34C0":{"desc":"L1P"},"34C1":{"desc":"L1P"},"34C2":{"t":"C77R"},"34C6":{"t":"C177"},"34C8":{"t":"C177"},"34C9":{"t":"C77R"},"34CA":{"t":"C177"},"34CE":{"t":"R22"},"34CF":{"t":"GLID"},"34D2":{"t":"C177"},"34D3":{"t":"BE36"},"34D4":{"t":"C177"},"34D5":{"t":"E75L"},"34D8":{"t":"BE20"},"34DA":{"t":"M20P"},"34DB":{"desc":"L1P"},"34DE":{"t":"C77R"},"34E2":{"desc":"L1P","t":"ULAC"},"34E3":{"t":"C77R"},"34E5":{"t":"C177"},"34E8":{"t":"C177"},"34ED":{"t":"C77R"},"34F0":{"t":"C195"},"34F1":{"t":"B744"},"3501":{"t":"A321"},"3509":{"t":"C177"},"350A":{"t":"C177"},"350B":{"t":"C77R"},"350C":{"t":"C177"},"3513":{"t":"C77R"},"351A":{"t":"C77R"},"351B":{"t":"C177"},"351D":{"t":"C525"},"3521":{"t":"C82S"},"3522":{"t":"C195"},"3524":{"t":"C77R"},"3525":{"t":"P28A"},"3526":{"desc":"L1P"},"3528":{"t":"C77R"},"352E":{"t":"C177"},"3530":{"t":"C77R"},"3533":{"t":"C77R"},"3534":{"t":"BE35"},"3537":{"t":"BE55"},"353A":{"desc":"H2T"},"353B":{"desc":"L1P"},"353E":{"t":"C177"},"3541":{"t":"A319"},"3549":{"t":"C177"},"354C":{"t":"C177"},"3551":{"desc":"H1P"},"3585":{"desc":"L1P"},"3586":{"t":"GLID"},"3588":{"desc":"L1P"},"3589":{"t":"ULAC"},"358D":{"t":"BE55"},"3590":{"t":"L8"},"3593":{"t":"C120"},"3596":{"t":"C185"},"3598":{"t":"P28A"},"359C":{"t":"C210"},"359F":{"desc":"L1P"},"35A0":{"desc":"L1P"},"35A1":{"t":"BE33"},"35A2":{"t":"BE36"},"35A3":{"t":"BE36"},"35A9":{"t":"GLID"},"35AA":{"t":"PA22"},"35AB":{"t":"ST75"},"35AE":{"t":"CH7A"},"35B5":{"t":"C182"},"35B6":{"t":"C120"},"35B7":{"t":"PA22"},"35B9":{"t":"GLID"},"35BA":{"desc":"L1P"},"35C2":{"desc":"L1P"},"35C3":{"desc":"L1P"},"35C4":{"desc":"L1P"},"35C5":{"t":"WACC"},"35C7":{"desc":"L1P"},"35C8":{"t":"WACC"},"35CA":{"t":"BE35"},"35CB":{"t":"B737"},"35CD":{"t":"PA22"},"35D2":{"t":"C172"},"35D5":{"t":"P28A"},"35E1":{"t":"BE36"},"35E6":{"desc":"L1P"},"35E7":{"t":"BE55"},"35EA":{"desc":"L1P"},"35EB":{"t":"BE55"},"35EF":{"t":"B47G"},"35F1":{"t":"C177"},"35F2":{"desc":"L1P"},"35F3":{"t":"C170"},"35F5":{"t":"C172"},"35F9":{"t":"L8"},"35FC":{"t":"C120"},"35FD":{"t":"PA22"},"35FF":{"t":"C82R"},"3603":{"t":"C120"},"3604":{"t":"BE35"},"3607":{"t":"C336"},"3608":{"t":"B737"},"360A":{"t":"BE55"},"360C":{"t":"WACC"},"360D":{"t":"BE33"},"360E":{"t":"WACC"},"360F":{"t":"WACC"},"3610":{"t":"BE33"},"3614":{"t":"ST75"},"3615":{"t":"C180"},"3616":{"t":"C177"},"3617":{"t":"CH7A"},"3618":{"t":"C172"},"361A":{"t":"C182"},"3620":{"t":"PA22"},"3624":{"t":"C172"},"3626":{"t":"C172"},"362B":{"desc":"L1P"},"362C":{"desc":"L1P"},"362D":{"desc":"L1P"},"3631":{"t":"BE35"},"3632":{"t":"BE33"},"3633":{"t":"BE36"},"3634":{"desc":"L1P"},"3636":{"t":"PA20"},"3638":{"desc":"L1P","t":"ULAC"},"3640":{"t":"ULAC"},"3641":{"t":"BE35"},"3642":{"t":"C120"},"3643":{"desc":"L1P","t":"ULAC"},"3645":{"t":"C185"},"364E":{"desc":"L1P"},"364F":{"t":"BE35"},"3650":{"t":"B737"},"3651":{"t":"B737"},"3656":{"desc":"H1T"},"3658":{"t":"J3"},"365A":{"t":"BALL"},"365B":{"t":"H25B"},"365C":{"t":"C170"},"365D":{"desc":"L1P"},"3660":{"t":"BALL"},"3661":{"t":"P28A"},"3662":{"t":"L8"},"3663":{"t":"ASTR"},"3664":{"t":"SR22"},"3665":{"t":"BALL"},"3669":{"desc":"L1P"},"366A":{"t":"P28A"},"366B":{"t":"P32R"},"366C":{"t":"C140"},"366F":{"t":"BALL"},"3673":{"t":"P28A"},"3674":{"t":"P28A"},"3675":{"t":"BE36"},"3677":{"t":"BE36"},"3678":{"t":"BE33"},"367A":{"t":"BE36"},"367B":{"t":"FA62"},"367C":{"t":"P28B"},"367D":{"desc":"H1P"},"367E":{"t":"P28A"},"3683":{"t":"C310"},"3684":{"t":"P28A"},"3685":{"t":"L8"},"3687":{"t":"GLF6"},"368B":{"t":"C82R"},"368C":{"desc":"L1T"},"368E":{"t":"GLF5"},"368F":{"t":"R22"},"3692":{"desc":"A1P"},"3698":{"desc":"L1P"},"369B":{"t":"J3"},"369C":{"desc":"L1P"},"36A0":{"t":"L8"},"36A1":{"t":"C180"},"36A4":{"t":"C172"},"36A7":{"t":"C77R"},"36AA":{"t":"C210"},"36B2":{"t":"C140"},"36B5":{"t":"P28A"},"36BC":{"t":"BE36"},"36C5":{"t":"C170"},"36CA":{"t":"P28A"},"36CD":{"t":"C182"},"36CF":{"t":"PA22"},"36D9":{"t":"C336"},"36DA":{"t":"BE55"},"36DB":{"t":"BE33"},"36DE":{"t":"BE36"},"36E0":{"desc":"L1P"},"36E1":{"t":"BE35"},"36E2":{"desc":"L1P"},"36E6":{"t":"B752"},"36E7":{"desc":"L1P"},"36E8":{"desc":"H2T"},"36EB":{"t":"C172"},"36ED":{"desc":"H1T"},"36F1":{"t":"LJ55"},"36F6":{"t":"C750"},"36FE":{"t":"GLF2"},"36FF":{"t":"PA38"},"3701":{"t":"BL8"},"3702":{"desc":"L1P"},"3704":{"desc":"L1P","t":"ULAC"},"3705":{"t":"BE60"},"3719":{"t":"EC20"},"371A":{"t":"PA18"},"371D":{"t":"PRM1"},"3723":{"t":"E50P"},"3728":{"desc":"L1P"},"3729":{"t":"FDCT"},"372C":{"t":"L39"},"3731":{"t":"C550"},"3732":{"t":"PA46"},"3733":{"desc":"L1P"},"3736":{"t":"R44"},"373A":{"t":"BL8"},"373C":{"desc":"L1P"},"373D":{"t":"B763"},"3740":{"t":"C177"},"3741":{"t":"HUSK"},"3748":{"t":"B763"},"3749":{"t":"PA30"},"374D":{"t":"P337"},"3751":{"desc":"H1T"},"3752":{"t":"BE9L"},"3757":{"t":"R22"},"3759":{"t":"TAMP"},"3761":{"desc":"L1P"},"3763":{"t":"SF50"},"3767":{"t":"B763"},"3776":{"t":"C172"},"377B":{"t":"PA27"},"377E":{"desc":"L2T"},"3790":{"t":"C172"},"379F":{"t":"C650"},"37A2":{"t":"GLID"},"37A6":{"t":"GLEX"},"37AD":{"t":"GLID"},"37AF":{"t":"E190"},"37B0":{"t":"C56X"},"37B3":{"t":"YK52"},"37B8":{"t":"PA18"},"37B9":{"t":"C82S"},"37BE":{"t":"BE77"},"37C6":{"t":"GLID"},"37C7":{"t":"C172"},"37CE":{"t":"ULAC"},"37D6":{"t":"GALX"},"37D8":{"desc":"L1P"},"37DF":{"t":"GLF5"},"37E0":{"t":"BE9T"},"37E1":{"desc":"L1T","t":"G164"},"37E2":{"t":"C56X"},"37F8":{"t":"PA27"},"37F9":{"t":"HUSK"},"37FB":{"t":"PA32"},"37FC":{"t":"ST75"},"3800":{"t":"PC12"},"3804":{"t":"LJ60"},"380A":{"t":"AS65"},"3811":{"desc":"L1P"},"3814":{"desc":"L1P","t":"ULAC"},"382A":{"desc":"L1P"},"382B":{"t":"B06"},"3833":{"desc":"L1P","t":"ULAC"},"383B":{"t":"ULAC"},"383C":{"t":"GLF4"},"3843":{"t":"BE35"},"3860":{"t":"T210"},"3862":{"t":"GLID"},"3864":{"t":"C680"},"3868":{"desc":"L1P"},"386D":{"t":"C172"},"3870":{"desc":"L1P","t":"ULAC"},"3878":{"t":"ULAC"},"387B":{"t":"C510"},"387C":{"t":"PAY2"},"387D":{"t":"R22"},"387F":{"t":"C77R"},"388A":{"t":"FDCT"},"388C":{"t":"E75L"},"388E":{"desc":"L1P","t":"ULAC"},"3899":{"desc":"L1P"},"38A0":{"t":"BL8"},"38A7":{"t":"PA30"},"38A8":{"t":"B744"},"38B8":{"t":"A321"},"38C0":{"desc":"H1P"},"38D4":{"t":"C185"},"38D9":{"t":"BE55"},"38E0":{"t":"C56X"},"38EE":{"t":"HUSK"},"38F2":{"t":"PA30"},"391F":{"t":"B190"},"392F":{"t":"C182"},"393D":{"desc":"L1P"},"3940":{"desc":"L1P","t":"ULAC"},"3942":{"t":"CH7A"},"3949":{"t":"C182"},"394C":{"t":"C150"},"394D":{"t":"C185"},"3957":{"t":"H500"},"3958":{"t":"BE33"},"395D":{"desc":"L1P"},"3960":{"desc":"L1P"},"3963":{"t":"C180"},"3965":{"t":"C310"},"3967":{"t":"BE35"},"3969":{"t":"P28A"},"3970":{"t":"C82R"},"3972":{"t":"C172"},"3974":{"t":"C172"},"397B":{"t":"BE20"},"397D":{"t":"BE35"},"397F":{"t":"BE35"},"3980":{"t":"BE36"},"3981":{"t":"BE33"},"3982":{"t":"BE36"},"3989":{"t":"C172"},"398A":{"t":"BE33"},"398D":{"t":"SR22"},"3995":{"t":"C172"},"3996":{"t":"T210"},"399C":{"t":"BE55"},"39A2":{"t":"BE36"},"39A3":{"t":"BE35"},"39A5":{"t":"BE33"},"39A7":{"t":"PA18"},"39AD":{"t":"BE33"},"39AE":{"t":"C310"},"39B2":{"t":"C182"},"39B4":{"t":"BALL"},"39B7":{"t":"BALL"},"39B9":{"t":"BALL"},"39BA":{"t":"C120"},"39BD":{"t":"BALL"},"39C1":{"t":"BE36"},"39C2":{"t":"BE58"},"39C3":{"t":"J2"},"39C5":{"t":"BE36"},"39C6":{"t":"J2"},"39C7":{"t":"BE36"},"39CE":{"t":"C310"},"39CF":{"t":"C172"},"39D2":{"t":"P28A"},"39D3":{"t":"L8"},"39D5":{"t":"C182"},"39D8":{"t":"C150"},"39D9":{"t":"C82R"},"39DB":{"t":"P28A"},"39DD":{"t":"C140"},"39E2":{"t":"BE35"},"39E4":{"t":"BE33"},"39E8":{"t":"BE33"},"39E9":{"t":"J2"},"39ED":{"t":"BE33"},"39EF":{"t":"C180"},"39F1":{"t":"CH7A"},"39F2":{"t":"C172"},"39F4":{"t":"DG15"},"3A05":{"t":"BE58"},"3A07":{"t":"BE33"},"3A09":{"t":"J2"},"3A18":{"t":"P28A"},"3A19":{"t":"L8"},"3A1B":{"t":"C337"},"3A1C":{"t":"C120"},"3A1F":{"t":"C82R"},"3A21":{"t":"P28A"},"3A25":{"t":"T210"},"3A2B":{"t":"BE36"},"3A2D":{"t":"BE35"},"3A2F":{"t":"GLID"},"3A30":{"t":"GLID"},"3A35":{"t":"C180"},"3A36":{"t":"C170"},"3A38":{"t":"C172"},"3A3B":{"t":"P28A"},"3A40":{"t":"PA22"},"3A41":{"t":"C150"},"3A44":{"t":"P28A"},"3A4A":{"t":"BE35"},"3A4D":{"t":"J2"},"3A51":{"t":"J2"},"3A54":{"t":"GLID"},"3A56":{"t":"PA18"},"3A5C":{"t":"BE35"},"3A62":{"t":"C140"},"3A63":{"t":"PA22"},"3A64":{"t":"C150"},"3A67":{"t":"C172"},"3A6E":{"t":"H269"},"3A71":{"t":"GLID"},"3A76":{"t":"GLID"},"3A78":{"t":"C185"},"3A7B":{"t":"C180"},"3A7D":{"t":"CH7A"},"3A84":{"t":"C208"},"3A88":{"t":"P28A"},"3A8A":{"t":"P28A"},"3A8C":{"t":"C172"},"3A93":{"t":"GLID"},"3A94":{"t":"GLID"},"3A9A":{"t":"GLID"},"3A9D":{"t":"B752"},"3A9F":{"desc":"H2T"},"3AA6":{"t":"BE36"},"3AA7":{"t":"PC12"},"3AA8":{"t":"HUSK"},"3AAC":{"t":"BE58"},"3AAD":{"t":"P208"},"3AB7":{"desc":"L1P","t":"ULAC"},"3ABD":{"t":"H60"},"3AC0":{"t":"PA46"},"3AC2":{"t":"BALL"},"3ACA":{"t":"HUSK"},"3ACF":{"t":"E120"},"3AD0":{"t":"EC20"},"3AD1":{"desc":"L1P","t":"ULAC"},"3AD2":{"t":"SR20"},"3AD6":{"desc":"L1P"},"3AD7":{"desc":"L2J"},"3ADC":{"t":"C182"},"3AE0":{"t":"FDCT"},"3AE7":{"t":"HUSK"},"3AE9":{"t":"C150"},"3AEA":{"desc":"L1P"},"3AF3":{"t":"T206"},"3AF4":{"t":"B763"},"3AF8":{"t":"DA40"},"3B00":{"t":"GLID"},"3B03":{"t":"PA31"},"3B0E":{"desc":"L1J"},"3B10":{"t":"C25B"},"3B11":{"desc":"L1P"},"3B1E":{"t":"B763"},"3B32":{"t":"ERCO"},"3B34":{"desc":"L1E"},"3B35":{"desc":"L1P"},"3B44":{"t":"AA5"},"3B66":{"t":"E190"},"3B68":{"t":"S22T"},"3B72":{"desc":"L1P"},"3B75":{"t":"C182"},"3B7D":{"desc":"L1P"},"3B80":{"t":"CL30"},"3B81":{"t":"BE35"},"3B8E":{"t":"GLID"},"3B96":{"t":"DA40"},"3B99":{"t":"C162"},"3B9C":{"t":"LJ60"},"3BA7":{"t":"ULAC"},"3BAF":{"t":"ST75"},"3BB0":{"desc":"L1P"},"3BB2":{"t":"BE33"},"3BB3":{"t":"BE9L"},"3BB4":{"t":"T206"},"3BBB":{"t":"C170"},"3BBF":{"t":"SR20"},"3BC0":{"t":"P180"},"3BC1":{"desc":"H2T"},"3BCB":{"t":"TBM7"},"3BD9":{"t":"B06"},"3BE4":{"t":"BL8"},"3BE6":{"desc":"L1P"},"3BE7":{"t":"C680"},"3BF3":{"desc":"L1P"},"3C13":{"t":"BE35"},"3C14":{"t":"CH7B"},"3C17":{"t":"ULAC"},"3C1E":{"t":"B06"},"3C1F":{"t":"PA31"},"3C23":{"t":"R66"},"3C27":{"t":"RV9"},"3C2D":{"t":"C208"},"3C32":{"t":"B407"},"3C3E":{"t":"PA46"},"3C41":{"t":"P28A"},"3C43":{"t":"E75L"},"3C47":{"t":"BRAV"},"3C49":{"t":"EA50"},"3C4D":{"desc":"L1P"},"3C5A":{"t":"BL17"},"3C5E":{"t":"P208"},"3C5F":{"t":"B744"},"3C73":{"t":"A321"},"3C79":{"t":"C82S"},"3C85":{"desc":"L1P"},"3C90":{"desc":"L1P"},"3C92":{"t":"B350"},"3C93":{"t":"C25B"},"3C98":{"desc":"L1P"},"3CA1":{"t":"C182"},"3CA2":{"desc":"A1P"},"3CA5":{"desc":"H1P"},"3CA8":{"t":"C182"},"3CB7":{"t":"C172"},"3CF3":{"desc":"L2T"},"3CF9":{"t":"CH7A"},"3CFA":{"t":"C172"},"3CFC":{"t":"ULAC"},"3CFD":{"t":"P28A"},"3D04":{"t":"C185"},"3D06":{"t":"P28A"},"3D07":{"t":"BE19"},"3D08":{"t":"C140"},"3D0E":{"t":"GLID"},"3D0F":{"t":"GLID"},"3D10":{"t":"GLID"},"3D12":{"t":"GLID"},"3D14":{"t":"GLID"},"3D15":{"t":"GLID"},"3D16":{"t":"GLID"},"3D17":{"t":"GLID"},"3D1C":{"t":"C310"},"3D1E":{"t":"BE33"},"3D23":{"t":"C337"},"3D24":{"t":"C120"},"3D25":{"t":"PA22"},"3D26":{"t":"C150"},"3D28":{"desc":"L1P"},"3D2B":{"t":"C172"},"3D30":{"t":"J2"},"3D31":{"t":"GLID"},"3D32":{"t":"GLID"},"3D34":{"t":"GLID"},"3D35":{"t":"H269"},"3D36":{"t":"GLID"},"3D37":{"t":"GLID"},"3D38":{"t":"GLID"},"3D3F":{"t":"CH7A"},"3D41":{"t":"BE35"},"3D43":{"t":"P28A"},"3D4B":{"desc":"L1P"},"3D4E":{"t":"C140"},"3D54":{"t":"GLID"},"3D56":{"t":"GLID"},"3D57":{"t":"GLID"},"3D58":{"t":"GLID"},"3D59":{"t":"GLID"},"3D5A":{"t":"GLID"},"3D5E":{"t":"PA18"},"3D61":{"t":"C170"},"3D64":{"t":"BE33"},"3D65":{"t":"C310"},"3D67":{"t":"L8"},"3D6C":{"t":"C150"},"3D71":{"t":"C172"},"3D77":{"t":"BE36"},"3D78":{"t":"GLID"},"3D79":{"t":"GLID"},"3D7A":{"t":"GLID"},"3D7B":{"t":"GLID"},"3D7C":{"t":"GLID"},"3D7D":{"t":"GLID"},"3D7E":{"t":"GLID"},"3D7F":{"t":"GLID"},"3D83":{"t":"C180"},"3D8C":{"t":"C182"},"3D8D":{"t":"C120"},"3D92":{"t":"P28A"},"3D95":{"t":"BE36"},"3D96":{"t":"C210"},"3D99":{"t":"GLID"},"3D9B":{"t":"GLID"},"3D9C":{"t":"GLID"},"3D9D":{"t":"GLID"},"3D9E":{"t":"GLID"},"3DA0":{"t":"GLID"},"3DA1":{"t":"GLID"},"3DA2":{"t":"GLID"},"3DA3":{"t":"GLID"},"3DA4":{"t":"PA18"},"3DA6":{"t":"C180"},"3DA8":{"t":"C310"},"3DAA":{"t":"BE35"},"3DAB":{"t":"P28S"},"3DAD":{"t":"L8"},"3DB0":{"t":"C120"},"3DB3":{"t":"C185"},"3DBC":{"t":"GLID"},"3DBD":{"desc":"L1P"},"3DBE":{"t":"GLID"},"3DBF":{"t":"GLID"},"3DC0":{"t":"GLID"},"3DC2":{"t":"GLID"},"3DC6":{"t":"T6"},"3DCA":{"t":"C170"},"3DCD":{"t":"C310"},"3DD4":{"t":"PA22"},"3DD6":{"t":"C185"},"3DD8":{"t":"P28A"},"3DDF":{"t":"GLID"},"3DE2":{"t":"B789"},"3DE5":{"t":"GLID"},"3DE6":{"t":"GLID"},"3DE7":{"t":"GLID"},"3DE8":{"t":"GLID"},"3DEC":{"t":"C180"},"3DED":{"t":"C170"},"3DEE":{"t":"CH7A"},"3DF0":{"t":"BE35"},"3DF1":{"t":"C310"},"3DF2":{"t":"AC11"},"3DF5":{"t":"C182"},"3DF6":{"t":"C120"},"3DF7":{"t":"PA22"},"3DF9":{"t":"C206"},"3DFD":{"t":"C120"},"3DFF":{"t":"C210"},"3E01":{"t":"C336"},"3E02":{"t":"GLID"},"3E03":{"t":"GLID"},"3E05":{"t":"GLID"},"3E06":{"t":"GLID"},"3E07":{"t":"GLID"},"3E0B":{"t":"BE58"},"3E0D":{"t":"PA18"},"3E11":{"t":"CH7A"},"3E13":{"t":"BE33"},"3E18":{"t":"C182"},"3E1C":{"t":"C185"},"3E20":{"t":"C140"},"3E22":{"t":"C210"},"3E25":{"t":"BE58"},"3E29":{"t":"E145"},"3E2A":{"t":"BE17"},"3E2D":{"t":"BE35"},"3E34":{"t":"CH7A"},"3E36":{"t":"BALL"},"3E3D":{"t":"PA22"},"3E41":{"t":"P28A"},"3E47":{"t":"C336"},"3E52":{"t":"BE9L"},"3E53":{"t":"BE33"},"3E54":{"t":"H25B"},"3E56":{"t":"C172"},"3E57":{"t":"C182"},"3E58":{"desc":"L1P","t":"ULAC"},"3E59":{"t":"BE20"},"3E5A":{"t":"GLID"},"3E5B":{"t":"HUSK"},"3E5C":{"t":"PA18"},"3E5D":{"desc":"L1P"},"3E5E":{"desc":"L1P"},"3E60":{"desc":"L1P","t":"ULAC"},"3E61":{"t":"AA5"},"3E63":{"t":"BE33"},"3E67":{"t":"SR22"},"3E68":{"desc":"L1P"},"3E69":{"t":"LJ45"},"3E6A":{"t":"ULAC"},"3E6B":{"desc":"L1P"},"3E6C":{"t":"GA5C"},"3E6D":{"t":"H25B"},"3E6E":{"desc":"L2P"},"3E71":{"t":"BE33"},"3E72":{"desc":"L2T"},"3E73":{"desc":"L1P"},"3E74":{"t":"B407"},"3E75":{"t":"BE17"},"3E76":{"t":"C310"},"3E77":{"desc":"L1P"},"3E79":{"t":"GLF5"},"3E7A":{"desc":"L1P"},"3E7C":{"t":"PA32"},"3E81":{"t":"BE19"},"3E83":{"t":"BE18"},"3E84":{"t":"PA18"},"3E85":{"t":"SF50"},"3E88":{"desc":"L2J"},"3E89":{"t":"C180"},"3E8B":{"t":"GLID"},"3E8C":{"t":"F900"},"3E8D":{"desc":"L1P"},"3E8E":{"t":"GLF4"},"3E8F":{"t":"S22T"},"3E90":{"t":"C182"},"3E91":{"t":"BE9T"},"3E92":{"t":"BE33"},"3E95":{"desc":"L1P"},"3E96":{"desc":"L1P"},"3E97":{"t":"MITE"},"3E98":{"desc":"L1P"},"3E99":{"t":"C560"},"3E9C":{"t":"S22T"},"3E9D":{"t":"GLEX"},"3E9E":{"desc":"L2T","t":"BE18"},"3E9F":{"t":"C185"},"3EA2":{"desc":"L1P"},"3EA3":{"desc":"L1P"},"3EA4":{"t":"F900"},"3EA5":{"desc":"L1P"},"3EA6":{"t":"PA22"},"3EA8":{"t":"GLID"},"3EA9":{"t":"C310"},"3EAA":{"t":"C182"},"3EAB":{"t":"SR22"},"3EAE":{"t":"BE36"},"3EAF":{"t":"PC12"},"3EB0":{"t":"CH7B"},"3EB3":{"desc":"L1P"},"3EB4":{"desc":"L1P"},"3EB6":{"desc":"L1P"},"3EB7":{"t":"BE18"},"3EB9":{"t":"C172"},"3EBA":{"desc":"L1P"},"3EBD":{"desc":"L1P"},"3EBE":{"t":"C414"},"3EC0":{"t":"BE36"},"3EC1":{"t":"R44"},"3EC2":{"desc":"L1P"},"3EC3":{"desc":"L1P"},"3EC4":{"t":"CH7B"},"3EC9":{"t":"SR20"},"3ECC":{"t":"BE33"},"3ECF":{"desc":"L1P"},"3ED0":{"t":"S108"},"3ED3":{"t":"B06"},"3ED4":{"desc":"L1P"},"3ED6":{"desc":"H2T"},"3ED7":{"t":"C172"},"3EDA":{"desc":"L1P"},"3EDB":{"desc":"L1P"},"3EDD":{"t":"LJ35"},"3EE0":{"desc":"L1P"},"3EE1":{"desc":"L1P"},"3EE2":{"t":"P32R"},"3EE5":{"desc":"H1P"},"3EE6":{"desc":"A1P","t":"F900"},"3EE9":{"t":"BE18"},"3EEA":{"t":"C25B"},"3EEB":{"t":"C650"},"3EEC":{"t":"PA27"},"3EEE":{"t":"PA18"},"3EF0":{"desc":"L1P"},"3EF1":{"desc":"H1T"},"3EF2":{"t":"LJ45"},"3EF3":{"t":"SR20"},"3EF7":{"t":"PA18"},"3EFC":{"t":"H25B"},"3EFE":{"desc":"A2P"},"3EFF":{"t":"M20T"},"3F00":{"t":"C550"},"3F03":{"t":"GL5T"},"3F05":{"t":"C501"},"3F06":{"t":"BL8"},"3F08":{"t":"S76"},"3F09":{"t":"BALL"},"3F0B":{"t":"C550"},"3F0D":{"t":"PA31"},"3F0E":{"t":"BE58"},"3F10":{"t":"C182"},"3F12":{"t":"C172"},"3F15":{"t":"HUSK"},"3F16":{"desc":"L1P"},"3F19":{"t":"SR22"},"3F1B":{"desc":"L1P"},"3F1C":{"t":"C172"},"3F1D":{"desc":"L1P"},"3F1E":{"desc":"L1P"},"3F1F":{"desc":"L1P"},"3F20":{"t":"C56X"},"3F21":{"desc":"L1P"},"3F22":{"desc":"L1P"},"3F23":{"t":"BE55"},"3F25":{"t":"M20P"},"3F26":{"t":"P337"},"3F27":{"t":"PA46"},"3F28":{"desc":"L1P"},"3F29":{"desc":"L1P"},"3F2A":{"desc":"L1P"},"3F2C":{"desc":"L1T","t":"PA46"},"3F2D":{"desc":"L1P"},"3F2F":{"desc":"L1P"},"3F31":{"t":"SF50"},"3F35":{"t":"BE20"},"3F36":{"desc":"L1P"},"3F38":{"t":"AT3T"},"3F3A":{"t":"BE36"},"3F3B":{"desc":"L1P"},"3F3E":{"t":"C150"},"3F40":{"desc":"L1P"},"3F41":{"t":"P28B"},"3F42":{"desc":"L1P","t":"ULAC"},"3F44":{"desc":"A1P"},"3F45":{"t":"C750"},"3F47":{"t":"M7"},"3F49":{"t":"GLF2"},"3F4A":{"desc":"L1P"},"3F4B":{"desc":"L1P"},"3F4D":{"t":"GLID"},"3F4E":{"t":"B412"},"3F4F":{"desc":"L1P","t":"ULAC"},"3F50":{"desc":"L1P"},"3F51":{"desc":"L1P"},"3F52":{"desc":"L1P"},"3F53":{"desc":"L1P"},"3F54":{"t":"BE18"},"3F55":{"t":"P32R"},"3F56":{"t":"PA18"},"3F57":{"t":"BE18"},"3F58":{"t":"BE36"},"3F59":{"desc":"L1P"},"3F5B":{"t":"PA18"},"3F5D":{"desc":"L1P"},"3F5E":{"t":"CL60"},"3F5F":{"desc":"L1P"},"3F61":{"t":"P28A"},"3F62":{"t":"C172"},"3F64":{"t":"BE23"},"3F66":{"desc":"L1P"},"3F67":{"t":"GLID"},"3F6A":{"t":"BE55"},"3F6D":{"t":"GLID"},"3F6F":{"t":"BE36"},"3F70":{"desc":"L1P","t":"ULAC"},"3F72":{"t":"C25C"},"3F74":{"desc":"L1P"},"3F75":{"t":"R44"},"3F76":{"t":"C340"},"3F77":{"desc":"L1P"},"3F78":{"t":"B14C"},"3F7A":{"t":"F2TH"},"3F7B":{"t":"PA27"},"3F7D":{"t":"BE9L"},"3F7E":{"t":"F900"},"3F80":{"t":"C550"},"3F81":{"desc":"A1P"},"3F82":{"t":"BL8"},"3F83":{"desc":"L1P"},"3F84":{"t":"R44"},"3F85":{"t":"C210"},"3F86":{"desc":"L1T"},"3F87":{"desc":"L1P"},"3F88":{"t":"C82R"},"3F8B":{"t":"C208"},"3F8C":{"t":"GLEX"},"3F8F":{"t":"C208"},"3F90":{"t":"C172"},"3F91":{"desc":"L1P"},"3F95":{"desc":"A1P"},"3F96":{"t":"GLF4"},"3F98":{"desc":"L1P"},"3F99":{"t":"PA18"},"3F9A":{"t":"C182"},"3F9B":{"t":"PA18"},"3F9C":{"t":"EN28"},"3F9E":{"desc":"L1P"},"3F9F":{"desc":"A1P"},"3FA0":{"t":"GLID"},"3FA1":{"desc":"L1P"},"3FA2":{"desc":"L1P"},"3FA8":{"t":"M5"},"3FA9":{"desc":"L1P"},"3FAC":{"desc":"L1P"},"3FAD":{"t":"C210"},"3FAE":{"t":"PA18"},"3FCB":{"t":"LJ35"},"3FCC":{"t":"BE33"},"3FCD":{"t":"CL60"},"3FCE":{"desc":"L1P"},"3FCF":{"desc":"L1P","t":"ULAC"},"3FD0":{"t":"PRM1"},"3FD2":{"t":"R44"},"3FD3":{"t":"PA27"},"3FD4":{"t":"PA34"},"3FD5":{"t":"PA31"},"3FD6":{"desc":"L1P"},"3FD8":{"desc":"L1P"},"3FDB":{"t":"PA23"},"3FDC":{"desc":"L1P"},"3FDD":{"t":"GL5T"},"3FDE":{"desc":"L1P"},"3FDF":{"t":"BE18"},"3FE0":{"t":"C208"},"3FE1":{"t":"BE18"},"3FE4":{"t":"SR22"},"3FE5":{"t":"C182"},"3FE6":{"t":"BE58"},"3FE8":{"t":"BE18"},"3FE9":{"t":"BE9T"},"3FEA":{"t":"C310"},"3FEB":{"t":"GLF4"},"3FEC":{"desc":"L1P"},"3FF0":{"t":"PA18"},"3FF1":{"t":"B407"},"3FF3":{"t":"TBM7"},"3FF4":{"t":"B47G"},"3FF5":{"t":"C172"},"3FF6":{"desc":"L1P"},"3FF7":{"desc":"L1P"},"3FF8":{"t":"P28A"},"3FFC":{"t":"C421"},"3FFD":{"desc":"L1P"},"3FFE":{"t":"C182"},"3FFF":{"t":"C421"},"children":["A11","A12","A14","A15","A16","A17","A18","A19","A1A","A1B","A1C","A1D","A1E","A1F"]}