{"000":{"t":"GLF4"},"001":{"desc":"L1P"},"002":{"t":"C25A"},"003":{"desc":"H1P"},"006":{"t":"C182"},"007":{"t":"C182"},"008":{"t":"GLEX"},"00A":{"t":"PA34"},"00D":{"desc":"L1P"},"00E":{"desc":"L1P"},"00F":{"t":"BE35"},"012":{"desc":"L1P"},"013":{"desc":"L1P"},"015":{"desc":"L1P"},"016":{"t":"GLID"},"019":{"t":"F900"},"01B":{"t":"GLID"},"01C":{"t":"PA18"},"021":{"t":"BALL"},"022":{"desc":"L1P"},"023":{"desc":"L1P"},"02E":{"t":"BE17"},"02F":{"desc":"L1P"},"033":{"desc":"L1P","t":"ULAC"},"034":{"t":"C56X"},"035":{"t":"BE36"},"037":{"t":"BE58"},"03C":{"desc":"L1P"},"03E":{"t":"BE58"},"03F":{"t":"GLID"},"040":{"desc":"L1P"},"041":{"t":"C310"},"042":{"t":"C402"},"047":{"desc":"L1P"},"048":{"t":"HUSK"},"04A":{"desc":"H1P"},"04B":{"t":"SR22"},"04C":{"t":"C680"},"04D":{"t":"GLEX"},"04E":{"t":"SR22"},"052":{"t":"C180"},"053":{"t":"PA32"},"054":{"desc":"L1P"},"055":{"t":"BE35"},"057":{"t":"P28A"},"058":{"t":"L8"},"059":{"t":"SR22"},"05C":{"t":"BE36"},"05D":{"desc":"L1P"},"05E":{"t":"HUSK"},"05F":{"t":"GLEX"},"060":{"t":"BE36"},"061":{"desc":"L1P","t":"ULAC"},"063":{"desc":"L1P"},"064":{"desc":"L1P"},"065":{"desc":"L1P"},"066":{"desc":"L1P"},"06B":{"desc":"L1P"},"06C":{"t":"CH7B"},"06E":{"desc":"L1P"},"070":{"t":"BALL"},"071":{"desc":"L1P"},"075":{"t":"BE18"},"07A":{"t":"YK18"},"081":{"t":"PA18"},"083":{"desc":"A1P"},"084":{"t":"R44"},"08A":{"desc":"L1P"},"08B":{"desc":"L1P"},"08D":{"desc":"L1P"},"08F":{"desc":"L1P"},"090":{"desc":"A1P"},"091":{"t":"C150"},"092":{"desc":"L1P"},"094":{"t":"PA18"},"096":{"t":"C25C"},"098":{"t":"PA18"},"09A":{"t":"HDJT"},"09C":{"t":"C208"},"0A0":{"t":"C182"},"0A1":{"desc":"H6E"},"0AA":{"t":"PA18"},"0AB":{"t":"C180"},"0AC":{"t":"C180"},"0AD":{"t":"C180"},"0AE":{"t":"C180"},"0AF":{"t":"P28A"},"0B1":{"t":"B733"},"0B2":{"t":"C180"},"0B3":{"t":"C180"},"0B4":{"t":"C180"},"0B5":{"t":"C180"},"0B6":{"t":"C180"},"0B8":{"desc":"L1P"},"0B9":{"t":"C180"},"0BA":{"t":"C180"},"0BB":{"t":"C180"},"0BD":{"desc":"L1P"},"0BE":{"t":"PA18"},"0C0":{"t":"P180"},"0C3":{"t":"C180"},"0C4":{"t":"C180"},"0C5":{"t":"C560"},"0C7":{"t":"C180"},"0C8":{"t":"PA24"},"0C9":{"t":"C180"},"0CB":{"t":"C180"},"0CD":{"t":"C180"},"0CF":{"t":"C180"},"0D0":{"desc":"L1P","t":"ULAC"},"0D3":{"t":"P180"},"0D5":{"t":"C180"},"0D6":{"t":"C180"},"0D7":{"t":"C180"},"0D9":{"t":"P28A"},"0DA":{"t":"C82S"},"0DD":{"t":"SR22"},"0DE":{"t":"C180"},"0DF":{"t":"HUSK"},"0E0":{"t":"C180"},"0E1":{"t":"P28A"},"0E3":{"t":"C180"},"0E4":{"desc":"L1P"},"0E5":{"t":"BL8"},"0E6":{"t":"GLF4"},"0EC":{"t":"C172"},"0ED":{"t":"P28A"},"0EE":{"t":"C180"},"0F0":{"t":"C180"},"0F2":{"t":"P28R"},"0F6":{"desc":"L1P"},"0F7":{"t":"C180"},"0F8":{"t":"C180"},"0F9":{"t":"GLID"},"0FA":{"t":"C180"},"0FB":{"desc":"L1P"},"0FD":{"t":"C180"},"0FE":{"t":"C180"},"0FF":{"t":"C180"},"100":{"t":"C180"},"101":{"t":"C180"},"102":{"t":"C180"},"103":{"t":"C180"},"104":{"t":"B763"},"105":{"t":"P28A"},"107":{"t":"C180"},"108":{"t":"C180"},"109":{"t":"C180"},"10A":{"t":"C180"},"10C":{"t":"PA22"},"110":{"t":"P28A"},"111":{"desc":"L1P"},"112":{"t":"P28A"},"113":{"t":"C180"},"116":{"t":"C150"},"118":{"t":"C180"},"11B":{"t":"C180"},"11C":{"t":"C180"},"11D":{"desc":"A1P"},"121":{"t":"C180"},"122":{"t":"C180"},"124":{"t":"C180"},"125":{"t":"C180"},"126":{"desc":"L1P"},"128":{"desc":"L1P"},"129":{"desc":"L1P"},"12B":{"t":"P180"},"12C":{"t":"C180"},"12E":{"t":"B763"},"130":{"desc":"L1P"},"132":{"t":"C180"},"133":{"t":"C180"},"134":{"t":"C180"},"135":{"t":"C180"},"136":{"t":"C180"},"137":{"t":"C180"},"13A":{"t":"C180"},"13B":{"t":"C180"},"142":{"desc":"L2P"},"144":{"t":"C180"},"145":{"t":"C208"},"146":{"t":"WACF"},"147":{"desc":"L1P"},"149":{"desc":"L1P"},"14A":{"t":"C180"},"14D":{"t":"C180"},"14E":{"t":"C180"},"150":{"t":"C180"},"152":{"t":"C180"},"153":{"t":"BALL"},"154":{"t":"C180"},"157":{"t":"GLID"},"15B":{"t":"C170"},"15C":{"t":"UH12"},"15D":{"t":"C180"},"15E":{"t":"C180"},"15F":{"t":"C180"},"164":{"t":"HUSK"},"165":{"t":"C180"},"166":{"t":"C560"},"169":{"t":"C150"},"16B":{"t":"C180"},"16C":{"t":"C180"},"16E":{"t":"HUSK"},"16F":{"t":"C180"},"171":{"t":"C180"},"172":{"t":"HUSK"},"174":{"t":"C180"},"175":{"t":"C180"},"177":{"t":"C180"},"178":{"t":"C180"},"179":{"t":"C180"},"17A":{"t":"C180"},"17B":{"desc":"L1P"},"17C":{"t":"C180"},"17D":{"t":"C180"},"17E":{"t":"C180"},"17F":{"t":"C180"},"180":{"t":"C180"},"181":{"desc":"A1P","t":"PA18"},"182":{"t":"C180"},"185":{"t":"C180"},"186":{"t":"C180"},"188":{"t":"C180"},"189":{"t":"C180"},"18D":{"desc":"L1P"},"18E":{"t":"C180"},"18F":{"t":"BALL"},"192":{"t":"C180"},"195":{"t":"T206"},"197":{"t":"C180"},"199":{"t":"C180"},"19A":{"t":"C180"},"19B":{"t":"C180"},"19C":{"desc":"A1T","t":"KODI"},"19E":{"t":"C172"},"19F":{"t":"SR22"},"1A2":{"t":"C180"},"1A4":{"t":"HUSK"},"1A6":{"t":"C180"},"1A7":{"t":"BL8"},"1A8":{"t":"BALL"},"1A9":{"t":"C180"},"1AA":{"t":"GALX"},"1AB":{"t":"C180"},"1AC":{"t":"C180"},"1AD":{"t":"C180"},"1AE":{"t":"C180"},"1AF":{"t":"C180"},"1B0":{"t":"P28A"},"1B1":{"t":"C180"},"1B2":{"t":"C180"},"1B6":{"t":"P28A"},"1B7":{"t":"P28A"},"1B8":{"t":"C180"},"1BA":{"t":"C180"},"1BB":{"t":"C180"},"1BD":{"t":"S108"},"1C0":{"t":"M7"},"1C1":{"t":"C180"},"1C2":{"desc":"L1P"},"1C3":{"desc":"L1P"},"1C4":{"t":"C180"},"1C7":{"t":"C180"},"1C8":{"t":"C180"},"1C9":{"t":"C180"},"1CA":{"t":"PA24"},"1CB":{"t":"C180"},"1D0":{"t":"C180"},"1D1":{"t":"C180"},"1D4":{"t":"C180"},"1D5":{"t":"M7"},"1D8":{"t":"C180"},"1D9":{"t":"C180"},"1DD":{"t":"H25B"},"1DF":{"t":"PC12"},"1E0":{"t":"M7"},"1E2":{"desc":"L1P"},"1E4":{"t":"C180"},"1EA":{"t":"C180"},"1EC":{"t":"C182"},"1ED":{"t":"C180"},"1EF":{"t":"C172"},"1F1":{"t":"PA24"},"1F3":{"desc":"L1P"},"1F4":{"t":"C180"},"1F6":{"t":"GLEX"},"1F7":{"desc":"L1P"},"1F8":{"t":"C180"},"1F9":{"t":"C180"},"1FA":{"t":"C180"},"1FB":{"t":"C180"},"1FF":{"t":"C180"},"201":{"t":"C180"},"202":{"desc":"L1P"},"203":{"t":"C180"},"206":{"t":"C180"},"207":{"t":"C180"},"209":{"t":"PA18"},"20A":{"t":"AS50"},"224":{"t":"C180"},"225":{"desc":"L1P"},"227":{"t":"C180"},"229":{"t":"C180"},"22A":{"desc":"L1P"},"22B":{"t":"C180"},"22C":{"t":"C180"},"22E":{"t":"C180"},"230":{"t":"C180"},"231":{"t":"C180"},"234":{"desc":"G1P"},"235":{"t":"C180"},"236":{"t":"C180"},"237":{"desc":"L1P"},"238":{"t":"C180"},"239":{"t":"C180"},"23A":{"t":"C180"},"23C":{"t":"C180"},"23D":{"t":"C180"},"23E":{"t":"C180"},"23F":{"t":"B06"},"240":{"t":"BL8"},"242":{"t":"C180"},"244":{"t":"C180"},"245":{"t":"C180"},"246":{"t":"C180"},"248":{"t":"C180"},"249":{"t":"C180"},"24A":{"desc":"A1P"},"24C":{"t":"C180"},"24F":{"t":"C172"},"251":{"t":"C180"},"254":{"t":"C180"},"255":{"t":"PA18"},"257":{"t":"C180"},"258":{"t":"C180"},"259":{"t":"M7"},"25B":{"t":"C180"},"25D":{"desc":"H1P"},"25F":{"t":"C180"},"260":{"t":"C182"},"261":{"t":"C180"},"262":{"t":"C180"},"263":{"t":"C180"},"265":{"t":"C180"},"266":{"desc":"L1P"},"267":{"desc":"L1P"},"26A":{"t":"C180"},"26F":{"t":"B744"},"270":{"t":"C180"},"274":{"t":"C180"},"27F":{"t":"A321"},"282":{"desc":"H1E"},"287":{"t":"C180"},"288":{"desc":"L1P"},"289":{"desc":"L1P"},"28E":{"t":"F2TH"},"293":{"t":"M4"},"299":{"t":"C180"},"29B":{"t":"M4"},"29C":{"t":"C180"},"2A0":{"t":"C180"},"2A1":{"t":"C180"},"2A2":{"t":"C180"},"2A3":{"desc":"L1P"},"2A4":{"t":"C180"},"2A6":{"t":"C180"},"2A7":{"t":"C180"},"2A8":{"t":"C180"},"2A9":{"t":"C180"},"2AB":{"t":"C180"},"2AE":{"desc":"L1P"},"2B0":{"desc":"L1P"},"2B1":{"t":"C180"},"2B5":{"t":"C180"},"2B9":{"t":"C180"},"2BB":{"t":"C180"},"2BC":{"desc":"L1P"},"2C4":{"t":"C180"},"2C7":{"t":"C180"},"2C9":{"t":"C180"},"2CF":{"desc":"L1P"},"2DA":{"t":"C180"},"2E0":{"t":"C180"},"2E3":{"t":"C182"},"2E9":{"t":"C180"},"2EB":{"t":"C180"},"2EC":{"t":"PA18"},"2FB":{"t":"C180"},"307":{"t":"CRJ2"},"30A":{"t":"C210"},"30C":{"desc":"L1P"},"30D":{"t":"P28A"},"312":{"t":"BE24"},"313":{"t":"C182"},"314":{"t":"C82R"},"315":{"t":"GLID"},"316":{"t":"P28A"},"318":{"t":"BE36"},"31A":{"t":"C182"},"31D":{"desc":"L1P"},"321":{"t":"C150"},"323":{"t":"C150"},"325":{"desc":"L1P"},"328":{"t":"PA22"},"329":{"t":"BE9L"},"32B":{"t":"BE18"},"32C":{"t":"BE23"},"32D":{"desc":"L1P","t":"ULAC"},"330":{"t":"P28A"},"332":{"t":"BE55"},"333":{"t":"BE33"},"335":{"t":"PA22"},"337":{"t":"H269"},"339":{"t":"P28A"},"33B":{"t":"BE36"},"33D":{"t":"C182"},"33F":{"t":"C205"},"340":{"desc":"L1P"},"345":{"t":"C150"},"348":{"desc":"L1P"},"34A":{"t":"C182"},"34C":{"t":"L8"},"34F":{"t":"CH7A"},"350":{"t":"C210"},"353":{"t":"P28A"},"354":{"t":"L8"},"356":{"t":"AT8T"},"359":{"t":"AT8T"},"35A":{"t":"C185"},"35C":{"t":"P28A"},"35E":{"t":"C172"},"35F":{"t":"T206"},"362":{"t":"C205"},"363":{"t":"C150"},"364":{"t":"C150"},"366":{"t":"C150"},"367":{"desc":"L1P"},"368":{"t":"C150"},"369":{"t":"C177"},"36B":{"t":"BE17"},"36F":{"t":"L8"},"370":{"t":"C170"},"373":{"desc":"L1P"},"374":{"t":"CH7A"},"378":{"t":"BE35"},"379":{"t":"C182"},"37D":{"t":"H269"},"381":{"t":"C120"},"382":{"t":"BE35"},"383":{"t":"BE36"},"384":{"t":"C172"},"388":{"t":"C150"},"389":{"t":"C150"},"38B":{"desc":"L1P"},"38E":{"t":"C177"},"392":{"t":"L8"},"393":{"t":"ULAC"},"394":{"t":"BE35"},"396":{"t":"C210"},"397":{"t":"CH7B"},"398":{"t":"PA32"},"399":{"t":"P28A"},"39E":{"t":"PA22"},"39F":{"desc":"L1P"},"3A0":{"t":"BE77"},"3A4":{"t":"C172"},"3A5":{"t":"BE55"},"3A7":{"t":"C172"},"3AD":{"t":"BE17"},"3AF":{"t":"C150"},"3B1":{"desc":"L1P"},"3B2":{"desc":"L1P"},"3B3":{"t":"C185"},"3B6":{"t":"C170"},"3B7":{"t":"BT36"},"3BA":{"t":"CH7A"},"3BB":{"t":"P32R"},"3BC":{"t":"P28A"},"3BD":{"t":"L8"},"3BE":{"t":"BE35"},"3C0":{"t":"C120"},"3C1":{"t":"PA22"},"3C3":{"t":"BE36"},"3C7":{"t":"BE77"},"3C8":{"t":"BE55"},"3CC":{"t":"C150"},"3CE":{"t":"C150"},"3CF":{"t":"C180"},"3D1":{"t":"C180"},"3D2":{"desc":"L1P"},"3D3":{"t":"C150"},"3D4":{"desc":"L1P"},"3DA":{"t":"BE58"},"3DD":{"t":"CH7A"},"3DE":{"t":"P32R"},"3DF":{"t":"P28A"},"3E1":{"t":"BE36"},"3E6":{"t":"C82R"},"3E7":{"t":"BT36"},"3EA":{"t":"C140"},"3EB":{"t":"BE55"},"3EC":{"t":"C182"},"3ED":{"t":"C172"},"3F0":{"t":"C150"},"3F1":{"desc":"L1P"},"3F3":{"desc":"L1P"},"3F6":{"t":"C150"},"3F8":{"t":"C150"},"3F9":{"t":"B06"},"3FB":{"t":"BT36"},"3FC":{"t":"C170"},"3FE":{"t":"CH7A"},"3FF":{"t":"BT36"},"401":{"t":"ULAC"},"404":{"t":"BE36"},"406":{"t":"BE58"},"407":{"t":"PA22"},"409":{"t":"C82R"},"40B":{"t":"P28A"},"40D":{"t":"C120"},"413":{"t":"C150"},"416":{"desc":"L1P"},"417":{"t":"C180"},"418":{"t":"C150"},"41C":{"desc":"H2T"},"420":{"t":"BE35"},"423":{"t":"CH7A"},"425":{"t":"AC11"},"428":{"t":"C170"},"42B":{"t":"BT36"},"42C":{"t":"BE58"},"42D":{"t":"BE60"},"430":{"t":"C140"},"431":{"t":"BE60"},"432":{"t":"C182"},"433":{"t":"C172"},"434":{"t":"C205"},"436":{"t":"C150"},"43C":{"t":"BE76"},"43E":{"desc":"L1P"},"43F":{"t":"GLID"},"440":{"t":"BE36"},"442":{"t":"ULAC"},"446":{"t":"CH7A"},"447":{"t":"P28A"},"448":{"t":"AC11"},"44A":{"t":"BE33"},"44B":{"t":"C337"},"450":{"t":"BE36"},"451":{"t":"P28A"},"454":{"desc":"L1P","t":"ULAC"},"455":{"t":"C182"},"457":{"t":"C205"},"45F":{"desc":"L2P"},"462":{"t":"ST75"},"463":{"desc":"L1P"},"464":{"desc":"H4E"},"465":{"desc":"L1P","t":"ULAC"},"466":{"t":"BE33"},"468":{"t":"P28A"},"469":{"t":"R44"},"46A":{"t":"P32R"},"46D":{"desc":"L1P"},"46F":{"desc":"L1P"},"470":{"t":"B752"},"477":{"t":"P28A"},"478":{"t":"PA18"},"47B":{"t":"ULAC"},"47C":{"desc":"L1P","t":"ULAC"},"47D":{"t":"P28A"},"47E":{"desc":"L1P","t":"ULAC"},"47F":{"t":"GLF4"},"480":{"t":"BE60"},"484":{"t":"P28A"},"488":{"desc":"L1P"},"48F":{"desc":"L1P"},"491":{"t":"P28A"},"497":{"t":"BE35"},"498":{"t":"S22T"},"499":{"t":"SR20"},"49C":{"t":"BE9L"},"49D":{"t":"C25C"},"49E":{"t":"C510"},"49F":{"t":"GLEX"},"4A0":{"t":"GLEX"},"4A2":{"t":"C25C"},"4A3":{"t":"C182"},"4A5":{"t":"GLF4"},"4A7":{"t":"P28A"},"4AA":{"t":"DA42"},"4AF":{"t":"DA40"},"4B0":{"t":"S22T"},"4B1":{"t":"PAY2"},"4B4":{"t":"DA40"},"4B6":{"t":"C206"},"4B7":{"t":"P28A"},"4B9":{"desc":"L1P"},"4BA":{"desc":"L1P"},"4BB":{"t":"B763"},"4BC":{"t":"P28R"},"4BE":{"desc":"L1P"},"4BF":{"t":"DA40"},"4C2":{"desc":"H4E"},"4C3":{"t":"P32R"},"4C6":{"t":"PA18"},"4C7":{"t":"C182"},"4C9":{"t":"C550"},"4CD":{"t":"LJ35"},"4CF":{"t":"AS50"},"4D0":{"t":"SR22"},"4E0":{"t":"PA22"},"4E1":{"t":"P28A"},"4E3":{"t":"P28A"},"4E5":{"t":"B763"},"4E8":{"t":"H25B"},"4EB":{"desc":"L2T"},"4EC":{"t":"PA34"},"4F9":{"t":"C550"},"4FB":{"t":"P28A"},"4FD":{"t":"F2TH"},"502":{"t":"CRJ9"},"507":{"t":"P28A"},"50A":{"t":"C82S"},"512":{"desc":"L1P"},"514":{"t":"C25C"},"517":{"t":"P28A"},"51A":{"desc":"L1P"},"51D":{"desc":"L1P"},"52B":{"t":"S76"},"52D":{"t":"C180"},"537":{"t":"C180"},"539":{"t":"BE33"},"53B":{"t":"BE58"},"540":{"t":"SR22"},"544":{"desc":"L1P","t":"ULAC"},"547":{"t":"P32R"},"54A":{"desc":"L1P","t":"ULAC"},"54B":{"desc":"L1P"},"553":{"desc":"A1T","t":"KODI"},"554":{"desc":"L1P","t":"ULAC"},"556":{"t":"M20P"},"55D":{"t":"M7"},"55F":{"t":"C82S"},"561":{"t":"COL4"},"565":{"desc":"L1P"},"568":{"desc":"L1P"},"56E":{"t":"P28A"},"56F":{"desc":"L1T"},"576":{"desc":"L1P","t":"ULAC"},"577":{"t":"B407"},"578":{"t":"R44"},"579":{"t":"SR22"},"57B":{"t":"T206"},"57E":{"t":"P28A"},"57F":{"t":"M7"},"580":{"t":"S22T"},"584":{"t":"BE20"},"586":{"t":"P28A"},"587":{"desc":"L1P"},"58B":{"t":"C172"},"58C":{"desc":"L1P"},"58D":{"desc":"L1P"},"58F":{"t":"C180"},"5AA":{"t":"P28A"},"5AB":{"t":"T206"},"5AC":{"t":"P28A"},"5AF":{"t":"P28A"},"5B0":{"desc":"L1P","t":"ULAC"},"5B1":{"t":"BE35"},"5B2":{"t":"T206"},"5B3":{"t":"AS50"},"5B7":{"t":"CRJ9"},"5B8":{"t":"GLF4"},"5BA":{"t":"PA18"},"5C1":{"t":"FDCT"},"5DA":{"desc":"H1T"},"5DB":{"t":"BL8"},"5DC":{"t":"C180"},"5DD":{"t":"C180"},"5DE":{"t":"C337"},"5DF":{"desc":"L1P"},"5E0":{"t":"ST75"},"5E3":{"t":"P28A"},"5E4":{"t":"FA20"},"5E6":{"t":"BE35"},"5E8":{"t":"C180"},"5EB":{"desc":"L1P","t":"ULAC"},"5EE":{"desc":"L1P"},"5F3":{"desc":"A1P"},"5F4":{"t":"C206"},"5F5":{"desc":"L1P"},"5F7":{"t":"UH1"},"5FA":{"t":"C560"},"5FB":{"t":"BALL"},"5FD":{"desc":"L1P"},"604":{"t":"P180"},"605":{"t":"C180"},"608":{"desc":"L1P"},"60A":{"t":"E75L"},"60C":{"t":"PA18"},"60D":{"t":"M7"},"60E":{"t":"P28A"},"60F":{"t":"P28A"},"614":{"desc":"H1P"},"616":{"t":"P28A"},"618":{"t":"BL8"},"61A":{"t":"P28A"},"61C":{"t":"PA46"},"61D":{"t":"P28A"},"61E":{"t":"C172"},"622":{"t":"T206"},"625":{"t":"C182"},"626":{"t":"B744"},"63A":{"t":"A321"},"652":{"t":"C150"},"657":{"t":"S22T"},"658":{"desc":"L1P"},"65A":{"t":"HUSK"},"65B":{"desc":"L2P"},"65C":{"t":"C25B"},"65D":{"t":"P28A"},"65E":{"t":"P28A"},"663":{"t":"P28A"},"669":{"t":"SR22"},"67B":{"t":"C180"},"67E":{"t":"H25B"},"685":{"desc":"H8E"},"689":{"t":"P28A"},"6A2":{"t":"BE20"},"6BB":{"t":"GLID"},"6BC":{"t":"SR20"},"6BD":{"t":"L8"},"6BF":{"t":"BE35"},"6C0":{"t":"CH7A"},"6C8":{"t":"C120"},"6C9":{"t":"PA22"},"6CB":{"t":"C82R"},"6CC":{"t":"C82S"},"6D0":{"desc":"H4E"},"6D2":{"t":"C172"},"6D3":{"t":"C205"},"6D4":{"t":"C150"},"6D5":{"t":"E45X"},"6D6":{"t":"E45X"},"6D8":{"t":"C150"},"6DC":{"t":"C170"},"6DD":{"t":"C150"},"6DE":{"t":"B06"},"6E0":{"t":"T6"},"6E1":{"t":"C170"},"6E2":{"t":"BT36"},"6E3":{"t":"CH7A"},"6E4":{"t":"AS50"},"6E5":{"t":"CH7A"},"6E7":{"t":"P28A"},"6E8":{"t":"L8"},"6EF":{"t":"H25B"},"6F0":{"t":"GLID"},"6F3":{"t":"GLID"},"6F4":{"t":"C182"},"6F5":{"t":"BE36"},"6F7":{"t":"C150"},"6F9":{"t":"B752"},"6FB":{"t":"E45X"},"6FC":{"t":"C150"},"6FF":{"t":"C185"},"700":{"t":"B752"},"703":{"t":"BALL"},"704":{"t":"GLEX"},"706":{"t":"C172"},"707":{"t":"BE77"},"70A":{"t":"P28A"},"70B":{"t":"L8"},"70C":{"t":"BE35"},"70E":{"t":"C120"},"70F":{"t":"PA22"},"710":{"t":"T206"},"711":{"t":"C185"},"712":{"t":"BE76"},"716":{"t":"BE55"},"717":{"t":"C182"},"718":{"t":"C172"},"719":{"t":"BE77"},"71A":{"t":"E45X"},"71B":{"t":"DC3"},"71F":{"desc":"L2P"},"720":{"t":"C150"},"723":{"t":"C177"},"726":{"t":"BE36"},"729":{"t":"CH7A"},"72B":{"t":"CH7A"},"72D":{"t":"P28A"},"72E":{"t":"L8"},"732":{"desc":"L1P"},"738":{"t":"C120"},"739":{"t":"BE33"},"73B":{"t":"BE33"},"73D":{"desc":"L2P"},"742":{"t":"C150"},"744":{"desc":"L2P"},"748":{"desc":"L1P"},"74A":{"t":"BE55"},"74B":{"t":"PA18"},"74C":{"t":"BT36"},"74D":{"t":"C210"},"750":{"t":"P28A"},"754":{"t":"BE77"},"756":{"t":"BE77"},"758":{"t":"BE36"},"75B":{"t":"C172"},"75C":{"t":"BE58"},"760":{"t":"C150"},"761":{"t":"PA18"},"762":{"t":"BE58"},"764":{"t":"C150"},"765":{"t":"C150"},"76B":{"t":"PA22"},"76C":{"t":"L8"},"76E":{"t":"BE35"},"770":{"t":"BE36"},"771":{"t":"BE35"},"772":{"t":"T210"},"773":{"t":"P28A"},"775":{"t":"BE58"},"776":{"t":"C337"},"77A":{"t":"C185"},"77C":{"desc":"L1P"},"77D":{"t":"C82S"},"784":{"t":"BE77"},"786":{"t":"GLID"},"788":{"t":"C150"},"78A":{"t":"C150"},"78B":{"t":"C150"},"78C":{"t":"C177"},"78D":{"t":"HUSK"},"78F":{"desc":"L1P"},"790":{"t":"C170"},"791":{"t":"BE35"},"793":{"t":"C210"},"795":{"t":"C310"},"796":{"t":"C182"},"797":{"t":"L8"},"79A":{"t":"BE76"},"79C":{"t":"C77R"},"79D":{"t":"C185"},"79F":{"t":"P28A"},"7A4":{"t":"C172"},"7A5":{"t":"BE23"},"7A7":{"t":"J3"},"7A8":{"t":"C150"},"7A9":{"t":"C150"},"7AA":{"t":"C150"},"7AC":{"desc":"L1P"},"7AD":{"t":"C150"},"7AE":{"desc":"L1P"},"7B0":{"desc":"L1P"},"7B1":{"t":"BT36"},"7B2":{"t":"L8"},"7B5":{"t":"C172"},"7B7":{"t":"CH7A"},"7B9":{"t":"P28A"},"7BB":{"t":"BE36"},"7BC":{"desc":"L1P"},"7BF":{"t":"C77R"},"7C0":{"t":"C82R"},"7C1":{"t":"BE58"},"7C2":{"t":"P28A"},"7C4":{"t":"C120"},"7C6":{"t":"C182"},"7C8":{"t":"BE58"},"7CA":{"t":"C150"},"7CC":{"t":"C150"},"7CD":{"t":"C177"},"7CF":{"desc":"L1P"},"7D0":{"t":"C150"},"7D3":{"t":"C180"},"7D4":{"t":"C182"},"7D5":{"t":"L8"},"7D6":{"t":"GLF4"},"7D8":{"t":"CH7A"},"7DA":{"t":"CH7A"},"7DC":{"t":"P28A"},"7E0":{"t":"C120"},"7E1":{"t":"M20P"},"7E3":{"t":"C82R"},"7E4":{"t":"F900"},"7E5":{"t":"P28A"},"7E9":{"t":"BE36"},"7EA":{"t":"BE36"},"7EE":{"t":"C182"},"7EF":{"t":"C150"},"7F0":{"desc":"L1P"},"7F1":{"desc":"L1P"},"7F2":{"desc":"L1P"},"7F5":{"t":"C150"},"7F6":{"t":"PA22"},"7F8":{"t":"M7"},"7FA":{"t":"BL8"},"7FD":{"t":"C82R"},"801":{"t":"BE36"},"802":{"t":"BT36"},"803":{"t":"C120"},"805":{"t":"C77R"},"806":{"t":"BE77"},"80A":{"t":"C120"},"80C":{"t":"C182"},"80F":{"t":"BE55"},"811":{"desc":"L1P"},"814":{"desc":"L1P"},"816":{"t":"C150"},"817":{"t":"C150"},"818":{"t":"C150"},"81A":{"t":"C182"},"81B":{"t":"B06"},"81C":{"t":"C182"},"81D":{"t":"C182"},"81F":{"t":"C182"},"820":{"t":"C182"},"821":{"t":"C182"},"822":{"t":"C82S"},"823":{"t":"C82S"},"824":{"t":"C182"},"825":{"t":"C182"},"826":{"t":"C182"},"827":{"t":"B752"},"828":{"t":"C182"},"82A":{"t":"C182"},"82B":{"t":"R22"},"82E":{"t":"C182"},"830":{"t":"C182"},"832":{"t":"C182"},"833":{"t":"B47G"},"834":{"t":"C182"},"835":{"t":"C182"},"836":{"t":"C182"},"837":{"t":"C182"},"838":{"t":"C82T"},"83A":{"t":"C182"},"83E":{"t":"C82T"},"83F":{"t":"C182"},"840":{"t":"C182"},"841":{"t":"C182"},"843":{"t":"C182"},"844":{"t":"C182"},"845":{"t":"C182"},"847":{"t":"C182"},"84B":{"t":"C82R"},"84C":{"t":"C182"},"84D":{"t":"BE9T"},"84E":{"t":"C182"},"84F":{"t":"C182"},"850":{"t":"C182"},"852":{"t":"C82R"},"853":{"t":"C182"},"854":{"t":"C182"},"855":{"t":"C182"},"856":{"t":"C182"},"857":{"t":"C182"},"858":{"t":"C182"},"85A":{"t":"C182"},"85B":{"t":"C182"},"85C":{"t":"C182"},"85D":{"t":"C182"},"85F":{"t":"C182"},"860":{"t":"C182"},"861":{"t":"C82R"},"862":{"t":"C182"},"865":{"desc":"L1P"},"866":{"t":"C182"},"867":{"t":"C182"},"868":{"t":"C82R"},"869":{"t":"C182"},"86A":{"t":"C182"},"86B":{"t":"C182"},"86C":{"t":"C182"},"86D":{"t":"C182"},"86E":{"t":"C182"},"86F":{"t":"C82T"},"870":{"t":"C182"},"871":{"t":"C182"},"872":{"t":"B763"},"873":{"t":"C182"},"875":{"t":"C182"},"876":{"t":"C182"},"877":{"t":"C182"},"878":{"t":"C82S"},"879":{"t":"C182"},"87C":{"t":"C182"},"87E":{"t":"C82T"},"87F":{"t":"C182"},"880":{"t":"C82R"},"881":{"desc":"L1P"},"882":{"t":"C182"},"883":{"t":"C182"},"884":{"t":"C182"},"885":{"t":"C82T"},"887":{"t":"C182"},"889":{"t":"C182"},"88A":{"t":"C182"},"88C":{"t":"C182"},"88D":{"t":"C182"},"892":{"desc":"L1P","t":"ULAC"},"893":{"t":"C182"},"896":{"desc":"L1P","t":"ULAC"},"897":{"t":"C182"},"898":{"t":"C182"},"899":{"t":"C82T"},"89C":{"t":"B763"},"89D":{"t":"C182"},"8A4":{"t":"C182"},"8A5":{"t":"C182"},"8A7":{"desc":"L1P"},"8A8":{"t":"C182"},"8A9":{"t":"C182"},"8AD":{"desc":"L1P"},"8B1":{"t":"C82S"},"8B2":{"t":"C182"},"8B3":{"desc":"L1P","t":"C182"},"8B5":{"t":"C182"},"8B6":{"t":"C182"},"8B7":{"t":"C182"},"8B8":{"t":"C182"},"8B9":{"t":"CRJ9"},"8BB":{"t":"C182"},"8BC":{"t":"C182"},"8BE":{"t":"C182"},"8BF":{"t":"C182"},"8C0":{"t":"C182"},"8C1":{"t":"C182"},"8C5":{"t":"C182"},"8C8":{"t":"C82R"},"8C9":{"t":"C182"},"8CA":{"t":"C82R"},"8CC":{"t":"C82T"},"8CD":{"t":"C182"},"8CE":{"t":"C182"},"8CF":{"t":"C182"},"8D4":{"t":"C182"},"8D5":{"t":"C182"},"8D7":{"t":"C182"},"8D9":{"t":"C182"},"8DA":{"t":"C182"},"8DF":{"t":"C182"},"8E1":{"t":"C82S"},"8E2":{"t":"C182"},"8E4":{"t":"C182"},"8E5":{"t":"C182"},"8E6":{"t":"C182"},"8E7":{"t":"C182"},"8E8":{"t":"C82T"},"8E9":{"t":"C182"},"8EB":{"t":"C182"},"8EC":{"t":"C182"},"8ED":{"t":"C182"},"8F0":{"t":"C182"},"8F3":{"t":"C182"},"8F6":{"t":"C182"},"8F7":{"t":"C182"},"8FA":{"t":"C82S"},"8FB":{"t":"C182"},"8FC":{"t":"C182"},"8FD":{"t":"C182"},"8FE":{"t":"C82T"},"900":{"t":"C182"},"901":{"t":"C182"},"902":{"t":"C182"},"903":{"t":"C182"},"905":{"t":"C182"},"906":{"t":"C182"},"907":{"t":"C182"},"909":{"t":"C182"},"90A":{"desc":"A1T","t":"KODI"},"90B":{"t":"C182"},"90C":{"t":"C82R"},"90D":{"t":"C182"},"90E":{"t":"C182"},"90F":{"t":"C182"},"910":{"t":"C182"},"914":{"t":"C182"},"916":{"t":"C182"},"917":{"t":"C182"},"918":{"t":"C182"},"919":{"t":"C182"},"91A":{"t":"C182"},"91B":{"t":"C82R"},"91C":{"t":"C182"},"91D":{"t":"C182"},"91E":{"t":"C82S"},"91F":{"t":"C182"},"920":{"t":"C182"},"921":{"t":"C182"},"922":{"t":"C82S"},"924":{"t":"C182"},"927":{"t":"C182"},"928":{"t":"C182"},"929":{"t":"C182"},"92A":{"t":"C182"},"92D":{"t":"C182"},"92E":{"t":"C172"},"92F":{"t":"C182"},"930":{"t":"C82S"},"932":{"t":"C82S"},"933":{"t":"C182"},"934":{"t":"C82S"},"936":{"t":"C82R"},"937":{"t":"C182"},"938":{"t":"C182"},"939":{"t":"C182"},"93B":{"t":"C182"},"93D":{"t":"C182"},"93E":{"t":"C82R"},"93F":{"t":"C182"},"940":{"t":"C82S"},"941":{"t":"C182"},"944":{"t":"C182"},"946":{"t":"C182"},"947":{"t":"C182"},"949":{"t":"C82R"},"94E":{"t":"C182"},"94F":{"t":"C182"},"952":{"t":"C182"},"956":{"t":"C182"},"957":{"t":"C182"},"95B":{"t":"C172"},"95F":{"t":"NAVI"},"960":{"t":"C82S"},"961":{"t":"AT3T"},"962":{"t":"C182"},"963":{"t":"C182"},"966":{"t":"C182"},"967":{"t":"C182"},"968":{"t":"C182"},"969":{"t":"C182"},"96A":{"t":"C182"},"96B":{"t":"C182"},"96D":{"t":"C82S"},"96F":{"t":"C182"},"970":{"t":"C182"},"971":{"t":"C182"},"972":{"t":"C182"},"973":{"t":"C182"},"974":{"t":"C182"},"975":{"t":"C182"},"977":{"t":"C182"},"978":{"t":"BE35"},"979":{"t":"C82S"},"98A":{"t":"C182"},"991":{"t":"C182"},"992":{"t":"C182"},"993":{"t":"C182"},"995":{"desc":"L1P"},"996":{"t":"C182"},"997":{"t":"C182"},"999":{"t":"C182"},"99A":{"t":"C182"},"99B":{"t":"C182"},"99C":{"t":"C182"},"99D":{"t":"C182"},"99E":{"t":"C82R"},"99F":{"desc":"L1P"},"9A1":{"t":"C182"},"9A2":{"t":"C182"},"9A3":{"t":"C182"},"9A5":{"t":"C82S"},"9A6":{"t":"C182"},"9AA":{"t":"C182"},"9AC":{"t":"C182"},"9AD":{"t":"C182"},"9AF":{"t":"C82T"},"9B1":{"t":"C182"},"9B2":{"t":"C82T"},"9B3":{"t":"C182"},"9B5":{"t":"C182"},"9B8":{"t":"C82T"},"9B9":{"t":"C182"},"9BA":{"t":"C182"},"9BB":{"t":"C182"},"9BC":{"t":"C182"},"9BE":{"t":"C182"},"9BF":{"t":"C182"},"9C1":{"t":"E75L"},"9C2":{"t":"C182"},"9C3":{"t":"BE95"},"9C4":{"t":"C182"},"9C5":{"t":"C182"},"9C6":{"t":"C82S"},"9C7":{"t":"C182"},"9C9":{"t":"C182"},"9CA":{"t":"C182"},"9CB":{"t":"C182"},"9CC":{"t":"C182"},"9CD":{"t":"C182"},"9CF":{"t":"C182"},"9D0":{"t":"C182"},"9D1":{"t":"C182"},"9D3":{"t":"C182"},"9D4":{"t":"C82S"},"9D5":{"t":"C182"},"9D7":{"t":"C182"},"9D8":{"t":"C182"},"9D9":{"t":"C182"},"9DC":{"t":"C82R"},"9DD":{"t":"B744"},"9E6":{"t":"C182"},"9E7":{"t":"C182"},"9ED":{"t":"C182"},"9F1":{"t":"A321"},"9F5":{"t":"C182"},"9F6":{"t":"C182"},"9F7":{"t":"C182"},"9F8":{"t":"C182"},"9FA":{"t":"C182"},"A01":{"t":"C182"},"A03":{"t":"C182"},"A04":{"t":"C182"},"A06":{"t":"C182"},"A07":{"t":"C182"},"A09":{"t":"C182"},"A0E":{"t":"C182"},"A0F":{"t":"C182"},"A10":{"t":"C182"},"A12":{"t":"C82T"},"A13":{"t":"C182"},"A14":{"t":"C182"},"A15":{"t":"C182"},"A16":{"t":"C182"},"A17":{"t":"C182"},"A18":{"t":"C182"},"A19":{"t":"C182"},"A1A":{"t":"C182"},"A1B":{"t":"C82S"},"A1C":{"t":"C182"},"A1E":{"t":"C182"},"A1F":{"t":"C182"},"A20":{"t":"C182"},"A22":{"t":"C182"},"A24":{"t":"C182"},"A26":{"t":"C182"},"A27":{"t":"C182"},"A32":{"t":"C182"},"A35":{"t":"C182"},"A38":{"t":"C182"},"A39":{"t":"C182"},"A40":{"t":"C182"},"A41":{"t":"C182"},"A42":{"t":"C182"},"A48":{"t":"C182"},"A51":{"t":"C182"},"A57":{"t":"C182"},"A58":{"t":"C182"},"A59":{"t":"BE20"},"A65":{"t":"C182"},"A6A":{"t":"C82T"},"A6B":{"t":"C182"},"A6F":{"t":"C182"},"A71":{"t":"C182"},"A72":{"desc":"H1P"},"A73":{"t":"PA18"},"A75":{"desc":"L1P","t":"ULAC"},"A77":{"t":"C172"},"A78":{"t":"BE36"},"A79":{"t":"BE24"},"A7C":{"t":"C182"},"A7D":{"t":"BE36"},"A82":{"t":"C185"},"A83":{"t":"BE77"},"A84":{"t":"P28R"},"A86":{"t":"C172"},"A87":{"t":"BE77"},"A8A":{"t":"C205"},"A8B":{"t":"C150"},"A8C":{"t":"C150"},"A8D":{"t":"C150"},"A91":{"t":"C150"},"A92":{"desc":"L1P"},"A93":{"t":"C150"},"A95":{"t":"B06"},"A99":{"t":"BE35"},"A9A":{"t":"C310"},"A9B":{"t":"C210"},"A9D":{"desc":"L1P"},"A9E":{"t":"P28A"},"AA4":{"t":"C77R"},"AA5":{"t":"C185"},"AA6":{"t":"C205"},"AA8":{"t":"CL60"},"AAA":{"t":"BE55"},"AAB":{"t":"C182"},"AAC":{"t":"C172"},"AAD":{"t":"C82S"},"AAE":{"t":"C150"},"AAF":{"desc":"L1P"},"AB1":{"t":"C150"},"AB3":{"t":"C150"},"AB6":{"t":"C82R"},"ABA":{"t":"L8"},"ABB":{"t":"C182"},"ABC":{"desc":"L1P"},"ABD":{"t":"CH7A"},"ABF":{"t":"CH7B"},"AC0":{"t":"P28A"},"AC1":{"t":"P28A"},"AC2":{"t":"L8"},"AC4":{"desc":"L2P"},"AC5":{"t":"BE35"},"AC7":{"t":"C77R"},"AC8":{"t":"C185"},"AC9":{"t":"BE55"},"ACA":{"t":"GLID"},"ACD":{"t":"BE35"},"ACE":{"t":"BE23"},"AD0":{"t":"C205"},"AD1":{"t":"B738"},"AD3":{"t":"C150"},"AD4":{"t":"B738"},"AD5":{"desc":"L1P"},"AD6":{"t":"C150"},"AD7":{"t":"C177"},"ADA":{"t":"C150"},"ADB":{"desc":"L1P","t":"ULAC"},"ADC":{"t":"C182"},"ADE":{"t":"C182"},"AE0":{"t":"C172"},"AE4":{"t":"P28A"},"AE5":{"t":"L8"},"AE8":{"t":"C120"},"AE9":{"t":"PA22"},"AEB":{"t":"C185"},"AEC":{"desc":"L1P"},"AED":{"t":"P28A"},"AEF":{"t":"C120"},"AF1":{"t":"C182"},"AF2":{"t":"BE77"},"AF7":{"t":"C150"},"AF8":{"t":"C150"},"AF9":{"desc":"L1P"},"AFE":{"t":"C182"},"AFF":{"t":"C182"},"B00":{"desc":"L1P"},"B01":{"t":"C170"},"B03":{"t":"CH7A"},"B05":{"t":"C182"},"B06":{"t":"P28A"},"B07":{"t":"H269"},"B0A":{"t":"C337"},"B0B":{"t":"BT36"},"B0C":{"t":"BE24"},"B0E":{"t":"C82R"},"B13":{"t":"S22T"},"B14":{"t":"BE24"},"B19":{"t":"BE77"},"B1A":{"t":"B738"},"B1B":{"t":"BE77"},"B1C":{"t":"BE60"},"B1D":{"t":"BE33"},"B21":{"t":"GLID"},"B24":{"t":"O1"},"B26":{"t":"C172"},"B2A":{"t":"AC11"},"B2B":{"t":"L8"},"B2C":{"t":"BE35"},"B2F":{"t":"PA22"},"B30":{"t":"C185"},"B31":{"t":"C185"},"B32":{"t":"BE36"},"B38":{"t":"C172"},"B39":{"t":"C205"},"B3B":{"t":"BE23"},"B3C":{"desc":"L1P"},"B3D":{"t":"BE36"},"B3F":{"t":"T34P"},"B40":{"t":"C182"},"B42":{"t":"BE77"},"B44":{"t":"WACO"},"B45":{"t":"BE24"},"B46":{"desc":"L1P"},"B48":{"t":"BE77"},"B4B":{"t":"CH7B"},"B4D":{"t":"P28A"},"B4F":{"t":"BE36"},"B51":{"t":"C120"},"B53":{"t":"C77R"},"B54":{"desc":"L1P"},"B56":{"t":"P28A"},"B58":{"t":"BE36"},"B59":{"t":"BE55"},"B5B":{"t":"C172"},"B5D":{"t":"T206"},"B60":{"desc":"L1P"},"B62":{"t":"BE36"},"B63":{"t":"C182"},"B65":{"desc":"L1P"},"B66":{"t":"PA23"},"B67":{"t":"O1"},"B68":{"t":"C182"},"B69":{"t":"L8"},"B6A":{"t":"C170"},"B6E":{"t":"CH7A"},"B6F":{"t":"C310"},"B71":{"desc":"L1P"},"B72":{"t":"BE58"},"B74":{"t":"C120"},"B75":{"t":"PA22"},"B7B":{"t":"C120"},"B7D":{"t":"C182"},"B7F":{"t":"BE24"},"B81":{"t":"BE36"},"B83":{"t":"BE55"},"B85":{"t":"BE36"},"B8A":{"t":"CH7B"},"B8C":{"desc":"L1P"},"B8D":{"t":"C170"},"B8E":{"t":"BE18"},"B8F":{"t":"C172"},"B90":{"t":"C210"},"B93":{"t":"P28A"},"B95":{"t":"BE60"},"B96":{"t":"C182"},"B9B":{"t":"F900"},"BA1":{"t":"C172"},"BA2":{"t":"C205"},"BA3":{"t":"BE58"},"BA7":{"t":"BE36"},"BA8":{"desc":"L1P"},"BAA":{"t":"BE35"},"BAD":{"desc":"H1P"},"BAE":{"t":"PA18"},"BAF":{"t":"J3"},"BB2":{"t":"BE58"},"BB7":{"t":"L8"},"BB8":{"desc":"L1P"},"BBA":{"t":"C120"},"BBB":{"t":"PA22"},"BBC":{"t":"C77R"},"BBE":{"t":"FA50"},"BC1":{"t":"C120"},"BC2":{"t":"BE36"},"BC3":{"t":"C182"},"BC6":{"t":"BE36"},"BC7":{"t":"BE33"},"BCA":{"t":"BE35"},"BCC":{"t":"BE58"},"BD1":{"desc":"L1P"},"BD4":{"t":"BL8"},"BD6":{"t":"AS50"},"BDC":{"desc":"L1P"},"BDD":{"t":"B789"},"BDE":{"t":"B752"},"BE2":{"t":"R44"},"BEB":{"desc":"A1P","t":"ULAC"},"BEC":{"t":"C82R"},"BED":{"desc":"L1P"},"BF5":{"desc":"L1P","t":"ULAC"},"BF6":{"t":"SR22"},"C00":{"t":"LJ60"},"C04":{"t":"C82R"},"C05":{"t":"EC20"},"C07":{"t":"SR22"},"C09":{"t":"P28A"},"C0F":{"t":"LJ45"},"C11":{"t":"C182"},"C15":{"t":"C208"},"C1D":{"t":"SR20"},"C1E":{"t":"GLID"},"C24":{"t":"B06"},"C29":{"t":"B763"},"C2E":{"t":"PRM1"},"C35":{"t":"BE36"},"C3D":{"t":"AS50"},"C3E":{"desc":"L1P"},"C4B":{"t":"E300"},"C51":{"desc":"L1P"},"C53":{"t":"B763"},"C5F":{"t":"C310"},"C63":{"desc":"L1P"},"C67":{"t":"GLID"},"C6A":{"t":"C208"},"C70":{"t":"CRJ9"},"C83":{"t":"C310"},"C8A":{"t":"B763"},"C8E":{"t":"PA46"},"C9A":{"t":"GLID"},"C9B":{"t":"E190"},"C9D":{"desc":"L1P"},"CA7":{"t":"C180"},"CA9":{"desc":"L1P"},"CAA":{"t":"GLID"},"CC3":{"t":"S22T"},"CD0":{"t":"R22"},"CD1":{"desc":"L1P"},"CE5":{"t":"HUSK"},"CE6":{"desc":"L1P","t":"ULAC"},"CE9":{"t":"C206"},"CEF":{"desc":"L1P"},"CF2":{"t":"B06"},"CF5":{"t":"P180"},"D09":{"t":"C182"},"D12":{"t":"C172"},"D16":{"t":"BE36"},"D17":{"t":"GLF3"},"D19":{"t":"PC12"},"D1A":{"desc":"H4E"},"D1E":{"t":"S22T"},"D27":{"t":"R44"},"D2F":{"t":"BE35"},"D48":{"t":"BE35"},"D49":{"t":"CH7B"},"D4B":{"desc":"L1P"},"D4D":{"desc":"L1P"},"D4E":{"desc":"L1P"},"D5C":{"desc":"L1P"},"D61":{"desc":"A1P"},"D62":{"t":"BE9L"},"D63":{"desc":"L1P"},"D64":{"t":"ULAC"},"D65":{"t":"AS50"},"D67":{"t":"S22T"},"D69":{"t":"A119"},"D6B":{"t":"C180"},"D6F":{"t":"C172"},"D73":{"t":"PA46"},"D76":{"desc":"L1P","t":"ULAC"},"D77":{"desc":"L1P"},"D78":{"t":"E75L"},"D7B":{"desc":"L1P"},"D7C":{"t":"TBM7"},"D80":{"t":"LJ45"},"D8B":{"t":"E550"},"D90":{"t":"C25A"},"D91":{"t":"R44"},"D93":{"t":"GLID"},"DA8":{"t":"A321"},"DAC":{"t":"SR22"},"DAE":{"t":"BE36"},"DC5":{"desc":"L1P"},"DD3":{"t":"TBM7"},"DDA":{"t":"F900"},"DDE":{"t":"S22T"},"E29":{"t":"O1"},"E2A":{"t":"PA20"},"E2B":{"t":"BE55"},"E2C":{"t":"C170"},"E2E":{"t":"CH7A"},"E2F":{"t":"BE36"},"E32":{"t":"P28A"},"E33":{"t":"L8"},"E37":{"t":"PA22"},"E3A":{"t":"BE36"},"E3D":{"t":"BE36"},"E3E":{"t":"BE35"},"E3F":{"t":"C182"},"E40":{"t":"C172"},"E41":{"t":"BE58"},"E44":{"t":"BE36"},"E46":{"t":"BE35"},"E47":{"t":"TAYA"},"E49":{"t":"BE35"},"E4A":{"t":"BE36"},"E4F":{"t":"C170"},"E50":{"t":"BE36"},"E51":{"t":"CH7A"},"E53":{"t":"CH7A"},"E54":{"t":"C310"},"E56":{"desc":"L1P"},"E59":{"t":"BE24"},"E5A":{"t":"PA22"},"E5C":{"t":"C185"},"E5D":{"t":"BE77"},"E5E":{"t":"P28A"},"E62":{"t":"C182"},"E66":{"t":"PA32"},"E67":{"t":"TAYA"},"E6A":{"t":"BE35"},"E6D":{"t":"BE35"},"E6F":{"t":"O1"},"E71":{"t":"BE36"},"E72":{"t":"C170"},"E76":{"t":"CH7B"},"E7E":{"t":"C77R"},"E80":{"t":"BE33"},"E81":{"t":"P28A"},"E83":{"t":"C172"},"E84":{"t":"BE55"},"E85":{"t":"C182"},"E86":{"t":"C172"},"E88":{"t":"BE58"},"E89":{"t":"BE33"},"E8C":{"t":"BE36"},"E8D":{"t":"BE23"},"E8E":{"t":"BE36"},"E8F":{"t":"BE36"},"E91":{"t":"BE35"},"E92":{"t":"O1"},"E93":{"t":"PA22"},"E94":{"t":"L8"},"E95":{"desc":"L1P","t":"ULAC"},"E96":{"t":"BE33"},"E97":{"desc":"L1P"},"E98":{"t":"C210"},"E9B":{"t":"P28A"},"E9C":{"t":"L8"},"E9D":{"t":"BE33"},"EA0":{"t":"PA22"},"EA1":{"t":"BE33"},"EA4":{"t":"P28A"},"EA7":{"t":"E300"},"EA8":{"t":"C182"},"EA9":{"t":"C172"},"EAA":{"t":"C205"},"EAC":{"t":"BE35"},"EAE":{"t":"BE55"},"EAF":{"t":"BE33"},"EB1":{"t":"TAYA"},"EB2":{"t":"BE35"},"EB3":{"t":"PA18"},"EB4":{"t":"TAYA"},"EBA":{"t":"CH7A"},"EBE":{"t":"P28A"},"EBF":{"t":"L8"},"EC2":{"t":"C120"},"EC3":{"t":"PA22"},"EC4":{"t":"C206"},"EC5":{"t":"C82R"},"EC6":{"t":"BE36"},"EC7":{"t":"P28A"},"EC8":{"t":"T206"},"ECA":{"t":"BE35"},"ECB":{"t":"C182"},"ECE":{"t":"TAYA"},"ED1":{"t":"BE9L"},"ED2":{"t":"BE55"},"ED3":{"t":"TAYA"},"ED8":{"t":"O1"},"EDA":{"t":"BE55"},"EDC":{"t":"BE35"},"EDE":{"t":"BE36"},"EE2":{"t":"L8"},"EE4":{"t":"C182"},"EE5":{"desc":"L1P"},"EE7":{"t":"C77R"},"EE9":{"t":"BT36"},"EEA":{"t":"P28A"},"EEC":{"t":"C120"},"EEE":{"t":"C182"},"EF0":{"t":"C205"},"EF2":{"t":"BE58"},"EF4":{"t":"ST75"},"EF5":{"t":"BE55"},"EF7":{"t":"BE36"},"EF8":{"t":"BE55"},"EF9":{"t":"BE58"},"EFB":{"desc":"L1P"},"EFC":{"t":"PA20"},"EFD":{"t":"BE36"},"EFE":{"t":"G164"},"F00":{"desc":"L1P"},"F01":{"t":"BE36"},"F02":{"t":"CH7A"},"F04":{"t":"P28A"},"F05":{"t":"L8"},"F06":{"t":"BE36"},"F07":{"t":"C182"},"F08":{"t":"C120"},"F0A":{"t":"C77R"},"F0B":{"t":"C185"},"F0C":{"t":"F900"},"F0D":{"t":"BE36"},"F11":{"t":"C182"},"F13":{"t":"BE33"},"F14":{"t":"BE55"},"F15":{"t":"BE58"},"F17":{"t":"BE55"},"F18":{"t":"BE58"},"F19":{"t":"TAYA"},"F1B":{"t":"BE36"},"F1C":{"t":"BE35"},"F1D":{"t":"BE35"},"F1E":{"t":"O1"},"F20":{"t":"L8"},"F22":{"t":"BE35"},"F26":{"t":"C310"},"F27":{"t":"P28A"},"F29":{"t":"BE35"},"F2A":{"desc":"L2P"},"F2D":{"t":"C77R"},"F2F":{"t":"C56X"},"F30":{"t":"P28A"},"F33":{"t":"BE23"},"F34":{"desc":"L1P"},"F36":{"t":"BE35"},"F39":{"t":"BE24"},"F3A":{"t":"BE55"},"F3F":{"t":"BE36"},"F40":{"desc":"L1P"},"F42":{"t":"PA22"},"F44":{"t":"C170"},"F46":{"t":"C172"},"F48":{"t":"CH7B"},"F4B":{"t":"L8"},"F4C":{"t":"BE55"},"F4D":{"t":"C182"},"F4E":{"t":"C120"},"F4F":{"t":"PA22"},"F51":{"t":"BE36"},"F52":{"t":"FA7X"},"F53":{"t":"P28A"},"F55":{"t":"C140"},"F57":{"t":"C182"},"F59":{"t":"C205"},"F5B":{"t":"BE33"},"F60":{"t":"BE58"},"F61":{"t":"BE55"},"F64":{"desc":"L1P"},"F66":{"t":"L8"},"F67":{"t":"C170"},"F69":{"t":"C172"},"F6A":{"t":"C210"},"F6C":{"t":"PA34"},"F6E":{"t":"L8"},"F74":{"t":"C185"},"F75":{"t":"FA50"},"F76":{"t":"P28A"},"F78":{"t":"C120"},"F79":{"t":"BE55"},"F7D":{"desc":"L1P"},"F7F":{"t":"BE36"},"F81":{"t":"BE36"},"F83":{"t":"BE55"},"F87":{"t":"P337"},"F8A":{"desc":"L1P","t":"ULAC"},"F8B":{"t":"BL8"},"F8D":{"t":"P46T"},"F8E":{"t":"C172"},"F90":{"desc":"H1T"},"F91":{"t":"BE36"},"F94":{"t":"B407"},"F95":{"t":"B752"},"F98":{"t":"BE40"},"F9A":{"t":"ULAC"},"F9C":{"t":"P180"},"FA1":{"t":"B47G"},"FA9":{"desc":"L1P"},"FAB":{"t":"CL30"},"FAF":{"desc":"L1P"},"FB3":{"desc":"L1P"},"FB6":{"t":"P28A"},"FBA":{"t":"S108"},"FBC":{"desc":"L1P"},"FBE":{"t":"C25A"},"FBF":{"desc":"L1P"},"FC0":{"t":"P28A"},"FC1":{"desc":"L1P"},"FC2":{"desc":"H2T"},"FC6":{"desc":"L1P"},"FC8":{"t":"C182"},"FCB":{"desc":"L1P"},"FCC":{"t":"ULAC"},"FD3":{"t":"BE30"},"FD4":{"desc":"L1P"},"FD5":{"desc":"L1P"},"FD6":{"desc":"L1P"},"FD7":{"desc":"L1P"},"FDA":{"t":"PA27"},"FDC":{"desc":"L1P"},"FDF":{"t":"BE36"},"FE0":{"t":"B763"},"FE1":{"t":"C182"},"FE5":{"desc":"L1P"},"FE8":{"desc":"L1P"},"FEC":{"t":"WACF"},"FF4":{"t":"BE33"},"FF9":{"t":"T50"},"FFC":{"t":"BE76"}}