{"001":{"desc":"L1P"},"005":{"desc":"L1P"},"00A":{"t":"B763"},"00E":{"t":"F900"},"012":{"desc":"L1P"},"01A":{"desc":"L1P"},"021":{"desc":"L1P"},"022":{"desc":"L1P"},"027":{"t":"CRJ9"},"029":{"desc":"L1P"},"02A":{"desc":"L1P"},"02C":{"t":"C650"},"03D":{"t":"R66"},"040":{"t":"HDJT"},"045":{"t":"BE55"},"050":{"desc":"L1P"},"052":{"t":"E190"},"054":{"t":"P28A"},"057":{"desc":"L1P"},"05B":{"t":"M20P"},"05C":{"desc":"L1P"},"05E":{"t":"C180"},"060":{"desc":"L1P"},"065":{"desc":"L1P"},"077":{"desc":"L2P"},"07B":{"t":"SR22"},"07E":{"desc":"L1P"},"07F":{"desc":"L1P"},"082":{"desc":"L1P"},"084":{"t":"BALL"},"08D":{"desc":"L1P"},"097":{"t":"P180"},"09C":{"t":"HUSK"},"09E":{"t":"S22T"},"0A0":{"desc":"L1P"},"0A2":{"t":"S22T"},"0A3":{"desc":"L1P"},"0A7":{"desc":"L1P"},"0AB":{"desc":"L1P"},"0AC":{"t":"C162"},"0AD":{"desc":"L1P"},"0B4":{"t":"GLID"},"0BA":{"desc":"L1P"},"0C9":{"t":"C172"},"0CE":{"t":"GLF3"},"0D1":{"t":"SR20"},"0D5":{"t":"H269"},"0D7":{"t":"SR22"},"0D8":{"desc":"L1P"},"0D9":{"t":"S22T"},"0DE":{"t":"C310"},"0E2":{"t":"C182"},"0E4":{"desc":"L1P"},"0E6":{"t":"BE35"},"0FF":{"t":"AS50"},"100":{"desc":"L1P"},"101":{"desc":"L1P"},"103":{"t":"C182"},"105":{"desc":"L1P"},"108":{"desc":"L1P"},"109":{"desc":"L1P"},"10B":{"desc":"L1P"},"110":{"t":"C162"},"113":{"desc":"L1P"},"119":{"desc":"L1P"},"11A":{"desc":"L1P"},"11B":{"desc":"L1P"},"11C":{"t":"AS50"},"11E":{"t":"B407"},"11F":{"t":"T206"},"120":{"t":"R22"},"122":{"t":"B744"},"128":{"t":"ULAC"},"129":{"t":"GLID"},"12A":{"t":"E300"},"12D":{"t":"SW4"},"12E":{"desc":"L1P"},"12F":{"t":"E75L"},"132":{"desc":"L1P"},"133":{"desc":"L2J"},"135":{"desc":"L1P"},"139":{"t":"PC12"},"13D":{"t":"C180"},"142":{"desc":"L1P"},"146":{"desc":"L1P"},"147":{"t":"BE20"},"15B":{"t":"A321"},"160":{"t":"B190"},"164":{"t":"P32T"},"17D":{"desc":"L1P","t":"ULAC"},"17E":{"desc":"L1P"},"182":{"t":"PA18"},"186":{"t":"EC45"},"187":{"t":"PA18"},"191":{"t":"FA20"},"1A7":{"desc":"H4E"},"1E2":{"t":"L8"},"1E3":{"t":"ULAC"},"1E4":{"t":"BE35"},"1E7":{"t":"CH7B"},"1E8":{"t":"ULAC"},"1EA":{"t":"L8"},"1EB":{"desc":"H1P"},"1ED":{"t":"C120"},"1EF":{"t":"C77R"},"1F4":{"t":"C172"},"1F5":{"t":"BE35"},"1F9":{"t":"BE60"},"1FB":{"t":"BE36"},"1FC":{"t":"BE36"},"1FD":{"t":"BE36"},"1FF":{"desc":"L1P"},"200":{"desc":"L1P"},"201":{"desc":"L1P"},"203":{"desc":"L1P"},"208":{"t":"CH7A"},"212":{"t":"C77R"},"213":{"t":"C185"},"218":{"t":"BE33"},"219":{"t":"C182"},"21A":{"t":"C172"},"21C":{"desc":"L1P"},"21F":{"t":"BE33"},"220":{"t":"H269"},"229":{"t":"C170"},"22A":{"t":"BE35"},"22B":{"t":"C172"},"22D":{"t":"CH7A"},"22F":{"t":"P28A"},"235":{"t":"C77R"},"237":{"t":"C414"},"238":{"t":"P28A"},"23B":{"t":"BE33"},"23C":{"t":"C182"},"23E":{"t":"C205"},"23F":{"desc":"L1P"},"241":{"desc":"L1P"},"242":{"desc":"L1P"},"243":{"desc":"L1P"},"244":{"desc":"L1P"},"248":{"t":"BE33"},"24C":{"desc":"L1P","t":"ULAC"},"24D":{"t":"BE35"},"24F":{"t":"C210"},"250":{"t":"CH7B"},"252":{"t":"P28A"},"254":{"t":"BE58"},"256":{"t":"C120"},"257":{"t":"PA22"},"258":{"t":"C77R"},"25D":{"t":"C120"},"261":{"t":"C205"},"263":{"t":"BE36"},"265":{"t":"BE58"},"26B":{"desc":"L1P"},"270":{"t":"BE35"},"273":{"t":"CH7B"},"275":{"t":"P28A"},"277":{"t":"BE35"},"279":{"t":"C120"},"27B":{"t":"C77R"},"280":{"t":"C120"},"282":{"t":"C182"},"284":{"t":"C205"},"287":{"desc":"L1P"},"288":{"desc":"L1P"},"28A":{"desc":"L1P"},"28B":{"t":"BE55"},"28D":{"t":"BE55"},"28F":{"t":"BE30"},"293":{"desc":"L1P"},"295":{"t":"C210"},"29B":{"t":"CH7B"},"29C":{"t":"C120"},"2A3":{"t":"C172"},"2A5":{"t":"C182"},"2A6":{"t":"C172"},"2A7":{"t":"C180"},"2AE":{"t":"BE36"},"2AF":{"t":"BE36"},"2B1":{"t":"BE36"},"2B5":{"t":"C170"},"2B7":{"t":"CH7A"},"2BF":{"t":"C120"},"2C0":{"t":"PA22"},"2C1":{"t":"C77R"},"2C4":{"t":"P28A"},"2C7":{"t":"BE36"},"2C8":{"t":"C182"},"2C9":{"t":"C172"},"2CA":{"t":"C180"},"2CD":{"t":"BE36"},"2CE":{"t":"BE36"},"2D0":{"t":"BE9L"},"2D1":{"t":"C525"},"2D2":{"t":"BE35"},"2D4":{"t":"BE36"},"2D5":{"t":"ULAC"},"2D8":{"desc":"L1P","t":"ULAC"},"2DA":{"t":"CH7A"},"2DC":{"t":"CH7B"},"2DD":{"t":"BE58"},"2DE":{"t":"P28A"},"2DF":{"t":"L8"},"2E2":{"t":"C120"},"2E4":{"t":"C77R"},"2E5":{"t":"C185"},"2E7":{"t":"P28A"},"2EC":{"t":"C172"},"2EE":{"t":"BE35"},"2EF":{"t":"BE9T"},"2F0":{"t":"BE55"},"2F2":{"t":"BE36"},"2F3":{"t":"BE58"},"2F8":{"desc":"L1P"},"2FA":{"t":"L8"},"2FD":{"t":"CH7A"},"301":{"t":"P28A"},"302":{"t":"E545"},"305":{"t":"BE77"},"307":{"t":"C185"},"308":{"t":"C185"},"309":{"t":"BE9L"},"30A":{"t":"LJ45"},"30B":{"t":"E545"},"30C":{"t":"C140"},"30D":{"t":"BE55"},"30E":{"t":"BE36"},"30F":{"t":"BE36"},"310":{"t":"C205"},"312":{"t":"C425"},"314":{"t":"BE33"},"317":{"desc":"L1P"},"31F":{"t":"BE35"},"321":{"t":"C210"},"325":{"t":"L8"},"326":{"t":"BE36"},"327":{"t":"C337"},"329":{"t":"BE33"},"32C":{"t":"BE33"},"32F":{"t":"C120"},"330":{"t":"BE36"},"331":{"t":"C182"},"336":{"desc":"L1P"},"33A":{"t":"BE36"},"33C":{"desc":"L1P"},"33D":{"t":"BT36"},"33E":{"t":"C185"},"33F":{"t":"BE58"},"340":{"t":"C185"},"341":{"t":"C185"},"342":{"t":"BL8"},"343":{"t":"C185"},"344":{"t":"C185"},"345":{"t":"C185"},"347":{"t":"C185"},"348":{"t":"C185"},"349":{"t":"C185"},"34A":{"t":"C185"},"34B":{"t":"C185"},"34C":{"t":"B752"},"34F":{"t":"C185"},"350":{"t":"C185"},"353":{"t":"C185"},"354":{"t":"C185"},"357":{"t":"C185"},"358":{"t":"C185"},"359":{"t":"C185"},"35A":{"t":"C185"},"35B":{"t":"C185"},"35D":{"t":"C185"},"35E":{"t":"C185"},"35F":{"t":"C185"},"360":{"t":"C185"},"361":{"t":"C185"},"362":{"t":"T206"},"363":{"t":"C185"},"364":{"t":"C185"},"365":{"t":"C185"},"366":{"desc":"L1P"},"368":{"t":"C185"},"369":{"t":"C185"},"36C":{"t":"C185"},"36D":{"t":"C185"},"370":{"t":"C185"},"372":{"t":"C185"},"374":{"t":"C185"},"375":{"t":"C185"},"378":{"t":"C185"},"379":{"desc":"H2T"},"37A":{"t":"C185"},"37B":{"t":"C185"},"37C":{"t":"C185"},"37D":{"t":"C185"},"380":{"t":"C185"},"381":{"t":"C185"},"382":{"t":"C185"},"383":{"t":"C185"},"385":{"t":"C185"},"386":{"t":"C185"},"387":{"t":"C185"},"388":{"t":"C185"},"38A":{"t":"C185"},"38C":{"t":"C185"},"38E":{"desc":"A1P"},"38F":{"t":"C185"},"390":{"t":"C185"},"391":{"t":"C185"},"393":{"t":"C185"},"394":{"t":"C185"},"395":{"t":"C185"},"396":{"t":"C185"},"397":{"t":"B763"},"398":{"t":"C185"},"39A":{"t":"C185"},"39B":{"t":"C185"},"39E":{"t":"C185"},"39F":{"t":"C185"},"3A1":{"t":"C185"},"3A3":{"t":"C185"},"3A4":{"t":"C185"},"3A5":{"t":"C185"},"3A6":{"t":"C185"},"3A8":{"t":"C185"},"3A9":{"t":"C185"},"3AB":{"t":"AS50"},"3AC":{"t":"C185"},"3AE":{"t":"C185"},"3AF":{"t":"C185"},"3B4":{"t":"C185"},"3B5":{"t":"C185"},"3B7":{"desc":"L1P","t":"ULAC"},"3BB":{"desc":"L1P"},"3BC":{"t":"C180"},"3BD":{"t":"C185"},"3BE":{"t":"C185"},"3BF":{"t":"C185"},"3C0":{"t":"C185"},"3C1":{"t":"B763"},"3C2":{"t":"C185"},"3C6":{"t":"C185"},"3C7":{"desc":"L1P"},"3C8":{"t":"C185"},"3CA":{"t":"C185"},"3CD":{"t":"C185"},"3CE":{"t":"C185"},"3D1":{"t":"C185"},"3D5":{"t":"C185"},"3D6":{"t":"GLF5"},"3D7":{"t":"C185"},"3D8":{"t":"C185"},"3DA":{"t":"C185"},"3DC":{"t":"C185"},"3DD":{"t":"C185"},"3DE":{"t":"CRJ9"},"3DF":{"t":"C185"},"3E0":{"t":"C185"},"3E1":{"t":"C185"},"3E2":{"t":"C185"},"3E6":{"t":"C185"},"3E7":{"t":"C185"},"3EA":{"t":"C185"},"3EB":{"t":"GLEX"},"3EE":{"t":"C185"},"3EF":{"t":"C185"},"3F0":{"t":"C185"},"3F1":{"t":"C185"},"3F3":{"t":"C185"},"3F6":{"t":"C185"},"3F7":{"t":"C185"},"3F8":{"t":"C185"},"3F9":{"t":"C185"},"3FA":{"t":"C185"},"3FC":{"t":"BE36"},"3FF":{"t":"C185"},"403":{"t":"C185"},"407":{"desc":"L1P"},"408":{"t":"C185"},"409":{"t":"C185"},"40A":{"t":"C185"},"40B":{"t":"C185"},"40C":{"t":"C185"},"40D":{"t":"C185"},"40F":{"t":"C185"},"410":{"t":"C185"},"411":{"t":"C185"},"412":{"t":"C185"},"413":{"t":"C185"},"414":{"t":"C185"},"417":{"t":"C185"},"418":{"t":"C185"},"419":{"t":"C185"},"41C":{"t":"C185"},"41E":{"t":"C185"},"421":{"t":"C185"},"422":{"t":"C185"},"424":{"t":"C185"},"426":{"t":"C185"},"427":{"t":"C185"},"42C":{"t":"C185"},"42E":{"t":"T206"},"431":{"t":"C185"},"435":{"t":"C185"},"439":{"desc":"L1P"},"43A":{"t":"C185"},"43C":{"t":"C185"},"442":{"t":"C185"},"444":{"t":"C185"},"445":{"t":"C185"},"447":{"t":"C185"},"44A":{"t":"C185"},"44B":{"t":"C185"},"450":{"t":"C185"},"452":{"t":"C185"},"453":{"desc":"L2T"},"454":{"t":"C185"},"457":{"t":"C185"},"458":{"t":"C185"},"459":{"t":"C185"},"45B":{"t":"C185"},"45C":{"t":"C185"},"45D":{"t":"C185"},"45E":{"t":"C185"},"45F":{"t":"C185"},"460":{"t":"C185"},"462":{"t":"C185"},"463":{"t":"C185"},"464":{"t":"C185"},"466":{"t":"BE20"},"467":{"t":"C185"},"46E":{"t":"C185"},"46F":{"t":"C185"},"473":{"t":"C185"},"474":{"t":"C185"},"479":{"t":"C185"},"47B":{"t":"C185"},"47D":{"t":"C185"},"47E":{"t":"C185"},"47F":{"t":"C185"},"482":{"t":"C185"},"484":{"t":"C185"},"485":{"desc":"L2T"},"486":{"t":"PC12"},"488":{"t":"C185"},"48A":{"t":"C185"},"48B":{"t":"C185"},"48D":{"t":"C185"},"48E":{"t":"C185"},"490":{"t":"C185"},"494":{"t":"C185"},"495":{"t":"C185"},"496":{"t":"C185"},"499":{"t":"C185"},"49A":{"t":"C185"},"49B":{"t":"C185"},"49C":{"t":"C185"},"49F":{"t":"C185"},"4B6":{"t":"C185"},"4B7":{"t":"C185"},"4B8":{"t":"C185"},"4B9":{"t":"C185"},"4BA":{"t":"C185"},"4BB":{"t":"C185"},"4BC":{"t":"C185"},"4BD":{"desc":"L1P"},"4BE":{"t":"C185"},"4C0":{"t":"C185"},"4C3":{"t":"C185"},"4C4":{"t":"C185"},"4C6":{"t":"C185"},"4C7":{"t":"C185"},"4CA":{"desc":"L1P"},"4CB":{"t":"C185"},"4CC":{"t":"C185"},"4CF":{"t":"C185"},"4D1":{"t":"C185"},"4D2":{"t":"C185"},"4D3":{"t":"AS50"},"4D4":{"t":"C152"},"4D5":{"t":"C185"},"4D8":{"t":"C185"},"4D9":{"t":"C185"},"4DA":{"t":"C185"},"4DB":{"t":"C185"},"4DC":{"t":"C185"},"4DD":{"t":"C185"},"4DF":{"t":"C152"},"4E0":{"t":"C185"},"4E1":{"t":"C185"},"4E3":{"t":"C185"},"4E4":{"t":"C185"},"4E6":{"t":"E75L"},"4E7":{"t":"C185"},"4E8":{"t":"BE35"},"4E9":{"t":"C185"},"4EA":{"t":"C185"},"4EB":{"t":"C185"},"4EC":{"t":"C185"},"4F0":{"t":"C185"},"4F1":{"t":"C185"},"4F2":{"t":"C185"},"4F4":{"t":"C185"},"4F5":{"t":"C185"},"4F9":{"t":"C185"},"4FA":{"t":"C185"},"4FB":{"t":"P06T"},"4FD":{"t":"C185"},"4FE":{"t":"C185"},"501":{"t":"C185"},"502":{"desc":"H4E"},"512":{"t":"C185"},"515":{"t":"C185"},"516":{"t":"A321"},"51A":{"t":"WACF"},"51F":{"t":"C185"},"521":{"t":"C185"},"522":{"t":"C185"},"524":{"t":"C185"},"526":{"t":"C185"},"528":{"t":"C185"},"52E":{"t":"C185"},"533":{"t":"C185"},"534":{"t":"C185"},"535":{"t":"C185"},"536":{"t":"C185"},"538":{"desc":"L1P"},"539":{"t":"C185"},"53A":{"t":"C185"},"53F":{"t":"C185"},"541":{"t":"C185"},"543":{"t":"C185"},"544":{"t":"C185"},"545":{"t":"C150"},"547":{"t":"C185"},"548":{"t":"C185"},"549":{"t":"C185"},"54A":{"t":"C185"},"54B":{"t":"C185"},"54C":{"t":"C185"},"557":{"t":"C185"},"55D":{"t":"C185"},"560":{"t":"C185"},"562":{"t":"C185"},"565":{"t":"C185"},"56D":{"t":"C185"},"56F":{"desc":"L1P"},"571":{"t":"C185"},"577":{"t":"C185"},"579":{"t":"C185"},"57C":{"t":"C185"},"57E":{"t":"C185"},"57F":{"t":"C185"},"596":{"t":"C185"},"597":{"desc":"L2T","t":"BE18"},"598":{"t":"PA18"},"599":{"t":"L8"},"59B":{"t":"BE35"},"59D":{"t":"BE55"},"59E":{"t":"CH7B"},"59F":{"t":"A321"},"5A0":{"t":"BT36"},"5A1":{"t":"L8"},"5A3":{"t":"LJ45"},"5A4":{"t":"BE76"},"5A5":{"t":"PA18"},"5A6":{"t":"C77R"},"5A7":{"t":"C206"},"5AB":{"t":"C140"},"5AC":{"t":"B06"},"5AD":{"t":"BE20"},"5B0":{"t":"C185"},"5B2":{"t":"C150"},"5B3":{"t":"C150"},"5B5":{"t":"C150"},"5B6":{"t":"C150"},"5BB":{"t":"PA31"},"5BC":{"t":"BALL"},"5BE":{"desc":"H1T"},"5BF":{"t":"CH7A"},"5C0":{"t":"PA18"},"5C2":{"t":"P28A"},"5C3":{"t":"P28A"},"5CE":{"t":"C120"},"5CF":{"desc":"H1T"},"5D1":{"t":"C172"},"5D3":{"t":"C177"},"5D9":{"t":"BE23"},"5DB":{"t":"C177"},"5DC":{"t":"C150"},"5DF":{"t":"GLF5"},"5E1":{"t":"BE35"},"5E2":{"t":"C310"},"5E3":{"t":"C210"},"5E5":{"t":"C310"},"5E9":{"t":"ST75"},"5EB":{"t":"PA18"},"5EC":{"t":"C77R"},"5ED":{"t":"C185"},"5EE":{"t":"BE36"},"5F2":{"t":"BE58"},"5F3":{"t":"C182"},"5F4":{"t":"C172"},"5F5":{"desc":"L1P"},"5F6":{"desc":"L1P"},"5F7":{"t":"C185"},"5F8":{"t":"C150"},"5F9":{"t":"C177"},"5FA":{"t":"C150"},"5FD":{"t":"C150"},"5FF":{"t":"C177"},"600":{"t":"C56X"},"602":{"t":"BE55"},"603":{"t":"C170"},"604":{"t":"PA18"},"609":{"t":"P28A"},"60C":{"t":"ST75"},"60D":{"t":"C120"},"60E":{"t":"PA18"},"60F":{"t":"C206"},"614":{"t":"C120"},"615":{"t":"BE35"},"617":{"t":"C172"},"61A":{"t":"C150"},"61D":{"t":"C150"},"620":{"t":"C150"},"621":{"t":"C150"},"623":{"t":"SF50"},"625":{"desc":"L1P"},"626":{"t":"C170"},"629":{"t":"C210"},"62C":{"t":"P28A"},"62D":{"t":"BE36"},"632":{"t":"C77R"},"633":{"t":"BE58"},"637":{"t":"C172"},"638":{"t":"BT36"},"63A":{"t":"C172"},"63B":{"t":"C205"},"63D":{"desc":"H1P"},"642":{"t":"C150"},"647":{"t":"PA18"},"649":{"t":"C170"},"64A":{"t":"BE35"},"64F":{"t":"P28A"},"650":{"t":"L8"},"652":{"desc":"L1P"},"654":{"desc":"L1P"},"657":{"t":"BE33"},"659":{"desc":"A1P"},"65B":{"t":"BE55"},"661":{"t":"C150"},"663":{"t":"C150"},"664":{"t":"BE17"},"665":{"t":"E145"},"666":{"t":"E145"},"667":{"t":"C150"},"669":{"desc":"L1P"},"66B":{"t":"L8"},"66C":{"t":"C140"},"66D":{"t":"BE35"},"66E":{"t":"C310"},"66F":{"t":"BE36"},"670":{"t":"CH7B"},"671":{"t":"C310"},"672":{"t":"P28A"},"674":{"t":"BE35"},"675":{"t":"ST75"},"678":{"t":"C77R"},"679":{"t":"C185"},"67B":{"t":"SR22"},"67F":{"t":"C182"},"681":{"t":"BE33"},"682":{"t":"BE17"},"683":{"t":"BE17"},"686":{"t":"C150"},"687":{"t":"C150"},"689":{"t":"C150"},"68A":{"t":"C150"},"68B":{"t":"C150"},"68F":{"t":"C170"},"692":{"t":"BE9T"},"695":{"t":"P28A"},"69A":{"t":"PA18"},"69C":{"t":"C82R"},"69E":{"t":"P28A"},"6A0":{"t":"C172"},"6A3":{"t":"C172"},"6A5":{"t":"BE17"},"6A7":{"t":"C150"},"6A9":{"t":"C150"},"6AA":{"t":"BE17"},"6AB":{"t":"C177"},"6AC":{"t":"BE17"},"6AD":{"t":"C150"},"6AE":{"t":"C150"},"6B0":{"t":"PA18"},"6B1":{"t":"BE23"},"6B2":{"t":"ULAC"},"6B5":{"desc":"L1P"},"6B8":{"t":"AC11"},"6B9":{"t":"L8"},"6BA":{"t":"BE33"},"6BB":{"t":"C337"},"6BC":{"t":"C120"},"6BD":{"t":"BE58"},"6BE":{"t":"C77R"},"6C0":{"desc":"L1P"},"6C5":{"t":"C182"},"6C6":{"t":"C172"},"6C8":{"t":"C150"},"6CA":{"t":"C150"},"6CB":{"t":"C150"},"6CC":{"t":"C150"},"6CE":{"t":"C150"},"6CF":{"t":"C150"},"6D1":{"t":"BE23"},"6D2":{"desc":"G1P","t":"GYRO"},"6D5":{"t":"BE33"},"6D8":{"t":"C210"},"6DF":{"t":"C120"},"6E0":{"t":"BE36"},"6E4":{"t":"P28A"},"6E5":{"t":"C172"},"6E6":{"t":"C140"},"6E7":{"t":"BE35"},"6EB":{"t":"C150"},"6EC":{"desc":"L1P"},"6EF":{"t":"C150"},"6F1":{"t":"C150"},"6F2":{"t":"C150"},"6F3":{"t":"C150"},"6F4":{"desc":"L1P"},"6F8":{"t":"ULAC"},"6F9":{"t":"BL8"},"6FB":{"t":"AS50"},"6FE":{"t":"EC30"},"702":{"t":"F86"},"703":{"t":"B752"},"706":{"t":"C150"},"707":{"desc":"L1P"},"70B":{"desc":"L2T"},"70E":{"t":"C185"},"70F":{"t":"BE35"},"710":{"desc":"A1P","t":"ULAC"},"712":{"desc":"L1P","t":"ULAC"},"714":{"desc":"L1P"},"71D":{"desc":"L1P"},"726":{"desc":"L1P"},"729":{"t":"P32R"},"72A":{"t":"PA46"},"72C":{"t":"SR20"},"72F":{"t":"S22T"},"732":{"t":"SR22"},"739":{"t":"C172"},"73A":{"t":"C180"},"73D":{"t":"GALX"},"741":{"t":"C185"},"744":{"t":"AT5T"},"747":{"desc":"L1P"},"748":{"t":"S22T"},"74C":{"t":"C525"},"74D":{"t":"BE20"},"74E":{"t":"B763"},"752":{"desc":"L1P"},"753":{"t":"C182"},"75A":{"t":"AC90"},"773":{"desc":"A1P"},"778":{"t":"B763"},"77F":{"t":"C172"},"784":{"desc":"L1P"},"78C":{"desc":"L1P"},"78D":{"t":"PAY2"},"78F":{"t":"C208"},"795":{"t":"CRJ9"},"798":{"t":"M20P"},"79A":{"desc":"L1P"},"7A5":{"t":"PA27"},"7BA":{"desc":"L1P"},"7BF":{"desc":"L1P"},"7C0":{"desc":"L1P"},"7C1":{"t":"P32R"},"7C2":{"desc":"L1T"},"7C4":{"desc":"L1P"},"7C6":{"desc":"L1P"},"7CC":{"desc":"L1P"},"7CF":{"desc":"L1P"},"7D9":{"t":"P28A"},"7DD":{"t":"GLID"},"7F0":{"desc":"L1P"},"7F2":{"t":"BALL"},"809":{"t":"C510"},"80A":{"t":"HUSK"},"80B":{"t":"ULAC"},"812":{"desc":"L1P"},"814":{"t":"T206"},"822":{"desc":"L1P"},"838":{"t":"PC12"},"83C":{"t":"GLF3"},"83F":{"desc":"L1P"},"842":{"t":"SR20"},"844":{"desc":"L1J"},"84A":{"t":"CRJ9"},"84C":{"t":"P46T"},"854":{"t":"BE35"},"86D":{"desc":"L1P"},"86E":{"t":"CH7B"},"86F":{"desc":"L1P"},"870":{"desc":"L1P"},"871":{"t":"C210"},"874":{"t":"L39"},"878":{"t":"BE33"},"879":{"t":"C182"},"87D":{"desc":"L1P"},"87E":{"desc":"L1P"},"881":{"desc":"L1P"},"882":{"t":"C180"},"885":{"t":"C182"},"887":{"t":"M7"},"889":{"t":"ULAC"},"88A":{"t":"UH1"},"88D":{"t":"C208"},"88E":{"t":"R22"},"890":{"desc":"L1P"},"891":{"t":"PA23"},"894":{"t":"P28A"},"897":{"t":"GLID"},"898":{"t":"PA46"},"89C":{"t":"PA32"},"89D":{"t":"E75L"},"89F":{"t":"PA18"},"8A0":{"t":"C182"},"8A2":{"t":"R44"},"8A7":{"t":"C310"},"8B4":{"t":"C525"},"8C9":{"t":"A321"},"8D1":{"t":"C185"},"8D3":{"t":"BE58"},"8F3":{"t":"GLID"},"8FB":{"desc":"L2P"},"8FF":{"t":"PA44"},"903":{"t":"C185"},"94E":{"t":"SF50"},"94F":{"t":"BE36"},"952":{"t":"BE35"},"955":{"t":"CH7B"},"956":{"t":"PA32"},"958":{"t":"L8"},"95A":{"t":"ST75"},"95F":{"desc":"L1P","t":"ULAC"},"960":{"t":"P28A"},"962":{"t":"C140"},"963":{"t":"BE35"},"965":{"t":"C172"},"969":{"t":"C177"},"96F":{"t":"BE24"},"970":{"desc":"L1P"},"972":{"t":"PA18"},"974":{"t":"C170"},"975":{"desc":"L1P"},"976":{"desc":"L1P"},"977":{"t":"BE36"},"978":{"desc":"L1P"},"979":{"t":"P32R"},"97A":{"t":"P28A"},"97C":{"t":"BE55"},"97D":{"t":"BE36"},"987":{"t":"C182"},"989":{"t":"C205"},"98C":{"t":"C150"},"98D":{"t":"WACC"},"992":{"t":"C150"},"994":{"desc":"L1P"},"996":{"t":"SR22"},"997":{"t":"C170"},"999":{"t":"CH7A"},"99B":{"t":"CH7A"},"99C":{"t":"P32R"},"99E":{"t":"L8"},"9A3":{"t":"C77R"},"9A6":{"t":"C310"},"9AA":{"t":"C182"},"9AB":{"t":"C172"},"9AC":{"t":"R44"},"9B0":{"t":"C150"},"9B2":{"t":"C150"},"9B4":{"t":"C150"},"9B5":{"t":"C150"},"9B6":{"desc":"L1P"},"9BA":{"t":"C170"},"9BC":{"t":"CH7A"},"9BD":{"t":"C210"},"9BE":{"t":"CH7B"},"9C0":{"t":"P28A"},"9C3":{"t":"J3"},"9C6":{"t":"C77R"},"9CB":{"t":"C140"},"9CD":{"desc":"L1E"},"9D0":{"t":"C150"},"9D4":{"t":"C150"},"9D7":{"t":"C150"},"9DD":{"t":"C170"},"9DF":{"t":"CH7A"},"9E1":{"t":"CH7B"},"9E3":{"t":"P28A"},"9E5":{"desc":"L1P"},"9E6":{"t":"CH7A"},"9EE":{"t":"C172"},"9F1":{"t":"C172"},"9F3":{"t":"C150"},"9F4":{"desc":"L1P"},"9F5":{"desc":"L1P"},"9F6":{"t":"C177"},"9F7":{"desc":"L1P"},"9F8":{"t":"C150"},"9FC":{"t":"C150"},"9FD":{"desc":"L1P"},"9FF":{"t":"L8"},"A00":{"t":"C525"},"A02":{"t":"CH7A"},"A04":{"t":"CH7B"},"A07":{"t":"C56X"},"A08":{"t":"BE58"},"A0E":{"t":"C310"},"A0F":{"t":"P28A"},"A13":{"t":"C182"},"A15":{"t":"C205"},"A16":{"t":"C25B"},"A18":{"t":"FA24"},"A1C":{"t":"C150"},"A22":{"t":"L8"},"A23":{"t":"BE33"},"A24":{"t":"BE35"},"A27":{"t":"CH7A"},"A29":{"t":"AC11"},"A2A":{"desc":"L1P"},"A2D":{"t":"C120"},"A2F":{"t":"C77R"},"A31":{"desc":"L1P","t":"TB0"},"A3C":{"t":"C150"},"A3E":{"desc":"L1P"},"A3F":{"t":"C150"},"A43":{"t":"B350"},"A45":{"t":"L8"},"A49":{"t":"C210"},"A4B":{"t":"P28A"},"A4F":{"t":"C56X"},"A50":{"t":"C120"},"A59":{"t":"C182"},"A5E":{"desc":"H6E"},"A60":{"t":"C150"},"A64":{"t":"C150"},"A66":{"desc":"L1P"},"A68":{"t":"C172"},"A6B":{"t":"CH7A"},"A6C":{"t":"C210"},"A6D":{"t":"CH7B"},"A6E":{"t":"P28A"},"A6F":{"t":"P28A"},"A70":{"t":"L8"},"A72":{"t":"GL5T"},"A76":{"t":"BALL"},"A78":{"t":"P28A"},"A7A":{"t":"C172"},"A7B":{"t":"BE36"},"A7E":{"t":"C205"},"A80":{"desc":"L1P"},"A81":{"t":"FA24"},"A83":{"t":"FA24"},"A85":{"t":"C150"},"A87":{"t":"FA24"},"A89":{"t":"T206"},"A8A":{"desc":"S1P","t":"PA18"},"A8B":{"t":"L8"},"A8C":{"t":"C170"},"A8E":{"t":"CH7A"},"A8F":{"t":"C210"},"A90":{"t":"CH7B"},"A93":{"t":"L8"},"A99":{"t":"P28A"},"A9B":{"t":"P28A"},"A9E":{"t":"PA18"},"A9F":{"t":"C182"},"AA1":{"t":"C205"},"AA6":{"t":"C177"},"AA7":{"t":"FA24"},"AA8":{"t":"FA24"},"AA9":{"t":"C150"},"AAA":{"t":"C180"},"AAC":{"t":"P337"},"AAE":{"t":"F2TH"},"AB0":{"t":"B737"},"AB2":{"t":"AS50"},"AB6":{"t":"SR22"},"AB8":{"t":"BE9L"},"AB9":{"t":"HUSK"},"ABA":{"t":"B752"},"AC7":{"desc":"L1J"},"AC8":{"desc":"L1P"},"AC9":{"t":"C182"},"ACA":{"desc":"L1P"},"ADF":{"t":"S108"},"AE2":{"desc":"L1P"},"AE3":{"desc":"L1P"},"AE5":{"desc":"L1P"},"AE7":{"desc":"H2T"},"AEB":{"t":"C182"},"AED":{"t":"PAY2"},"AEF":{"t":"C750"},"AF0":{"t":"BE36"},"AF1":{"t":"M20P"},"AF8":{"desc":"L1J"},"AFA":{"t":"C182"},"AFB":{"desc":"L1P"},"AFF":{"t":"RV12"},"B00":{"t":"T206"},"B04":{"desc":"L1P"},"B05":{"t":"B763"},"B09":{"t":"DA40"},"B11":{"desc":"L1P"},"B12":{"t":"EA50"},"B18":{"desc":"L1P"},"B19":{"desc":"H1T"},"B1A":{"desc":"L1P"},"B21":{"t":"C150"},"B25":{"desc":"L1P","t":"ULAC"},"B2A":{"desc":"L1P","t":"ULAC"},"B2F":{"t":"B763"},"B33":{"desc":"L1P"},"B3C":{"t":"P28A"},"B43":{"t":"P32T"},"B46":{"t":"C208"},"B4B":{"t":"T28"},"B4C":{"t":"CRJ9"},"B5D":{"t":"C172"},"B60":{"desc":"L1P"},"B6D":{"t":"C172"},"B75":{"t":"BE36"},"B77":{"t":"E190"},"B78":{"desc":"L1P"},"B79":{"t":"P46T"},"B7C":{"t":"GLID"},"B81":{"desc":"L1P"},"B83":{"t":"BE20"},"B8A":{"t":"M20P"},"B8E":{"desc":"L1T","t":"M600"},"B91":{"desc":"L2P"},"B96":{"t":"AEST"},"BA0":{"desc":"L1P"},"BA8":{"t":"AT8T"},"BA9":{"t":"BALL"},"BAA":{"t":"CH7B"},"BB8":{"desc":"L1E"},"BC0":{"desc":"L1P"},"BC1":{"t":"C182"},"BC3":{"t":"C525"},"BC4":{"desc":"L1P","t":"ULAC"},"BC6":{"desc":"L1P"},"BC8":{"t":"R22"},"BCC":{"t":"C210"},"BCE":{"desc":"L1P"},"BD0":{"t":"BE20"},"BD1":{"desc":"L1P","t":"ULAC"},"BD2":{"desc":"L1P"},"BDD":{"t":"B06"},"BFA":{"t":"SR20"},"BFF":{"t":"FA50"},"C01":{"t":"CRJ9"},"C03":{"desc":"L1P"},"C07":{"t":"ULAC"},"C25":{"t":"CH7B"},"C2B":{"desc":"L1P"},"C34":{"desc":"L1P"},"C38":{"desc":"L1P"},"C3D":{"desc":"L1P","t":"ULAC"},"C3E":{"t":"P28R"},"C40":{"t":"ULAC"},"C41":{"t":"P28A"},"C44":{"t":"GLF4"},"C47":{"t":"BE9L"},"C4B":{"t":"P28A"},"C4D":{"t":"SR22"},"C54":{"t":"E75L"},"C56":{"desc":"L1P"},"C57":{"t":"M20P"},"C59":{"t":"P32R"},"C5E":{"desc":"L1P","t":"ULAC"},"C62":{"desc":"L1P"},"C64":{"t":"P28A"},"C6B":{"desc":"L1P"},"C6C":{"t":"PA44"},"C6D":{"t":"M20P"},"C70":{"t":"B744"},"C80":{"t":"A321"},"C88":{"t":"B350"},"CA3":{"t":"ULAC"},"CA4":{"desc":"A1P"},"CAB":{"desc":"L1P"},"CAC":{"t":"S61"},"CB6":{"t":"C310"},"CDF":{"t":"H500"},"D07":{"desc":"L1P"},"D0B":{"t":"C210"},"D0C":{"t":"CL30"},"D0E":{"t":"P28A"},"D0F":{"desc":"L1P"},"D14":{"t":"C77R"},"D17":{"t":"P28A"},"D19":{"t":"C172"},"D1A":{"t":"BE36"},"D1D":{"t":"C205"},"D29":{"t":"PA18"},"D2A":{"t":"L8"},"D2C":{"t":"BE35"},"D2D":{"t":"GLID"},"D2E":{"t":"C210"},"D2F":{"t":"CH7B"},"D34":{"t":"C337"},"D37":{"t":"C77R"},"D39":{"desc":"L1P","t":"TB0"},"D3C":{"t":"C172"},"D3D":{"t":"BE55"},"D3E":{"t":"C182"},"D47":{"t":"C150"},"D49":{"t":"C150"},"D4E":{"desc":"L1P","t":"ULAC"},"D50":{"t":"PA31"},"D52":{"t":"CH7A"},"D53":{"t":"PA31"},"D54":{"t":"P28A"},"D56":{"t":"BE33"},"D5A":{"t":"C77R"},"D5D":{"t":"P28A"},"D5F":{"t":"C140"},"D61":{"t":"C182"},"D62":{"t":"C172"},"D64":{"t":"C177"},"D67":{"t":"C150"},"D68":{"t":"C150"},"D69":{"t":"C177"},"D6B":{"desc":"L1P"},"D6C":{"t":"C172"},"D6E":{"t":"E55P"},"D71":{"t":"C170"},"D76":{"t":"C310"},"D77":{"t":"P28A"},"D79":{"t":"BE35"},"D7A":{"t":"C337"},"D7B":{"t":"C120"},"D83":{"t":"BE60"},"D85":{"t":"C172"},"D88":{"t":"C150"},"D8A":{"t":"C150"},"D8E":{"t":"C150"},"D8F":{"t":"C177"},"D90":{"t":"C177"},"D94":{"desc":"A1P","t":"ULAC"},"D9C":{"t":"BE33"},"D9D":{"desc":"L1P","t":"ULAC"},"D9E":{"t":"C120"},"DA8":{"t":"C172"},"DA9":{"t":"C205"},"DAC":{"t":"C150"},"DAD":{"desc":"L1P"},"DAF":{"t":"C150"},"DB0":{"t":"BE55"},"DB2":{"t":"BE58"},"DB4":{"desc":"L1P"},"DB5":{"t":"GLF6"},"DB7":{"t":"C25A"},"DB8":{"t":"BE35"},"DBA":{"t":"C210"},"DBD":{"t":"P28A"},"DBF":{"t":"BE36"},"DC2":{"t":"S76"},"DC8":{"t":"C140"},"DC9":{"t":"BE36"},"DCB":{"t":"C172"},"DCF":{"t":"BE58"},"DD6":{"desc":"L1P"},"DD8":{"t":"PA18"},"DDA":{"t":"C170"},"DDD":{"t":"BALL"},"DE3":{"t":"C182"},"DE5":{"t":"GLF6"},"DE6":{"t":"C77R"},"DE8":{"desc":"L1P"},"DEB":{"t":"C172"},"DEC":{"t":"BE33"},"DED":{"t":"C182"},"DEF":{"t":"C205"},"DF0":{"t":"BE35"},"DF1":{"t":"BALL"},"DF2":{"t":"BALL"},"DF3":{"t":"BE36"},"DF4":{"desc":"L1P"},"DF5":{"desc":"L1P"},"DF7":{"t":"BE24"},"DF9":{"t":"BE24"},"DFA":{"desc":"L1P"},"E00":{"t":"C210"},"E05":{"t":"BE36"},"E07":{"t":"C120"},"E0E":{"t":"C140"},"E10":{"t":"C182"},"E14":{"desc":"L1P"},"E17":{"t":"BE23"},"E18":{"t":"BE19"},"E1A":{"t":"BE17"},"E1B":{"t":"BE19"},"E1E":{"t":"PA18"},"E1F":{"t":"L8"},"E20":{"t":"LJ45"},"E22":{"t":"GLF5"},"E26":{"desc":"L1P"},"E29":{"t":"C182"},"E2C":{"t":"C77R"},"E31":{"t":"C140"},"E32":{"desc":"L1P"},"E35":{"t":"C205"},"E37":{"t":"BE17"},"E38":{"t":"BE24"},"E39":{"t":"BE23"},"E3B":{"t":"BE17"},"E3D":{"t":"BE23"},"E41":{"t":"PA18"},"E42":{"desc":"L1P"},"E43":{"t":"C170"},"E45":{"t":"C340"},"E48":{"t":"C310"},"E49":{"t":"P28A"},"E4B":{"t":"BE58"},"E4E":{"t":"PA18"},"E54":{"t":"C140"},"E58":{"t":"C205"},"E5A":{"t":"BE23"},"E5B":{"t":"BE24"},"E5C":{"t":"BE24"},"E5D":{"desc":"L1P"},"E5E":{"t":"BE23"},"E5F":{"desc":"L1P"},"E60":{"desc":"L1P"},"E61":{"t":"BE24"},"E63":{"t":"BE65"},"E64":{"desc":"L1P"},"E65":{"t":"BE33"},"E66":{"t":"PA32"},"E67":{"desc":"A2P"},"E68":{"desc":"H4E"},"E69":{"t":"A319"},"E6B":{"t":"T206"},"E6E":{"desc":"L2J"},"E6F":{"t":"BE20"},"E70":{"t":"P28A"},"E71":{"t":"B752"},"E74":{"desc":"L1P","t":"ULAC"},"E75":{"t":"FA7X"},"E7D":{"t":"H25B"},"E7E":{"desc":"A1P","t":"ULAC"},"E7F":{"t":"M7"},"E84":{"desc":"L1P"},"E85":{"t":"BE60"},"E8E":{"t":"BE19"},"E96":{"t":"C170"},"E98":{"t":"PC12"},"E99":{"desc":"L1P"},"E9A":{"t":"TBM7"},"E9B":{"t":"P46T"},"E9D":{"desc":"L1P"},"E9E":{"desc":"H2T"},"EA2":{"t":"PA18"},"EA4":{"t":"C182"},"EA6":{"t":"CL60"},"EA7":{"t":"T206"},"EA8":{"t":"SR22"},"EB1":{"desc":"L1P"},"EB5":{"t":"C425"},"EB6":{"desc":"L1P"},"EB7":{"t":"M20P"},"EBA":{"t":"M7"},"EBB":{"desc":"L1P","t":"FA50"},"EBC":{"t":"B763"},"EC0":{"t":"HUSK"},"EC1":{"t":"GLID"},"EC4":{"desc":"L1P"},"EC8":{"desc":"L1P"},"EC9":{"desc":"L1P"},"ED8":{"t":"C150"},"ED9":{"t":"GLF5"},"EDB":{"t":"AS50"},"EDC":{"desc":"L1P","t":"ULAC"},"EE1":{"t":"HUSK"},"EE6":{"t":"B763"},"EEA":{"t":"FA50"},"EF2":{"t":"AS50"},"EF3":{"desc":"L1P"},"EFA":{"t":"SR22"},"EFD":{"t":"C208"},"F02":{"t":"M20P"},"F04":{"desc":"L1P"},"F0C":{"desc":"L1P","t":"TB0"},"F0F":{"t":"C421"},"F13":{"t":"C180"},"F14":{"t":"BE40"},"F1E":{"desc":"L1P"},"F25":{"t":"C188"},"F2C":{"t":"GL5T"},"F32":{"t":"BE40"},"F33":{"desc":"L1P"},"F3A":{"desc":"L1P"},"F3C":{"t":"SR20"},"F48":{"t":"PA46"},"F51":{"t":"BE36"},"F58":{"t":"DA42"},"F5E":{"desc":"L1P"},"F5F":{"t":"PA46"},"F60":{"t":"BALL"},"F61":{"desc":"L1P"},"F64":{"desc":"L1P"},"F65":{"t":"PA46"},"F69":{"t":"BE10"},"F6E":{"desc":"L1P"},"F78":{"t":"SR22"},"F79":{"t":"ULAC"},"F7C":{"t":"C206"},"F7D":{"t":"DV20"},"F7E":{"desc":"L1P"},"F7F":{"t":"S22T"},"F85":{"t":"C25A"},"F87":{"t":"E50P"},"F88":{"desc":"L1P"},"F89":{"t":"PA27"},"F91":{"t":"BE55"},"FA9":{"desc":"L1P"},"FAA":{"t":"NAVI"},"FAC":{"t":"PC12"},"FAD":{"desc":"L1P"},"FBA":{"t":"PTS2"},"FBB":{"desc":"L1T"},"FBE":{"t":"ULAC"},"FC2":{"t":"FDCT"},"FDB":{"desc":"L1P"},"FDC":{"t":"BL8"},"FDE":{"t":"BE36"},"FE1":{"t":"GLID"},"FE3":{"desc":"L1P"},"FE4":{"t":"BE35"},"FE6":{"desc":"L1J"},"FEB":{"desc":"L1P","t":"ULAC"},"FEC":{"t":"BL8"},"FEF":{"desc":"L1P"},"FF4":{"t":"A109"},"FF6":{"t":"C525"},"FF9":{"t":"P32T"},"FFC":{"desc":"H1T","t":"B47G"},"FFD":{"t":"TBM7"}}