{"000":{"desc":"L1P"},"002":{"t":"P32R"},"004":{"t":"C340"},"005":{"t":"T206"},"009":{"t":"GA5C"},"00B":{"t":"E75L"},"00F":{"desc":"L1P"},"010":{"desc":"L1P"},"015":{"t":"BE40"},"018":{"t":"C680"},"019":{"t":"E50P"},"01E":{"t":"LJ45"},"01F":{"desc":"L1P"},"022":{"t":"C25B"},"037":{"t":"A321"},"03F":{"desc":"L2P"},"044":{"t":"C172"},"04D":{"t":"C550"},"050":{"t":"RV12"},"058":{"t":"GLF6"},"059":{"desc":"L1P","t":"ULAC"},"05A":{"t":"HUSK"},"068":{"t":"GLF6"},"069":{"t":"C56X"},"06D":{"t":"BE58"},"08A":{"t":"BE55"},"0BC":{"t":"SR22"},"0BD":{"t":"C441"},"0BF":{"t":"B350"},"0C0":{"t":"BE35"},"0C3":{"t":"CH7B"},"0C4":{"t":"ULAC"},"0C6":{"t":"L8"},"0C7":{"t":"BE35"},"0C8":{"t":"C337"},"0CA":{"t":"PA18"},"0CB":{"t":"C77R"},"0CE":{"t":"P28A"},"0D0":{"t":"C172"},"0D2":{"t":"C182"},"0DC":{"desc":"H1P"},"0DF":{"desc":"L1P"},"0E2":{"t":"C170"},"0E8":{"t":"P28A"},"0EA":{"t":"BE55"},"0EB":{"t":"C337"},"0EE":{"t":"FA20"},"0F3":{"t":"C140"},"0F6":{"t":"C172"},"0FF":{"desc":"L1P"},"101":{"desc":"L1P"},"105":{"desc":"L1P","t":"ULAC"},"107":{"t":"CH7A"},"10B":{"t":"AC11"},"10D":{"t":"BE55"},"110":{"t":"PA18"},"113":{"t":"C172"},"116":{"t":"C140"},"118":{"t":"C182"},"119":{"t":"C172"},"11A":{"t":"C205"},"11D":{"desc":"L1P"},"124":{"t":"B47G"},"125":{"desc":"L1P"},"12B":{"t":"C210"},"12D":{"desc":"H1T"},"12E":{"t":"P28A"},"12F":{"t":"L8"},"130":{"t":"BE60"},"132":{"t":"C120"},"133":{"t":"PA18"},"134":{"t":"C77R"},"137":{"t":"P28A"},"146":{"desc":"L1P"},"14D":{"t":"CH7A"},"154":{"t":"C172"},"156":{"t":"PA18"},"158":{"t":"BALL"},"15C":{"t":"C172"},"15E":{"t":"C182"},"161":{"desc":"L1P"},"162":{"t":"BE24"},"165":{"desc":"L1P"},"16D":{"desc":"L1P"},"16E":{"t":"C170"},"170":{"t":"CH7A"},"172":{"t":"CH7B"},"174":{"t":"P28A"},"177":{"t":"C182"},"178":{"t":"C120"},"17A":{"t":"C77R"},"180":{"t":"BE35"},"186":{"desc":"L1P"},"18C":{"t":"BE24"},"18D":{"t":"BE24"},"18F":{"t":"PA18"},"191":{"desc":"L1P","t":"ULAC"},"193":{"desc":"L1P"},"196":{"t":"C310"},"197":{"t":"P28A"},"19B":{"t":"GLEX"},"19C":{"t":"PA18"},"19F":{"t":"GLEX"},"1A0":{"t":"P28A"},"1A2":{"t":"C172"},"1A3":{"t":"BE36"},"1A4":{"t":"C25C"},"1A8":{"t":"BE23"},"1A9":{"t":"BE23"},"1AB":{"t":"BE23"},"1AC":{"t":"BE24"},"1AD":{"desc":"L1P"},"1AE":{"t":"BE23"},"1B0":{"desc":"L1P"},"1B2":{"t":"PA18"},"1B3":{"t":"E55P"},"1B4":{"t":"C170"},"1B6":{"t":"CH7A"},"1B7":{"t":"C210"},"1B8":{"t":"CH7B"},"1BC":{"t":"BE60"},"1BD":{"desc":"G1P"},"1C0":{"t":"C77R"},"1C1":{"t":"BALL"},"1C2":{"desc":"L1P","t":"TB0"},"1C3":{"t":"P28A"},"1C5":{"t":"C140"},"1C9":{"t":"C205"},"1CC":{"desc":"L1P"},"1CD":{"t":"BE23"},"1CE":{"t":"BE24"},"1D1":{"desc":"L1P"},"1D4":{"t":"C510"},"1D5":{"t":"PA18"},"1D7":{"t":"C170"},"1D9":{"desc":"L1P","t":"TB1"},"1DC":{"t":"ULAC"},"1E1":{"t":"C120"},"1E3":{"t":"C77R"},"1E6":{"desc":"A2P"},"1E8":{"t":"C140"},"1F4":{"t":"BE24"},"1F5":{"t":"BE19"},"1F6":{"t":"BE23"},"1F7":{"desc":"L1P"},"1F8":{"t":"ULAC"},"1FA":{"t":"C170"},"1FB":{"t":"BE35"},"1FD":{"t":"C210"},"1FE":{"t":"CH7B"},"1FF":{"t":"P28A"},"200":{"t":"P28A"},"203":{"desc":"L1P"},"205":{"t":"PA18"},"206":{"t":"C77R"},"20B":{"t":"C172"},"20C":{"t":"BE58"},"215":{"t":"BE23"},"21B":{"t":"P208"},"21C":{"t":"BE35"},"21D":{"t":"PA25"},"21E":{"desc":"H2T"},"226":{"t":"BE20"},"227":{"t":"B407"},"228":{"t":"B752"},"229":{"t":"BE20"},"22B":{"t":"C208"},"22C":{"desc":"L1P","t":"ULAC"},"234":{"t":"CH7B"},"235":{"desc":"A1P","t":"ULAC"},"237":{"t":"BL8"},"23C":{"t":"PA18"},"23F":{"t":"SF50"},"244":{"t":"ULAC"},"24D":{"t":"C550"},"24E":{"t":"E120"},"24F":{"t":"T206"},"253":{"t":"C182"},"254":{"desc":"L1P"},"255":{"desc":"H2T"},"25B":{"t":"C182"},"25D":{"t":"BE55"},"25E":{"t":"P28A"},"25F":{"desc":"L1P"},"262":{"desc":"L1P"},"269":{"t":"C77R"},"270":{"desc":"L1P"},"272":{"desc":"L1P"},"273":{"t":"B763"},"276":{"t":"E135"},"278":{"t":"GLID"},"27B":{"desc":"L1P"},"287":{"t":"A189"},"28B":{"desc":"L1P"},"28F":{"t":"C150"},"298":{"t":"BE36"},"299":{"t":"M20T"},"29B":{"desc":"L1P"},"29D":{"t":"B763"},"29F":{"t":"SR22"},"2AD":{"desc":"L2T"},"2B1":{"desc":"L2P"},"2B4":{"desc":"L2T"},"2C3":{"desc":"L1P","t":"TB1"},"2CA":{"t":"C560"},"2D2":{"t":"GLID"},"2E3":{"t":"GLF4"},"2E4":{"t":"C182"},"2E5":{"t":"P28A"},"2E6":{"t":"T206"},"2EF":{"t":"T206"},"2F1":{"t":"C82S"},"2FC":{"t":"PRM1"},"2FD":{"t":"B350"},"316":{"t":"R44"},"31A":{"t":"BE36"},"31E":{"desc":"L1P"},"320":{"desc":"H4E"},"326":{"t":"HUSK"},"32A":{"t":"P180"},"32E":{"desc":"L1P"},"32F":{"desc":"L1P"},"330":{"desc":"L1P"},"331":{"t":"S22T"},"332":{"t":"B350"},"336":{"t":"PA46"},"337":{"t":"P32R"},"338":{"t":"C414"},"339":{"t":"PA34"},"33F":{"t":"C25A"},"343":{"t":"C310"},"344":{"t":"R44"},"360":{"t":"C195"},"361":{"t":"GLF2"},"362":{"t":"SR22"},"363":{"t":"BL8"},"364":{"t":"PA18"},"367":{"t":"SR20"},"36E":{"t":"LJ45"},"370":{"desc":"L1P"},"372":{"desc":"L1P"},"375":{"t":"S22T"},"379":{"t":"BE95"},"392":{"desc":"L2T","t":"BE18"},"393":{"t":"CH7B"},"394":{"t":"FA20"},"395":{"desc":"H1P"},"39D":{"t":"B06"},"3A0":{"t":"P32R"},"3A6":{"desc":"L1P"},"3AB":{"t":"C182"},"3AC":{"t":"PA31"},"3AE":{"t":"ULAC"},"3B0":{"desc":"L1P"},"3B7":{"desc":"L1P"},"3B9":{"t":"P28A"},"3BB":{"desc":"L1P"},"3C2":{"t":"E75L"},"3C4":{"t":"PA18"},"3C6":{"t":"TOBA"},"3CE":{"desc":"L2P"},"3D9":{"t":"R44"},"3DD":{"desc":"L1P"},"3F2":{"t":"A321"},"404":{"t":"C550"},"408":{"t":"C25B"},"40F":{"t":"C172"},"410":{"desc":"L2T"},"411":{"desc":"L1P"},"417":{"t":"C180"},"41B":{"t":"SR20"},"421":{"t":"C560"},"424":{"t":"C56X"},"441":{"t":"DA42"},"474":{"t":"PA18"},"476":{"desc":"L1P","t":"ULAC"},"477":{"t":"BE35"},"478":{"t":"CH7A"},"479":{"t":"C210"},"47E":{"desc":"L1E"},"47F":{"t":"C337"},"480":{"t":"C120"},"481":{"t":"PA22"},"483":{"desc":"L1P","t":"ULAC"},"488":{"t":"BE33"},"48B":{"t":"C205"},"48C":{"desc":"L1P"},"48D":{"t":"ULAC"},"48E":{"t":"RYST"},"48F":{"t":"BE24"},"490":{"t":"RYST"},"491":{"t":"RYST"},"492":{"desc":"L2P"},"495":{"t":"BE24"},"497":{"t":"PA18"},"498":{"t":"L8"},"499":{"t":"C170"},"4A2":{"t":"C182"},"4A3":{"t":"C120"},"4AB":{"t":"BE36"},"4AD":{"t":"C172"},"4AF":{"t":"H269"},"4B1":{"desc":"L1P"},"4B3":{"desc":"L1P"},"4B4":{"desc":"L1P"},"4B5":{"t":"SR22"},"4B7":{"t":"BE23"},"4B9":{"t":"GLF5"},"4BA":{"t":"PA18"},"4BC":{"desc":"L1P","t":"ULAC"},"4BD":{"t":"BE35"},"4BE":{"t":"CH7A"},"4BF":{"t":"C210"},"4C0":{"t":"CH7A"},"4C4":{"t":"BE35"},"4CB":{"t":"P28A"},"4CD":{"t":"C172"},"4CF":{"t":"C182"},"4D2":{"t":"BE23"},"4D3":{"t":"RYST"},"4D4":{"t":"RYST"},"4D5":{"t":"RYST"},"4D6":{"t":"BE23"},"4DA":{"t":"BE23"},"4DB":{"t":"BE76"},"4DC":{"desc":"H4E"},"4DD":{"t":"H269"},"4DF":{"t":"C170"},"4E1":{"t":"CH7A"},"4E2":{"t":"C210"},"4E3":{"t":"CH7A"},"4E7":{"t":"BE36"},"4E9":{"t":"LJ45"},"4EB":{"t":"C77R"},"4ED":{"desc":"L1P","t":"TB0"},"4F3":{"t":"C172"},"4F5":{"t":"BE24"},"4F7":{"t":"BE19"},"4F9":{"t":"BE24"},"4FD":{"t":"BE24"},"4FF":{"t":"GLID"},"500":{"desc":"S1P","t":"PA18"},"501":{"t":"L8"},"503":{"t":"BE35"},"504":{"t":"C340"},"506":{"t":"CH7A"},"50C":{"t":"C120"},"510":{"desc":"L1P","t":"TB0"},"511":{"t":"P28A"},"513":{"t":"C140"},"515":{"t":"C182"},"517":{"t":"C205"},"518":{"t":"BE24"},"519":{"t":"BE76"},"51F":{"t":"BE19"},"520":{"t":"BE23"},"522":{"desc":"L1P"},"523":{"t":"C172"},"525":{"t":"C25C"},"527":{"t":"CH7A"},"529":{"t":"CH7A"},"52B":{"t":"P28A"},"52C":{"t":"M7"},"52D":{"t":"BE58"},"530":{"t":"PA22"},"534":{"t":"GLF6"},"536":{"t":"C140"},"539":{"t":"C172"},"53B":{"t":"BE24"},"53C":{"t":"BE24"},"541":{"t":"BE19"},"544":{"t":"BE24"},"545":{"desc":"L1P"},"546":{"t":"PA18"},"547":{"t":"C182"},"548":{"t":"C170"},"549":{"t":"BE35"},"54E":{"t":"P28A"},"550":{"t":"BE58"},"556":{"t":"PA34"},"55B":{"t":"C182"},"55C":{"t":"C172"},"560":{"t":"BE23"},"561":{"t":"BE23"},"564":{"t":"BE19"},"566":{"t":"BE23"},"569":{"t":"CL30"},"56A":{"t":"L8"},"56B":{"t":"C170"},"56D":{"t":"BE35"},"571":{"t":"P28A"},"573":{"t":"BE55"},"575":{"t":"C120"},"577":{"t":"C77R"},"579":{"t":"F2TH"},"57A":{"t":"P28A"},"57C":{"t":"C172"},"581":{"t":"BE23"},"583":{"t":"BE19"},"585":{"t":"BE24"},"588":{"t":"BE23"},"589":{"desc":"L1P"},"58D":{"t":"FA7X"},"590":{"t":"CH7A"},"594":{"t":"P28A"},"5A1":{"t":"C82T"},"5A3":{"t":"C205"},"5A5":{"t":"BE24"},"5A7":{"desc":"L1P"},"5A8":{"t":"GLID"},"5A9":{"t":"BE23"},"5AB":{"t":"BE24"},"5AF":{"desc":"L1P"},"5B1":{"t":"C170"},"5BA":{"t":"C182"},"5BB":{"t":"C120"},"5BC":{"desc":"L1P","t":"ULAC"},"5BD":{"t":"C77R"},"5BF":{"t":"C77R"},"5C6":{"t":"C205"},"5C7":{"t":"BE23"},"5CA":{"t":"BE24"},"5CB":{"t":"BE23"},"5CD":{"t":"BE24"},"5CE":{"t":"GLID"},"5CF":{"t":"BE35"},"5D0":{"t":"J3"},"5D1":{"t":"BE9L"},"5D2":{"desc":"L1P"},"5D3":{"t":"ECHO"},"5D4":{"t":"BE35"},"5D5":{"desc":"L1P"},"5D6":{"desc":"L1P"},"5D8":{"t":"C310"},"5DB":{"t":"C182"},"5DD":{"t":"UH1"},"5DE":{"t":"E300"},"5DF":{"t":"J3"},"5E0":{"t":"GLID"},"5E2":{"t":"BALL"},"5E3":{"t":"C320"},"5E4":{"t":"BE36"},"5E6":{"t":"P28A"},"5E8":{"t":"M20T"},"5EB":{"t":"PA34"},"5EC":{"t":"P46T"},"5ED":{"t":"ST75"},"5EF":{"t":"O1"},"5F0":{"t":"GLID"},"5F1":{"t":"AA5"},"5F2":{"desc":"L1P"},"5F3":{"t":"B06"},"5F4":{"desc":"L1P"},"5F5":{"desc":"L1P"},"5F7":{"t":"BE35"},"5F9":{"desc":"L1P"},"5FC":{"t":"BALL"},"5FD":{"desc":"L1P"},"600":{"t":"C25C"},"603":{"desc":"H1P"},"605":{"t":"BE36"},"606":{"t":"PA31"},"607":{"t":"PA27"},"608":{"desc":"L1P"},"60A":{"t":"UH1"},"60B":{"t":"S22T"},"60D":{"t":"CJ6"},"60E":{"t":"BL8"},"60F":{"t":"GLID"},"610":{"t":"C82S"},"612":{"t":"C550"},"615":{"desc":"L1P"},"616":{"t":"SR22"},"619":{"t":"BL8"},"61A":{"t":"P46T"},"61D":{"t":"C185"},"61E":{"t":"BE10"},"61F":{"t":"C310"},"621":{"t":"CL30"},"625":{"desc":"L1P"},"626":{"t":"C310"},"628":{"t":"TBM7"},"62D":{"desc":"L1P"},"62F":{"t":"GLID"},"632":{"t":"S22T"},"636":{"desc":"L1P"},"638":{"desc":"L1P"},"639":{"t":"C185"},"63A":{"desc":"L1P"},"63B":{"t":"GLID"},"63C":{"t":"GLID"},"63D":{"desc":"L1P"},"63E":{"desc":"L1P"},"63F":{"desc":"L2P"},"641":{"t":"BALL"},"646":{"t":"C550"},"647":{"t":"BE58"},"648":{"desc":"L1P","t":"XL2"},"64A":{"desc":"L1P","t":"ULAC"},"64B":{"desc":"L1P"},"64E":{"t":"C337"},"650":{"t":"C182"},"651":{"t":"T210"},"652":{"t":"PTS2"},"655":{"desc":"H2T"},"656":{"desc":"L1P"},"657":{"desc":"L1P"},"65A":{"t":"GLID"},"65B":{"desc":"L2J"},"65C":{"t":"PA22"},"660":{"t":"BE58"},"661":{"t":"GLID"},"665":{"desc":"A1P"},"667":{"t":"GLID"},"668":{"t":"C182"},"66A":{"t":"PA18"},"66B":{"t":"C182"},"66E":{"desc":"A1P"},"66F":{"desc":"L1P"},"670":{"desc":"L2P"},"672":{"desc":"L1P"},"673":{"desc":"H1P"},"674":{"desc":"L1P"},"676":{"desc":"L1P"},"678":{"t":"LJ45"},"67A":{"desc":"L1J"},"67E":{"desc":"L1P"},"681":{"t":"GLF5"},"683":{"t":"GLID"},"684":{"desc":"L1P"},"685":{"t":"C82S"},"688":{"t":"GLID"},"689":{"desc":"L1P"},"68A":{"t":"PA32"},"68B":{"t":"GLID"},"68C":{"desc":"L1P"},"68D":{"t":"P46T"},"68F":{"t":"C182"},"691":{"t":"C172"},"692":{"t":"GLF6"},"693":{"t":"GA5C"},"694":{"t":"C560"},"695":{"desc":"L1P"},"696":{"desc":"L1J"},"697":{"t":"B06"},"698":{"t":"HUSK"},"69A":{"t":"O1"},"69B":{"desc":"L1P"},"69C":{"desc":"L1P"},"69D":{"t":"PA22"},"69E":{"t":"BALL"},"69F":{"t":"GLID"},"6A0":{"desc":"L1P"},"6A1":{"t":"C175"},"6A3":{"desc":"L1P"},"6A4":{"t":"C177"},"6A5":{"t":"TAYB"},"6A6":{"t":"SR22"},"6A7":{"t":"GLID"},"6A8":{"t":"PA46"},"6AA":{"t":"C77R"},"6AB":{"t":"GLID"},"6AC":{"desc":"L1P"},"6AE":{"desc":"L2J"},"6B1":{"t":"HDJT"},"6B2":{"desc":"L1P"},"6B4":{"t":"GLID"},"6B5":{"t":"H25B"},"6B6":{"t":"PA27"},"6B7":{"desc":"L2P"},"6B8":{"t":"S22T"},"6BB":{"t":"C182"},"6BE":{"t":"GLID"},"6BF":{"t":"PRM1"},"6C4":{"desc":"L1P"},"6C8":{"t":"GLID"},"6CE":{"t":"T210"},"6CF":{"desc":"L1P"},"6D0":{"t":"O1"},"6D1":{"desc":"L1P"},"6D2":{"t":"C310"},"6D3":{"t":"HUSK"},"6D4":{"t":"AC11"},"6D6":{"t":"GLID"},"6D7":{"t":"BE36"},"6DA":{"t":"BE58"},"6DE":{"desc":"L1P"},"6E0":{"t":"P337"},"6E6":{"t":"BE35"},"6E7":{"t":"PA34"},"6E8":{"t":"BE30"},"6E9":{"desc":"L1P"},"6EC":{"desc":"L1P"},"6EE":{"t":"C206"},"6EF":{"t":"C680"},"6F0":{"t":"GLID"},"6F2":{"t":"BE36"},"6F3":{"desc":"L1P"},"6F5":{"t":"GLID"},"6F6":{"desc":"L1P"},"6F7":{"t":"BE36"},"6F9":{"t":"C172"},"6FC":{"t":"PA12"},"6FF":{"desc":"L1P"},"701":{"desc":"L1P"},"704":{"t":"HUSK"},"705":{"t":"B06"},"706":{"t":"BE19"},"707":{"t":"C172"},"709":{"t":"EC30"},"70A":{"t":"BALL"},"70F":{"t":"M20P"},"710":{"t":"BE19"},"714":{"t":"PC12"},"717":{"t":"C337"},"718":{"t":"P28S"},"71A":{"desc":"L1P"},"71B":{"desc":"L1P"},"71C":{"t":"P32T"},"71D":{"t":"C177"},"71E":{"desc":"L1P"},"71F":{"desc":"L1P"},"720":{"desc":"L1P"},"721":{"t":"T210"},"722":{"t":"GLID"},"724":{"desc":"L1P"},"727":{"desc":"H1P"},"728":{"desc":"A1P"},"729":{"t":"FA62"},"72C":{"desc":"L1P"},"72E":{"desc":"L1P"},"72F":{"desc":"L1P"},"733":{"t":"C650"},"742":{"t":"SR22"},"74C":{"t":"C525"},"74E":{"t":"BE33"},"74F":{"t":"BE36"},"750":{"desc":"L1P"},"751":{"t":"FA62"},"752":{"desc":"L1T"},"753":{"t":"BE9T"},"754":{"desc":"A2P"},"755":{"t":"SR22"},"757":{"t":"C510"},"75A":{"t":"C240"},"75B":{"t":"GLID"},"75D":{"desc":"L1P"},"75F":{"desc":"L1P"},"761":{"t":"B190"},"763":{"t":"BE36"},"764":{"t":"P337"},"765":{"t":"C82S"},"766":{"t":"M5"},"767":{"t":"P28R"},"768":{"desc":"L1P"},"769":{"t":"E50P"},"76A":{"desc":"L1P"},"76B":{"t":"PA22"},"76D":{"t":"BE35"},"770":{"t":"UH1"},"771":{"desc":"L1P"},"772":{"desc":"H4E"},"774":{"t":"C414"},"775":{"t":"SR20"},"776":{"t":"C650"},"77C":{"t":"C177"},"77D":{"desc":"L1J"},"77F":{"t":"FA20"},"780":{"desc":"L1P"},"781":{"t":"PA31"},"782":{"t":"BALL"},"783":{"desc":"L1P"},"784":{"desc":"L1P"},"786":{"t":"T206"},"787":{"t":"AA5"},"788":{"t":"CJ6"},"789":{"t":"PA34"},"78B":{"t":"SR22"},"78D":{"desc":"H4E"},"78F":{"t":"B06"},"790":{"t":"C180"},"791":{"desc":"L1T"},"794":{"t":"BE76"},"797":{"t":"B429"},"7A2":{"t":"R22"},"7A5":{"t":"BALL"},"7AD":{"t":"BE36"},"7AE":{"desc":"L1P"},"7AF":{"t":"BALL"},"7B3":{"t":"F900"},"7B4":{"t":"PA46"},"7B5":{"t":"R22"},"7B6":{"t":"SF50"},"7B7":{"desc":"L1P"},"7B9":{"desc":"L1P","t":"ULAC"},"7BD":{"desc":"L1P","t":"ULAC"},"7BE":{"t":"PA30"},"7C3":{"desc":"L1P"},"7C7":{"desc":"L2P"},"7C8":{"t":"P210"},"7C9":{"t":"BE35"},"7CA":{"desc":"L1P"},"7CB":{"t":"PA34"},"7CD":{"t":"C25B"},"7CE":{"desc":"L1P"},"7CF":{"desc":"L1J"},"7D1":{"desc":"L2P"},"7D2":{"t":"P46T"},"7D3":{"t":"H60"},"7D6":{"t":"FA62"},"7D7":{"t":"C172"},"7DC":{"t":"M4"},"7DD":{"t":"HUSK"},"7DF":{"desc":"L1P"},"7E2":{"desc":"L1P"},"7F1":{"t":"ULAC"},"7F5":{"t":"GLID"},"7F8":{"desc":"L1P"},"804":{"t":"O1"},"80F":{"t":"FA62"},"811":{"desc":"L1P"},"812":{"t":"C550"},"813":{"t":"C175"},"814":{"t":"SF50"},"81D":{"desc":"L1P"},"81F":{"desc":"L1P","t":"ULAC"},"82B":{"desc":"L1P"},"82C":{"t":"B752"},"82E":{"desc":"L1T"},"830":{"t":"B407"},"831":{"desc":"L1P"},"832":{"t":"AA5"},"837":{"desc":"L1P"},"83C":{"t":"PC12"},"83F":{"desc":"L1P","t":"TB1"},"840":{"t":"B190"},"844":{"desc":"L1P"},"845":{"t":"C208"},"849":{"t":"BE9L"},"84C":{"t":"BE20"},"854":{"desc":"L1P"},"859":{"t":"E50P"},"85C":{"desc":"L2J"},"85D":{"desc":"L1P"},"85E":{"t":"PAY3"},"85F":{"desc":"L1P"},"860":{"t":"PA46"},"861":{"t":"SR20"},"862":{"t":"SR20"},"863":{"desc":"L1P"},"864":{"t":"C190"},"865":{"desc":"H2T"},"869":{"desc":"L1P","t":"ULAC"},"876":{"desc":"L1P"},"878":{"t":"ULAC"},"879":{"t":"PA44"},"87C":{"t":"C190"},"880":{"desc":"L1P"},"881":{"t":"J3"},"882":{"t":"C182"},"883":{"t":"B763"},"884":{"desc":"L1P"},"886":{"t":"M20P"},"88B":{"desc":"L1P"},"88F":{"desc":"L1P"},"891":{"t":"BE20"},"892":{"t":"C190"},"893":{"desc":"L1P"},"895":{"t":"BE9L"},"89B":{"desc":"A1E"},"8A7":{"t":"BALL"},"8A8":{"t":"C172"},"8AC":{"t":"BE9T"},"8AD":{"t":"B763"},"8B9":{"t":"T6"},"8BA":{"t":"P28R"},"8C2":{"t":"B190"},"8C4":{"desc":"L2T"},"8C6":{"desc":"L1P"},"8CD":{"desc":"L1P"},"8D2":{"t":"C190"},"8D3":{"desc":"L1P","t":"TB0"},"8DA":{"t":"R22"},"8F3":{"t":"BL8"},"8F4":{"t":"GLEX"},"8F5":{"t":"E190"},"8F8":{"t":"HA4T"},"8F9":{"t":"YK11"},"8FB":{"t":"SR22"},"8FD":{"t":"C560"},"901":{"t":"BE9T"},"908":{"desc":"H1P"},"90C":{"t":"C560"},"90F":{"t":"PA46"},"918":{"desc":"L2T"},"91E":{"desc":"L1P"},"925":{"t":"BE36"},"926":{"desc":"H2T"},"928":{"desc":"L1P"},"930":{"desc":"H6E"},"933":{"t":"C172"},"936":{"t":"C190"},"93D":{"desc":"L1P"},"93F":{"t":"DA40"},"941":{"t":"F2TH"},"943":{"t":"C172"},"945":{"t":"C414"},"949":{"desc":"L1P"},"94D":{"t":"FA50"},"953":{"desc":"L1P"},"95A":{"t":"BE9T"},"968":{"desc":"H4E"},"970":{"t":"C206"},"971":{"t":"GLF3"},"973":{"desc":"L1P","t":"ULAC"},"974":{"t":"T206"},"975":{"t":"PC12"},"978":{"t":"PA32"},"97C":{"t":"B190"},"980":{"t":"C56X"},"989":{"t":"BE35"},"9A4":{"desc":"H1P"},"9A5":{"t":"C190"},"9A8":{"desc":"L1P"},"9AA":{"t":"B06"},"9AD":{"t":"BE9L"},"9AE":{"t":"BALL"},"9B2":{"desc":"L1P"},"9B3":{"t":"BE58"},"9B4":{"t":"BE35"},"9B6":{"desc":"L1P"},"9B7":{"t":"PA46"},"9BC":{"t":"F2TH"},"9BE":{"t":"ULAC"},"9C0":{"desc":"L1P"},"9C1":{"t":"BALL"},"9CB":{"t":"SR22"},"9CC":{"t":"BE9L"},"9CD":{"desc":"L1P"},"9D0":{"t":"H25B"},"9D5":{"t":"PA31"},"9D7":{"desc":"L1T"},"9DC":{"t":"PA18"},"9E1":{"t":"M20T"},"9E5":{"t":"GLID"},"9E6":{"t":"BE20"},"A02":{"t":"A321"},"A18":{"t":"C190"},"A20":{"desc":"L2T"},"A22":{"desc":"A1P"},"A34":{"desc":"L2T"},"A38":{"t":"ERCO"},"A3B":{"desc":"L1P"},"A4A":{"t":"BE9L"},"A51":{"t":"M7"},"A80":{"t":"ULAC"},"A84":{"t":"ASTR"},"A85":{"t":"F900"},"A8A":{"t":"BRAV"},"A8F":{"t":"GLID"},"A91":{"t":"PA22"},"A93":{"t":"B190"},"A96":{"t":"C172"},"A99":{"t":"C182"},"A9A":{"t":"M20P"},"A9B":{"t":"M5"},"AA0":{"t":"C150"},"AA1":{"t":"C150"},"AA3":{"desc":"L1P"},"AA4":{"t":"TAYA"},"AA6":{"t":"C25A"},"AA7":{"desc":"L1P"},"AAA":{"t":"BE35"},"AAB":{"t":"CH7A"},"AAD":{"t":"GLF6"},"AAE":{"t":"P28A"},"AB1":{"t":"BE58"},"AB3":{"t":"C120"},"AB4":{"t":"PA24"},"AB7":{"desc":"A1E"},"ABB":{"t":"CL30"},"ABC":{"t":"C182"},"AC0":{"t":"C150"},"AC4":{"t":"C150"},"AC7":{"t":"C150"},"ACB":{"t":"L8"},"ACC":{"t":"FA7X"},"ACD":{"t":"B190"},"AD1":{"t":"P28A"},"AD3":{"t":"L8"},"AD5":{"desc":"L1P"},"AD7":{"t":"GLF4"},"ADA":{"t":"B752"},"ADC":{"t":"A320"},"ADE":{"t":"H269"},"ADF":{"t":"C182"},"AE0":{"t":"M20P"},"AE4":{"t":"C180"},"AE9":{"desc":"L1P"},"AEA":{"t":"TAYA"},"AEC":{"desc":"L1P"},"AED":{"t":"B407"},"AF0":{"t":"BE35"},"AF3":{"t":"CL60"},"AF4":{"t":"P28A"},"AF5":{"desc":"L1P"},"AF7":{"t":"BE35"},"AF9":{"desc":"L1P"},"AFA":{"desc":"L1P"},"AFB":{"t":"C77R"},"AFC":{"desc":"L1P"},"AFD":{"desc":"L1P","t":"TB1"},"AFF":{"desc":"L1P"},"B00":{"t":"C140"},"B01":{"t":"F2TH"},"B02":{"t":"C182"},"B03":{"t":"ULAC"},"B04":{"t":"C150"},"B05":{"t":"C150"},"B07":{"t":"C150"},"B08":{"t":"C150"},"B0C":{"t":"C150"},"B0E":{"t":"C150"},"B0F":{"t":"BE35"},"B10":{"t":"BE9L"},"B12":{"desc":"L1P"},"B13":{"t":"BE35"},"B14":{"t":"CH7A"},"B15":{"t":"C182"},"B17":{"t":"P28A"},"B1A":{"t":"BE35"},"B20":{"t":"LJ45"},"B22":{"t":"C190"},"B24":{"t":"GLF4"},"B27":{"t":"C150"},"B28":{"t":"C150"},"B2C":{"t":"C150"},"B2D":{"t":"C150"},"B2F":{"t":"C150"},"B34":{"t":"C414"},"B35":{"t":"ULAC"},"B37":{"t":"C340"},"B3A":{"t":"BALL"},"B45":{"t":"C206"},"B46":{"t":"C172"},"B47":{"t":"GLF5"},"B4F":{"t":"C150"},"B55":{"desc":"L1P"},"B56":{"t":"PA18"},"B58":{"t":"C170"},"B59":{"t":"BE35"},"B5B":{"t":"C206"},"B5D":{"t":"P32R"},"B60":{"desc":"L1P"},"B62":{"t":"C120"},"B65":{"desc":"L1P"},"B66":{"desc":"L1P","t":"TB0"},"B69":{"t":"C172"},"B6B":{"t":"C182"},"B6D":{"t":"C150"},"B6F":{"t":"C150"},"B70":{"t":"TAYA"},"B71":{"t":"C150"},"B74":{"t":"C150"},"B79":{"desc":"S1P","t":"PA18"},"B7A":{"t":"L8"},"B7B":{"desc":"L1P","t":"ULAC"},"B7D":{"t":"CH7A"},"B81":{"t":"AC11"},"B84":{"t":"C56X"},"B86":{"t":"PA22"},"B87":{"t":"C77R"},"B8C":{"t":"C140"},"B90":{"t":"C150"},"B91":{"t":"C150"},"B99":{"t":"C150"},"B9E":{"desc":"L1P"},"BA0":{"t":"CH7A"},"BA1":{"t":"C172"},"BA2":{"t":"C310"},"BA3":{"t":"P32R"},"BA5":{"t":"L8"},"BA7":{"t":"C182"},"BB0":{"t":"F2TH"},"BB4":{"t":"C150"},"BB9":{"t":"C150"},"BBA":{"desc":"L1P"},"BBB":{"t":"C150"},"BBF":{"desc":"A1P"},"BC0":{"t":"L8"},"BC1":{"t":"C170"},"BC3":{"desc":"L1P"},"BC4":{"t":"C172"},"BC5":{"t":"C310"},"BC8":{"desc":"L1P"},"BC9":{"t":"BE35"},"BCA":{"t":"C56X"},"BCB":{"t":"C120"},"BCD":{"t":"C77R"},"BCE":{"t":"B06"},"BCF":{"desc":"L1P","t":"TB0"},"BD1":{"t":"P28A"},"BD3":{"desc":"L1P"},"BD4":{"t":"C182"},"BD5":{"t":"M20P"},"BD6":{"t":"C150"},"BDA":{"t":"C177"},"BDB":{"t":"C150"},"BE1":{"t":"NAVI"},"BE3":{"t":"BE35"},"BE4":{"t":"M20P"},"BE5":{"t":"BL8"},"BE7":{"t":"F900"},"BE8":{"desc":"L2T"},"BEA":{"t":"S22T"},"BED":{"desc":"L1P"},"BEE":{"t":"PA31"},"BEF":{"t":"B752"},"BF1":{"t":"B733"},"BF2":{"t":"C172"},"BF4":{"t":"ULAC"},"BF6":{"desc":"L2T"},"BF7":{"t":"B190"},"BFB":{"t":"BE35"},"BFC":{"desc":"A1P","t":"ULAC"},"BFE":{"t":"P28R"},"C01":{"t":"BE33"},"C04":{"desc":"L1P"},"C0C":{"t":"SR22"},"C10":{"t":"SR20"},"C13":{"t":"GLID"},"C15":{"t":"C172"},"C17":{"t":"BE33"},"C18":{"t":"SR20"},"C19":{"t":"H269"},"C1A":{"t":"BALL"},"C1B":{"desc":"L1P"},"C1C":{"desc":"H2T"},"C1E":{"desc":"L1P"},"C20":{"t":"GLID"},"C22":{"t":"SR22"},"C25":{"t":"B190"},"C26":{"t":"C310"},"C2C":{"t":"B190"},"C2D":{"desc":"L1P"},"C2E":{"t":"DV20"},"C2F":{"t":"P46T"},"C30":{"desc":"L1P"},"C31":{"t":"SR20"},"C34":{"desc":"L1P"},"C35":{"t":"HUSK"},"C36":{"t":"M20P"},"C37":{"desc":"L1P"},"C39":{"t":"CH7B"},"C3A":{"t":"B763"},"C3B":{"t":"CH7A"},"C3D":{"desc":"L1P","t":"ULAC"},"C3E":{"t":"AA5"},"C42":{"desc":"L1P"},"C44":{"desc":"L1P","t":"ULAC"},"C46":{"t":"C140"},"C57":{"desc":"H1T","t":"S92"},"C5B":{"desc":"L1P"},"C5F":{"t":"BE55"},"C60":{"t":"C82S"},"C64":{"t":"B763"},"C6A":{"desc":"L2T"},"C6D":{"desc":"L1T"},"C6F":{"t":"C240"},"C70":{"t":"C152"},"C78":{"desc":"L1P"},"C79":{"t":"BE35"},"C7B":{"t":"AA5"},"C80":{"t":"H25B"},"C84":{"t":"FDCT"},"C8D":{"desc":"L1P"},"C91":{"desc":"L1P"},"C94":{"t":"M20P"},"CAA":{"desc":"H1P"},"CAC":{"t":"S22T"},"CB1":{"t":"SR20"},"CB2":{"t":"BE36"},"CB4":{"t":"BE36"},"CB8":{"desc":"L1P"},"CBA":{"t":"BE9L"},"CBB":{"desc":"L1P"},"CBF":{"desc":"L1P"},"CC3":{"t":"GC1"},"CCF":{"t":"SR22"},"CD5":{"t":"M20P"},"CDC":{"desc":"L1P"},"CE5":{"t":"LJ45"},"CE7":{"t":"EC45"},"CE9":{"t":"SR20"},"CEC":{"t":"BE58"},"CF5":{"desc":"L1P"},"CF6":{"t":"PAY1"},"CF7":{"t":"T206"},"CF9":{"t":"FA7X"},"CFC":{"t":"C441"},"CFE":{"t":"SF34"},"D01":{"t":"FA7X"},"D05":{"desc":"L1P"},"D06":{"desc":"A1P"},"D07":{"desc":"L1P"},"D0E":{"t":"FA50"},"D12":{"t":"PA44"},"D28":{"t":"M20P"},"D2A":{"t":"BL8"},"D2B":{"t":"ULAC"},"D2C":{"t":"PC12"},"D2D":{"desc":"L1P"},"D2E":{"t":"PC12"},"D30":{"t":"H25B"},"D38":{"desc":"L1P"},"D3F":{"desc":"L1P"},"D59":{"t":"C310"},"D5A":{"t":"CH7B"},"D5B":{"desc":"L1P"},"D60":{"t":"M20P"},"D62":{"desc":"L1P"},"D64":{"t":"AC11"},"D6A":{"desc":"L1P"},"D6D":{"t":"P32T"},"D72":{"desc":"L1P"},"D73":{"t":"C25C"},"D74":{"desc":"L1P"},"D75":{"t":"ULAC"},"D76":{"desc":"L1P"},"D79":{"t":"B06"},"D7C":{"t":"ULAC"},"D80":{"t":"PC12"},"D83":{"desc":"L1P"},"D84":{"t":"FA7X"},"D87":{"desc":"L1P"},"D89":{"t":"E75L"},"D8C":{"t":"PA31"},"D8F":{"t":"LJ45"},"D91":{"t":"C550"},"D96":{"desc":"L1P","t":"ULAC"},"D97":{"t":"PA46"},"D9D":{"desc":"L1P"},"DA0":{"t":"RV12"},"DA1":{"t":"AS50"},"DB9":{"t":"A321"},"DBD":{"t":"RC3"},"DC3":{"t":"C560"},"DCE":{"t":"H500"},"DD6":{"t":"BE55"},"DD7":{"desc":"L2T"},"DD8":{"t":"BE9L"},"DDB":{"t":"BE55"},"DE1":{"t":"S22T"},"DE2":{"desc":"L1P"},"DE6":{"desc":"L1P","t":"ULAC"},"DE7":{"t":"HDJT"},"DE8":{"t":"S22T"},"DEB":{"t":"C172"},"DEF":{"desc":"L1P"},"E08":{"t":"BE35"},"E12":{"t":"YK55"},"E21":{"desc":"L1P"},"E3B":{"t":"H25B"},"E3C":{"t":"L8"},"E3D":{"t":"C170"},"E3F":{"t":"CH7A"},"E42":{"t":"H25B"},"E44":{"t":"L8"},"E46":{"t":"C182"},"E48":{"t":"PA22"},"E4B":{"desc":"L1P"},"E4C":{"t":"P28A"},"E4D":{"desc":"L1P"},"E51":{"t":"M20P"},"E52":{"t":"J3"},"E53":{"t":"FA24"},"E54":{"t":"C150"},"E56":{"t":"C177"},"E58":{"t":"FA24"},"E5A":{"t":"FA24"},"E5C":{"t":"FA24"},"E5D":{"t":"B06"},"E5E":{"t":"PA18"},"E5F":{"t":"L8"},"E61":{"desc":"L1P"},"E62":{"desc":"L1P"},"E63":{"t":"C150"},"E65":{"t":"C82T"},"E66":{"desc":"A1P"},"E67":{"desc":"L1P"},"E69":{"t":"C182"},"E6D":{"t":"BALL"},"E6E":{"t":"C150"},"E6F":{"t":"P28A"},"E71":{"t":"P28A"},"E72":{"desc":"L2J","t":"GLF5"},"E73":{"t":"C182"},"E76":{"t":"C150"},"E77":{"t":"C150"},"E7A":{"t":"C150"},"E7D":{"t":"B752"},"E7E":{"t":"C150"},"E7F":{"t":"C177"},"E81":{"t":"PA18"},"E83":{"t":"C170"},"E84":{"t":"BE35"},"E85":{"t":"CH7A"},"E86":{"t":"C150"},"E87":{"t":"E50P"},"E8B":{"t":"BE36"},"E8C":{"t":"BALL"},"E8E":{"desc":"L1P"},"E90":{"t":"BALL"},"E92":{"t":"P28R"},"E94":{"t":"C140"},"E96":{"t":"C182"},"E97":{"t":"M20P"},"E99":{"t":"C150"},"E9C":{"t":"FA24"},"E9E":{"t":"C150"},"E9F":{"t":"FA24"},"EA1":{"t":"FA24"},"EA2":{"t":"FA24"},"EA5":{"desc":"S1P"},"EA6":{"t":"C170"},"EAA":{"t":"BALL"},"EAB":{"t":"P28A"},"EAE":{"t":"BE33"},"EB5":{"t":"P28A"},"EB6":{"t":"A320"},"EB8":{"t":"GLID"},"EB9":{"t":"C182"},"EBA":{"t":"M20P"},"EBC":{"t":"B752"},"EBD":{"desc":"L1P"},"EBE":{"t":"C150"},"EC0":{"t":"C150"},"EC2":{"t":"B752"},"EC4":{"t":"C150"},"EC5":{"t":"FA24"},"EC7":{"t":"PA18"},"EC9":{"desc":"A1P"},"ECA":{"t":"BE35"},"ECC":{"t":"C150"},"ECE":{"t":"P28A"},"ED1":{"t":"BE19"},"ED2":{"desc":"L1P"},"ED7":{"desc":"L1P"},"ED9":{"t":"A320"},"EDA":{"t":"C172"},"EDB":{"desc":"L1P","t":"ULAC"},"EDE":{"t":"C150"},"EDF":{"t":"FA24"},"EE0":{"t":"B752"},"EE3":{"t":"C150"},"EE5":{"t":"FA24"},"EEA":{"t":"PA18"},"EEC":{"t":"C170"},"EED":{"t":"BE35"},"EEE":{"desc":"L1P"},"EEF":{"desc":"L1P"},"EF2":{"desc":"L1P"},"EF7":{"t":"PA22"},"EFB":{"t":"P28R"},"EFD":{"t":"C172"},"EFE":{"t":"C310"},"F00":{"t":"M20P"},"F01":{"t":"C150"},"F04":{"t":"C150"},"F05":{"t":"C150"},"F06":{"t":"C150"},"F07":{"desc":"L1P"},"F09":{"desc":"L1P"},"F0C":{"t":"C182"},"F0E":{"t":"L8"},"F0F":{"t":"C170"},"F11":{"desc":"L1P"},"F16":{"t":"L8"},"F17":{"desc":"A1P"},"F1D":{"desc":"L1P"},"F20":{"t":"C140"},"F21":{"t":"GLF5"},"F22":{"t":"C182"},"F23":{"t":"M20P"},"F24":{"desc":"L1P"},"F29":{"t":"FA24"},"F2C":{"t":"C150"},"F2E":{"t":"C150"},"F31":{"t":"L8"},"F32":{"t":"C170"},"F37":{"desc":"L1P"},"F38":{"desc":"L1P"},"F3A":{"t":"BE23"},"F3E":{"t":"C77R"},"F40":{"desc":"L1P"},"F41":{"desc":"L1P"},"F42":{"t":"C185"},"F43":{"t":"C140"},"F44":{"desc":"L1P"},"F45":{"desc":"L1P"},"F46":{"t":"M20P"},"F48":{"t":"C150"},"F4B":{"t":"FA24"},"F4D":{"desc":"L1P"},"F4E":{"t":"C150"},"F4F":{"t":"FA24"},"F50":{"t":"FA24"},"F53":{"desc":"L1P"},"F54":{"t":"L8"},"F55":{"desc":"L1P"},"F56":{"desc":"L1P"},"F57":{"t":"C340"},"F58":{"desc":"L1P"},"F5A":{"desc":"L1P"},"F5B":{"t":"C310"},"F5C":{"t":"L8"},"F5D":{"t":"BE23"},"F5E":{"t":"C182"},"F60":{"desc":"L1P"},"F61":{"desc":"L1P"},"F64":{"t":"PA32"},"F66":{"t":"C172"},"F68":{"t":"C182"},"F6A":{"t":"C150"},"F6B":{"t":"FA24"},"F6D":{"t":"FA24"},"F6E":{"t":"C150"},"F6F":{"t":"FA24"},"F72":{"t":"C150"},"F73":{"t":"C150"},"F74":{"desc":"L1P"},"F75":{"t":"PC12"},"F76":{"t":"PA18"},"F77":{"t":"BE19"},"F78":{"t":"C170"},"F79":{"t":"BE35"},"F7A":{"t":"CH7A"},"F7B":{"t":"C172"},"F7E":{"t":"C310"},"F80":{"t":"C411"},"F81":{"t":"ST75"},"F83":{"t":"PA22"},"F84":{"t":"C77R"},"F86":{"t":"C172"},"F89":{"t":"C303"},"F8A":{"desc":"L1P"},"F8C":{"t":"M20P"},"F8E":{"t":"C150"},"F8F":{"desc":"A1P"},"F90":{"desc":"A1P"},"F91":{"t":"C150"},"F92":{"t":"C82S"},"F94":{"t":"C150"},"F96":{"t":"C150"},"F98":{"t":"GLID"},"F99":{"t":"AS50"},"F9A":{"t":"BE35"},"F9C":{"t":"CH7B"},"F9E":{"t":"B06"},"F9F":{"t":"C414"},"FA0":{"t":"M20P"},"FA5":{"t":"P28A"},"FA6":{"t":"B752"},"FA7":{"desc":"L1P"},"FA9":{"t":"C172"},"FAA":{"desc":"L1P"},"FAD":{"t":"C208"},"FAE":{"desc":"L1P","t":"ULAC"},"FB2":{"t":"BE35"},"FB3":{"t":"CH7B"},"FB4":{"t":"GLID"},"FB6":{"t":"GLID"},"FB9":{"t":"GLF5"},"FBD":{"t":"E50P"},"FC0":{"desc":"H1T"},"FC3":{"t":"SR22"},"FC7":{"t":"SR20"},"FCA":{"desc":"L2J"},"FCC":{"t":"BL8"},"FCD":{"t":"EC20"},"FCE":{"desc":"L1P"},"FD3":{"desc":"H2T"},"FD5":{"t":"FA20"},"FD7":{"t":"T206"},"FD9":{"t":"PC12"},"FDB":{"t":"BL17"},"FDC":{"t":"PA31"},"FE0":{"t":"C172"},"FE3":{"t":"B190"},"FE4":{"desc":"L1P"},"FE5":{"t":"DV20"},"FE6":{"t":"AC11"},"FE8":{"t":"ULAC"},"FEE":{"t":"C172"},"FF1":{"t":"B763"},"FF5":{"t":"DA40"}}