{"005":{"desc":"H1T"},"00E":{"desc":"H1T","t":"S92"},"016":{"t":"B350"},"019":{"t":"P28A"},"01B":{"t":"B763"},"027":{"t":"C152"},"030":{"t":"B190"},"032":{"t":"C208"},"03A":{"t":"B190"},"03B":{"desc":"L1P"},"048":{"t":"BE17"},"049":{"t":"F2TH"},"050":{"t":"BALL"},"063":{"t":"E190"},"068":{"desc":"L1P","t":"ULAC"},"069":{"t":"BL8"},"06B":{"t":"M20P"},"06D":{"t":"M20P"},"06F":{"t":"C172"},"071":{"t":"C185"},"080":{"desc":"L1P"},"089":{"desc":"A1T","t":"KODI"},"095":{"desc":"L1P"},"09B":{"t":"AC95"},"09E":{"t":"EC45"},"0A8":{"t":"P180"},"0AC":{"desc":"L1P"},"0AD":{"t":"BL8"},"0AF":{"t":"C172"},"0B1":{"t":"C172"},"0B4":{"desc":"L1P"},"0B6":{"t":"M20P"},"0C5":{"t":"GLF4"},"0C8":{"t":"GLF4"},"0D1":{"desc":"L1P"},"0DF":{"desc":"L2T"},"0E2":{"t":"ULAC"},"0E5":{"t":"SR20"},"0EE":{"t":"S22T"},"0EF":{"desc":"L1P","t":"ULAC"},"0F7":{"t":"BE55"},"110":{"desc":"A1P"},"111":{"desc":"L1P","t":"ULAC"},"112":{"desc":"H1T","t":"B505"},"117":{"t":"AC11"},"11A":{"desc":"L1P"},"11B":{"t":"B06"},"121":{"t":"FA50"},"125":{"t":"GALX"},"129":{"desc":"L1T"},"12A":{"t":"H25B"},"12F":{"desc":"A1P"},"133":{"t":"P28B"},"137":{"desc":"A2P"},"139":{"t":"SR22"},"13B":{"t":"PA46"},"13E":{"t":"G150"},"140":{"t":"E75L"},"142":{"t":"J328"},"143":{"t":"B06"},"146":{"t":"LJ45"},"149":{"t":"C182"},"14E":{"t":"SR20"},"150":{"desc":"L1T"},"153":{"t":"J328"},"154":{"desc":"L1P"},"155":{"t":"P06T"},"158":{"desc":"L1P"},"16C":{"t":"DC91"},"170":{"t":"A321"},"174":{"desc":"L1P"},"185":{"t":"H500"},"186":{"desc":"L1P"},"18E":{"desc":"L2T"},"18F":{"t":"T206"},"196":{"desc":"L1P"},"19D":{"desc":"L1P","t":"ULAC"},"19E":{"t":"HDJT"},"19F":{"desc":"L1P"},"1A2":{"desc":"L2T"},"1BF":{"t":"C182"},"1C9":{"t":"YK52"},"1D8":{"desc":"L1P"},"1F1":{"t":"E55P"},"1F4":{"t":"M20P"},"1F5":{"t":"BE35"},"1F6":{"t":"C340"},"1F7":{"t":"C172"},"1FA":{"t":"AC11"},"1FC":{"t":"BE19"},"1FD":{"t":"C182"},"200":{"t":"C185"},"203":{"t":"E75L"},"205":{"t":"C140"},"206":{"t":"BE19"},"207":{"t":"C182"},"209":{"t":"C150"},"20A":{"t":"C150"},"20C":{"t":"J2"},"20E":{"t":"C150"},"210":{"t":"C150"},"211":{"t":"C150"},"212":{"t":"C150"},"213":{"t":"C150"},"214":{"desc":"L1P"},"217":{"t":"C170"},"218":{"t":"BE35"},"219":{"t":"CH7A"},"21A":{"t":"C172"},"21D":{"desc":"L1T","t":"PA46"},"21E":{"t":"L8"},"220":{"t":"C182"},"227":{"t":"PC12"},"22D":{"t":"C150"},"22F":{"t":"C150"},"230":{"t":"J2"},"236":{"t":"C150"},"23E":{"t":"F2TH"},"241":{"t":"L8"},"242":{"t":"BE23"},"243":{"t":"ST75"},"246":{"t":"C77R"},"247":{"t":"BALL"},"248":{"t":"C172"},"249":{"t":"T210"},"24A":{"t":"C185"},"24B":{"t":"C172"},"24D":{"t":"C182"},"24E":{"t":"M20P"},"250":{"t":"C150"},"251":{"t":"C150"},"256":{"t":"C150"},"25C":{"desc":"L1P"},"260":{"t":"C172"},"262":{"t":"P28A"},"268":{"t":"SR22"},"269":{"t":"C77R"},"26B":{"desc":"L1P"},"271":{"t":"M20P"},"272":{"t":"C150"},"274":{"t":"C150"},"275":{"t":"J2"},"276":{"t":"C150"},"277":{"t":"C177"},"278":{"t":"C150"},"279":{"t":"J2"},"27A":{"t":"C150"},"27B":{"t":"C150"},"27D":{"desc":"L1P"},"27E":{"desc":"L1P"},"27F":{"t":"L8"},"281":{"desc":"L2J"},"282":{"t":"CH7A"},"285":{"t":"P28A"},"287":{"t":"L8"},"289":{"desc":"L1P"},"28C":{"t":"C77R"},"28F":{"desc":"L2T"},"293":{"t":"C182"},"294":{"t":"M20P"},"29B":{"t":"C177"},"29D":{"t":"C150"},"2A0":{"t":"F2TH"},"2A2":{"t":"LJ45"},"2A5":{"t":"CH7A"},"2A7":{"t":"C421"},"2A9":{"t":"C337"},"2AC":{"t":"GLF4"},"2AE":{"t":"LJ45"},"2AF":{"t":"C77R"},"2B3":{"t":"T210"},"2B4":{"t":"C140"},"2B6":{"t":"C182"},"2B7":{"t":"M20P"},"2B8":{"t":"C150"},"2BB":{"desc":"L1P"},"2BE":{"t":"C150"},"2BF":{"t":"C150"},"2C1":{"t":"C150"},"2C3":{"desc":"L1P"},"2C4":{"t":"BE20"},"2C5":{"t":"A321"},"2C6":{"desc":"L1P"},"2C7":{"t":"BE35"},"2C9":{"t":"C172"},"2CA":{"t":"CH7A"},"2CE":{"t":"RV12"},"2D0":{"t":"C120"},"2D1":{"t":"PA22"},"2D2":{"t":"C185"},"2D4":{"t":"LJ31"},"2D6":{"t":"C206"},"2D7":{"t":"C140"},"2D8":{"t":"BE19"},"2D9":{"t":"C182"},"2DA":{"t":"M20P"},"2DB":{"t":"C150"},"2DD":{"t":"C150"},"2DF":{"t":"J2"},"2E3":{"t":"C150"},"2E4":{"t":"C150"},"2E6":{"desc":"L1P"},"2E7":{"t":"PA18"},"2EA":{"t":"BE35"},"2EC":{"t":"C172"},"2EE":{"t":"P28R"},"2F1":{"t":"BE19"},"2F7":{"desc":"A1T","t":"KODI"},"2F8":{"t":"C182"},"2FA":{"t":"C140"},"2FB":{"t":"BE19"},"2FE":{"t":"C150"},"300":{"t":"C150"},"303":{"t":"C177"},"305":{"t":"C150"},"306":{"t":"C82S"},"30A":{"desc":"L1P"},"30C":{"t":"C170"},"30E":{"t":"CH7A"},"30F":{"t":"C172"},"315":{"t":"ST75"},"316":{"t":"C120"},"318":{"t":"C77R"},"31A":{"t":"C208"},"31B":{"t":"BE33"},"31D":{"t":"C140"},"320":{"t":"M20P"},"321":{"t":"C150"},"322":{"t":"C150"},"324":{"t":"C150"},"327":{"t":"J2"},"32A":{"t":"C150"},"32B":{"t":"C150"},"32D":{"desc":"L1P"},"32F":{"t":"C170"},"331":{"t":"RV12"},"332":{"desc":"L1P"},"334":{"desc":"L1P"},"335":{"desc":"L1P"},"336":{"t":"L8"},"337":{"t":"BE24"},"33C":{"desc":"L1P"},"33F":{"t":"BE33"},"340":{"t":"C172"},"343":{"t":"F2TH"},"344":{"t":"C150"},"345":{"t":"C150"},"349":{"t":"C150"},"34D":{"t":"C150"},"34E":{"t":"C150"},"351":{"t":"MU2"},"352":{"desc":"L1P","t":"ULAC"},"353":{"t":"BL8"},"355":{"t":"B407"},"35B":{"t":"B06"},"35C":{"t":"B407"},"35D":{"t":"B752"},"360":{"t":"FA62"},"361":{"desc":"H1P"},"368":{"desc":"H1P"},"36A":{"t":"PA38"},"36B":{"desc":"L1P","t":"ULAC"},"36C":{"desc":"A1P"},"36F":{"desc":"L1P"},"371":{"t":"AS50"},"372":{"t":"BE40"},"373":{"t":"H25B"},"374":{"t":"GLID"},"381":{"desc":"L2J"},"382":{"t":"HUSK"},"383":{"t":"DA40"},"384":{"desc":"L1P"},"389":{"desc":"L1T"},"38C":{"t":"PA18"},"390":{"t":"PA18"},"393":{"t":"PRM1"},"39A":{"t":"B190"},"39D":{"t":"LJ24"},"3A1":{"desc":"L1P"},"3A3":{"desc":"L1P"},"3A7":{"desc":"L1P"},"3A8":{"t":"B763"},"3A9":{"desc":"L2T","t":"DC3"},"3AB":{"t":"M20P"},"3B0":{"desc":"L1P"},"3BC":{"desc":"H1T"},"3C5":{"desc":"H1T","t":"S92"},"3CD":{"t":"F900"},"3CF":{"t":"M20P"},"3D2":{"t":"B763"},"3DE":{"t":"BE30"},"3E9":{"t":"R22"},"3EC":{"t":"BL8"},"3F2":{"t":"T206"},"3F7":{"t":"C182"},"3FF":{"desc":"L1P","t":"ULAC"},"41A":{"t":"E190"},"41B":{"t":"C650"},"41C":{"desc":"L1P"},"41E":{"desc":"L1P"},"420":{"desc":"L1P"},"422":{"desc":"L1P"},"426":{"t":"DA40"},"429":{"t":"C172"},"440":{"desc":"A1T","t":"KODI"},"44B":{"t":"GLEX"},"44C":{"desc":"L1P"},"455":{"t":"EC45"},"457":{"t":"CJ6"},"45B":{"t":"GLF6"},"464":{"desc":"L1P"},"465":{"t":"P28B"},"468":{"t":"C172"},"46F":{"t":"PA46"},"47C":{"t":"GLID"},"488":{"desc":"L1P"},"495":{"t":"C206"},"496":{"desc":"L2T"},"498":{"t":"C550"},"4A3":{"t":"C25A"},"4A6":{"desc":"L1P","t":"ULAC"},"4C7":{"t":"C182"},"4C8":{"t":"B350"},"4CD":{"desc":"L1P"},"4D0":{"t":"C172"},"4D5":{"desc":"L1P"},"4DB":{"desc":"L1P"},"4E0":{"desc":"L1P"},"4E1":{"t":"GLID"},"4E5":{"t":"C560"},"4E6":{"t":"PA46"},"4E7":{"t":"H25B"},"4EE":{"t":"C172"},"4F0":{"t":"SR22"},"4F1":{"t":"GALX"},"4F3":{"desc":"L2T"},"4F5":{"desc":"L1P"},"4F7":{"t":"E75L"},"4F9":{"t":"PA18"},"4FA":{"t":"C206"},"4FC":{"desc":"L1P"},"4FF":{"desc":"L1P"},"501":{"t":"C172"},"505":{"desc":"A1P"},"507":{"desc":"L1T"},"50A":{"t":"SIRA"},"50B":{"t":"T210"},"527":{"t":"A321"},"52D":{"t":"C82S"},"53C":{"t":"H500"},"544":{"t":"GLID"},"545":{"desc":"L2T"},"550":{"t":"P28A"},"554":{"desc":"L1P","t":"ULAC"},"555":{"t":"HDJT"},"556":{"t":"SR20"},"559":{"desc":"L2T"},"580":{"t":"YK55"},"58F":{"desc":"L1P"},"5A9":{"t":"PA18"},"5AA":{"t":"L8"},"5AB":{"t":"C170"},"5AC":{"t":"BE35"},"5AE":{"t":"ULAC"},"5B1":{"t":"C25C"},"5B3":{"t":"BE23"},"5B9":{"desc":"A1P"},"5BA":{"t":"P28A"},"5BB":{"desc":"L1P"},"5BC":{"t":"C172"},"5BE":{"t":"C182"},"5C2":{"desc":"L1P"},"5C3":{"t":"C150"},"5C4":{"t":"C150"},"5C5":{"desc":"L1P"},"5C6":{"t":"C150"},"5C7":{"t":"C150"},"5CB":{"t":"ST75"},"5CD":{"desc":"L1P"},"5CE":{"t":"BE20"},"5D2":{"desc":"L1P"},"5D3":{"t":"C172"},"5D4":{"t":"AC11"},"5D9":{"t":"PA22"},"5DA":{"t":"C185"},"5DC":{"desc":"L1P"},"5DD":{"t":"AA5"},"5DF":{"t":"C172"},"5E0":{"t":"BE19"},"5E1":{"t":"C182"},"5E3":{"t":"C150"},"5E6":{"t":"C150"},"5E7":{"t":"C150"},"5E8":{"desc":"L1P"},"5E9":{"t":"C150"},"5F0":{"t":"L8"},"5F1":{"t":"C170"},"5F3":{"t":"CH7A"},"5F5":{"desc":"L1P"},"5F7":{"t":"WACF"},"5F8":{"t":"LJ31"},"5FB":{"t":"BE33"},"5FC":{"t":"GLF5"},"5FD":{"t":"C77R"},"601":{"t":"C185"},"602":{"desc":"L1P"},"604":{"t":"PA18"},"605":{"t":"M20P"},"606":{"desc":"L1P"},"607":{"t":"C150"},"60A":{"t":"C150"},"60C":{"t":"C150"},"60D":{"t":"C150"},"60F":{"t":"C150"},"610":{"t":"C150"},"611":{"desc":"L1P"},"612":{"desc":"L1P"},"613":{"t":"C25B"},"616":{"t":"CH7A"},"617":{"t":"C172"},"618":{"t":"FA7X"},"619":{"t":"P28A"},"61A":{"desc":"L1P"},"61C":{"t":"BE24"},"61D":{"t":"C182"},"621":{"t":"WACO"},"623":{"t":"P28A"},"626":{"t":"BE19"},"627":{"t":"C182"},"629":{"t":"C150"},"62B":{"desc":"L1P"},"62D":{"t":"C150"},"62E":{"t":"C150"},"630":{"t":"C150"},"632":{"desc":"L1P"},"634":{"desc":"H1P"},"635":{"t":"PA18"},"636":{"t":"L8"},"637":{"t":"C170"},"638":{"desc":"L1P"},"63B":{"t":"C172"},"63C":{"t":"P28A"},"63D":{"t":"AC11"},"640":{"t":"C182"},"641":{"desc":"L1P"},"642":{"t":"PA22"},"64A":{"t":"C182"},"64B":{"t":"M20P"},"64C":{"t":"C150"},"64F":{"t":"C150"},"650":{"t":"C150"},"652":{"t":"C150"},"653":{"t":"C150"},"654":{"desc":"L1P"},"656":{"desc":"L1P"},"657":{"t":"TAYB"},"659":{"desc":"L1P"},"65A":{"t":"FDCT"},"65B":{"t":"BE35"},"662":{"t":"BE19"},"664":{"t":"C120"},"669":{"t":"P28A"},"66B":{"t":"C182"},"66C":{"t":"BE20"},"66E":{"t":"M20P"},"671":{"t":"C150"},"674":{"desc":"L1P"},"675":{"t":"C150"},"678":{"t":"C150"},"67A":{"desc":"L1P"},"67B":{"desc":"L1P"},"67C":{"t":"L8"},"67D":{"t":"C170"},"67F":{"t":"CH7A"},"680":{"t":"C172"},"681":{"desc":"L1P"},"682":{"t":"P28A"},"685":{"t":"BE23"},"686":{"t":"C182"},"687":{"t":"PA18"},"688":{"t":"M7"},"68B":{"t":"P28A"},"68C":{"t":"P28A"},"690":{"t":"C182"},"693":{"desc":"L1P"},"694":{"desc":"L1P"},"697":{"t":"C150"},"69A":{"t":"C150"},"69C":{"t":"C172"},"69D":{"t":"WACC"},"69E":{"desc":"L1P","t":"ULAC"},"6A0":{"t":"C170"},"6A1":{"desc":"L1P"},"6A2":{"t":"CH7A"},"6A3":{"t":"C172"},"6A4":{"t":"PA18"},"6A5":{"t":"P28A"},"6A6":{"t":"AC11"},"6A7":{"t":"P32R"},"6A8":{"t":"BE24"},"6A9":{"t":"C182"},"6AB":{"t":"PA22"},"6AC":{"t":"ULAC"},"6AE":{"desc":"L1P"},"6AF":{"t":"P28A"},"6B1":{"t":"F2TH"},"6B2":{"t":"BE19"},"6B3":{"t":"C182"},"6B4":{"t":"M20P"},"6B7":{"t":"WACC"},"6B9":{"t":"WACC"},"6BA":{"t":"C150"},"6BD":{"t":"C150"},"6BE":{"desc":"L1P"},"6C1":{"t":"PA18"},"6C2":{"t":"TAYB"},"6C3":{"t":"J3"},"6C4":{"t":"BE35"},"6C5":{"t":"CH7A"},"6C7":{"desc":"L1P"},"6C9":{"t":"AC11"},"6CA":{"desc":"L1P"},"6CB":{"t":"BE24"},"6D1":{"desc":"L2P"},"6D4":{"t":"C140"},"6D9":{"t":"C150"},"6DD":{"t":"C150"},"6DE":{"desc":"L1P"},"6DF":{"t":"WACC"},"6E0":{"t":"C177"},"6E1":{"t":"C150"},"6E2":{"t":"C150"},"6E3":{"t":"L8"},"6E4":{"t":"PA18"},"6E8":{"t":"CH7A"},"6EA":{"t":"P28A"},"6EB":{"t":"P28R"},"6EC":{"desc":"L1P"},"6ED":{"desc":"L2P"},"6EE":{"t":"BE24"},"6F2":{"t":"C77R"},"6F3":{"desc":"L1P"},"6F4":{"t":"C172"},"6F5":{"t":"TAYB"},"6F7":{"t":"C140"},"6F8":{"desc":"A1P"},"6F9":{"t":"C182"},"6FA":{"t":"M20P"},"6FB":{"t":"C150"},"6FC":{"t":"C150"},"706":{"desc":"L1P"},"707":{"t":"BE33"},"708":{"t":"B752"},"709":{"desc":"L1P","t":"ULAC"},"70A":{"t":"S64"},"70C":{"t":"AS50"},"711":{"desc":"L1P"},"712":{"t":"C208"},"713":{"t":"BL8"},"717":{"t":"C172"},"71C":{"desc":"L1P"},"720":{"desc":"L1P"},"721":{"t":"PA38"},"723":{"t":"BL8"},"727":{"desc":"H1T","t":"B505"},"728":{"t":"H60"},"72C":{"t":"AT8T"},"72D":{"desc":"L1P"},"72E":{"desc":"H1T"},"735":{"t":"AC11"},"739":{"desc":"L1P"},"73B":{"t":"EC20"},"73C":{"t":"PA18"},"73D":{"t":"SR22"},"73E":{"desc":"L1P"},"741":{"desc":"H2T"},"742":{"t":"SF34"},"745":{"t":"SR22"},"747":{"t":"SR22"},"749":{"desc":"L1P"},"74A":{"t":"PC12"},"74B":{"t":"ASTO"},"752":{"desc":"L1P"},"753":{"t":"DV20"},"754":{"t":"GLID"},"755":{"t":"S22T"},"756":{"t":"T206"},"75D":{"desc":"L1P"},"75E":{"t":"RV12"},"75F":{"t":"B763"},"760":{"desc":"L1P","t":"ULAC"},"763":{"desc":"L1P"},"76B":{"desc":"H1P"},"76F":{"t":"PA46"},"773":{"t":"AS50"},"77B":{"t":"C510"},"784":{"t":"GLID"},"79D":{"desc":"L1P"},"79E":{"t":"B190"},"79F":{"desc":"L1P"},"7A0":{"desc":"L1P"},"7A8":{"desc":"L1P"},"7A9":{"desc":"L1P"},"7AB":{"desc":"L1P"},"7B9":{"t":"R22"},"7C4":{"t":"P32R"},"7C7":{"t":"ERCO"},"7CB":{"desc":"L1P"},"7D1":{"desc":"A1P"},"7D7":{"desc":"L1P"},"7DF":{"desc":"L1P"},"7E1":{"desc":"L1P"},"7EB":{"t":"R22"},"7F1":{"t":"TAYB"},"7F4":{"desc":"L1P"},"7FD":{"desc":"L1P"},"801":{"t":"J3"},"802":{"t":"AT6T"},"806":{"t":"R22"},"807":{"t":"COL4"},"808":{"t":"SR22"},"809":{"desc":"L2T"},"80C":{"t":"EC45"},"81A":{"desc":"A1P"},"81B":{"t":"P32R"},"820":{"t":"GLF5"},"821":{"t":"C525"},"822":{"desc":"L1P"},"826":{"desc":"L1P"},"82A":{"desc":"L1P"},"845":{"t":"A119"},"84C":{"t":"GLID"},"853":{"desc":"L1P","t":"ULAC"},"855":{"t":"PC24"},"858":{"t":"PA46"},"85C":{"t":"GLID"},"85E":{"desc":"L1P"},"865":{"t":"BE55"},"87F":{"t":"PA18"},"884":{"desc":"L1P"},"887":{"t":"P28A"},"889":{"t":"HUSK"},"88E":{"t":"T28"},"88F":{"desc":"L1P"},"892":{"desc":"L1P"},"897":{"t":"R44"},"898":{"t":"C560"},"89A":{"desc":"L1P","t":"ULAC"},"89C":{"t":"C172"},"89F":{"t":"M20T"},"8A3":{"t":"C208"},"8A5":{"t":"C172"},"8A9":{"desc":"L1P"},"8AB":{"t":"P180"},"8AD":{"desc":"L1P"},"8AE":{"t":"E75L"},"8B0":{"t":"PA18"},"8B1":{"t":"B06"},"8B3":{"desc":"L1P"},"8B4":{"t":"CL30"},"8B8":{"t":"C172"},"8BE":{"desc":"L1T"},"8C0":{"t":"BE20"},"8C1":{"t":"DA40"},"8C2":{"desc":"L1P"},"8C6":{"desc":"L1P"},"8CA":{"t":"B744"},"8DE":{"t":"A321"},"8E2":{"t":"M20P"},"8F3":{"t":"H500"},"8FB":{"t":"FA7X"},"8FC":{"desc":"L2T"},"8FD":{"t":"B212"},"900":{"desc":"L1P"},"907":{"t":"GLF6"},"90C":{"t":"HDJT"},"910":{"desc":"L2T"},"914":{"desc":"L1P"},"917":{"desc":"L1P"},"925":{"desc":"L1P"},"92D":{"desc":"L1P"},"944":{"t":"BE30"},"946":{"desc":"L2P"},"95F":{"desc":"L1P"},"961":{"t":"J3"},"963":{"t":"BE35"},"965":{"t":"C172"},"967":{"desc":"L1P"},"969":{"desc":"L1P"},"96A":{"t":"BE23"},"96B":{"t":"GLID"},"96D":{"t":"PA22"},"96F":{"desc":"L1P"},"970":{"desc":"L2P"},"971":{"t":"P28R"},"974":{"t":"BALL"},"976":{"t":"M20P"},"978":{"t":"C150"},"97A":{"desc":"L1P"},"97C":{"t":"C150"},"97D":{"t":"C177"},"97E":{"t":"C150"},"980":{"t":"C150"},"981":{"t":"C150"},"983":{"desc":"L1P"},"984":{"t":"C182"},"985":{"t":"J5"},"987":{"t":"ST75"},"989":{"desc":"L1P"},"98C":{"desc":"L1P"},"98E":{"t":"C182"},"98F":{"t":"FA62"},"990":{"desc":"L1P"},"992":{"desc":"L1P"},"994":{"t":"BE33"},"996":{"t":"P28A"},"997":{"t":"J3"},"99B":{"t":"C150"},"99C":{"t":"M20P"},"99D":{"desc":"L1P"},"99E":{"t":"C150"},"99F":{"t":"C150"},"9A0":{"desc":"L1P"},"9A4":{"t":"C177"},"9A7":{"t":"L8"},"9A8":{"t":"C170"},"9A9":{"t":"BE35"},"9AA":{"t":"CH7A"},"9AC":{"t":"C421"},"9AE":{"t":"P32R"},"9B0":{"t":"BE24"},"9B1":{"t":"C182"},"9B3":{"t":"ST75"},"9B4":{"t":"ST75"},"9B6":{"t":"C172"},"9B7":{"t":"P28A"},"9BA":{"desc":"L1P"},"9BB":{"t":"P210"},"9BC":{"desc":"L1P"},"9BD":{"t":"P28A"},"9C0":{"t":"C150"},"9C1":{"desc":"L1P"},"9C2":{"desc":"L1P"},"9CA":{"t":"ST75"},"9CB":{"t":"C170"},"9CC":{"t":"BE35"},"9CD":{"t":"CH7A"},"9D1":{"t":"B25"},"9D3":{"t":"BE23"},"9D4":{"t":"C210"},"9D7":{"t":"C77R"},"9D8":{"desc":"L1P"},"9D9":{"desc":"L1P"},"9DA":{"t":"P28A"},"9DD":{"desc":"L1P"},"9E0":{"t":"C150"},"9E1":{"desc":"L1P"},"9E4":{"desc":"L1P"},"9E5":{"desc":"L1P"},"9E8":{"desc":"L1P"},"9E9":{"desc":"L1P"},"9EA":{"t":"C150"},"9EC":{"desc":"L2P"},"9ED":{"t":"BE17"},"9EE":{"t":"C170"},"9EF":{"t":"T6"},"9F0":{"t":"C340"},"9F1":{"desc":"L1P"},"9F2":{"t":"C421"},"9F5":{"desc":"L1P"},"9FA":{"t":"C77R"},"9FC":{"t":"ST75"},"9FD":{"t":"P28A"},"A00":{"desc":"A2P"},"A01":{"desc":"L1P"},"A02":{"t":"M20P"},"A03":{"t":"C150"},"A05":{"t":"C150"},"A09":{"t":"C177"},"A0E":{"desc":"L2P"},"A11":{"t":"C170"},"A13":{"t":"C340"},"A14":{"t":"C172"},"A15":{"desc":"L1P"},"A19":{"t":"BE23"},"A1A":{"t":"C182"},"A1B":{"t":"C120"},"A1C":{"t":"PA22"},"A1D":{"t":"C77R"},"A1F":{"desc":"L1P"},"A20":{"t":"P28A"},"A22":{"t":"C140"},"A23":{"t":"BE19"},"A24":{"t":"C182"},"A27":{"desc":"L1P"},"A28":{"t":"C150"},"A2A":{"t":"C150"},"A2C":{"desc":"L1P"},"A2E":{"desc":"L1P"},"A2F":{"desc":"L1P"},"A30":{"desc":"L1P"},"A31":{"t":"J3"},"A32":{"desc":"S1P","t":"PA18"},"A34":{"t":"C170"},"A35":{"t":"PA27"},"A36":{"t":"CH7A"},"A38":{"t":"C421"},"A39":{"t":"P28A"},"A3A":{"t":"J3"},"A3B":{"t":"L8"},"A3C":{"t":"J3"},"A40":{"t":"C77R"},"A42":{"t":"L8"},"A43":{"t":"P28R"},"A45":{"t":"C172"},"A46":{"desc":"L1P"},"A48":{"t":"M20P"},"A49":{"t":"CH7A"},"A4D":{"t":"C150"},"A4E":{"desc":"L1P"},"A51":{"t":"BE17"},"A53":{"t":"C150"},"A54":{"desc":"L1P"},"A55":{"desc":"S1P","t":"PA18"},"A56":{"t":"L8"},"A57":{"t":"C170"},"A58":{"t":"BE35"},"A5A":{"t":"C172"},"A5B":{"desc":"L1P"},"A5C":{"desc":"L1P"},"A5D":{"t":"S108"},"A5E":{"t":"L8"},"A5F":{"t":"C172"},"A60":{"t":"BE35"},"A62":{"t":"PA22"},"A63":{"t":"C77R"},"A66":{"t":"BALL"},"A67":{"t":"NAVI"},"A69":{"desc":"L1P"},"A6A":{"t":"C182"},"A6B":{"t":"PA12"},"A6C":{"t":"C120"},"A70":{"t":"BE17"},"A73":{"t":"C150"},"A74":{"t":"C150"},"A76":{"t":"C150"},"A77":{"desc":"L1P"},"A78":{"t":"C170"},"A79":{"t":"C77R"},"A7B":{"t":"BE35"},"A7C":{"t":"CH7A"},"A7D":{"t":"C172"},"A7F":{"desc":"L1P"},"A82":{"t":"BE23"},"A85":{"desc":"L1P"},"A86":{"t":"C77R"},"A87":{"desc":"L1P","t":"ULAC"},"A8B":{"t":"C140"},"A8C":{"t":"EA50"},"A8D":{"t":"C182"},"A8E":{"t":"M20P"},"A90":{"t":"C150"},"A91":{"t":"C150"},"A92":{"t":"BE17"},"A94":{"desc":"L1P"},"A96":{"t":"C150"},"A99":{"desc":"L1P"},"A9B":{"t":"C140"},"A9C":{"desc":"L1P"},"A9D":{"t":"C170"},"A9F":{"desc":"L1P"},"AA1":{"desc":"L1P"},"AA2":{"desc":"L1P"},"AA4":{"t":"L8"},"AA8":{"t":"C172"},"AAA":{"t":"BALL"},"AAB":{"t":"BE36"},"AAE":{"t":"C140"},"AB1":{"t":"M20P"},"AB6":{"t":"BE17"},"AB9":{"t":"C150"},"ABB":{"desc":"L1P"},"ABF":{"t":"PAY2"},"AC0":{"t":"C190"},"AC4":{"t":"C195"},"AC7":{"t":"P32R"},"AC8":{"t":"C195"},"AC9":{"t":"BE30"},"ACA":{"t":"PA46"},"ACB":{"t":"B752"},"AD0":{"desc":"A1P"},"AD2":{"t":"A320"},"AD3":{"t":"B190"},"AD6":{"t":"C185"},"AD8":{"t":"C195"},"AD9":{"t":"C195"},"ADA":{"desc":"L1P"},"AE2":{"t":"C195"},"AE3":{"desc":"L1P"},"AE8":{"t":"C195"},"AE9":{"t":"C195"},"AEB":{"t":"C195"},"AEF":{"desc":"L1P"},"AF0":{"t":"S108"},"AF1":{"t":"B350"},"AF3":{"t":"C195"},"AF4":{"t":"SR20"},"AF7":{"t":"C195"},"AF8":{"desc":"H2T"},"AFA":{"t":"C195"},"AFB":{"desc":"L1P"},"AFD":{"t":"C195"},"AFE":{"t":"B407"},"B05":{"t":"C195"},"B0A":{"t":"DA40"},"B0B":{"desc":"L1P"},"B0C":{"t":"C195"},"B0F":{"t":"C195"},"B13":{"t":"C195"},"B14":{"desc":"L1P"},"B15":{"t":"C195"},"B16":{"t":"B763"},"B19":{"t":"C195"},"B1A":{"t":"C195"},"B1B":{"t":"C195"},"B1E":{"desc":"L1P"},"B20":{"t":"C195"},"B21":{"t":"C195"},"B24":{"t":"C195"},"B25":{"desc":"L1P"},"B2A":{"t":"AS50"},"B2D":{"t":"C195"},"B3B":{"t":"C195"},"B3C":{"t":"C182"},"B40":{"t":"B763"},"B46":{"t":"BE36"},"B47":{"t":"C195"},"B50":{"t":"BALL"},"B52":{"t":"C195"},"B54":{"t":"C195"},"B59":{"t":"C190"},"B5F":{"t":"B190"},"B60":{"desc":"L1P"},"B65":{"t":"C150"},"B66":{"t":"C195"},"B69":{"t":"C195"},"B6D":{"t":"C195"},"B6E":{"t":"C195"},"B76":{"t":"C195"},"B86":{"t":"C195"},"B87":{"t":"C195"},"B88":{"t":"C195"},"B8A":{"t":"C195"},"B8C":{"t":"C195"},"B8D":{"t":"PA46"},"B93":{"desc":"L1P"},"B94":{"t":"C195"},"B96":{"t":"BE95"},"B97":{"t":"C195"},"B9B":{"t":"C195"},"B9F":{"t":"C195"},"BA1":{"t":"C195"},"BA2":{"t":"F2TH"},"BA5":{"desc":"L1P"},"BA8":{"t":"C195"},"BAF":{"t":"C195"},"BB0":{"t":"C195"},"BB4":{"t":"C195"},"BBB":{"t":"C195"},"BBD":{"desc":"H1T"},"BBF":{"t":"C195"},"BC3":{"t":"EC45"},"BC5":{"t":"C195"},"BC9":{"t":"C195"},"BCC":{"t":"C195"},"BCD":{"t":"C195"},"BD2":{"t":"P28A"},"BD4":{"t":"E55P"},"BD6":{"t":"C25C"},"BD7":{"t":"C525"},"BD8":{"desc":"A1P"},"BD9":{"t":"GLID"},"BDA":{"t":"C195"},"BDB":{"t":"C195"},"BE2":{"t":"C195"},"BE6":{"t":"ULAC"},"BEA":{"t":"C195"},"BFF":{"t":"C172"},"C03":{"t":"C190"},"C05":{"desc":"L1P"},"C06":{"t":"C195"},"C07":{"t":"C195"},"C0A":{"t":"A321"},"C0C":{"t":"PA32"},"C0D":{"t":"C195"},"C0E":{"t":"C195"},"C0F":{"t":"PA46"},"C12":{"t":"CRJ9"},"C13":{"t":"C195"},"C14":{"desc":"L1P","t":"ULAC"},"C18":{"t":"C190"},"C1C":{"t":"C195"},"C1E":{"t":"BE35"},"C2C":{"desc":"L1P"},"C35":{"desc":"L1P"},"C36":{"t":"C195"},"C37":{"t":"M7"},"C38":{"t":"C195"},"C3A":{"t":"C195"},"C3B":{"desc":"L1P"},"C3E":{"t":"C195"},"C46":{"t":"C195"},"C47":{"desc":"L1P"},"C49":{"desc":"L1P"},"C4A":{"t":"C195"},"C4E":{"t":"C195"},"C50":{"t":"C195"},"C51":{"t":"C195"},"C52":{"t":"BE60"},"C53":{"t":"C195"},"C55":{"desc":"L1P"},"C56":{"t":"R44"},"C57":{"t":"B06"},"C5A":{"t":"C195"},"C60":{"t":"C195"},"C62":{"t":"F900"},"C65":{"t":"E75L"},"C67":{"t":"PA18"},"C68":{"t":"BE95"},"C6A":{"t":"AC11"},"C6E":{"t":"C195"},"C6F":{"t":"C172"},"C70":{"desc":"L1P"},"C75":{"desc":"L1T"},"C7C":{"t":"C195"},"C80":{"t":"C195"},"C81":{"t":"B744"},"C91":{"t":"DC91"},"C95":{"t":"A321"},"C99":{"t":"C195"},"C9F":{"t":"C195"},"CA1":{"t":"C195"},"CAA":{"t":"H500"},"CAB":{"desc":"L2P"},"CB3":{"desc":"L2T"},"CB4":{"t":"C195"},"CB6":{"desc":"H1P"},"CB9":{"t":"C195"},"CBA":{"t":"C195"},"CBD":{"t":"C190"},"CC3":{"t":"C195"},"CC4":{"t":"C195"},"CC6":{"desc":"L1P"},"CCB":{"t":"C190"},"CE4":{"t":"C195"},"D17":{"t":"C140"},"D18":{"t":"BE35"},"D19":{"t":"C195"},"D1A":{"t":"CH7B"},"D1B":{"t":"CH7A"},"D1C":{"t":"C172"},"D21":{"t":"BE23"},"D22":{"desc":"L1P"},"D24":{"t":"PA18"},"D25":{"t":"C77R"},"D26":{"t":"ULAC"},"D27":{"t":"ULAC"},"D29":{"t":"C185"},"D2A":{"t":"C182"},"D2B":{"t":"BE19"},"D2C":{"t":"BE36"},"D2D":{"t":"PA18"},"D2F":{"t":"PA46"},"D30":{"t":"C177"},"D31":{"t":"J2"},"D37":{"t":"C150"},"D39":{"t":"GLID"},"D3B":{"t":"PA18"},"D3E":{"t":"CH7B"},"D40":{"t":"SR22"},"D42":{"t":"TAYB"},"D43":{"desc":"L1P"},"D45":{"t":"BE55"},"D47":{"t":"PA18"},"D49":{"desc":"L1P"},"D4B":{"t":"C185"},"D4D":{"t":"C120"},"D4E":{"t":"BE19"},"D4F":{"t":"C182"},"D50":{"t":"M20P"},"D51":{"t":"C150"},"D52":{"t":"J2"},"D53":{"t":"J2"},"D54":{"desc":"L1P"},"D58":{"t":"C150"},"D5A":{"t":"J2"},"D5B":{"t":"C177"},"D5C":{"t":"BE36"},"D5E":{"desc":"L1P"},"D5F":{"desc":"H1P"},"D62":{"t":"C172"},"D64":{"t":"P28S"},"D66":{"t":"SR22"},"D67":{"desc":"L1P"},"D68":{"t":"C337"},"D69":{"desc":"L1P","t":"ULAC"},"D6A":{"t":"PA18"},"D6C":{"t":"E55P"},"D6E":{"t":"P28R"},"D70":{"t":"C120"},"D73":{"t":"M20P"},"D74":{"desc":"H1P"},"D77":{"t":"C150"},"D78":{"t":"C150"},"D79":{"t":"C150"},"D7B":{"t":"C150"},"D80":{"t":"C170"},"D81":{"t":"L8"},"D82":{"t":"C180"},"D83":{"t":"BE35"},"D84":{"t":"C170"},"D85":{"desc":"L1P","t":"ULAC"},"D86":{"t":"C421"},"D87":{"t":"PA32"},"D8A":{"t":"BE24"},"D8B":{"t":"PA18"},"D8C":{"t":"PA11"},"D8D":{"t":"PA18"},"D8F":{"t":"R44"},"D90":{"desc":"L1P"},"D91":{"t":"P28A"},"D92":{"t":"T206"},"D93":{"t":"PA18"},"D96":{"t":"M20P"},"D97":{"t":"C150"},"D99":{"t":"C150"},"D9C":{"t":"C150"},"D9D":{"desc":"A1P"},"DA4":{"desc":"L1P"},"DA5":{"t":"C170"},"DA6":{"t":"BE35"},"DAA":{"desc":"L1P"},"DAB":{"desc":"L1P"},"DAC":{"t":"L8"},"DAD":{"t":"C206"},"DAE":{"t":"C182"},"DAF":{"desc":"L1P"},"DB0":{"t":"PA18"},"DB3":{"t":"C177"},"DB4":{"t":"P28A"},"DB5":{"t":"C185"},"DB6":{"t":"C172"},"DB8":{"t":"C182"},"DB9":{"t":"M20P"},"DBA":{"desc":"A2P"},"DBF":{"desc":"L1P"},"DC2":{"desc":"L1P"},"DC5":{"t":"O1"},"DC6":{"desc":"L1P"},"DC7":{"t":"L8"},"DC8":{"t":"C170"},"DCA":{"desc":"L1P","t":"ULAC"},"DCD":{"t":"P32R"},"DCF":{"desc":"L1P"},"DD1":{"t":"GLEX"},"DD2":{"t":"C140"},"DD3":{"t":"PA18"},"DD6":{"desc":"L1P"},"DD7":{"t":"C182"},"DD9":{"t":"C172"},"DDA":{"t":"BE19"},"DDB":{"desc":"L1P"},"DDC":{"t":"M20P"},"DDE":{"t":"C150"},"DE2":{"t":"E145"},"DE6":{"t":"C150"},"DE8":{"t":"C310"},"DE9":{"t":"C510"},"DEB":{"t":"C170"},"DEC":{"desc":"L1P"},"DED":{"desc":"L1P"},"DEE":{"t":"C172"},"DF0":{"t":"CH7B"},"DF1":{"t":"C180"},"DF2":{"t":"RV12"},"DF3":{"t":"BE23"},"DF4":{"t":"GLF5"},"DF5":{"t":"C140"},"DF6":{"t":"PA18"},"DF7":{"desc":"L1P"},"DF8":{"t":"PA30"},"DF9":{"t":"P28R"},"DFC":{"t":"C172"},"DFD":{"t":"BE19"},"DFE":{"desc":"L1P"},"E04":{"desc":"L1P"},"E05":{"t":"C150"},"E09":{"t":"C150"},"E0B":{"t":"C172"},"E0C":{"t":"PA18"},"E0D":{"t":"L8"},"E0E":{"t":"S22T"},"E0F":{"t":"BE35"},"E10":{"t":"CH7A"},"E11":{"t":"C172"},"E15":{"t":"C82S"},"E16":{"t":"BE24"},"E17":{"t":"C182"},"E19":{"desc":"L1P"},"E1B":{"t":"C182"},"E1D":{"t":"P28R"},"E20":{"t":"C172"},"E21":{"t":"C182"},"E22":{"t":"M20P"},"E23":{"t":"B06"},"E26":{"t":"C150"},"E29":{"t":"C177"},"E2E":{"t":"BE35"},"E30":{"t":"C172"},"E31":{"t":"R44"},"E39":{"t":"BE23"},"E3A":{"t":"EC30"},"E3C":{"t":"PA22"},"E3F":{"t":"BALL"},"E42":{"t":"C120"},"E44":{"t":"C182"},"E45":{"t":"C180"},"E49":{"t":"C150"},"E4E":{"t":"C150"},"E50":{"t":"C150"},"E51":{"t":"C175"},"E52":{"t":"PA18"},"E53":{"desc":"L1P"},"E54":{"t":"C182"},"E56":{"t":"C150"},"E59":{"t":"P28A"},"E5B":{"t":"L8"},"E5D":{"desc":"L1P","t":"ULAC"},"E5F":{"t":"PA24"},"E63":{"t":"BE50"},"E67":{"t":"C182"},"E68":{"t":"M20P"},"E6A":{"t":"C150"},"E6C":{"t":"C150"},"E6E":{"t":"C150"},"E71":{"t":"C150"},"E73":{"t":"J2"},"E74":{"desc":"L1P"},"E75":{"t":"C180"},"E76":{"t":"B752"},"E77":{"t":"ULAC"},"E7A":{"t":"B407"},"E7C":{"t":"PA31"},"E7D":{"t":"PC24"},"E7E":{"t":"B722"},"E81":{"t":"SR20"},"E85":{"t":"C172"},"E87":{"t":"GLF5"},"E89":{"t":"C182"},"E8A":{"desc":"L1P"},"E8E":{"t":"B350"},"E8F":{"t":"GLID"},"E91":{"desc":"L1P"},"EA7":{"desc":"L1P"},"EA8":{"t":"C402"},"EA9":{"desc":"L1P"},"EAA":{"t":"GLF4"},"EAF":{"desc":"H2T"},"EB3":{"t":"SR22"},"EB5":{"t":"T206"},"EC0":{"desc":"L1P"},"EC9":{"desc":"L1P"},"ECC":{"t":"R44"},"ECD":{"t":"B763"},"ED1":{"desc":"L1P"},"EF3":{"t":"C172"},"EF5":{"t":"T6"},"EF7":{"t":"B763"},"F03":{"t":"C421"},"F04":{"t":"UH12"},"F0B":{"desc":"L1P"},"F0E":{"t":"C208"},"F1D":{"desc":"H1P"},"F21":{"t":"M20P"},"F24":{"t":"GLID"},"F32":{"t":"P32R"},"F3D":{"t":"GLID"},"F3F":{"desc":"L1P"},"F44":{"t":"R22"},"F45":{"t":"C25B"},"F46":{"desc":"L1P"},"F49":{"desc":"L1P"},"F4B":{"t":"C560"},"F4D":{"desc":"L1P"},"F52":{"desc":"L1P"},"F59":{"t":"F2TH"},"F5C":{"t":"B350"},"F6F":{"desc":"A1P"},"F70":{"t":"AT8T"},"F71":{"desc":"L1P"},"F7A":{"desc":"H2T"},"F7D":{"desc":"L1P","t":"ULAC"},"F88":{"desc":"L1P"},"F89":{"t":"MU2"},"F8A":{"desc":"L1P"},"F8B":{"t":"SR20"},"F8D":{"t":"C172"},"F92":{"desc":"L1P"},"F94":{"desc":"L1P"},"F9A":{"t":"P28A"},"F9D":{"t":"ULAC"},"FBB":{"t":"GLF3"},"FBD":{"t":"C25B"},"FBE":{"t":"B06"},"FC0":{"t":"HUSK"},"FC1":{"t":"SR20"},"FC4":{"t":"AT5T"},"FC5":{"t":"GLID"},"FCB":{"desc":"L1P","t":"ULAC"},"FCF":{"t":"C182"},"FEC":{"t":"C310"},"FED":{"desc":"L1P"},"FEE":{"desc":"L1P"},"FEF":{"desc":"L1P"},"FF0":{"desc":"L1P"},"FF1":{"desc":"L1P","t":"ULAC"}}