{"000":{"t":"C206"},"001":{"t":"P28B"},"002":{"t":"ERCO"},"003":{"t":"C172"},"005":{"t":"BE35"},"006":{"t":"P28S"},"007":{"t":"C140"},"009":{"t":"SR22"},"00C":{"t":"P28R"},"00F":{"t":"BE23"},"013":{"t":"E45X"},"014":{"t":"P28A"},"015":{"t":"C182"},"016":{"t":"H269"},"018":{"desc":"L1P"},"01A":{"t":"C182"},"01D":{"desc":"L2T"},"01F":{"desc":"H1P"},"020":{"desc":"L1P"},"021":{"t":"P28B"},"023":{"t":"P28A"},"024":{"t":"C208"},"025":{"t":"ERCO"},"026":{"t":"P28A"},"027":{"t":"P28A"},"028":{"desc":"L2P"},"029":{"t":"P28S"},"02C":{"t":"C172"},"02D":{"t":"C82S"},"02E":{"t":"C82R"},"02F":{"t":"P28R"},"030":{"t":"C172"},"032":{"t":"BE23"},"033":{"t":"C172"},"034":{"t":"P28B"},"035":{"desc":"L1P"},"036":{"t":"C182"},"03A":{"t":"E45X"},"03B":{"t":"C182"},"03C":{"t":"C182"},"03D":{"t":"C82S"},"03E":{"t":"C182"},"040":{"t":"GC1"},"041":{"t":"PA18"},"042":{"t":"P32T"},"044":{"t":"C170"},"045":{"t":"CH7A"},"047":{"t":"C182"},"048":{"t":"BALL"},"049":{"t":"P28A"},"04A":{"t":"C182"},"04C":{"t":"C177"},"04D":{"t":"C140"},"04F":{"t":"C310"},"054":{"t":"C120"},"057":{"t":"C172"},"059":{"t":"C182"},"05D":{"t":"E45X"},"060":{"t":"C172"},"061":{"t":"C182"},"062":{"t":"C172"},"066":{"t":"C195"},"069":{"t":"P28A"},"06A":{"t":"BALL"},"06C":{"t":"P28A"},"06D":{"t":"ULAC"},"06E":{"t":"BE35"},"06F":{"t":"ULAC"},"073":{"t":"C182"},"075":{"t":"P28R"},"076":{"t":"P28A"},"077":{"t":"C120"},"07B":{"t":"P28B"},"07C":{"t":"PA34"},"07D":{"t":"PA44"},"07E":{"t":"C182"},"07F":{"t":"C182"},"080":{"desc":"L1P"},"081":{"desc":"L1P"},"082":{"t":"B06"},"083":{"t":"P28A"},"085":{"desc":"L1P"},"08A":{"t":"BE35"},"08B":{"t":"P28A"},"08C":{"t":"C206"},"08E":{"t":"P32T"},"08F":{"desc":"L1P"},"090":{"t":"L8"},"091":{"t":"BE35"},"092":{"t":"J3"},"094":{"t":"BALL"},"095":{"t":"C77R"},"096":{"t":"C182"},"098":{"t":"P28R"},"099":{"t":"P28T"},"09D":{"t":"C172"},"09E":{"t":"C180"},"0A0":{"t":"C182"},"0A1":{"t":"C182"},"0A3":{"t":"C182"},"0A5":{"t":"C182"},"0A7":{"t":"C182"},"0A8":{"t":"C182"},"0A9":{"desc":"L1P","t":"LA4"},"0AA":{"t":"T206"},"0AB":{"t":"L8"},"0AC":{"t":"C195"},"0AF":{"t":"ERCO"},"0B0":{"t":"C182"},"0B1":{"t":"PA34"},"0B2":{"t":"C82S"},"0B3":{"desc":"L1P"},"0B4":{"t":"C172"},"0B5":{"t":"J3"},"0B6":{"t":"P28T"},"0B9":{"t":"C182"},"0BA":{"t":"T210"},"0BB":{"t":"P28U"},"0BD":{"t":"C120"},"0BE":{"t":"BE23"},"0C0":{"t":"C172"},"0C2":{"t":"C172"},"0C3":{"t":"C182"},"0C4":{"desc":"L1P"},"0C5":{"t":"PA32"},"0C6":{"t":"C182"},"0C8":{"desc":"L1P"},"0CA":{"t":"PA38"},"0CB":{"t":"C182"},"0CF":{"t":"PA34"},"0D1":{"t":"C172"},"0D3":{"t":"C182"},"0D5":{"desc":"L1T","t":"PA46"},"0D7":{"t":"BE58"},"0D8":{"t":"J3"},"0DB":{"t":"C172"},"0DC":{"t":"C182"},"0DD":{"t":"BALL"},"0DE":{"t":"P28R"},"0E0":{"desc":"L2P"},"0E4":{"t":"H269"},"0E5":{"desc":"L1P"},"0E6":{"t":"C182"},"0E7":{"t":"C182"},"0E8":{"t":"C182"},"0EA":{"desc":"L1P"},"0EB":{"t":"C182"},"0EC":{"t":"E45X"},"0ED":{"t":"C182"},"0EE":{"t":"C172"},"0F1":{"desc":"L1P"},"0F4":{"desc":"L2T"},"0F5":{"t":"R66"},"0F6":{"t":"C150"},"0F8":{"t":"B212"},"0F9":{"desc":"L1P"},"0FA":{"desc":"H1P"},"0FB":{"t":"PC12"},"0FC":{"desc":"L2J"},"0FD":{"t":"C172"},"0FE":{"t":"GLEX"},"101":{"t":"BE58"},"102":{"t":"ULAC"},"104":{"desc":"L1P"},"108":{"desc":"L2T"},"109":{"desc":"L1P","t":"ULAC"},"10C":{"t":"C82T"},"110":{"t":"C72R"},"111":{"t":"B407"},"112":{"desc":"L1P"},"113":{"t":"SR22"},"115":{"t":"P28R"},"11A":{"t":"C172"},"11B":{"t":"B212"},"11E":{"t":"TBM7"},"122":{"t":"DA40"},"123":{"t":"PA18"},"125":{"t":"C182"},"126":{"t":"SR20"},"127":{"t":"C56X"},"128":{"t":"C172"},"12A":{"t":"BE58"},"12C":{"t":"PA44"},"12D":{"desc":"L1P"},"12E":{"t":"SR22"},"130":{"t":"C208"},"136":{"desc":"H1P"},"13B":{"t":"M20T"},"13C":{"t":"C206"},"13D":{"desc":"L1P","t":"ULAC"},"13E":{"desc":"L1P"},"13F":{"t":"GLF6"},"140":{"t":"BE36"},"141":{"t":"B212"},"144":{"desc":"L1P"},"149":{"t":"T28"},"14D":{"t":"AT8T"},"14F":{"desc":"L1P"},"154":{"t":"T50"},"157":{"t":"GLID"},"158":{"desc":"H4E"},"159":{"t":"SIRA"},"15D":{"t":"BE20"},"162":{"desc":"A1P","t":"ULAC"},"16A":{"t":"RV12"},"16D":{"t":"P28A"},"16E":{"t":"SR20"},"16F":{"t":"AT8T"},"174":{"desc":"L1P"},"175":{"t":"B212"},"176":{"t":"FA10"},"178":{"t":"B06"},"183":{"t":"B429"},"186":{"t":"BE50"},"187":{"t":"BE20"},"188":{"t":"C210"},"190":{"t":"RV12"},"191":{"t":"ULAC"},"192":{"t":"BE95"},"194":{"t":"PA24"},"198":{"desc":"L1P"},"19C":{"desc":"L1P","t":"ULAC"},"1A0":{"desc":"L2J","t":"A21N"},"1A2":{"t":"BE20"},"1A5":{"t":"C56X"},"1A9":{"t":"EC30"},"1AA":{"t":"B212"},"1AD":{"t":"B212"},"1AF":{"t":"C303"},"1B1":{"t":"R44"},"1B9":{"t":"LJ60"},"1BA":{"t":"R44"},"1BC":{"desc":"L1P"},"1BF":{"desc":"L1P"},"1C0":{"t":"M20P"},"1C6":{"desc":"L1P"},"1C7":{"t":"E75L"},"1C8":{"t":"GLID"},"1C9":{"desc":"L1P"},"1CA":{"t":"C180"},"1CD":{"t":"BL17"},"1D1":{"t":"AS50"},"1D2":{"t":"B212"},"1D3":{"desc":"L1P"},"1D4":{"desc":"L1P"},"1D6":{"desc":"L1P"},"1DD":{"t":"PA46"},"1DF":{"desc":"L1P"},"1E2":{"t":"PAY1"},"1E6":{"desc":"H1P"},"1E8":{"t":"O1"},"1EA":{"t":"NAVI"},"1EC":{"desc":"L1P"},"1ED":{"t":"SR20"},"1F0":{"t":"GLEX"},"1F1":{"desc":"L1P"},"1F2":{"desc":"L1P"},"1F4":{"t":"GLID"},"1F5":{"t":"S22T"},"1F8":{"t":"C560"},"1FA":{"t":"H25B"},"1FB":{"t":"R44"},"1FE":{"t":"SR20"},"1FF":{"t":"BE20"},"203":{"t":"C501"},"205":{"t":"C152"},"206":{"desc":"L1P"},"207":{"desc":"L1P"},"209":{"t":"PC12"},"20B":{"t":"BE36"},"20C":{"desc":"L1P"},"20E":{"t":"PA34"},"20F":{"t":"SR22"},"213":{"t":"C550"},"214":{"t":"H269"},"215":{"t":"M20P"},"218":{"t":"M20P"},"21B":{"t":"M20P"},"21C":{"desc":"L1P","t":"ULAC"},"21E":{"t":"B212"},"220":{"desc":"L1P"},"228":{"t":"GLID"},"229":{"t":"E75L"},"235":{"desc":"L1P"},"237":{"t":"PC12"},"238":{"t":"ST75"},"239":{"t":"R44"},"23B":{"t":"SR20"},"23F":{"t":"PC12"},"241":{"t":"C337"},"245":{"desc":"L1P"},"247":{"t":"PA38"},"24A":{"t":"GLID"},"24B":{"desc":"L1P"},"24D":{"desc":"H2T"},"24E":{"t":"GLID"},"25F":{"t":"CL60"},"268":{"t":"PA31"},"26B":{"desc":"L1P"},"26C":{"desc":"L1P"},"26E":{"t":"H25B"},"26F":{"t":"C525"},"270":{"t":"BE35"},"272":{"desc":"L1P","t":"ULAC"},"273":{"desc":"L1P"},"277":{"t":"S22T"},"27B":{"t":"C421"},"280":{"desc":"L1P"},"282":{"desc":"L1T","t":"P210"},"283":{"t":"M20P"},"286":{"desc":"L1P"},"287":{"desc":"L1P","t":"ULAC"},"28C":{"t":"BE55"},"28E":{"t":"B06"},"290":{"t":"SR22"},"292":{"t":"BE24"},"295":{"t":"C182"},"299":{"t":"ASTR"},"29A":{"t":"M20P"},"29B":{"desc":"L2J"},"29C":{"t":"T6"},"29D":{"t":"BE36"},"29F":{"t":"RV12"},"2A1":{"t":"B212"},"2A2":{"desc":"L1P"},"2A5":{"t":"C177"},"2A6":{"desc":"L1P","t":"ULAC"},"2A7":{"t":"B212"},"2AA":{"t":"T210"},"2AB":{"t":"GC1"},"2AE":{"t":"BE58"},"2B2":{"t":"F900"},"2B3":{"t":"B772"},"2C3":{"t":"P212"},"2C4":{"desc":"L1J"},"2CB":{"t":"BE35"},"2CC":{"t":"RV12"},"2CD":{"t":"GLID"},"2CE":{"t":"B212"},"2DD":{"t":"H500"},"2E3":{"t":"GLF4"},"2E4":{"t":"UH12"},"2E5":{"desc":"L1P"},"2E7":{"t":"RV12"},"2E8":{"t":"M20P"},"2EC":{"t":"P46T"},"2EE":{"t":"P210"},"2EF":{"t":"C182"},"2F1":{"t":"B737"},"2F3":{"desc":"L2J"},"2F6":{"t":"R44"},"2FD":{"desc":"L1P","t":"ULAC"},"30A":{"desc":"G1P"},"30B":{"desc":"L1P"},"30E":{"desc":"L1P"},"313":{"t":"H25B"},"316":{"t":"S76"},"32C":{"desc":"L1P"},"32E":{"desc":"L1P"},"32F":{"t":"T206"},"33B":{"desc":"L1P","t":"ULAC"},"348":{"t":"GLF5"},"34A":{"t":"P32T"},"34B":{"t":"C195"},"34C":{"t":"BE35"},"34D":{"t":"CH7A"},"34E":{"t":"C206"},"34F":{"t":"C182"},"350":{"t":"ERCO"},"351":{"t":"P28A"},"352":{"desc":"L1P"},"353":{"t":"BE55"},"354":{"t":"SR20"},"355":{"t":"C140"},"358":{"t":"C182"},"35C":{"desc":"L1P"},"35E":{"t":"M20P"},"35F":{"t":"C172"},"360":{"t":"C180"},"361":{"t":"C182"},"362":{"t":"C182"},"363":{"t":"C182"},"364":{"t":"C182"},"366":{"t":"C182"},"367":{"t":"C182"},"368":{"t":"C182"},"369":{"t":"BALL"},"36B":{"t":"B737"},"36C":{"t":"PA22"},"36F":{"t":"BE35"},"370":{"t":"CH7A"},"371":{"t":"C172"},"372":{"t":"C182"},"373":{"t":"ERCO"},"374":{"t":"GLEX"},"375":{"t":"M20T"},"376":{"t":"C182"},"377":{"t":"BALL"},"378":{"t":"C140"},"379":{"t":"LJ45"},"37A":{"t":"C77R"},"37B":{"t":"C182"},"37C":{"t":"M20P"},"37D":{"t":"AA5"},"37E":{"desc":"L1P"},"37F":{"t":"P28B"},"380":{"t":"BE23"},"381":{"t":"C182"},"382":{"t":"C172"},"383":{"t":"C180"},"386":{"t":"C172"},"387":{"t":"BALL"},"389":{"t":"C182"},"38B":{"desc":"L1P"},"38C":{"t":"C185"},"38D":{"t":"C182"},"38E":{"desc":"L1P"},"38F":{"t":"PA22"},"391":{"t":"C195"},"392":{"desc":"L1P"},"393":{"t":"CH7A"},"395":{"t":"P32T"},"396":{"t":"ERCO"},"397":{"t":"P28A"},"399":{"t":"P28A"},"39A":{"t":"C172"},"39B":{"t":"P28T"},"39C":{"desc":"L1P","t":"ULAC"},"39D":{"t":"M20T"},"39E":{"t":"P28A"},"39F":{"t":"T210"},"3A0":{"t":"B06"},"3A1":{"t":"C188"},"3A2":{"t":"C120"},"3A3":{"t":"BE23"},"3A6":{"t":"C82S"},"3A8":{"t":"B212"},"3A9":{"t":"TAYB"},"3AA":{"t":"TAYB"},"3AB":{"t":"C182"},"3AC":{"t":"B212"},"3AD":{"t":"TAYB"},"3AE":{"t":"C182"},"3AF":{"t":"PA44"},"3B0":{"t":"TAYB"},"3B1":{"desc":"L1P"},"3B2":{"t":"P28A"},"3B3":{"t":"L8"},"3B4":{"t":"C195"},"3B5":{"t":"BE35"},"3B6":{"t":"C182"},"3B8":{"t":"C182"},"3BA":{"t":"P28A"},"3BB":{"t":"P28A"},"3BC":{"t":"BE36"},"3BD":{"t":"P28T"},"3BE":{"t":"C180"},"3C0":{"t":"C77R"},"3C1":{"t":"C182"},"3C3":{"t":"P28R"},"3C5":{"t":"C120"},"3C6":{"t":"BE23"},"3C7":{"desc":"L1P"},"3C8":{"t":"C182"},"3C9":{"t":"C180"},"3CA":{"t":"C182"},"3CC":{"t":"TAYB"},"3CE":{"t":"C340"},"3CF":{"t":"TAYB"},"3D0":{"t":"C182"},"3D1":{"t":"C172"},"3D2":{"t":"C182"},"3D3":{"t":"TAYB"},"3D6":{"t":"L8"},"3D7":{"t":"C195"},"3DA":{"t":"P28A"},"3DB":{"t":"C182"},"3DD":{"t":"P28A"},"3DF":{"t":"BE35"},"3E0":{"t":"J3"},"3E1":{"t":"PA18"},"3E3":{"t":"C77R"},"3E4":{"t":"C182"},"3E9":{"t":"BE23"},"3EA":{"desc":"L1P"},"3ED":{"t":"B212"},"3F1":{"t":"C182"},"3F3":{"t":"C172"},"3F4":{"t":"C182"},"3F6":{"t":"C172"},"3F7":{"desc":"L1P"},"3F8":{"t":"C182"},"3F9":{"desc":"L1P"},"3FA":{"t":"C195"},"3FC":{"t":"CH7A"},"401":{"t":"M20T"},"403":{"t":"C172"},"406":{"t":"C77R"},"407":{"t":"C182"},"409":{"t":"P28R"},"40B":{"t":"P32R"},"40C":{"t":"BE23"},"40D":{"t":"C337"},"40E":{"t":"C172"},"40F":{"t":"C180"},"410":{"t":"TAYB"},"411":{"t":"C182"},"413":{"t":"TAYB"},"414":{"t":"C182"},"415":{"t":"TAYB"},"417":{"t":"C182"},"41C":{"t":"L8"},"41E":{"t":"BE35"},"41F":{"t":"CH7A"},"420":{"t":"C172"},"421":{"t":"C182"},"425":{"t":"BE35"},"426":{"t":"J3"},"427":{"t":"C140"},"429":{"t":"C77R"},"42B":{"t":"M20P"},"42C":{"desc":"L1T"},"42D":{"t":"M20T"},"42E":{"t":"C120"},"42F":{"t":"BE23"},"430":{"t":"PA44"},"431":{"t":"PA44"},"433":{"t":"C182"},"434":{"t":"TAYB"},"435":{"t":"CH7B"},"436":{"t":"C172"},"43B":{"t":"C182"},"43E":{"t":"P32T"},"440":{"t":"CH7B"},"441":{"t":"PA44"},"443":{"t":"C206"},"444":{"t":"P32T"},"447":{"t":"P28U"},"448":{"desc":"L1P"},"44B":{"t":"P28A"},"44D":{"t":"P28A"},"44E":{"t":"AS50"},"44F":{"t":"P28R"},"450":{"t":"BE19"},"452":{"desc":"L1P"},"457":{"t":"C182"},"458":{"t":"C172"},"45A":{"t":"C182"},"45C":{"t":"C172"},"45F":{"t":"R44"},"460":{"desc":"L1P"},"461":{"t":"PA22"},"464":{"t":"BE35"},"465":{"t":"C172"},"466":{"t":"BE9L"},"467":{"t":"C182"},"468":{"t":"ERCO"},"46A":{"t":"L8"},"46D":{"t":"C140"},"470":{"t":"C182"},"473":{"desc":"H1P"},"474":{"t":"C120"},"475":{"t":"BE23"},"476":{"t":"PA44"},"477":{"t":"C82S"},"47A":{"t":"C182"},"47B":{"t":"TAYB"},"480":{"desc":"L1P"},"481":{"t":"P28A"},"482":{"t":"C172"},"483":{"t":"GLF4"},"484":{"t":"P32T"},"486":{"t":"C172"},"487":{"t":"C182"},"489":{"t":"C206"},"48A":{"t":"P32T"},"48B":{"t":"ERCO"},"48C":{"t":"C172"},"492":{"t":"C77R"},"495":{"t":"P28R"},"496":{"desc":"H1P"},"498":{"t":"BE23"},"499":{"desc":"L1P"},"49A":{"t":"C172"},"49B":{"t":"P28B"},"49C":{"t":"C182"},"49D":{"t":"C182"},"49F":{"t":"TAYB"},"4A1":{"t":"C172"},"4A2":{"t":"TAYB"},"4A3":{"t":"C182"},"4A5":{"desc":"L2P"},"4A8":{"t":"C172"},"4AA":{"t":"PA31"},"4AB":{"desc":"L1P"},"4AD":{"t":"C150"},"4B2":{"t":"PC12"},"4B3":{"t":"CH7B"},"4B4":{"t":"C172"},"4B7":{"t":"S22T"},"4B9":{"desc":"L1P","t":"ULAC"},"4BB":{"desc":"L2T"},"4BC":{"t":"R44"},"4BF":{"desc":"L1P"},"4C0":{"desc":"L1P","t":"ULAC"},"4C1":{"t":"GLF3"},"4C2":{"t":"ST75"},"4C4":{"t":"VALI"},"4C7":{"t":"C182"},"4C8":{"t":"AT3T"},"4CA":{"t":"BE40"},"4CE":{"t":"P28A"},"4D9":{"t":"P32R"},"4DA":{"t":"SR22"},"4DB":{"t":"PA44"},"4DC":{"t":"C550"},"4DD":{"t":"SR20"},"4E0":{"t":"S22T"},"4E1":{"t":"BE58"},"4E3":{"desc":"L1P"},"4E5":{"t":"C182"},"4E6":{"t":"BE55"},"4E7":{"t":"SR22"},"4E9":{"t":"BL8"},"4EA":{"t":"M20P"},"4F2":{"t":"BE50"},"4F4":{"t":"BE20"},"4F7":{"desc":"L2T","t":"BE18"},"502":{"t":"BE36"},"503":{"t":"DA40"},"50B":{"t":"BE55"},"50F":{"t":"AC11"},"511":{"t":"GLF4"},"519":{"t":"GALX"},"521":{"t":"E300"},"523":{"desc":"L1P"},"524":{"t":"C25B"},"534":{"t":"A320"},"536":{"desc":"L1P"},"539":{"desc":"L1P"},"53D":{"t":"PC12"},"53E":{"t":"G280"},"53F":{"desc":"L1P"},"540":{"t":"T210"},"541":{"t":"AA1"},"543":{"desc":"L1P"},"54E":{"t":"CL60"},"553":{"desc":"L1P","t":"ULAC"},"557":{"desc":"L2J","t":"A21N"},"564":{"t":"C650"},"568":{"t":"H269"},"56F":{"t":"GLID"},"571":{"desc":"L1P","t":"ULAC"},"572":{"desc":"L1P"},"573":{"t":"C310"},"578":{"desc":"L1P"},"57B":{"desc":"L1P"},"57D":{"t":"PA46"},"57E":{"t":"E75L"},"580":{"t":"C550"},"581":{"t":"C525"},"584":{"t":"SR22"},"588":{"desc":"L1P","t":"ULAC"},"589":{"t":"B212"},"58E":{"desc":"L1P"},"593":{"desc":"A1P"},"594":{"t":"M20P"},"596":{"t":"PC12"},"599":{"t":"S22T"},"5A2":{"t":"C208"},"5A3":{"desc":"L1P"},"5A4":{"t":"B06"},"5A9":{"desc":"H1T"},"5AF":{"t":"C182"},"5BA":{"t":"C310"},"5BB":{"desc":"H1P"},"5BC":{"t":"C177"},"5BD":{"t":"BE30"},"5BF":{"t":"BE35"},"5C4":{"desc":"L1P"},"5C5":{"t":"SR22"},"5C6":{"t":"P28A"},"5C8":{"t":"SR22"},"5D3":{"t":"C172"},"5E0":{"t":"E75L"},"5EE":{"t":"BE35"},"5EF":{"t":"PRM1"},"5F0":{"t":"B06"},"5F2":{"t":"AS50"},"5F4":{"t":"BE20"},"5F7":{"desc":"L1P"},"5F8":{"desc":"L1T","t":"PA46"},"5FB":{"t":"PRM1"},"5FD":{"t":"CRJ2"},"601":{"t":"GLID"},"604":{"desc":"H2T"},"605":{"t":"BE35"},"61E":{"desc":"L1P"},"61F":{"t":"H25B"},"621":{"desc":"L1P"},"623":{"t":"TBM7"},"625":{"t":"H25B"},"626":{"desc":"L1P"},"627":{"t":"SR22"},"632":{"desc":"L1P"},"637":{"desc":"L1P"},"638":{"t":"P28R"},"63C":{"t":"SR22"},"63D":{"t":"R44"},"63E":{"t":"GLID"},"63F":{"t":"EC30"},"643":{"t":"C206"},"645":{"desc":"L2T","t":"BE18"},"647":{"t":"SR22"},"648":{"t":"GLID"},"64C":{"t":"C560"},"64D":{"desc":"L1P"},"64E":{"t":"E75L"},"650":{"t":"PA18"},"652":{"t":"SR22"},"653":{"desc":"L1P"},"654":{"desc":"L1P"},"657":{"t":"GLF4"},"659":{"desc":"L1P"},"65C":{"desc":"H1P"},"65E":{"desc":"L1P"},"661":{"t":"CL60"},"666":{"desc":"A1P"},"668":{"desc":"L1T"},"66A":{"t":"B772"},"66D":{"t":"RV12"},"67A":{"t":"B732"},"67D":{"t":"BE20"},"682":{"desc":"L1P"},"695":{"t":"PRM1"},"69B":{"desc":"L1P","t":"ULAC"},"69F":{"t":"SR22"},"6A4":{"t":"DA42"},"6A5":{"t":"GLID"},"6A8":{"t":"B737"},"6AD":{"desc":"L1P"},"6B1":{"desc":"L1P"},"6B4":{"t":"GLF2"},"6C6":{"desc":"H12E"},"6CA":{"desc":"H2T"},"6CD":{"desc":"L1P"},"6E6":{"t":"BE55"},"700":{"t":"C172"},"702":{"t":"P28A"},"704":{"t":"CH7A"},"705":{"t":"C172"},"707":{"desc":"L1P"},"708":{"t":"P28A"},"709":{"t":"P28U"},"70A":{"t":"BE58"},"70B":{"t":"J3"},"70C":{"t":"C140"},"70F":{"t":"P28A"},"711":{"t":"P28R"},"712":{"t":"P28U"},"714":{"t":"BE23"},"717":{"desc":"L1P"},"719":{"t":"AR11"},"71A":{"t":"C182"},"71C":{"t":"AR11"},"721":{"desc":"L1P"},"723":{"t":"C182"},"725":{"t":"S10"},"726":{"t":"BE35"},"727":{"t":"M20P"},"728":{"t":"C206"},"72B":{"t":"P28A"},"72E":{"t":"J3"},"731":{"t":"C77R"},"732":{"t":"C182"},"734":{"t":"P28R"},"735":{"t":"C182"},"737":{"t":"BE23"},"738":{"t":"C337"},"73A":{"t":"C182"},"73B":{"t":"C182"},"73E":{"t":"P32T"},"73F":{"t":"M20P"},"740":{"t":"C182"},"741":{"t":"C182"},"742":{"t":"C182"},"743":{"t":"PA44"},"747":{"t":"L8"},"74A":{"t":"CH7A"},"74B":{"t":"C206"},"74E":{"t":"P28A"},"750":{"t":"BE35"},"754":{"t":"C77R"},"755":{"t":"C182"},"757":{"t":"P28A"},"758":{"t":"BALL"},"759":{"t":"C120"},"75A":{"t":"C172"},"75B":{"t":"M20T"},"75E":{"t":"C172"},"75F":{"t":"C172"},"761":{"t":"P28A"},"764":{"t":"C182"},"766":{"t":"C182"},"767":{"t":"C172"},"769":{"t":"P32T"},"76D":{"t":"CH7A"},"76F":{"t":"C182"},"770":{"t":"ERCO"},"771":{"t":"P28A"},"772":{"desc":"L1T","t":"L8"},"773":{"t":"C182"},"774":{"t":"J3"},"775":{"t":"C140"},"778":{"t":"C182"},"77D":{"t":"BE33"},"77F":{"t":"C172"},"782":{"t":"C182"},"783":{"t":"C182"},"784":{"t":"C182"},"787":{"desc":"L1P"},"789":{"t":"C182"},"78A":{"t":"C172"},"78E":{"t":"C195"},"78F":{"t":"P28A"},"790":{"t":"P28A"},"793":{"t":"ERCO"},"794":{"t":"P28A"},"796":{"t":"BE36"},"797":{"t":"C172"},"798":{"t":"P28U"},"79A":{"t":"C77R"},"79B":{"t":"P28A"},"79C":{"t":"C82R"},"79D":{"t":"P28R"},"79E":{"t":"T210"},"7A0":{"t":"BE23"},"7A2":{"t":"C172"},"7A3":{"t":"C180"},"7A4":{"t":"AR11"},"7A5":{"t":"P28A"},"7A7":{"t":"C182"},"7A8":{"t":"C182"},"7AB":{"t":"C172"},"7AC":{"t":"C182"},"7AD":{"t":"BALL"},"7B0":{"t":"P28A"},"7B2":{"t":"C182"},"7B4":{"t":"P28A"},"7B5":{"t":"C150"},"7B7":{"t":"M20P"},"7B8":{"t":"C172"},"7BA":{"t":"J3"},"7BB":{"t":"C140"},"7BE":{"t":"BALL"},"7BF":{"t":"C172"},"7C0":{"t":"P28R"},"7C1":{"t":"B77W"},"7C3":{"t":"BE35"},"7C6":{"t":"C180"},"7C8":{"t":"C172"},"7C9":{"t":"P32T"},"7CA":{"t":"M20T"},"7CB":{"t":"AR11"},"7CD":{"t":"P32T"},"7CE":{"t":"P32T"},"7CF":{"t":"C182"},"7D0":{"t":"C82S"},"7D4":{"t":"P28B"},"7D5":{"t":"BE35"},"7D6":{"t":"P28T"},"7D7":{"t":"BALL"},"7D8":{"t":"C182"},"7DA":{"t":"P28A"},"7DB":{"t":"L8"},"7DD":{"t":"P28A"},"7DF":{"t":"P28U"},"7E0":{"t":"C77R"},"7E1":{"t":"C182"},"7E3":{"desc":"L1T"},"7E4":{"t":"B77W"},"7E5":{"t":"C120"},"7E6":{"t":"BE36"},"7E8":{"t":"P28A"},"7E9":{"t":"P28T"},"7EA":{"t":"C172"},"7EB":{"desc":"L1P"},"7EC":{"t":"C182"},"7EE":{"t":"AR11"},"7EF":{"t":"AR11"},"7F0":{"t":"AR11"},"7F2":{"t":"C182"},"7F3":{"t":"C182"},"7F7":{"t":"C195"},"7F8":{"t":"C195"},"7F9":{"t":"M20T"},"7FA":{"t":"P28B"},"7FC":{"t":"T206"},"7FD":{"t":"P28A"},"7FF":{"t":"BE33"},"800":{"t":"J3"},"801":{"t":"P28U"},"803":{"t":"C77R"},"804":{"t":"C182"},"806":{"t":"P28A"},"807":{"t":"AT3P"},"80B":{"t":"C172"},"80C":{"t":"C180"},"80D":{"t":"C182"},"80E":{"t":"AR11"},"80F":{"t":"P32T"},"811":{"t":"C172"},"813":{"t":"C182"},"814":{"t":"AR11"},"815":{"t":"AR11"},"816":{"t":"H269"},"818":{"t":"PA18"},"819":{"t":"T206"},"81A":{"t":"PA46"},"81B":{"t":"BE35"},"81D":{"t":"P32T"},"81E":{"t":"PA44"},"81F":{"t":"ERCO"},"821":{"t":"P32T"},"822":{"t":"BE36"},"823":{"t":"C172"},"824":{"t":"P28B"},"825":{"t":"PA23"},"826":{"desc":"L1P"},"827":{"t":"M20P"},"828":{"t":"T210"},"82A":{"t":"B77W"},"82C":{"t":"C172"},"82D":{"t":"C337"},"82F":{"t":"M20P"},"832":{"t":"PA34"},"835":{"t":"H269"},"838":{"desc":"L1P","t":"ULAC"},"839":{"t":"C172"},"83B":{"t":"PA18"},"83C":{"t":"P28B"},"83D":{"t":"C195"},"83E":{"t":"BE35"},"840":{"t":"C206"},"841":{"t":"C182"},"842":{"t":"ERCO"},"843":{"t":"P28A"},"844":{"t":"M20T"},"846":{"t":"J3"},"84A":{"t":"C182"},"84C":{"t":"P28R"},"84D":{"t":"C172"},"84E":{"t":"C120"},"84F":{"t":"BE23"},"850":{"t":"C337"},"852":{"t":"P28U"},"856":{"t":"C182"},"857":{"t":"C172"},"858":{"t":"C182"},"859":{"t":"C182"},"85A":{"t":"AR11"},"85B":{"t":"BE35"},"85C":{"t":"M20P"},"85E":{"t":"C172"},"861":{"t":"CH7B"},"865":{"desc":"H1P"},"868":{"t":"B739"},"869":{"t":"PC12"},"86A":{"t":"B407"},"86B":{"t":"C172"},"870":{"desc":"L1J"},"873":{"desc":"L1P"},"874":{"t":"L39"},"876":{"t":"BALL"},"877":{"desc":"H1T"},"878":{"desc":"A1P","t":"ULAC"},"879":{"t":"SR22"},"87B":{"t":"BALL"},"880":{"desc":"L1P"},"881":{"t":"C182"},"885":{"t":"P32R"},"887":{"t":"SR22"},"888":{"t":"GLID"},"88C":{"t":"CH7B"},"890":{"t":"HUSK"},"891":{"t":"P28R"},"893":{"t":"C421"},"894":{"t":"SR20"},"896":{"t":"C182"},"898":{"t":"BE58"},"899":{"t":"ST75"},"89A":{"t":"BE60"},"89B":{"t":"SR22"},"89D":{"desc":"H4E"},"89E":{"t":"SR22"},"8A0":{"desc":"L2P"},"8A1":{"t":"PC12"},"8A2":{"t":"SR22"},"8A9":{"desc":"L1P"},"8AA":{"t":"M20P"},"8AB":{"t":"S108"},"8AC":{"desc":"L1P"},"8AF":{"t":"C421"},"8B2":{"t":"SR22"},"8B3":{"desc":"L1P"},"8B5":{"t":"BE55"},"8B7":{"desc":"L1P"},"8B9":{"t":"BE35"},"8BB":{"t":"C182"},"8BD":{"t":"FA50"},"8BF":{"desc":"L1P"},"8C0":{"desc":"L1P"},"8C2":{"desc":"L1P","t":"ULAC"},"8C4":{"desc":"H2T"},"8C6":{"t":"PA44"},"8C8":{"t":"BL8"},"8CA":{"t":"AS50"},"8D0":{"t":"C180"},"8D2":{"t":"C172"},"8D3":{"t":"C182"},"8DC":{"t":"C182"},"8DE":{"t":"GLF4"},"8E1":{"desc":"L1P"},"8E3":{"desc":"L1P"},"8E6":{"desc":"L1P"},"8EB":{"t":"A320"},"8ED":{"t":"FA50"},"8F4":{"t":"C210"},"8F6":{"t":"BE20"},"8F8":{"t":"P46T"},"8FA":{"t":"PA46"},"8FB":{"t":"PC12"},"8FC":{"t":"AS50"},"8FE":{"t":"PA34"},"902":{"desc":"L1P"},"905":{"t":"P28A"},"906":{"desc":"L1P","t":"TB0"},"90A":{"desc":"L1P","t":"ULAC"},"90C":{"t":"C172"},"90D":{"desc":"L1P"},"90E":{"desc":"L2J","t":"A21N"},"90F":{"desc":"L1P"},"918":{"t":"COL4"},"91B":{"t":"C182"},"91E":{"t":"PA27"},"926":{"t":"SHIP"},"927":{"desc":"L2P"},"929":{"t":"M20P"},"92A":{"desc":"L1P"},"92D":{"t":"SR22"},"930":{"t":"SR22"},"932":{"t":"P28S"},"933":{"t":"PA30"},"934":{"t":"P32R"},"935":{"t":"E75L"},"936":{"t":"PA32"},"937":{"t":"M20P"},"938":{"t":"C550"},"940":{"t":"B212"},"944":{"desc":"L1P"},"94B":{"desc":"L1P"},"94D":{"t":"BE58"},"94F":{"t":"PA46"},"950":{"desc":"L1P"},"951":{"desc":"L1P"},"954":{"desc":"L1P"},"959":{"t":"RV12"},"95A":{"t":"BALL"},"95B":{"t":"B06"},"95C":{"t":"F2TH"},"95E":{"desc":"L1P"},"960":{"t":"CH7B"},"961":{"desc":"H1T"},"964":{"t":"PA44"},"966":{"desc":"L1P"},"96C":{"t":"C680"},"971":{"t":"P210"},"972":{"t":"E145"},"973":{"t":"T6"},"975":{"t":"GL5T"},"976":{"t":"PA22"},"978":{"t":"PC12"},"979":{"t":"T206"},"97B":{"desc":"L1P"},"97C":{"t":"B350"},"97D":{"desc":"L1P"},"97E":{"desc":"L1P"},"982":{"t":"EA50"},"985":{"desc":"L1P"},"986":{"t":"S22T"},"98A":{"desc":"L2P"},"995":{"desc":"L1P"},"997":{"t":"E75L"},"9A0":{"t":"PC12"},"9A1":{"desc":"L1P"},"9A3":{"t":"BE9L"},"9A6":{"t":"E50P"},"9A7":{"t":"DA40"},"9AA":{"desc":"L2J"},"9AC":{"t":"C182"},"9B1":{"t":"T206"},"9B4":{"desc":"L1P"},"9B5":{"desc":"L1P"},"9BB":{"desc":"H2T"},"9BC":{"t":"BE35"},"9CD":{"t":"CL60"},"9D5":{"t":"P32R"},"9D7":{"t":"R22"},"9D8":{"t":"BE35"},"9D9":{"t":"C182"},"9DB":{"desc":"L1P"},"9DE":{"t":"BE36"},"9DF":{"desc":"L1P"},"9E0":{"t":"AT8T"},"9E1":{"desc":"L1P","t":"ULAC"},"9E3":{"t":"ERCO"},"9E5":{"desc":"L1P"},"9E6":{"t":"BE36"},"9E9":{"desc":"L1P"},"9EA":{"t":"CL30"},"9EF":{"t":"P28A"},"9F0":{"t":"BE20"},"9F1":{"t":"BE9L"},"9F4":{"t":"T28"},"9F5":{"t":"CL30"},"9F6":{"t":"M20P"},"9F8":{"desc":"H4E"},"9FD":{"t":"SR20"},"9FE":{"desc":"L1P","t":"ULAC"},"9FF":{"desc":"L1P"},"A03":{"desc":"L1P"},"A04":{"desc":"L1P"},"A09":{"desc":"L1P"},"A0B":{"t":"H25B"},"A0D":{"t":"F2TH"},"A0E":{"t":"LJ45"},"A0F":{"desc":"H1T"},"A10":{"t":"C82R"},"A11":{"desc":"L1P"},"A15":{"t":"BE20"},"A17":{"desc":"L1P"},"A18":{"desc":"H1T","t":"H269"},"A19":{"desc":"L1P"},"A1C":{"t":"SR22"},"A1D":{"t":"SR22"},"A21":{"t":"B772"},"A39":{"t":"SF50"},"A3A":{"t":"RV14"},"A48":{"t":"SR22"},"A4E":{"t":"T206"},"A52":{"t":"C310"},"A54":{"t":"ULAC"},"A55":{"desc":"L1P"},"A58":{"t":"S22T"},"A5B":{"desc":"L1P"},"A5C":{"t":"C182"},"A5F":{"t":"B737"},"A60":{"desc":"A1P","t":"ULAC"},"A64":{"t":"C750"},"A69":{"desc":"L1P"},"A7E":{"desc":"L1P"},"A81":{"desc":"H2T"},"A84":{"desc":"L1P"},"A9A":{"desc":"L1P"},"A9D":{"t":"RV12"},"A9E":{"t":"S22T"},"AB6":{"t":"GLID"},"AB7":{"t":"PA22"},"AB8":{"t":"L8"},"AB9":{"t":"C195"},"ABA":{"t":"M20P"},"ABD":{"t":"C182"},"ABE":{"t":"H269"},"ABF":{"t":"C172"},"AC0":{"t":"L8"},"AC1":{"t":"M20P"},"AC2":{"t":"J3"},"AC3":{"t":"C140"},"AC5":{"t":"C77R"},"AC6":{"desc":"L1P"},"AC8":{"t":"P28A"},"AC9":{"t":"B77W"},"ACA":{"t":"P28A"},"ACB":{"t":"BE23"},"ACD":{"t":"P28A"},"ACE":{"t":"P28B"},"AD0":{"t":"C182"},"AD1":{"t":"C182"},"AD2":{"t":"C172"},"AD3":{"t":"C182"},"AD4":{"t":"C182"},"AD8":{"t":"H269"},"ADB":{"t":"AC90"},"ADD":{"t":"C182"},"ADE":{"t":"CH7A"},"ADF":{"t":"C206"},"AE0":{"t":"C182"},"AE1":{"t":"ERCO"},"AE2":{"t":"P28A"},"AE4":{"t":"BE36"},"AE7":{"t":"PA23"},"AE8":{"t":"C77R"},"AE9":{"t":"P28A"},"AEB":{"t":"P28R"},"AED":{"t":"C140"},"AEE":{"t":"BE23"},"AEF":{"t":"C337"},"AF0":{"t":"C172"},"AF2":{"t":"BALL"},"AF3":{"t":"P28A"},"AF4":{"t":"P28A"},"AF5":{"t":"C182"},"AF6":{"t":"C182"},"AF8":{"t":"C182"},"AFA":{"t":"PA32"},"AFF":{"t":"C195"},"B00":{"t":"BE35"},"B01":{"t":"CH7A"},"B05":{"desc":"L2J","t":"A21N"},"B06":{"t":"GLID"},"B08":{"t":"P28U"},"B09":{"t":"C140"},"B0B":{"t":"C77R"},"B0C":{"t":"P28A"},"B0D":{"t":"C82S"},"B0E":{"t":"C172"},"B0F":{"t":"B77W"},"B12":{"t":"P28T"},"B13":{"t":"P28B"},"B14":{"desc":"L1P"},"B16":{"t":"C182"},"B1A":{"t":"P32T"},"B1C":{"t":"ULAC"},"B1D":{"t":"P28A"},"B1F":{"desc":"L1P"},"B20":{"t":"PA44"},"B21":{"t":"P32T"},"B22":{"t":"CH7B"},"B26":{"t":"P28A"},"B28":{"t":"BE58"},"B2A":{"t":"BE55"},"B2B":{"t":"J3"},"B2C":{"t":"C140"},"B2D":{"t":"P28B"},"B2E":{"t":"C77R"},"B30":{"t":"T210"},"B31":{"t":"P28A"},"B33":{"t":"C140"},"B34":{"t":"BALL"},"B36":{"t":"P28A"},"B37":{"t":"P28B"},"B38":{"t":"C310"},"B3A":{"t":"J3"},"B3C":{"t":"M20P"},"B3D":{"t":"P32T"},"B3E":{"t":"P32T"},"B40":{"t":"PA44"},"B41":{"t":"M20T"},"B42":{"desc":"L1P"},"B43":{"t":"PA22"},"B47":{"t":"CH7A"},"B4B":{"t":"P28U"},"B4D":{"t":"BE36"},"B4E":{"t":"P28U"},"B4F":{"t":"P28B"},"B50":{"t":"M20P"},"B52":{"t":"C182"},"B53":{"desc":"L1P"},"B54":{"t":"P28A"},"B56":{"t":"C182"},"B57":{"t":"P28A"},"B5A":{"t":"C180"},"B5B":{"t":"J3"},"B5C":{"t":"P28A"},"B5D":{"t":"P28A"},"B5E":{"t":"P28A"},"B60":{"t":"C182"},"B61":{"t":"C172"},"B63":{"t":"M20T"},"B64":{"t":"PA32"},"B65":{"desc":"L1P"},"B67":{"t":"L8"},"B6A":{"t":"CH7A"},"B6B":{"t":"AA5"},"B6C":{"t":"C182"},"B6D":{"t":"BALL"},"B6E":{"t":"C172"},"B6F":{"t":"L8"},"B71":{"t":"P28R"},"B72":{"t":"PA32"},"B74":{"t":"C77R"},"B75":{"t":"T206"},"B76":{"t":"T210"},"B77":{"t":"C172"},"B79":{"desc":"L2J"},"B7A":{"t":"ULAC"},"B7B":{"t":"M20P"},"B7C":{"t":"C172"},"B7E":{"t":"C182"},"B7F":{"t":"BALL"},"B80":{"t":"M20P"},"B81":{"t":"C182"},"B82":{"t":"C182"},"B83":{"t":"C172"},"B84":{"desc":"L1P"},"B85":{"t":"C182"},"B87":{"t":"P32T"},"B89":{"t":"C182"},"B8A":{"t":"BALL"},"B8B":{"t":"C82S"},"B8C":{"t":"BE35"},"B8D":{"t":"CH7A"},"B8F":{"desc":"L2J"},"B91":{"desc":"L2J"},"B93":{"t":"BE58"},"B94":{"t":"J3"},"B95":{"desc":"L1P","t":"ULAC"},"B97":{"t":"C77R"},"B99":{"desc":"L1T"},"B9A":{"t":"P28A"},"B9B":{"t":"P28U"},"B9C":{"t":"C140"},"B9E":{"t":"M20P"},"BA2":{"t":"C182"},"BA3":{"t":"C182"},"BA8":{"t":"BALL"},"BAA":{"t":"P32T"},"BAC":{"t":"PA22"},"BAD":{"t":"BALL"},"BAE":{"t":"C195"},"BAF":{"t":"P28B"},"BB0":{"t":"CH7A"},"BB2":{"t":"P28A"},"BB3":{"t":"ERCO"},"BB4":{"t":"P28U"},"BB5":{"t":"PA32"},"BB8":{"t":"PA32"},"BB9":{"t":"PA32"},"BBD":{"t":"P28A"},"BBF":{"t":"C140"},"BC0":{"t":"BE23"},"BC1":{"desc":"L1P"},"BC2":{"t":"C172"},"BC3":{"t":"P28B"},"BC4":{"t":"B06"},"BC5":{"desc":"L1P"},"BC6":{"t":"C182"},"BC8":{"t":"C182"},"BC9":{"t":"C182"},"BCB":{"t":"C182"},"BCC":{"t":"J3"},"BCD":{"t":"M20P"},"BD0":{"t":"P32T"},"BD1":{"t":"M20P"},"BD3":{"t":"C172"},"BD4":{"t":"PA44"},"BD5":{"t":"C182"},"BD6":{"t":"ERCO"},"BD7":{"t":"P28U"},"BD9":{"t":"BE36"},"BDB":{"t":"P32T"},"BDC":{"t":"PA32"},"BDD":{"t":"C77R"},"BE2":{"t":"BALL"},"BE3":{"t":"T206"},"BE4":{"t":"P28U"},"BE6":{"t":"P28A"},"BE7":{"t":"P28A"},"BE8":{"t":"P28A"},"BEA":{"t":"C172"},"BEB":{"t":"J3"},"BEC":{"t":"C172"},"BED":{"t":"J3"},"BEE":{"t":"C182"},"BEF":{"t":"C182"},"BF0":{"t":"P28A"},"BF3":{"t":"L8"},"BF4":{"t":"C195"},"BF5":{"t":"P32T"},"BF6":{"t":"P28B"},"BF8":{"t":"C182"},"BF9":{"t":"ERCO"},"BFA":{"t":"P28B"},"BFB":{"t":"L8"},"BFC":{"t":"BE36"},"BFD":{"t":"J3"},"C00":{"t":"C77R"},"C03":{"t":"P28B"},"C05":{"t":"C140"},"C08":{"t":"C172"},"C09":{"t":"P28A"},"C0A":{"t":"C182"},"C0C":{"t":"P210"},"C0D":{"t":"T206"},"C0F":{"t":"C182"},"C10":{"t":"H269"},"C11":{"t":"B06"},"C13":{"t":"P32T"},"C15":{"t":"C310"},"C16":{"desc":"L1P","t":"ULAC"},"C18":{"t":"A320"},"C1B":{"t":"C172"},"C1C":{"t":"CRJ7"},"C1F":{"t":"B739"},"C21":{"desc":"L1P"},"C23":{"desc":"H8E"},"C26":{"desc":"L1P"},"C27":{"desc":"L1J"},"C29":{"desc":"L1P"},"C2B":{"t":"L39"},"C2E":{"t":"BE35"},"C2F":{"t":"C208"},"C30":{"t":"H25B"},"C31":{"t":"BL8"},"C34":{"t":"BE35"},"C39":{"t":"CL30"},"C3B":{"t":"DA42"},"C40":{"t":"C208"},"C42":{"t":"E550"},"C43":{"desc":"L1P"},"C47":{"t":"PA32"},"C49":{"t":"C340"},"C4A":{"t":"C82R"},"C4B":{"t":"SR20"},"C4D":{"desc":"L1P"},"C4E":{"desc":"L1P"},"C4F":{"t":"BE55"},"C53":{"desc":"L2P"},"C55":{"t":"SR20"},"C57":{"t":"AC11"},"C58":{"desc":"L1P"},"C59":{"t":"COL4"},"C61":{"t":"CL30"},"C62":{"t":"C82T"},"C63":{"t":"R44"},"C64":{"t":"GLID"},"C69":{"t":"C182"},"C6E":{"desc":"A1P"},"C71":{"t":"DA40"},"C75":{"desc":"L1P"},"C79":{"t":"DA62"},"C7F":{"t":"GLEX"},"C81":{"t":"AS50"},"C89":{"t":"AA5"},"C8D":{"t":"PA34"},"C9A":{"t":"F2TH"},"C9B":{"t":"S22T"},"CA2":{"t":"C172"},"CA7":{"t":"PA44"},"CAB":{"desc":"L1P"},"CAF":{"desc":"H1P"},"CB3":{"t":"AS50"},"CB8":{"t":"P210"},"CBB":{"desc":"L1P"},"CBC":{"t":"R44"},"CBD":{"desc":"L2P"},"CC5":{"desc":"L2J","t":"A21N"},"CC7":{"t":"BE20"},"CCB":{"t":"C25C"},"CD2":{"desc":"L1P"},"CD4":{"t":"C172"},"CE0":{"desc":"L1P"},"CE1":{"t":"P32R"},"CE4":{"t":"S22T"},"CE8":{"t":"BE40"},"CE9":{"desc":"L1P"},"CEB":{"t":"SR22"},"CEC":{"t":"E75L"},"CEE":{"t":"BE20"},"CEF":{"desc":"L1P"},"CF6":{"desc":"L1P"},"CF7":{"t":"B212"},"CF8":{"t":"BALL"},"D04":{"desc":"L1P","t":"ULAC"},"D0D":{"desc":"L1P"},"D0F":{"desc":"L1P"},"D11":{"t":"BALL"},"D12":{"t":"B06"},"D15":{"desc":"L1P"},"D1A":{"desc":"L1P"},"D1D":{"t":"C172"},"D21":{"desc":"H1P"},"D28":{"desc":"H1T"},"D29":{"t":"E145"},"D2A":{"t":"BE58"},"D2B":{"t":"C208"},"D30":{"desc":"L1P"},"D36":{"t":"C421"},"D39":{"t":"H269"},"D3A":{"t":"SR22"},"D3D":{"t":"BE35"},"D44":{"t":"BE36"},"D4E":{"t":"E75L"},"D55":{"t":"A320"},"D5A":{"t":"BE33"},"D5C":{"desc":"L1P"},"D5D":{"t":"TOBA"},"D63":{"t":"C172"},"D6B":{"t":"CRJ2"},"D8C":{"desc":"L1P"},"D8D":{"t":"P28A"},"D8E":{"t":"C25A"},"D8F":{"t":"BE24"},"D90":{"desc":"L1P","t":"ULAC"},"D91":{"t":"F2TH"},"D94":{"t":"RV12"},"D98":{"t":"P28S"},"D9C":{"t":"SR22"},"DA0":{"t":"BL8"},"DA1":{"t":"BE36"},"DA5":{"t":"BE35"},"DA7":{"t":"BE20"},"DA8":{"t":"B06"},"DA9":{"t":"P46T"},"DAD":{"t":"GLID"},"DB1":{"desc":"L1P"},"DB3":{"desc":"L1P"},"DB5":{"t":"SR20"},"DB6":{"desc":"L1P"},"DB7":{"t":"PA32"},"DBF":{"t":"C208"},"DC0":{"desc":"L1P"},"DC5":{"desc":"L1P"},"DC6":{"t":"PA31"},"DC9":{"desc":"L1P"},"DCA":{"t":"GL5T"},"DCC":{"t":"BE40"},"DCF":{"desc":"L1P"},"DD0":{"t":"S22T"},"DD3":{"desc":"L1P"},"DD4":{"t":"C208"},"DD8":{"t":"B772"},"DDF":{"t":"UH1"},"DF2":{"t":"T206"},"E01":{"t":"SR20"},"E09":{"desc":"L1P"},"E0C":{"t":"BALL"},"E0E":{"t":"B722"},"E15":{"desc":"L1P"},"E16":{"t":"B737"},"E17":{"desc":"A1P"},"E22":{"desc":"A1P"},"E38":{"desc":"H2T"},"E3B":{"t":"BE35"},"E60":{"desc":"L1P","t":"ULAC"},"E6D":{"t":"C208"},"E6E":{"t":"PA18"},"E6F":{"t":"P32T"},"E71":{"t":"BE35"},"E72":{"t":"C172"},"E73":{"t":"P28A"},"E74":{"t":"C172"},"E75":{"t":"WW24"},"E76":{"t":"P28B"},"E77":{"t":"T206"},"E79":{"t":"B06"},"E7A":{"t":"C140"},"E7B":{"t":"PA23"},"E7D":{"t":"P28A"},"E7F":{"t":"P28A"},"E80":{"desc":"H1P"},"E81":{"t":"C140"},"E83":{"t":"M20P"},"E84":{"t":"P28A"},"E85":{"t":"P28A"},"E86":{"t":"PA44"},"E87":{"t":"C182"},"E8A":{"t":"J3"},"E8B":{"t":"J3"},"E8C":{"t":"J3"},"E8D":{"t":"B06"},"E8E":{"t":"C182"},"E91":{"t":"PA18"},"E93":{"t":"C195"},"E96":{"t":"C172"},"E97":{"t":"C182"},"E9A":{"t":"L8"},"E9C":{"t":"J3"},"E9D":{"t":"C140"},"EA0":{"t":"C182"},"EA1":{"t":"C210"},"EA4":{"t":"C140"},"EA5":{"t":"BE23"},"EA6":{"t":"C182"},"EA7":{"t":"C82S"},"EA8":{"t":"C180"},"EA9":{"t":"BALL"},"EAD":{"t":"C182"},"EAE":{"t":"C172"},"EAF":{"t":"C182"},"EB0":{"t":"C172"},"EB1":{"t":"C182"},"EB2":{"t":"J3"},"EB3":{"t":"GLID"},"EB4":{"t":"P28A"},"EB5":{"t":"L8"},"EB6":{"t":"C195"},"EBC":{"desc":"L1P"},"EBD":{"t":"C182"},"EBF":{"t":"J3"},"EC0":{"desc":"L1P"},"EC1":{"t":"PA23"},"EC2":{"t":"C77R"},"EC3":{"t":"C182"},"EC4":{"t":"C172"},"EC6":{"desc":"H1P"},"EC7":{"t":"C172"},"EC9":{"desc":"L1P"},"ECA":{"t":"C172"},"ECB":{"t":"P28A"},"ECC":{"t":"C182"},"ECE":{"t":"P28A"},"ECF":{"t":"J3"},"ED1":{"desc":"L1P"},"ED4":{"t":"J3"},"ED5":{"t":"C182"},"ED7":{"t":"C172"},"ED9":{"t":"C177"},"EDB":{"t":"CH7A"},"EE2":{"t":"P28S"},"EE3":{"t":"P32T"},"EE6":{"t":"BT36"},"EE8":{"t":"P28A"},"EEA":{"t":"M20T"},"EEF":{"t":"M20P"},"EF0":{"t":"PA18"},"EF4":{"t":"C172"},"EF5":{"t":"C182"},"EF6":{"t":"E145"},"EF7":{"t":"M20T"},"EFA":{"t":"PA18"},"EFD":{"t":"BE35"},"EFE":{"t":"P32T"},"EFF":{"t":"P28A"},"F00":{"t":"C182"},"F02":{"t":"C172"},"F05":{"t":"J3"},"F06":{"t":"C140"},"F07":{"t":"PA23"},"F08":{"t":"C185"},"F09":{"t":"P28A"},"F0D":{"t":"C82S"},"F0E":{"t":"BE23"},"F0F":{"t":"M20T"},"F11":{"t":"BALL"},"F12":{"t":"C182"},"F14":{"t":"C182"},"F15":{"t":"C172"},"F18":{"t":"C185"},"F19":{"t":"C82S"},"F1A":{"t":"C182"},"F1D":{"desc":"A1P"},"F21":{"t":"M20P"},"F24":{"t":"PA32"},"F26":{"t":"M20P"},"F28":{"t":"P28S"},"F29":{"t":"BT36"},"F2A":{"t":"M20P"},"F2B":{"t":"C77R"},"F2C":{"t":"C182"},"F2E":{"t":"P28A"},"F2F":{"t":"P28U"},"F31":{"t":"M20T"},"F33":{"t":"C172"},"F34":{"t":"B06"},"F35":{"t":"C182"},"F38":{"t":"C172"},"F39":{"t":"C182"},"F3C":{"t":"C182"},"F40":{"t":"PA18"},"F41":{"t":"PA44"},"F42":{"t":"C195"},"F44":{"t":"P32T"},"F46":{"t":"C182"},"F4B":{"t":"J3"},"F4C":{"t":"T206"},"F4D":{"t":"ULAC"},"F4E":{"t":"C77R"},"F4F":{"t":"C182"},"F50":{"t":"BALL"},"F51":{"t":"P28A"},"F53":{"t":"C140"},"F55":{"desc":"L1P","t":"ULAC"},"F59":{"t":"J3"},"F5A":{"t":"C182"},"F5C":{"t":"C172"},"F5E":{"t":"C182"},"F5F":{"t":"P28B"},"F62":{"t":"ULAC"},"F63":{"desc":"L1P"},"F64":{"t":"P28A"},"F65":{"desc":"L1T"},"F68":{"t":"P28B"},"F69":{"t":"C182"},"F6A":{"t":"C172"},"F6D":{"t":"M20P"},"F6E":{"t":"P28U"},"F6F":{"t":"P32T"},"F70":{"t":"H269"},"F73":{"t":"C210"},"F75":{"desc":"L1P","t":"ULAC"},"F77":{"t":"BE19"},"F79":{"t":"P28A"},"F7A":{"t":"C180"},"F7C":{"t":"C172"},"F7D":{"t":"BALL"},"F80":{"t":"J3"},"F81":{"t":"C172"},"F82":{"t":"J3"},"F84":{"t":"J5"},"F86":{"t":"PA18"},"F88":{"t":"C195"},"F8B":{"t":"PA32"},"F8E":{"t":"C188"},"F8F":{"t":"L8"},"F91":{"t":"PA32"},"F92":{"t":"M20P"},"F93":{"desc":"L1P"},"F96":{"t":"C172"},"F97":{"t":"H269"},"F98":{"t":"C501"},"F9C":{"t":"C172"},"F9D":{"t":"P28A"},"F9E":{"t":"C172"},"F9F":{"t":"C182"},"FA1":{"t":"J3"},"FA2":{"t":"J3"},"FA3":{"t":"C172"},"FA5":{"t":"C182"},"FA6":{"t":"C172"},"FAA":{"t":"L8"},"FAD":{"t":"M20P"},"FAF":{"t":"C182"},"FB0":{"t":"P28A"},"FB3":{"t":"BE36"},"FB6":{"t":"T206"},"FB7":{"t":"P28A"},"FB9":{"t":"PA34"},"FBC":{"t":"C140"},"FBF":{"t":"C172"},"FC2":{"t":"C172"},"FC4":{"t":"C182"},"FC6":{"t":"J3"},"FC8":{"t":"C182"},"FC9":{"t":"C182"},"FCA":{"t":"J4"},"FCC":{"desc":"L1P"},"FCE":{"t":"R22"},"FCF":{"t":"CH7A"},"FD0":{"t":"C82S"},"FD2":{"t":"C172"},"FD3":{"t":"CRJ7"},"FDD":{"desc":"L1P","t":"ULAC"},"FE2":{"t":"L39"},"FE6":{"t":"C182"},"FE7":{"t":"BALL"},"FE8":{"t":"BL8"},"FE9":{"t":"S22T"},"FEC":{"t":"C56X"},"FED":{"t":"ULAC"},"FF0":{"t":"C310"},"FF1":{"desc":"L1T","t":"M600"},"FF5":{"desc":"L1P"},"FF6":{"desc":"L1P"},"FFE":{"t":"S108"}}