{"000":{"desc":"L1P"},"001":{"t":"T206"},"002":{"desc":"L2T"},"004":{"t":"SF50"},"006":{"t":"AS50"},"009":{"t":"C152"},"00A":{"desc":"L1P"},"00C":{"t":"T206"},"00F":{"desc":"L2T"},"012":{"desc":"L1P"},"018":{"t":"DA40"},"019":{"desc":"L1P"},"01A":{"t":"C182"},"01C":{"t":"SF50"},"01E":{"t":"DA40"},"01F":{"t":"SR22"},"021":{"t":"SR20"},"023":{"desc":"L2J"},"025":{"t":"B763"},"027":{"desc":"L1P"},"028":{"desc":"L1P"},"029":{"desc":"L1P"},"02B":{"t":"C152"},"02C":{"t":"ULAC"},"02D":{"t":"P28A"},"02E":{"t":"LJ60"},"02F":{"desc":"L1P"},"035":{"desc":"L1P"},"038":{"t":"AS50"},"04C":{"t":"SR22"},"059":{"t":"A320"},"05A":{"t":"BALL"},"05E":{"t":"PA44"},"065":{"t":"P28R"},"06A":{"t":"UH1"},"06D":{"t":"S22T"},"074":{"t":"DA40"},"07C":{"desc":"L2J","t":"A21N"},"07F":{"t":"R44"},"087":{"desc":"L1P"},"089":{"desc":"L1P"},"08D":{"desc":"L1P"},"08E":{"desc":"A2P"},"093":{"t":"GLF4"},"094":{"t":"GLID"},"095":{"t":"C72R"},"096":{"t":"E190"},"09E":{"t":"C182"},"0A0":{"desc":"L1P"},"0A3":{"t":"E75L"},"0A4":{"desc":"L1P"},"0A5":{"desc":"L1P"},"0AD":{"desc":"L1P"},"0B0":{"t":"PC12"},"0B7":{"t":"M20P"},"0BC":{"desc":"A1T","t":"KODI"},"0C2":{"desc":"L1P"},"0C6":{"t":"SR22"},"0C8":{"t":"C414"},"0C9":{"desc":"H1P"},"0CC":{"desc":"L1P"},"0CE":{"t":"T206"},"0D7":{"t":"B06"},"0D8":{"t":"C172"},"0DF":{"desc":"L1P"},"0E0":{"t":"P32R"},"0E2":{"t":"BALL"},"0E5":{"desc":"H4E"},"0E7":{"t":"B06"},"0ED":{"desc":"L1P"},"0F0":{"desc":"L1P"},"0F1":{"desc":"L1P"},"0F4":{"t":"C560"},"0F8":{"t":"SR22"},"0FA":{"t":"T206"},"105":{"t":"E75L"},"10C":{"t":"A320"},"111":{"desc":"L1P"},"114":{"t":"BE35"},"119":{"desc":"L1P"},"11A":{"desc":"H1T"},"11B":{"desc":"L1T"},"11D":{"desc":"H1P"},"122":{"t":"CRJ2"},"123":{"desc":"L1P","t":"ULAC"},"126":{"t":"P32R"},"129":{"desc":"L1P","t":"ULAC"},"13B":{"t":"CL60"},"143":{"t":"BE36"},"144":{"t":"M20P"},"146":{"desc":"L1P"},"14A":{"t":"C172"},"14D":{"desc":"L1P"},"14F":{"desc":"L1P"},"151":{"t":"BE20"},"154":{"desc":"L1P"},"157":{"desc":"L1P"},"15E":{"t":"T206"},"160":{"t":"UH1"},"168":{"desc":"L1P"},"16A":{"t":"C172"},"16C":{"t":"P28A"},"173":{"t":"S22T"},"175":{"desc":"L1P"},"176":{"t":"AT6T"},"17A":{"desc":"L1P"},"17D":{"desc":"L1P"},"181":{"t":"C25B"},"183":{"t":"GLID"},"186":{"t":"C172"},"188":{"t":"P06T"},"189":{"t":"B06"},"18F":{"t":"B772"},"1A7":{"desc":"L1P","t":"ULAC"},"1BB":{"t":"G280"},"1C0":{"desc":"L1P"},"1C3":{"t":"UH1"},"1C5":{"t":"B722"},"1D0":{"t":"B737"},"1D7":{"t":"HUSK"},"1EF":{"desc":"H2T"},"217":{"t":"PA38"},"224":{"t":"AC90"},"227":{"t":"C195"},"228":{"t":"C172"},"22D":{"t":"C188"},"233":{"t":"C172"},"234":{"t":"C182"},"235":{"t":"C210"},"236":{"t":"P28A"},"23B":{"t":"C172"},"23C":{"desc":"L1P"},"23F":{"desc":"L1P","t":"ULAC"},"241":{"t":"J3"},"242":{"t":"P28A"},"244":{"desc":"L1P"},"245":{"t":"C182"},"246":{"t":"J3"},"248":{"t":"P32T"},"24A":{"t":"C195"},"24B":{"desc":"L1P"},"24C":{"t":"C172"},"250":{"t":"H269"},"252":{"t":"BALL"},"255":{"t":"C182"},"256":{"t":"C77R"},"257":{"t":"C182"},"258":{"t":"M20P"},"259":{"t":"BALL"},"25B":{"t":"C140"},"25C":{"t":"BE23"},"25D":{"t":"PA32"},"260":{"t":"J3"},"262":{"t":"M20P"},"266":{"t":"C188"},"268":{"t":"C188"},"26A":{"desc":"L1P"},"26E":{"t":"BE35"},"26F":{"t":"CH7A"},"271":{"t":"C182"},"273":{"t":"BALL"},"274":{"t":"PA44"},"275":{"t":"C182"},"278":{"t":"PA23"},"27A":{"t":"P28A"},"27C":{"t":"P28A"},"27F":{"t":"T206"},"280":{"t":"PA32"},"282":{"t":"C180"},"283":{"t":"C188"},"284":{"t":"C172"},"287":{"t":"C182"},"288":{"t":"M20P"},"289":{"t":"C188"},"28A":{"t":"C172"},"28E":{"t":"PA20"},"28F":{"t":"L8"},"292":{"t":"CH7A"},"293":{"t":"PA44"},"294":{"t":"P28A"},"296":{"t":"C182"},"298":{"t":"BE36"},"29B":{"t":"PA23"},"29D":{"t":"C182"},"29E":{"t":"C206"},"2A2":{"t":"BE23"},"2A5":{"t":"C180"},"2A6":{"t":"C188"},"2A7":{"t":"J3"},"2A8":{"t":"M20P"},"2AA":{"t":"C150"},"2AC":{"t":"J3"},"2AE":{"t":"J3"},"2B1":{"t":"PA22"},"2B5":{"t":"A320"},"2B7":{"t":"P28A"},"2B9":{"t":"BALL"},"2BA":{"t":"M20P"},"2BB":{"t":"BE9T"},"2BD":{"t":"C140"},"2C3":{"t":"P28U"},"2C4":{"t":"C140"},"2C5":{"t":"BE19"},"2C6":{"t":"M20T"},"2C7":{"t":"C82S"},"2C8":{"t":"C172"},"2CA":{"t":"C188"},"2CC":{"t":"C172"},"2D0":{"t":"J3"},"2D1":{"t":"C172"},"2D3":{"desc":"L1J"},"2D4":{"t":"PA22"},"2D5":{"t":"P28A"},"2D6":{"t":"C195"},"2D7":{"t":"BE35"},"2D8":{"t":"C172"},"2DA":{"t":"C182"},"2DB":{"t":"P28A"},"2DD":{"t":"M20T"},"2E0":{"t":"M20P"},"2E3":{"t":"C182"},"2E6":{"desc":"L1P"},"2E7":{"t":"C140"},"2E8":{"t":"BE24"},"2EB":{"t":"C180"},"2ED":{"t":"C188"},"2EF":{"t":"C182"},"2F4":{"t":"J3"},"2F5":{"t":"J3"},"2F7":{"t":"PA20"},"2F8":{"t":"P28A"},"2F9":{"t":"C195"},"2FC":{"t":"P28A"},"2FE":{"t":"ERCO"},"2FF":{"desc":"L1P"},"301":{"t":"P28A"},"302":{"t":"PA34"},"303":{"t":"C140"},"305":{"t":"C77R"},"306":{"t":"C182"},"308":{"t":"M20P"},"30A":{"t":"C140"},"30E":{"t":"C180"},"310":{"t":"J3"},"311":{"t":"C172"},"316":{"t":"J3"},"317":{"t":"J3"},"318":{"t":"M20P"},"31A":{"t":"P32T"},"31C":{"t":"C177"},"31E":{"t":"C172"},"31F":{"t":"C206"},"320":{"t":"C182"},"323":{"t":"P28B"},"327":{"t":"C206"},"328":{"t":"C185"},"329":{"t":"C182"},"32B":{"t":"P28A"},"32E":{"t":"BE19"},"330":{"t":"C172"},"331":{"desc":"L1P","t":"ULAC"},"332":{"t":"C172"},"335":{"t":"C188"},"337":{"t":"J3"},"339":{"t":"J3"},"33E":{"t":"P32T"},"33F":{"t":"C195"},"340":{"t":"C172"},"342":{"t":"M20T"},"345":{"t":"M20T"},"346":{"t":"P28B"},"347":{"t":"BE36"},"348":{"t":"J3"},"349":{"t":"C140"},"34C":{"t":"C182"},"34E":{"t":"P28A"},"34F":{"t":"P28B"},"351":{"t":"BE19"},"352":{"t":"C337"},"353":{"t":"C172"},"356":{"t":"J3"},"358":{"t":"PA32"},"35B":{"t":"C188"},"35C":{"t":"J3"},"35F":{"t":"ULAC"},"362":{"t":"C177"},"363":{"desc":"L1P"},"365":{"t":"P28A"},"367":{"t":"ERCO"},"36B":{"t":"C182"},"36C":{"t":"C140"},"36E":{"t":"C77R"},"374":{"t":"M20P"},"375":{"desc":"L1P"},"376":{"t":"C172"},"378":{"t":"C172"},"37A":{"t":"C172"},"37E":{"t":"J4"},"381":{"t":"C172"},"384":{"t":"BE35"},"385":{"t":"ULAC"},"386":{"desc":"H2T"},"389":{"t":"C77R"},"38A":{"t":"CRJ7"},"38C":{"t":"C560"},"38F":{"t":"C182"},"393":{"t":"BE36"},"394":{"desc":"A1P"},"398":{"t":"P28A"},"399":{"t":"L39"},"39D":{"desc":"A1P","t":"ULAC"},"39E":{"t":"SR20"},"39F":{"desc":"L1P"},"3A0":{"desc":"L1P"},"3A1":{"desc":"L1P","t":"ULAC"},"3A3":{"t":"GLID"},"3A4":{"desc":"L2T"},"3A8":{"t":"ULAC"},"3AA":{"desc":"L1P"},"3AD":{"t":"C310"},"3AE":{"desc":"L1P"},"3B1":{"desc":"L1P"},"3B5":{"t":"C185"},"3B6":{"t":"BE58"},"3B7":{"t":"SF50"},"3B8":{"t":"C182"},"3B9":{"t":"SR20"},"3BA":{"t":"SR22"},"3BB":{"t":"DA40"},"3BD":{"t":"BE33"},"3BF":{"t":"LJ35"},"3C1":{"t":"BE20"},"3C3":{"t":"SR22"},"3C7":{"t":"S22T"},"3C9":{"desc":"L1P","t":"ULAC"},"3CA":{"desc":"L1P"},"3CE":{"desc":"L1P"},"3D0":{"desc":"L1P"},"3D1":{"t":"TBM7"},"3D7":{"desc":"L1P"},"3D8":{"t":"R44"},"3D9":{"t":"T206"},"3DA":{"t":"C185"},"3DC":{"t":"B763"},"3DE":{"t":"J3"},"3E7":{"desc":"L1P"},"3E8":{"t":"RV12"},"3E9":{"t":"PC12"},"3EA":{"t":"BE40"},"3EF":{"t":"AS50"},"3F5":{"t":"C172"},"3F9":{"t":"SR22"},"3FD":{"t":"E300"},"404":{"t":"AS50"},"405":{"t":"B722"},"419":{"t":"RC3"},"41B":{"t":"SF50"},"421":{"t":"CL30"},"424":{"t":"C560"},"425":{"t":"SR22"},"429":{"t":"C510"},"433":{"desc":"L2J","t":"A21N"},"434":{"desc":"H1P"},"435":{"t":"PA30"},"43C":{"t":"B06"},"440":{"t":"AS50"},"444":{"desc":"L1P"},"44C":{"t":"C172"},"44D":{"desc":"L1P"},"44E":{"t":"B737"},"451":{"t":"S22T"},"453":{"t":"SR20"},"454":{"desc":"L1P"},"455":{"t":"S22T"},"456":{"t":"C77R"},"457":{"desc":"L1P"},"45A":{"t":"E75L"},"45B":{"desc":"L1P"},"45D":{"desc":"L1P"},"460":{"desc":"L1P"},"464":{"t":"BE55"},"46B":{"t":"GLID"},"47F":{"t":"BALL"},"483":{"t":"PA32"},"484":{"t":"BE20"},"486":{"t":"BE36"},"488":{"desc":"H1P"},"489":{"t":"P28A"},"48B":{"t":"GC1"},"48D":{"desc":"L1P"},"48E":{"t":"HUSK"},"496":{"t":"C180"},"49B":{"t":"C303"},"49E":{"t":"B06"},"49F":{"t":"LJ45"},"4A1":{"t":"BE20"},"4A2":{"desc":"H4E"},"4A7":{"t":"G150"},"4A8":{"t":"ULAC"},"4AB":{"t":"C56X"},"4B9":{"t":"BALL"},"4BA":{"desc":"L1P"},"4BC":{"t":"E75L"},"4C3":{"t":"A320"},"4C8":{"t":"BE33"},"4CB":{"t":"BE36"},"4CE":{"t":"BL8"},"4D0":{"desc":"L1P"},"4D1":{"desc":"H1T"},"4D9":{"t":"BE35"},"4DA":{"t":"FA50"},"4DD":{"t":"FDCT"},"4E1":{"t":"BE35"},"4F2":{"t":"CL60"},"4FA":{"t":"BALL"},"4FB":{"t":"HUSK"},"4FC":{"t":"BE60"},"4FE":{"t":"R44"},"500":{"desc":"L1P"},"502":{"desc":"L1P"},"50B":{"desc":"H1P"},"50E":{"desc":"L1P"},"50F":{"t":"M20P"},"513":{"desc":"L1P"},"514":{"t":"C550"},"515":{"t":"GLID"},"516":{"t":"BE36"},"517":{"t":"BE17"},"519":{"t":"T28"},"51A":{"t":"F900"},"51B":{"desc":"L1J"},"51D":{"t":"S22T"},"51E":{"t":"SR22"},"523":{"t":"SR22"},"525":{"desc":"L1J"},"52A":{"t":"S22T"},"52D":{"t":"LJ35"},"532":{"t":"RV12"},"533":{"t":"ULAC"},"534":{"t":"C560"},"535":{"t":"SR22"},"538":{"t":"TBM7"},"53C":{"t":"SF50"},"53D":{"t":"PA46"},"541":{"t":"BE36"},"542":{"t":"P32R"},"545":{"desc":"L1P"},"546":{"t":"B772"},"556":{"t":"B350"},"55F":{"t":"P32R"},"567":{"t":"SF50"},"577":{"t":"GLID"},"57B":{"desc":"H4E"},"583":{"desc":"L1P"},"58E":{"t":"HUSK"},"5A6":{"desc":"H2T"},"5A9":{"t":"S22T"},"5C2":{"t":"C310"},"5CE":{"desc":"L1P","t":"ULAC"},"5DD":{"t":"M20P"},"5DE":{"t":"C177"},"5E0":{"t":"C172"},"5E1":{"t":"P28A"},"5E2":{"t":"C182"},"5E5":{"t":"L8"},"5E7":{"t":"C182"},"5E8":{"t":"PA44"},"5E9":{"t":"C182"},"5EA":{"t":"C77R"},"5EB":{"t":"P28A"},"5EC":{"t":"C210"},"5ED":{"t":"P28A"},"5EF":{"t":"PA32"},"5F0":{"t":"C82S"},"5F1":{"desc":"L1P"},"5F5":{"t":"C188"},"5F9":{"t":"C172"},"5FA":{"t":"C172"},"5FD":{"t":"C185"},"5FE":{"desc":"A1P"},"5FF":{"t":"PA22"},"600":{"t":"P32T"},"603":{"t":"CH7A"},"604":{"t":"C185"},"608":{"t":"L8"},"60D":{"t":"M20T"},"60E":{"t":"P28A"},"610":{"t":"P28A"},"611":{"desc":"H1P"},"613":{"t":"BE19"},"614":{"t":"C172"},"615":{"t":"P28A"},"616":{"t":"C180"},"617":{"t":"CJ6"},"618":{"t":"C172"},"619":{"t":"GLID"},"61B":{"t":"C172"},"61E":{"t":"P28A"},"61F":{"t":"C172"},"620":{"t":"C172"},"621":{"t":"C172"},"622":{"t":"PA22"},"623":{"t":"P32T"},"624":{"t":"C195"},"625":{"t":"P28A"},"627":{"t":"C206"},"628":{"t":"PA32"},"62A":{"t":"C82S"},"62B":{"t":"P28B"},"62C":{"t":"BE55"},"62D":{"t":"PA24"},"62E":{"desc":"A2P"},"62F":{"t":"PA23"},"630":{"t":"C77R"},"631":{"t":"C182"},"634":{"t":"P28B"},"636":{"t":"C82S"},"638":{"t":"C172"},"63C":{"t":"C82S"},"63D":{"t":"B737"},"63F":{"t":"C172"},"641":{"t":"P32T"},"642":{"desc":"L2P"},"643":{"desc":"L1P"},"645":{"t":"PA22"},"647":{"t":"C195"},"648":{"t":"BE35"},"649":{"t":"C182"},"64B":{"t":"C182"},"64E":{"t":"P28B"},"64F":{"t":"BE33"},"650":{"t":"J3"},"654":{"t":"C182"},"655":{"t":"PA44"},"656":{"t":"P28A"},"657":{"desc":"H1P"},"65B":{"t":"C172"},"65C":{"t":"C172"},"65D":{"t":"P28A"},"65F":{"t":"C172"},"660":{"t":"C82S"},"664":{"t":"M20P"},"669":{"desc":"L1P"},"66A":{"t":"C195"},"66C":{"t":"P28A"},"670":{"t":"M20P"},"671":{"t":"P28U"},"674":{"t":"C140"},"676":{"t":"C77R"},"677":{"t":"P28A"},"678":{"t":"PA32"},"679":{"t":"P28A"},"67B":{"t":"C182"},"67C":{"t":"BE23"},"67D":{"t":"P28A"},"67E":{"t":"C172"},"680":{"t":"CJ6"},"681":{"t":"C172"},"683":{"t":"C172"},"684":{"t":"C82S"},"685":{"t":"C172"},"686":{"t":"C82S"},"687":{"t":"C172"},"689":{"t":"C182"},"68B":{"t":"P32T"},"68D":{"t":"C195"},"690":{"t":"P28U"},"691":{"t":"C182"},"696":{"t":"J3"},"697":{"t":"P28A"},"699":{"t":"C206"},"69A":{"t":"C182"},"69B":{"t":"T210"},"69C":{"t":"P28A"},"69D":{"desc":"H1P"},"69F":{"t":"C82S"},"6A1":{"t":"J3"},"6A6":{"t":"CJ6"},"6A7":{"t":"C172"},"6AA":{"t":"C172"},"6AD":{"desc":"L1P"},"6B0":{"t":"C177"},"6B3":{"t":"C206"},"6B4":{"t":"C182"},"6B5":{"t":"ERCO"},"6B7":{"t":"P28U"},"6B8":{"t":"M20T"},"6B9":{"t":"J3"},"6BC":{"t":"C77R"},"6BD":{"t":"ULAC"},"6BE":{"t":"C82S"},"6BF":{"t":"P28A"},"6C1":{"t":"P32T"},"6C3":{"t":"P28A"},"6C4":{"t":"C172"},"6C9":{"t":"H269"},"6CA":{"t":"C172"},"6CE":{"desc":"L1P"},"6CF":{"t":"C172"},"6D1":{"t":"PA22"},"6D3":{"t":"C177"},"6D5":{"t":"CH7A"},"6D6":{"t":"P28B"},"6D7":{"t":"C182"},"6D8":{"desc":"L1P"},"6D9":{"t":"M20T"},"6DD":{"t":"C120"},"6DE":{"t":"PA23"},"6DF":{"t":"C182"},"6E1":{"t":"C210"},"6E2":{"t":"P28A"},"6E5":{"t":"BE19"},"6E7":{"t":"C172"},"6E8":{"t":"P28B"},"6EB":{"t":"H500"},"6ED":{"t":"C172"},"6EE":{"t":"C182"},"6EF":{"t":"M20P"},"6F1":{"t":"C172"},"6F2":{"desc":"L1P"},"6F5":{"t":"L8"},"6F6":{"t":"C177"},"6F7":{"t":"BE35"},"6F8":{"t":"CH7A"},"6FA":{"t":"P32T"},"6FD":{"t":"P28U"},"6FF":{"t":"J3"},"700":{"t":"C140"},"703":{"t":"C182"},"704":{"t":"C82R"},"705":{"t":"P28A"},"707":{"desc":"L1P"},"708":{"t":"BE23"},"70A":{"t":"P28A"},"70B":{"t":"P28B"},"70F":{"desc":"L1P"},"712":{"t":"M20P"},"713":{"t":"C206"},"714":{"t":"PA34"},"716":{"t":"GLID"},"717":{"t":"PA22"},"718":{"desc":"L1P"},"71B":{"t":"CH7A"},"71C":{"t":"C206"},"71D":{"t":"C182"},"71F":{"t":"J3"},"722":{"t":"C82S"},"725":{"t":"C77R"},"728":{"t":"P28A"},"729":{"desc":"H1P"},"72B":{"t":"M20P"},"72E":{"t":"P28B"},"72F":{"t":"CJ6"},"730":{"t":"C172"},"732":{"desc":"L1P"},"734":{"t":"C172"},"735":{"t":"C82S"},"738":{"t":"C172"},"73A":{"desc":"L1P"},"73D":{"desc":"H2T"},"741":{"t":"CRJ7"},"745":{"t":"GLEX"},"746":{"t":"B407"},"74B":{"t":"MD90"},"74C":{"desc":"L1J"},"752":{"t":"P32R"},"753":{"desc":"L1P"},"754":{"desc":"A1P","t":"ULAC"},"755":{"desc":"L1P"},"756":{"desc":"L1P"},"75B":{"t":"B407"},"75C":{"t":"S22T"},"75D":{"desc":"L1P"},"768":{"desc":"L1P"},"76D":{"t":"FA20"},"76E":{"t":"BALL"},"76F":{"t":"T210"},"770":{"t":"SR20"},"772":{"t":"C340"},"773":{"t":"BE36"},"775":{"t":"CJ6"},"777":{"t":"DA40"},"778":{"t":"GLID"},"77A":{"desc":"L1P"},"77D":{"t":"C240"},"77E":{"desc":"L1P","t":"SR22"},"787":{"t":"FDCT"},"788":{"t":"DA40"},"78A":{"t":"C182"},"78B":{"t":"SR20"},"78C":{"desc":"L1P"},"790":{"t":"ST75"},"793":{"t":"SR22"},"796":{"t":"DA40"},"797":{"desc":"L1P"},"79D":{"t":"BE20"},"79E":{"desc":"L1P","t":"ULAC"},"79F":{"t":"C172"},"7A1":{"t":"BALL"},"7A3":{"t":"GLF3"},"7A9":{"desc":"L1P","t":"ULAC"},"7AA":{"t":"SR22"},"7AF":{"desc":"L1P"},"7B0":{"t":"BALL"},"7B3":{"t":"BE95"},"7B7":{"desc":"L1P"},"7B9":{"t":"B06"},"7D0":{"t":"EA50"},"7D1":{"t":"G280"},"7D2":{"desc":"L1P"},"7D9":{"t":"BE20"},"7E9":{"t":"C172"},"7EA":{"desc":"L2J","t":"A21N"},"7EC":{"t":"BE18"},"7EF":{"t":"GLF5"},"7F0":{"t":"S22T"},"7F4":{"t":"S22T"},"7F7":{"t":"SF50"},"7FA":{"t":"C208"},"803":{"t":"C152"},"804":{"desc":"L1P"},"806":{"desc":"L1P","t":"ULAC"},"807":{"t":"GLF4"},"809":{"t":"C501"},"80D":{"t":"LJ45"},"80E":{"desc":"L1P"},"810":{"t":"MD88"},"811":{"t":"E75L"},"81C":{"t":"BE58"},"81D":{"desc":"L1P"},"81E":{"desc":"L1P","t":"ULAC"},"81F":{"t":"GLF4"},"821":{"t":"CL30"},"825":{"t":"PA44"},"829":{"desc":"A1P"},"834":{"desc":"A1P"},"838":{"desc":"A1P"},"83D":{"t":"SR22"},"83E":{"desc":"L1P"},"840":{"t":"SR22"},"845":{"desc":"H6E"},"84E":{"desc":"L1P"},"84F":{"t":"C25C"},"850":{"desc":"H4E"},"851":{"t":"GLF4"},"853":{"desc":"H4E"},"855":{"t":"B06"},"857":{"desc":"L1P"},"859":{"t":"M20P"},"85A":{"t":"SR20"},"85B":{"desc":"L1P"},"85D":{"desc":"L1P"},"85E":{"t":"AC95"},"868":{"t":"LJ31"},"873":{"t":"E75L"},"87A":{"t":"A320"},"87F":{"desc":"L1P"},"883":{"desc":"L2P"},"884":{"t":"PC12"},"888":{"t":"H25B"},"88B":{"t":"SR22"},"88D":{"t":"C172"},"88F":{"desc":"L1P","t":"ULAC"},"890":{"t":"CRJ2"},"898":{"t":"B350"},"8B1":{"desc":"L1P"},"8B2":{"t":"C172"},"8B3":{"desc":"L1P"},"8B5":{"desc":"L1P"},"8B8":{"t":"E50P"},"8B9":{"t":"S22T"},"8BA":{"desc":"L1P"},"8BB":{"t":"C240"},"8BD":{"desc":"L1P"},"8C6":{"t":"S22T"},"8C7":{"t":"H25B"},"8CA":{"desc":"L1P"},"8CB":{"t":"PA24"},"8CC":{"t":"BALL"},"8CD":{"t":"ULAC"},"8CE":{"t":"UH1"},"8D0":{"t":"T28"},"8D1":{"t":"T206"},"8D2":{"t":"AS50"},"8D3":{"desc":"H1T"},"8D5":{"t":"B190"},"8D6":{"desc":"L1P"},"8D8":{"desc":"H4E"},"8DA":{"t":"SR22"},"8DC":{"desc":"L1P"},"8E1":{"t":"S22T"},"8E3":{"t":"PA18"},"8E4":{"desc":"L1P"},"8E5":{"t":"TAMP"},"8E6":{"desc":"L1P"},"8E9":{"t":"RV12"},"8EA":{"t":"TBM7"},"8EB":{"desc":"L1P"},"8F4":{"t":"P28A"},"8F9":{"desc":"L2P"},"8FC":{"t":"C310"},"8FD":{"t":"B772"},"915":{"desc":"L1P"},"917":{"t":"S22T"},"918":{"t":"RV12"},"91B":{"desc":"L1P"},"92E":{"t":"C182"},"930":{"t":"BE23"},"932":{"desc":"H4E"},"935":{"t":"P28R"},"939":{"t":"DA40"},"93B":{"t":"B737"},"93C":{"t":"P28S"},"93F":{"t":"P28A"},"940":{"t":"SR22"},"943":{"t":"GLF4"},"947":{"t":"SR22"},"95D":{"desc":"H2T"},"985":{"t":"C152"},"992":{"desc":"L1P"},"993":{"t":"PA22"},"995":{"t":"C195"},"996":{"t":"BE35"},"997":{"t":"P28A"},"998":{"t":"PA32"},"999":{"t":"C182"},"99A":{"t":"ERCO"},"99C":{"t":"P28B"},"99E":{"t":"J3"},"9A2":{"t":"P28A"},"9A3":{"t":"C182"},"9A4":{"t":"P28A"},"9A6":{"t":"C140"},"9A7":{"t":"BE23"},"9A9":{"t":"P28A"},"9AA":{"t":"PA32"},"9AC":{"t":"BALL"},"9AD":{"t":"P28A"},"9AE":{"t":"P28A"},"9AF":{"t":"C172"},"9B4":{"t":"C172"},"9B6":{"t":"C82S"},"9B7":{"t":"P28A"},"9BA":{"t":"C182"},"9BB":{"t":"C206"},"9BC":{"t":"C182"},"9BD":{"t":"ERCO"},"9C1":{"t":"J3"},"9C2":{"t":"C182"},"9C5":{"t":"C182"},"9C6":{"t":"T210"},"9C7":{"t":"P28A"},"9C9":{"t":"C140"},"9CA":{"t":"CJ6"},"9D6":{"t":"C188"},"9D7":{"t":"C172"},"9D8":{"t":"GLID"},"9D9":{"t":"PA22"},"9DA":{"t":"P28A"},"9DB":{"t":"C177"},"9DC":{"t":"BE35"},"9DD":{"desc":"L1P"},"9DE":{"t":"C182"},"9DF":{"t":"C182"},"9E0":{"t":"M20P"},"9E2":{"t":"C82S"},"9E3":{"t":"BE55"},"9E4":{"t":"J3"},"9E5":{"t":"C140"},"9E6":{"t":"C182"},"9E7":{"t":"P28A"},"9E8":{"t":"C182"},"9E9":{"t":"C82T"},"9EA":{"t":"P28A"},"9EC":{"t":"P32T"},"9EF":{"t":"C172"},"9F1":{"t":"J3"},"9F2":{"t":"J3"},"9F3":{"t":"J3"},"9F4":{"t":"BALL"},"9F5":{"t":"BALL"},"9F6":{"t":"PA32"},"9F8":{"t":"C188"},"9F9":{"t":"J3"},"9FC":{"t":"M20P"},"9FD":{"t":"L8"},"9FE":{"t":"C177"},"9FF":{"t":"P28A"},"A02":{"t":"C182"},"A04":{"t":"C172"},"A05":{"t":"PA32"},"A06":{"t":"BE36"},"A07":{"t":"P28B"},"A09":{"t":"C82S"},"A0A":{"t":"C77R"},"A0C":{"t":"H269"},"A0D":{"t":"P28A"},"A0F":{"t":"P32T"},"A11":{"t":"CJ6"},"A12":{"t":"B06"},"A13":{"t":"PA32"},"A14":{"t":"BALL"},"A15":{"t":"J3"},"A16":{"t":"C185"},"A17":{"t":"C188"},"A18":{"t":"J3"},"A1A":{"t":"P32T"},"A20":{"t":"P28A"},"A21":{"t":"BALL"},"A22":{"t":"P32T"},"A24":{"t":"C206"},"A25":{"t":"BALL"},"A27":{"t":"ULAC"},"A28":{"t":"BALL"},"A2A":{"t":"BALL"},"A2B":{"t":"M20P"},"A2D":{"t":"C77R"},"A2E":{"t":"C182"},"A30":{"t":"P28A"},"A32":{"t":"C140"},"A36":{"t":"CJ6"},"A37":{"t":"C172"},"A38":{"t":"C172"},"A3A":{"t":"M20P"},"A3B":{"t":"B412"},"A3C":{"t":"J4"},"A3E":{"t":"BALL"},"A3F":{"t":"J3"},"A43":{"t":"P28A"},"A44":{"t":"C195"},"A46":{"t":"C172"},"A48":{"t":"P32T"},"A49":{"t":"ERCO"},"A4A":{"t":"CH7A"},"A4B":{"t":"P32T"},"A4D":{"desc":"L1T"},"A50":{"t":"C77R"},"A54":{"t":"C206"},"A55":{"t":"C140"},"A56":{"t":"BE19"},"A57":{"t":"P28A"},"A59":{"t":"BALL"},"A5A":{"t":"BALL"},"A5B":{"t":"J3"},"A5C":{"t":"C188"},"A5E":{"t":"BALL"},"A60":{"desc":"L1P"},"A61":{"t":"P28A"},"A64":{"t":"GLID"},"A65":{"t":"PA20"},"A67":{"t":"C195"},"A68":{"t":"BE35"},"A6A":{"t":"C206"},"A6C":{"t":"BALL"},"A6D":{"t":"M20P"},"A70":{"t":"BALL"},"A71":{"t":"C140"},"A73":{"t":"C77R"},"A75":{"desc":"L1P"},"A76":{"t":"P28A"},"A77":{"t":"P28B"},"A79":{"t":"BALL"},"A7A":{"t":"C337"},"A7C":{"t":"T206"},"A7E":{"t":"C188"},"A81":{"t":"J3"},"A82":{"t":"BALL"},"A83":{"t":"P28A"},"A84":{"t":"J4"},"A85":{"t":"BALL"},"A87":{"desc":"H4E"},"A8A":{"t":"C195"},"A8B":{"t":"BE35"},"A8D":{"desc":"L1P"},"A8E":{"t":"C182"},"A90":{"desc":"L1P"},"A91":{"desc":"L1P"},"A92":{"t":"B06"},"A93":{"t":"BALL"},"A94":{"t":"C140"},"A98":{"t":"BALL"},"A99":{"t":"P28A"},"A9A":{"t":"PA32"},"A9B":{"t":"C140"},"A9C":{"t":"BALL"},"A9E":{"t":"BALL"},"AA0":{"t":"P28R"},"AA2":{"t":"BALL"},"AA3":{"t":"P32T"},"AA8":{"t":"C172"},"AA9":{"t":"J3"},"AAA":{"t":"GLID"},"AAC":{"t":"L8"},"AB0":{"t":"BALL"},"AB1":{"t":"C182"},"AB5":{"desc":"A1P"},"ABA":{"t":"P28A"},"ABC":{"desc":"L1P"},"AC0":{"desc":"L1P"},"AC1":{"t":"J3"},"AC2":{"t":"C180"},"AC3":{"t":"BALL"},"AC4":{"t":"J3"},"AC6":{"t":"C188"},"ACA":{"t":"C172"},"ACB":{"t":"BALL"},"ACC":{"t":"C525"},"AD1":{"t":"BE35"},"AD2":{"t":"CH7A"},"AD5":{"t":"BALL"},"AD9":{"t":"BALL"},"ADA":{"t":"P28U"},"ADC":{"t":"P28A"},"ADD":{"t":"P28A"},"ADE":{"t":"BALL"},"ADF":{"t":"P28A"},"AE1":{"t":"C140"},"AE2":{"t":"BE23"},"AE3":{"t":"BALL"},"AE5":{"t":"P28A"},"AE6":{"t":"M20T"},"AE8":{"t":"P32T"},"AE9":{"t":"C172"},"AEF":{"t":"P32T"},"AF0":{"t":"WACF"},"AF1":{"t":"P28A"},"AFD":{"t":"PA18"},"B03":{"desc":"L1J"},"B07":{"t":"GALX"},"B0A":{"t":"BE35"},"B0B":{"desc":"A1P","t":"ULAC"},"B0C":{"desc":"L1P"},"B0D":{"t":"P46T"},"B0E":{"desc":"L1P"},"B12":{"t":"B407"},"B13":{"t":"P28A"},"B15":{"desc":"L1P","t":"ULAC"},"B1B":{"t":"B350"},"B1C":{"t":"T210"},"B21":{"t":"GLEX"},"B23":{"desc":"L1P"},"B25":{"desc":"L1P","t":"ULAC"},"B26":{"t":"PA18"},"B27":{"t":"SR20"},"B2B":{"t":"BE58"},"B2E":{"desc":"L1P"},"B2F":{"t":"C25A"},"B30":{"desc":"L1P","t":"ULAC"},"B31":{"t":"SR20"},"B32":{"t":"C25A"},"B33":{"t":"R44"},"B34":{"t":"T206"},"B35":{"t":"S22T"},"B3A":{"t":"B763"},"B3C":{"t":"PA46"},"B3E":{"t":"P28A"},"B41":{"desc":"L1P"},"B43":{"t":"P32R"},"B45":{"desc":"H4E"},"B46":{"t":"BE36"},"B48":{"desc":"L1P"},"B4A":{"t":"B763"},"B4C":{"desc":"H8E"},"B4D":{"t":"DA40"},"B51":{"t":"SR22"},"B55":{"desc":"L1P"},"B57":{"desc":"L1E"},"B60":{"t":"SR20"},"B61":{"t":"RV12"},"B63":{"t":"PA44"},"B8A":{"desc":"L1P"},"B8F":{"desc":"L1P"},"B91":{"desc":"L1P"},"B92":{"t":"B190"},"B93":{"t":"BE58"},"B97":{"t":"C25C"},"B98":{"desc":"H1P"},"B9D":{"t":"GLEX"},"BA0":{"desc":"L1P"},"BA1":{"t":"B407"},"BA6":{"t":"C525"},"BBA":{"t":"SF34"},"BBB":{"desc":"L1P"},"BC0":{"t":"BE9L"},"BC1":{"t":"BE33"},"BC3":{"t":"C150"},"BC4":{"t":"LJ45"},"BC7":{"desc":"L1J"},"BC9":{"t":"P28B"},"BD2":{"desc":"H1T","t":"UH12"},"BDE":{"desc":"L1P"},"BEB":{"t":"C25C"},"BEE":{"t":"C680"},"BEF":{"t":"C680"},"BF0":{"t":"R44"},"C05":{"desc":"L2T"},"C07":{"t":"C182"},"C0B":{"t":"B412"},"C0C":{"t":"B06"},"C0F":{"t":"BE55"},"C10":{"desc":"A1P"},"C12":{"desc":"H4E"},"C14":{"t":"SR20"},"C15":{"t":"C550"},"C2A":{"t":"E75L"},"C31":{"t":"A320"},"C38":{"desc":"L1P"},"C39":{"t":"PC12"},"C3A":{"t":"C182"},"C42":{"t":"SR22"},"C47":{"t":"PA18"},"C4B":{"desc":"L1T","t":"M600"},"C4F":{"t":"BE35"},"C60":{"t":"CL60"},"C68":{"t":"P28B"},"C69":{"t":"C150"},"C6A":{"t":"LJ45"},"C70":{"t":"B06"},"C74":{"t":"B190"},"C76":{"t":"BE36"},"C79":{"t":"S22T"},"C7A":{"desc":"L1P","t":"TB0"},"C7C":{"desc":"L1P"},"C81":{"desc":"L1P"},"C82":{"t":"L39"},"C83":{"t":"C82S"},"C84":{"t":"ULAC"},"C85":{"desc":"L1P","t":"TB1"},"C86":{"t":"S22T"},"C88":{"t":"C172"},"C89":{"t":"B06"},"C8C":{"desc":"L1P"},"C8D":{"desc":"L1P"},"C8F":{"t":"C172"},"C91":{"desc":"A1P","t":"ULAC"},"C93":{"t":"R44"},"C95":{"desc":"H10E"},"C98":{"t":"S22T"},"C9B":{"t":"C560"},"C9C":{"t":"BE58"},"C9D":{"desc":"L1P"},"CA0":{"t":"GLF4"},"CA1":{"t":"PA34"},"CA2":{"t":"O1"},"CA6":{"t":"BE9L"},"CAB":{"t":"SIRA"},"CAF":{"t":"S22T"},"CB0":{"t":"PC12"},"CB4":{"t":"B772"},"CCD":{"desc":"L1P"},"CDA":{"t":"B190"},"CE5":{"t":"SR22"},"CE6":{"t":"PA18"},"CE8":{"t":"BE20"},"CE9":{"desc":"H4E"},"CEA":{"desc":"L1P","t":"TB0"},"CF2":{"t":"B737"},"CFA":{"t":"BE10"},"CFC":{"t":"HUSK"},"CFE":{"t":"PC12"},"D14":{"desc":"H2T"},"D17":{"desc":"L1T","t":"YAK9"},"D2D":{"t":"E75L"},"D2E":{"t":"CL60"},"D30":{"t":"BE55"},"D4B":{"t":"P32T"},"D4C":{"t":"C195"},"D4D":{"t":"BE35"},"D4F":{"t":"C206"},"D50":{"t":"C182"},"D53":{"t":"PA34"},"D54":{"t":"BE36"},"D56":{"t":"C140"},"D57":{"t":"PA23"},"D5B":{"t":"P28A"},"D62":{"t":"C150"},"D64":{"t":"C150"},"D66":{"t":"C150"},"D68":{"t":"BALL"},"D69":{"t":"BALL"},"D6A":{"t":"C150"},"D6C":{"t":"B407"},"D6E":{"t":"P32T"},"D70":{"t":"BE35"},"D71":{"t":"P28A"},"D72":{"t":"C206"},"D73":{"t":"BALL"},"D74":{"desc":"L1P"},"D75":{"t":"PA18"},"D76":{"desc":"L1P"},"D77":{"t":"P28T"},"D78":{"t":"J3"},"D79":{"desc":"L1P"},"D7C":{"t":"C182"},"D7F":{"desc":"H1P"},"D81":{"t":"BE19"},"D83":{"t":"C172"},"D89":{"t":"BE35"},"D8C":{"t":"C150"},"D8E":{"t":"C150"},"D8F":{"t":"B06"},"D92":{"t":"C195"},"D94":{"t":"CH7A"},"D96":{"t":"C182"},"D98":{"t":"M20P"},"D9A":{"t":"BE9L"},"D9B":{"t":"J3"},"D9C":{"t":"M20P"},"D9D":{"t":"C182"},"D9E":{"t":"C77R"},"DA0":{"t":"BALL"},"DA1":{"t":"P28A"},"DA2":{"t":"BALL"},"DA5":{"t":"C337"},"DA7":{"t":"C180"},"DA9":{"t":"AEST"},"DAB":{"t":"C150"},"DAC":{"t":"C150"},"DAE":{"t":"BALL"},"DAF":{"t":"C172"},"DB1":{"t":"C150"},"DB2":{"t":"L8"},"DB3":{"t":"BALL"},"DB4":{"t":"L8"},"DB5":{"t":"C195"},"DB6":{"t":"BALL"},"DB7":{"t":"CH7A"},"DB9":{"t":"M20T"},"DBD":{"desc":"L1P"},"DC1":{"t":"C77R"},"DC2":{"t":"C182"},"DC6":{"t":"PA44"},"DC7":{"t":"C182"},"DC8":{"t":"B06"},"DCA":{"t":"BALL"},"DCB":{"t":"C150"},"DCF":{"t":"BE17"},"DD0":{"t":"BALL"},"DD1":{"t":"C150"},"DD3":{"t":"C150"},"DD5":{"t":"GLF4"},"DD6":{"t":"PA22"},"DD7":{"t":"L8"},"DD8":{"t":"C195"},"DD9":{"t":"BE35"},"DDC":{"t":"C182"},"DDF":{"t":"PA44"},"DE0":{"t":"C182"},"DE2":{"t":"BALL"},"DE4":{"t":"C77R"},"DE5":{"t":"C182"},"DE6":{"t":"C82T"},"DE7":{"t":"P28A"},"DE9":{"t":"C140"},"DEB":{"t":"BALL"},"DEC":{"t":"P28U"},"DED":{"t":"BALL"},"DEE":{"t":"C150"},"DEF":{"t":"BALL"},"DF0":{"t":"C150"},"DF6":{"desc":"L1P"},"DF9":{"desc":"L1P"},"DFB":{"t":"C195"},"DFC":{"t":"BE35"},"DFD":{"t":"P28A"},"DFE":{"t":"C206"},"E03":{"t":"P28T"},"E04":{"t":"P28B"},"E05":{"t":"C140"},"E07":{"t":"C77R"},"E08":{"t":"C182"},"E09":{"t":"C82R"},"E0A":{"t":"P28A"},"E0F":{"t":"ULAC"},"E11":{"t":"C172"},"E12":{"t":"C150"},"E14":{"t":"BALL"},"E16":{"t":"C208"},"E17":{"t":"C172"},"E18":{"t":"C150"},"E19":{"t":"C185"},"E1E":{"t":"C195"},"E1F":{"t":"BE35"},"E24":{"t":"B06"},"E26":{"t":"C82S"},"E28":{"t":"PA32"},"E2A":{"t":"C77R"},"E2B":{"t":"C182"},"E2C":{"t":"H269"},"E2D":{"t":"P28A"},"E2E":{"desc":"H1P"},"E2F":{"t":"PA44"},"E32":{"t":"C172"},"E33":{"t":"C180"},"E35":{"t":"BALL"},"E36":{"desc":"L1P"},"E38":{"t":"C182"},"E3A":{"t":"C150"},"E3B":{"t":"ST75"},"E3D":{"t":"BALL"},"E40":{"t":"L8"},"E41":{"t":"C195"},"E42":{"t":"BE35"},"E45":{"t":"C182"},"E46":{"t":"M20P"},"E47":{"t":"BALL"},"E49":{"t":"BE55"},"E4A":{"t":"J3"},"E4D":{"t":"C77R"},"E4E":{"t":"BALL"},"E50":{"t":"P28A"},"E52":{"t":"C140"},"E53":{"t":"BE19"},"E55":{"t":"C172"},"E57":{"desc":"L1P"},"E58":{"t":"C82S"},"E59":{"t":"C150"},"E5A":{"desc":"L1P"},"E5C":{"t":"C150"},"E5D":{"t":"C150"},"E62":{"t":"PA22"},"E63":{"desc":"H1P"},"E64":{"desc":"H1P"},"E68":{"t":"C182"},"E6D":{"t":"J3"},"E6E":{"t":"C140"},"E6F":{"t":"PA23"},"E71":{"t":"C182"},"E72":{"t":"C82T"},"E75":{"t":"C140"},"E76":{"t":"BALL"},"E78":{"t":"C172"},"E7A":{"t":"C150"},"E7F":{"t":"P28A"},"E80":{"t":"C150"},"E81":{"desc":"L1P"},"E82":{"desc":"L1P"},"E84":{"t":"B47G"},"E87":{"t":"C310"},"E8B":{"t":"C182"},"E8C":{"t":"P28U"},"E8E":{"t":"BE35"},"E8F":{"t":"BE36"},"E91":{"t":"C140"},"E92":{"t":"PA23"},"E95":{"t":"BALL"},"E96":{"t":"P28A"},"E98":{"t":"C140"},"E9B":{"t":"J3"},"E9D":{"t":"C150"},"E9F":{"t":"P32T"},"EA1":{"desc":"L1P"},"EA3":{"t":"L8"},"EA4":{"t":"C150"},"EA8":{"t":"NAVI"},"EAA":{"t":"S22T"},"EAB":{"t":"SR20"},"EAC":{"t":"SR22"},"EAD":{"desc":"L1P"},"EAE":{"t":"C560"},"EAF":{"t":"BE35"},"EB0":{"t":"BL17"},"EB1":{"t":"BE60"},"EB3":{"t":"PT22"},"EB6":{"t":"B47G"},"EB7":{"t":"R22"},"EBB":{"t":"C25B"},"EBC":{"t":"WW24"},"EBD":{"t":"PAY2"},"EBE":{"t":"LJ45"},"EBF":{"t":"SR22"},"EC0":{"desc":"L1P"},"EC1":{"t":"GA5C"},"EC2":{"t":"AA5"},"EC3":{"t":"U21"},"EC4":{"t":"CH7B"},"EC6":{"desc":"L1P"},"EC7":{"t":"CH7A"},"EC8":{"desc":"L1P"},"ECB":{"t":"BE60"},"ECC":{"t":"C337"},"ECD":{"desc":"L1P"},"ECE":{"desc":"L1P"},"ED0":{"desc":"L1P"},"ED1":{"t":"BE18"},"ED2":{"t":"BE55"},"ED3":{"desc":"L1P"},"ED4":{"desc":"L1P"},"ED5":{"t":"SR20"},"ED7":{"t":"BE50"},"ED8":{"t":"BE35"},"ED9":{"t":"C150"},"EDA":{"t":"C182"},"EDB":{"desc":"L1P"},"EDC":{"t":"C185"},"EDD":{"t":"BE58"},"EDE":{"t":"TAYB"},"EDF":{"t":"SR22"},"EE0":{"t":"C182"},"EE1":{"t":"C441"},"EE3":{"t":"PA30"},"EE4":{"t":"P32R"},"EE6":{"t":"C337"},"EE8":{"t":"H25B"},"EE9":{"desc":"L1P"},"EEA":{"t":"BE9L"},"EEB":{"t":"T206"},"EEC":{"t":"LJ45"},"EED":{"t":"C82S"},"EEE":{"t":"C210"},"EEF":{"t":"S22T"},"EF0":{"t":"PA46"},"EF1":{"t":"SR22"},"EF3":{"t":"ST75"},"EF5":{"t":"SR22"},"EF6":{"t":"C82S"},"EF7":{"desc":"L1P"},"EF8":{"t":"C172"},"EF9":{"desc":"L1P","t":"ULAC"},"EFC":{"t":"GLID"},"EFE":{"desc":"L2P"},"EFF":{"t":"SR22"},"F00":{"desc":"L1P"},"F02":{"desc":"L1P"},"F03":{"t":"BL17"},"F04":{"t":"BE33"},"F05":{"t":"PA32"},"F06":{"desc":"L1P"},"F07":{"t":"P28A"},"F09":{"t":"C182"},"F0B":{"t":"GLID"},"F0D":{"t":"B06"},"F0E":{"desc":"L1P"},"F0F":{"t":"C310"},"F10":{"t":"BE35"},"F11":{"t":"AEST"},"F12":{"t":"J3"},"F13":{"t":"SR22"},"F17":{"t":"C501"},"F18":{"t":"C510"},"F19":{"desc":"L1P"},"F1A":{"t":"T210"},"F1D":{"desc":"L1J"},"F1F":{"desc":"L2P"},"F20":{"t":"PA18"},"F21":{"t":"BE55"},"F22":{"t":"E300"},"F25":{"t":"BE20"},"F27":{"t":"C210"},"F28":{"desc":"L1P","t":"ULAC"},"F2A":{"desc":"L1P"},"F2B":{"t":"GLID"},"F2C":{"t":"C185"},"F2D":{"t":"M20P"},"F31":{"t":"C550"},"F36":{"t":"BE9L"},"F3B":{"t":"PA46"},"F3E":{"desc":"L2J"},"F40":{"t":"C310"},"F41":{"t":"C180"},"F42":{"t":"BE33"},"F43":{"t":"PA31"},"F44":{"t":"C550"},"F46":{"t":"BE36"},"F48":{"desc":"L1P"},"F49":{"desc":"L1P"},"F4B":{"t":"PA22"},"F4C":{"t":"C210"},"F4E":{"t":"C550"},"F50":{"desc":"L1T","t":"M600"},"F53":{"t":"GC1"},"F54":{"t":"SR22"},"F55":{"t":"ULAC"},"F58":{"t":"P28T"},"F59":{"t":"C310"},"F5A":{"desc":"L1P"},"F5B":{"desc":"L1P"},"F5D":{"t":"R22"},"F5E":{"t":"BE33"},"F60":{"desc":"L1P"},"F61":{"desc":"L1P","t":"ULAC"},"F63":{"t":"M20T"},"F65":{"desc":"L1T"},"F67":{"t":"BE35"},"F6A":{"t":"HUSK"},"F6B":{"t":"SIRA"},"F6F":{"desc":"L1P"},"F70":{"desc":"L1P","t":"ULAC"},"F71":{"t":"C550"},"F72":{"desc":"L1P"},"F74":{"t":"R22"},"F75":{"desc":"L1P"},"F76":{"desc":"L1P"},"F77":{"t":"C185"},"F78":{"desc":"L1P"},"F7A":{"t":"PT22"},"F7B":{"t":"PA34"},"F7C":{"desc":"L1P"},"F7D":{"t":"C72R"},"F7F":{"desc":"L1T"},"F81":{"desc":"L1P"},"F82":{"t":"AA5"},"F83":{"t":"R22"},"F84":{"t":"PA18"},"F85":{"desc":"A1P"},"F86":{"desc":"L1P"},"F87":{"t":"BE60"},"F89":{"t":"BE60"},"F8A":{"t":"CH7B"},"F8D":{"t":"T6"},"F8E":{"desc":"A1P"},"F8F":{"desc":"L1P"},"F91":{"t":"SR22"},"F92":{"desc":"L1P"},"F93":{"desc":"L1P"},"F95":{"t":"T210"},"F97":{"desc":"L1P"},"F99":{"desc":"A1P"},"F9A":{"t":"P28R"},"F9B":{"desc":"L1P"},"F9D":{"t":"PA38"},"F9E":{"t":"C208"},"FA0":{"t":"PA18"},"FA2":{"t":"S22T"},"FA4":{"desc":"L1P"},"FA5":{"desc":"L1P","t":"ULAC"},"FA6":{"desc":"L1P"},"FA8":{"desc":"L1P"},"FAA":{"desc":"L1P"},"FAB":{"desc":"L1P"},"FAC":{"desc":"L1P"},"FAD":{"t":"BL8"},"FAE":{"t":"PA30"},"FAF":{"desc":"L1P","t":"ULAC"},"FB0":{"t":"PC12"},"FB3":{"t":"GLID"},"FB5":{"desc":"L1P"},"FB6":{"desc":"L1P","t":"ULAC"},"FB7":{"t":"BE55"},"FB8":{"t":"C25A"},"FBA":{"desc":"L1P"},"FBB":{"t":"C182"},"FBC":{"desc":"L1T"},"FBD":{"t":"BE20"},"FBE":{"desc":"L1P"},"FBF":{"t":"C337"},"FC0":{"t":"P28S"},"FC2":{"t":"C414"},"FC4":{"t":"P28B"},"FC5":{"desc":"L2T"},"FC6":{"desc":"L1P"},"FC7":{"t":"P28A"},"FCA":{"desc":"L2P"},"FCB":{"desc":"L1P"},"FCC":{"t":"S22T"},"FCD":{"t":"BE9L"},"FD0":{"t":"E300"},"FD2":{"t":"TBM7"},"FD3":{"desc":"L2T"},"FD4":{"t":"BE9L"},"FD5":{"t":"T6"},"FD9":{"t":"C210"},"FDA":{"t":"H25B"},"FDB":{"t":"PC12"},"FDC":{"t":"B06"},"FDD":{"t":"EA50"},"FDE":{"desc":"L1P"},"FDF":{"t":"PA32"},"FE0":{"desc":"L2T"},"FE1":{"t":"C182"},"FE2":{"t":"BE35"},"FE5":{"t":"M20P"},"FE6":{"desc":"L1P"},"FE8":{"desc":"L1P"},"FE9":{"t":"C82S"},"FEA":{"t":"PC12"},"FEB":{"t":"PC12"},"FED":{"t":"S22T"},"FEE":{"t":"BE24"},"FF0":{"t":"C550"},"FF1":{"t":"S22T"},"FF2":{"t":"BE20"},"FF3":{"desc":"L1P"},"FF7":{"t":"BE35"},"FF9":{"t":"GLID"},"FFA":{"t":"C337"},"FFB":{"t":"B412"},"FFD":{"desc":"L1P"},"FFE":{"t":"BE24"},"FFF":{"t":"C320"}}