{"000":{"t":"B06"},"001":{"t":"C56X"},"002":{"desc":"L1P"},"005":{"t":"C560"},"007":{"desc":"L1T"},"008":{"t":"CL30"},"009":{"t":"BE55"},"00D":{"t":"CRJ9"},"00F":{"t":"CRJ2"},"010":{"t":"FA62"},"017":{"t":"BE35"},"028":{"t":"CL60"},"030":{"t":"PA34"},"033":{"t":"BE20"},"034":{"t":"C310"},"035":{"t":"GLF4"},"037":{"t":"AT3T"},"039":{"desc":"L1P"},"03C":{"t":"M20T"},"03E":{"t":"S22T"},"041":{"t":"S22T"},"042":{"desc":"L1P"},"044":{"desc":"L1P"},"045":{"desc":"H1T"},"049":{"desc":"L1P"},"04A":{"desc":"L2T"},"04B":{"t":"BE40"},"04F":{"t":"GLID"},"050":{"desc":"L1P"},"051":{"t":"R22"},"054":{"desc":"L1T","t":"BE36"},"059":{"desc":"A1P"},"05A":{"t":"GLEX"},"05D":{"t":"PC24"},"062":{"t":"PA18"},"063":{"t":"TWEN"},"06A":{"desc":"H1P"},"06B":{"desc":"L1T"},"072":{"t":"SR20"},"073":{"desc":"L1P"},"077":{"t":"C172"},"078":{"t":"P28R"},"07C":{"t":"B772"},"085":{"t":"S22T"},"08C":{"t":"DA42"},"0AD":{"t":"CH7A"},"0AF":{"t":"C172"},"0B0":{"t":"P28A"},"0B4":{"t":"A321"},"0B5":{"t":"C750"},"0BA":{"t":"B737"},"0BB":{"desc":"L2T"},"0BE":{"t":"DA40"},"0BF":{"t":"BE24"},"0C2":{"t":"T28"},"0C6":{"t":"P208"},"0DF":{"t":"CL30"},"0E9":{"desc":"L2T"},"0F8":{"t":"S22T"},"111":{"desc":"L1P"},"113":{"t":"BE58"},"11B":{"desc":"L1P"},"120":{"t":"P28A"},"122":{"t":"C210"},"123":{"t":"C82R"},"124":{"desc":"L1P"},"125":{"t":"C140"},"127":{"t":"GLID"},"12C":{"t":"C150"},"12E":{"t":"J3"},"12F":{"t":"G280"},"134":{"t":"C172"},"135":{"desc":"L1T"},"139":{"t":"CH7A"},"13A":{"t":"C310"},"13B":{"t":"C182"},"13E":{"t":"L8"},"143":{"t":"P28A"},"145":{"desc":"L1P"},"146":{"t":"C82R"},"148":{"t":"C140"},"14A":{"desc":"L1P"},"151":{"t":"C150"},"152":{"desc":"L1T"},"154":{"t":"GLID"},"15B":{"t":"C170"},"15D":{"t":"C310"},"15E":{"t":"C182"},"15F":{"t":"ERCO"},"160":{"t":"C150"},"161":{"t":"L8"},"164":{"t":"C140"},"165":{"t":"E300"},"169":{"t":"BE36"},"16F":{"desc":"L1P"},"171":{"t":"C150"},"173":{"t":"B06"},"176":{"t":"C150"},"178":{"t":"C150"},"179":{"t":"C150"},"17B":{"desc":"L1P"},"17E":{"desc":"L1P"},"183":{"t":"C150"},"185":{"t":"BE35"},"189":{"t":"P28A"},"18B":{"t":"C82T"},"192":{"desc":"L1P"},"193":{"t":"C150"},"194":{"t":"J3"},"197":{"t":"C150"},"199":{"t":"C150"},"19A":{"t":"C150"},"19C":{"t":"C150"},"1A0":{"t":"C180"},"1A1":{"desc":"A1P"},"1A2":{"t":"C170"},"1A3":{"t":"ULAC"},"1A7":{"t":"L8"},"1A8":{"t":"BE36"},"1A9":{"t":"PA34"},"1AA":{"t":"C140"},"1AB":{"t":"PA23"},"1AC":{"t":"P28A"},"1AF":{"t":"C82R"},"1B0":{"desc":"H1P"},"1B1":{"t":"C140"},"1B3":{"t":"C337"},"1B4":{"t":"C177"},"1B7":{"t":"ULAC"},"1BC":{"t":"C150"},"1BD":{"t":"C150"},"1BF":{"desc":"L1P"},"1C3":{"t":"C180"},"1C4":{"t":"C170"},"1C7":{"t":"C182"},"1CB":{"t":"BE36"},"1CC":{"t":"PA34"},"1CF":{"t":"P28R"},"1D1":{"t":"C82R"},"1D4":{"t":"C140"},"1D7":{"t":"C177"},"1DD":{"t":"J4"},"1E5":{"t":"C25C"},"1ED":{"desc":"L2T"},"1EE":{"t":"BE33"},"1EF":{"t":"P28A"},"1F2":{"t":"P28S"},"1F8":{"desc":"L1P"},"1F9":{"desc":"L1P"},"1FA":{"desc":"L2T"},"1FB":{"desc":"L2T"},"1FD":{"t":"J3"},"1FF":{"t":"C150"},"201":{"t":"C150"},"203":{"t":"C150"},"207":{"t":"DA40"},"209":{"desc":"L1P"},"20B":{"t":"CH7A"},"20D":{"t":"C182"},"20E":{"t":"ERCO"},"210":{"desc":"L1P"},"214":{"t":"PA23"},"216":{"t":"T210"},"219":{"t":"C140"},"21D":{"t":"PA18"},"21E":{"t":"BALL"},"221":{"desc":"L1P"},"224":{"t":"J3"},"225":{"t":"C150"},"228":{"t":"C150"},"22D":{"t":"SR22"},"22E":{"t":"CH7A"},"22F":{"desc":"L1P"},"230":{"t":"C182"},"233":{"desc":"L1P"},"234":{"t":"BE58"},"236":{"t":"C140"},"237":{"t":"PA23"},"238":{"t":"P32R"},"23B":{"t":"M20P"},"23C":{"desc":"H1P"},"240":{"t":"SR20"},"241":{"t":"P28A"},"243":{"t":"J4"},"244":{"t":"C150"},"246":{"t":"J3"},"248":{"t":"C150"},"24B":{"t":"B190"},"24D":{"t":"PA22"},"24E":{"t":"BE33"},"251":{"t":"BE58"},"253":{"t":"C182"},"257":{"t":"BE35"},"258":{"t":"P28A"},"25F":{"desc":"H1P"},"267":{"t":"C150"},"268":{"t":"C150"},"269":{"t":"J3"},"270":{"desc":"L1P"},"271":{"t":"BE95"},"275":{"t":"B06"},"276":{"t":"ULAC"},"277":{"desc":"H4E"},"27A":{"t":"ULAC"},"27C":{"t":"B407"},"27D":{"t":"C172"},"27E":{"desc":"L1P"},"288":{"t":"B763"},"28A":{"t":"C172"},"28B":{"t":"BL8"},"28C":{"t":"C414"},"291":{"desc":"L1P"},"293":{"t":"LJ45"},"295":{"t":"C550"},"297":{"t":"CL30"},"29E":{"t":"EA50"},"2A2":{"t":"C182"},"2A4":{"t":"A109"},"2A5":{"t":"PA18"},"2A6":{"t":"SR20"},"2A7":{"t":"C750"},"2A8":{"t":"SR22"},"2AA":{"t":"R44"},"2AB":{"t":"C25C"},"2AC":{"t":"FA20"},"2AD":{"desc":"A1T","t":"KODI"},"2AF":{"t":"C25B"},"2B0":{"t":"C182"},"2B3":{"t":"C182"},"2B4":{"t":"FDCT"},"2B7":{"t":"GLID"},"2BB":{"t":"WW24"},"2BC":{"t":"SR20"},"2BE":{"desc":"L1P","t":"ULAC"},"2BF":{"desc":"L1J"},"2C3":{"t":"BE36"},"2C5":{"t":"F900"},"2C7":{"t":"P28A"},"2CB":{"t":"P28R"},"2CC":{"t":"PA27"},"2CD":{"t":"SR22"},"2D0":{"t":"S22T"},"2D4":{"t":"C206"},"2D6":{"desc":"L1P"},"2E4":{"t":"AA5"},"2E5":{"t":"BE33"},"2ED":{"t":"SR22"},"2F0":{"t":"BE23"},"2F3":{"desc":"L1P"},"2F4":{"t":"P28A"},"2FD":{"t":"A320"},"302":{"desc":"L1P"},"307":{"t":"G280"},"308":{"desc":"L2P"},"309":{"desc":"L1P","t":"TB1"},"312":{"desc":"L1P"},"318":{"desc":"H1T"},"320":{"desc":"L1P"},"32A":{"desc":"H1T"},"32D":{"desc":"L1P"},"331":{"t":"UH1"},"338":{"t":"SR20"},"339":{"t":"P28A"},"33A":{"t":"E190"},"342":{"desc":"L1P"},"344":{"t":"BALL"},"346":{"desc":"L1P"},"347":{"t":"E75L"},"349":{"t":"C560"},"34A":{"t":"HDJT"},"351":{"desc":"L1P","t":"ULAC"},"353":{"desc":"L1P"},"357":{"desc":"L1P"},"35D":{"t":"GLF5"},"36B":{"t":"AS50"},"36C":{"desc":"L1P"},"372":{"t":"C208"},"373":{"t":"LJ31"},"375":{"desc":"L1P"},"378":{"t":"C182"},"383":{"t":"PA27"},"384":{"t":"PA46"},"385":{"t":"R22"},"388":{"t":"C172"},"38A":{"desc":"H1P"},"38F":{"t":"PA46"},"391":{"t":"GLID"},"394":{"desc":"L1P"},"39C":{"t":"C560"},"3A0":{"t":"P28A"},"3A3":{"t":"PC12"},"3A9":{"t":"E75L"},"3B0":{"t":"A320"},"3B3":{"t":"C172"},"3B6":{"t":"O1"},"3B7":{"desc":"L1P"},"3BB":{"desc":"L1P","t":"ULAC"},"3C6":{"t":"CRJ2"},"3C7":{"desc":"L1J"},"3CA":{"desc":"L1P"},"3CE":{"t":"BE35"},"3E9":{"t":"BE55"},"3EA":{"desc":"H1P"},"3EB":{"t":"GLID"},"3FB":{"desc":"L1P"},"400":{"desc":"L1P"},"401":{"desc":"L2T"},"404":{"t":"UH1"},"407":{"t":"SR22"},"408":{"t":"EN28"},"40E":{"desc":"H1P"},"411":{"desc":"A1P","t":"ULAC"},"415":{"t":"E120"},"41A":{"t":"BE58"},"41B":{"t":"TOBA"},"41C":{"t":"BALL"},"41D":{"t":"GLID"},"420":{"t":"S22T"},"425":{"desc":"L1P"},"42A":{"t":"LJ60"},"42B":{"t":"BE36"},"42F":{"t":"S22T"},"430":{"t":"PA24"},"433":{"t":"B772"},"44C":{"desc":"L1P"},"455":{"desc":"L1P"},"456":{"desc":"L1P"},"45D":{"desc":"L2J"},"465":{"t":"S22T"},"467":{"t":"C172"},"46A":{"desc":"L1P"},"46B":{"t":"A321"},"470":{"t":"R22"},"471":{"t":"B737"},"476":{"desc":"L1P"},"47D":{"desc":"L1P"},"493":{"desc":"L2J"},"4AF":{"desc":"L1P"},"4C8":{"desc":"L1P","t":"ULAC"},"4C9":{"t":"C172"},"4CA":{"desc":"L1P"},"4CC":{"t":"C170"},"4CF":{"t":"C182"},"4D1":{"desc":"L2T"},"4D2":{"t":"L8"},"4D5":{"t":"P28A"},"4D7":{"t":"P28A"},"4D9":{"t":"C210"},"4DA":{"t":"P28B"},"4DB":{"desc":"H1P"},"4DE":{"t":"C337"},"4DF":{"t":"C177"},"4E1":{"t":"C150"},"4E3":{"t":"C150"},"4E4":{"t":"C150"},"4E5":{"t":"C172"},"4E6":{"t":"C172"},"4E9":{"t":"J3"},"4EA":{"t":"E145"},"4EB":{"t":"WACF"},"4EE":{"t":"C172"},"4EF":{"t":"C170"},"4F0":{"t":"C172"},"4F3":{"t":"P28A"},"4F4":{"desc":"L1P"},"4F9":{"t":"PA23"},"4FC":{"t":"C82S"},"4FE":{"desc":"H1P"},"4FF":{"t":"C140"},"502":{"t":"C177"},"509":{"t":"C150"},"50B":{"t":"BE55"},"50C":{"t":"J3"},"50D":{"t":"C150"},"50E":{"desc":"L1P"},"510":{"t":"B47G"},"511":{"t":"C180"},"512":{"t":"C170"},"515":{"t":"C182"},"516":{"desc":"L1T"},"518":{"desc":"L2P"},"519":{"t":"BE35"},"51A":{"t":"P28R"},"51F":{"t":"CH7A"},"520":{"t":"P28A"},"522":{"t":"C140"},"525":{"t":"C177"},"526":{"desc":"H4E"},"527":{"t":"C150"},"528":{"t":"C150"},"52B":{"t":"C150"},"52D":{"t":"C150"},"52E":{"t":"C150"},"534":{"desc":"L1P"},"537":{"t":"C414"},"538":{"t":"C182"},"53A":{"t":"C188"},"53C":{"t":"BE36"},"53D":{"t":"P28R"},"53F":{"t":"PA23"},"540":{"t":"P28A"},"544":{"desc":"L1P"},"54C":{"desc":"A2P"},"54E":{"t":"J3"},"54F":{"t":"C150"},"555":{"t":"PA22"},"557":{"t":"C180"},"558":{"t":"C170"},"55B":{"t":"C182"},"55C":{"t":"BALL"},"55E":{"t":"L8"},"55F":{"t":"BE33"},"563":{"t":"P28R"},"564":{"t":"C82T"},"566":{"desc":"L1P"},"568":{"t":"C140"},"56A":{"t":"C337"},"56B":{"t":"C177"},"573":{"t":"J3"},"578":{"t":"BE35"},"57C":{"t":"CH7A"},"57D":{"t":"B06"},"580":{"t":"C150"},"581":{"t":"L8"},"583":{"t":"GLID"},"584":{"t":"C120"},"587":{"t":"T210"},"589":{"t":"P28A"},"58B":{"desc":"L1P"},"58C":{"desc":"L1T"},"58E":{"t":"C177"},"58F":{"desc":"L1P"},"591":{"t":"J3"},"594":{"desc":"L1P"},"596":{"t":"C150"},"598":{"t":"J3"},"59E":{"t":"BE35"},"5A0":{"t":"C310"},"5A3":{"desc":"L1P"},"5A5":{"t":"BE36"},"5A7":{"t":"C172"},"5A8":{"t":"PA23"},"5A9":{"t":"P32R"},"5AA":{"t":"T210"},"5AD":{"desc":"H1P"},"5AE":{"t":"BE55"},"5B0":{"t":"R22"},"5B2":{"t":"P28A"},"5B3":{"t":"J4"},"5B6":{"t":"C150"},"5B7":{"t":"C172"},"5B9":{"t":"J4"},"5BA":{"t":"C150"},"5BB":{"desc":"L5P"},"5BD":{"desc":"L1P"},"5C0":{"t":"BE9L"},"5C2":{"t":"B06"},"5C8":{"desc":"L1P"},"5C9":{"t":"P32R"},"5CA":{"desc":"L1P"},"5CC":{"t":"P32R"},"5CD":{"desc":"L1P"},"5CF":{"desc":"L1P"},"5D1":{"t":"C82S"},"5D4":{"t":"C177"},"5D6":{"t":"C150"},"5D8":{"t":"J3"},"5D9":{"t":"J3"},"5DE":{"t":"J3"},"5DF":{"t":"C150"},"5E4":{"t":"C170"},"5E5":{"t":"BE36"},"5E6":{"t":"C310"},"5E7":{"t":"C182"},"5E9":{"t":"C150"},"5EC":{"t":"P32R"},"5ED":{"t":"C140"},"5EF":{"t":"PA34"},"5F2":{"t":"C82R"},"5F4":{"t":"C140"},"5F5":{"t":"C172"},"5F9":{"t":"C150"},"601":{"t":"C150"},"603":{"desc":"H4E"},"604":{"t":"PA22"},"605":{"t":"AC11"},"606":{"t":"C182"},"607":{"t":"AC11"},"609":{"t":"C310"},"60A":{"t":"C182"},"60D":{"t":"L8"},"60E":{"t":"BE33"},"610":{"t":"C140"},"611":{"t":"PA23"},"615":{"t":"C180"},"616":{"t":"B06"},"617":{"t":"C140"},"618":{"t":"P28A"},"619":{"t":"C337"},"61C":{"t":"C150"},"61D":{"t":"C150"},"624":{"t":"C150"},"628":{"desc":"L1P"},"62B":{"t":"C170"},"62D":{"t":"P28A"},"62E":{"t":"BE35"},"631":{"desc":"L1P"},"632":{"t":"P32R"},"633":{"desc":"L1P"},"635":{"desc":"L1J"},"638":{"t":"PA27"},"639":{"t":"C172"},"63C":{"desc":"L1P"},"63D":{"desc":"L1P"},"63F":{"t":"C185"},"640":{"t":"S22T"},"642":{"desc":"L1P"},"643":{"t":"SR22"},"644":{"t":"BL8"},"646":{"t":"S22T"},"647":{"desc":"H4E"},"648":{"t":"GLID"},"64A":{"t":"C525"},"64C":{"t":"PA24"},"64E":{"desc":"L1P"},"64F":{"desc":"L2P"},"657":{"t":"LJ23"},"658":{"desc":"L1P"},"659":{"t":"C182"},"65B":{"t":"C185"},"65C":{"t":"C185"},"65F":{"desc":"L1P"},"663":{"desc":"L1P"},"664":{"t":"BE36"},"665":{"t":"SR20"},"66A":{"desc":"L1P"},"66B":{"desc":"L1P"},"66D":{"desc":"L1P"},"672":{"t":"NAVI"},"674":{"t":"C172"},"675":{"t":"BE35"},"679":{"desc":"L1P"},"67A":{"t":"C182"},"67B":{"desc":"L1P"},"67C":{"t":"PA46"},"67D":{"t":"BE35"},"67E":{"desc":"L1P"},"67F":{"desc":"L1P"},"680":{"t":"BALL"},"683":{"desc":"L1P","t":"ULAC"},"689":{"desc":"L1P"},"68B":{"t":"FA24"},"68E":{"t":"BE55"},"68F":{"desc":"L1P"},"690":{"t":"E55P"},"691":{"t":"C172"},"692":{"desc":"A1T","t":"KODI"},"693":{"t":"B06"},"694":{"desc":"L1P"},"696":{"t":"R22"},"697":{"desc":"L1P"},"699":{"t":"BE35"},"69B":{"desc":"L1P"},"69C":{"t":"T28"},"6A0":{"t":"G150"},"6A1":{"t":"E300"},"6A3":{"desc":"L1P"},"6A4":{"t":"C205"},"6A5":{"t":"PA27"},"6A6":{"t":"C185"},"6A8":{"t":"BE23"},"6AA":{"t":"B734"},"6AB":{"t":"C185"},"6AC":{"t":"C208"},"6AE":{"t":"EA50"},"6AF":{"t":"M20T"},"6B0":{"t":"FA50"},"6B1":{"t":"GLID"},"6B5":{"desc":"L1P"},"6B6":{"t":"PRM1"},"6BA":{"desc":"A1P"},"6BD":{"desc":"A1P"},"6BF":{"desc":"L1P"},"6C0":{"t":"PA27"},"6C1":{"t":"C172"},"6C3":{"desc":"L1P"},"6C4":{"desc":"L1P"},"6C5":{"t":"BE35"},"6C7":{"desc":"A1P","t":"ULAC"},"6C8":{"t":"C414"},"6C9":{"t":"PC12"},"6CA":{"t":"PA23"},"6CD":{"desc":"L1P"},"6D1":{"t":"C172"},"6D3":{"t":"L39"},"6D7":{"desc":"L1P"},"6D8":{"t":"T210"},"6D9":{"t":"SR22"},"6DA":{"t":"PRM1"},"6DB":{"t":"BE36"},"6DC":{"desc":"L1P"},"6DD":{"t":"HUSK"},"6DE":{"t":"R44"},"6DF":{"t":"DA62"},"6E0":{"t":"BE23"},"6E1":{"t":"BE36"},"6E7":{"t":"AS50"},"6EA":{"t":"BRAV"},"6EB":{"t":"GLID"},"6EC":{"t":"B06"},"6EF":{"t":"C310"},"6F0":{"t":"C550"},"6F1":{"t":"A109"},"6F6":{"desc":"L1P"},"6F7":{"desc":"L1P"},"6F8":{"t":"C208"},"6F9":{"t":"AA5"},"6FA":{"t":"WACF"},"6FB":{"t":"CH7B"},"6FC":{"t":"C25C"},"6FD":{"desc":"L1P"},"6FF":{"t":"C150"},"701":{"t":"P28A"},"703":{"desc":"L1P"},"704":{"t":"TA15"},"709":{"desc":"L1P"},"70A":{"t":"P210"},"70C":{"desc":"L1P"},"70E":{"t":"ST75"},"70F":{"desc":"L1P"},"713":{"t":"RV12"},"714":{"t":"BE58"},"715":{"desc":"L1T"},"716":{"desc":"L1P"},"71A":{"desc":"L1P"},"71D":{"t":"GLID"},"71E":{"desc":"L1P","t":"ULAC"},"71F":{"t":"P210"},"722":{"t":"PA32"},"723":{"t":"GLID"},"725":{"desc":"L1P"},"726":{"t":"P28U"},"727":{"desc":"L1P"},"728":{"t":"PA24"},"729":{"t":"C185"},"72C":{"t":"AEST"},"72D":{"desc":"L1P"},"72F":{"t":"S22T"},"731":{"t":"GLID"},"736":{"t":"SR22"},"73A":{"t":"GLF5"},"73B":{"t":"HUSK"},"73C":{"desc":"L1P"},"73D":{"t":"P32R"},"73E":{"t":"M20P"},"73F":{"desc":"L1P"},"740":{"t":"BE55"},"741":{"t":"PA30"},"743":{"desc":"L1P"},"746":{"t":"PA32"},"747":{"t":"BE20"},"748":{"desc":"H1P"},"74B":{"desc":"L1P"},"74C":{"desc":"L1P"},"74F":{"t":"P68"},"751":{"t":"TBM7"},"752":{"t":"C172"},"757":{"t":"BE9L"},"758":{"t":"LJ45"},"759":{"t":"HUSK"},"75A":{"t":"C680"},"75B":{"t":"GLID"},"75C":{"t":"C172"},"763":{"desc":"L1P"},"764":{"desc":"L1P"},"767":{"t":"P32R"},"768":{"t":"C441"},"769":{"t":"BE40"},"76A":{"t":"BE36"},"76C":{"desc":"L1P"},"76D":{"desc":"L2J"},"76F":{"t":"BE58"},"770":{"t":"BE24"},"771":{"t":"PA44"},"772":{"t":"C310"},"773":{"t":"BE36"},"774":{"t":"BE36"},"775":{"desc":"L1P"},"776":{"desc":"L1P"},"777":{"t":"BE60"},"778":{"t":"CJ6"},"77C":{"t":"BE58"},"77E":{"t":"FA62"},"780":{"t":"BE58"},"781":{"desc":"L1P"},"782":{"t":"BE24"},"784":{"t":"BL8"},"79E":{"desc":"L1P"},"79F":{"desc":"L1P"},"7A0":{"t":"PA22"},"7A1":{"desc":"G1P"},"7A2":{"t":"PA30"},"7A3":{"desc":"L1P"},"7A4":{"t":"AA1"},"7A5":{"t":"C185"},"7A6":{"t":"C414"},"7A7":{"t":"FDCT"},"7A9":{"t":"C421"},"7AA":{"t":"BE35"},"7AB":{"desc":"L1P"},"7AE":{"desc":"L1P"},"7AF":{"desc":"L1P"},"7B3":{"t":"P32R"},"7B7":{"desc":"L1P"},"7B8":{"t":"GLID"},"7B9":{"t":"S22T"},"7BB":{"t":"B06"},"7BC":{"desc":"L1P"},"7BD":{"t":"C210"},"7BE":{"t":"GLID"},"7C0":{"t":"BT36"},"7C2":{"desc":"L1P"},"7C4":{"t":"M20P"},"7C5":{"t":"PRM1"},"7C7":{"desc":"L1P"},"7C8":{"t":"AEST"},"7C9":{"t":"BE20"},"7CA":{"t":"SR20"},"7CB":{"desc":"L1P"},"7CD":{"desc":"L1P"},"7CE":{"t":"B350"},"7CF":{"t":"BE23"},"7D0":{"desc":"A1P"},"7D1":{"t":"PA27"},"7D3":{"t":"BE20"},"7D4":{"t":"BE23"},"7D6":{"desc":"L1P"},"7D7":{"desc":"L1P"},"7D8":{"t":"BE33"},"7D9":{"t":"FA10"},"7DB":{"t":"C182"},"7DC":{"desc":"L1P"},"7DD":{"desc":"L1P","t":"ULAC"},"7DE":{"t":"BE33"},"7E0":{"desc":"L2P"},"7E1":{"desc":"L1P"},"7E4":{"t":"B06"},"7E5":{"desc":"L1P"},"7E6":{"desc":"L1P"},"7E9":{"desc":"L1P"},"7EA":{"t":"GLID"},"7EB":{"desc":"L1J"},"7EC":{"t":"GLEX"},"7F7":{"t":"R66"},"7FB":{"desc":"L1P"},"801":{"t":"PA34"},"802":{"t":"FA24"},"803":{"t":"EA50"},"805":{"desc":"L1P"},"809":{"t":"C82S"},"80B":{"t":"SF50"},"80C":{"t":"C501"},"810":{"t":"FA10"},"812":{"t":"ST75"},"813":{"t":"BE36"},"816":{"t":"BE33"},"817":{"desc":"L1P"},"81B":{"t":"BE9L"},"81D":{"t":"PA27"},"81E":{"desc":"L1P"},"820":{"desc":"L1P"},"822":{"t":"PA23"},"825":{"t":"B06"},"826":{"desc":"L1P"},"82B":{"t":"BE36"},"82C":{"t":"BE20"},"82D":{"t":"AT8T"},"82F":{"t":"BE20"},"830":{"desc":"L1P"},"834":{"desc":"L1P"},"837":{"desc":"L1P"},"83B":{"t":"C172"},"83F":{"desc":"L1P"},"842":{"desc":"L1P"},"84F":{"t":"ST75"},"850":{"t":"C550"},"853":{"desc":"L1P"},"857":{"t":"CJ6"},"85D":{"t":"C182"},"864":{"desc":"L1P"},"872":{"desc":"L1P"},"87F":{"t":"BE17"},"880":{"desc":"L1P"},"882":{"desc":"A1P"},"883":{"t":"A320"},"884":{"desc":"L1P","t":"ULAC"},"885":{"t":"B06"},"88C":{"t":"EC35"},"88E":{"desc":"L1P"},"891":{"t":"PA31"},"892":{"desc":"L1J"},"895":{"desc":"L1P"},"898":{"desc":"L1P"},"899":{"t":"T206"},"89A":{"t":"C172"},"89C":{"desc":"L1P"},"89D":{"t":"GLF5"},"8A1":{"desc":"L2T"},"8AE":{"desc":"L1P"},"8B2":{"t":"FDCT"},"8B3":{"t":"SR22"},"8B4":{"t":"EC20"},"8B5":{"desc":"L1P"},"8B6":{"t":"SR20"},"8B8":{"desc":"L1J"},"8BC":{"desc":"L1P"},"8C0":{"t":"C182"},"8C3":{"t":"C240"},"8C4":{"desc":"L1P"},"8C7":{"desc":"L1P","t":"ULAC"},"8CC":{"t":"BE55"},"8CE":{"t":"DA40"},"8CF":{"t":"BE33"},"8D0":{"t":"C206"},"8D3":{"desc":"L1P"},"8D7":{"t":"R44"},"8DC":{"t":"DA40"},"8E0":{"desc":"L1P"},"8E5":{"t":"BE36"},"8E7":{"t":"PRM1"},"8E9":{"t":"CH7A"},"8EA":{"t":"B230"},"8FC":{"desc":"L1P"},"8FD":{"t":"RC3"},"901":{"desc":"L1P"},"904":{"t":"GLID"},"908":{"t":"BE10"},"90D":{"t":"A320"},"912":{"desc":"H1T"},"916":{"t":"GLID"},"917":{"t":"G280"},"919":{"desc":"L1P"},"92F":{"t":"B230"},"930":{"desc":"L2J","t":"A21N"},"931":{"desc":"L1P"},"93A":{"t":"B230"},"940":{"t":"B230"},"941":{"t":"CH7A"},"948":{"desc":"L1P","t":"ULAC"},"94B":{"t":"PA27"},"94D":{"t":"HA4T"},"952":{"t":"C560"},"954":{"desc":"L1P"},"957":{"t":"E75L"},"958":{"desc":"L1P"},"961":{"t":"GLID"},"96C":{"desc":"L1P"},"97B":{"t":"AS50"},"97C":{"t":"BALL"},"993":{"t":"T206"},"994":{"t":"BL8"},"996":{"desc":"L1P"},"997":{"t":"H500"},"99D":{"t":"B230"},"9A1":{"desc":"L1P"},"9A4":{"desc":"L1P"},"9A8":{"t":"C421"},"9B9":{"t":"E75L"},"9C0":{"t":"A320"},"9C5":{"t":"T210"},"9C7":{"t":"B06"},"9CF":{"desc":"L1P"},"9D6":{"t":"CRJ2"},"9DE":{"t":"BE55"},"9EF":{"t":"F2TH"},"A0B":{"t":"C172"},"A0C":{"desc":"L1P"},"A12":{"desc":"L1P"},"A13":{"t":"ULAC"},"A16":{"desc":"L1P"},"A18":{"desc":"H1T"},"A1B":{"desc":"L1P"},"A1C":{"t":"C750"},"A20":{"t":"SR22"},"A21":{"t":"B222"},"A24":{"t":"C152"},"A25":{"t":"PA30"},"A26":{"desc":"L1P"},"A29":{"t":"PA18"},"A2D":{"desc":"L1P"},"A32":{"t":"EC30"},"A33":{"desc":"L1P"},"A35":{"desc":"L1P"},"A3A":{"desc":"L2J"},"A43":{"desc":"H6E"},"A4A":{"t":"PC12"},"A5B":{"desc":"L1P"},"A74":{"t":"HUSK"},"A75":{"t":"SR20"},"A77":{"desc":"L1P"},"A7D":{"t":"SR22"},"A80":{"desc":"L1P","t":"ULAC"},"A81":{"t":"B737"},"A82":{"t":"PRM1"},"A8D":{"desc":"L1P"},"A93":{"t":"GLID"},"A98":{"desc":"L1P"},"AA8":{"t":"B230"},"ABF":{"desc":"H8E"},"AD8":{"desc":"L1P"},"AD9":{"t":"PA22"},"ADA":{"t":"GC1"},"ADB":{"t":"C180"},"ADC":{"t":"C170"},"ADD":{"t":"CH7A"},"AE0":{"t":"R22"},"AE1":{"t":"BE23"},"AE3":{"t":"BE23"},"AE6":{"t":"C210"},"AEC":{"t":"C140"},"AEE":{"desc":"L1P"},"AF0":{"desc":"H1T","t":"S55P"},"AF1":{"t":"L8"},"AF2":{"t":"C150"},"AF3":{"desc":"L1P"},"AF4":{"desc":"L1P"},"AF8":{"t":"L8"},"AF9":{"t":"L8"},"AFA":{"t":"C150"},"AFD":{"t":"GC1"},"B00":{"t":"CH7A"},"B06":{"t":"BE23"},"B08":{"t":"ULAC"},"B09":{"t":"PA22"},"B0A":{"t":"T206"},"B0D":{"t":"P28A"},"B0E":{"t":"A319"},"B11":{"t":"C182"},"B13":{"t":"BE23"},"B15":{"t":"L8"},"B16":{"t":"C150"},"B19":{"t":"C150"},"B1B":{"t":"C150"},"B1C":{"t":"C150"},"B1E":{"t":"FA24"},"B1F":{"t":"R22"},"B21":{"t":"BE36"},"B23":{"t":"CH7A"},"B24":{"desc":"H1T","t":"S55P"},"B25":{"t":"C182"},"B26":{"t":"ERCO"},"B27":{"t":"R22"},"B28":{"t":"L8"},"B2B":{"t":"C140"},"B2E":{"t":"C182"},"B2F":{"desc":"A1P"},"B30":{"desc":"H1P"},"B31":{"t":"A319"},"B32":{"t":"PA18"},"B34":{"t":"C182"},"B35":{"t":"C172"},"B36":{"t":"BE23"},"B38":{"t":"CJ6"},"B3C":{"t":"C150"},"B3E":{"t":"C150"},"B40":{"t":"L8"},"B41":{"desc":"L1P"},"B42":{"t":"GLID"},"B45":{"t":"C170"},"B47":{"t":"BE20"},"B4F":{"desc":"L2T"},"B50":{"t":"BE23"},"B51":{"t":"C182"},"B52":{"desc":"A1P"},"B54":{"t":"C172"},"B55":{"t":"BE36"},"B58":{"t":"C185"},"B59":{"t":"BE23"},"B5E":{"desc":"L1T"},"B60":{"t":"L8"},"B65":{"t":"BALL"},"B67":{"t":"C180"},"B68":{"t":"PA46"},"B69":{"t":"CH7A"},"B6B":{"t":"C182"},"B6D":{"t":"BALL"},"B6F":{"t":"BE23"},"B72":{"desc":"H1T"},"B73":{"t":"BE23"},"B79":{"t":"R22"},"B7A":{"t":"C182"},"B7B":{"t":"PA18"},"B7F":{"t":"L8"},"B81":{"desc":"L1P"},"B83":{"t":"C150"},"B89":{"t":"GC1"},"B8A":{"t":"C180"},"B8E":{"t":"C182"},"B93":{"t":"P28A"},"B94":{"t":"C140"},"B95":{"t":"PA22"},"B97":{"t":"C182"},"B98":{"t":"ST75"},"B99":{"t":"P28R"},"B9B":{"t":"C140"},"B9C":{"t":"BE23"},"B9D":{"t":"C182"},"B9E":{"t":"C177"},"B9F":{"desc":"L1P"},"BA1":{"t":"C150"},"BA3":{"t":"L8"},"BA5":{"t":"L8"},"BA6":{"t":"C150"},"BA7":{"t":"L8"},"BA9":{"t":"C150"},"BAA":{"t":"GLID"},"BAB":{"t":"AT3T"},"BAC":{"t":"GC1"},"BAE":{"t":"T210"},"BB0":{"t":"C210"},"BB2":{"t":"ERCO"},"BB4":{"t":"L8"},"BB8":{"t":"PA22"},"BB9":{"t":"BE23"},"BBA":{"t":"C182"},"BBF":{"t":"BE23"},"BC1":{"t":"C177"},"BC6":{"t":"L8"},"BC7":{"t":"C150"},"BC8":{"t":"C150"},"BCA":{"t":"L8"},"BCB":{"t":"C150"},"BCC":{"t":"AT3P"},"BCE":{"t":"PA22"},"BCF":{"t":"GC1"},"BD0":{"t":"BE36"},"BD1":{"t":"C170"},"BD2":{"t":"CH7A"},"BD3":{"t":"C210"},"BD6":{"t":"BE36"},"BD7":{"desc":"L1P"},"BD8":{"t":"BE23"},"BDB":{"t":"PA22"},"BDC":{"t":"BE23"},"BDD":{"t":"C182"},"BE0":{"t":"C172"},"BE1":{"t":"C140"},"BE2":{"t":"BE23"},"BE3":{"t":"C182"},"BE6":{"t":"C150"},"BEA":{"t":"L8"},"BEC":{"t":"C150"},"BEE":{"t":"C172"},"BEF":{"t":"L8"},"BF0":{"desc":"L1P"},"BF3":{"desc":"L1P"},"BF5":{"t":"C172"},"BF9":{"t":"BE23"},"BFC":{"t":"PA12"},"BFE":{"t":"PA22"},"C02":{"t":"P28R"},"C03":{"t":"C172"},"C04":{"t":"C140"},"C05":{"t":"BE23"},"C07":{"t":"C177"},"C0C":{"t":"C150"},"C0E":{"t":"C150"},"C13":{"desc":"L1P"},"C14":{"t":"PA22"},"C1A":{"t":"C182"},"C1F":{"t":"PA12"},"C20":{"desc":"L1P"},"C21":{"t":"PA22"},"C22":{"t":"BE23"},"C27":{"t":"C140"},"C2C":{"t":"L8"},"C2E":{"desc":"L1P"},"C2F":{"t":"L8"},"C31":{"t":"AT3P"},"C32":{"t":"C150"},"C37":{"desc":"L1P"},"C38":{"t":"H60"},"C39":{"t":"S22T"},"C3A":{"t":"M20T"},"C3C":{"t":"M20T"},"C3D":{"t":"M20T"},"C3E":{"t":"M20T"},"C3F":{"desc":"L1P"},"C40":{"t":"M20T"},"C41":{"t":"M20T"},"C42":{"t":"M20T"},"C43":{"desc":"L1E"},"C44":{"t":"E75L"},"C45":{"t":"M20T"},"C46":{"t":"M20T"},"C47":{"t":"M20T"},"C48":{"t":"M20T"},"C49":{"t":"M20T"},"C4A":{"t":"M20T"},"C4B":{"t":"AC90"},"C4E":{"t":"M20T"},"C4F":{"t":"M20T"},"C50":{"t":"BE35"},"C51":{"t":"M20T"},"C52":{"t":"B06"},"C53":{"t":"M20T"},"C54":{"t":"M20T"},"C57":{"t":"M20T"},"C58":{"t":"M20T"},"C5B":{"t":"M20T"},"C5C":{"t":"M20T"},"C5D":{"t":"M20T"},"C60":{"t":"M20T"},"C61":{"t":"M20T"},"C62":{"t":"M20T"},"C63":{"t":"M20T"},"C64":{"t":"M20T"},"C66":{"t":"M20T"},"C68":{"t":"M20T"},"C69":{"t":"M20T"},"C6A":{"t":"M20T"},"C6B":{"t":"M20T"},"C6D":{"t":"SR20"},"C6E":{"t":"GLF5"},"C6F":{"t":"M20T"},"C70":{"t":"M20T"},"C71":{"t":"M20T"},"C72":{"t":"M20T"},"C73":{"t":"M20T"},"C75":{"t":"P46T"},"C77":{"t":"M20T"},"C79":{"t":"M20T"},"C7A":{"t":"M20T"},"C7B":{"t":"M20T"},"C7D":{"t":"M20T"},"C7F":{"t":"M20T"},"C81":{"t":"M20T"},"C82":{"desc":"L1P"},"C84":{"t":"M20T"},"C85":{"t":"M20T"},"C86":{"t":"M20T"},"C88":{"t":"M20T"},"C8A":{"t":"M20T"},"C8E":{"t":"M20T"},"C92":{"t":"M20T"},"C93":{"t":"DA40"},"C94":{"t":"M20T"},"C96":{"t":"M20T"},"C97":{"t":"M20T"},"C98":{"t":"M20T"},"C99":{"t":"M20T"},"C9D":{"desc":"L2T"},"CA0":{"t":"M20T"},"CA1":{"t":"M20T"},"CA2":{"t":"M20T"},"CA5":{"t":"M20T"},"CA6":{"t":"M20T"},"CA7":{"desc":"L1P"},"CAB":{"t":"M20T"},"CAE":{"t":"M20T"},"CAF":{"t":"M20T"},"CB0":{"t":"M20T"},"CB1":{"t":"M20T"},"CB5":{"t":"M20T"},"CB8":{"t":"M20T"},"CB9":{"t":"M20T"},"CBA":{"t":"M20T"},"CBB":{"t":"M20T"},"CBE":{"t":"M20T"},"CC0":{"t":"M20T"},"CC6":{"t":"M20T"},"CC7":{"t":"M20T"},"CC9":{"t":"M20T"},"CCA":{"t":"M20P"},"CCC":{"t":"M20T"},"CCD":{"t":"M20T"},"CCE":{"t":"M20T"},"CCF":{"desc":"L2P"},"CD0":{"t":"M20T"},"CD4":{"t":"M20T"},"CD5":{"t":"M20T"},"CD8":{"t":"M20T"},"CD9":{"t":"M20T"},"CDD":{"t":"M20T"},"CDE":{"t":"TWEN"},"CE1":{"t":"M20T"},"CE5":{"t":"M20T"},"CE7":{"t":"M20T"},"CE8":{"t":"M20T"},"CE9":{"t":"M20T"},"CEB":{"t":"M20T"},"CEC":{"t":"M20T"},"CED":{"t":"M20T"},"CEE":{"t":"M20T"},"CF1":{"t":"M20T"},"CF3":{"t":"M20T"},"CF6":{"t":"M20T"},"CFA":{"t":"M20T"},"CFD":{"t":"M20T"},"CFE":{"t":"M20T"},"CFF":{"t":"M20T"},"D01":{"t":"E190"},"D02":{"t":"M20T"},"D03":{"t":"M20T"},"D04":{"t":"M20T"},"D06":{"t":"M20T"},"D08":{"desc":"L1P"},"D0A":{"t":"M20T"},"D0C":{"t":"M20T"},"D0D":{"t":"C414"},"D0E":{"t":"E75L"},"D10":{"t":"M20T"},"D11":{"t":"M20T"},"D13":{"t":"M20T"},"D14":{"t":"M20T"},"D16":{"t":"M20T"},"D1B":{"t":"M20T"},"D1C":{"t":"M20T"},"D1D":{"t":"M20T"},"D1F":{"t":"M20T"},"D20":{"t":"M20T"},"D21":{"t":"M20T"},"D23":{"t":"M20T"},"D24":{"t":"M20T"},"D26":{"t":"M20T"},"D27":{"t":"M20T"},"D2C":{"t":"M20T"},"D2D":{"t":"M20T"},"D2E":{"t":"M20T"},"D2F":{"t":"M20T"},"D31":{"t":"M20T"},"D32":{"t":"M20T"},"D34":{"t":"BE58"},"D35":{"desc":"L1P"},"D36":{"t":"M20T"},"D37":{"t":"M20T"},"D38":{"t":"M20T"},"D3A":{"desc":"L2P"},"D3B":{"desc":"L1J"},"D3C":{"t":"SR22"},"D3D":{"t":"M20T"},"D3F":{"t":"M20T"},"D41":{"t":"M20T"},"D42":{"t":"GLID"},"D43":{"t":"M20T"},"D44":{"t":"M20T"},"D45":{"t":"M20T"},"D46":{"t":"M20T"},"D47":{"t":"M20T"},"D4A":{"t":"M20T"},"D4C":{"t":"PA22"},"D4D":{"t":"BE36"},"D4E":{"desc":"L1P"},"D4F":{"t":"M20T"},"D50":{"t":"M20T"},"D51":{"t":"M20T"},"D52":{"t":"M20T"},"D53":{"t":"M20T"},"D54":{"t":"M20T"},"D55":{"t":"M20T"},"D56":{"t":"M20T"},"D57":{"t":"M20T"},"D58":{"t":"M20T"},"D59":{"t":"M20T"},"D5B":{"t":"M20T"},"D5C":{"t":"M20T"},"D5D":{"t":"M20T"},"D5E":{"t":"M20T"},"D5F":{"t":"M20T"},"D61":{"t":"M20T"},"D64":{"t":"M20T"},"D66":{"t":"M20T"},"D67":{"t":"M20T"},"D68":{"t":"M20T"},"D69":{"t":"M20T"},"D6B":{"t":"M20T"},"D6C":{"t":"M20T"},"D6E":{"t":"M20T"},"D70":{"t":"M20T"},"D71":{"t":"M20T"},"D74":{"t":"M20T"},"D76":{"t":"M20T"},"D77":{"t":"A320"},"D7B":{"t":"M20T"},"D7C":{"t":"M20T"},"D7D":{"t":"C182"},"D7E":{"t":"M20T"},"D80":{"t":"M20T"},"D81":{"t":"M20T"},"D82":{"t":"M20T"},"D83":{"t":"M20T"},"D87":{"t":"M20T"},"D88":{"t":"BL8"},"D89":{"t":"M20T"},"D8A":{"t":"M20T"},"D8B":{"t":"M20T"},"D8C":{"t":"M20T"},"D8D":{"t":"M20T"},"D8E":{"t":"P210"},"D92":{"t":"M20T"},"D94":{"t":"M20T"},"D97":{"t":"M20T"},"D9A":{"t":"M20T"},"D9C":{"t":"M20T"},"D9D":{"t":"M20T"},"D9E":{"t":"M20T"},"DA1":{"t":"M20T"},"DA3":{"t":"M20T"},"DA6":{"t":"CL60"},"DA7":{"t":"M20T"},"DAD":{"t":"M20T"},"DAE":{"t":"BE33"},"DB0":{"t":"M20T"},"DB1":{"t":"M20T"},"DB2":{"t":"M20T"},"DB3":{"t":"M20T"},"DB4":{"t":"M20T"},"DB7":{"t":"M20T"},"DB9":{"t":"B06"},"DBA":{"desc":"L1P"},"DBC":{"t":"M20T"},"DBD":{"t":"M20T"},"DBF":{"t":"M20T"},"DC0":{"t":"M20T"},"DC1":{"t":"M20T"},"DC2":{"desc":"L1P"},"DC3":{"desc":"L1P"},"DC4":{"t":"M20T"},"DC7":{"t":"BE35"},"DCA":{"t":"C172"},"DCB":{"t":"M20T"},"DCC":{"t":"M20T"},"DCD":{"t":"M20T"},"DCF":{"t":"EC30"},"DD0":{"t":"M20T"},"DD2":{"t":"GLID"},"DD3":{"t":"M20T"},"DD5":{"t":"C182"},"DD7":{"t":"M20T"},"DD8":{"t":"M20T"},"DD9":{"t":"M20T"},"DDB":{"t":"PC24"},"DE0":{"t":"PA18"},"DE1":{"desc":"L1P"},"DE2":{"t":"M20T"},"DE3":{"t":"M20T"},"DE6":{"t":"M20T"},"DE8":{"t":"M20T"},"DE9":{"t":"F2TH"},"DEA":{"desc":"L1P","t":"ULAC"},"DEC":{"t":"R22"},"DF2":{"t":"M20T"},"DF5":{"t":"M20T"},"DF6":{"t":"M20T"},"DF9":{"t":"M20T"},"E12":{"t":"M20T"},"E13":{"t":"M20T"},"E15":{"t":"C310"},"E18":{"t":"M20T"},"E1E":{"t":"M20T"},"E2B":{"desc":"L1P"},"E2C":{"desc":"H1P"},"E2D":{"t":"M20T"},"E30":{"t":"BE58"},"E32":{"t":"M20T"},"E33":{"t":"M20T"},"E36":{"t":"M20T"},"E37":{"t":"SR22"},"E38":{"t":"B737"},"E3E":{"t":"PA44"},"E40":{"t":"M20T"},"E62":{"desc":"L1P"},"E71":{"t":"B190"},"E76":{"t":"BE55"},"E98":{"t":"BE23"},"E99":{"t":"BE9L"},"E9E":{"t":"BE23"},"E9F":{"t":"C182"},"EA0":{"t":"C337"},"EA2":{"t":"C172"},"EA8":{"t":"J3"},"EA9":{"t":"J3"},"EAB":{"t":"C150"},"EAD":{"desc":"L1J"},"EAE":{"t":"C150"},"EB0":{"t":"C150"},"EB1":{"t":"J4"},"EB5":{"t":"C180"},"EB6":{"t":"C170"},"EB8":{"t":"C210"},"EB9":{"t":"C182"},"EBC":{"desc":"L1P"},"EBD":{"t":"BE23"},"EBF":{"t":"C140"},"EC0":{"t":"PA22"},"EC1":{"t":"BE23"},"EC2":{"desc":"L1P"},"EC4":{"t":"P28R"},"EC5":{"t":"C172"},"EC6":{"t":"BE36"},"EC7":{"t":"BE23"},"EC8":{"t":"R22"},"ECC":{"t":"C150"},"ECD":{"t":"C150"},"ECF":{"t":"C150"},"ED0":{"t":"J3"},"ED2":{"t":"C150"},"ED5":{"desc":"L1P"},"ED8":{"desc":"L1P"},"EDB":{"t":"C210"},"EDF":{"t":"L8"},"EE0":{"t":"BE23"},"EE2":{"t":"R22"},"EE3":{"t":"PA22"},"EE4":{"t":"BE23"},"EE5":{"t":"C182"},"EEB":{"t":"C182"},"EED":{"t":"BE23"},"EF1":{"t":"C150"},"EF3":{"t":"C150"},"EF4":{"t":"J3"},"EF6":{"t":"C150"},"EF9":{"t":"GLEX"},"EFA":{"t":"GC1"},"F02":{"t":"L8"},"F05":{"t":"PA38"},"F06":{"t":"PA22"},"F07":{"t":"PA46"},"F08":{"t":"C182"},"F10":{"t":"PA27"},"F11":{"t":"GLID"},"F13":{"t":"J3"},"F14":{"t":"C150"},"F16":{"t":"J3"},"F17":{"t":"GLID"},"F1A":{"t":"E45X"},"F1C":{"t":"PA22"},"F20":{"t":"C172"},"F21":{"desc":"H1P"},"F22":{"t":"C182"},"F24":{"t":"BE23"},"F25":{"t":"PA38"},"F26":{"t":"BE23"},"F27":{"t":"PA12"},"F2A":{"t":"AT3P"},"F2B":{"t":"C182"},"F2E":{"t":"C172"},"F2F":{"t":"C140"},"F30":{"t":"BE23"},"F31":{"t":"C182"},"F34":{"t":"PA38"},"F38":{"t":"C150"},"F39":{"t":"J3"},"F3C":{"t":"C150"},"F3E":{"desc":"L1P"},"F41":{"t":"C180"},"F42":{"t":"C170"},"F43":{"t":"CH7A"},"F44":{"t":"C210"},"F45":{"t":"C182"},"F47":{"t":"BE23"},"F48":{"t":"L8"},"F4A":{"t":"PA12"},"F4C":{"t":"PA22"},"F50":{"t":"P28A"},"F52":{"t":"PA38"},"F53":{"t":"C182"},"F54":{"t":"C182"},"F55":{"t":"PA36"},"F58":{"t":"J3"},"F5A":{"t":"C150"},"F5D":{"t":"C150"},"F5E":{"t":"C150"},"F5F":{"t":"C150"},"F60":{"desc":"L1P","t":"ULAC"},"F61":{"t":"B350"},"F64":{"t":"C180"},"F66":{"t":"CH7A"},"F67":{"t":"C210"},"F6B":{"t":"P28A"},"F6C":{"t":"BE23"},"F6D":{"t":"PA12"},"F73":{"t":"C172"},"F77":{"t":"PA46"},"F78":{"t":"C177"},"F7B":{"t":"J3"},"F7C":{"t":"C150"},"F7F":{"t":"J3"},"F80":{"t":"J3"},"F81":{"t":"C150"},"F84":{"t":"B350"},"F85":{"t":"PA22"},"F86":{"t":"PA38"},"F88":{"t":"PA38"},"F89":{"t":"CH7A"},"F8B":{"t":"T210"},"F8F":{"t":"BE23"},"F90":{"t":"P28A"},"F95":{"t":"BE36"},"F96":{"t":"P28R"},"F98":{"t":"BE36"},"F9A":{"t":"C182"},"F9C":{"t":"AT3P"},"F9D":{"t":"C150"},"F9E":{"t":"J4"},"FA0":{"t":"PA38"},"FA1":{"t":"C150"},"FA7":{"desc":"H1P"},"FA8":{"t":"BE36"},"FAA":{"t":"C180"},"FAC":{"t":"CH7A"},"FAD":{"t":"C210"},"FAE":{"t":"C182"},"FAF":{"t":"ERCO"},"FB0":{"t":"PA18"},"FB2":{"t":"C82S"},"FB3":{"t":"PA12"},"FB5":{"desc":"L1P"},"FB7":{"t":"C182"},"FB9":{"t":"P28A"},"FBB":{"t":"C140"},"FBF":{"t":"BE23"},"FC0":{"t":"C150"},"FC3":{"desc":"L1P","t":"ULAC"},"FC7":{"t":"C150"},"FC8":{"t":"C150"},"FCA":{"t":"B350"},"FCC":{"t":"GC1"},"FCD":{"desc":"L1P"},"FD0":{"t":"C210"},"FD1":{"t":"C182"},"FD3":{"t":"PA18"},"FD8":{"t":"PA22"},"FDB":{"t":"T210"},"FDC":{"t":"P28A"},"FDD":{"t":"C172"},"FDE":{"t":"C140"},"FDF":{"t":"BE19"},"FE6":{"t":"C150"},"FE7":{"t":"J4"},"FEA":{"t":"C150"},"FF1":{"t":"S61"},"FF4":{"t":"C182"},"FF8":{"t":"GLID"},"FFA":{"desc":"L1E"},"FFF":{"t":"C310"}}