{"023":{"t":"ST75"},"027":{"t":"C182"},"028":{"t":"ERCO"},"029":{"t":"C150"},"02C":{"t":"PA12"},"02D":{"t":"PA38"},"02E":{"t":"PA22"},"030":{"t":"ULAC"},"033":{"t":"C172"},"034":{"t":"C170"},"036":{"t":"C206"},"03D":{"t":"C152"},"03E":{"t":"GLID"},"040":{"desc":"L1P"},"041":{"t":"C152"},"044":{"t":"ULAC"},"045":{"desc":"L3P"},"046":{"desc":"L1P"},"048":{"desc":"L1P","t":"ULAC"},"049":{"t":"CH7A"},"04B":{"t":"GLID"},"051":{"desc":"L1P","t":"ULAC"},"052":{"t":"C182"},"053":{"t":"C182"},"055":{"t":"NAVI"},"056":{"t":"C172"},"058":{"t":"M20P"},"059":{"t":"C206"},"05A":{"t":"C172"},"05B":{"t":"BL8"},"05C":{"t":"C152"},"05E":{"t":"BE55"},"061":{"t":"BE36"},"062":{"t":"BALL"},"065":{"t":"BALL"},"068":{"desc":"L3P"},"069":{"t":"CH7A"},"06A":{"t":"C170"},"06B":{"t":"CH7A"},"06C":{"t":"CH7B"},"070":{"desc":"L1P"},"071":{"t":"C172"},"072":{"t":"PA27"},"073":{"t":"BALL"},"074":{"desc":"L1P"},"075":{"t":"C182"},"076":{"t":"C182"},"077":{"desc":"L1P","t":"ULAC"},"079":{"t":"P28A"},"07A":{"t":"ULAC"},"07E":{"t":"CH7B"},"081":{"t":"P28A"},"082":{"t":"PA38"},"084":{"t":"BE36"},"086":{"t":"BE58"},"087":{"desc":"L2P"},"088":{"t":"P28A"},"08A":{"t":"ULAC"},"08C":{"t":"ST75"},"08D":{"t":"PA38"},"08E":{"t":"CH7A"},"08F":{"t":"CH7A"},"091":{"t":"BALL"},"092":{"t":"C150"},"094":{"t":"ULAC"},"095":{"t":"PA12"},"096":{"t":"ULAC"},"098":{"t":"BALL"},"09A":{"t":"C210"},"09C":{"t":"P28A"},"09D":{"t":"C170"},"0A0":{"t":"BALL"},"0A1":{"t":"C185"},"0A3":{"t":"BE55"},"0A4":{"t":"BE35"},"0A5":{"t":"BE35"},"0AD":{"t":"ULAC"},"0B2":{"desc":"L1P"},"0B3":{"t":"C182"},"0B4":{"desc":"L1P"},"0B6":{"t":"L8"},"0B8":{"t":"PA12"},"0B9":{"t":"PA38"},"0BB":{"t":"ULAC"},"0BC":{"t":"C182"},"0BE":{"t":"ULAC"},"0BF":{"t":"C172"},"0C0":{"t":"C77R"},"0C1":{"t":"M20P"},"0C3":{"t":"C172"},"0C4":{"t":"C185"},"0C6":{"desc":"L2P"},"0C7":{"t":"BE33"},"0CB":{"t":"DC3"},"0CC":{"t":"BE58"},"0D0":{"t":"PA22"},"0D1":{"desc":"L3P"},"0D2":{"t":"C170"},"0D6":{"t":"C182"},"0D8":{"t":"C150"},"0DB":{"t":"P28A"},"0DF":{"t":"C182"},"0E1":{"desc":"L1P","t":"ULAC"},"0E2":{"t":"P28A"},"0E6":{"desc":"L1P","t":"ULAC"},"0E7":{"t":"BALL"},"0E9":{"t":"BALL"},"0EC":{"t":"BALL"},"0ED":{"t":"BALL"},"0EF":{"t":"BALL"},"0F1":{"t":"BE55"},"0F5":{"t":"C170"},"0FC":{"t":"BALL"},"0FE":{"t":"PA12"},"0FF":{"t":"C120"},"100":{"t":"PA22"},"101":{"t":"P28A"},"102":{"t":"C182"},"105":{"t":"P28A"},"108":{"t":"ULAC"},"109":{"t":"C172"},"10D":{"t":"BE35"},"10F":{"t":"BALL"},"110":{"t":"BE33"},"112":{"t":"BE36"},"113":{"desc":"L1P","t":"ULAC"},"117":{"desc":"L3P"},"119":{"t":"C170"},"11A":{"t":"CH7A"},"11C":{"t":"C182"},"11F":{"t":"C180"},"120":{"t":"PA18"},"122":{"t":"ULAC"},"125":{"t":"C182"},"127":{"t":"ULAC"},"128":{"t":"C172"},"129":{"t":"C172"},"12A":{"t":"M20P"},"12B":{"t":"ULAC"},"12C":{"t":"ULAC"},"12E":{"t":"ULAC"},"12F":{"t":"PA38"},"130":{"t":"BALL"},"131":{"t":"DC3"},"133":{"t":"BE36"},"134":{"t":"BE55"},"135":{"desc":"L2T"},"138":{"desc":"L1P"},"13A":{"desc":"L3P"},"13C":{"desc":"L1P"},"13D":{"t":"CH7A"},"13F":{"t":"C182"},"140":{"t":"GLID"},"141":{"t":"PA18"},"142":{"t":"BALL"},"143":{"t":"BALL"},"144":{"t":"PA27"},"145":{"t":"ULAC"},"147":{"t":"P28A"},"148":{"t":"P28A"},"149":{"t":"BALL"},"14B":{"t":"C172"},"14C":{"t":"C170"},"14D":{"t":"M20P"},"14E":{"t":"C206"},"14F":{"desc":"L1P","t":"ULAC"},"152":{"t":"BE33"},"153":{"t":"BALL"},"156":{"desc":"L1P","t":"ULAC"},"157":{"desc":"L1P","t":"ULAC"},"159":{"t":"BALL"},"15C":{"t":"PA22"},"15D":{"t":"ULAC"},"15E":{"t":"PA38"},"160":{"t":"CH7A"},"161":{"t":"CH7A"},"163":{"t":"ERCO"},"164":{"t":"C150"},"165":{"t":"C180"},"167":{"t":"PA12"},"168":{"t":"C120"},"16A":{"t":"P28A"},"16C":{"t":"C337"},"16D":{"desc":"L1P","t":"ULAC"},"16E":{"t":"C172"},"16F":{"desc":"L1P","t":"ULAC"},"170":{"t":"M20P"},"172":{"t":"PA46"},"173":{"t":"C185"},"175":{"t":"BE33"},"178":{"desc":"L1P"},"17C":{"t":"BE55"},"17F":{"t":"GLF5"},"181":{"t":"C182"},"182":{"t":"CH7B"},"184":{"t":"C182"},"189":{"t":"EA50"},"18B":{"t":"AS50"},"18E":{"t":"A332"},"190":{"t":"E120"},"191":{"t":"PA44"},"194":{"t":"PA12"},"199":{"t":"GLID"},"19A":{"t":"RV12"},"19B":{"t":"EC35"},"1A6":{"t":"CJ6"},"1AD":{"t":"C550"},"1B1":{"desc":"L1P"},"1B5":{"t":"SR20"},"1B9":{"desc":"L1P"},"1BD":{"t":"C510"},"1BF":{"t":"C172"},"1C3":{"t":"P28A"},"1CC":{"t":"T6"},"1CD":{"desc":"L1P"},"1D0":{"t":"CH7B"},"1DA":{"desc":"L1P"},"1DB":{"t":"DA40"},"1DE":{"t":"C25C"},"1E5":{"t":"BE40"},"1E7":{"desc":"L1P"},"1EF":{"desc":"L1J"},"206":{"t":"C172"},"215":{"desc":"L1P"},"21A":{"t":"B737"},"220":{"t":"B190"},"226":{"desc":"H1J"},"22E":{"t":"GLF4"},"23F":{"t":"RV12"},"247":{"desc":"L1P"},"24A":{"t":"C240"},"24B":{"t":"C310"},"253":{"t":"TBM8"},"256":{"t":"E145"},"258":{"t":"C182"},"25D":{"t":"E135"},"260":{"t":"EA50"},"261":{"t":"PA38"},"262":{"desc":"H1P"},"26E":{"t":"BALL"},"275":{"t":"M20T"},"285":{"t":"C180"},"292":{"t":"BE35"},"293":{"t":"DV20"},"295":{"desc":"L2T"},"298":{"desc":"L8E"},"299":{"t":"P28A"},"2A4":{"t":"R44"},"2B8":{"t":"E75L"},"2BF":{"t":"A320"},"2C5":{"desc":"H6E"},"2CB":{"t":"S22T"},"2CF":{"t":"H25B"},"2D5":{"t":"CRJ2"},"2DC":{"t":"S22T"},"2E7":{"desc":"L1T"},"2F6":{"t":"C182"},"2F7":{"t":"C172"},"2F9":{"desc":"H1P"},"2FA":{"t":"BE23"},"302":{"t":"C550"},"308":{"desc":"L1P"},"30A":{"desc":"L1P"},"30B":{"desc":"H1P"},"30F":{"desc":"L1P"},"310":{"t":"PA32"},"311":{"t":"GLID"},"312":{"t":"S22T"},"313":{"desc":"L1P"},"314":{"desc":"L1P"},"317":{"t":"PA31"},"318":{"t":"LJ55"},"31F":{"t":"SR22"},"321":{"desc":"L1P"},"324":{"desc":"L1P"},"325":{"desc":"L1P","t":"ULAC"},"326":{"t":"E75L"},"328":{"t":"PA18"},"333":{"t":"SR20"},"334":{"t":"M20T"},"34F":{"t":"MD11"},"35A":{"t":"FDCT"},"35B":{"t":"RV12"},"377":{"desc":"L1P"},"380":{"t":"B737"},"38C":{"t":"ULAC"},"3D8":{"t":"PA20"},"3DA":{"desc":"L1P","t":"ULAC"},"3DC":{"t":"BALL"},"3DD":{"t":"CH7A"},"3DE":{"t":"BALL"},"3DF":{"desc":"L1P"},"3E0":{"t":"C150"},"3E2":{"t":"C172"},"3E3":{"t":"PA12"},"3E5":{"t":"PA18"},"3E6":{"t":"C182"},"3E7":{"t":"C182"},"3EA":{"t":"P28A"},"3EC":{"t":"BALL"},"3EE":{"t":"BALL"},"3EF":{"t":"C185"},"3F2":{"t":"J3"},"3F4":{"t":"BE36"},"3F5":{"t":"B737"},"3F8":{"t":"J3"},"3F9":{"t":"J3"},"3FA":{"t":"S22T"},"3FB":{"t":"PA20"},"3FD":{"t":"C170"},"3FE":{"t":"C170"},"3FF":{"t":"PA38"},"401":{"t":"C182"},"402":{"t":"PA18"},"403":{"t":"C150"},"405":{"t":"C172"},"406":{"t":"P28A"},"407":{"t":"ULAC"},"408":{"t":"PA18"},"409":{"t":"P28A"},"40F":{"t":"BALL"},"410":{"t":"P28A"},"413":{"t":"ULAC"},"414":{"t":"BALL"},"416":{"t":"BALL"},"417":{"t":"BALL"},"419":{"t":"ULAC"},"41A":{"t":"BE35"},"41C":{"t":"BE35"},"41E":{"t":"PA20"},"422":{"t":"CH7A"},"423":{"t":"ULAC"},"424":{"t":"C182"},"426":{"desc":"L1P","t":"ULAC"},"427":{"desc":"L1P","t":"ULAC"},"428":{"t":"C150"},"429":{"t":"PA12"},"42B":{"t":"PA18"},"42C":{"t":"ULAC"},"42D":{"t":"C182"},"42E":{"t":"C210"},"430":{"t":"P28A"},"431":{"t":"C77R"},"432":{"t":"M20P"},"433":{"t":"C206"},"435":{"t":"CH7B"},"436":{"t":"BE36"},"438":{"t":"C180"},"43B":{"t":"J3"},"43D":{"t":"J3"},"442":{"t":"BALL"},"443":{"desc":"L1P"},"445":{"t":"CH7A"},"449":{"t":"PA18"},"44A":{"t":"C180"},"44D":{"t":"C140"},"44F":{"t":"C210"},"454":{"t":"C77R"},"455":{"t":"M20P"},"456":{"t":"C206"},"457":{"t":"C172"},"459":{"t":"J3"},"45D":{"t":"BE58"},"45E":{"t":"BALL"},"45F":{"t":"J4"},"463":{"desc":"L1P"},"464":{"t":"PA22"},"467":{"t":"C170"},"469":{"t":"CH7A"},"46A":{"t":"CH7B"},"46B":{"t":"ERCO"},"46D":{"desc":"L1P","t":"ULAC"},"470":{"t":"C140"},"472":{"desc":"L1P","t":"ULAC"},"473":{"t":"C182"},"474":{"desc":"L1P","t":"ULAC"},"478":{"t":"ULAC"},"479":{"t":"P28A"},"47B":{"t":"BL8"},"47F":{"t":"PA38"},"480":{"t":"BALL"},"481":{"t":"BE55"},"482":{"t":"PA38"},"483":{"t":"BALL"},"48A":{"t":"C170"},"48B":{"t":"CH7A"},"48C":{"t":"CH7A"},"48D":{"t":"C182"},"48E":{"t":"GLID"},"48F":{"t":"C150"},"490":{"t":"C180"},"494":{"t":"BALL"},"497":{"t":"C337"},"498":{"desc":"L1P","t":"ULAC"},"499":{"t":"P28A"},"49A":{"t":"C77R"},"49C":{"t":"C206"},"49D":{"t":"C172"},"49E":{"t":"CH7A"},"4A0":{"t":"BALL"},"4A1":{"t":"J3"},"4A2":{"t":"J4"},"4A3":{"t":"C152"},"4A4":{"t":"J3"},"4A7":{"t":"J3"},"4A8":{"t":"PA38"},"4AA":{"t":"PA22"},"4AC":{"t":"C170"},"4AD":{"t":"C170"},"4AE":{"t":"CH7A"},"4AF":{"t":"CH7A"},"4B1":{"t":"ERCO"},"4B4":{"t":"C172"},"4B5":{"t":"P28S"},"4B7":{"t":"PA18"},"4B8":{"t":"C182"},"4BE":{"t":"M20P"},"4BF":{"t":"P32R"},"4C0":{"t":"C172"},"4C6":{"t":"J3"},"4CB":{"t":"J3"},"4CD":{"t":"PA22"},"4CF":{"t":"BE9L"},"4D0":{"desc":"L1P"},"4D5":{"t":"C150"},"4D7":{"t":"C172"},"4D8":{"t":"PA12"},"4DB":{"t":"C185"},"4DC":{"t":"C182"},"4DD":{"t":"C337"},"4E1":{"t":"M20P"},"4E4":{"t":"C185"},"4E7":{"t":"C152"},"4E8":{"t":"C152"},"4E9":{"t":"BALL"},"4EA":{"t":"C152"},"4EE":{"t":"C152"},"4EF":{"t":"GLID"},"4F1":{"t":"SR20"},"4F2":{"t":"C170"},"4F3":{"t":"C170"},"4F4":{"t":"CH7A"},"4F6":{"t":"BALL"},"4F8":{"t":"C150"},"4FC":{"t":"C140"},"4FE":{"t":"C182"},"502":{"t":"PA34"},"503":{"t":"BALL"},"504":{"t":"M20P"},"506":{"t":"C172"},"507":{"t":"CH7B"},"50B":{"t":"J3"},"50D":{"t":"C152"},"50E":{"t":"J3"},"513":{"t":"PA22"},"516":{"t":"PA38"},"518":{"t":"CH7A"},"519":{"t":"C182"},"51B":{"t":"C150"},"51C":{"t":"C180"},"51E":{"t":"PA12"},"523":{"t":"C337"},"525":{"t":"C172"},"52A":{"t":"BALL"},"532":{"t":"J3"},"533":{"t":"BE36"},"538":{"desc":"L1P","t":"ULAC"},"53B":{"t":"B06"},"540":{"t":"HUSK"},"542":{"desc":"L1P"},"546":{"desc":"L2T"},"547":{"t":"E120"},"54B":{"t":"B190"},"54F":{"desc":"L1P"},"550":{"t":"GLID"},"551":{"t":"BE58"},"558":{"t":"SR22"},"564":{"t":"C172"},"568":{"t":"HUSK"},"569":{"t":"P28A"},"56A":{"desc":"L1P"},"56C":{"t":"SR20"},"574":{"t":"TWEN"},"576":{"t":"SR20"},"579":{"desc":"H1T"},"57C":{"t":"GLF5"},"581":{"t":"BE58"},"589":{"t":"ULAC"},"58A":{"t":"L29"},"58B":{"desc":"L1P"},"58C":{"t":"R44"},"592":{"t":"DA40"},"59A":{"t":"BE55"},"59C":{"t":"BE40"},"5A6":{"desc":"L1J"},"5AA":{"t":"C172"},"5B4":{"t":"S22T"},"5B6":{"t":"B06"},"5CF":{"t":"CL60"},"5D1":{"t":"B737"},"5DA":{"desc":"L1P"},"5DD":{"desc":"H1J"},"5F1":{"desc":"L1P"},"5F3":{"t":"S22T"},"5FE":{"desc":"L1P"},"600":{"t":"E190"},"601":{"t":"BE9L"},"609":{"t":"C68A"},"60C":{"desc":"L1P"},"60F":{"t":"SR20"},"610":{"t":"M20P"},"614":{"t":"E135"},"615":{"t":"BE36"},"617":{"desc":"L1P"},"619":{"desc":"H1P"},"61A":{"t":"C77R"},"620":{"t":"SR22"},"628":{"t":"S22T"},"630":{"desc":"L1P"},"631":{"t":"AT6T"},"635":{"t":"B06"},"63D":{"desc":"L1P"},"642":{"desc":"L1P","t":"ULAC"},"64A":{"t":"C172"},"64E":{"t":"C182"},"64F":{"desc":"L8E"},"650":{"t":"P28A"},"651":{"t":"ULAC"},"655":{"desc":"L1P"},"659":{"t":"H25B"},"65A":{"t":"H25B"},"65B":{"t":"BE58"},"65E":{"t":"RV12"},"662":{"desc":"L1P"},"665":{"t":"BE58"},"66F":{"t":"E75L"},"676":{"t":"A320"},"67B":{"t":"BE55"},"67C":{"desc":"L1T"},"67D":{"t":"C402"},"68C":{"t":"CRJ2"},"68F":{"t":"E50P"},"6AD":{"t":"GLID"},"6AE":{"t":"C172"},"6B0":{"t":"B06"},"6B2":{"desc":"L1P"},"6B3":{"desc":"H4E"},"6B9":{"t":"PA44"},"6BB":{"t":"BE58"},"6BE":{"desc":"A1P"},"6C1":{"desc":"L1P"},"6C8":{"t":"P28R"},"6C9":{"t":"PA32"},"6CB":{"desc":"L1P"},"6CE":{"desc":"H1P"},"6D3":{"t":"B744"},"6D4":{"t":"TBM7"},"6D8":{"t":"SR22"},"6DB":{"t":"PA31"},"6DD":{"t":"E75L"},"6DF":{"t":"PA18"},"6E2":{"t":"BE35"},"6E5":{"t":"S22T"},"6EC":{"t":"BE58"},"706":{"t":"MD11"},"70A":{"t":"F900"},"711":{"desc":"L1P"},"712":{"desc":"H6E"},"72A":{"desc":"L1P"},"737":{"t":"B737"},"738":{"t":"C310"},"73C":{"t":"SR22"},"75C":{"desc":"L1P"},"775":{"desc":"L1P"},"78E":{"t":"P51"},"790":{"t":"PA38"},"792":{"t":"C170"},"793":{"t":"BE9L"},"794":{"t":"BALL"},"795":{"t":"C182"},"797":{"t":"C150"},"79B":{"t":"BALL"},"79E":{"t":"P28A"},"79F":{"t":"T210"},"7A3":{"t":"M20P"},"7A5":{"t":"BALL"},"7A6":{"t":"BALL"},"7A8":{"desc":"L1P"},"7AB":{"t":"J3"},"7AD":{"t":"J3"},"7AE":{"t":"C152"},"7B1":{"desc":"L1P"},"7B2":{"t":"PA18"},"7B3":{"desc":"L1P"},"7B4":{"t":"C170"},"7B5":{"t":"C170"},"7B6":{"t":"BALL"},"7B7":{"t":"CH7B"},"7B9":{"t":"ERCO"},"7BA":{"t":"C150"},"7BB":{"t":"C180"},"7BD":{"t":"PA12"},"7BE":{"t":"C140"},"7BF":{"t":"PA18"},"7C2":{"t":"BALL"},"7C5":{"t":"C77R"},"7C6":{"t":"M20P"},"7C8":{"t":"C172"},"7C9":{"t":"BALL"},"7D0":{"t":"J3"},"7D1":{"t":"J3"},"7D6":{"desc":"L1P"},"7D8":{"t":"C170"},"7D9":{"t":"S76"},"7DC":{"t":"GLID"},"7DE":{"t":"C180"},"7DF":{"t":"C172"},"7E3":{"t":"C182"},"7E4":{"t":"C182"},"7E5":{"t":"PA18"},"7E7":{"t":"BALL"},"7E8":{"t":"C170"},"7E9":{"t":"M20P"},"7EC":{"t":"PA27"},"7ED":{"t":"C152"},"7EF":{"t":"J3"},"7F0":{"t":"BALL"},"7F1":{"t":"J3"},"7F2":{"t":"J3"},"7F9":{"t":"J5"},"7FA":{"t":"C170"},"7FC":{"t":"CH7A"},"7FE":{"t":"C182"},"7FF":{"t":"ERCO"},"800":{"t":"C150"},"801":{"t":"L8"},"802":{"t":"C172"},"805":{"t":"PA18"},"806":{"t":"PA25"},"807":{"t":"C182"},"808":{"t":"C185"},"80A":{"t":"C172"},"80C":{"t":"M20P"},"80D":{"t":"C206"},"80F":{"t":"J3"},"810":{"t":"J3"},"815":{"t":"J3"},"816":{"t":"C152"},"81B":{"t":"PA38"},"81C":{"desc":"L1P"},"81D":{"t":"C170"},"820":{"t":"R22"},"822":{"t":"GLID"},"823":{"t":"C150"},"824":{"t":"C180"},"825":{"t":"BALL"},"828":{"t":"PA18"},"82D":{"t":"C172"},"830":{"t":"BALL"},"834":{"desc":"H1P"},"837":{"t":"J4"},"839":{"t":"J3"},"83B":{"t":"C152"},"83D":{"desc":"L1P"},"83E":{"t":"PA18"},"840":{"t":"C170"},"843":{"t":"CH7A"},"845":{"t":"ERCO"},"847":{"t":"L8"},"848":{"t":"C172"},"84A":{"t":"C140"},"84D":{"t":"C182"},"84E":{"t":"PA18"},"84F":{"desc":"L1P","t":"ULAC"},"850":{"t":"C172"},"852":{"t":"M20P"},"856":{"t":"J3"},"858":{"t":"C152"},"859":{"desc":"L1P","t":"ULAC"},"85B":{"t":"C152"},"85D":{"t":"BALL"},"861":{"t":"PA38"},"862":{"t":"PA38"},"864":{"t":"PA38"},"865":{"t":"BALL"},"867":{"t":"CH7B"},"868":{"t":"ERCO"},"869":{"t":"C150"},"86B":{"t":"C172"},"86C":{"t":"PA12"},"86D":{"t":"C120"},"86F":{"t":"C182"},"870":{"t":"C182"},"871":{"t":"C172"},"872":{"desc":"L1P","t":"ULAC"},"873":{"t":"C172"},"875":{"t":"M20P"},"876":{"t":"P28A"},"879":{"t":"C152"},"87C":{"t":"J3"},"87F":{"t":"BALL"},"882":{"t":"J3"},"886":{"t":"PA38"},"887":{"t":"PA38"},"888":{"t":"ULAC"},"889":{"t":"CH7A"},"88B":{"t":"ERCO"},"88C":{"t":"PA18"},"88D":{"desc":"L1P"},"88F":{"t":"PA12"},"890":{"t":"PA38"},"893":{"t":"PAY1"},"894":{"t":"C337"},"895":{"desc":"L1P","t":"ULAC"},"896":{"t":"C172"},"898":{"t":"M20P"},"89B":{"t":"BALL"},"89C":{"t":"J3"},"8A2":{"t":"J3"},"8A9":{"t":"CH7A"},"8AA":{"t":"PA38"},"8AD":{"t":"BALL"},"8AE":{"t":"GLID"},"8AF":{"t":"C150"},"8B0":{"t":"L8"},"8B2":{"t":"P32R"},"8B3":{"t":"C140"},"8B4":{"t":"PA18"},"8B5":{"t":"P28S"},"8B6":{"t":"C182"},"8B8":{"t":"T206"},"8BB":{"t":"M20P"},"8BE":{"t":"C185"},"8BF":{"t":"J3"},"8C3":{"t":"BALL"},"8C4":{"t":"J3"},"8C8":{"t":"C152"},"8CB":{"t":"PA38"},"8CE":{"t":"ULAC"},"8D0":{"t":"C182"},"8D2":{"t":"PA46"},"8D6":{"t":"C120"},"8D8":{"t":"C182"},"8DD":{"t":"C170"},"8DE":{"t":"M20P"},"8E0":{"t":"C172"},"8E2":{"t":"C152"},"8E6":{"t":"J3"},"8E7":{"t":"PA38"},"8E9":{"t":"BALL"},"8EB":{"t":"C152"},"8EC":{"t":"P337"},"8F9":{"t":"EC30"},"8FF":{"t":"PA44"},"906":{"desc":"L1P","t":"ULAC"},"907":{"t":"GLID"},"909":{"desc":"L1P","t":"ULAC"},"90E":{"desc":"L1P"},"910":{"t":"H500"},"91B":{"t":"T206"},"91F":{"t":"BE36"},"920":{"t":"C680"},"921":{"t":"P28A"},"922":{"t":"C208"},"923":{"t":"SR22"},"925":{"desc":"H1P"},"929":{"t":"C680"},"92D":{"t":"C182"},"931":{"t":"FDCT"},"93B":{"t":"E50P"},"940":{"t":"C500"},"949":{"t":"J328"},"94D":{"t":"R22"},"951":{"t":"S22T"},"95D":{"desc":"L1J"},"96C":{"t":"B06"},"971":{"t":"G280"},"983":{"t":"BE20"},"989":{"t":"C172"},"98F":{"t":"TBM7"},"9B5":{"t":"BE35"},"9B7":{"desc":"L1P"},"9BC":{"desc":"L1P"},"9C3":{"t":"NAVI"},"9CB":{"t":"E135"},"9D1":{"desc":"A1P"},"9E8":{"t":"AT6T"},"9F2":{"desc":"L1P"},"A00":{"t":"M200"},"A01":{"t":"CH7B"},"A02":{"desc":"L1P"},"A07":{"t":"P28A"},"A0C":{"t":"BE36"},"A26":{"t":"E75L"},"A2D":{"t":"A320"},"A33":{"desc":"H6E"},"A34":{"t":"SR22"},"A35":{"t":"PC12"},"A43":{"t":"CRJ2"},"A65":{"t":"C172"},"A67":{"desc":"L1P"},"A68":{"desc":"L1P"},"A6C":{"t":"H25B"},"A70":{"t":"SF50"},"A72":{"t":"CH7B"},"A78":{"desc":"L1P"},"A7D":{"desc":"L2P"},"A7E":{"desc":"L1P"},"A7F":{"t":"GLEX"},"A80":{"t":"BE9L"},"A82":{"desc":"L1P"},"A8D":{"t":"SR20"},"A8E":{"t":"DA62"},"A92":{"t":"FDCT"},"A94":{"t":"E75L"},"A96":{"t":"BE35"},"AA2":{"desc":"A1P"},"ABD":{"t":"MD11"},"AC9":{"t":"RV12"},"AE1":{"t":"CH7A"},"AE3":{"desc":"L1P"},"AEE":{"t":"B737"},"AF3":{"t":"S22T"},"AF8":{"t":"HUSK"},"B48":{"t":"PA38"},"B49":{"t":"C170"},"B4C":{"t":"PA38"},"B4F":{"t":"C180"},"B50":{"t":"BALL"},"B52":{"t":"C140"},"B53":{"t":"BALL"},"B54":{"t":"P28R"},"B55":{"t":"C182"},"B58":{"t":"P46T"},"B5A":{"t":"M20P"},"B5B":{"t":"R22"},"B5C":{"t":"BALL"},"B5D":{"t":"BL8"},"B60":{"t":"BALL"},"B65":{"t":"C152"},"B67":{"t":"BALL"},"B6A":{"t":"PA46"},"B6D":{"t":"CH7A"},"B6F":{"t":"PA38"},"B70":{"t":"PA18"},"B71":{"t":"C150"},"B72":{"t":"L8"},"B73":{"t":"C172"},"B74":{"t":"PA12"},"B77":{"t":"C182"},"B7A":{"t":"C206"},"B7C":{"t":"C77R"},"B85":{"t":"C152"},"B89":{"t":"C152"},"B8B":{"desc":"L1P"},"B8F":{"t":"C170"},"B91":{"t":"CH7A"},"B92":{"t":"C182"},"B94":{"t":"C150"},"B95":{"t":"BALL"},"B96":{"t":"PA38"},"B98":{"t":"C120"},"B99":{"t":"PA18"},"B9D":{"t":"B407"},"B9E":{"t":"BALL"},"BA1":{"t":"C206"},"BA7":{"t":"J3"},"BAB":{"t":"J3"},"BAD":{"t":"PA38"},"BB3":{"t":"CH7A"},"BB5":{"t":"C182"},"BB6":{"t":"ERCO"},"BB7":{"t":"BALL"},"BB9":{"t":"C172"},"BBA":{"t":"BALL"},"BBD":{"t":"C182"},"BC1":{"t":"C172"},"BC2":{"t":"C170"},"BC3":{"t":"M20P"},"BC6":{"t":"PA27"},"BC8":{"desc":"H1P"},"BC9":{"t":"C152"},"BD5":{"t":"C170"},"BD8":{"t":"CH7A"},"BD9":{"t":"ERCO"},"BDC":{"t":"C172"},"BDE":{"t":"PA38"},"BDF":{"desc":"L1P","t":"LA4"},"BE0":{"t":"C182"},"BE6":{"t":"M20P"},"BE8":{"t":"C172"},"BEA":{"t":"J3"},"BF2":{"t":"C152"},"BF9":{"desc":"L1P","t":"ULAC"},"BFA":{"t":"CH7A"},"BFF":{"t":"C172"},"C01":{"t":"C120"},"C04":{"t":"C182"},"C07":{"t":"C172"},"C08":{"t":"C170"},"C09":{"t":"M20P"},"C0B":{"t":"C172"},"C0D":{"t":"C152"},"C16":{"t":"PA38"},"C18":{"t":"PA22"},"C19":{"t":"PA38"},"C1C":{"t":"PA38"},"C1D":{"t":"CH7A"},"C1E":{"t":"C182"},"C1F":{"t":"ERCO"},"C20":{"t":"PA18"},"C21":{"t":"C185"},"C22":{"t":"C172"},"C25":{"desc":"L1P","t":"LA4"},"C26":{"t":"C182"},"C27":{"t":"C182"},"C2C":{"t":"M20P"},"C2D":{"t":"C206"},"C30":{"t":"J3"},"C32":{"desc":"H1P"},"C34":{"t":"J3"},"C36":{"t":"BALL"},"C37":{"t":"BALL"},"C3D":{"t":"C170"},"C3E":{"t":"C170"},"C3F":{"t":"CH7A"},"C40":{"t":"CH7B"},"C41":{"t":"BALL"},"C42":{"t":"ERCO"},"C44":{"t":"C180"},"C47":{"t":"C140"},"C49":{"t":"C182"},"C4A":{"t":"C182"},"C4D":{"t":"P28U"},"C4E":{"t":"C170"},"C4F":{"t":"BALL"},"C50":{"t":"C206"},"C51":{"t":"BALL"},"C52":{"t":"CH7B"},"C54":{"t":"J3"},"C55":{"t":"J3"},"C56":{"t":"J3"},"C57":{"desc":"L1P"},"C59":{"t":"C152"},"C5A":{"t":"J3"},"C5B":{"t":"BALL"},"C5C":{"t":"C152"},"C60":{"t":"C170"},"C61":{"t":"BALL"},"C63":{"t":"CH7A"},"C64":{"t":"CH7A"},"C6A":{"t":"PA31"},"C6B":{"t":"PA18"},"C6D":{"t":"P28A"},"C72":{"t":"M20P"},"C73":{"t":"C206"},"C74":{"t":"C172"},"C78":{"t":"B789"},"C79":{"t":"C152"},"C7C":{"t":"J3"},"C7D":{"t":"BALL"},"C83":{"t":"C170"},"C84":{"t":"C170"},"C85":{"t":"CH7A"},"C86":{"t":"CH7A"},"C89":{"t":"BALL"},"C8A":{"t":"L8"},"C90":{"t":"P28A"},"C94":{"t":"C170"},"C95":{"t":"M20P"},"C97":{"t":"C172"},"C98":{"t":"BL8"},"C9A":{"t":"BALL"},"C9D":{"t":"J3"},"C9E":{"t":"C152"},"CA1":{"t":"C152"},"CA5":{"t":"C172"},"CA6":{"desc":"L2P"},"CA7":{"desc":"L1P"},"CA8":{"desc":"L1P"},"CA9":{"desc":"L1P"},"CAA":{"desc":"L1P","t":"GLID"},"CAB":{"desc":"L1P"},"CAC":{"desc":"L1P"},"CAD":{"desc":"L1P"},"CAE":{"t":"PA18"},"CB0":{"t":"E300"},"CB1":{"desc":"L1P"},"CB2":{"t":"C550"},"CB4":{"t":"BE9L"},"CB5":{"t":"L13M"},"CB6":{"t":"LJ25"},"CB7":{"desc":"L1P"},"CB9":{"t":"C180"},"CBC":{"t":"SSAB"},"CBD":{"t":"E55P"},"CBE":{"t":"B350"},"CC0":{"desc":"L1T"},"CC1":{"t":"ASTR"},"CC3":{"t":"C172"},"CC7":{"desc":"L2P"},"CC8":{"t":"B06"},"CC9":{"t":"C182"},"CCB":{"desc":"L2P"},"CCD":{"t":"BE36"},"CCF":{"t":"C750"},"CD2":{"t":"PA30"},"CD4":{"t":"BL8"},"CD5":{"t":"SR22"},"CD6":{"desc":"L1P"},"CD7":{"t":"C152"},"CD8":{"t":"C550"},"CDB":{"desc":"H1T"},"CDC":{"desc":"L1P"},"CDE":{"t":"B407"},"CDF":{"t":"CJ6"},"CE1":{"desc":"L1P"},"CE2":{"t":"BE95"},"CE6":{"t":"C210"},"CE7":{"t":"BE36"},"CE8":{"t":"LJ45"},"CE9":{"t":"C206"},"CEC":{"t":"PA24"},"CEE":{"t":"S22T"},"CF0":{"desc":"L1P"},"CF1":{"desc":"L1P"},"CF2":{"t":"PA32"},"CF3":{"desc":"L1P"},"CF4":{"t":"CL30"},"CF5":{"t":"ULAC"},"CF6":{"desc":"L1P"},"CF7":{"desc":"L1P"},"CF8":{"t":"GLF4"},"CFA":{"t":"C185"},"CFB":{"t":"GLID"},"CFD":{"t":"SR22"},"CFF":{"t":"P46T"},"D00":{"t":"AEST"},"D01":{"t":"C525"},"D04":{"desc":"L1P"},"D05":{"t":"GLID"},"D08":{"t":"BE9L"},"D09":{"desc":"L1P"},"D0A":{"desc":"L1P"},"D0B":{"desc":"L1P"},"D0C":{"desc":"L1P"},"D0D":{"desc":"L1P"},"D0E":{"t":"C152"},"D12":{"t":"GLID"},"D14":{"desc":"L1T","t":"M600"},"D16":{"t":"BE35"},"D18":{"desc":"L1P"},"D1C":{"t":"AA5"},"D1E":{"desc":"L1P"},"D1F":{"desc":"L1P"},"D20":{"desc":"L1P"},"D22":{"t":"CL30"},"D23":{"desc":"L1P"},"D24":{"t":"C206"},"D25":{"desc":"L1P"},"D26":{"t":"CL30"},"D27":{"t":"M20P"},"D2D":{"desc":"L1P"},"D2E":{"t":"LJ35"},"D2F":{"t":"C172"},"D31":{"t":"E300"},"D32":{"t":"C150"},"D3B":{"t":"R22"},"D3C":{"t":"PA18"},"D3E":{"t":"C421"},"D41":{"t":"GLID"},"D42":{"t":"S76"},"D43":{"t":"GLID"},"D45":{"desc":"L1P"},"D46":{"t":"BE17"},"D48":{"t":"PA31"},"D4A":{"t":"C182"},"D4B":{"t":"C150"},"D4F":{"desc":"L2P"},"D53":{"desc":"L1P"},"D54":{"t":"BE58"},"D55":{"t":"AC11"},"D56":{"desc":"H1P"},"D58":{"t":"C421"},"D59":{"t":"S76"},"D5A":{"t":"C551"},"D5B":{"t":"C550"},"D5D":{"desc":"L2P"},"D5E":{"t":"GLID"},"D5F":{"desc":"L1P"},"D64":{"t":"M20P"},"D67":{"t":"HUSK"},"D69":{"t":"AS50"},"D6A":{"t":"HUSK"},"D6C":{"t":"DG15"},"D6F":{"t":"RYST"},"D73":{"desc":"L1P"},"D74":{"desc":"L1P"},"D75":{"t":"BE55"},"D76":{"t":"H500"},"D77":{"t":"GLID"},"D79":{"desc":"L1P","t":"ULAC"},"D7C":{"t":"M20T"},"D7D":{"desc":"L1P"},"D7E":{"t":"P28R"},"D81":{"t":"RV12"},"D85":{"t":"T34P"},"D86":{"t":"P28A"},"D87":{"t":"ULAC"},"D88":{"t":"P46T"},"D89":{"t":"HUSK"},"D8B":{"desc":"L1P"},"D8C":{"desc":"L1P","t":"ULAC"},"D8D":{"t":"PC12"},"D8E":{"t":"FDCT"},"D8F":{"t":"GLID"},"D92":{"t":"P210"},"D93":{"desc":"L1P","t":"ULAC"},"D96":{"desc":"L1P"},"D9A":{"desc":"L1P"},"D9B":{"desc":"L1P"},"D9E":{"t":"PA32"},"D9F":{"t":"R44"},"DA1":{"desc":"L1P","t":"ULAC"},"DA2":{"desc":"L1P"},"DA4":{"t":"C421"},"DA5":{"desc":"L1P"},"DA6":{"desc":"L2T"},"DA7":{"t":"BE58"},"DAA":{"t":"BE76"},"DAF":{"t":"GLID"},"DB2":{"desc":"L1P"},"DB5":{"desc":"L1P","t":"ULAC"},"DB6":{"desc":"L1P"},"DB7":{"t":"ST75"},"DB8":{"desc":"L2P"},"DB9":{"t":"C150"},"DBA":{"t":"S22T"},"DBB":{"t":"C180"},"DBC":{"t":"H25B"},"DBD":{"t":"C177"},"DBE":{"desc":"L1P"},"DBF":{"desc":"L1P"},"DC0":{"t":"C750"},"DC1":{"t":"S22T"},"DC2":{"desc":"L1P"},"DC4":{"desc":"L1P"},"DC8":{"desc":"L1P"},"DC9":{"desc":"L1P"},"DCB":{"t":"B06"},"DCD":{"desc":"L1P"},"DD1":{"desc":"L1P"},"DD4":{"t":"BE9L"},"DD7":{"t":"PC12"},"DD8":{"t":"B212"},"DD9":{"t":"F2TH"},"DE0":{"t":"B407"},"DE1":{"desc":"L1P"},"DE8":{"t":"T206"},"DE9":{"t":"C182"},"DEB":{"desc":"L1P"},"DEC":{"desc":"L1P","t":"ULAC"},"DEE":{"desc":"H1T","t":"UH12"},"DEF":{"t":"BL8"},"DF0":{"t":"PA46"},"DF1":{"desc":"L1P"},"DF2":{"desc":"L2P"},"DF3":{"t":"CH7A"},"DF4":{"t":"BE18"},"DF5":{"t":"T210"},"DF9":{"t":"C180"},"DFA":{"desc":"L1P"},"DFB":{"t":"FA62"},"DFD":{"t":"BE33"},"DFE":{"t":"P51"},"DFF":{"desc":"L1P"},"E00":{"t":"BE9T"},"E0D":{"t":"C560"},"E11":{"t":"PA12"},"E12":{"t":"BT36"},"E14":{"t":"LJ45"},"E18":{"t":"GLID"},"E1B":{"t":"ERCO"},"E1C":{"t":"ULAC"},"E1D":{"desc":"L1P"},"E1F":{"t":"PA34"},"E20":{"t":"BE9L"},"E21":{"t":"B350"},"E22":{"t":"BE36"},"E23":{"t":"C185"},"E24":{"t":"PA30"},"E25":{"desc":"L1P"},"E26":{"t":"C525"},"E28":{"t":"M7"},"E29":{"desc":"L2P"},"E2C":{"t":"P210"},"E2D":{"t":"BE33"},"E30":{"desc":"L1P"},"E33":{"t":"B190"},"E36":{"desc":"L1P"},"E38":{"t":"GLID"},"E39":{"t":"SF50"},"E3A":{"desc":"L1P"},"E3B":{"desc":"L1P"},"E3E":{"desc":"L1P"},"E40":{"t":"F900"},"E42":{"desc":"A1P","t":"ULAC"},"E43":{"t":"C510"},"E44":{"desc":"L1P"},"E45":{"desc":"L1P"},"E46":{"t":"C414"},"E47":{"desc":"L1P"},"E4A":{"desc":"L1P"},"E4D":{"t":"C56X"},"E4E":{"t":"C207"},"E4F":{"desc":"L1P","t":"TB0"},"E50":{"t":"H25B"},"E51":{"t":"BE23"},"E52":{"t":"GLID"},"E54":{"t":"PA46"},"E57":{"desc":"L1P"},"E58":{"desc":"L1P"},"E59":{"t":"BE24"},"E5A":{"t":"WW24"},"E5B":{"t":"C177"},"E5D":{"desc":"L1P"},"E5F":{"t":"C182"},"E63":{"desc":"L1P"},"E64":{"t":"C550"},"E66":{"t":"NAVI"},"E67":{"t":"GLID"},"E70":{"t":"B06"},"E74":{"t":"R44"},"E76":{"t":"BE33"},"E77":{"t":"UH12"},"E7F":{"t":"C140"},"E80":{"t":"B407"},"E81":{"t":"DA40"},"E82":{"t":"PA18"},"E84":{"desc":"L1P"},"E86":{"desc":"A1P"},"E87":{"t":"R22"},"E89":{"desc":"L1P"},"E8B":{"t":"HUSK"},"E8C":{"desc":"L1P"},"E8D":{"t":"RV12"},"E8E":{"desc":"L2P"},"E8F":{"t":"T206"},"E90":{"t":"SR22"},"E93":{"desc":"L1P"},"E94":{"t":"PC12"},"E98":{"t":"SR22"},"E9A":{"desc":"L1P"},"E9C":{"t":"GLID"},"E9D":{"t":"C182"},"E9E":{"t":"C510"},"EA0":{"t":"R22"},"EA1":{"t":"FA50"},"EA3":{"t":"BE58"},"EA4":{"t":"SR22"},"EA6":{"t":"FA50"},"EA9":{"desc":"L1P"},"EAF":{"t":"HUSK"},"EB1":{"t":"GLID"},"EB5":{"desc":"L1P"},"EBC":{"t":"C56X"},"EBF":{"t":"H25B"},"EC7":{"t":"GLID"},"EC8":{"desc":"L1P"},"ECA":{"t":"M20T"},"ECB":{"desc":"L1P"},"ECD":{"desc":"L1P"},"ED4":{"t":"CJ6"},"EE3":{"t":"C172"},"EF5":{"t":"DA42"},"EFC":{"desc":"L1P"},"EFD":{"t":"B06"},"EFE":{"t":"BE35"},"EFF":{"desc":"L1P"},"F01":{"desc":"L1P"},"F07":{"t":"B739"},"F08":{"t":"B733"},"F09":{"t":"C525"},"F0B":{"desc":"L1P"},"F0D":{"t":"BE58"},"F0E":{"t":"B752"},"F0F":{"t":"M20P"},"F11":{"t":"S22T"},"F12":{"desc":"L1P"},"F15":{"t":"ULAC"},"F18":{"t":"PA32"},"F19":{"t":"PA24"},"F1A":{"t":"M7"},"F1D":{"t":"AC11"},"F1E":{"t":"B06"},"F23":{"desc":"L1P"},"F27":{"t":"LJ60"},"F28":{"desc":"L1P"},"F2F":{"t":"P28B"},"F30":{"t":"AEST"},"F33":{"t":"PA24"},"F35":{"t":"T6"},"F36":{"desc":"L1P"},"F39":{"t":"PTS2"},"F3A":{"t":"C68A"},"F3D":{"desc":"L1T"},"F40":{"t":"PA32"},"F41":{"t":"FDCT"},"F44":{"desc":"L1P"},"F4B":{"desc":"L1P"},"F4E":{"t":"C182"},"F50":{"desc":"L1P"},"F51":{"desc":"L1P","t":"ULAC"},"F53":{"t":"GLF5"},"F54":{"desc":"L1P"},"F56":{"desc":"L1T"},"F5A":{"t":"PA24"},"F5E":{"desc":"L1P"},"F60":{"desc":"L1P"},"F61":{"desc":"L1P"},"F62":{"t":"BE36"},"F65":{"desc":"L1P"},"F67":{"desc":"L1P"},"F6D":{"desc":"L1P"},"F6F":{"desc":"L1P"},"F71":{"desc":"L1P"},"F77":{"desc":"L1P"},"F79":{"desc":"L1P"},"F82":{"t":"PA32"},"F8B":{"desc":"L1P"},"F90":{"t":"LJ60"},"F93":{"desc":"L1P"},"F95":{"desc":"L1P"},"F96":{"t":"PA24"},"F97":{"t":"LJ60"},"F99":{"t":"P46T"},"F9D":{"t":"PA32"},"FA1":{"t":"PA32"},"FA3":{"desc":"L1P"},"FAF":{"desc":"L1T"},"FB6":{"t":"B14C"},"FBA":{"desc":"L1P"},"FBD":{"t":"PC12"},"FC5":{"desc":"L1P"},"FC7":{"desc":"L1P"},"FC8":{"t":"M7"},"FCA":{"desc":"L1P"},"FCB":{"t":"PA24"},"FCC":{"desc":"L1P"},"FCD":{"desc":"L1P"},"FD0":{"t":"P06T"},"FD1":{"desc":"L1P"},"FD3":{"desc":"L1P"},"FD5":{"t":"BE40"},"FD6":{"t":"CRJ2"},"FDB":{"t":"E135"},"FDE":{"t":"BE58"},"FDF":{"desc":"L1P"},"FE6":{"desc":"L1P"},"FEA":{"desc":"L1P"},"FF7":{"desc":"L1P"},"FF8":{"t":"AT6T"},"FF9":{"t":"BALL"},"FFB":{"t":"DA40"},"FFD":{"t":"LJ31"}}