{"000":{"t":"J3"},"007":{"t":"CH7A"},"008":{"t":"C182"},"00A":{"t":"ERCO"},"00B":{"t":"C150"},"00D":{"t":"C182"},"00E":{"t":"PA12"},"011":{"t":"C182"},"012":{"t":"C182"},"014":{"t":"P28A"},"017":{"desc":"L1P","t":"ULAC"},"01A":{"t":"BL8"},"01D":{"t":"AA5"},"020":{"t":"AA5"},"021":{"t":"J5"},"023":{"t":"J4"},"026":{"t":"PA18"},"027":{"t":"P28A"},"029":{"t":"C414"},"02A":{"t":"CH7A"},"02B":{"t":"C182"},"030":{"t":"C172"},"031":{"t":"C414"},"033":{"t":"PA18"},"035":{"t":"C182"},"038":{"t":"C172"},"039":{"t":"C77R"},"03B":{"t":"C414"},"03E":{"t":"AA5"},"043":{"t":"AA5"},"045":{"t":"AA5"},"046":{"t":"AA5"},"047":{"t":"AA5"},"048":{"desc":"L1P"},"049":{"t":"PA18"},"04B":{"t":"C310"},"04D":{"desc":"L1P","t":"ULAC"},"04F":{"t":"C414"},"050":{"t":"GLID"},"051":{"t":"C188"},"052":{"desc":"L1P"},"054":{"t":"PA12"},"057":{"t":"C182"},"058":{"t":"C182"},"05A":{"t":"C414"},"05C":{"t":"C170"},"05D":{"t":"M20P"},"061":{"t":"J4"},"065":{"t":"AA5"},"067":{"t":"AA5"},"06A":{"t":"AA5"},"06B":{"t":"NAVI"},"06C":{"t":"H269"},"06D":{"t":"H25B"},"06F":{"t":"CH7A"},"071":{"t":"B06"},"076":{"desc":"A2P"},"078":{"desc":"L1P"},"07C":{"t":"H269"},"07E":{"desc":"H1P"},"081":{"desc":"L1P"},"085":{"desc":"A1P"},"086":{"t":"BE35"},"087":{"desc":"L1P"},"088":{"t":"H269"},"08B":{"desc":"L1P"},"08C":{"desc":"L1P"},"08E":{"t":"C172"},"091":{"desc":"L1P"},"096":{"t":"H269"},"097":{"desc":"H1P"},"09A":{"desc":"L1P","t":"ULAC"},"09E":{"t":"C421"},"09F":{"t":"E120"},"0A0":{"t":"T6"},"0A1":{"t":"NAVI"},"0A2":{"t":"SR20"},"0A5":{"desc":"L1P"},"0A7":{"t":"C172"},"0AC":{"desc":"L1P"},"0AF":{"desc":"L1P","t":"ULAC"},"0B8":{"t":"VO10"},"0B9":{"desc":"L1P"},"0BA":{"desc":"L1P"},"0BB":{"t":"C172"},"0BD":{"desc":"L1P"},"0BE":{"t":"GLID"},"0C3":{"desc":"L1P"},"0C8":{"t":"DA40"},"0C9":{"desc":"L1P"},"0D1":{"t":"BE36"},"0D6":{"desc":"H2J"},"0DC":{"desc":"L1J"},"0E9":{"t":"C421"},"0EE":{"t":"B763"},"0F0":{"t":"C172"},"0F4":{"t":"S76"},"104":{"desc":"L1P"},"10B":{"t":"LJ60"},"11B":{"t":"H269"},"127":{"t":"GLF4"},"12F":{"t":"GLF4"},"134":{"desc":"L1P"},"135":{"t":"H269"},"13C":{"t":"LJ60"},"13D":{"t":"SR20"},"13E":{"desc":"L1P"},"140":{"t":"SR22"},"144":{"t":"LJ35"},"146":{"desc":"L1P"},"151":{"t":"E300"},"153":{"desc":"L1P"},"154":{"desc":"H1P"},"162":{"t":"PA27"},"16D":{"t":"PC12"},"171":{"desc":"H2T"},"177":{"t":"BE20"},"17F":{"t":"BALL"},"180":{"t":"CH7B"},"181":{"desc":"L1P"},"182":{"desc":"L1P"},"183":{"t":"H269"},"184":{"t":"C172"},"186":{"t":"P28A"},"187":{"desc":"H1P"},"18A":{"t":"BE20"},"18B":{"desc":"L1P"},"18D":{"t":"P32R"},"18F":{"t":"H269"},"193":{"desc":"A1T","t":"KODI"},"19A":{"desc":"L1P"},"19D":{"t":"C172"},"1A5":{"t":"E75L"},"1AA":{"desc":"L1P"},"1B3":{"t":"C82R"},"1B4":{"t":"C340"},"1B5":{"desc":"H4E"},"1BC":{"desc":"L1P"},"1E3":{"t":"PA46"},"1E4":{"t":"BE58"},"1E5":{"t":"DA40"},"1E6":{"t":"C500"},"1EB":{"desc":"L1P"},"1F3":{"t":"H269"},"1F5":{"t":"GLID"},"1F7":{"desc":"L1P"},"1FB":{"desc":"L1P"},"1FC":{"t":"C182"},"1FD":{"t":"C182"},"1FE":{"desc":"A1P"},"1FF":{"desc":"L1P","t":"ULAC"},"200":{"desc":"L1P"},"202":{"t":"H269"},"204":{"t":"C82S"},"206":{"t":"E145"},"20A":{"t":"UH1"},"20C":{"t":"H269"},"20E":{"t":"H269"},"213":{"desc":"L2J"},"215":{"t":"PA18"},"216":{"t":"C650"},"218":{"t":"H269"},"219":{"t":"C208"},"21D":{"t":"O1"},"21E":{"t":"H269"},"220":{"desc":"L1P"},"221":{"t":"BALL"},"223":{"t":"H269"},"227":{"t":"H269"},"228":{"t":"BE76"},"22E":{"desc":"L1P"},"248":{"desc":"L1P","t":"ULAC"},"259":{"t":"H269"},"260":{"t":"AC11"},"261":{"t":"MD11"},"262":{"t":"T6"},"266":{"t":"M7"},"26C":{"t":"PA18"},"26D":{"t":"B737"},"270":{"t":"GLF5"},"272":{"t":"C340"},"277":{"t":"HUSK"},"279":{"t":"S108"},"293":{"desc":"L1P"},"2AB":{"t":"P32R"},"2BD":{"desc":"L1P"},"2C0":{"desc":"L1P"},"2C3":{"desc":"L1P"},"2C5":{"t":"BE36"},"2C7":{"t":"C82R"},"2C8":{"t":"C170"},"2C9":{"desc":"L1P"},"2CA":{"t":"C182"},"2CB":{"t":"C182"},"2CC":{"t":"GLID"},"2CD":{"t":"C188"},"2CE":{"t":"L8"},"2D2":{"desc":"L1P","t":"LA4"},"2D3":{"t":"C172"},"2D4":{"t":"C182"},"2D7":{"t":"C172"},"2DA":{"t":"C206"},"2DB":{"t":"C180"},"2DF":{"t":"B788"},"2E0":{"t":"J4"},"2E2":{"t":"C180"},"2E3":{"t":"B788"},"2E4":{"t":"AA5"},"2E6":{"t":"B788"},"2E9":{"desc":"L1P"},"2EA":{"desc":"L1P"},"2EE":{"t":"C182"},"2EF":{"desc":"A1P","t":"ULAC"},"2F0":{"desc":"L1P"},"2F1":{"t":"C180"},"2F3":{"t":"PA12"},"2F5":{"desc":"L1P","t":"LA4"},"2F6":{"t":"C182"},"2F7":{"t":"C182"},"2F9":{"t":"P28A"},"2FA":{"t":"C172"},"2FB":{"t":"C77R"},"2FC":{"t":"SW4"},"2FE":{"t":"C414"},"2FF":{"t":"C185"},"300":{"t":"B788"},"302":{"t":"J4"},"303":{"t":"AA5"},"304":{"t":"J4"},"305":{"t":"AA5"},"307":{"t":"AA5"},"30A":{"desc":"L1P"},"30D":{"t":"C82R"},"30E":{"t":"C170"},"30F":{"t":"CH7A"},"311":{"t":"C182"},"312":{"t":"GLID"},"313":{"t":"C150"},"314":{"t":"L8"},"315":{"t":"C414"},"316":{"t":"PA12"},"317":{"t":"C140"},"319":{"t":"C182"},"31A":{"t":"C182"},"31C":{"t":"P28A"},"31D":{"desc":"L2P"},"31E":{"t":"C77R"},"323":{"t":"J4"},"325":{"t":"AA5"},"326":{"t":"J3"},"32F":{"t":"C414"},"330":{"t":"ULAC"},"335":{"t":"GLID"},"337":{"t":"BE33"},"33D":{"t":"C182"},"340":{"t":"C172"},"345":{"t":"BL8"},"347":{"t":"J3"},"34B":{"t":"AA5"},"34F":{"t":"AA5"},"353":{"t":"C337"},"354":{"t":"C170"},"357":{"t":"P28A"},"358":{"t":"C414"},"35A":{"t":"L8"},"35C":{"t":"PA12"},"35D":{"t":"C140"},"35E":{"t":"PA18"},"35F":{"t":"C182"},"360":{"desc":"L1P","t":"ULAC"},"361":{"t":"C337"},"362":{"t":"P28A"},"364":{"t":"C170"},"365":{"t":"M20P"},"369":{"t":"J4"},"36A":{"t":"AA5"},"36D":{"t":"AA5"},"36F":{"t":"J5"},"372":{"t":"AA5"},"375":{"desc":"L1J"},"376":{"t":"C310"},"377":{"t":"C170"},"378":{"desc":"L1P"},"37A":{"t":"C182"},"37E":{"t":"C172"},"37F":{"t":"PA12"},"381":{"t":"PA18"},"382":{"t":"C182"},"383":{"t":"C182"},"385":{"t":"P28A"},"38C":{"t":"J3"},"38D":{"t":"AA5"},"38E":{"t":"B789"},"38F":{"t":"J5"},"390":{"t":"AA5"},"393":{"t":"J4"},"394":{"t":"AA5"},"395":{"t":"SW4"},"399":{"t":"C82R"},"39A":{"t":"C170"},"39D":{"t":"CH7A"},"39E":{"t":"C340"},"3A1":{"t":"C172"},"3A4":{"t":"C340"},"3A5":{"t":"C182"},"3A6":{"t":"P28R"},"3A8":{"t":"P28A"},"3A9":{"t":"C340"},"3AA":{"t":"C170"},"3AB":{"t":"M20P"},"3AD":{"t":"C180"},"3AE":{"t":"CH7A"},"3AF":{"t":"B789"},"3B0":{"t":"AA5"},"3B1":{"t":"AA5"},"3B2":{"t":"AA5"},"3B3":{"t":"AA5"},"3B5":{"t":"B789"},"3B6":{"t":"B789"},"3B8":{"t":"AA5"},"3B9":{"desc":"H4E"},"3BA":{"t":"ULAC"},"3BB":{"desc":"L1J"},"3BD":{"t":"C170"},"3C2":{"t":"C150"},"3C3":{"t":"C180"},"3C5":{"t":"P28R"},"3C6":{"t":"C140"},"3C7":{"desc":"L1P","t":"LA4"},"3C9":{"t":"C182"},"3CB":{"t":"ULAC"},"3D2":{"t":"B789"},"3D5":{"t":"AA5"},"3D8":{"t":"AA5"},"3DA":{"t":"J3"},"3DC":{"desc":"H4E"},"3E0":{"t":"C170"},"3E3":{"t":"C182"},"3E4":{"t":"ERCO"},"3E5":{"t":"C150"},"3E6":{"t":"L8"},"3E8":{"t":"P28S"},"3EA":{"t":"PA18"},"3EB":{"t":"C182"},"3EC":{"t":"C182"},"3EE":{"desc":"L1P","t":"ULAC"},"3F1":{"t":"M20P"},"3F2":{"t":"C182"},"3FA":{"t":"AA5"},"3FB":{"t":"AA5"},"3FC":{"t":"J5"},"3FD":{"t":"AA5"},"3FE":{"t":"J3"},"403":{"t":"C340"},"405":{"t":"C182"},"40A":{"t":"C172"},"40B":{"t":"PA12"},"411":{"desc":"L1P","t":"ULAC"},"412":{"t":"C172"},"414":{"t":"M20P"},"415":{"t":"C206"},"416":{"t":"SW4"},"419":{"t":"J3"},"41B":{"t":"AA5"},"41C":{"t":"AA5"},"41D":{"t":"J4"},"41F":{"t":"AA5"},"424":{"desc":"L1P"},"425":{"t":"M20T"},"428":{"t":"B06"},"429":{"t":"LJ45"},"42B":{"t":"C172"},"42D":{"t":"C182"},"42F":{"desc":"L1P"},"431":{"t":"ULAC"},"436":{"t":"P28A"},"438":{"t":"NAVI"},"43A":{"t":"CL60"},"43C":{"t":"T210"},"43D":{"t":"PA22"},"43F":{"desc":"L1P"},"441":{"t":"HUSK"},"442":{"t":"PAY1"},"443":{"t":"C340"},"445":{"t":"LJ24"},"447":{"t":"C172"},"44C":{"t":"PA24"},"44D":{"t":"R44"},"44F":{"t":"GLID"},"453":{"t":"PA27"},"454":{"t":"GLID"},"455":{"t":"SF50"},"457":{"t":"RC3"},"458":{"desc":"A1P"},"459":{"t":"DA40"},"45A":{"t":"GLID"},"45B":{"desc":"A1P"},"45C":{"desc":"L1P"},"45E":{"t":"C525"},"45F":{"desc":"L1P"},"461":{"desc":"L1P"},"465":{"t":"BALL"},"466":{"t":"C172"},"467":{"t":"C337"},"468":{"t":"GLID"},"46A":{"desc":"L1P"},"46C":{"t":"PA27"},"46E":{"desc":"L1P"},"46F":{"t":"PA32"},"471":{"t":"GLID"},"473":{"t":"P28A"},"474":{"t":"J3"},"475":{"t":"GLID"},"476":{"t":"BE35"},"477":{"t":"S22T"},"47A":{"desc":"L1P"},"47D":{"t":"BE58"},"47E":{"desc":"L1P"},"47F":{"t":"PA12"},"480":{"desc":"L1P"},"482":{"t":"T206"},"483":{"desc":"L1P"},"486":{"t":"SR22"},"487":{"t":"BE17"},"488":{"desc":"L1P"},"489":{"desc":"L1P"},"48D":{"desc":"L1P"},"48E":{"desc":"L1P"},"48F":{"t":"C335"},"492":{"desc":"L1P"},"493":{"t":"SR22"},"499":{"t":"PC12"},"49A":{"desc":"L1P"},"49D":{"desc":"H1P"},"49F":{"desc":"L2P"},"4A2":{"t":"BE36"},"4A3":{"t":"C182"},"4A6":{"desc":"L2T"},"4AB":{"t":"H25B"},"4AC":{"t":"PA27"},"4B1":{"t":"GLID"},"4B3":{"desc":"H1T"},"4BA":{"t":"FA50"},"4BB":{"t":"P32T"},"4BC":{"desc":"L1P"},"4BF":{"t":"C172"},"4C0":{"t":"GLID"},"4C1":{"t":"C182"},"4C3":{"desc":"L1P","t":"ULAC"},"4C4":{"t":"GLID"},"4C5":{"desc":"L1P"},"4C7":{"t":"T206"},"4CA":{"t":"P28R"},"4CB":{"t":"EC20"},"4CE":{"desc":"L1P"},"4D1":{"desc":"L1P"},"4D2":{"t":"C140"},"4D4":{"t":"BE36"},"4D5":{"desc":"L1P"},"4D8":{"t":"GLID"},"4DA":{"t":"GLID"},"4DB":{"desc":"L1P"},"4DC":{"t":"BE20"},"4DE":{"t":"M4"},"4E0":{"t":"PA27"},"4E2":{"t":"HUSK"},"4E3":{"desc":"L1P"},"4E4":{"desc":"L1P"},"4E5":{"t":"HUSK"},"4E7":{"t":"BL8"},"4E8":{"t":"B407"},"4E9":{"t":"HUSK"},"4EB":{"desc":"L1P"},"4EC":{"t":"C337"},"4ED":{"desc":"H1P"},"4EE":{"t":"BE33"},"4EF":{"desc":"L1P"},"4F0":{"desc":"L1P"},"4F1":{"desc":"L1P"},"4F5":{"desc":"L1P"},"4F7":{"desc":"L1P"},"4F9":{"t":"C310"},"4FC":{"t":"C77R"},"4FD":{"desc":"L1P"},"4FF":{"desc":"L1P","t":"ULAC"},"500":{"t":"C177"},"504":{"desc":"L1P"},"506":{"t":"G150"},"507":{"t":"C310"},"508":{"desc":"L1P"},"50A":{"desc":"L1P","t":"ULAC"},"50B":{"t":"P46T"},"50C":{"t":"GLID"},"50E":{"t":"P28A"},"50F":{"desc":"L1P"},"512":{"desc":"L1P"},"516":{"t":"GLID"},"51C":{"t":"GLID"},"51D":{"t":"C500"},"51E":{"t":"C172"},"51F":{"t":"BALL"},"520":{"t":"B06"},"522":{"t":"BL17"},"525":{"t":"BE36"},"526":{"t":"LJ60"},"528":{"t":"AEST"},"529":{"desc":"L1P"},"52B":{"t":"M20T"},"52F":{"t":"P32R"},"535":{"desc":"L1P"},"536":{"t":"B06"},"537":{"t":"HUSK"},"538":{"desc":"L1P"},"539":{"t":"M20P"},"53B":{"desc":"L1P"},"53D":{"t":"C208"},"540":{"desc":"L1P"},"541":{"t":"S22T"},"542":{"t":"GLID"},"544":{"t":"P337"},"546":{"desc":"L2P"},"547":{"desc":"L1P","t":"ULAC"},"548":{"t":"BE58"},"54A":{"t":"C172"},"54B":{"desc":"L1P","t":"BE58"},"54D":{"t":"S22T"},"552":{"desc":"L1P"},"554":{"t":"R22"},"558":{"desc":"L1P"},"561":{"desc":"L1P"},"564":{"desc":"L2T"},"568":{"t":"GLID"},"56B":{"t":"PA24"},"56C":{"desc":"L1P"},"56D":{"t":"BE24"},"571":{"t":"HUSK"},"572":{"t":"BE58"},"573":{"t":"C25B"},"574":{"desc":"L1P"},"576":{"desc":"L1P"},"579":{"desc":"L1P"},"57D":{"t":"AC11"},"581":{"desc":"L1P"},"593":{"t":"GLID"},"59C":{"desc":"L1P"},"59D":{"t":"BE20"},"59E":{"t":"L8"},"5A0":{"desc":"L1P"},"5A2":{"desc":"A1P"},"5A4":{"desc":"L1P"},"5A5":{"desc":"L1P"},"5A7":{"desc":"L1P"},"5AA":{"desc":"L1P"},"5AB":{"desc":"L1P"},"5AE":{"desc":"L1P"},"5AF":{"desc":"L1P"},"5B2":{"t":"PA46"},"5B5":{"t":"FDCT"},"5B7":{"t":"GLID"},"5B8":{"desc":"L1P"},"5B9":{"t":"C500"},"5BA":{"t":"GLID"},"5BB":{"desc":"L1P"},"5BD":{"t":"G164"},"5BE":{"t":"GLF2"},"5BF":{"t":"GLID"},"5C0":{"t":"GLID"},"5C1":{"desc":"A1P","t":"ULAC"},"5C3":{"desc":"L1J"},"5C5":{"t":"M20P"},"5C8":{"desc":"L1P"},"5CB":{"t":"GLID"},"5CC":{"t":"BE36"},"5CE":{"t":"C550"},"5D0":{"t":"C150"},"5D3":{"t":"C82R"},"5D4":{"t":"BE33"},"5D5":{"t":"C172"},"5D6":{"t":"B06"},"5D8":{"t":"BALL"},"5D9":{"desc":"L2P"},"5DA":{"t":"C172"},"5DB":{"desc":"L1P"},"5DD":{"desc":"L1P"},"5DE":{"t":"LJ35"},"5E2":{"t":"CH7B"},"5E3":{"desc":"L1P"},"5E4":{"t":"WW24"},"5E7":{"t":"C25B"},"5E8":{"desc":"L1P"},"5ED":{"t":"GLID"},"5EF":{"t":"B06"},"5F0":{"desc":"L1P","t":"ULAC"},"5F6":{"t":"BALL"},"5FE":{"desc":"L1P"},"5FF":{"t":"T206"},"600":{"desc":"L1P"},"601":{"t":"RV12"},"606":{"desc":"L1P"},"607":{"t":"SF50"},"60A":{"t":"BE55"},"60C":{"t":"C182"},"60D":{"t":"C25A"},"612":{"desc":"L1P"},"617":{"t":"TAYD"},"618":{"desc":"H1T"},"61B":{"t":"C205"},"61C":{"t":"ST75"},"61D":{"t":"SR20"},"61E":{"desc":"L1P"},"61F":{"t":"BL8"},"623":{"t":"P28S"},"625":{"desc":"L1P"},"628":{"desc":"L1J"},"629":{"t":"PA31"},"62B":{"t":"SR22"},"62E":{"t":"HUSK"},"631":{"t":"GLID"},"632":{"desc":"L1P"},"634":{"desc":"L1P"},"63B":{"desc":"L2J"},"642":{"t":"E300"},"648":{"desc":"L1P"},"64A":{"t":"GLF4"},"657":{"desc":"L1P"},"661":{"desc":"L1P","t":"ULAC"},"663":{"desc":"L1P"},"66D":{"t":"GLID"},"678":{"desc":"A1P"},"67A":{"t":"C310"},"67B":{"t":"BE50"},"67C":{"t":"C82R"},"67F":{"t":"B190"},"680":{"t":"S22T"},"686":{"t":"B739"},"688":{"t":"C172"},"68D":{"t":"GLID"},"691":{"desc":"H4E"},"692":{"t":"DC10"},"693":{"t":"A333"},"696":{"t":"GLID"},"69A":{"t":"BE20"},"6A0":{"desc":"L1P"},"6AA":{"desc":"H1P"},"6AE":{"t":"HUSK"},"6B1":{"t":"P28A"},"6B4":{"desc":"L1J"},"6B6":{"desc":"H4E"},"6BA":{"t":"P06T"},"6BC":{"t":"C182"},"6C0":{"desc":"L1P"},"6C8":{"desc":"L1P"},"6CA":{"desc":"L1P"},"6CE":{"desc":"L1P"},"6D3":{"t":"C182"},"6D8":{"t":"DA40"},"6E1":{"t":"E50P"},"6EC":{"desc":"L1J"},"6FA":{"t":"C182"},"6FB":{"t":"M20T"},"6FE":{"t":"B763"},"709":{"t":"P28R"},"720":{"t":"CL30"},"723":{"desc":"L1P"},"72B":{"t":"BE35"},"72C":{"t":"EN28"},"744":{"desc":"L1P"},"745":{"t":"C172"},"74C":{"t":"CL30"},"755":{"t":"J5"},"75D":{"t":"BE33"},"760":{"t":"C180"},"76C":{"desc":"L1T"},"776":{"desc":"L1P","t":"ULAC"},"779":{"t":"WW24"},"77B":{"t":"GLF6"},"77E":{"desc":"L1T"},"781":{"t":"R66"},"78F":{"t":"U21"},"794":{"t":"T206"},"795":{"t":"FA20"},"796":{"t":"GLID"},"797":{"desc":"L1P"},"79A":{"t":"P32R"},"79B":{"desc":"L1T"},"79F":{"t":"T210"},"7A4":{"t":"SR22"},"7B5":{"t":"E75L"},"7BA":{"desc":"L1P"},"7C3":{"desc":"L1P"},"7C4":{"t":"G280"},"7CD":{"t":"C500"},"7D1":{"t":"C56X"},"7D2":{"t":"P46T"},"7F3":{"t":"PA23"},"7F6":{"t":"C402"},"801":{"t":"B744"},"80D":{"t":"P28A"},"80F":{"t":"GLF4"},"811":{"desc":"A1P"},"816":{"t":"E145"},"817":{"desc":"H2T"},"81A":{"t":"T206"},"81D":{"t":"BALL"},"820":{"t":"C152"},"821":{"t":"P28B"},"823":{"t":"E75L"},"825":{"desc":"L1P"},"82C":{"desc":"H1T"},"830":{"desc":"A1P"},"831":{"t":"GLID"},"83B":{"desc":"H4E"},"84C":{"t":"MD11"},"858":{"t":"RV12"},"870":{"t":"PA27"},"871":{"desc":"L1P","t":"MD11"},"872":{"desc":"L1P"},"873":{"t":"PA18"},"87C":{"desc":"L1P"},"87D":{"t":"B737"},"8BB":{"desc":"L1P"},"8BC":{"t":"CRJ7"},"8D4":{"desc":"L2J"},"8D6":{"desc":"L2P"},"8D7":{"t":"C170"},"8D9":{"t":"CH7A"},"8DA":{"t":"C182"},"8DB":{"t":"C182"},"8DC":{"t":"ERCO"},"8DD":{"t":"ST75"},"8DE":{"desc":"L1P"},"8DF":{"t":"C172"},"8E0":{"desc":"A1P"},"8E1":{"t":"C140"},"8E2":{"t":"C182"},"8E7":{"t":"C172"},"8E8":{"desc":"L1J"},"8E9":{"t":"M20P"},"8EA":{"t":"C180"},"8EB":{"t":"C340"},"8EE":{"desc":"L1P"},"8F0":{"t":"VALI"},"8F3":{"t":"J3"},"8F4":{"t":"AC11"},"8FA":{"desc":"L1P"},"8FB":{"desc":"L1P"},"8FF":{"t":"ERCO"},"901":{"t":"L8"},"902":{"t":"C172"},"903":{"t":"PA12"},"906":{"t":"C182"},"908":{"t":"C150"},"90C":{"t":"M20P"},"90F":{"t":"GLID"},"913":{"t":"J3"},"915":{"t":"B772"},"916":{"t":"J3"},"919":{"t":"J3"},"91A":{"t":"GLF6"},"91D":{"t":"C170"},"91E":{"desc":"L1P"},"91F":{"t":"CH7A"},"920":{"t":"C182"},"921":{"t":"C182"},"922":{"t":"ERCO"},"925":{"t":"C414"},"928":{"t":"ULAC"},"929":{"t":"C182"},"92A":{"t":"P28R"},"92B":{"t":"B350"},"92D":{"t":"C172"},"92E":{"t":"C340"},"92F":{"t":"M20P"},"933":{"t":"J3"},"936":{"t":"J3"},"937":{"t":"J3"},"938":{"t":"J4"},"940":{"t":"CH7A"},"941":{"desc":"L1P"},"944":{"t":"C182"},"947":{"t":"L8"},"94A":{"t":"ULAC"},"94C":{"t":"C182"},"94D":{"t":"P28R"},"94F":{"t":"BE55"},"951":{"t":"C77R"},"952":{"desc":"L1P"},"953":{"t":"C180"},"955":{"t":"GLID"},"957":{"t":"J4"},"959":{"t":"J3"},"95A":{"t":"J3"},"95B":{"t":"BALL"},"95C":{"t":"PA18"},"95F":{"t":"PA18"},"963":{"t":"C170"},"965":{"t":"CH7A"},"966":{"t":"C182"},"968":{"t":"ERCO"},"96B":{"t":"C172"},"96D":{"t":"C335"},"96E":{"t":"PA22"},"96F":{"t":"C182"},"970":{"t":"P28R"},"971":{"t":"SR22"},"973":{"t":"C335"},"974":{"t":"C172"},"975":{"t":"T206"},"976":{"t":"C180"},"978":{"t":"GLID"},"97C":{"t":"J3"},"981":{"t":"J3"},"982":{"t":"J3"},"984":{"t":"C335"},"986":{"t":"GLID"},"987":{"desc":"L1P"},"98A":{"t":"C182"},"98D":{"t":"C180"},"98E":{"t":"C335"},"992":{"t":"C182"},"993":{"t":"P28R"},"994":{"t":"C150"},"995":{"t":"BE95"},"999":{"t":"C180"},"99B":{"t":"GLID"},"99D":{"t":"J4"},"99E":{"t":"EA50"},"99F":{"t":"J5"},"9A5":{"t":"J5"},"9A6":{"desc":"L1P"},"9A7":{"t":"C335"},"9AB":{"t":"SR20"},"9AD":{"t":"C182"},"9AE":{"t":"GLID"},"9B2":{"t":"PA12"},"9B4":{"t":"PA22"},"9B7":{"t":"C150"},"9B8":{"t":"C335"},"9B9":{"t":"C172"},"9BA":{"t":"C77R"},"9BB":{"t":"M20P"},"9BE":{"t":"GLID"},"9C2":{"t":"B744"},"9C4":{"t":"J3"},"9C8":{"t":"J4"},"9C9":{"t":"GL5T"},"9CA":{"t":"J3"},"9CC":{"t":"C170"},"9CE":{"t":"CH7A"},"9CF":{"t":"C182"},"9D0":{"t":"C182"},"9D3":{"t":"L8"},"9D5":{"t":"PA12"},"9D6":{"t":"C140"},"9D9":{"t":"P28R"},"9DB":{"desc":"L1P","t":"ULAC"},"9DC":{"t":"C172"},"9DE":{"t":"M20P"},"9E2":{"t":"J5"},"9EA":{"t":"J4"},"9EB":{"t":"J3"},"9ED":{"t":"GLID"},"9F1":{"t":"B737"},"9F6":{"t":"L8"},"9F7":{"t":"C172"},"9F8":{"t":"PA12"},"9F9":{"t":"C120"},"9FB":{"t":"C182"},"9FD":{"t":"C335"},"9FE":{"t":"C335"},"A03":{"t":"C335"},"A04":{"t":"GLID"},"A08":{"t":"J4"},"A0A":{"t":"BALL"},"A0E":{"t":"J3"},"A0F":{"desc":"L1P"},"A10":{"t":"CH7A"},"A11":{"t":"C335"},"A12":{"t":"C170"},"A13":{"desc":"L1P"},"A15":{"t":"C182"},"A17":{"t":"GLID"},"A1A":{"t":"C172"},"A1C":{"t":"C140"},"A1D":{"t":"PA22"},"A1F":{"t":"C335"},"A22":{"t":"P28A"},"A25":{"t":"C180"},"A2A":{"t":"J3"},"A2B":{"t":"BALL"},"A31":{"t":"J4"},"A32":{"desc":"L1P"},"A33":{"t":"BL8"},"A36":{"t":"F900"},"A38":{"t":"B06"},"A39":{"t":"C182"},"A3F":{"t":"C172"},"A47":{"t":"CRJ2"},"A4A":{"t":"A333"},"A4C":{"desc":"A1P"},"A4D":{"t":"GLID"},"A4E":{"t":"HDJT"},"A54":{"t":"B407"},"A57":{"t":"GLID"},"A5A":{"desc":"H1P"},"A61":{"desc":"A1P","t":"ULAC"},"A65":{"desc":"L1P"},"A68":{"desc":"A1P","t":"PA18"},"A69":{"desc":"H1P"},"A73":{"t":"S22T"},"A75":{"t":"C414"},"A76":{"t":"C510"},"A7E":{"t":"C150"},"A80":{"desc":"L1P","t":"ULAC"},"A81":{"t":"C182"},"A85":{"t":"H269"},"A87":{"t":"PC24"},"A89":{"t":"PA18"},"A92":{"t":"GLF6"},"A93":{"desc":"L1P"},"A97":{"t":"S22T"},"A98":{"t":"BE36"},"A9C":{"t":"TBM7"},"AA3":{"desc":"L1J"},"AA8":{"t":"C25C"},"AB0":{"t":"GLID"},"AB5":{"t":"B763"},"ABA":{"t":"R44"},"AC9":{"t":"P28A"},"AD0":{"desc":"H2T"},"AD1":{"t":"UH1"},"ADB":{"t":"C172"},"AE2":{"t":"ERCO"},"AE5":{"t":"A109"},"AF0":{"t":"AS50"},"AFB":{"desc":"L1P"},"AFE":{"desc":"L1P"},"B03":{"t":"GLID"},"B07":{"desc":"L1J"},"B0C":{"t":"GLID"},"B14":{"desc":"L1P"},"B15":{"t":"B350"},"B2D":{"desc":"L1P","t":"ULAC"},"B2E":{"t":"AT8T"},"B31":{"t":"T206"},"B35":{"desc":"L1T"},"B41":{"t":"B737"},"B47":{"t":"CH7B"},"B49":{"t":"PA31"},"B4D":{"t":"P28A"},"B4F":{"t":"M20T"},"B52":{"desc":"L1P"},"B5B":{"t":"E300"},"B60":{"t":"E190"},"B6C":{"t":"E75L"},"B71":{"desc":"L1P"},"B73":{"t":"A320"},"B79":{"desc":"H1P"},"B7A":{"t":"BE58"},"B80":{"t":"C680"},"B89":{"t":"GLF4"},"B8A":{"desc":"L1P"},"BAA":{"desc":"L1P"},"BAF":{"t":"C172"},"BB1":{"t":"C82R"},"BB6":{"t":"C172"},"BBA":{"desc":"L1P"},"BC3":{"t":"BE55"},"BC6":{"desc":"L1P","t":"ULAC"},"BC8":{"desc":"L2T"},"BC9":{"desc":"H1P"},"BCA":{"t":"P28A"},"BCB":{"t":"R22"},"BCF":{"t":"PC12"},"BD1":{"t":"C182"},"BD3":{"t":"SR22"},"BD4":{"t":"PC12"},"BD8":{"desc":"L1P","t":"ULAC"},"BDA":{"t":"E75L"},"BDC":{"t":"PA18"},"BE8":{"t":"HUSK"},"BF1":{"t":"MU2"},"C03":{"t":"MD11"},"C0F":{"t":"RV12"},"C28":{"t":"MD11"},"C39":{"t":"BE24"},"C3C":{"t":"C172"},"C3E":{"t":"HUSK"},"C59":{"desc":"L1P"},"C73":{"t":"CRJ7"},"C8C":{"t":"CH7A"},"C8D":{"t":"PC12"},"C8E":{"t":"C170"},"C8F":{"t":"C170"},"C94":{"t":"C335"},"C95":{"t":"L8"},"C98":{"desc":"L1P","t":"ULAC"},"C9C":{"t":"P28A"},"C9E":{"t":"C172"},"CA1":{"t":"C180"},"CA2":{"t":"BE95"},"CA3":{"t":"GLID"},"CA9":{"t":"BALL"},"CAA":{"t":"J5"},"CAD":{"t":"BALL"},"CAE":{"desc":"L1P"},"CB1":{"t":"C170"},"CB2":{"t":"C170"},"CB3":{"t":"TBM7"},"CB5":{"t":"C182"},"CBB":{"t":"C335"},"CBE":{"t":"C172"},"CC0":{"t":"P28A"},"CC3":{"t":"M20P"},"CC5":{"t":"SR20"},"CC6":{"t":"BL8"},"CC8":{"t":"J3"},"CCE":{"t":"BE36"},"CD2":{"t":"PA20"},"CD4":{"t":"C170"},"CD5":{"t":"C170"},"CD6":{"t":"CH7A"},"CD7":{"t":"C402"},"CD8":{"t":"CH7B"},"CDD":{"t":"PA12"},"CE0":{"t":"C182"},"CE1":{"t":"P28R"},"CE2":{"t":"C150"},"CE3":{"t":"BE55"},"CE5":{"t":"C414"},"CE6":{"t":"M20P"},"CE8":{"t":"BE95"},"CE9":{"t":"GLID"},"CEA":{"t":"J3"},"CED":{"t":"J3"},"CF1":{"desc":"L1P"},"CF2":{"desc":"L1P"},"CF3":{"t":"J5"},"CF5":{"t":"CH7A"},"CF8":{"t":"C170"},"CF9":{"t":"CH7A"},"CFB":{"t":"C182"},"CFC":{"t":"ERCO"},"CFF":{"t":"C172"},"D00":{"t":"PA12"},"D03":{"t":"C182"},"D07":{"t":"C172"},"D09":{"t":"M20P"},"D0F":{"t":"J3"},"D10":{"desc":"L1P"},"D12":{"t":"J3"},"D16":{"t":"J3"},"D19":{"t":"C402"},"D1A":{"t":"SR22"},"D1B":{"t":"C170"},"D1C":{"t":"CH7A"},"D1D":{"t":"C182"},"D1E":{"t":"C182"},"D1F":{"t":"ERCO"},"D20":{"t":"C150"},"D21":{"t":"L11"},"D23":{"t":"C402"},"D24":{"t":"C120"},"D25":{"t":"PA22"},"D29":{"t":"BE35"},"D33":{"t":"J3"},"D34":{"t":"J3"},"D35":{"t":"J3"},"D37":{"t":"J3"},"D38":{"t":"AA5"},"D3B":{"desc":"L1P","t":"ULAC"},"D3E":{"t":"C170"},"D40":{"t":"C182"},"D42":{"t":"ERCO"},"D45":{"t":"C172"},"D46":{"t":"J3"},"D47":{"t":"C140"},"D48":{"t":"PA22"},"D4C":{"t":"C402"},"D4D":{"t":"C172"},"D51":{"t":"BE95"},"D53":{"t":"AA5"},"D55":{"t":"E45X"},"D56":{"t":"J3"},"D57":{"t":"J3"},"D58":{"t":"AA5"},"D59":{"t":"AA5"},"D5A":{"t":"AA5"},"D5B":{"t":"AA5"},"D5C":{"t":"J5"},"D5D":{"desc":"H1P"},"D61":{"t":"C170"},"D62":{"t":"CH7A"},"D6B":{"t":"PA22"},"D6E":{"t":"C150"},"D71":{"t":"BE35"},"D72":{"t":"M20P"},"D73":{"t":"C180"},"D75":{"t":"CH7B"},"D76":{"t":"AA5"},"D78":{"t":"J3"},"D7A":{"t":"J3"},"D7E":{"t":"AA5"},"D81":{"t":"BE35"},"D83":{"t":"C170"},"D84":{"t":"C170"},"D87":{"t":"C182"},"D8A":{"desc":"L1P"},"D8B":{"t":"C172"},"D8E":{"t":"ULAC"},"D91":{"t":"C150"},"D92":{"t":"BE55"},"D93":{"t":"C172"},"D94":{"t":"BE35"},"D95":{"t":"B06"},"D97":{"t":"R44"},"D98":{"t":"GLID"},"D9A":{"t":"J5"},"D9D":{"t":"AA5"},"D9F":{"t":"AA5"},"DA4":{"t":"BE33"},"DA7":{"t":"C170"},"DA9":{"t":"C182"},"DAD":{"t":"BE36"},"DAF":{"t":"PA12"},"DB2":{"t":"C182"},"DB4":{"t":"C150"},"DB6":{"t":"C172"},"DB7":{"desc":"L1P"},"DB9":{"t":"C180"},"DBA":{"t":"C402"},"DBF":{"t":"J3"},"DC8":{"desc":"L1P"},"DC9":{"t":"P28S"},"DCA":{"t":"C170"},"DCB":{"desc":"A1T"},"DCC":{"t":"C182"},"DCF":{"t":"C150"},"DD0":{"t":"L8"},"DD2":{"t":"PA12"},"DD6":{"t":"P28R"},"DD9":{"t":"C172"},"DDB":{"t":"M20P"},"DDC":{"t":"ST75"},"DDF":{"t":"E45X"},"DE1":{"t":"J3"},"DE7":{"t":"J5"},"DEA":{"t":"PA34"},"DEB":{"t":"BE33"},"DED":{"t":"CH7B"},"DF0":{"desc":"L1P"},"DF1":{"desc":"L1P"},"DF4":{"t":"B739"},"DF6":{"desc":"H1P"},"DFA":{"t":"C82S"},"DFB":{"t":"GLID"},"DFC":{"t":"B737"},"DFE":{"t":"CRJ2"},"E01":{"t":"A333"},"E03":{"t":"C182"},"E04":{"t":"GLID"},"E06":{"t":"CL30"},"E07":{"desc":"L1P"},"E0A":{"t":"GLF5"},"E0B":{"desc":"L1P","t":"ULAC"},"E0E":{"t":"GLID"},"E12":{"t":"CL30"},"E14":{"desc":"L1P"},"E18":{"desc":"L1P","t":"ULAC"},"E1C":{"desc":"L1P"},"E1D":{"desc":"L2P"},"E1E":{"t":"P28A"},"E1F":{"desc":"A1P","t":"PA18"},"E20":{"t":"SR22"},"E23":{"t":"C195"},"E26":{"t":"C68A"},"E28":{"desc":"L1T"},"E2A":{"desc":"L1P"},"E2D":{"desc":"L1P"},"E2E":{"t":"BE36"},"E30":{"desc":"A1P"},"E35":{"t":"SR22"},"E37":{"t":"C172"},"E38":{"desc":"L1P"},"E3F":{"t":"C172"},"E42":{"t":"FA10"},"E45":{"desc":"L1P"},"E46":{"t":"DA40"},"E4A":{"t":"R44"},"E4E":{"t":"GLID"},"E4F":{"t":"BE9L"},"E51":{"t":"P28B"},"E57":{"t":"EA50"},"E67":{"desc":"L1P"},"E6A":{"t":"F2TH"},"E6C":{"t":"B763"},"E80":{"t":"PA27"},"E87":{"desc":"H2T"},"E92":{"t":"PA44"},"EA4":{"t":"LJ45"},"EAB":{"t":"C25A"},"EB3":{"t":"C172"},"EB4":{"desc":"A1P"},"EBE":{"t":"B772"},"EC3":{"t":"GLID"},"EC7":{"t":"R44"},"ECB":{"desc":"L1P"},"ED1":{"desc":"L1P"},"EE5":{"t":"AT5T"},"EE7":{"t":"P28R"},"EEB":{"t":"R44"},"EEC":{"desc":"L1T"},"EF2":{"t":"C172"},"EFE":{"desc":"L1P","t":"ULAC"},"EFF":{"t":"DA42"},"F00":{"desc":"L2T"},"F04":{"t":"R44"},"F08":{"t":"M7"},"F09":{"t":"C172"},"F0E":{"t":"BE35"},"F16":{"desc":"L1P","t":"ULAC"},"F17":{"t":"T28"},"F1D":{"t":"PC12"},"F23":{"t":"E75L"},"F26":{"t":"E55P"},"F28":{"desc":"L1P"},"F2A":{"t":"A320"},"F30":{"desc":"L1P"},"F32":{"t":"GLID"},"F3D":{"t":"T28"},"F3E":{"t":"CRJ9"},"F48":{"t":"BE55"},"F61":{"desc":"L2T","t":"DC3"},"F62":{"t":"C172"},"F69":{"t":"SR22"},"F6D":{"desc":"L1P"},"F71":{"t":"C172"},"F75":{"t":"C25C"},"F7A":{"t":"BE35"},"F7C":{"t":"C172"},"F7D":{"t":"C180"},"F7E":{"desc":"L1P"},"F7F":{"t":"R44"},"F80":{"t":"HDJT"},"F81":{"t":"BL8"},"F86":{"t":"A109"},"F88":{"t":"C172"},"F8A":{"t":"SR20"},"F8B":{"desc":"L1P"},"F8C":{"desc":"L1P"},"F8F":{"desc":"L2J"},"F91":{"desc":"L2J"},"F93":{"desc":"L1P"},"F9E":{"t":"C172"},"F9F":{"t":"S22T"},"FA0":{"t":"C172"},"FA5":{"desc":"L1P"},"FA6":{"t":"S22T"},"FA9":{"t":"GLF4"},"FBA":{"t":"MD11"},"FC5":{"t":"C182"},"FC6":{"t":"RV12"},"FDB":{"desc":"L1P"},"FDF":{"t":"MD11"},"FE1":{"t":"C172"},"FE5":{"desc":"L1P"},"FEB":{"t":"B737"},"FEC":{"t":"ASTO"},"FF5":{"t":"HUSK"},"FF7":{"desc":"L1P"}}