{"000":{"t":"P28R"},"001":{"t":"C150"},"002":{"desc":"L1P","t":"ULAC"},"004":{"t":"BE35"},"008":{"t":"GLID"},"00B":{"t":"TAYB"},"00C":{"t":"PA31"},"00F":{"t":"PA31"},"013":{"t":"B762"},"016":{"t":"C170"},"017":{"t":"C170"},"018":{"t":"CH7A"},"019":{"t":"B06"},"01A":{"t":"C182"},"01D":{"t":"L8"},"01E":{"t":"C172"},"01F":{"t":"P28A"},"020":{"t":"C140"},"023":{"t":"GLID"},"024":{"desc":"L1P"},"025":{"t":"BE35"},"026":{"t":"C172"},"028":{"t":"M20P"},"02A":{"t":"BE95"},"02D":{"t":"TAYB"},"030":{"t":"PA31"},"031":{"t":"TAYB"},"032":{"desc":"L1P"},"033":{"t":"PA31"},"036":{"desc":"L1P"},"039":{"t":"C170"},"03A":{"t":"C170"},"03B":{"t":"CH7A"},"03C":{"t":"C182"},"03D":{"t":"C182"},"03E":{"t":"GLID"},"03F":{"t":"C185"},"040":{"desc":"L1P"},"041":{"t":"C172"},"046":{"t":"GLID"},"047":{"t":"C150"},"048":{"t":"BE33"},"04A":{"t":"C77R"},"04B":{"t":"M20P"},"04C":{"t":"C180"},"04E":{"t":"GLID"},"051":{"t":"PA31"},"053":{"t":"TAYB"},"05A":{"t":"C170"},"05D":{"desc":"L1P"},"05F":{"t":"C182"},"060":{"t":"C182"},"063":{"t":"C180"},"064":{"t":"C172"},"068":{"t":"C182"},"06B":{"t":"BE35"},"06C":{"t":"C172"},"06E":{"t":"M20P"},"071":{"t":"C172"},"075":{"t":"PA31"},"076":{"t":"B06"},"07A":{"t":"TAYB"},"07B":{"t":"PA31"},"07D":{"desc":"L1P"},"07E":{"desc":"H4E"},"080":{"desc":"L4J"},"081":{"t":"BALL"},"082":{"t":"B06"},"084":{"t":"BE55"},"087":{"t":"B739"},"088":{"t":"LJ55"},"089":{"t":"PA34"},"08E":{"t":"GLID"},"08F":{"t":"AT6T"},"094":{"t":"A333"},"096":{"desc":"A1P"},"097":{"t":"GLID"},"099":{"desc":"L1P"},"09B":{"t":"B350"},"09D":{"t":"E50P"},"09E":{"t":"H60"},"0A2":{"t":"BALL"},"0AF":{"desc":"L1P","t":"C25C"},"0B1":{"t":"C172"},"0B2":{"desc":"L1P"},"0B4":{"desc":"L1P"},"0B6":{"desc":"A1P"},"0B7":{"t":"R44"},"0B9":{"desc":"L1P"},"0BB":{"t":"S22T"},"0BD":{"t":"P28A"},"0C1":{"t":"BE36"},"0C8":{"t":"GLID"},"0CC":{"t":"PA24"},"0CD":{"desc":"L1P"},"0D2":{"desc":"L1P","t":"ULAC"},"0D3":{"desc":"L1P"},"0D4":{"desc":"L1P"},"0DA":{"desc":"H1T","t":"H269"},"0DD":{"desc":"L1P","t":"ULAC"},"0E2":{"t":"B738"},"0ED":{"desc":"L1J"},"0F2":{"desc":"L1P"},"0FA":{"t":"BE33"},"0FF":{"t":"B763"},"10B":{"t":"BE9L"},"113":{"t":"EA50"},"118":{"t":"BE20"},"11A":{"desc":"H2T"},"11B":{"t":"ULAC"},"11F":{"t":"GLF4"},"125":{"t":"C172"},"129":{"t":"A321"},"145":{"t":"C182"},"146":{"t":"COL4"},"149":{"t":"SR22"},"14A":{"t":"B350"},"14D":{"t":"CL30"},"14E":{"t":"BE20"},"14F":{"desc":"L1T"},"150":{"desc":"L1P"},"151":{"t":"C551"},"15A":{"desc":"A1P"},"15F":{"t":"B06"},"169":{"t":"C150"},"170":{"t":"R44"},"177":{"desc":"L1P"},"178":{"t":"AT5T"},"179":{"t":"BALL"},"17A":{"t":"R44"},"17B":{"desc":"L1P"},"183":{"desc":"L1P"},"188":{"t":"B06"},"189":{"t":"BE77"},"190":{"desc":"L1P"},"191":{"t":"CH7B"},"192":{"t":"SR22"},"193":{"t":"R44"},"194":{"t":"BE55"},"198":{"t":"P28U"},"19A":{"t":"LJ35"},"1A0":{"t":"BE55"},"1A5":{"t":"AA5"},"1B6":{"t":"E75L"},"1BB":{"desc":"L1P"},"1BD":{"t":"A320"},"1C2":{"t":"BE35"},"1C5":{"t":"PC12"},"1C6":{"t":"R44"},"1CE":{"desc":"L1P"},"1D3":{"t":"DA40"},"1F6":{"t":"BE35"},"1F7":{"t":"C560"},"1F8":{"t":"EN28"},"1FE":{"t":"R44"},"1FF":{"t":"B06"},"200":{"t":"P28A"},"204":{"t":"BALL"},"205":{"t":"H25B"},"206":{"t":"C150"},"208":{"desc":"L1P"},"209":{"t":"E55P"},"20D":{"desc":"L1P"},"20E":{"t":"P28A"},"20F":{"t":"PA18"},"211":{"t":"EC20"},"213":{"t":"BALL"},"218":{"t":"C172"},"219":{"t":"P28B"},"21B":{"t":"BE9T"},"224":{"t":"E75L"},"226":{"desc":"L1P"},"227":{"t":"M20T"},"228":{"t":"B06"},"229":{"t":"C206"},"232":{"t":"C182"},"238":{"desc":"L1P"},"23F":{"t":"CH7A"},"24D":{"t":"MD11"},"250":{"t":"C182"},"258":{"t":"BE50"},"259":{"t":"RV12"},"271":{"desc":"L1P"},"272":{"t":"MD11"},"274":{"t":"BE20"},"279":{"desc":"L1P"},"27E":{"t":"B737"},"282":{"desc":"L1P"},"283":{"t":"P46T"},"288":{"t":"HUSK"},"28A":{"t":"C414"},"2A0":{"t":"F2TH"},"2D5":{"desc":"H1T","t":"UH12"},"2D6":{"t":"BE60"},"2D8":{"t":"C170"},"2DB":{"t":"C182"},"2E0":{"desc":"L1P"},"2E1":{"t":"PA12"},"2E3":{"t":"ULAC"},"2E5":{"t":"P28R"},"2E6":{"t":"C150"},"2E7":{"t":"BE33"},"2E8":{"t":"C172"},"2EA":{"t":"M20P"},"2EF":{"t":"PA31"},"2F6":{"t":"S10"},"2FB":{"t":"C170"},"2FD":{"t":"CH7A"},"300":{"t":"ERCO"},"303":{"t":"C172"},"304":{"t":"P28A"},"305":{"t":"C120"},"306":{"t":"PA18"},"307":{"t":"P28A"},"30A":{"t":"BE35"},"30B":{"t":"C172"},"30D":{"t":"M20P"},"311":{"t":"S10"},"313":{"t":"PA31"},"315":{"t":"S10"},"31F":{"t":"C170"},"322":{"t":"CH7A"},"324":{"t":"C185"},"325":{"desc":"H1P"},"326":{"t":"C172"},"327":{"t":"PA12"},"328":{"desc":"L1P","t":"ULAC"},"329":{"t":"PA32"},"32B":{"desc":"L1P","t":"ULAC"},"32D":{"t":"BE55"},"32F":{"t":"BE35"},"331":{"t":"C180"},"333":{"t":"GLID"},"336":{"t":"B737"},"338":{"t":"B737"},"33F":{"t":"ULAC"},"342":{"t":"C170"},"343":{"t":"CH7A"},"344":{"t":"C182"},"346":{"t":"UH1"},"347":{"t":"C150"},"34A":{"t":"PA12"},"34B":{"t":"C120"},"34C":{"t":"PA18"},"34E":{"t":"B06"},"350":{"t":"BE55"},"352":{"t":"C77R"},"353":{"t":"BE35"},"354":{"t":"C180"},"359":{"t":"S10"},"35A":{"t":"B737"},"35B":{"t":"B737"},"35C":{"t":"PA31"},"361":{"desc":"G1P","t":"GYRO"},"365":{"t":"C170"},"366":{"t":"CH7A"},"369":{"t":"GLID"},"36A":{"t":"C172"},"36F":{"t":"PA18"},"370":{"t":"C182"},"372":{"t":"C150"},"373":{"t":"BE35"},"377":{"t":"C180"},"379":{"t":"GLID"},"37A":{"t":"S10"},"37F":{"t":"S10"},"384":{"desc":"L1P"},"389":{"t":"C172"},"38A":{"t":"C182"},"38E":{"t":"L8"},"38F":{"t":"C172"},"391":{"t":"C140"},"392":{"t":"PA18"},"393":{"t":"C182"},"394":{"t":"C72R"},"395":{"t":"C150"},"396":{"t":"BE35"},"397":{"t":"C172"},"39C":{"t":"GLID"},"39E":{"desc":"L2J","t":"B3XM"},"39F":{"desc":"L2J","t":"B3XM"},"3A2":{"t":"PA31"},"3A4":{"t":"S10"},"3A5":{"t":"B06"},"3A7":{"desc":"L1P"},"3A8":{"t":"BE35"},"3AB":{"t":"C170"},"3AC":{"t":"C172"},"3AD":{"t":"C182"},"3AE":{"t":"C182"},"3AF":{"t":"GLID"},"3B0":{"t":"C185"},"3B2":{"t":"C172"},"3B4":{"t":"C140"},"3B7":{"t":"ULAC"},"3B9":{"t":"BE35"},"3BA":{"t":"C172"},"3BD":{"t":"C180"},"3BE":{"t":"BE95"},"3BF":{"t":"GLID"},"3C1":{"t":"S10"},"3C2":{"t":"S10"},"3CA":{"desc":"L1P"},"3CB":{"t":"BE55"},"3CD":{"t":"CH7A"},"3CF":{"t":"C172"},"3D0":{"desc":"L1P"},"3D1":{"t":"C182"},"3D3":{"t":"C185"},"3D5":{"t":"C172"},"3D7":{"t":"PA32"},"3D8":{"t":"BE35"},"3DA":{"desc":"L2J"},"3DC":{"t":"C172"},"3E2":{"t":"GLID"},"3E3":{"t":"S10"},"3E8":{"t":"T6"},"3EE":{"t":"NAVI"},"3F1":{"t":"C170"},"3F3":{"t":"C182"},"3F6":{"t":"C185"},"3F7":{"t":"L8"},"3F9":{"t":"PA12"},"3FA":{"t":"C140"},"3FC":{"desc":"L1P"},"3FD":{"desc":"L1P","t":"ULAC"},"3FE":{"t":"C150"},"3FF":{"t":"BE55"},"400":{"t":"C172"},"401":{"t":"BE35"},"405":{"t":"BL8"},"408":{"desc":"L1P"},"414":{"t":"C170"},"416":{"t":"C182"},"417":{"t":"ST75"},"418":{"t":"GLID"},"419":{"t":"ERCO"},"41B":{"t":"C172"},"41C":{"t":"P28S"},"41E":{"t":"PA18"},"41F":{"t":"P28R"},"420":{"t":"B06"},"422":{"desc":"L1P"},"426":{"desc":"L1P"},"428":{"t":"GLID"},"42F":{"t":"S10"},"434":{"desc":"L1P"},"437":{"t":"CH7A"},"438":{"t":"GLID"},"43B":{"t":"PA44"},"43E":{"t":"B739"},"440":{"t":"B407"},"442":{"t":"PRM1"},"445":{"t":"GLID"},"446":{"t":"B737"},"44B":{"t":"A333"},"44E":{"t":"GLID"},"44F":{"desc":"L1P"},"451":{"t":"C172"},"467":{"t":"C172"},"469":{"desc":"L1P"},"46A":{"t":"SR22"},"472":{"t":"DA40"},"478":{"t":"FDCT"},"481":{"t":"M20P"},"482":{"t":"DV20"},"490":{"t":"DA40"},"49B":{"t":"COL4"},"49D":{"t":"E545"},"4A0":{"t":"S22T"},"4A4":{"desc":"L1J"},"4B1":{"desc":"L1P"},"4B6":{"t":"B763"},"4BA":{"t":"F900"},"4BB":{"t":"R22"},"4BC":{"t":"B738"},"4C1":{"desc":"A1P","t":"ULAC"},"4CA":{"t":"BE36"},"4CB":{"t":"GALX"},"4D1":{"desc":"H2T"},"4D2":{"t":"F2TH"},"4D3":{"desc":"L1P"},"4DB":{"t":"F2TH"},"4E0":{"t":"A320"},"4E2":{"t":"BE40"},"4E3":{"desc":"L1P"},"4E5":{"desc":"L1P"},"4EC":{"t":"C185"},"4FC":{"t":"P46T"},"4FD":{"t":"SR22"},"503":{"desc":"L1P"},"504":{"t":"T206"},"515":{"t":"C525"},"518":{"t":"H500"},"51A":{"t":"R44"},"52E":{"t":"GLF6"},"53B":{"t":"C25A"},"547":{"t":"BE58"},"54A":{"t":"LJ60"},"54E":{"t":"P28A"},"561":{"t":"GLF4"},"564":{"t":"P28R"},"56D":{"t":"E75L"},"572":{"desc":"L1P"},"57B":{"t":"P210"},"57C":{"t":"CL30"},"5AB":{"t":"BE36"},"5AE":{"t":"PA31"},"5B1":{"t":"F900"},"5BF":{"desc":"L1P"},"5C5":{"t":"C77R"},"5C6":{"t":"M20T"},"5C7":{"t":"E55P"},"5C9":{"t":"GLID"},"5CC":{"t":"R22"},"5CD":{"t":"E300"},"5D2":{"t":"C172"},"5D4":{"t":"SR22"},"5D6":{"t":"PA46"},"5D8":{"t":"C680"},"5D9":{"t":"BE9L"},"5DB":{"desc":"L2J"},"5E0":{"t":"S22T"},"5EF":{"t":"LJ31"},"604":{"t":"MD11"},"629":{"t":"MD11"},"62B":{"t":"PC12"},"62C":{"t":"SR22"},"630":{"desc":"H8E"},"635":{"t":"B737"},"63D":{"t":"BE17"},"64C":{"t":"C56X"},"65A":{"desc":"L1P"},"673":{"t":"PA18"},"68C":{"desc":"L1P"},"68F":{"t":"C170"},"690":{"t":"C170"},"691":{"t":"CH7A"},"693":{"t":"C182"},"694":{"t":"GLID"},"696":{"desc":"L1P"},"698":{"t":"PA12"},"699":{"t":"C120"},"69B":{"t":"C182"},"69D":{"t":"C150"},"6A2":{"t":"C180"},"6A4":{"t":"GLID"},"6AC":{"t":"J4"},"6B0":{"desc":"L1P","t":"ULAC"},"6B2":{"t":"C170"},"6B3":{"t":"C185"},"6B7":{"t":"GLID"},"6B8":{"t":"C185"},"6B9":{"t":"L8"},"6BA":{"t":"C170"},"6BC":{"t":"C140"},"6BD":{"desc":"H4E"},"6BE":{"t":"C182"},"6BF":{"t":"P28R"},"6C0":{"t":"C150"},"6C4":{"desc":"L1P"},"6C5":{"t":"C180"},"6C7":{"t":"GLID"},"6CF":{"t":"T6"},"6D4":{"desc":"L2P"},"6D5":{"t":"C170"},"6D7":{"t":"CH7A"},"6D8":{"t":"C182"},"6DC":{"desc":"L1P"},"6DD":{"t":"C172"},"6E1":{"t":"C182"},"6E5":{"t":"C172"},"6E6":{"t":"BE35"},"6E7":{"t":"BALL"},"6E9":{"t":"PA24"},"6F1":{"t":"GLID"},"6FA":{"t":"CH7A"},"6FB":{"t":"C182"},"6FC":{"t":"C182"},"6FF":{"desc":"L1P"},"702":{"t":"C120"},"705":{"desc":"H2T"},"707":{"t":"C185"},"70A":{"t":"M20P"},"70C":{"t":"BE95"},"712":{"t":"J4"},"713":{"t":"PA31"},"714":{"t":"J4"},"715":{"desc":"L1P"},"71F":{"t":"C182"},"720":{"t":"ERCO"},"724":{"t":"PA12"},"725":{"desc":"L1P","t":"ULAC"},"726":{"t":"PA18"},"727":{"t":"P28S"},"729":{"t":"C150"},"72A":{"t":"BE35"},"72B":{"t":"C172"},"72D":{"t":"M20P"},"72E":{"t":"C180"},"730":{"t":"GLID"},"735":{"t":"J4"},"73A":{"t":"J4"},"73D":{"t":"EC25"},"73E":{"t":"J3"},"741":{"t":"C182"},"743":{"t":"ERCO"},"744":{"t":"C185"},"745":{"t":"C180"},"747":{"t":"PA12"},"74A":{"t":"PA32"},"74B":{"desc":"L1P"},"74D":{"t":"BE35"},"74E":{"t":"C172"},"74F":{"t":"BE35"},"750":{"t":"M20P"},"753":{"t":"GLID"},"754":{"t":"PA31"},"75B":{"t":"J4"},"75C":{"t":"J4"},"75F":{"t":"ULAC"},"761":{"t":"C170"},"763":{"t":"CH7A"},"764":{"t":"C182"},"765":{"t":"C182"},"76F":{"t":"S22T"},"771":{"t":"C172"},"772":{"t":"BE35"},"774":{"t":"C180"},"77E":{"desc":"L1P"},"77F":{"t":"J4"},"782":{"t":"BE36"},"785":{"t":"BALL"},"786":{"t":"CH7A"},"787":{"t":"C182"},"78A":{"t":"C185"},"78B":{"t":"C180"},"78C":{"t":"C172"},"78F":{"t":"PA18"},"790":{"t":"C182"},"793":{"t":"BE55"},"794":{"t":"C172"},"796":{"t":"M20P"},"79D":{"t":"J4"},"7A4":{"desc":"L1P"},"7A6":{"desc":"L2P"},"7A9":{"t":"CH7A"},"7AB":{"t":"C182"},"7B1":{"t":"ULAC"},"7B3":{"t":"C182"},"7B6":{"t":"BE33"},"7BC":{"t":"GLID"},"7BF":{"t":"BALL"},"7C4":{"t":"J4"},"7C5":{"t":"PA31"},"7C8":{"desc":"L1P","t":"ULAC"},"7CA":{"t":"C170"},"7CD":{"t":"C182"},"7D0":{"t":"C150"},"7D1":{"t":"L8"},"7D2":{"t":"C172"},"7D3":{"t":"PA12"},"7D4":{"t":"BALL"},"7D6":{"t":"C182"},"7D9":{"t":"BE35"},"7DA":{"t":"C172"},"7DC":{"t":"M20P"},"7E1":{"t":"J4"},"7E4":{"t":"J4"},"7E9":{"t":"J4"},"7ED":{"desc":"H4E"},"7EF":{"t":"B734"},"7F1":{"desc":"L1P"},"7F2":{"t":"PA44"},"7F3":{"t":"PC24"},"7F7":{"t":"AS50"},"7FD":{"desc":"H1P","t":"B737"},"7FF":{"t":"A332"},"802":{"t":"A332"},"805":{"t":"GLID"},"807":{"t":"BE9L"},"819":{"desc":"L1P"},"81D":{"desc":"L1P"},"81E":{"t":"DA40"},"823":{"t":"H25B"},"824":{"t":"P28A"},"825":{"desc":"H1T"},"826":{"t":"B763"},"829":{"t":"C182"},"82B":{"t":"SR22"},"82F":{"t":"PA31"},"832":{"t":"S22T"},"836":{"t":"C25B"},"838":{"desc":"H1T"},"83B":{"desc":"G1P","t":"GYRO"},"83E":{"desc":"L2T"},"84A":{"t":"C25C"},"84B":{"t":"SR22"},"84F":{"t":"EA50"},"857":{"t":"EC20"},"85B":{"desc":"L1J"},"86B":{"desc":"L1P"},"86D":{"t":"B763"},"881":{"desc":"L1P"},"888":{"desc":"H2T"},"892":{"desc":"L1P"},"897":{"t":"A320"},"8A5":{"t":"R44"},"8B3":{"t":"SR20"},"8B5":{"t":"E190"},"8B7":{"desc":"L1P","t":"ULAC"},"8BA":{"desc":"L1P"},"8BB":{"t":"PA32"},"8BF":{"t":"ULAC"},"8C1":{"t":"S22T"},"8C3":{"desc":"H1P"},"8C4":{"t":"C182"},"8CC":{"desc":"L1P"},"8D5":{"desc":"L1P"},"8DB":{"desc":"L1T"},"8EC":{"t":"P28B"},"8ED":{"t":"RV12"},"8F3":{"t":"R22"},"8FE":{"desc":"L2T"},"8FF":{"t":"BL8"},"901":{"t":"C170"},"903":{"t":"C172"},"905":{"t":"P28A"},"90D":{"t":"E75L"},"910":{"t":"SR22"},"91B":{"t":"P28R"},"929":{"desc":"L1P"},"92B":{"t":"A320"},"930":{"t":"GLID"},"931":{"t":"P46T"},"934":{"desc":"H1T","t":"B505"},"938":{"t":"GLF5"},"93C":{"t":"C208"},"93F":{"t":"CRJ9"},"945":{"t":"P28A"},"963":{"t":"CH7B"},"964":{"desc":"L1P"},"96E":{"desc":"L1P"},"976":{"desc":"L1P"},"977":{"t":"C182"},"97C":{"t":"H269"},"97D":{"desc":"L1P"},"97E":{"t":"BE18"},"983":{"t":"GLF5"},"989":{"desc":"L1P"},"98A":{"t":"T6"},"98B":{"t":"P28T"},"98D":{"t":"P46T"},"98F":{"t":"BL17"},"990":{"t":"F2TH"},"992":{"t":"E75L"},"994":{"t":"PA18"},"995":{"desc":"L1P"},"99C":{"t":"B06"},"9A9":{"t":"C82S"},"9AA":{"t":"S22T"},"9BB":{"t":"MD11"},"9C6":{"desc":"L1P"},"9C7":{"t":"RV12"},"9E0":{"t":"MD11"},"9E2":{"desc":"L1P"},"9EA":{"desc":"L1P"},"9EB":{"desc":"L1P"},"9EC":{"t":"B737"},"9F6":{"t":"HUSK"},"A11":{"desc":"L1P"},"A47":{"t":"C170"},"A49":{"t":"EC25"},"A4A":{"t":"C182"},"A4B":{"t":"ERCO"},"A4C":{"t":"C150"},"A4D":{"t":"L8"},"A4E":{"t":"C172"},"A51":{"desc":"L1P","t":"LA4"},"A58":{"t":"M20P"},"A5C":{"t":"J3"},"A5D":{"t":"B788"},"A5F":{"t":"B788"},"A61":{"t":"J5"},"A63":{"desc":"L1P"},"A64":{"t":"B788"},"A69":{"t":"BALL"},"A6D":{"t":"C182"},"A6E":{"t":"ERCO"},"A6F":{"t":"C150"},"A73":{"t":"ULAC"},"A74":{"t":"PA18"},"A75":{"t":"P28B"},"A81":{"t":"J3"},"A84":{"t":"J5"},"A86":{"t":"PA31"},"A87":{"desc":"L1P"},"A8C":{"t":"C170"},"A8F":{"t":"C182"},"A90":{"t":"C182"},"A92":{"t":"C185"},"A96":{"t":"C120"},"A97":{"t":"PA18"},"A98":{"t":"C182"},"A9F":{"t":"BALL"},"AA1":{"t":"GLID"},"AA5":{"t":"J3"},"AAA":{"t":"J3"},"AAC":{"desc":"L1P"},"AB1":{"t":"CH7A"},"AB3":{"t":"C182"},"AB4":{"t":"GLID"},"ABA":{"desc":"L1P","t":"LA4"},"ABB":{"t":"P32R"},"ABE":{"t":"BE35"},"AC1":{"t":"M20P"},"AC3":{"t":"BE95"},"AC4":{"t":"GLID"},"AC7":{"desc":"L1P"},"AC8":{"t":"ST75"},"ACC":{"t":"J3"},"ACF":{"desc":"L1P"},"AD3":{"t":"C170"},"AD4":{"t":"CH7A"},"AD6":{"t":"C182"},"AD8":{"t":"C185"},"AD9":{"t":"L8"},"ADA":{"t":"BALL"},"ADB":{"t":"PA12"},"ADC":{"t":"C140"},"ADE":{"t":"C182"},"AE5":{"t":"BALL"},"AE9":{"t":"J3"},"AEB":{"t":"J5"},"AED":{"t":"J3"},"AF3":{"t":"B47G"},"AF5":{"t":"C170"},"AF8":{"t":"C182"},"AFA":{"t":"ERCO"},"AFB":{"t":"C172"},"AFC":{"t":"L8"},"AFD":{"t":"C172"},"B05":{"t":"C172"},"B06":{"t":"BE35"},"B12":{"t":"B789"},"B13":{"t":"B789"},"B14":{"t":"B789"},"B15":{"t":"C25A"},"B18":{"t":"BALL"},"B19":{"t":"C170"},"B1B":{"t":"C182"},"B1C":{"t":"C182"},"B1F":{"t":"L8"},"B20":{"t":"C172"},"B22":{"t":"C140"},"B27":{"t":"BE35"},"B28":{"desc":"L1P","t":"ULAC"},"B2A":{"t":"M20P"},"B2E":{"desc":"L1P"},"B32":{"t":"B789"},"B33":{"t":"B789"},"B35":{"t":"J3"},"B36":{"t":"J3"},"B37":{"desc":"L1P"},"B39":{"t":"BE35"},"B3C":{"t":"C170"},"B3D":{"t":"C172"},"B3E":{"t":"C182"},"B40":{"t":"ERCO"},"B41":{"t":"C185"},"B42":{"t":"L8"},"B4A":{"t":"BE35"},"B4D":{"t":"M20P"},"B50":{"t":"GLID"},"B53":{"t":"J5"},"B54":{"t":"J3"},"B55":{"t":"J3"},"B57":{"t":"J3"},"B5A":{"t":"J3"},"B5E":{"t":"C82R"},"B60":{"t":"C172"},"B61":{"t":"C182"},"B62":{"t":"C182"},"B64":{"t":"C150"},"B68":{"desc":"L1P","t":"ULAC"},"B69":{"t":"BE36"},"B6D":{"t":"BE35"},"B6F":{"t":"BE35"},"B70":{"t":"M20P"},"B71":{"t":"C180"},"B73":{"t":"GLID"},"B74":{"t":"J5"},"B7B":{"t":"PA31"},"B7D":{"t":"PA31"},"B81":{"t":"C170"},"B85":{"t":"C182"},"B8B":{"t":"C120"},"B8D":{"t":"C182"},"B90":{"desc":"H1P"},"B91":{"t":"C172"},"B94":{"t":"C180"},"B97":{"t":"PA31"},"B9C":{"t":"J5"},"B9F":{"t":"J3"},"BA0":{"t":"J5"},"BA1":{"desc":"L1P"},"BA2":{"t":"BE17"},"BA3":{"t":"DC3"},"BA4":{"desc":"L1P","t":"ULAC"},"BA5":{"t":"C182"},"BA6":{"t":"GLF4"},"BA8":{"desc":"L2T"},"BA9":{"t":"GC1"},"BAA":{"t":"HUSK"},"BAE":{"t":"T28"},"BAF":{"t":"C208"},"BB0":{"t":"C414"},"BB2":{"t":"C500"},"BB3":{"t":"DV20"},"BB5":{"t":"P28A"},"BB6":{"t":"PA31"},"BB7":{"t":"HUSK"},"BB8":{"t":"BE55"},"BB9":{"desc":"L2T"},"BBC":{"desc":"L1P"},"BBD":{"t":"B429"},"BBE":{"t":"HDJT"},"BC2":{"t":"PAY2"},"BC7":{"t":"PA34"},"BC9":{"t":"AEST"},"BCB":{"t":"PA46"},"BCC":{"t":"RV12"},"BCD":{"desc":"L1P"},"BCE":{"desc":"L1P"},"BD0":{"t":"BE55"},"BD3":{"t":"GLID"},"BD7":{"t":"C414"},"BD9":{"t":"M20P"},"BDA":{"t":"P28A"},"BDB":{"t":"CRJ2"},"BDC":{"t":"GLID"},"BDE":{"t":"C525"},"BDF":{"t":"GLID"},"BE0":{"t":"CH7B"},"BE1":{"desc":"L1P"},"BE2":{"t":"BE35"},"BE3":{"t":"T28"},"BE4":{"desc":"L1P"},"BE5":{"desc":"L1P"},"BE6":{"t":"T28"},"BE7":{"t":"T28"},"BE8":{"t":"T28"},"BEA":{"t":"T28"},"BEB":{"t":"GLID"},"BED":{"desc":"L1P"},"BEF":{"t":"BE35"},"BF0":{"t":"F900"},"BF1":{"t":"GLID"},"BF2":{"t":"T28"},"BF3":{"t":"PA31"},"BF4":{"t":"GLID"},"BF5":{"desc":"L1P"},"BF7":{"desc":"L1P"},"BF8":{"desc":"L1P"},"BF9":{"t":"C25B"},"BFB":{"t":"C175"},"BFD":{"t":"J3"},"BFE":{"desc":"L1P"},"C01":{"t":"PA31"},"C02":{"t":"C172"},"C05":{"t":"BE33"},"C06":{"t":"FA24"},"C08":{"t":"C82S"},"C09":{"t":"BE50"},"C0A":{"t":"B06"},"C0B":{"desc":"L1P"},"C0C":{"desc":"L1P"},"C0E":{"desc":"H1P"},"C0F":{"t":"E300"},"C10":{"desc":"L1P"},"C13":{"t":"EN48"},"C14":{"t":"T28"},"C16":{"t":"C182"},"C18":{"desc":"L1P"},"C1A":{"t":"T28"},"C1B":{"desc":"L1P"},"C1E":{"desc":"L1P"},"C1F":{"t":"C140"},"C20":{"t":"C172"},"C22":{"t":"BE77"},"C23":{"t":"C525"},"C24":{"t":"CL30"},"C25":{"t":"P28A"},"C26":{"t":"P68"},"C2B":{"desc":"L2P"},"C2C":{"t":"T28"},"C30":{"desc":"L1P"},"C35":{"t":"BE58"},"C36":{"t":"M20P"},"C38":{"t":"CH7B"},"C3B":{"desc":"L1P"},"C3C":{"desc":"L1P"},"C3E":{"desc":"L1P"},"C3F":{"t":"GLID"},"C40":{"desc":"L1P"},"C41":{"t":"BE36"},"C42":{"t":"BL8"},"C44":{"t":"AA5"},"C46":{"t":"C68A"},"C48":{"desc":"L1P"},"C4A":{"t":"T28"},"C4D":{"t":"T28"},"C4F":{"t":"GLID"},"C52":{"t":"C172"},"C54":{"desc":"L1P"},"C56":{"t":"PA34"},"C58":{"t":"AA5"},"C59":{"t":"R44"},"C5A":{"t":"UH1"},"C5F":{"t":"BE55"},"C62":{"t":"PA32"},"C63":{"t":"B06"},"C64":{"t":"HUSK"},"C65":{"t":"ECHO"},"C67":{"t":"UH1"},"C68":{"t":"HUSK"},"C6E":{"t":"T28"},"C6F":{"t":"C185"},"C71":{"t":"S22T"},"C72":{"desc":"L1P"},"C73":{"t":"GLID"},"C74":{"t":"PA46"},"C76":{"t":"P210"},"C78":{"desc":"L1P"},"C7A":{"desc":"L1P"},"C7C":{"desc":"L1P"},"C7F":{"t":"C82T"},"C81":{"desc":"L1P"},"C83":{"desc":"L1P"},"C84":{"t":"B350"},"C86":{"desc":"L1P"},"C87":{"desc":"L1P"},"C88":{"t":"PA31"},"C89":{"desc":"L1P"},"C8D":{"desc":"L1P"},"C8E":{"desc":"L1P"},"C8F":{"t":"BE20"},"C91":{"t":"BE9L"},"C94":{"t":"GLID"},"C95":{"desc":"L1P"},"C98":{"t":"AA5"},"C9A":{"t":"PA46"},"C9C":{"t":"P28A"},"C9D":{"t":"C550"},"C9E":{"t":"AS50"},"C9F":{"t":"T28"},"CA1":{"t":"P28R"},"CA2":{"t":"C182"},"CA3":{"t":"B06"},"CA4":{"desc":"L2T"},"CA6":{"t":"GLID"},"CA7":{"t":"B407"},"CA9":{"desc":"L1P","t":"ULAC"},"CAC":{"desc":"L1P"},"CAE":{"t":"C25C"},"CB0":{"t":"C340"},"CB4":{"t":"T206"},"CB5":{"t":"BE9L"},"CB8":{"t":"P28U"},"CB9":{"desc":"L1P"},"CBC":{"t":"BE58"},"CBD":{"t":"C25B"},"CC0":{"t":"H500"},"CC1":{"t":"GLID"},"CC5":{"desc":"L1P"},"CC6":{"t":"PC12"},"CC9":{"desc":"L1P"},"CCA":{"desc":"L1P"},"CCB":{"desc":"L1P"},"CCD":{"desc":"L1P"},"CCF":{"t":"B06"},"CD1":{"t":"P28R"},"CD2":{"t":"P28A"},"CD3":{"t":"R22"},"CD4":{"t":"HUSK"},"CD8":{"t":"P46T"},"CDA":{"t":"A109"},"CDC":{"t":"ASTR"},"CDE":{"desc":"A1T","t":"KODI"},"CE0":{"t":"C310"},"CE6":{"t":"P28A"},"CE8":{"t":"P28A"},"CE9":{"desc":"L1P"},"CEA":{"t":"M200"},"CEB":{"t":"COL4"},"CED":{"t":"SR20"},"CEE":{"t":"P28A"},"CEF":{"t":"FA50"},"CF2":{"t":"R44"},"CF3":{"t":"C210"},"CF4":{"desc":"L1P"},"CF5":{"t":"P28A"},"CF6":{"desc":"L1P","t":"ULAC"},"CF7":{"desc":"L1P","t":"ULAC"},"CFA":{"t":"ST75"},"CFB":{"t":"P32T"},"CFC":{"t":"C182"},"D01":{"t":"C525"},"D12":{"t":"LJ45"},"D15":{"t":"P28A"},"D19":{"t":"F2TH"},"D1A":{"t":"P28A"},"D1C":{"desc":"L1P"},"D1D":{"desc":"L1P"},"D1E":{"t":"T28"},"D20":{"t":"C340"},"D21":{"t":"C421"},"D22":{"t":"C72R"},"D23":{"t":"C525"},"D24":{"t":"S22T"},"D25":{"desc":"L1P"},"D27":{"t":"BE20"},"D28":{"desc":"L1T"},"D2A":{"t":"T210"},"D2B":{"desc":"L1P"},"D2D":{"desc":"L1P"},"D2F":{"desc":"L1P"},"D32":{"desc":"L1P"},"D34":{"desc":"L1P"},"D35":{"t":"SR20"},"D37":{"t":"CH7B"},"D38":{"desc":"L1P"},"D39":{"t":"BE35"},"D3A":{"desc":"H1P"},"D3C":{"t":"P28A"},"D3E":{"t":"C172"},"D3F":{"t":"S22T"},"D40":{"t":"C550"},"D42":{"t":"BE95"},"D45":{"t":"E300"},"D46":{"t":"T28"},"D47":{"t":"P28U"},"D48":{"desc":"L1P"},"D4C":{"desc":"H1P"},"D4D":{"t":"GLID"},"D50":{"desc":"G1P","t":"BE58"},"D52":{"desc":"L1P"},"D54":{"t":"BE55"},"D55":{"t":"SR22"},"D56":{"t":"P28A"},"D57":{"t":"R44"},"D58":{"desc":"L2T"},"D59":{"desc":"L1P"},"D5B":{"t":"GLID"},"D5D":{"desc":"A1P"},"D5E":{"desc":"L1P"},"D61":{"t":"C650"},"D62":{"t":"T28"},"D64":{"desc":"L1T"},"D72":{"t":"P28R"},"D75":{"t":"FA50"},"D7D":{"desc":"A2P"},"D7E":{"t":"B412"},"D83":{"desc":"L1P"},"D85":{"t":"R22"},"D86":{"t":"SF50"},"D8D":{"t":"BE20"},"D8F":{"t":"BE55"},"D90":{"t":"BE20"},"D91":{"t":"T28"},"D97":{"desc":"H1P"},"D98":{"t":"BE35"},"D9A":{"t":"C421"},"D9B":{"desc":"L1T","t":"M600"},"D9D":{"t":"GLID"},"D9F":{"t":"C172"},"DA0":{"t":"BE17"},"DA1":{"t":"C500"},"DA4":{"desc":"L1P"},"DA6":{"t":"PA27"},"DA8":{"t":"P28A"},"DAA":{"t":"BE58"},"DAB":{"t":"P28B"},"DAF":{"t":"M20P"},"DB2":{"t":"T28"},"DC1":{"t":"T28"},"DC5":{"t":"T28"},"DC8":{"desc":"L1P"},"DCC":{"desc":"L1P","t":"ULAC"},"DCE":{"t":"T28"},"DD2":{"desc":"L1P"},"DD5":{"t":"GLID"},"DE1":{"desc":"L1P"},"DE2":{"desc":"L1P"},"DE5":{"t":"GLEX"},"DE7":{"t":"H25B"},"DF5":{"desc":"A1P"},"DF7":{"desc":"L1P","t":"ULAC"},"DF9":{"t":"T28"},"DFB":{"t":"EN28"},"DFC":{"t":"BE35"},"DFE":{"t":"BE23"},"E01":{"t":"G280"},"E02":{"t":"PA44"},"E05":{"t":"B739"},"E07":{"desc":"L1P"},"E0B":{"t":"EN28"},"E0C":{"t":"P32R"},"E0F":{"t":"A332"},"E12":{"t":"A332"},"E13":{"t":"C510"},"E14":{"t":"BE50"},"E15":{"t":"G280"},"E16":{"desc":"L1P"},"E17":{"t":"GLF4"},"E18":{"t":"FA50"},"E1B":{"t":"P28A"},"E1C":{"desc":"H2T"},"E22":{"t":"NAVI"},"E24":{"t":"EN28"},"E2D":{"t":"G280"},"E2E":{"desc":"L1P"},"E30":{"t":"G280"},"E31":{"t":"SR22"},"E33":{"desc":"L1J"},"E39":{"t":"T28"},"E3B":{"t":"SR22"},"E46":{"t":"EN28"},"E47":{"t":"P28R"},"E48":{"desc":"H1T"},"E49":{"desc":"L1P"},"E4E":{"desc":"L1P"},"E57":{"t":"DA40"},"E58":{"t":"GLID"},"E5C":{"t":"G280"},"E5F":{"t":"GLID"},"E6F":{"t":"EN28"},"E75":{"t":"G280"},"E78":{"t":"EN28"},"E7D":{"t":"B763"},"E7F":{"t":"PA44"},"E88":{"t":"G280"},"E89":{"t":"EN28"},"E8A":{"t":"P28A"},"E8B":{"t":"EN28"},"E8D":{"t":"G280"},"E8E":{"desc":"H1T","t":"EN28"},"E92":{"desc":"L1P"},"E94":{"t":"G280"},"E95":{"t":"G280"},"E98":{"desc":"H2T"},"E9C":{"t":"G280"},"E9F":{"t":"G280"},"EA2":{"t":"EN28"},"EA4":{"t":"G280"},"EA5":{"t":"EN28"},"EAC":{"t":"C182"},"EB1":{"t":"P28A"},"EBA":{"desc":"L1P"},"EC4":{"t":"C172"},"EC5":{"t":"P32R"},"EC7":{"desc":"L1J"},"ECA":{"t":"C177"},"ECB":{"desc":"S1P","t":"ULAC"},"ED1":{"t":"C180"},"ED3":{"t":"G280"},"EDC":{"t":"GLID"},"EDF":{"t":"PA46"},"EE7":{"desc":"L2T"},"EE8":{"desc":"H4E"},"EEC":{"t":"G280"},"EEE":{"t":"PA46"},"EF5":{"t":"SR22"},"EF6":{"t":"EN28"},"EF7":{"t":"B407"},"EFC":{"desc":"L1P"},"EFE":{"t":"LJ60"},"F01":{"t":"G280"},"F06":{"t":"G280"},"F07":{"t":"GALX"},"F0B":{"t":"F900"},"F0E":{"desc":"H1P"},"F0F":{"t":"BL8"},"F10":{"t":"AC50"},"F13":{"t":"C172"},"F14":{"desc":"L1P"},"F15":{"t":"EN28"},"F16":{"t":"EN28"},"F17":{"desc":"L1P"},"F18":{"t":"G280"},"F19":{"t":"EN28"},"F1C":{"t":"B06"},"F1F":{"t":"C172"},"F20":{"desc":"H4E"},"F23":{"desc":"H1P"},"F28":{"t":"EN28"},"F2A":{"t":"CJ6"},"F2B":{"t":"P28R"},"F34":{"t":"E75L"},"F39":{"desc":"L1P"},"F3B":{"t":"A320"},"F41":{"desc":"H1P"},"F43":{"t":"G280"},"F44":{"t":"G280"},"F48":{"t":"GLF5"},"F4C":{"t":"C550"},"F51":{"desc":"L1P"},"F53":{"t":"G280"},"F55":{"desc":"L1P"},"F5A":{"t":"G280"},"F73":{"t":"BE20"},"F74":{"t":"EN28"},"F76":{"desc":"L1P"},"F79":{"t":"G280"},"F7A":{"t":"G280"},"F7B":{"desc":"L1P","t":"ULAC"},"F82":{"t":"G280"},"F8C":{"t":"M7"},"F8E":{"t":"C172"},"F90":{"t":"PA18"},"F92":{"t":"EN28"},"F93":{"t":"EN28"},"F95":{"t":"E145"},"F96":{"t":"C172"},"F97":{"t":"EN28"},"F99":{"t":"BE20"},"F9B":{"t":"SR22"},"F9D":{"desc":"L1P"},"F9E":{"t":"C172"},"FA0":{"t":"C206"},"FA2":{"desc":"L2J"},"FA4":{"t":"PA18"},"FA5":{"desc":"L1J"},"FA6":{"t":"HUSK"},"FA7":{"t":"P28A"},"FA8":{"t":"G280"},"FB0":{"t":"G280"},"FB4":{"t":"S76"},"FBA":{"t":"ULAC"},"FCB":{"t":"MD11"},"FDC":{"t":"GC1"},"FEF":{"t":"WACO"},"FF3":{"t":"B350"},"FFC":{"t":"B737"},"FFF":{"t":"EN28"}}