{"002":{"t":"P28A"},"004":{"t":"C170"},"006":{"t":"CH7A"},"007":{"t":"C182"},"008":{"t":"P28A"},"009":{"t":"GLID"},"00E":{"t":"P28A"},"00F":{"t":"PA22"},"010":{"t":"C172"},"011":{"t":"P28A"},"012":{"t":"P28A"},"013":{"t":"P28A"},"014":{"t":"B77W"},"015":{"t":"BE35"},"016":{"t":"BE35"},"017":{"t":"C177"},"018":{"t":"P28T"},"01A":{"t":"L8"},"01B":{"t":"L8"},"01C":{"t":"AA5"},"01D":{"t":"AA5"},"01E":{"t":"AA5"},"020":{"desc":"L1P"},"021":{"t":"AA5"},"022":{"t":"L8"},"023":{"t":"L8"},"024":{"desc":"H1P"},"025":{"t":"C180"},"028":{"t":"CH7A"},"029":{"t":"CH7A"},"02C":{"desc":"L1P"},"02D":{"t":"P32R"},"02F":{"t":"C172"},"031":{"t":"BALL"},"033":{"t":"C172"},"034":{"t":"C182"},"037":{"t":"P28U"},"038":{"t":"C150"},"03A":{"t":"P28U"},"03B":{"t":"P28B"},"03C":{"t":"PA22"},"03D":{"t":"AA5"},"040":{"t":"L8"},"043":{"t":"AA5"},"045":{"t":"B739"},"046":{"t":"AA5"},"047":{"desc":"L1P"},"048":{"t":"C180"},"04A":{"t":"C170"},"04B":{"t":"P28B"},"04C":{"t":"CH7A"},"04D":{"t":"P28B"},"04F":{"t":"GLID"},"051":{"t":"C180"},"053":{"t":"P28R"},"054":{"t":"C140"},"055":{"t":"PA22"},"056":{"t":"C172"},"057":{"t":"C182"},"059":{"t":"P28A"},"05C":{"t":"BE35"},"05D":{"t":"C177"},"05F":{"t":"PA22"},"060":{"t":"L8"},"062":{"t":"PA34"},"063":{"t":"AA5"},"065":{"t":"L8"},"066":{"t":"L8"},"067":{"desc":"L1P"},"068":{"t":"L8"},"069":{"t":"L8"},"06B":{"t":"C180"},"06D":{"desc":"L1P"},"06E":{"desc":"L1P"},"070":{"t":"C182"},"072":{"desc":"L1P"},"074":{"t":"C180"},"076":{"t":"PA12"},"078":{"t":"PA34"},"079":{"t":"C172"},"07A":{"t":"C182"},"07B":{"t":"PA34"},"07F":{"t":"BE55"},"080":{"t":"C177"},"081":{"t":"C182"},"082":{"t":"PA22"},"084":{"t":"AA5"},"087":{"t":"L8"},"08C":{"t":"AA5"},"08D":{"t":"P337"},"08E":{"t":"E300"},"08F":{"t":"P28R"},"090":{"desc":"H4E"},"091":{"desc":"L4J"},"093":{"t":"B06"},"094":{"t":"G280"},"096":{"t":"S22T"},"098":{"t":"B739"},"09F":{"t":"B350"},"0A0":{"t":"C303"},"0A5":{"t":"A332"},"0A8":{"t":"G280"},"0A9":{"t":"B738"},"0AE":{"t":"P28A"},"0B4":{"t":"A359"},"0B5":{"desc":"H2T"},"0BC":{"t":"BE33"},"0C0":{"t":"BE36"},"0C1":{"t":"HA4T"},"0C3":{"t":"C560"},"0C9":{"t":"CJ6"},"0CE":{"t":"C82S"},"0D1":{"t":"C182"},"0D4":{"t":"C182"},"0D8":{"desc":"L1P"},"0D9":{"t":"BE17"},"0DB":{"t":"T28"},"0E1":{"t":"LJ55"},"0E3":{"desc":"L1T"},"0E4":{"t":"T28"},"0E5":{"t":"CH7B"},"0E7":{"t":"P28A"},"0EA":{"t":"DA40"},"0EF":{"t":"G280"},"0F2":{"desc":"A1P"},"0FB":{"desc":"L1P"},"0FE":{"t":"G280"},"10C":{"t":"G280"},"120":{"t":"C25A"},"125":{"desc":"L2J"},"127":{"t":"E50P"},"12B":{"desc":"H2T"},"13D":{"t":"BE33"},"13E":{"t":"BE58"},"140":{"t":"PA18"},"14A":{"desc":"L1P"},"14B":{"t":"NAVI"},"157":{"t":"P28A"},"159":{"t":"BE36"},"166":{"desc":"L1P","t":"ULAC"},"167":{"t":"C172"},"16F":{"t":"R66"},"170":{"t":"SR22"},"17B":{"t":"C56X"},"181":{"t":"PC12"},"186":{"t":"HUSK"},"189":{"t":"BE35"},"18E":{"desc":"H1P"},"194":{"t":"B744"},"199":{"desc":"L1P"},"1A1":{"desc":"L1P"},"1A2":{"t":"DV20"},"1A3":{"t":"SR22"},"1A4":{"t":"C550"},"1A8":{"t":"P28R"},"1AA":{"desc":"L1P"},"1AB":{"t":"P28A"},"1AD":{"t":"UH1"},"1B3":{"desc":"H4E"},"1BA":{"t":"C421"},"1C1":{"t":"PC12"},"1C3":{"t":"GLID"},"1C7":{"t":"E75L"},"1CC":{"desc":"L1P"},"1CE":{"t":"A320"},"1D3":{"t":"P28A"},"1D4":{"desc":"H6E"},"1DB":{"t":"GLF5"},"1E4":{"t":"P32R"},"1EC":{"desc":"H1P"},"206":{"t":"H25B"},"20C":{"t":"R44"},"20E":{"desc":"L1P"},"216":{"desc":"H4E"},"21F":{"t":"PC12"},"220":{"t":"S22T"},"222":{"t":"PC12"},"226":{"desc":"L1P"},"22B":{"desc":"L1P"},"233":{"t":"ULAC"},"235":{"desc":"L2J"},"237":{"t":"PA18"},"239":{"desc":"L1P"},"23A":{"t":"NAVI"},"243":{"t":"G280"},"247":{"t":"EN28"},"249":{"desc":"H1T","t":"B47G"},"24C":{"t":"FA20"},"25E":{"t":"MD11"},"26A":{"t":"A320"},"283":{"t":"BE35"},"284":{"desc":"L1P"},"28F":{"t":"B737"},"294":{"t":"SR22"},"299":{"t":"HUSK"},"29C":{"t":"B734"},"2A0":{"desc":"H1P"},"2A9":{"t":"H25B"},"2E7":{"t":"C180"},"2E9":{"t":"C170"},"2EC":{"t":"C182"},"2ED":{"t":"CH7A"},"2F0":{"t":"L8"},"2F1":{"t":"C172"},"2F2":{"t":"PA12"},"2F4":{"t":"PA22"},"2F6":{"t":"C182"},"2F8":{"t":"P28R"},"2FC":{"t":"C177"},"2FD":{"t":"PA32"},"2FF":{"t":"T6"},"301":{"t":"AA5"},"302":{"t":"AA5"},"304":{"t":"AA5"},"306":{"t":"AA5"},"30D":{"desc":"L1P"},"310":{"t":"P28A"},"311":{"t":"GLID"},"314":{"t":"C172"},"316":{"t":"C140"},"317":{"t":"PA22"},"319":{"t":"C182"},"31A":{"t":"P28A"},"31C":{"t":"P28A"},"320":{"t":"C182"},"321":{"t":"P28A"},"324":{"t":"AA5"},"325":{"t":"AA5"},"326":{"t":"P28U"},"327":{"t":"AA5"},"329":{"t":"FA24"},"32B":{"t":"AA5"},"32C":{"desc":"L1P"},"32D":{"t":"P28A"},"32F":{"t":"C170"},"332":{"t":"C182"},"333":{"t":"C182"},"337":{"t":"C172"},"339":{"t":"PC12"},"33B":{"t":"C172"},"33C":{"t":"C182"},"33D":{"t":"C210"},"33F":{"t":"C172"},"340":{"t":"P28A"},"341":{"t":"BE58"},"343":{"t":"C182"},"346":{"t":"FA24"},"347":{"t":"FA24"},"349":{"desc":"S1P"},"34A":{"t":"FA24"},"34B":{"t":"AA5"},"34F":{"desc":"L1P"},"350":{"t":"P28A"},"354":{"t":"CH7A"},"357":{"t":"ERCO"},"358":{"t":"P28T"},"35B":{"t":"PA12"},"35C":{"t":"P28T"},"35E":{"t":"C172"},"35F":{"t":"C182"},"360":{"t":"P28T"},"367":{"t":"P28B"},"369":{"t":"AA5"},"36B":{"t":"FA24"},"36C":{"t":"AA5"},"36E":{"t":"AA5"},"36F":{"t":"AA5"},"370":{"t":"AA5"},"373":{"t":"BALL"},"375":{"t":"C170"},"376":{"t":"PA18"},"37A":{"t":"ERCO"},"37E":{"t":"P28B"},"380":{"t":"BE33"},"384":{"desc":"L1T"},"385":{"t":"C172"},"388":{"t":"P28B"},"389":{"t":"C182"},"38A":{"t":"PA22"},"38C":{"t":"AA5"},"38E":{"t":"P28B"},"390":{"desc":"L1P"},"392":{"t":"L8"},"398":{"t":"C170"},"39E":{"t":"P28B"},"39F":{"t":"C180"},"3A0":{"t":"C172"},"3A1":{"t":"P28S"},"3A2":{"t":"C140"},"3A7":{"t":"PA18"},"3A8":{"t":"PA34"},"3A9":{"t":"BE35"},"3AE":{"t":"AA5"},"3B2":{"t":"L8"},"3B5":{"t":"AA5"},"3B6":{"t":"AA5"},"3B9":{"desc":"L1P"},"3BB":{"t":"C170"},"3BC":{"desc":"L1P"},"3C0":{"t":"P28A"},"3C1":{"desc":"H1P"},"3C2":{"t":"C180"},"3C5":{"t":"C120"},"3C6":{"t":"PA22"},"3C7":{"t":"T206"},"3C8":{"t":"C182"},"3C9":{"t":"C150"},"3CA":{"t":"P28A"},"3CB":{"t":"C172"},"3CE":{"t":"C177"},"3D0":{"t":"PA22"},"3D1":{"t":"AA5"},"3D2":{"t":"P28B"},"3D5":{"t":"L8"},"3D6":{"t":"AA5"},"3D8":{"desc":"L1P"},"3DA":{"t":"AA5"},"3DC":{"t":"C180"},"3DE":{"t":"C170"},"3E1":{"t":"C182"},"3E6":{"t":"C172"},"3E7":{"t":"PA32"},"3E8":{"t":"C140"},"3E9":{"t":"P28A"},"3EA":{"t":"C172"},"3EB":{"t":"C182"},"3EC":{"t":"C150"},"3EE":{"t":"C172"},"3EF":{"t":"C150"},"3F1":{"t":"P28T"},"3F7":{"t":"AA5"},"3F8":{"t":"L8"},"3F9":{"t":"AA5"},"3FA":{"t":"L8"},"3FB":{"t":"L8"},"3FD":{"t":"L8"},"404":{"t":"C182"},"406":{"t":"PA32"},"408":{"t":"P28T"},"409":{"t":"C172"},"40C":{"t":"PA22"},"40D":{"t":"C172"},"40E":{"t":"C182"},"411":{"t":"C172"},"413":{"t":"BE55"},"416":{"t":"PA22"},"417":{"t":"L8"},"41A":{"t":"AA5"},"41B":{"t":"AA5"},"41F":{"t":"L8"},"420":{"t":"AA5"},"422":{"t":"P28B"},"424":{"t":"C170"},"425":{"t":"P28B"},"426":{"t":"C172"},"427":{"t":"C182"},"429":{"t":"P28B"},"42B":{"t":"C180"},"42C":{"t":"C172"},"430":{"t":"C172"},"432":{"t":"C150"},"433":{"t":"P28A"},"435":{"t":"P28B"},"436":{"t":"BE36"},"43A":{"t":"AA5"},"43B":{"t":"AA5"},"43D":{"t":"AA5"},"43F":{"t":"L8"},"444":{"t":"C501"},"445":{"desc":"L1P","t":"ULAC"},"446":{"t":"P28R"},"447":{"desc":"H4E"},"448":{"t":"ULAC"},"44A":{"t":"SF34"},"44B":{"t":"AC90"},"44C":{"desc":"L1P"},"44F":{"t":"SR22"},"451":{"t":"HUSK"},"45C":{"t":"A332"},"45D":{"desc":"L1P"},"45F":{"t":"G280"},"465":{"t":"P28A"},"467":{"desc":"L1P"},"46B":{"t":"A359"},"46C":{"desc":"H2T"},"473":{"t":"PA34"},"477":{"t":"HUSK"},"47A":{"t":"PA18"},"47D":{"t":"F86"},"47F":{"t":"E45X"},"483":{"t":"PA46"},"485":{"t":"C82S"},"48D":{"t":"F2TH"},"493":{"t":"DV20"},"494":{"t":"PA27"},"497":{"desc":"L1P","t":"ULAC"},"49E":{"t":"E45X"},"4A1":{"t":"DA40"},"4C2":{"desc":"L4T"},"4CE":{"t":"E45X"},"4DB":{"t":"B407"},"4DD":{"t":"B752"},"4E2":{"desc":"H2T"},"4EB":{"t":"AA5"},"4F4":{"desc":"L1P"},"4F7":{"desc":"A1P"},"4FA":{"t":"E45X"},"4FB":{"t":"P28R"},"50E":{"t":"R44"},"50F":{"t":"P51"},"513":{"desc":"L1P","t":"ULAC"},"517":{"desc":"L1P"},"51D":{"t":"CL30"},"51E":{"t":"GL5T"},"558":{"desc":"H1T"},"559":{"desc":"H1T","t":"B505"},"55D":{"t":"PA34"},"560":{"t":"CL30"},"561":{"t":"F900"},"562":{"t":"P28A"},"566":{"t":"B06"},"56A":{"desc":"H4E"},"571":{"t":"C25B"},"575":{"t":"P28R"},"57E":{"t":"E75L"},"585":{"t":"A320"},"586":{"t":"PC12"},"58B":{"t":"PA44"},"58D":{"t":"C501"},"596":{"t":"C208"},"59B":{"desc":"L1P"},"5A3":{"desc":"H1P"},"5C0":{"desc":"L1P","t":"ULAC"},"5C1":{"desc":"L1P"},"5CE":{"t":"EN28"},"5D0":{"desc":"L1P"},"5D1":{"t":"G280"},"5D6":{"t":"C172"},"5DD":{"t":"EN28"},"5DE":{"t":"E45X"},"5E3":{"t":"C172"},"5EC":{"desc":"L2J"},"5EE":{"t":"PA18"},"5EF":{"t":"P06T"},"5F1":{"t":"T210"},"5F5":{"t":"FDCT"},"603":{"t":"HDJT"},"615":{"t":"MD11"},"621":{"t":"A320"},"630":{"t":"C56X"},"639":{"t":"BE35"},"646":{"t":"B737"},"650":{"t":"HUSK"},"652":{"t":"M5"},"66B":{"desc":"L1P"},"677":{"desc":"L1P"},"696":{"t":"FA50"},"69D":{"t":"N3N"},"6A0":{"t":"P28B"},"6A2":{"t":"CH7A"},"6A3":{"t":"C182"},"6A5":{"t":"ERCO"},"6A7":{"t":"C180"},"6AB":{"t":"PA18"},"6AC":{"t":"C172"},"6AD":{"t":"C182"},"6AF":{"t":"P28A"},"6B1":{"t":"BE35"},"6B2":{"t":"BE35"},"6B3":{"desc":"L1P"},"6B5":{"t":"PA22"},"6B6":{"t":"L8"},"6B7":{"t":"L8"},"6BA":{"t":"AA5"},"6BC":{"t":"L8"},"6C0":{"desc":"L1P"},"6C2":{"t":"B47J"},"6C4":{"desc":"L1P"},"6C6":{"t":"C182"},"6C7":{"t":"T6"},"6C8":{"t":"P28B"},"6CD":{"t":"C140"},"6CF":{"t":"C172"},"6D1":{"t":"C150"},"6D2":{"t":"P28R"},"6D4":{"t":"BE35"},"6D5":{"t":"BE36"},"6D8":{"t":"PA22"},"6D9":{"t":"AA5"},"6DA":{"t":"AA5"},"6DB":{"t":"L8"},"6DD":{"t":"P28A"},"6E0":{"t":"L8"},"6E1":{"t":"AA5"},"6E4":{"t":"P28A"},"6E5":{"t":"B47G"},"6E9":{"t":"C182"},"6EC":{"t":"BALL"},"6EF":{"t":"PA12"},"6F1":{"desc":"L1P","t":"LA4"},"6F3":{"t":"C182"},"6F4":{"t":"C150"},"6F5":{"t":"P28R"},"6F6":{"t":"C172"},"6F8":{"t":"BE35"},"6F9":{"t":"C177"},"6FA":{"t":"C182"},"6FD":{"desc":"L1P"},"6FE":{"t":"AA5"},"6FF":{"desc":"L1P"},"703":{"t":"P28A"},"704":{"t":"L8"},"706":{"t":"GLID"},"707":{"t":"C180"},"708":{"t":"ULAC"},"70B":{"t":"C172"},"70C":{"t":"C182"},"70D":{"t":"T6"},"710":{"t":"L8"},"712":{"t":"P28A"},"714":{"t":"P28A"},"715":{"t":"C172"},"719":{"t":"P28A"},"71A":{"t":"P28A"},"71B":{"t":"BE33"},"71D":{"t":"C182"},"71F":{"t":"AA5"},"720":{"t":"AA5"},"721":{"t":"L8"},"722":{"t":"AA5"},"723":{"t":"AA5"},"724":{"t":"AA5"},"725":{"t":"FA24"},"726":{"t":"AA5"},"728":{"t":"AA5"},"729":{"t":"C510"},"72A":{"desc":"L1P"},"72C":{"t":"C170"},"72E":{"t":"BALL"},"72F":{"t":"C182"},"730":{"t":"T6"},"731":{"t":"ERCO"},"734":{"t":"C172"},"738":{"t":"C172"},"73A":{"t":"C150"},"73E":{"desc":"L1P"},"73F":{"t":"C177"},"740":{"t":"P28B"},"741":{"t":"PA22"},"742":{"t":"FA24"},"743":{"t":"AA5"},"744":{"t":"FA24"},"745":{"t":"AA5"},"746":{"t":"FA24"},"748":{"t":"AA5"},"74A":{"t":"FA24"},"74C":{"desc":"L1P"},"74E":{"t":"S22T"},"750":{"t":"J3"},"751":{"t":"C172"},"754":{"t":"ERCO"},"757":{"t":"C172"},"75B":{"t":"C172"},"75C":{"t":"P28R"},"760":{"t":"P28B"},"763":{"t":"C182"},"764":{"t":"PA22"},"765":{"t":"AA5"},"766":{"t":"AA5"},"767":{"t":"P28A"},"76A":{"t":"AA5"},"76C":{"t":"AA5"},"76D":{"t":"AA5"},"76E":{"t":"AA5"},"76F":{"t":"GLID"},"770":{"t":"C180"},"771":{"desc":"L1P"},"774":{"t":"CH7A"},"775":{"t":"C182"},"779":{"t":"C180"},"77A":{"t":"C172"},"77E":{"t":"C172"},"77F":{"t":"P28R"},"781":{"t":"P28A"},"783":{"t":"C150"},"784":{"t":"P28A"},"785":{"t":"C177"},"78B":{"t":"AA5"},"78C":{"t":"AA5"},"78F":{"t":"P28A"},"792":{"t":"GLID"},"793":{"t":"P28A"},"795":{"t":"C170"},"79C":{"t":"L8"},"79F":{"t":"C140"},"7A0":{"desc":"L1P","t":"LA4"},"7A3":{"t":"C150"},"7A4":{"t":"P28A"},"7A5":{"t":"P28A"},"7A8":{"t":"C177"},"7A9":{"t":"C182"},"7AB":{"desc":"L1P"},"7AC":{"desc":"L1P"},"7AD":{"t":"AA5"},"7AE":{"t":"AA5"},"7B2":{"t":"AA5"},"7B3":{"t":"AA5"},"7B6":{"t":"C180"},"7B8":{"t":"C170"},"7B9":{"desc":"L1P"},"7BB":{"t":"C182"},"7BD":{"t":"P28A"},"7BF":{"t":"C180"},"7C1":{"desc":"L1P"},"7C3":{"t":"PA18"},"7C4":{"t":"C172"},"7C7":{"t":"P28A"},"7C9":{"t":"BE35"},"7CA":{"t":"P28A"},"7CC":{"t":"P28A"},"7CD":{"t":"CH7A"},"7D0":{"t":"AA5"},"7D1":{"t":"AA5"},"7D2":{"t":"AA5"},"7D3":{"t":"FA24"},"7D6":{"t":"AA5"},"7D9":{"t":"P28A"},"7DC":{"t":"P51"},"7DD":{"t":"CH7A"},"7DE":{"t":"B407"},"7DF":{"t":"CH7A"},"7E0":{"t":"ERCO"},"7E2":{"desc":"L1P"},"7E3":{"t":"C172"},"7E5":{"t":"C140"},"7E6":{"t":"PA18"},"7E7":{"t":"C172"},"7E8":{"t":"C182"},"7EA":{"t":"P28R"},"7EB":{"t":"C180"},"7EE":{"t":"P28U"},"7EF":{"t":"C182"},"7F0":{"t":"PA22"},"7F1":{"t":"FA24"},"7F2":{"t":"FA24"},"7F3":{"t":"AA5"},"7F4":{"t":"PA32"},"7F7":{"t":"AA5"},"7F8":{"t":"AA5"},"7FA":{"t":"AA5"},"7FB":{"desc":"A2P"},"7FC":{"desc":"L1P"},"7FE":{"desc":"H4E"},"7FF":{"desc":"L3J","t":"A332"},"806":{"t":"B739"},"808":{"desc":"L1P"},"80E":{"t":"B737"},"811":{"desc":"L1P"},"813":{"t":"A332"},"816":{"t":"GLID"},"81C":{"t":"P28A"},"822":{"t":"A359"},"826":{"desc":"H4E"},"82A":{"t":"C82T"},"82E":{"t":"HUSK"},"82F":{"t":"PA31"},"830":{"t":"C525"},"831":{"desc":"L1P","t":"ULAC"},"832":{"t":"C650"},"83C":{"t":"SR22"},"847":{"t":"P28A"},"84A":{"t":"DV20"},"84C":{"t":"B742"},"84E":{"desc":"L1P"},"851":{"t":"BL8"},"852":{"t":"CL60"},"855":{"t":"P32T"},"858":{"t":"SR22"},"860":{"t":"GLID"},"862":{"t":"CH7A"},"863":{"t":"G280"},"892":{"desc":"L1P"},"897":{"t":"PA30"},"8AB":{"t":"BE35"},"8B2":{"t":"P28A"},"8C6":{"desc":"L1P"},"8CB":{"t":"BE33"},"8D5":{"desc":"L1P"},"8D6":{"t":"T34P"},"8DD":{"desc":"L1T"},"8DE":{"t":"BE20"},"8DF":{"t":"MD87"},"8E9":{"t":"BE58"},"8F6":{"desc":"L1P"},"8F7":{"t":"C510"},"902":{"t":"BE36"},"907":{"t":"BE40"},"910":{"t":"P46T"},"919":{"t":"P28A"},"920":{"desc":"L1P"},"921":{"desc":"H4E"},"92C":{"t":"P28R"},"92D":{"desc":"L1P"},"935":{"t":"E75L"},"93C":{"t":"A320"},"941":{"t":"P28A"},"942":{"t":"PA44"},"944":{"t":"PC12"},"94A":{"t":"PTS2"},"958":{"desc":"A1P","t":"ULAC"},"973":{"desc":"L1P"},"975":{"desc":"L1P"},"97E":{"t":"P46T"},"987":{"desc":"L1P"},"98C":{"t":"GLID"},"98D":{"t":"G280"},"98F":{"desc":"L1P","t":"ULAC"},"996":{"t":"E145"},"99A":{"t":"C172"},"99D":{"desc":"H4E"},"99E":{"t":"E50P"},"9A3":{"desc":"L2J"},"9A5":{"t":"PA18"},"9A7":{"t":"S22T"},"9A8":{"t":"C182"},"9AD":{"t":"SR22"},"9B6":{"desc":"L1P"},"9BB":{"t":"GLF4"},"9CC":{"t":"MD11"},"9DA":{"t":"P28B"},"9FA":{"t":"T28"},"9FC":{"t":"EA50"},"9FD":{"t":"B737"},"A00":{"t":"PC12"},"A1E":{"desc":"L1J"},"A55":{"t":"P28U"},"A56":{"t":"B47G"},"A58":{"desc":"L1P"},"A5C":{"t":"ERCO"},"A5F":{"t":"P28U"},"A60":{"t":"PA12"},"A61":{"t":"C120"},"A66":{"t":"PA32"},"A67":{"t":"C172"},"A68":{"t":"BE35"},"A69":{"t":"BE35"},"A6B":{"t":"C182"},"A6C":{"t":"PA18"},"A6D":{"desc":"L1P"},"A6E":{"t":"L8"},"A70":{"t":"AA5"},"A71":{"t":"L8"},"A72":{"t":"AA5"},"A73":{"desc":"L1P"},"A75":{"t":"PA32"},"A77":{"desc":"L1P"},"A78":{"desc":"L1P","t":"ULAC"},"A7A":{"t":"P28B"},"A7B":{"t":"P28B"},"A7C":{"t":"CH7A"},"A7E":{"desc":"A4P"},"A81":{"t":"C180"},"A82":{"t":"PA34"},"A83":{"t":"PA12"},"A85":{"t":"PA18"},"A87":{"t":"C182"},"A89":{"t":"PA34"},"A8A":{"t":"C172"},"A8C":{"t":"BE58"},"A8E":{"t":"C182"},"A92":{"t":"AA5"},"A96":{"t":"L8"},"A97":{"t":"GLID"},"A99":{"t":"AA5"},"A9B":{"t":"C180"},"A9D":{"desc":"A1P"},"A9E":{"t":"PA32"},"A9F":{"t":"CH7A"},"AA1":{"desc":"A4P"},"AA2":{"t":"ERCO"},"AA4":{"t":"C180"},"AA9":{"t":"C172"},"AAC":{"t":"PA34"},"AAE":{"t":"C150"},"AB3":{"t":"AA5"},"AB5":{"t":"AA5"},"AB7":{"t":"BALL"},"ABC":{"t":"L8"},"ABE":{"t":"C180"},"AC0":{"t":"C170"},"AC8":{"t":"P28T"},"ACA":{"t":"C140"},"ACB":{"t":"PA18"},"ACC":{"t":"C172"},"ACD":{"t":"P28R"},"ACF":{"t":"P28B"},"AD0":{"t":"PA32"},"AD2":{"t":"BE55"},"AD3":{"t":"PA32"},"AD4":{"t":"C182"},"AD5":{"t":"PA18"},"AD7":{"t":"L8"},"AD8":{"t":"AA5"},"AD9":{"t":"AA5"},"ADA":{"t":"L8"},"ADF":{"t":"AA5"},"AE3":{"t":"C170"},"AE5":{"t":"T210"},"AEA":{"t":"C180"},"AEB":{"t":"C172"},"AED":{"t":"C120"},"AEE":{"t":"PA18"},"AF6":{"t":"P28A"},"AF8":{"t":"P28A"},"AF9":{"t":"AA5"},"AFB":{"t":"AA5"},"AFC":{"t":"AA5"},"AFE":{"t":"AA5"},"B00":{"t":"AA5"},"B02":{"t":"AA5"},"B05":{"t":"P28A"},"B07":{"t":"PA18"},"B08":{"t":"CH7A"},"B0A":{"t":"P28A"},"B0B":{"t":"ERCO"},"B0D":{"t":"C180"},"B0E":{"t":"C172"},"B0F":{"t":"PA12"},"B10":{"t":"C140"},"B11":{"t":"PA18"},"B12":{"t":"C172"},"B13":{"t":"P28R"},"B14":{"t":"C150"},"B15":{"t":"P28A"},"B16":{"t":"C172"},"B17":{"desc":"L1P"},"B19":{"t":"P28A"},"B1A":{"t":"J3"},"B1B":{"t":"P28A"},"B1D":{"t":"L8"},"B1E":{"t":"AA5"},"B1F":{"desc":"L1P"},"B20":{"desc":"L1P"},"B24":{"t":"AA5"},"B29":{"t":"P28A"},"B2A":{"t":"BALL"},"B2C":{"t":"C182"},"B2D":{"t":"CH7A"},"B2E":{"t":"ERCO"},"B30":{"t":"PA18"},"B32":{"t":"PA12"},"B36":{"t":"P28R"},"B37":{"t":"C150"},"B38":{"t":"P28A"},"B39":{"t":"C172"},"B3D":{"t":"C182"},"B3F":{"t":"AA5"},"B40":{"t":"P28A"},"B41":{"t":"L8"},"B42":{"t":"AA5"},"B44":{"t":"AA5"},"B47":{"t":"AA5"},"B48":{"t":"AA5"},"B49":{"desc":"L1P"},"B4A":{"t":"C180"},"B4B":{"t":"P28A"},"B4C":{"t":"C170"},"B51":{"t":"ERCO"},"B55":{"t":"P28A"},"B5A":{"t":"C150"},"B5C":{"t":"C172"},"B5F":{"t":"C177"},"B60":{"t":"C182"},"B61":{"t":"BL8"},"B62":{"t":"AA5"},"B63":{"t":"AA5"},"B69":{"t":"AA5"},"B6A":{"t":"AA5"},"B6B":{"t":"AA5"},"B6F":{"t":"C170"},"B71":{"t":"CH7A"},"B73":{"t":"T6"},"B74":{"t":"GLID"},"B77":{"t":"C172"},"B78":{"t":"P28S"},"B79":{"t":"P28T"},"B7A":{"desc":"L1P","t":"LA4"},"B7B":{"t":"C172"},"B7F":{"t":"P28T"},"B82":{"desc":"L1P"},"B83":{"t":"P28S"},"B84":{"t":"PA18"},"B85":{"t":"AA5"},"B87":{"t":"L8"},"B88":{"t":"L8"},"B89":{"t":"L8"},"B8B":{"t":"AA5"},"B8C":{"t":"AA5"},"B8E":{"t":"L8"},"B92":{"t":"P28U"},"B94":{"t":"CH7A"},"B95":{"t":"C182"},"B97":{"t":"ERCO"},"B99":{"t":"C180"},"B9D":{"t":"P28U"},"B9E":{"t":"C172"},"BA1":{"desc":"L1P"},"BA4":{"t":"P28U"},"BA5":{"t":"C177"},"BA6":{"t":"P28T"},"BA7":{"t":"CH7B"},"BA8":{"desc":"L1P"},"BA9":{"t":"AA5"},"BAA":{"t":"AA5"},"BAC":{"t":"AA5"},"BAE":{"t":"L8"},"BAF":{"t":"AA5"},"BB0":{"t":"L8"},"BB2":{"t":"GLID"},"BB3":{"t":"P32R"},"BB5":{"t":"PA24"},"BB6":{"t":"B738"},"BB7":{"desc":"A1P","t":"ULAC"},"BB8":{"t":"B06"},"BBC":{"desc":"L1P"},"BBD":{"t":"B739"},"BBF":{"t":"C208"},"BC5":{"t":"B737"},"BC8":{"desc":"L1P"},"BCA":{"t":"A332"},"BCD":{"desc":"A1P","t":"ULAC"},"BCE":{"desc":"L1P"},"BCF":{"t":"M7"},"BD0":{"desc":"L1P"},"BE5":{"desc":"L1P"},"BE6":{"t":"P212"},"BE8":{"t":"TBM7"},"BE9":{"t":"M7"},"BEB":{"t":"AA5"},"BED":{"desc":"H1T"},"BF3":{"t":"C182"},"BF5":{"t":"BE9L"},"BF7":{"t":"FDCT"},"BFB":{"t":"C750"},"C00":{"t":"C180"},"C01":{"desc":"L1P"},"C05":{"t":"GLEX"},"C09":{"t":"B212"},"C0A":{"t":"M20P"},"C0C":{"t":"B736"},"C0E":{"t":"GLID"},"C0F":{"t":"BE33"},"C13":{"t":"BE20"},"C14":{"t":"E50P"},"C1F":{"t":"P68"},"C30":{"t":"BE35"},"C49":{"t":"C25A"},"C4F":{"t":"C182"},"C51":{"t":"P28A"},"C5A":{"t":"BE20"},"C62":{"desc":"L1P"},"C65":{"t":"AA5"},"C69":{"t":"P28A"},"C6C":{"t":"C680"},"C6D":{"t":"C560"},"C70":{"t":"P28A"},"C7D":{"t":"TBM7"},"C7E":{"desc":"L1P"},"C85":{"t":"EC20"},"C86":{"t":"S22T"},"C8B":{"t":"EA50"},"C92":{"t":"T206"},"C94":{"desc":"L1P"},"CA0":{"t":"BE20"},"CAD":{"t":"R44"},"CAE":{"t":"P180"},"CBE":{"t":"C180"},"CBF":{"t":"C182"},"CC6":{"t":"BE36"},"CC7":{"t":"M20P"},"CC8":{"t":"H25B"},"CC9":{"t":"C182"},"CCA":{"t":"HUSK"},"CCB":{"t":"C172"},"CCF":{"t":"SR22"},"CD0":{"t":"P28A"},"CD7":{"desc":"L1P"},"CD8":{"desc":"H4E"},"CDF":{"desc":"L1P","t":"ULAC"},"CEC":{"t":"E75L"},"CF0":{"t":"B06"},"CF3":{"t":"A320"},"CF6":{"t":"PA18"},"CF8":{"t":"BE58"},"CF9":{"t":"P28A"},"CFB":{"t":"C208"},"D01":{"desc":"A1P","t":"ULAC"},"D02":{"t":"SR20"},"D0A":{"desc":"L1P","t":"ULAC"},"D0D":{"t":"S22T"},"D2A":{"desc":"L1P"},"D2C":{"desc":"L1P"},"D3C":{"t":"CH7B"},"D3E":{"desc":"L1P"},"D3F":{"t":"C182"},"D42":{"desc":"L1P"},"D48":{"t":"PC12"},"D49":{"t":"E550"},"D4B":{"desc":"H1P"},"D4E":{"desc":"L1P","t":"ULAC"},"D51":{"t":"C206"},"D55":{"t":"R22"},"D57":{"t":"BL17"},"D5A":{"desc":"L2J"},"D5C":{"t":"PA18"},"D5D":{"t":"BE58"},"D5E":{"t":"BE55"},"D62":{"desc":"L1P"},"D68":{"t":"C182"},"D6D":{"t":"SR20"},"D71":{"t":"HUSK"},"D83":{"t":"MD11"},"D8E":{"t":"GLID"},"DA7":{"desc":"L1P"},"DAC":{"t":"PA32"},"DB1":{"t":"GLF6"},"DB4":{"t":"B737"},"DB5":{"desc":"L1P"},"DB8":{"desc":"H1T"},"DB9":{"t":"S22T"},"DD9":{"t":"YK52"},"DF2":{"t":"GLF6"},"DFC":{"t":"C206"},"E0E":{"t":"C170"},"E0F":{"desc":"L2P"},"E10":{"t":"C172"},"E12":{"t":"CH7A"},"E13":{"t":"GLID"},"E16":{"t":"P28B"},"E17":{"t":"PA12"},"E18":{"t":"P28B"},"E19":{"t":"PA18"},"E1B":{"t":"C182"},"E1C":{"t":"C150"},"E1D":{"t":"P28R"},"E21":{"t":"C177"},"E22":{"t":"C182"},"E23":{"t":"PA18"},"E24":{"t":"AA5"},"E25":{"desc":"H1T","t":"UH12"},"E27":{"t":"AA5"},"E29":{"t":"AA5"},"E2A":{"t":"AA5"},"E2B":{"t":"AA5"},"E2C":{"desc":"L1P"},"E2D":{"t":"AA5"},"E2E":{"t":"SR20"},"E2F":{"t":"P28B"},"E31":{"t":"C170"},"E32":{"t":"PA32"},"E33":{"t":"CH7A"},"E34":{"t":"C182"},"E35":{"t":"PA32"},"E36":{"t":"ERCO"},"E39":{"t":"C172"},"E3A":{"t":"P28S"},"E3C":{"desc":"L1P"},"E3D":{"t":"C172"},"E3F":{"t":"C150"},"E46":{"t":"PA32"},"E47":{"t":"AA5"},"E48":{"t":"C172"},"E4C":{"t":"AA5"},"E50":{"t":"AA5"},"E53":{"t":"P28B"},"E54":{"t":"PA44"},"E55":{"t":"NAVI"},"E5E":{"t":"C120"},"E61":{"t":"P28R"},"E63":{"t":"PA34"},"E64":{"desc":"L1P"},"E66":{"t":"BE36"},"E68":{"t":"C182"},"E69":{"t":"PA18"},"E6A":{"desc":"L1P"},"E6C":{"t":"C150"},"E6D":{"t":"L8"},"E6E":{"t":"L8"},"E6F":{"t":"L8"},"E70":{"t":"L8"},"E73":{"t":"L8"},"E79":{"t":"CH7A"},"E7B":{"t":"CH7B"},"E7C":{"t":"GLID"},"E7F":{"t":"BE36"},"E80":{"t":"PA12"},"E81":{"t":"PA34"},"E84":{"t":"C182"},"E86":{"t":"P28A"},"E87":{"t":"C172"},"E89":{"t":"BE60"},"E8A":{"t":"C177"},"E8B":{"t":"PA34"},"E8C":{"t":"PA18"},"E8D":{"t":"L8"},"E8E":{"t":"AA5"},"E8F":{"t":"PT22"},"E90":{"t":"B752"},"E91":{"t":"AA5"},"E92":{"t":"C421"},"E93":{"t":"B752"},"E94":{"t":"L8"},"E95":{"t":"AA5"},"E96":{"t":"AA5"},"E98":{"t":"C180"},"E9A":{"t":"C170"},"E9B":{"t":"P28A"},"E9D":{"t":"C182"},"E9F":{"t":"ERCO"},"EA1":{"t":"C180"},"EA2":{"t":"P28A"},"EA3":{"t":"PA32"},"EA5":{"t":"PA18"},"EA7":{"t":"C182"},"EA9":{"t":"P28A"},"EAA":{"t":"C172"},"EAD":{"t":"P28A"},"EAE":{"t":"C182"},"EAF":{"t":"CH7A"},"EB0":{"t":"AA5"},"EB1":{"t":"L8"},"EB2":{"t":"P28A"},"EB7":{"t":"AA5"},"EB8":{"t":"AA5"},"EB9":{"t":"C310"},"EBB":{"t":"P28A"},"EBC":{"t":"P28A"},"EBD":{"t":"C170"},"EBE":{"t":"P28A"},"EBF":{"t":"CH7A"},"EC0":{"t":"P28A"},"EC1":{"t":"P28A"},"EC4":{"t":"P28A"},"EC5":{"t":"C172"},"EC6":{"t":"P28A"},"EC7":{"t":"P28A"},"EC8":{"t":"PA18"},"EC9":{"t":"C172"},"ECA":{"t":"P28R"},"ECB":{"t":"C150"},"ECD":{"t":"C172"},"ED2":{"t":"BL8"},"ED5":{"t":"P28A"},"ED6":{"t":"L8"},"ED7":{"t":"AA5"},"ED9":{"t":"AA5"},"EDA":{"t":"AA5"},"EDC":{"t":"AA5"},"EDE":{"t":"GLID"},"EE0":{"t":"C170"},"EE2":{"t":"CH7A"},"EE3":{"t":"C182"},"EE7":{"t":"P28A"},"EE9":{"t":"PA12"},"EEA":{"t":"C120"},"EEB":{"t":"PA18"},"EEC":{"t":"C172"},"EEF":{"t":"P28A"},"EF0":{"t":"C172"},"EF3":{"t":"P28A"},"EF5":{"t":"PA18"},"EF6":{"t":"AA5"},"EF9":{"t":"AA5"},"EFA":{"t":"L8"},"EFB":{"t":"AA5"},"EFC":{"t":"AA5"},"EFE":{"t":"L8"},"EFF":{"t":"AA5"},"F03":{"t":"C170"},"F04":{"t":"P28T"},"F05":{"t":"C172"},"F0B":{"t":"C172"},"F0E":{"t":"PA18"},"F0F":{"t":"P28T"},"F10":{"t":"C182"},"F11":{"t":"C150"},"F12":{"t":"P28A"},"F18":{"t":"PA18"},"F21":{"t":"AA5"},"F22":{"t":"AA5"},"F26":{"t":"P28B"},"F28":{"t":"C182"},"F29":{"t":"C182"},"F2A":{"t":"P28B"},"F2D":{"t":"C180"},"F2E":{"t":"P28A"},"F2F":{"t":"PA12"},"F32":{"t":"C172"},"F35":{"t":"P28R"},"F36":{"t":"C172"},"F3B":{"t":"CH7A"},"F3C":{"t":"L8"},"F3D":{"t":"AA5"},"F43":{"t":"P28A"},"F44":{"t":"E190"},"F49":{"t":"C170"},"F4B":{"t":"C182"},"F4C":{"t":"C182"},"F4D":{"t":"P28B"},"F50":{"t":"L8"},"F51":{"t":"C172"},"F55":{"t":"P28B"},"F56":{"t":"C182"},"F57":{"t":"C150"},"F58":{"t":"P28R"},"F5B":{"t":"BE60"},"F5C":{"t":"C177"},"F5D":{"t":"C182"},"F5E":{"t":"PA18"},"F5F":{"t":"P28A"},"F62":{"t":"AA5"},"F64":{"desc":"H1P"},"F65":{"t":"AA5"},"F69":{"t":"P337"},"F6C":{"desc":"H1P"},"F7C":{"t":"B737"},"F7E":{"desc":"L1P","t":"ULAC"},"F7F":{"t":"LJ35"},"F81":{"t":"A332"},"F84":{"t":"GLID"},"F85":{"desc":"L1P"},"F86":{"desc":"L1P"},"F95":{"desc":"L1P"},"F96":{"desc":"L1P"},"F9D":{"t":"FA10"},"F9F":{"t":"PA18"},"FA0":{"desc":"L1P","t":"ULAC"},"FA2":{"desc":"L1P"},"FA4":{"desc":"L1P"},"FAA":{"t":"C550"},"FAC":{"t":"C182"},"FAD":{"t":"C182"},"FAE":{"t":"B737"},"FB6":{"t":"SR20"},"FB7":{"desc":"A1P"},"FC1":{"t":"BL8"},"FC6":{"t":"DA40"},"FD4":{"t":"B744"},"FD6":{"desc":"L1P"}}