{"01A":{"t":"LJ25"},"022":{"t":"GLID"},"02A":{"t":"SR22"},"02F":{"t":"GLID"},"033":{"desc":"L1P","t":"ULAC"},"036":{"desc":"L1P"},"03B":{"t":"M5"},"04C":{"t":"GLID"},"054":{"desc":"L1P"},"06D":{"t":"BE33"},"07E":{"t":"GLID"},"086":{"desc":"L1P"},"087":{"t":"ULAC"},"08B":{"t":"CH7A"},"08C":{"t":"C182"},"08D":{"desc":"L1P"},"08E":{"t":"ERCO"},"08F":{"t":"C150"},"090":{"t":"R22"},"093":{"t":"C120"},"094":{"t":"R44"},"095":{"t":"P28A"},"096":{"t":"C320"},"097":{"t":"C150"},"098":{"t":"C320"},"09A":{"t":"C150"},"09B":{"t":"P28B"},"09C":{"t":"TAMP"},"09D":{"t":"C182"},"0A0":{"t":"B739"},"0A2":{"t":"J4"},"0A3":{"t":"C177"},"0A5":{"t":"P32T"},"0A6":{"t":"C177"},"0A7":{"t":"C162"},"0A8":{"t":"C177"},"0AA":{"t":"P28A"},"0AB":{"t":"P32T"},"0AC":{"t":"BE35"},"0AF":{"t":"C182"},"0B1":{"t":"ERCO"},"0B3":{"t":"BE33"},"0B4":{"t":"BE58"},"0B5":{"t":"PA12"},"0BB":{"t":"C320"},"0BC":{"t":"C172"},"0BD":{"t":"BE35"},"0BE":{"t":"BE35"},"0BF":{"t":"C150"},"0C1":{"t":"PA22"},"0C2":{"t":"J4"},"0C3":{"t":"AT5T"},"0C5":{"t":"C177"},"0C6":{"t":"ULAC"},"0C9":{"desc":"L1P","t":"TB0"},"0CA":{"t":"C177"},"0CB":{"desc":"L1P"},"0CC":{"t":"J4"},"0CE":{"t":"C195"},"0D2":{"t":"C182"},"0D4":{"t":"ERCO"},"0D5":{"t":"C150"},"0D7":{"t":"C310"},"0D9":{"t":"BE33"},"0DA":{"t":"PA23"},"0DB":{"t":"YK55"},"0DD":{"t":"AT8T"},"0DE":{"t":"C320"},"0DF":{"t":"PA32"},"0E0":{"t":"BE36"},"0E2":{"t":"C185"},"0E7":{"t":"C185"},"0EA":{"desc":"L1P"},"0EC":{"t":"J4"},"0EE":{"t":"J4"},"0F1":{"t":"P32T"},"0F2":{"t":"BE35"},"0F6":{"desc":"L1P"},"0F7":{"t":"ERCO"},"0FA":{"desc":"L1P","t":"ULAC"},"0FE":{"t":"C182"},"0FF":{"desc":"L1P"},"100":{"t":"C140"},"101":{"t":"C320"},"102":{"t":"P32T"},"103":{"t":"SS2T"},"105":{"t":"C150"},"106":{"t":"PA32"},"107":{"t":"PA22"},"108":{"desc":"L1P"},"10A":{"t":"J4"},"10B":{"t":"C177"},"10C":{"t":"J4"},"10D":{"t":"J4"},"10E":{"t":"C177"},"10F":{"t":"C177"},"110":{"desc":"L1P"},"118":{"t":"AT6T"},"119":{"desc":"L1P"},"11A":{"t":"ERCO"},"11B":{"t":"BCS3"},"11C":{"t":"PA32"},"11D":{"t":"J5"},"11E":{"t":"PA12"},"11F":{"t":"P28A"},"121":{"t":"C182"},"122":{"t":"C320"},"124":{"t":"C320"},"125":{"t":"P28A"},"127":{"t":"BE58"},"12A":{"t":"PA22"},"12B":{"desc":"L1P"},"12C":{"t":"C177"},"12E":{"t":"C177"},"12F":{"t":"C210"},"131":{"t":"C177"},"133":{"t":"L8"},"136":{"t":"P28A"},"137":{"t":"C195"},"138":{"t":"P28A"},"13B":{"t":"C182"},"13C":{"t":"CH7B"},"13D":{"t":"SS2T"},"13F":{"t":"PA32"},"142":{"t":"C140"},"144":{"t":"C182"},"145":{"t":"SS2T"},"147":{"t":"BE36"},"148":{"t":"C172"},"149":{"t":"C150"},"14B":{"t":"C150"},"14C":{"t":"BE36"},"14D":{"t":"PA22"},"14E":{"t":"C177"},"14F":{"t":"J3"},"150":{"t":"P28A"},"151":{"t":"T210"},"152":{"t":"SS2T"},"153":{"t":"J5"},"154":{"desc":"L1P"},"156":{"t":"C177"},"157":{"t":"J3"},"159":{"t":"C170"},"15B":{"t":"BE35"},"15C":{"t":"BE36"},"15D":{"t":"CH7A"},"15F":{"desc":"L1P"},"161":{"t":"C150"},"162":{"t":"BE36"},"164":{"t":"P28A"},"165":{"t":"SS2T"},"167":{"t":"C182"},"169":{"t":"C150"},"16A":{"t":"P28A"},"16C":{"t":"BE35"},"170":{"t":"PA22"},"171":{"desc":"L1P"},"174":{"t":"C177"},"175":{"t":"C177"},"17A":{"t":"P28A"},"17B":{"desc":"L1P","t":"ULAC"},"17D":{"t":"PA44"},"17E":{"t":"BE35"},"181":{"t":"P28A"},"183":{"t":"ERCO"},"184":{"t":"C188"},"188":{"t":"C140"},"189":{"desc":"L1P"},"18A":{"t":"C182"},"18C":{"t":"C150"},"18D":{"t":"J3"},"18F":{"desc":"L4P"},"191":{"t":"C150"},"193":{"t":"PA22"},"194":{"t":"TAMP"},"196":{"t":"J3"},"198":{"t":"C177"},"199":{"t":"C172"},"19A":{"t":"J5"},"19B":{"t":"C177"},"19E":{"t":"C337"},"19F":{"t":"C170"},"1A1":{"t":"BE35"},"1A3":{"t":"C172"},"1A5":{"desc":"L1P"},"1A7":{"t":"C150"},"1A9":{"t":"C310"},"1AA":{"t":"PA12"},"1AB":{"t":"P28A"},"1AC":{"t":"PA23"},"1AD":{"t":"C182"},"1AE":{"t":"PA44"},"1AF":{"t":"C150"},"1B0":{"t":"P28A"},"1B2":{"t":"BE36"},"1B3":{"t":"BE36"},"1B4":{"t":"C150"},"1B6":{"t":"PA22"},"1B7":{"t":"C177"},"1BA":{"t":"P28A"},"1BB":{"t":"C177"},"1BD":{"desc":"L1P","t":"TB0"},"1BE":{"t":"C177"},"1C1":{"desc":"L1P"},"1C2":{"t":"BE33"},"1C5":{"t":"BE58"},"1C6":{"t":"C182"},"1C7":{"t":"C182"},"1C8":{"desc":"L1P"},"1C9":{"t":"ERCO"},"1CA":{"t":"C150"},"1CB":{"t":"P32T"},"1CC":{"t":"P28A"},"1CD":{"t":"P28A"},"1CE":{"t":"C140"},"1CF":{"t":"PA23"},"1D0":{"t":"P28A"},"1D1":{"t":"P28R"},"1D2":{"t":"C150"},"1D4":{"t":"C172"},"1D5":{"t":"C150"},"1D6":{"t":"BALL"},"1D8":{"t":"BALL"},"1DD":{"t":"C177"},"1DE":{"t":"J3"},"1E0":{"t":"J3"},"1E1":{"t":"J3"},"1E2":{"t":"P32T"},"1E4":{"desc":"L1P"},"1E5":{"t":"O1"},"1E7":{"t":"O1"},"1E8":{"t":"C172"},"1E9":{"t":"O1"},"1EB":{"desc":"L1P"},"1EF":{"t":"C510"},"1F0":{"desc":"H1P"},"1F1":{"t":"HUSK"},"1F6":{"t":"B739"},"1FA":{"t":"CRJ9"},"1FD":{"t":"H500"},"1FE":{"t":"BE35"},"1FF":{"t":"GLID"},"200":{"t":"ASTR"},"201":{"t":"BE33"},"202":{"t":"O1"},"205":{"t":"GLID"},"208":{"t":"M20T"},"20F":{"t":"H269"},"216":{"t":"M20T"},"217":{"t":"S108"},"218":{"t":"BE55"},"21A":{"t":"GLEX"},"21B":{"t":"SR22"},"21D":{"t":"GLF4"},"220":{"t":"GLID"},"222":{"t":"CL30"},"223":{"desc":"L1P"},"225":{"t":"C172"},"227":{"t":"O1"},"228":{"t":"BALL"},"232":{"desc":"H1T"},"236":{"t":"O1"},"238":{"desc":"L1P"},"23A":{"t":"C206"},"23B":{"t":"CL30"},"23C":{"desc":"L2J"},"23D":{"t":"A321"},"23F":{"t":"B737"},"241":{"desc":"L2T"},"243":{"t":"BCS3"},"245":{"t":"C152"},"24F":{"desc":"L1P"},"254":{"t":"BE20"},"259":{"t":"DA42"},"262":{"t":"C182"},"266":{"t":"A139"},"267":{"t":"DC10"},"272":{"desc":"L2J","t":"A20N"},"273":{"desc":"L1J"},"275":{"t":"O1"},"277":{"t":"M20P"},"27B":{"t":"M20T"},"27C":{"t":"G150"},"27D":{"desc":"L1P"},"27F":{"t":"M20T"},"282":{"t":"M20T"},"286":{"t":"B06"},"28D":{"t":"B734"},"294":{"t":"M20T"},"2AE":{"t":"BE20"},"2AF":{"t":"M20T"},"2B0":{"t":"M20T"},"2B1":{"t":"PA46"},"2B2":{"t":"H500"},"2B7":{"t":"M20T"},"2BD":{"t":"C182"},"2BE":{"t":"R44"},"2BF":{"t":"M20T"},"2C6":{"t":"M20T"},"2C9":{"t":"C25B"},"2CA":{"t":"SR22"},"2CC":{"t":"SR22"},"2CD":{"desc":"L1P"},"2D2":{"t":"M20T"},"2D3":{"t":"GLF6"},"2D7":{"t":"O1"},"2D8":{"desc":"L1P"},"2DB":{"t":"C206"},"2DF":{"t":"M20T"},"2E0":{"t":"AT3T"},"2E6":{"t":"BE20"},"2EB":{"t":"GLF4"},"2EF":{"t":"GLF3"},"2F0":{"t":"M20T"},"2F4":{"t":"M20T"},"2F5":{"t":"C56X"},"2F8":{"t":"M20T"},"2F9":{"t":"CL60"},"2FB":{"t":"PA32"},"2FC":{"t":"BE40"},"2FE":{"t":"EC35"},"2FF":{"t":"GLID"},"300":{"t":"B06"},"301":{"t":"C150"},"302":{"t":"M20T"},"303":{"t":"GLID"},"304":{"t":"BT36"},"308":{"t":"O1"},"30C":{"t":"O1"},"30D":{"desc":"L1P","t":"ULAC"},"311":{"desc":"L1P"},"314":{"t":"C208"},"318":{"desc":"L1P"},"319":{"t":"M20T"},"31B":{"t":"R22"},"325":{"t":"A319"},"327":{"t":"B738"},"32C":{"t":"GLF4"},"32E":{"t":"B06"},"32F":{"t":"M20T"},"330":{"t":"M20T"},"332":{"t":"EC35"},"333":{"t":"M20T"},"335":{"t":"E50P"},"336":{"t":"P51"},"339":{"t":"CRJ9"},"33A":{"t":"M20T"},"33C":{"t":"C172"},"33E":{"desc":"L1P"},"33F":{"t":"C208"},"340":{"t":"E55P"},"341":{"desc":"L1P"},"354":{"t":"C680"},"35C":{"t":"M20T"},"35F":{"t":"C182"},"360":{"t":"M20T"},"363":{"desc":"A1P"},"364":{"t":"O1"},"366":{"t":"M20T"},"368":{"t":"M20T"},"36D":{"t":"C172"},"36E":{"t":"M20T"},"375":{"t":"C500"},"376":{"t":"BE30"},"377":{"t":"UH1"},"378":{"desc":"L1E","t":"H25B"},"37A":{"t":"M20T"},"37B":{"desc":"L2T","t":"DC3"},"380":{"t":"C185"},"381":{"t":"COL4"},"382":{"t":"O1"},"385":{"t":"M9"},"388":{"desc":"L1P"},"38C":{"desc":"L2J"},"38E":{"t":"BE55"},"38F":{"t":"O1"},"390":{"t":"M20T"},"391":{"t":"GLF4"},"394":{"desc":"L1P"},"397":{"t":"M20T"},"39F":{"desc":"L1P"},"3A0":{"t":"BE9L"},"3A4":{"desc":"L1P"},"3A6":{"t":"BE10"},"3A8":{"desc":"L1P"},"3B5":{"t":"B763"},"3BB":{"desc":"H4E"},"3C0":{"desc":"L1P"},"3C1":{"desc":"L1P","t":"ULAC"},"3CE":{"t":"P32R"},"3D0":{"t":"C56X"},"3D4":{"t":"S22T"},"3D9":{"t":"GLID"},"3DA":{"t":"T210"},"3DB":{"t":"C206"},"3E5":{"t":"CL30"},"3E7":{"t":"BE58"},"3E9":{"t":"BE55"},"3EB":{"t":"T206"},"3EE":{"t":"BE33"},"3F2":{"t":"M5"},"408":{"t":"C172"},"40A":{"desc":"H13E"},"40B":{"desc":"L1P"},"420":{"t":"PA31"},"424":{"t":"BE33"},"425":{"t":"BE9L"},"43D":{"t":"GLF5"},"43E":{"t":"C170"},"43F":{"t":"C195"},"441":{"t":"P32T"},"442":{"t":"C172"},"443":{"desc":"L4P"},"444":{"desc":"L1P","t":"ULAC"},"446":{"t":"AA5"},"447":{"t":"BE36"},"448":{"t":"C310"},"44A":{"desc":"L1P","t":"TB0"},"44C":{"desc":"A1P"},"44D":{"desc":"L1P","t":"ULAC"},"44E":{"t":"B407"},"44F":{"t":"C320"},"452":{"t":"P28B"},"454":{"t":"C182"},"456":{"t":"C177"},"457":{"t":"GLF3"},"458":{"t":"C177"},"45A":{"t":"J3"},"45B":{"t":"GLID"},"45D":{"t":"J3"},"45E":{"t":"J5"},"461":{"t":"BE35"},"463":{"t":"BE35"},"465":{"t":"C172"},"46A":{"t":"BE20"},"46C":{"t":"PA12"},"46D":{"t":"P28A"},"46F":{"t":"H500"},"472":{"t":"C320"},"473":{"t":"PA32"},"474":{"t":"C150"},"475":{"t":"P28A"},"476":{"t":"PA34"},"478":{"t":"PA22"},"47A":{"t":"PA32"},"47B":{"desc":"L1P"},"47C":{"t":"J3"},"47D":{"t":"C172"},"47F":{"t":"T210"},"482":{"t":"J3"},"484":{"t":"P28A"},"485":{"t":"M7"},"487":{"t":"PA44"},"488":{"t":"P28A"},"489":{"t":"C182"},"48A":{"desc":"L1P"},"48B":{"t":"ERCO"},"48C":{"t":"BE36"},"48D":{"t":"B190"},"491":{"t":"BALL"},"492":{"t":"P28U"},"494":{"t":"P28A"},"495":{"desc":"L1P"},"496":{"t":"C172"},"497":{"t":"SS2T"},"499":{"t":"BE33"},"49A":{"t":"C182"},"49B":{"t":"PA22"},"49C":{"t":"J5"},"49D":{"t":"PA44"},"49E":{"t":"C172"},"49F":{"t":"AT5T"},"4A0":{"t":"C177"},"4A1":{"t":"C177"},"4A2":{"t":"ULAC"},"4A3":{"t":"C177"},"4A4":{"t":"ULAC"},"4A6":{"desc":"L1P"},"4A7":{"t":"P28B"},"4A8":{"desc":"L1P"},"4AB":{"t":"P28A"},"4AC":{"t":"C182"},"4AE":{"t":"P32T"},"4B3":{"t":"P28A"},"4B4":{"t":"PA11"},"4B5":{"t":"UH1"},"4B7":{"t":"C150"},"4B9":{"t":"C172"},"4BB":{"t":"BE33"},"4BC":{"t":"C150"},"4BD":{"t":"C182"},"4BE":{"t":"PA22"},"4BF":{"t":"T210"},"4C2":{"t":"J3"},"4C4":{"desc":"L1P"},"4C5":{"t":"J3"},"4C8":{"t":"AT5T"},"4CA":{"t":"BE36"},"4CE":{"t":"C172"},"4CF":{"t":"C182"},"4D1":{"t":"P32T"},"4D3":{"t":"PA34"},"4D4":{"t":"P28A"},"4D8":{"desc":"A1P"},"4D9":{"t":"BE36"},"4DB":{"t":"P28A"},"4DD":{"desc":"L4P"},"4DE":{"t":"AT8T"},"4DF":{"t":"C150"},"4E1":{"t":"PA22"},"4E2":{"t":"C177"},"4E4":{"t":"C177"},"4E5":{"t":"M7"},"4E6":{"t":"C177"},"4E8":{"t":"C177"},"4E9":{"t":"C177"},"4EB":{"t":"C210"},"4ED":{"t":"C170"},"4EE":{"t":"P28A"},"4EF":{"t":"M7"},"4F1":{"t":"TAMP"},"4F2":{"t":"P32T"},"4F3":{"desc":"L1P"},"4F4":{"t":"ERCO"},"4F6":{"desc":"L1P","t":"ULAC"},"4F7":{"t":"C310"},"4F8":{"t":"SS2T"},"4F9":{"t":"R22"},"4FA":{"t":"PA23"},"4FB":{"t":"ULAC"},"4FC":{"t":"PA32"},"4FD":{"t":"R44"},"4FE":{"t":"C320"},"4FF":{"t":"C172"},"501":{"t":"BE60"},"502":{"t":"C150"},"503":{"t":"R44"},"506":{"t":"J3"},"508":{"t":"C177"},"50B":{"t":"C177"},"50C":{"t":"C177"},"50F":{"desc":"H1T"},"510":{"t":"C170"},"511":{"t":"C195"},"512":{"t":"BE35"},"513":{"t":"P32T"},"515":{"t":"R44"},"516":{"desc":"L1P"},"518":{"t":"C150"},"519":{"t":"BE33"},"51A":{"t":"C310"},"51B":{"t":"PA12"},"51C":{"t":"C140"},"51E":{"t":"AT8T"},"51F":{"desc":"L1P","t":"TB1"},"520":{"t":"P28T"},"522":{"t":"C172"},"523":{"t":"BE35"},"524":{"t":"BE33"},"525":{"t":"C150"},"526":{"t":"C182"},"527":{"t":"P28A"},"529":{"t":"P28A"},"52A":{"t":"AT6T"},"52D":{"t":"C177"},"52E":{"t":"J3"},"52F":{"t":"C177"},"534":{"t":"C190"},"535":{"t":"BE35"},"538":{"t":"P28A"},"539":{"t":"CH7A"},"53A":{"t":"ERCO"},"53B":{"t":"C150"},"53C":{"desc":"L1P"},"53E":{"t":"P28A"},"53F":{"t":"P28U"},"540":{"t":"PA23"},"541":{"t":"C182"},"542":{"t":"P28R"},"543":{"t":"C150"},"545":{"t":"C172"},"546":{"t":"PA34"},"547":{"t":"BE35"},"548":{"t":"C150"},"549":{"t":"C182"},"54A":{"t":"P28T"},"54B":{"t":"C177"},"54C":{"t":"C177"},"54E":{"desc":"L1P","t":"TB0"},"54F":{"t":"C177"},"551":{"t":"J3"},"553":{"t":"C177"},"554":{"t":"C172"},"557":{"t":"C195"},"55A":{"t":"CH7A"},"55B":{"t":"BALL"},"55D":{"t":"ERCO"},"55E":{"t":"BCS3"},"561":{"t":"PA12"},"564":{"t":"C182"},"565":{"t":"BE58"},"567":{"t":"P28T"},"569":{"desc":"L1P","t":"TB0"},"56A":{"desc":"L1P"},"56D":{"t":"PA22"},"56E":{"t":"J3"},"56F":{"desc":"L2P"},"571":{"t":"C210"},"572":{"t":"C177"},"575":{"desc":"L1P"},"576":{"t":"J3"},"577":{"t":"J3"},"57A":{"t":"P28A"},"57B":{"t":"BE35"},"57C":{"t":"TOBA"},"57E":{"t":"P28A"},"57F":{"t":"CH7B"},"582":{"t":"C182"},"585":{"t":"AT6T"},"588":{"t":"P28R"},"589":{"t":"P28T"},"58B":{"t":"SS2T"},"58E":{"t":"C150"},"590":{"t":"P28T"},"591":{"t":"BALL"},"593":{"t":"M7"},"594":{"t":"C210"},"596":{"t":"J3"},"597":{"t":"J3"},"598":{"t":"C177"},"599":{"t":"J3"},"59A":{"t":"C177"},"59F":{"t":"CH7B"},"5A0":{"desc":"A1P"},"5A2":{"t":"DA40"},"5A6":{"t":"PA30"},"5A7":{"t":"B732"},"5A8":{"t":"T210"},"5AD":{"t":"B739"},"5B4":{"t":"E55P"},"5B5":{"t":"BE35"},"5B6":{"t":"GLID"},"5B8":{"desc":"L1P"},"5BD":{"t":"F2TH"},"5CD":{"t":"SR20"},"5D2":{"t":"SR22"},"5D5":{"t":"ULAC"},"5D7":{"t":"C25A"},"5DA":{"t":"E550"},"5DC":{"t":"SR22"},"5DE":{"desc":"L1P"},"5DF":{"t":"T206"},"5E0":{"t":"FDCT"},"5E4":{"desc":"L1P"},"5E7":{"desc":"L2P"},"5EA":{"t":"SR22"},"5ED":{"t":"P32R"},"5EE":{"t":"GLID"},"5F3":{"t":"C182"},"5F4":{"t":"A321"},"5F5":{"t":"C172"},"5F6":{"t":"B737"},"5F8":{"desc":"L1P"},"5FA":{"t":"BCS3"},"600":{"t":"BALL"},"602":{"desc":"L1P"},"606":{"t":"DV20"},"610":{"t":"DA42"},"611":{"desc":"L1P"},"61A":{"t":"MD83"},"61B":{"t":"BALL"},"61D":{"t":"B06"},"61E":{"t":"DC10"},"624":{"t":"E55P"},"62A":{"desc":"L1P"},"62E":{"t":"B06"},"633":{"desc":"L2J"},"643":{"t":"YK52"},"644":{"t":"B734"},"646":{"t":"E55P"},"647":{"t":"C172"},"64D":{"t":"B06"},"661":{"desc":"H1T"},"666":{"t":"E190"},"66C":{"desc":"A1P"},"674":{"t":"C25A"},"680":{"t":"SR22"},"699":{"desc":"L1P","t":"ULAC"},"69C":{"t":"EC30"},"69D":{"t":"A119"},"69F":{"t":"P28A"},"6A8":{"t":"PA32"},"6B1":{"t":"R44"},"6B4":{"t":"T206"},"6B5":{"t":"CL30"},"6B7":{"t":"B06"},"6B9":{"t":"GLID"},"6BB":{"t":"BALL"},"6C0":{"t":"P180"},"6C8":{"t":"ULAC"},"6DC":{"t":"A319"},"6DF":{"t":"B738"},"6E1":{"t":"BE36"},"6E2":{"t":"C650"},"6E3":{"t":"B738"},"6E4":{"t":"PC12"},"6E5":{"t":"B06"},"6E9":{"t":"B06"},"6EC":{"desc":"L1P"},"6ED":{"t":"C414"},"6EF":{"t":"C172"},"6F0":{"t":"CRJ9"},"6F2":{"desc":"L1P"},"6FA":{"desc":"H1T","t":"S92"},"6FD":{"t":"BE60"},"70B":{"t":"C680"},"713":{"desc":"L1P"},"714":{"desc":"L1P"},"716":{"desc":"L2J","t":"B38M"},"724":{"t":"SR22"},"727":{"desc":"L1P"},"72C":{"desc":"L1P"},"72D":{"t":"BALL"},"72E":{"t":"UH1"},"734":{"t":"F900"},"73A":{"desc":"L2J","t":"B38M"},"73C":{"t":"SR22"},"73E":{"t":"SR22"},"741":{"desc":"L2J","t":"B38M"},"743":{"desc":"L2J"},"745":{"t":"PA18"},"746":{"desc":"L1P"},"748":{"t":"C185"},"751":{"t":"GLID"},"756":{"t":"SIRA"},"757":{"t":"GLF4"},"75F":{"desc":"L1P"},"76C":{"t":"B763"},"77A":{"desc":"L2P"},"790":{"t":"FA24"},"793":{"desc":"L1P"},"7A5":{"t":"T28"},"7C1":{"desc":"H13E"},"7C2":{"desc":"L1P"},"7F4":{"t":"CH7A"},"7F6":{"t":"P28A"},"7F8":{"t":"SS2T"},"7FA":{"t":"P28A"},"7FB":{"desc":"L1P"},"7FD":{"desc":"L1P","t":"ULAC"},"7FE":{"t":"PA44"},"7FF":{"t":"P28A"},"801":{"t":"C140"},"802":{"desc":"L1P","t":"LA4"},"803":{"t":"C182"},"804":{"t":"P28R"},"806":{"t":"P28U"},"807":{"t":"C172"},"809":{"t":"BE36"},"80B":{"t":"P28A"},"80E":{"t":"SS2T"},"80F":{"t":"P28B"},"810":{"t":"C177"},"812":{"t":"J3"},"815":{"t":"PA44"},"816":{"t":"BALL"},"819":{"t":"C195"},"81A":{"t":"BE35"},"81B":{"t":"C310"},"81D":{"t":"C182"},"823":{"t":"PA12"},"824":{"desc":"L1T"},"827":{"t":"P28R"},"829":{"t":"P28U"},"82A":{"t":"C172"},"82B":{"t":"BE35"},"82C":{"t":"PA32"},"82D":{"t":"PA34"},"82E":{"t":"P28A"},"831":{"t":"J3"},"832":{"t":"C177"},"833":{"t":"J3"},"835":{"t":"C177"},"836":{"t":"J3"},"837":{"t":"C172"},"839":{"t":"PA34"},"83C":{"desc":"L1P"},"83D":{"t":"YK52"},"83E":{"t":"SS2T"},"83F":{"t":"CH7A"},"840":{"t":"C182"},"841":{"t":"CH7B"},"843":{"t":"BCS3"},"845":{"t":"P28A"},"846":{"t":"PA12"},"847":{"t":"C140"},"848":{"desc":"L1P","t":"LA4"},"84A":{"t":"P32T"},"84B":{"t":"C150"},"84D":{"t":"C172"},"84F":{"t":"PA32"},"850":{"t":"C150"},"851":{"t":"P28A"},"852":{"t":"PA22"},"853":{"t":"SS2T"},"854":{"t":"ULAC"},"855":{"t":"J5"},"859":{"t":"C177"},"85A":{"t":"J3"},"85B":{"desc":"L1P","t":"ULAC"},"85C":{"t":"J3"},"85E":{"t":"C170"},"861":{"t":"C310"},"862":{"t":"CH7A"},"863":{"t":"C182"},"864":{"t":"AT8T"},"865":{"t":"AT5T"},"866":{"t":"C150"},"86A":{"t":"P28U"},"86B":{"t":"PA23"},"86C":{"t":"SS2P"},"86D":{"t":"P28R"},"86E":{"t":"C150"},"870":{"t":"C172"},"872":{"t":"BE36"},"873":{"t":"C150"},"874":{"t":"AT8T"},"875":{"t":"PA22"},"878":{"t":"C177"},"879":{"t":"J3"},"87A":{"t":"C177"},"87C":{"t":"C177"},"87D":{"t":"C177"},"87F":{"t":"C177"},"881":{"t":"C170"},"882":{"t":"C195"},"883":{"t":"C82S"},"885":{"t":"CH7A"},"889":{"t":"ULAC"},"88A":{"desc":"L1P","t":"ULAC"},"88B":{"t":"ULAC"},"88E":{"t":"GLID"},"890":{"t":"BALL"},"891":{"t":"C150"},"893":{"t":"C172"},"894":{"t":"BE35"},"895":{"t":"BE35"},"896":{"t":"C150"},"897":{"t":"C182"},"898":{"t":"PA22"},"899":{"t":"P28S"},"89C":{"t":"C172"},"89D":{"t":"T210"},"8A0":{"t":"P28A"},"8A1":{"t":"J5"},"8A4":{"t":"C170"},"8A5":{"t":"P32T"},"8A6":{"t":"P28A"},"8A8":{"t":"C172"},"8A9":{"t":"C182"},"8AA":{"t":"B47G"},"8AC":{"t":"BCS3"},"8AD":{"t":"P28T"},"8B0":{"t":"C140"},"8B2":{"t":"C182"},"8B3":{"t":"P28R"},"8B5":{"t":"AT6T"},"8B7":{"t":"BE35"},"8BA":{"t":"BALL"},"8BB":{"t":"P28T"},"8BC":{"t":"P28A"},"8BF":{"t":"J3"},"8C0":{"t":"C177"},"8C2":{"t":"C177"},"8C3":{"t":"C177"},"8C6":{"desc":"L1P","t":"ULAC"},"8C7":{"t":"C170"},"8C8":{"t":"BE58"},"8C9":{"t":"BE35"},"8CA":{"t":"BE58"},"8CB":{"t":"CH7A"},"8CD":{"t":"P28A"},"8CE":{"t":"P28A"},"8CF":{"t":"C150"},"8D0":{"t":"P28T"},"8D1":{"t":"AT8T"},"8D3":{"t":"AT6T"},"8D4":{"t":"PA23"},"8D5":{"t":"C182"},"8D6":{"t":"P28R"},"8D9":{"t":"P32R"},"8DA":{"t":"AT5T"},"8DB":{"t":"BE9L"},"8DD":{"t":"P28A"},"8DE":{"t":"P28T"},"8E0":{"t":"C177"},"8E1":{"t":"PA32"},"8E2":{"t":"C177"},"8E6":{"t":"BALL"},"8E7":{"t":"C177"},"8E8":{"t":"J3"},"8EA":{"t":"C170"},"8EB":{"t":"C195"},"8EC":{"t":"BE35"},"8ED":{"t":"P28A"},"8EE":{"t":"C182"},"8EF":{"desc":"L1P"},"8F1":{"t":"ERCO"},"8F2":{"t":"AT8T"},"8F3":{"t":"P28T"},"8F4":{"t":"R22"},"8F5":{"t":"PA12"},"8F6":{"t":"C120"},"8F8":{"t":"P32R"},"8F9":{"t":"P28R"},"8FB":{"t":"BE36"},"8FD":{"t":"C150"},"8FE":{"t":"AT5T"},"8FF":{"t":"SS2T"},"900":{"t":"C182"},"902":{"t":"C177"},"903":{"t":"C177"},"905":{"t":"C177"},"906":{"t":"AT8T"},"908":{"t":"AT8T"},"909":{"t":"C150"},"90B":{"t":"J5"},"90D":{"t":"C170"},"90E":{"t":"AT6T"},"90F":{"t":"BE35"},"911":{"t":"CH7A"},"912":{"t":"C182"},"913":{"t":"B47J"},"915":{"t":"C150"},"916":{"t":"J3"},"917":{"t":"C310"},"919":{"t":"R22"},"91B":{"t":"P28U"},"91C":{"t":"P28R"},"91D":{"t":"C150"},"91E":{"t":"P32T"},"91F":{"t":"C172"},"921":{"t":"BE36"},"925":{"t":"C177"},"926":{"t":"J5"},"92A":{"t":"C177"},"92B":{"t":"C177"},"92D":{"t":"J3"},"92E":{"t":"P32T"},"931":{"t":"C195"},"932":{"t":"P28A"},"933":{"t":"C310"},"934":{"t":"ULAC"},"935":{"t":"C182"},"937":{"t":"R22"},"938":{"t":"C150"},"93A":{"t":"P28A"},"93B":{"t":"PA12"},"93C":{"t":"R44"},"93E":{"t":"C182"},"93F":{"t":"P28R"},"940":{"t":"AT8T"},"941":{"t":"P32T"},"943":{"t":"BE35"},"944":{"t":"BALL"},"946":{"t":"P28T"},"948":{"t":"J5"},"949":{"t":"C177"},"94B":{"t":"BALL"},"94D":{"t":"C177"},"94E":{"t":"J3"},"94F":{"t":"PA32"},"953":{"t":"SR22"},"958":{"t":"SF34"},"959":{"t":"DA40"},"95A":{"t":"COL4"},"95C":{"t":"UH12"},"95F":{"t":"HUSK"},"964":{"t":"B739"},"965":{"t":"B737"},"96B":{"t":"B763"},"96C":{"t":"BE18"},"96D":{"desc":"L1P"},"96F":{"desc":"L1P"},"971":{"t":"GLID"},"973":{"t":"GLID"},"974":{"desc":"L1P"},"978":{"t":"C172"},"97C":{"t":"AT8T"},"981":{"desc":"H1T"},"984":{"t":"C172"},"985":{"t":"HUSK"},"988":{"desc":"A1P"},"989":{"t":"SR22"},"98B":{"t":"C210"},"98C":{"desc":"L1P"},"990":{"desc":"L1P"},"993":{"t":"SR22"},"995":{"t":"C172"},"996":{"t":"T206"},"99A":{"t":"UH1"},"99B":{"desc":"H2T"},"9A0":{"desc":"L1P"},"9A5":{"t":"GLID"},"9A9":{"t":"LJ45"},"9AA":{"t":"BE20"},"9AB":{"desc":"L1P","t":"ULAC"},"9AC":{"desc":"L1P"},"9AD":{"t":"B737"},"9AE":{"desc":"L1P"},"9AF":{"desc":"L1P","t":"ULAC"},"9B0":{"desc":"H1P"},"9B1":{"t":"BCS3"},"9B4":{"t":"A321"},"9B6":{"desc":"L1P"},"9BD":{"desc":"L2T"},"9C2":{"t":"GA5C"},"9C7":{"t":"DA42"},"9CF":{"desc":"L1P"},"9D0":{"t":"HUSK"},"9D5":{"t":"DC10"},"9DC":{"t":"C421"},"9E0":{"desc":"L2J","t":"A20N"},"9E1":{"desc":"L1J"},"9E5":{"t":"M20P"},"9E9":{"t":"C172"},"9F9":{"t":"C185"},"9FA":{"t":"YK55"},"9FB":{"t":"B734"},"A0A":{"desc":"L1P"},"A0D":{"desc":"A1P"},"A12":{"t":"G280"},"A19":{"t":"S22T"},"A1B":{"desc":"L1P"},"A1C":{"t":"SF50"},"A1D":{"t":"E190"},"A23":{"desc":"L1P"},"A26":{"t":"ASTR"},"A27":{"t":"PA46"},"A2B":{"desc":"L1P"},"A2C":{"t":"BE36"},"A2D":{"t":"C525"},"A30":{"t":"CL30"},"A34":{"desc":"L1P"},"A3C":{"t":"B407"},"A3E":{"desc":"L1P"},"A40":{"t":"C172"},"A50":{"t":"FA7X"},"A51":{"desc":"H1T","t":"S92"},"A56":{"t":"C25B"},"A5E":{"t":"C680"},"A5F":{"desc":"L1P"},"A66":{"t":"BE36"},"A6A":{"t":"F2TH"},"A6B":{"t":"EC45"},"A6D":{"t":"E55P"},"A72":{"desc":"L1P"},"A78":{"t":"BE40"},"A93":{"t":"A319"},"A98":{"t":"BL8"},"A99":{"desc":"L2T"},"A9A":{"t":"BALL"},"A9B":{"desc":"L1P"},"A9D":{"t":"C25B"},"AA0":{"t":"EC35"},"AA4":{"desc":"L1P"},"AA5":{"t":"FA7X"},"AA6":{"t":"ULAC"},"AA7":{"t":"CRJ9"},"AA8":{"t":"C208"},"AA9":{"t":"F2TH"},"AAA":{"t":"P28A"},"AC2":{"t":"C680"},"ACA":{"desc":"L1P"},"ACC":{"t":"R22"},"ACE":{"t":"B06"},"AD2":{"t":"ULAC"},"AD3":{"t":"T206"},"AD5":{"t":"EN48"},"AD6":{"t":"H25B"},"ADE":{"desc":"L1P"},"ADF":{"desc":"A1T","t":"KODI"},"AE3":{"desc":"L1P"},"AE5":{"t":"B212"},"AE9":{"t":"C680"},"AF3":{"t":"ULAC"},"AF5":{"t":"H25B"},"AFA":{"desc":"L2J"},"AFE":{"desc":"L1P"},"AFF":{"desc":"H2T"},"B06":{"desc":"L1P"},"B07":{"t":"B350"},"B0A":{"desc":"L1P"},"B0D":{"t":"PC12"},"B0E":{"t":"BT36"},"B11":{"desc":"L1P"},"B16":{"desc":"L1P"},"B23":{"t":"B763"},"B2F":{"t":"RV12"},"B47":{"desc":"L1P"},"B52":{"t":"PC12"},"B55":{"t":"PC12"},"B57":{"t":"R44"},"B5E":{"t":"PA18"},"B78":{"desc":"H13E"},"B92":{"t":"BE35"},"BAC":{"t":"C170"},"BAD":{"t":"C195"},"BAE":{"t":"GLID"},"BB0":{"t":"AT8T"},"BB1":{"t":"AT8T"},"BB2":{"t":"AT3T"},"BB3":{"t":"ERCO"},"BB4":{"t":"C150"},"BB6":{"t":"C310"},"BB8":{"t":"AT6T"},"BB9":{"t":"PA23"},"BBA":{"desc":"L1P"},"BBC":{"t":"R22"},"BBD":{"t":"BT36"},"BC0":{"t":"BE55"},"BC2":{"t":"C182"},"BC3":{"t":"P28U"},"BC6":{"desc":"L1P"},"BC8":{"t":"J5"},"BC9":{"t":"J5"},"BCB":{"t":"J3"},"BCC":{"t":"C177"},"BCD":{"t":"C177"},"BCF":{"t":"B190"},"BD0":{"t":"C190"},"BD1":{"t":"BE35"},"BD2":{"t":"P28A"},"BD3":{"t":"CH7A"},"BD5":{"t":"CH7B"},"BD7":{"t":"C150"},"BD8":{"t":"AT5T"},"BD9":{"t":"C310"},"BDA":{"t":"PA12"},"BDD":{"t":"C182"},"BE1":{"t":"C172"},"BE3":{"t":"AT5T"},"BE4":{"t":"C150"},"BE5":{"t":"PA32"},"BE8":{"t":"J3"},"BE9":{"t":"J3"},"BEA":{"t":"C177"},"BEB":{"t":"J3"},"BEE":{"t":"C177"},"BEF":{"t":"C177"},"BF0":{"t":"J3"},"BF2":{"t":"C170"},"BF4":{"t":"BE35"},"BF5":{"t":"P28A"},"BF6":{"t":"C172"},"BF7":{"t":"AT5T"},"BF9":{"t":"P28A"},"BFA":{"t":"C150"},"BFB":{"t":"P28T"},"BFC":{"t":"P28A"},"BFD":{"t":"PA12"},"BFE":{"t":"BALL"},"BFF":{"t":"PA23"},"C01":{"t":"P28R"},"C02":{"t":"C150"},"C05":{"t":"C150"},"C06":{"t":"BE36"},"C07":{"t":"P28U"},"C08":{"t":"AT8T"},"C09":{"desc":"L1P"},"C0B":{"t":"BALL"},"C0C":{"t":"BALL"},"C0E":{"desc":"L1P"},"C0F":{"t":"P32T"},"C11":{"t":"C177"},"C12":{"t":"C177"},"C13":{"t":"C177"},"C14":{"desc":"L1P"},"C15":{"t":"C170"},"C16":{"desc":"L1P"},"C17":{"t":"AT5T"},"C18":{"t":"BALL"},"C1A":{"t":"C182"},"C1B":{"t":"P28B"},"C1D":{"t":"C150"},"C1E":{"desc":"L1P"},"C1F":{"t":"C310"},"C20":{"t":"P28S"},"C21":{"t":"C140"},"C22":{"t":"PA23"},"C24":{"t":"P28R"},"C25":{"t":"C150"},"C27":{"t":"P28A"},"C2B":{"t":"C182"},"C2C":{"t":"PA22"},"C2D":{"t":"C177"},"C2E":{"t":"P32T"},"C31":{"t":"C177"},"C32":{"t":"J3"},"C33":{"t":"J3"},"C34":{"t":"M7"},"C35":{"t":"H269"},"C36":{"t":"P28A"},"C39":{"t":"C195"},"C3B":{"desc":"L1P"},"C3C":{"t":"CH7A"},"C3D":{"t":"AT5T"},"C3E":{"t":"CH7A"},"C3F":{"t":"ERCO"},"C40":{"t":"C188"},"C44":{"t":"C120"},"C45":{"t":"PA44"},"C46":{"t":"C182"},"C48":{"t":"C150"},"C4B":{"t":"BE35"},"C4C":{"t":"BALL"},"C4E":{"t":"C182"},"C51":{"t":"C177"},"C52":{"desc":"L1P"},"C53":{"t":"C177"},"C56":{"t":"PA34"},"C57":{"t":"C177"},"C58":{"desc":"L1P","t":"ULAC"},"C59":{"t":"P28A"},"C5A":{"t":"GLID"},"C5D":{"t":"M7"},"C5E":{"t":"AT5T"},"C5F":{"desc":"L1P"},"C60":{"t":"C182"},"C63":{"desc":"L1P","t":"ULAC"},"C64":{"t":"P28A"},"C66":{"t":"P28A"},"C67":{"t":"P28B"},"C68":{"t":"BE58"},"C69":{"t":"C182"},"C6A":{"t":"P32T"},"C6B":{"desc":"L1P"},"C6D":{"t":"H269"},"C6F":{"desc":"L1P"},"C70":{"t":"BT36"},"C71":{"t":"C210"},"C76":{"t":"C177"},"C77":{"t":"C177"},"C79":{"t":"J3"},"C7A":{"t":"AT8T"},"C7B":{"t":"J3"},"C81":{"t":"BE36"},"C82":{"t":"C172"},"C84":{"t":"CH7A"},"C85":{"t":"AT5T"},"C86":{"t":"C150"},"C87":{"t":"S108"},"C88":{"t":"C310"},"C89":{"t":"PA12"},"C8C":{"t":"M7"},"C8E":{"t":"BALL"},"C8F":{"t":"BE33"},"C90":{"desc":"L1P"},"C92":{"t":"AT5T"},"C93":{"t":"C150"},"C96":{"desc":"L1P"},"C99":{"t":"C177"},"C9B":{"t":"C177"},"C9C":{"t":"J3"},"C9D":{"t":"C177"},"C9E":{"t":"J5"},"C9F":{"t":"C177"},"CA1":{"t":"C170"},"CA2":{"desc":"L1T"},"CA5":{"t":"C172"},"CA6":{"t":"C182"},"CA8":{"t":"BE33"},"CA9":{"t":"BCS3"},"CAA":{"t":"BE33"},"CAB":{"t":"BALL"},"CAC":{"t":"P28A"},"CB0":{"t":"BALL"},"CB1":{"t":"M7"},"CB3":{"t":"BE33"},"CB5":{"t":"BE36"},"CB6":{"desc":"L1P"},"CB7":{"desc":"L1P"},"CB8":{"t":"BE58"},"CBA":{"t":"BE58"},"CBB":{"t":"J3"},"CBC":{"t":"J5"},"CBD":{"t":"BT36"},"CBF":{"t":"J3"},"CC0":{"t":"T210"},"CC4":{"t":"C170"},"CC5":{"t":"BE33"},"CC6":{"desc":"L1P"},"CC7":{"t":"J3"},"CC8":{"t":"BALL"},"CCA":{"t":"B47G"},"CCB":{"t":"BE33"},"CCC":{"t":"C188"},"CCD":{"t":"BT36"},"CCF":{"t":"P32T"},"CD1":{"t":"BE36"},"CD3":{"t":"P28R"},"CD5":{"t":"AT5T"},"CD8":{"desc":"L1P","t":"ULAC"},"CD9":{"t":"C150"},"CDA":{"t":"BE36"},"CDB":{"t":"PA22"},"CDC":{"t":"J3"},"CE1":{"t":"C177"},"CE2":{"t":"C177"},"CE3":{"t":"BE58"},"CE4":{"t":"J3"},"CE5":{"t":"C177"},"CE6":{"desc":"L1P"},"CE7":{"desc":"L1P"},"CE8":{"t":"BE33"},"CE9":{"t":"BE35"},"CEA":{"t":"AT6T"},"CEC":{"t":"C182"},"CED":{"t":"B47G"},"CEE":{"t":"ULAC"},"CEF":{"t":"C150"},"CF0":{"t":"BALL"},"CF1":{"t":"C310"},"CF2":{"t":"P28A"},"CF6":{"t":"P28R"},"CF7":{"desc":"L1P"},"CF8":{"t":"BALL"},"CF9":{"t":"P28A"},"CFB":{"t":"BE36"},"CFD":{"t":"BE33"},"CFE":{"t":"M7"},"CFF":{"t":"C177"},"D03":{"t":"C177"},"D06":{"t":"BE33"},"D0A":{"t":"BALL"},"D0B":{"t":"ULAC"},"D0C":{"t":"GLF4"},"D0D":{"t":"AS50"},"D0F":{"t":"A332"},"D16":{"t":"DA40"},"D1C":{"desc":"H8E","t":"B737"},"D1F":{"t":"S22T"},"D23":{"t":"BE50"},"D24":{"t":"GLID"},"D26":{"t":"T210"},"D2E":{"desc":"H1T"},"D3C":{"desc":"L1P"},"D3F":{"t":"C150"},"D40":{"t":"SR22"},"D42":{"t":"C310"},"D43":{"desc":"L1P","t":"ULAC"},"D45":{"t":"C208"},"D47":{"t":"C82S"},"D4A":{"t":"T206"},"D4C":{"t":"CL60"},"D4D":{"t":"BE9L"},"D4E":{"t":"FDCT"},"D51":{"t":"H269"},"D52":{"t":"C750"},"D58":{"t":"DV20"},"D5A":{"t":"B737"},"D5B":{"t":"PA32"},"D5C":{"t":"GLID"},"D5D":{"desc":"L1P","t":"ULAC"},"D62":{"t":"A321"},"D65":{"desc":"L1P"},"D67":{"t":"C550"},"D68":{"t":"BCS3"},"D6A":{"t":"C152"},"D72":{"t":"CH7A"},"D76":{"t":"R44"},"D79":{"t":"GA5C"},"D7E":{"t":"DA42"},"D87":{"desc":"L1P"},"D8B":{"t":"M5"},"D8C":{"t":"DC10"},"D95":{"desc":"L1P"},"D97":{"desc":"L2J","t":"A20N"},"D9C":{"t":"M20P"},"DAB":{"t":"C550"},"DB2":{"t":"C25B"},"DB4":{"t":"E55P"},"DB5":{"t":"H25B"},"DBB":{"t":"B06"},"DC3":{"desc":"L1T"},"DD3":{"t":"S22T"},"DD4":{"desc":"L1P"},"DD6":{"t":"BE36"},"DD9":{"desc":"L1P"},"DE0":{"desc":"L1P"},"DE7":{"t":"GLF4"},"DEB":{"t":"BL8"},"DED":{"t":"G280"},"DF2":{"t":"GLF5"},"DF9":{"t":"BE40"},"E05":{"t":"AT5T"},"E07":{"t":"B06"},"E0D":{"t":"C680"},"E1E":{"t":"M20T"},"E1F":{"desc":"L1P"},"E20":{"t":"BALL"},"E21":{"t":"BE9L"},"E22":{"t":"EC35"},"E25":{"t":"B407"},"E26":{"t":"E55P"},"E2D":{"t":"C650"},"E2F":{"desc":"L1P"},"E3D":{"t":"HUSK"},"E4A":{"t":"A319"},"E4F":{"t":"BE55"},"E52":{"t":"ULAC"},"E57":{"t":"EC35"},"E5E":{"t":"CRJ9"},"E79":{"t":"C680"},"E81":{"desc":"L1P"},"E85":{"desc":"L2J","t":"B38M"},"E8D":{"t":"BE9L"},"E9A":{"t":"C182"},"E9B":{"t":"R44"},"E9C":{"t":"UH1"},"E9D":{"t":"ULAC"},"E9F":{"desc":"H2T"},"EA0":{"desc":"L2P"},"EA1":{"desc":"G1P"},"EA2":{"desc":"L1P"},"EA8":{"t":"C172"},"EAA":{"t":"FDCT"},"EAC":{"t":"P46T"},"EAD":{"t":"C172"},"EB1":{"desc":"L2J"},"EB3":{"t":"PA18"},"EB6":{"desc":"H2T"},"EB9":{"desc":"L1P"},"EBF":{"desc":"A1P"},"EC1":{"desc":"L1P"},"EC4":{"desc":"L1P"},"EC8":{"t":"C550"},"ECC":{"t":"F2TH"},"EDA":{"t":"B763"},"EE6":{"t":"RV12"},"EFE":{"desc":"L1P"},"F01":{"t":"TBM7"},"F49":{"t":"BE35"},"F63":{"t":"BALL"},"F64":{"t":"BE33"},"F67":{"t":"C172"},"F68":{"t":"B350"},"F6B":{"t":"C150"},"F6C":{"t":"BE36"},"F6E":{"t":"PA12"},"F6F":{"t":"C120"},"F71":{"t":"C182"},"F72":{"t":"BE36"},"F75":{"t":"GLID"},"F78":{"t":"C150"},"F79":{"t":"C182"},"F7A":{"t":"PA18"},"F7B":{"t":"C177"},"F7C":{"t":"B25"},"F7E":{"desc":"L1P"},"F80":{"t":"C177"},"F82":{"t":"C177"},"F83":{"t":"J4"},"F84":{"desc":"L1P"},"F87":{"t":"C195"},"F8A":{"t":"C82S"},"F8B":{"t":"C182"},"F8C":{"t":"B47G"},"F8E":{"t":"GLID"},"F8F":{"t":"BALL"},"F93":{"t":"PA23"},"F95":{"t":"BALL"},"F96":{"t":"C150"},"F97":{"t":"BE33"},"F99":{"t":"AT5T"},"F9B":{"desc":"L1P","t":"ULAC"},"F9C":{"t":"AT5T"},"F9D":{"desc":"L1P"},"F9E":{"t":"J4"},"FA1":{"t":"BE36"},"FA7":{"t":"BE33"},"FA9":{"t":"C170"},"FAB":{"t":"R22"},"FAD":{"t":"C172"},"FAE":{"t":"C182"},"FAF":{"t":"BE33"},"FB2":{"t":"BE33"},"FB3":{"t":"BALL"},"FB4":{"t":"PA12"},"FB6":{"t":"AT8T"},"FB7":{"t":"C182"},"FB9":{"t":"BALL"},"FBA":{"t":"P28B"},"FBB":{"t":"C172"},"FBC":{"t":"AT8T"},"FBE":{"t":"PA18"},"FBF":{"t":"C182"},"FC0":{"t":"PA18"},"FC2":{"t":"J5"},"FC3":{"t":"M7"},"FC4":{"t":"P28A"},"FC5":{"t":"C177"},"FC7":{"t":"C177"},"FC9":{"t":"C177"},"FCB":{"t":"GLID"},"FCC":{"t":"C170"},"FCD":{"t":"C195"},"FCE":{"t":"BE35"},"FD1":{"t":"C182"},"FD2":{"t":"BE33"},"FD3":{"t":"BE36"},"FD4":{"t":"BE33"},"FD5":{"t":"AT8T"},"FD6":{"t":"C310"},"FD7":{"t":"PA12"},"FD8":{"t":"C140"},"FDB":{"t":"AT8T"},"FDC":{"t":"C150"},"FDD":{"t":"P28A"},"FDF":{"t":"BE35"},"FE1":{"t":"J3"},"FE3":{"desc":"L1T"},"FE4":{"t":"J3"},"FE6":{"t":"AT5T"},"FE7":{"t":"J3"},"FE8":{"t":"PA32"},"FE9":{"t":"C177"},"FEA":{"t":"B222"},"FEB":{"t":"J3"},"FEC":{"t":"J3"},"FED":{"desc":"A1P"},"FEF":{"t":"BALL"},"FF0":{"t":"BALL"},"FF1":{"t":"BE35"},"FF3":{"t":"CH7A"},"FF4":{"desc":"L1P"},"FF6":{"t":"ERCO"},"FF7":{"t":"C150"},"FF8":{"t":"BALL"},"FFA":{"t":"BT36"},"FFB":{"t":"BE33"},"FFD":{"t":"P28S"},"FFF":{"t":"C150"}}