{"003":{"desc":"L1P","t":"ULAC"},"004":{"desc":"L1P"},"005":{"t":"C182"},"006":{"t":"BE36"},"008":{"t":"C177"},"009":{"t":"J3"},"00D":{"t":"J3"},"00F":{"t":"J5"},"010":{"t":"J5"},"012":{"t":"C170"},"013":{"t":"C195"},"014":{"t":"BE35"},"017":{"t":"BE36"},"018":{"t":"CH7B"},"01A":{"t":"BCS3"},"01B":{"t":"BE36"},"01D":{"t":"PA12"},"01E":{"t":"C120"},"020":{"t":"AT8T"},"022":{"t":"C150"},"023":{"t":"P28A"},"024":{"t":"C172"},"026":{"t":"BE55"},"028":{"t":"PA25"},"029":{"t":"BALL"},"02B":{"t":"C177"},"02C":{"t":"C177"},"02D":{"t":"C177"},"02E":{"t":"AC90"},"02F":{"desc":"L1P"},"030":{"t":"C177"},"032":{"t":"C177"},"033":{"t":"J3"},"035":{"t":"AT8T"},"037":{"t":"BE55"},"038":{"desc":"L1P"},"039":{"t":"C172"},"03A":{"t":"C182"},"03B":{"desc":"L1P","t":"ULAC"},"03E":{"t":"BE36"},"03F":{"desc":"L1P"},"040":{"t":"PA12"},"041":{"t":"C140"},"043":{"desc":"L1P"},"045":{"t":"C172"},"046":{"t":"R22"},"049":{"t":"C185"},"04C":{"t":"PA18"},"04D":{"t":"C177"},"04E":{"t":"C177"},"04F":{"t":"J3"},"051":{"t":"J3"},"053":{"t":"C177"},"055":{"t":"BALL"},"056":{"t":"C177"},"058":{"t":"C170"},"059":{"t":"C190"},"05A":{"t":"M7"},"05B":{"t":"BALL"},"05D":{"t":"C182"},"05F":{"t":"ERCO"},"060":{"desc":"L1P"},"061":{"t":"AT6T"},"062":{"t":"C310"},"064":{"t":"C120"},"066":{"t":"C182"},"067":{"t":"P28R"},"068":{"desc":"L1P"},"069":{"t":"P28A"},"06A":{"t":"C172"},"06C":{"desc":"L1P"},"06D":{"t":"BALL"},"070":{"t":"C177"},"071":{"t":"C177"},"073":{"t":"J3"},"074":{"t":"C177"},"075":{"t":"J3"},"076":{"t":"C177"},"077":{"t":"P28A"},"07C":{"t":"J3"},"07D":{"t":"BE35"},"07E":{"t":"BE36"},"07F":{"t":"CH7A"},"080":{"t":"C182"},"081":{"t":"PA30"},"082":{"t":"P32R"},"083":{"t":"C150"},"084":{"desc":"L1T"},"085":{"t":"C310"},"089":{"t":"C182"},"08E":{"t":"BE35"},"08F":{"t":"BALL"},"090":{"t":"P46T"},"091":{"t":"C182"},"092":{"t":"PA18"},"093":{"t":"BALL"},"09A":{"t":"C177"},"09B":{"t":"C177"},"09C":{"t":"C177"},"09D":{"desc":"L1P"},"09F":{"t":"C195"},"0A0":{"t":"BE35"},"0A2":{"t":"BALL"},"0A4":{"desc":"L1P"},"0A5":{"t":"BE33"},"0A9":{"t":"PA12"},"0AB":{"t":"PA23"},"0AC":{"t":"C182"},"0AD":{"t":"P28R"},"0AE":{"t":"C150"},"0AF":{"t":"P28A"},"0B0":{"t":"M20T"},"0B1":{"t":"BE35"},"0B3":{"t":"C150"},"0B4":{"t":"C182"},"0B5":{"t":"BE36"},"0B6":{"t":"J3"},"0B8":{"t":"C177"},"0B9":{"desc":"L1P","t":"ULAC"},"0BA":{"t":"C177"},"0BD":{"t":"J5"},"0BE":{"t":"P46T"},"0BF":{"t":"J3"},"0C2":{"t":"AA1"},"0C3":{"desc":"H4E"},"0CD":{"desc":"L1P"},"0D2":{"t":"B739"},"0D3":{"t":"B737"},"0DA":{"t":"BE35"},"0DB":{"t":"GLID"},"0DD":{"t":"C206"},"0E1":{"t":"GLID"},"0E5":{"desc":"L1P"},"0EA":{"t":"C172"},"0F6":{"desc":"L1P"},"0F7":{"t":"SR22"},"0FC":{"t":"C25A"},"0FF":{"desc":"L1P"},"101":{"t":"SR22"},"105":{"t":"FDCT"},"10C":{"desc":"L1P"},"10F":{"t":"BE35"},"111":{"t":"B737"},"113":{"t":"GLID"},"116":{"t":"T206"},"118":{"desc":"L1P"},"119":{"t":"A321"},"11F":{"t":"BCS3"},"126":{"desc":"L1P"},"12B":{"t":"DV20"},"135":{"t":"DA42"},"136":{"desc":"L1P"},"140":{"t":"SR20"},"14E":{"desc":"L2J","t":"A20N"},"14F":{"desc":"L1P"},"169":{"t":"B734"},"170":{"t":"J3"},"172":{"t":"B06"},"177":{"desc":"L2T"},"185":{"desc":"L1T","t":"PA46"},"18B":{"t":"E190"},"18F":{"t":"SR22"},"194":{"t":"COL4"},"19A":{"desc":"L1P"},"1A4":{"t":"CL60"},"1C6":{"t":"C77R"},"1C7":{"desc":"L1P"},"1CD":{"t":"SF50"},"1D0":{"t":"B407"},"1D4":{"desc":"L1P"},"1D5":{"t":"M7"},"1D8":{"desc":"L1P"},"1DC":{"t":"B407"},"1E0":{"t":"C172"},"1E5":{"t":"LJ45"},"201":{"t":"A319"},"207":{"t":"P28A"},"209":{"t":"B738"},"20A":{"t":"GLID"},"20E":{"t":"EC35"},"215":{"t":"CRJ9"},"217":{"t":"C152"},"218":{"t":"SR22"},"230":{"t":"E55P"},"238":{"t":"GLID"},"23A":{"desc":"L1P"},"243":{"t":"B407"},"24A":{"desc":"L1P"},"24C":{"desc":"L1P"},"254":{"t":"SR22"},"257":{"t":"FA50"},"25F":{"t":"C172"},"261":{"t":"SR22"},"263":{"desc":"H1P"},"26A":{"t":"PA18"},"26B":{"t":"SIRA"},"26C":{"desc":"L1P"},"26D":{"desc":"H2T"},"291":{"t":"B763"},"294":{"t":"A320"},"2AD":{"desc":"L2P"},"2B5":{"desc":"H1P","t":"GYRO"},"2C3":{"t":"PA24"},"2CA":{"desc":"L1P"},"2CE":{"t":"M5"},"2E6":{"desc":"H13E"},"2E7":{"desc":"L1P"},"300":{"desc":"H1T","t":"S92"},"31A":{"t":"PA44"},"31B":{"t":"C195"},"31F":{"t":"C182"},"320":{"desc":"L1T"},"321":{"t":"ERCO"},"322":{"desc":"L1P","t":"ULAC"},"323":{"t":"P46T"},"326":{"t":"C140"},"327":{"t":"BE33"},"328":{"t":"P28S"},"329":{"t":"P28R"},"32B":{"t":"BE33"},"32C":{"t":"C172"},"32D":{"t":"C150"},"32E":{"desc":"L1P"},"32F":{"t":"C150"},"330":{"t":"C182"},"332":{"t":"C177"},"333":{"t":"J3"},"338":{"t":"J3"},"33B":{"t":"C177"},"33D":{"t":"C170"},"33E":{"t":"C195"},"33F":{"desc":"L1P"},"340":{"t":"C310"},"341":{"t":"CH7A"},"347":{"t":"C310"},"349":{"t":"C120"},"34B":{"t":"C182"},"34C":{"desc":"L1T"},"34D":{"t":"C150"},"34E":{"t":"P28R"},"34F":{"desc":"L1P"},"351":{"t":"BE35"},"352":{"t":"C150"},"354":{"t":"PA18"},"358":{"t":"B788"},"35A":{"t":"C177"},"35B":{"t":"J5"},"35D":{"t":"C177"},"35E":{"t":"PA32"},"360":{"t":"C170"},"362":{"t":"BE35"},"364":{"desc":"L1P"},"365":{"t":"C182"},"368":{"t":"P32R"},"36E":{"desc":"L1P"},"370":{"t":"P32R"},"371":{"t":"P28R"},"374":{"t":"BE35"},"375":{"t":"R22"},"376":{"t":"C182"},"377":{"t":"PA18"},"378":{"t":"J3"},"37A":{"t":"BALL"},"37C":{"t":"J5"},"37D":{"t":"C177"},"37E":{"t":"J3"},"380":{"t":"C177"},"383":{"t":"C170"},"387":{"t":"C172"},"388":{"t":"P32R"},"38A":{"t":"ERCO"},"38F":{"t":"M7"},"391":{"t":"C182"},"393":{"t":"C150"},"395":{"t":"C172"},"396":{"t":"BE35"},"398":{"t":"C150"},"399":{"t":"C182"},"39A":{"t":"PA18"},"39C":{"t":"J3"},"39D":{"t":"J3"},"39E":{"t":"J3"},"39F":{"t":"C177"},"3A0":{"t":"C177"},"3A1":{"t":"C177"},"3A2":{"t":"J3"},"3A3":{"t":"C177"},"3A4":{"t":"C177"},"3A8":{"t":"BE35"},"3A9":{"t":"C310"},"3AA":{"t":"CH7A"},"3AB":{"t":"BALL"},"3AC":{"t":"B47G"},"3AE":{"t":"BALL"},"3AF":{"desc":"L1P"},"3B2":{"t":"C140"},"3B3":{"desc":"L1P","t":"LA4"},"3B4":{"t":"C182"},"3B5":{"t":"P32R"},"3B6":{"desc":"L1P","t":"ULAC"},"3B8":{"desc":"L1P"},"3B9":{"t":"BE33"},"3BA":{"t":"PA32"},"3BC":{"t":"P32R"},"3BD":{"t":"PA18"},"3BE":{"t":"C177"},"3BF":{"t":"C177"},"3C0":{"t":"T210"},"3C1":{"t":"C177"},"3C2":{"t":"J3"},"3C3":{"t":"C177"},"3C4":{"t":"C177"},"3C5":{"t":"P32R"},"3C6":{"t":"J3"},"3C9":{"t":"C170"},"3CA":{"t":"BALL"},"3CB":{"t":"BE35"},"3CC":{"t":"C310"},"3CE":{"t":"C182"},"3CF":{"t":"PA46"},"3D0":{"t":"ERCO"},"3D2":{"desc":"L1T"},"3D9":{"t":"C150"},"3DA":{"t":"BALL"},"3DE":{"desc":"L1T"},"3DF":{"t":"C182"},"3E0":{"t":"PA18"},"3E3":{"t":"J3"},"3E4":{"t":"BALL"},"3E7":{"t":"P32T"},"3E8":{"t":"CJ6"},"3E9":{"desc":"L1T"},"3ED":{"t":"P28A"},"3EE":{"t":"BE35"},"3F0":{"t":"CH7A"},"3F1":{"t":"C182"},"3F2":{"t":"B47G"},"3F3":{"desc":"L1P","t":"ULAC"},"3F4":{"t":"C150"},"3F7":{"t":"P28A"},"3F9":{"t":"P46T"},"3FA":{"t":"C182"},"3FD":{"t":"BE33"},"3FE":{"t":"C172"},"3FF":{"t":"BE35"},"400":{"t":"BE33"},"402":{"t":"C182"},"404":{"t":"J3"},"408":{"t":"ULAC"},"409":{"t":"C177"},"40A":{"t":"C177"},"40B":{"t":"C177"},"40F":{"t":"C170"},"411":{"t":"BE35"},"413":{"t":"CH7A"},"416":{"t":"ERCO"},"417":{"t":"C150"},"418":{"desc":"L1T"},"419":{"desc":"L1T"},"41A":{"t":"GLID"},"41B":{"desc":"L1P"},"41C":{"desc":"L1P"},"41E":{"t":"BALL"},"41F":{"t":"C150"},"420":{"t":"PA34"},"422":{"t":"GLID"},"423":{"t":"BE33"},"424":{"t":"C150"},"425":{"t":"C182"},"426":{"t":"PA18"},"428":{"t":"J4"},"42B":{"t":"C177"},"42C":{"t":"J4"},"42E":{"t":"C177"},"430":{"t":"C177"},"431":{"desc":"L1P"},"432":{"t":"C170"},"433":{"t":"C190"},"439":{"t":"P32R"},"43A":{"t":"C150"},"43B":{"desc":"L1T"},"43D":{"t":"PA12"},"43E":{"t":"PA46"},"444":{"t":"C172"},"446":{"t":"ULAC"},"447":{"t":"C150"},"449":{"t":"PA18"},"44C":{"desc":"H1P"},"44D":{"t":"P46T"},"44F":{"t":"J4"},"450":{"t":"J4"},"451":{"t":"ULAC"},"452":{"t":"C177"},"454":{"t":"C680"},"455":{"t":"C170"},"456":{"t":"C190"},"457":{"t":"BE35"},"458":{"t":"BALL"},"459":{"t":"P32R"},"45B":{"t":"BALL"},"45C":{"t":"ERCO"},"45D":{"t":"C150"},"45E":{"desc":"L1P"},"45F":{"t":"PA32"},"460":{"t":"BALL"},"464":{"t":"P28R"},"465":{"t":"C150"},"467":{"t":"C172"},"469":{"t":"BE35"},"46B":{"t":"C182"},"46C":{"t":"PA18"},"46D":{"t":"C177"},"46F":{"t":"J4"},"471":{"t":"C177"},"472":{"t":"J4"},"473":{"t":"J4"},"476":{"t":"P28A"},"47A":{"t":"C182"},"47D":{"desc":"L1P"},"47F":{"desc":"L1P"},"481":{"t":"C182"},"482":{"desc":"L1P"},"483":{"desc":"L1P"},"484":{"desc":"L1P"},"485":{"desc":"L1P"},"488":{"t":"C150"},"489":{"desc":"H4E"},"48A":{"t":"B06"},"48D":{"t":"C414"},"490":{"t":"C82S"},"491":{"t":"C180"},"495":{"desc":"L1P"},"496":{"desc":"L1P"},"497":{"desc":"H1P"},"498":{"t":"GLF4"},"499":{"t":"AS50"},"49A":{"t":"C177"},"49B":{"t":"P32R"},"49C":{"t":"GLID"},"49D":{"desc":"L1P"},"49E":{"desc":"L1P"},"4A1":{"desc":"L1P"},"4A2":{"t":"C414"},"4A3":{"t":"PA22"},"4A4":{"desc":"L1P"},"4A5":{"t":"AC90"},"4A7":{"t":"PA46"},"4AA":{"t":"C421"},"4AB":{"t":"CL30"},"4AC":{"t":"BALL"},"4AD":{"t":"M200"},"4AE":{"desc":"L1P"},"4B0":{"desc":"L1P"},"4B1":{"t":"BE20"},"4B2":{"desc":"L1P"},"4B3":{"t":"C525"},"4B4":{"t":"SR20"},"4B7":{"t":"C172"},"4BA":{"t":"PA31"},"4BD":{"t":"C421"},"4BE":{"t":"C560"},"4C2":{"desc":"L1P"},"4C4":{"desc":"L1P"},"4C5":{"t":"C402"},"4C6":{"desc":"L1P"},"4C7":{"t":"C182"},"4C8":{"t":"PA27"},"4CB":{"desc":"L1P"},"4CE":{"t":"M20P"},"4CF":{"t":"M20P"},"4D0":{"t":"GLID"},"4D1":{"desc":"L1P"},"4D4":{"desc":"L1P"},"4D5":{"t":"LJ31"},"4DD":{"t":"LJ31"},"4DF":{"t":"HUSK"},"4E1":{"desc":"L2P"},"4E3":{"t":"PA27"},"4E4":{"t":"RV12"},"4E5":{"desc":"L1J"},"4EA":{"t":"P46T"},"4EC":{"t":"C150"},"4F4":{"desc":"L1P"},"4F5":{"t":"C140"},"4F6":{"t":"PA27"},"4F7":{"desc":"L1P"},"4F8":{"t":"C172"},"4FC":{"t":"B47G"},"501":{"t":"BE20"},"505":{"t":"C82T"},"506":{"t":"BE35"},"50A":{"desc":"L2T"},"50C":{"desc":"L1P"},"50E":{"desc":"L2P"},"510":{"desc":"H1P"},"511":{"desc":"L1P"},"514":{"t":"GLID"},"515":{"t":"M20P"},"516":{"t":"M20T"},"517":{"t":"LJ35"},"518":{"t":"C310"},"519":{"desc":"A1P"},"51E":{"desc":"L1P"},"51F":{"t":"PA34"},"522":{"t":"GLF4"},"523":{"desc":"L1T","t":"G164"},"527":{"desc":"L1P"},"529":{"t":"GLID"},"52A":{"t":"C340"},"52B":{"t":"C525"},"52D":{"t":"B407"},"530":{"t":"R22"},"531":{"t":"LJ35"},"533":{"t":"H500"},"535":{"desc":"L2J"},"537":{"desc":"L1P"},"538":{"desc":"L1P"},"53A":{"t":"HUSK"},"53E":{"t":"HUSK"},"541":{"desc":"A1T","t":"KODI"},"542":{"t":"C172"},"545":{"t":"HA4T"},"54A":{"t":"BE35"},"54B":{"desc":"L1P"},"54C":{"desc":"L1P"},"54D":{"t":"BE9L"},"54E":{"t":"PA22"},"550":{"desc":"L1P"},"552":{"t":"AC11"},"554":{"desc":"L2T"},"555":{"t":"PA32"},"559":{"desc":"L1P"},"55A":{"t":"PA31"},"55B":{"desc":"L1P"},"55C":{"t":"C421"},"55D":{"t":"C303"},"55E":{"t":"C182"},"55F":{"desc":"L1P"},"560":{"t":"C310"},"561":{"t":"LJ31"},"563":{"desc":"L1P"},"565":{"t":"M6"},"56A":{"t":"C421"},"56B":{"t":"C421"},"56E":{"t":"T206"},"56F":{"desc":"L1P"},"572":{"t":"GLID"},"573":{"t":"P46T"},"574":{"t":"BALL"},"575":{"t":"C337"},"576":{"t":"C172"},"577":{"t":"AS50"},"57A":{"t":"P28A"},"57B":{"t":"LJ31"},"57D":{"desc":"L1P"},"582":{"t":"LJ31"},"583":{"desc":"L1P"},"585":{"t":"C172"},"587":{"t":"C500"},"589":{"desc":"L1P"},"58E":{"desc":"L1T"},"58F":{"t":"P210"},"592":{"t":"C208"},"593":{"desc":"H1T"},"594":{"t":"C182"},"596":{"desc":"L1P"},"597":{"t":"C421"},"599":{"desc":"L1P"},"59B":{"t":"C182"},"59C":{"t":"BL8"},"59D":{"t":"A119"},"5A0":{"t":"E550"},"5A3":{"desc":"L1P"},"5A4":{"desc":"L1P"},"5A5":{"t":"T28"},"5A7":{"t":"C185"},"5A8":{"t":"PA32"},"5AD":{"t":"PA31"},"5AF":{"desc":"L1P"},"5B0":{"t":"M20P"},"5B4":{"desc":"L1P"},"5B9":{"t":"PA31"},"5BF":{"t":"B407"},"5C0":{"t":"PA23"},"5C2":{"t":"M7"},"5C3":{"t":"LJ45"},"5C4":{"t":"C310"},"5C5":{"t":"ULAC"},"5C6":{"desc":"L1P"},"5C7":{"desc":"L1P"},"5C8":{"t":"C182"},"5C9":{"desc":"L1P"},"5CA":{"t":"PA31"},"5CB":{"desc":"L1P"},"5CD":{"t":"PA31"},"5CF":{"desc":"L1P"},"5D2":{"t":"PA32"},"5D4":{"desc":"L1P"},"5EA":{"t":"GLID"},"5EF":{"t":"P32T"},"5F0":{"t":"LJ35"},"5F1":{"t":"AA5"},"5F2":{"t":"PA27"},"5F3":{"t":"PA31"},"5F4":{"t":"PA32"},"5F5":{"t":"PA32"},"5F8":{"desc":"L1P"},"5FA":{"t":"GLID"},"5FB":{"t":"TBM7"},"5FC":{"desc":"L1P"},"5FD":{"desc":"L1P"},"5FF":{"desc":"L1P"},"601":{"t":"C414"},"603":{"desc":"L1P"},"604":{"t":"C172"},"605":{"t":"EC35"},"607":{"desc":"L1P"},"608":{"t":"P28A"},"60A":{"desc":"L1P"},"60B":{"t":"CH7B"},"60C":{"t":"C152"},"60D":{"t":"BL8"},"60E":{"t":"SF50"},"60F":{"desc":"L1P"},"610":{"desc":"L1P","t":"ULAC"},"611":{"t":"T206"},"612":{"t":"GLID"},"614":{"t":"M20P"},"616":{"t":"C525"},"618":{"t":"C180"},"619":{"t":"E55P"},"61A":{"t":"BE40"},"61D":{"t":"SR22"},"61E":{"t":"S22T"},"622":{"t":"PTS2"},"623":{"desc":"L1P","t":"TB0"},"625":{"desc":"L1P"},"626":{"t":"PA31"},"627":{"t":"CL30"},"628":{"desc":"L1P"},"629":{"t":"AA5"},"62A":{"desc":"L1P"},"62B":{"t":"LJ31"},"62C":{"t":"P28R"},"62E":{"desc":"L2T"},"632":{"t":"GLID"},"633":{"t":"AEST"},"634":{"t":"PA27"},"635":{"t":"PA27"},"63F":{"t":"HUSK"},"648":{"t":"R44"},"656":{"desc":"L1P"},"659":{"desc":"L1P"},"65B":{"t":"R22"},"661":{"desc":"L1P"},"663":{"t":"C337"},"664":{"t":"CH7B"},"665":{"t":"P28A"},"666":{"t":"P28R"},"66C":{"t":"GC1"},"66D":{"desc":"L1P"},"66E":{"desc":"L1P"},"66F":{"t":"BE20"},"671":{"t":"C525"},"672":{"t":"HUSK"},"673":{"desc":"L1P"},"674":{"t":"PA24"},"676":{"desc":"L1P"},"677":{"t":"SR22"},"678":{"desc":"L1P"},"67A":{"t":"BE9L"},"67E":{"t":"C72R"},"683":{"t":"HUSK"},"685":{"t":"BL8"},"688":{"t":"GLID"},"689":{"t":"GLID"},"690":{"t":"P28S"},"693":{"desc":"L1P"},"695":{"desc":"H1P"},"697":{"t":"GLID"},"69B":{"t":"B350"},"69E":{"t":"BE95"},"69F":{"t":"LJ31"},"6A0":{"t":"C182"},"6A4":{"t":"BL8"},"6A8":{"t":"C310"},"6AA":{"desc":"L1P"},"6B6":{"desc":"L1T"},"6B7":{"t":"P337"},"6B8":{"desc":"L1P"},"6C7":{"desc":"L1P"},"6C8":{"t":"PAY2"},"6CB":{"t":"LJ31"},"6CF":{"t":"H25B"},"6D1":{"t":"B47G"},"6D4":{"t":"C310"},"6D5":{"t":"C310"},"6D7":{"t":"C310"},"6D8":{"t":"B738"},"6D9":{"t":"C310"},"6DA":{"t":"C310"},"6DD":{"t":"C310"},"6E1":{"t":"C310"},"6E3":{"t":"C310"},"6E6":{"t":"C310"},"6EB":{"t":"C310"},"6EC":{"t":"C310"},"6EE":{"t":"C310"},"6F0":{"t":"C310"},"6F1":{"t":"C310"},"6F3":{"t":"C310"},"6F5":{"t":"C310"},"6F6":{"t":"C310"},"6F7":{"t":"C680"},"6FB":{"t":"C310"},"6FD":{"t":"PA46"},"6FE":{"t":"C310"},"6FF":{"desc":"L1P"},"705":{"t":"C310"},"706":{"t":"C310"},"707":{"t":"C310"},"708":{"t":"C310"},"709":{"t":"C310"},"70A":{"t":"C310"},"70B":{"t":"C208"},"70C":{"t":"C310"},"70D":{"t":"C310"},"70E":{"t":"C310"},"70F":{"t":"C310"},"715":{"t":"C310"},"716":{"t":"BALL"},"718":{"t":"C310"},"71C":{"t":"C310"},"71D":{"t":"C310"},"71E":{"t":"C310"},"71F":{"t":"C310"},"720":{"desc":"L1P"},"721":{"t":"B737"},"722":{"t":"C310"},"723":{"t":"GLID"},"724":{"t":"C310"},"725":{"t":"GLID"},"727":{"t":"C310"},"729":{"t":"A321"},"72D":{"t":"C310"},"737":{"t":"C310"},"738":{"t":"BE58"},"739":{"t":"C310"},"73B":{"t":"P28A"},"73C":{"t":"C25B"},"73E":{"t":"GLF4"},"73F":{"t":"C310"},"740":{"t":"GLF4"},"741":{"t":"PA46"},"745":{"t":"C310"},"746":{"t":"C310"},"749":{"t":"PA32"},"74A":{"t":"C310"},"74F":{"t":"C310"},"751":{"t":"C310"},"755":{"t":"C310"},"756":{"t":"C310"},"757":{"t":"C310"},"759":{"t":"SR22"},"75C":{"t":"C310"},"75E":{"desc":"L2J","t":"A20N"},"75F":{"t":"C172"},"763":{"t":"M20T"},"769":{"desc":"L2T","t":"BE18"},"76A":{"t":"C310"},"76E":{"t":"C310"},"770":{"t":"C310"},"776":{"t":"C310"},"777":{"t":"C310"},"778":{"t":"P28A"},"77B":{"t":"E55P"},"77C":{"t":"C310"},"782":{"t":"C310"},"783":{"t":"C310"},"784":{"t":"C310"},"786":{"t":"C310"},"78C":{"t":"C310"},"791":{"t":"C310"},"799":{"t":"C310"},"79A":{"t":"C310"},"79B":{"t":"C310"},"79F":{"t":"SR22"},"7A0":{"t":"C310"},"7A1":{"t":"T6"},"7A3":{"t":"P46T"},"7A4":{"desc":"L1P","t":"LA4"},"7A5":{"t":"R66"},"7A6":{"t":"C310"},"7A7":{"t":"C310"},"7AB":{"t":"C310"},"7AE":{"t":"C310"},"7B4":{"desc":"L1P"},"7B5":{"t":"C310"},"7B6":{"t":"R22"},"7BC":{"t":"C310"},"7BE":{"t":"C310"},"7C0":{"t":"AT6T"},"7C4":{"t":"C310"},"7CB":{"desc":"L1P"},"7CC":{"t":"C310"},"7CD":{"t":"C310"},"7CE":{"t":"C310"},"7CF":{"t":"C310"},"7D0":{"t":"C310"},"7D2":{"t":"C310"},"7D3":{"t":"C310"},"7D4":{"t":"LJ45"},"7D7":{"t":"C310"},"7D9":{"t":"C310"},"7DB":{"t":"C310"},"7DC":{"desc":"A1P"},"7DD":{"t":"C310"},"7E4":{"t":"C310"},"7E7":{"t":"C310"},"7E8":{"t":"C310"},"7EB":{"t":"C310"},"7EC":{"t":"C310"},"7EE":{"t":"C310"},"7EF":{"t":"C310"},"7F0":{"t":"C310"},"7F1":{"t":"C310"},"7F2":{"t":"B212"},"7F5":{"t":"C310"},"7F6":{"t":"C310"},"7F9":{"t":"C310"},"7FD":{"t":"C310"},"801":{"t":"C310"},"809":{"desc":"L1P"},"80D":{"desc":"L1P"},"811":{"t":"A319"},"815":{"t":"C310"},"818":{"t":"R44"},"81A":{"t":"AA5"},"81B":{"t":"C310"},"81D":{"t":"PA31"},"81E":{"t":"C310"},"81F":{"t":"LJ35"},"820":{"t":"C310"},"821":{"t":"C310"},"822":{"t":"C310"},"824":{"t":"SR22"},"825":{"t":"CRJ9"},"827":{"t":"C310"},"82E":{"t":"C310"},"831":{"t":"C310"},"833":{"t":"C310"},"840":{"t":"E55P"},"848":{"t":"C310"},"84B":{"t":"C310"},"84C":{"t":"C310"},"84E":{"desc":"L2J","t":"B38M"},"84F":{"t":"C310"},"850":{"t":"PC12"},"853":{"t":"C310"},"854":{"t":"C310"},"858":{"t":"C310"},"859":{"t":"C310"},"861":{"t":"C310"},"862":{"t":"SR22"},"865":{"t":"UH1"},"867":{"t":"C310"},"868":{"t":"C310"},"869":{"desc":"L1P"},"86B":{"t":"C310"},"86C":{"t":"C310"},"86D":{"t":"SR22"},"86F":{"desc":"H1T"},"871":{"t":"C310"},"874":{"t":"SR20"},"875":{"t":"C310"},"876":{"t":"AS50"},"87A":{"t":"PA18"},"87B":{"t":"C310"},"87C":{"t":"C310"},"87D":{"t":"C310"},"87E":{"desc":"L1P"},"881":{"t":"C310"},"883":{"t":"C310"},"884":{"t":"CL60"},"885":{"t":"C310"},"886":{"t":"C310"},"887":{"t":"SR22"},"888":{"t":"C310"},"88B":{"t":"C310"},"88C":{"t":"C310"},"88E":{"t":"BE36"},"88F":{"t":"C310"},"890":{"t":"BE30"},"891":{"t":"C310"},"892":{"t":"GLF5"},"893":{"t":"F2TH"},"894":{"desc":"H6E"},"896":{"desc":"L1P"},"897":{"t":"C310"},"89D":{"t":"C310"},"8A1":{"t":"B763"},"8A7":{"desc":"L1P"},"8AC":{"t":"C310"},"8AF":{"t":"C310"},"8B0":{"t":"C310"},"8B3":{"t":"C310"},"8B8":{"t":"C82T"},"8BA":{"t":"SR22"},"8C4":{"t":"CL30"},"8C6":{"t":"BL8"},"8C8":{"t":"C310"},"8C9":{"t":"C310"},"8CC":{"t":"C310"},"8CE":{"t":"C310"},"8CF":{"desc":"L1P"},"8D2":{"t":"C310"},"8D3":{"t":"C310"},"8D6":{"t":"C310"},"8D9":{"t":"C310"},"8DA":{"t":"C310"},"8DE":{"t":"C310"},"8EC":{"t":"C310"},"8EE":{"t":"C310"},"910":{"t":"C310"},"91C":{"t":"B350"},"929":{"desc":"L1P"},"92B":{"t":"BE33"},"92C":{"t":"C180"},"92D":{"t":"C180"},"92F":{"t":"C182"},"930":{"t":"T6"},"931":{"t":"ERCO"},"935":{"t":"PA12"},"938":{"t":"P28S"},"939":{"t":"C182"},"93A":{"t":"C182"},"93E":{"t":"BALL"},"940":{"t":"C182"},"942":{"t":"J5"},"945":{"t":"J3"},"946":{"t":"J3"},"947":{"t":"J3"},"948":{"desc":"L1P"},"949":{"t":"M20P"},"94A":{"t":"P32R"},"94B":{"t":"BALL"},"94D":{"t":"C170"},"94F":{"t":"C180"},"951":{"t":"CH7A"},"952":{"t":"BALL"},"955":{"t":"C150"},"957":{"t":"ULAC"},"958":{"t":"PA12"},"95E":{"t":"C310"},"960":{"t":"BE35"},"961":{"t":"BE55"},"962":{"t":"C150"},"963":{"t":"C182"},"967":{"t":"J3"},"96A":{"t":"BALL"},"96C":{"t":"J3"},"96E":{"desc":"L3J"},"970":{"t":"BALL"},"972":{"t":"BE33"},"973":{"t":"C180"},"975":{"t":"C182"},"976":{"desc":"L1P"},"979":{"t":"BALL"},"97B":{"t":"PA12"},"97C":{"t":"C120"},"97F":{"t":"P32R"},"980":{"t":"BALL"},"983":{"t":"BALL"},"984":{"t":"BE35"},"985":{"t":"C150"},"986":{"t":"BALL"},"987":{"desc":"L1P"},"988":{"t":"J5"},"989":{"t":"BALL"},"98C":{"t":"BALL"},"98D":{"t":"J5"},"98E":{"t":"J3"},"990":{"t":"J3"},"995":{"t":"C180"},"997":{"t":"PA44"},"998":{"t":"C182"},"999":{"t":"B47G"},"99B":{"t":"C150"},"99E":{"t":"PA12"},"99F":{"t":"C140"},"9A0":{"desc":"L1P"},"9A6":{"t":"C150"},"9A7":{"t":"BALL"},"9AD":{"t":"BALL"},"9B0":{"t":"J3"},"9B1":{"desc":"L1P"},"9B3":{"t":"J5"},"9B5":{"desc":"L1P"},"9B7":{"desc":"L1P"},"9B8":{"t":"PA44"},"9B9":{"t":"CJ6"},"9BB":{"t":"C182"},"9BC":{"desc":"L1P"},"9C2":{"t":"C120"},"9C4":{"t":"C182"},"9C6":{"desc":"L1P"},"9C8":{"t":"R22"},"9CA":{"desc":"L1T"},"9CC":{"desc":"L1T"},"9CF":{"t":"J3"},"9D0":{"t":"ULAC"},"9D1":{"t":"J3"},"9D5":{"t":"J3"},"9D7":{"t":"J3"},"9DC":{"t":"C180"},"9DD":{"desc":"L1T"},"9DE":{"t":"C182"},"9DF":{"t":"B47G"},"9E0":{"t":"ERCO"},"9E1":{"t":"BALL"},"9E9":{"t":"C182"},"9EA":{"t":"C177"},"9EB":{"desc":"L1T"},"9EC":{"desc":"L1T"},"9ED":{"t":"BE36"},"9EF":{"t":"C182"},"9F3":{"desc":"H1P"},"9F8":{"t":"J5"},"9FA":{"t":"BALL"},"9FD":{"t":"C170"},"9FE":{"t":"C180"},"9FF":{"t":"BE33"},"A00":{"t":"CH7A"},"A02":{"t":"UH12"},"A03":{"t":"ULAC"},"A0A":{"t":"C182"},"A0C":{"desc":"L1P"},"A0D":{"t":"BALL"},"A0E":{"t":"C182"},"A12":{"t":"BALL"},"A16":{"t":"P46T"},"A17":{"desc":"L1P"},"A18":{"t":"BALL"},"A19":{"t":"J3"},"A1B":{"t":"J3"},"A1C":{"t":"J3"},"A1D":{"desc":"H1P"},"A1F":{"t":"C170"},"A23":{"desc":"L1P"},"A25":{"t":"UH12"},"A26":{"t":"BALL"},"A28":{"t":"BALL"},"A2A":{"t":"PA12"},"A2B":{"t":"B06"},"A2D":{"t":"C182"},"A30":{"t":"C177"},"A31":{"t":"C182"},"A32":{"desc":"L1P","t":"ULAC"},"A34":{"t":"C150"},"A35":{"t":"C182"},"A36":{"t":"PA22"},"A38":{"t":"J5"},"A39":{"t":"BALL"},"A3B":{"t":"BE33"},"A3C":{"t":"BE36"},"A3E":{"t":"BALL"},"A3F":{"t":"M7"},"A40":{"t":"B06"},"A42":{"t":"CH7A"},"A43":{"desc":"L2T"},"A44":{"t":"PA34"},"A45":{"t":"C180"},"A47":{"t":"C172"},"A4A":{"t":"C150"},"A4B":{"t":"BALL"},"A4C":{"t":"BE33"},"A4D":{"t":"PA12"},"A4E":{"t":"BE33"},"A50":{"t":"C182"},"A51":{"t":"C182"},"A52":{"t":"C182"},"A54":{"t":"C182"},"A57":{"t":"R44"},"A59":{"t":"PA22"},"A5A":{"t":"BALL"},"A5C":{"t":"P28A"},"A5E":{"t":"C206"},"A60":{"t":"J3"},"A61":{"t":"PA32"},"A63":{"t":"J3"},"A66":{"t":"BALL"},"A67":{"t":"BE36"},"A68":{"t":"BT36"},"A69":{"t":"CH7A"},"A6D":{"t":"C150"},"A71":{"t":"BALL"},"A72":{"t":"P28R"},"A73":{"t":"C182"},"A74":{"t":"C182"},"A76":{"t":"C177"},"A77":{"t":"C182"},"A79":{"t":"BE55"},"A7B":{"t":"M7"},"A7C":{"t":"PA22"},"A7E":{"t":"J3"},"A7F":{"t":"J3"},"A81":{"t":"BALL"},"A85":{"t":"BALL"},"A87":{"desc":"L1P"},"A8C":{"t":"C310"},"A8D":{"t":"B06"},"A8F":{"desc":"L3J","t":"B721"},"A92":{"t":"HUSK"},"A94":{"t":"C182"},"A95":{"t":"BE60"},"A9A":{"t":"AS50"},"AA0":{"t":"B763"},"AA1":{"t":"BE35"},"AA2":{"t":"GLID"},"AA3":{"t":"PA27"},"AA4":{"t":"C421"},"AA8":{"t":"BE35"},"AAB":{"t":"L8"},"AAC":{"t":"PA18"},"AAF":{"t":"FA50"},"AB3":{"t":"C414"},"ABA":{"t":"S108"},"ABB":{"t":"C421"},"ABC":{"desc":"L1P"},"ABE":{"t":"ULAC"},"AC0":{"t":"C185"},"AC1":{"t":"GLF6"},"AC2":{"t":"BE58"},"AC4":{"t":"AA5"},"AC5":{"desc":"L1P"},"AC6":{"desc":"L1P"},"ACA":{"desc":"L1P"},"ACB":{"t":"C550"},"ACC":{"t":"BE36"},"ACE":{"t":"SF50"},"ACF":{"t":"BALL"},"AD0":{"desc":"H4E"},"AD3":{"desc":"L1P"},"AD5":{"t":"S22T"},"AD6":{"t":"BE55"},"AD7":{"t":"BE50"},"ADA":{"t":"GLID"},"AE0":{"t":"A321"},"AE1":{"t":"GLID"},"AE8":{"desc":"L1P","t":"ULAC"},"AEB":{"t":"ULAC"},"AEC":{"t":"PA12"},"AED":{"desc":"L1P","t":"ULAC"},"AEF":{"t":"M5"},"AF1":{"t":"E55P"},"AF2":{"t":"PA44"},"AF4":{"t":"C172"},"AF7":{"t":"GLF4"},"AFC":{"t":"DA42"},"AFD":{"desc":"L1P"},"B00":{"t":"MD90"},"B02":{"t":"E300"},"B05":{"t":"B06"},"B08":{"t":"CL30"},"B0A":{"t":"DC10"},"B0D":{"desc":"L1P"},"B10":{"t":"H25B"},"B13":{"t":"SR20"},"B15":{"desc":"L2J","t":"A20N"},"B16":{"t":"S22T"},"B17":{"t":"BE55"},"B1A":{"t":"M20T"},"B1E":{"t":"P28A"},"B20":{"t":"H269"},"B21":{"t":"BE9T"},"B29":{"t":"C525"},"B2C":{"desc":"L1P"},"B2E":{"t":"C310"},"B2F":{"t":"CL30"},"B30":{"t":"B734"},"B39":{"t":"C172"},"B45":{"t":"C182"},"B48":{"t":"BE40"},"B50":{"desc":"L2P"},"B51":{"t":"F900"},"B52":{"t":"P210"},"B55":{"t":"PA27"},"B56":{"t":"PA46"},"B57":{"desc":"L1P"},"B58":{"t":"C421"},"B5A":{"desc":"L1P"},"B5B":{"t":"S22T"},"B64":{"t":"BE40"},"B65":{"t":"BE35"},"B66":{"t":"F2TH"},"B69":{"t":"PA18"},"B6A":{"desc":"A1P"},"B6B":{"t":"F900"},"B6F":{"t":"PA46"},"B70":{"desc":"L1P"},"B75":{"t":"C340"},"B76":{"t":"SR22"},"B7B":{"desc":"L1P"},"B82":{"desc":"L1P"},"B83":{"desc":"L1P"},"B84":{"t":"M20P"},"B85":{"desc":"L1P","t":"ULAC"},"B87":{"desc":"L1P"},"B8A":{"t":"DA42"},"B8D":{"desc":"L1P"},"B90":{"desc":"H4E"},"B93":{"t":"SR20"},"B9A":{"desc":"L1P"},"B9C":{"t":"M20T"},"B9D":{"t":"C56X"},"B9F":{"t":"RV12"},"BA3":{"t":"B06"},"BA4":{"t":"B350"},"BA5":{"t":"GALX"},"BA7":{"t":"C82R"},"BA9":{"t":"GLID"},"BAD":{"desc":"L1P"},"BB0":{"t":"BE33"},"BB4":{"t":"BE60"},"BB6":{"t":"GLEX"},"BC8":{"t":"A319"},"BCD":{"t":"L8"},"BCE":{"desc":"H6E"},"BD0":{"t":"M20T"},"BD1":{"t":"M20P"},"BD3":{"desc":"L1P"},"BD4":{"t":"BE36"},"BD5":{"t":"EC35"},"BD6":{"t":"BE33"},"BD9":{"t":"BL8"},"BDC":{"t":"CRJ9"},"BDE":{"t":"PTS2"},"BDF":{"desc":"L1P"},"BE2":{"desc":"L2P"},"BE6":{"t":"PA18"},"BF7":{"t":"C680"},"BFF":{"t":"BE35"},"C00":{"desc":"L1P"},"C01":{"desc":"L1P"},"C05":{"t":"E135"},"C06":{"desc":"L1P"},"C07":{"desc":"L1P"},"C09":{"t":"SR20"},"C0B":{"desc":"H1P"},"C0D":{"desc":"L1P"},"C10":{"desc":"L4J"},"C11":{"t":"ULAC"},"C13":{"desc":"L1P"},"C14":{"t":"C310"},"C18":{"t":"PA30"},"C1A":{"t":"C182"},"C1D":{"t":"PA32"},"C1E":{"t":"C182"},"C1F":{"t":"C150"},"C20":{"t":"B06"},"C22":{"t":"C310"},"C23":{"desc":"L1P","t":"ULAC"},"C29":{"t":"PA24"},"C2C":{"desc":"L1P"},"C31":{"t":"PA18"},"C32":{"t":"AA5"},"C34":{"t":"S22T"},"C35":{"t":"SR22"},"C38":{"t":"T206"},"C39":{"desc":"L1P"},"C3A":{"t":"BE9L"},"C3B":{"t":"GLF5"},"C3C":{"t":"C182"},"C3E":{"t":"M20T"},"C3F":{"t":"C501"},"C47":{"t":"ECHO"},"C4A":{"desc":"L1P"},"C58":{"t":"B763"},"C64":{"t":"RV12"},"C6C":{"t":"SF50"},"C6F":{"t":"PC12"},"C71":{"t":"C501"},"C75":{"desc":"H1T"},"C76":{"t":"C68A"},"C78":{"t":"PA31"},"C7F":{"t":"M20P"},"C83":{"t":"S76"},"C8E":{"desc":"L1P"},"C95":{"t":"M20P"},"CAB":{"t":"S22T"},"CB1":{"t":"B06"},"CC7":{"t":"BE33"},"CE0":{"t":"GLID"},"CE1":{"t":"BE55"},"CE3":{"t":"BALL"},"CE5":{"t":"BALL"},"CEB":{"t":"C310"},"CED":{"t":"BALL"},"CEE":{"desc":"L2J"},"CEF":{"t":"CJ6"},"CF1":{"t":"BALL"},"CF2":{"t":"P46T"},"CF4":{"t":"BALL"},"CF5":{"t":"CJ6"},"CF6":{"t":"BALL"},"CF7":{"t":"M7"},"CF8":{"t":"PA22"},"CFA":{"t":"CJ6"},"CFB":{"t":"BALL"},"CFC":{"t":"CJ6"},"CFD":{"t":"J3"},"D00":{"t":"CJ6"},"D02":{"desc":"H1P"},"D03":{"t":"BE18"},"D06":{"t":"PA32"},"D07":{"t":"BE36"},"D08":{"t":"CH7A"},"D09":{"t":"C182"},"D0B":{"t":"BE33"},"D0C":{"t":"BE33"},"D0D":{"t":"PA44"},"D0F":{"t":"PA12"},"D10":{"t":"C140"},"D11":{"t":"ULAC"},"D13":{"t":"C182"},"D14":{"t":"C182"},"D16":{"t":"C182"},"D17":{"t":"BE35"},"D18":{"t":"BE35"},"D1C":{"t":"PA34"},"D1F":{"t":"BALL"},"D22":{"t":"WACF"},"D23":{"t":"J3"},"D24":{"t":"J3"},"D25":{"desc":"L1P"},"D28":{"t":"C170"},"D29":{"t":"C180"},"D2A":{"t":"C180"},"D2B":{"t":"CH7A"},"D2E":{"t":"ERCO"},"D30":{"t":"SR22"},"D31":{"t":"C310"},"D33":{"t":"C120"},"D35":{"t":"P28B"},"D36":{"t":"C182"},"D37":{"t":"C182"},"D39":{"t":"C182"},"D3B":{"t":"PA32"},"D3C":{"t":"BE33"},"D3D":{"t":"BE36"},"D3E":{"t":"PA22"},"D40":{"t":"BE36"},"D41":{"t":"P32R"},"D43":{"desc":"L1P"},"D44":{"t":"J5"},"D45":{"t":"J3"},"D48":{"t":"J3"},"D4A":{"t":"M7"},"D4B":{"desc":"A1P","t":"ULAC"},"D4D":{"t":"C180"},"D50":{"t":"BE33"},"D51":{"t":"WACF"},"D53":{"t":"M4"},"D55":{"t":"M7"},"D56":{"t":"BE33"},"D58":{"t":"C182"},"D59":{"t":"C182"},"D5A":{"desc":"L1P"},"D5B":{"t":"BALL"},"D5C":{"t":"C182"},"D5D":{"t":"BE35"},"D5F":{"t":"C150"},"D60":{"t":"C182"},"D63":{"t":"E45X"},"D64":{"t":"ULAC"},"D65":{"t":"M7"},"D68":{"t":"R44"},"D69":{"desc":"L1P"},"D6D":{"t":"P32R"},"D6F":{"t":"M7"},"D71":{"t":"CH7A"},"D72":{"t":"PA22"},"D73":{"t":"SW4"},"D75":{"t":"C150"},"D76":{"desc":"L1P"},"D77":{"t":"C310"},"D78":{"t":"PA12"},"D79":{"t":"C120"},"D7A":{"desc":"L1P"},"D7B":{"t":"C182"},"D7C":{"t":"C182"},"D7E":{"t":"C177"},"D80":{"t":"BE35"},"D81":{"t":"SR22"},"D82":{"t":"PA32"},"D83":{"t":"BE36"},"D85":{"t":"ERCO"},"D88":{"t":"BE36"},"D8A":{"t":"P46T"},"D8B":{"t":"T210"},"D8F":{"desc":"L1P"},"D90":{"desc":"L1P"},"D91":{"t":"C170"},"D92":{"t":"ULAC"},"D93":{"t":"C180"},"D94":{"t":"CH7A"},"D95":{"t":"C182"},"D97":{"t":"ULAC"},"D9A":{"desc":"L1P"},"D9C":{"t":"C140"},"D9E":{"t":"C182"},"DA0":{"t":"C182"},"DA1":{"t":"R44"},"DA3":{"t":"C150"},"DA4":{"t":"BE36"},"DA8":{"t":"J3"},"DA9":{"desc":"L1P"},"DAD":{"t":"J3"},"DB1":{"t":"J3"},"DB2":{"desc":"L1P"},"DB3":{"t":"C170"},"DB5":{"t":"P32R"},"DB6":{"desc":"L1P"},"DB8":{"t":"ULAC"},"DB9":{"t":"B47G"},"DBF":{"t":"SW4"},"DC1":{"t":"M7"},"DC2":{"t":"C182"},"DC3":{"t":"C182"},"DC7":{"t":"BE36"},"DC8":{"t":"C150"},"DC9":{"t":"C182"},"DCB":{"t":"J3"},"DCC":{"desc":"L1P"},"DCD":{"desc":"L1P","t":"ULAC"},"DD0":{"t":"J5"},"DD2":{"t":"J3"},"DD4":{"desc":"L1P"},"DD6":{"t":"PA44"},"DD8":{"desc":"L1P"},"DD9":{"t":"C180"},"DDA":{"t":"CH7A"},"DDB":{"t":"C182"},"DDC":{"desc":"L1P"},"DDD":{"desc":"H1P"},"DDE":{"t":"PA46"},"DDF":{"t":"P32R"},"DE0":{"t":"PA44"},"DE1":{"t":"M7"},"DE2":{"desc":"L1P","t":"ULAC"},"DE4":{"t":"P32R"},"DE6":{"t":"P46T"},"DE7":{"t":"M7"},"DE9":{"t":"P46T"},"DEC":{"t":"ULAC"},"DED":{"t":"PA22"},"DEF":{"t":"SW4"},"DF3":{"t":"J3"},"DF6":{"t":"J3"},"DF9":{"desc":"L1P"},"DFB":{"t":"M7"},"DFC":{"t":"C180"},"DFD":{"t":"CH7A"},"DFE":{"t":"C182"},"DFF":{"desc":"L1P"},"E02":{"t":"M7"},"E03":{"t":"BALL"},"E07":{"t":"C182"},"E08":{"t":"C182"},"E09":{"t":"C182"},"E0A":{"t":"C177"},"E0B":{"t":"C182"},"E0C":{"t":"C150"},"E0E":{"t":"C150"},"E0F":{"t":"C182"},"E10":{"t":"PA22"},"E18":{"t":"BALL"},"E19":{"t":"J3"},"E1C":{"t":"C170"},"E21":{"t":"C182"},"E23":{"t":"BALL"},"E24":{"t":"C150"},"E25":{"t":"R44"},"E26":{"desc":"L1P"},"E29":{"t":"PA23"},"E2B":{"t":"C182"},"E2C":{"t":"C182"},"E2D":{"t":"BE36"},"E2F":{"t":"BE35"},"E31":{"desc":"L1P"},"E33":{"t":"PA22"},"E37":{"t":"J4"},"E38":{"t":"J4"},"E3A":{"t":"J4"},"E3B":{"t":"R44"},"E3C":{"t":"J4"},"E40":{"t":"B762"},"E41":{"t":"P28S"},"E42":{"desc":"L1P","t":"ULAC"},"E43":{"t":"SR22"},"E45":{"t":"GLEX"},"E49":{"t":"PA31"},"E4A":{"t":"B752"},"E4B":{"t":"C77R"},"E4D":{"t":"SR22"},"E4F":{"t":"SR20"},"E50":{"t":"T28"},"E51":{"t":"GLF6"},"E53":{"t":"M20P"},"E57":{"t":"SR20"},"E58":{"desc":"H1T"},"E59":{"t":"SR20"},"E5A":{"t":"ULAC"},"E5B":{"t":"PC12"},"E5C":{"t":"AC11"},"E61":{"desc":"L1P"},"E66":{"t":"R44"},"E6D":{"desc":"L1P"},"E72":{"t":"P28R"},"E73":{"t":"BALL"},"E74":{"t":"PA18"},"E75":{"t":"PA31"},"E76":{"t":"R66"},"E7C":{"t":"C172"},"E7D":{"t":"BE76"},"E7E":{"t":"P28U"},"E7F":{"t":"SR22"},"E81":{"t":"BE36"},"E82":{"t":"C310"},"E86":{"t":"BE58"},"E8A":{"t":"M20P"},"E8B":{"t":"SR22"},"E8C":{"t":"C56X"},"E8D":{"t":"WACO"},"E8E":{"t":"SR20"},"E8F":{"t":"BE30"},"E90":{"desc":"L1P"},"E93":{"desc":"L1P","t":"ULAC"},"E96":{"desc":"L2J"},"E97":{"t":"A321"},"E98":{"t":"R44"},"E9B":{"t":"F900"},"EA0":{"t":"S22T"},"EA3":{"t":"RV12"},"EA4":{"t":"CL30"},"EA6":{"desc":"L2P"},"EAE":{"t":"GLF4"},"EB3":{"t":"DA42"},"EBC":{"desc":"L1P"},"EBE":{"t":"AT6T"},"EC1":{"t":"DC10"},"EC7":{"t":"E55P"},"EC8":{"desc":"L1P"},"ECA":{"t":"SR22"},"ECC":{"desc":"L2J","t":"A20N"},"ECF":{"t":"H25B"},"ED5":{"desc":"L1P"},"EDA":{"t":"S22T"},"EDF":{"t":"BE40"},"EE6":{"t":"C550"},"EE9":{"t":"E55P"},"EEE":{"t":"S22T"},"EF1":{"t":"CL30"},"F09":{"t":"SR22"},"F0A":{"t":"GLF4"},"F0B":{"desc":"L1P"},"F0E":{"t":"COL4"},"F10":{"t":"S22T"},"F12":{"desc":"L1P"},"F13":{"desc":"L1P"},"F15":{"t":"B06"},"F19":{"desc":"L1P"},"F1B":{"desc":"L1T"},"F21":{"desc":"H1T"},"F23":{"desc":"L1P"},"F24":{"t":"GLID"},"F2A":{"t":"T206"},"F30":{"t":"RV12"},"F39":{"desc":"L1P"},"F3A":{"t":"AT5T"},"F3B":{"t":"BALL"},"F3C":{"t":"BE36"},"F3E":{"desc":"L1P"},"F40":{"t":"LJ35"},"F43":{"t":"GLID"},"F44":{"desc":"L1P"},"F45":{"desc":"L1P","t":"ULAC"},"F52":{"t":"C175"},"F53":{"t":"LJ45"},"F54":{"t":"BE10"},"F55":{"desc":"A1P"},"F5A":{"t":"B407"},"F5C":{"t":"RV12"},"F5E":{"t":"PA25"},"F61":{"t":"A320"},"F67":{"desc":"L1P","t":"ULAC"},"F68":{"t":"C310"},"F6A":{"t":"RV12"},"F6E":{"t":"C550"},"F72":{"t":"SR22"},"F76":{"t":"B06"},"F77":{"t":"NAVI"},"F7F":{"t":"A319"},"F84":{"t":"GLF5"},"F85":{"t":"PA44"},"F87":{"t":"PC12"},"F88":{"t":"C172"},"F8C":{"t":"EC35"},"F8F":{"desc":"L1P"},"F90":{"t":"PC12"},"F94":{"desc":"A1P","t":"ULAC"},"F95":{"t":"PTS2"},"F96":{"desc":"L1P","t":"ULAC"},"F98":{"t":"F900"},"F99":{"t":"RV12"},"F9A":{"t":"SR22"},"F9C":{"desc":"L1P"},"FAE":{"t":"E55P"},"FB7":{"desc":"L1P"},"FB8":{"desc":"L1P"},"FBA":{"t":"RV12"},"FBC":{"desc":"L1P"},"FBE":{"desc":"L1P"},"FC0":{"t":"S22T"},"FC1":{"t":"B350"},"FC2":{"t":"C182"},"FC7":{"desc":"L1T"},"FCC":{"t":"EC35"},"FD1":{"t":"C25A"},"FD2":{"t":"T210"},"FD3":{"t":"AS50"},"FD8":{"t":"H25B"},"FDA":{"desc":"L1P"},"FDB":{"t":"C172"},"FDD":{"t":"C182"},"FDF":{"t":"SR22"},"FE1":{"t":"B407"},"FE3":{"desc":"L1P"},"FE8":{"t":"PA18"},"FE9":{"t":"C172"},"FEB":{"desc":"L1P"},"FEC":{"t":"C172"},"FEE":{"desc":"L1P"},"FF1":{"t":"GLID"},"FF2":{"t":"GLID"},"FF3":{"t":"LJ31"},"FF4":{"t":"P28A"},"FF5":{"t":"M20T"},"FF8":{"desc":"L1P"},"FF9":{"t":"CH7B"},"FFA":{"t":"TBM7"},"FFD":{"desc":"L1P"}}