{"001":{"desc":"L1P"},"00F":{"t":"B763"},"012":{"t":"A320"},"01A":{"desc":"L1P"},"020":{"t":"U21"},"026":{"desc":"L1P"},"036":{"t":"SR20"},"03A":{"t":"S22T"},"03F":{"t":"FA50"},"044":{"desc":"L1P"},"048":{"desc":"L2T"},"04D":{"desc":"L1P"},"07E":{"t":"BE33"},"081":{"t":"S92"},"097":{"desc":"L1P"},"099":{"t":"C170"},"09A":{"t":"BALL"},"09B":{"t":"ULAC"},"09C":{"t":"P32R"},"09D":{"t":"C182"},"0A3":{"t":"BE33"},"0A4":{"t":"C120"},"0A6":{"t":"C182"},"0A9":{"t":"P32R"},"0AC":{"t":"BE55"},"0AD":{"desc":"L1P","t":"ULAC"},"0AE":{"t":"BALL"},"0AF":{"t":"PA22"},"0B0":{"t":"M7"},"0B3":{"desc":"L1P"},"0B4":{"t":"ULAC"},"0B7":{"desc":"L1P"},"0B9":{"desc":"L1P"},"0BA":{"desc":"A1T"},"0BC":{"t":"J5"},"0BD":{"t":"BE36"},"0BE":{"t":"C180"},"0C0":{"t":"C182"},"0C1":{"t":"BALL"},"0C2":{"t":"ERCO"},"0C5":{"desc":"L1P"},"0C9":{"t":"H500"},"0CC":{"t":"C177"},"0CE":{"t":"P28A"},"0CF":{"t":"BE58"},"0D0":{"t":"BALL"},"0D1":{"t":"C182"},"0D5":{"t":"GLID"},"0D6":{"desc":"L1P"},"0D9":{"desc":"H1P"},"0DC":{"desc":"L1P","t":"ULAC"},"0DE":{"t":"C170"},"0DF":{"desc":"L1P"},"0E1":{"t":"BALL"},"0E2":{"t":"P28A"},"0E6":{"t":"C150"},"0E8":{"t":"C310"},"0E9":{"t":"BT36"},"0EB":{"desc":"L1P","t":"LA4"},"0ED":{"t":"BE58"},"0EE":{"t":"C182"},"0F0":{"t":"BE36"},"0F4":{"t":"C182"},"0F6":{"t":"BALL"},"0F8":{"t":"P32R"},"0FC":{"t":"BALL"},"0FE":{"t":"M7"},"103":{"t":"C180"},"104":{"t":"ULAC"},"105":{"t":"C172"},"10C":{"t":"PA12"},"10F":{"t":"C182"},"110":{"t":"C182"},"111":{"t":"C182"},"113":{"t":"BALL"},"114":{"t":"C150"},"115":{"t":"BE36"},"116":{"t":"C150"},"117":{"t":"C182"},"118":{"t":"PA22"},"11D":{"desc":"H1P"},"11E":{"desc":"A2P"},"124":{"t":"C170"},"127":{"t":"C180"},"129":{"t":"C182"},"133":{"t":"C182"},"137":{"desc":"L2P"},"138":{"t":"BE58"},"13B":{"t":"BALL"},"13C":{"desc":"A1P"},"13D":{"t":"P32R"},"13E":{"t":"BALL"},"141":{"t":"C310"},"142":{"t":"ULAC"},"145":{"t":"BALL"},"146":{"desc":"L1P"},"148":{"desc":"A1P"},"14A":{"t":"C180"},"14C":{"t":"C182"},"14D":{"t":"PA44"},"150":{"t":"BALL"},"151":{"t":"C310"},"152":{"t":"PA12"},"153":{"desc":"L1P"},"155":{"t":"C182"},"157":{"desc":"L1P"},"158":{"t":"C177"},"159":{"t":"R44"},"15B":{"t":"C180"},"15D":{"t":"C182"},"15E":{"t":"PA22"},"160":{"t":"CH7B"},"161":{"t":"CH7B"},"162":{"t":"CH7B"},"165":{"t":"CH7B"},"166":{"t":"CH7B"},"168":{"t":"CH7A"},"16A":{"t":"C170"},"16B":{"t":"BALL"},"16C":{"t":"C180"},"16D":{"t":"C180"},"16E":{"t":"C172"},"16F":{"t":"BALL"},"170":{"t":"BALL"},"172":{"t":"TAYD"},"177":{"t":"PA23"},"179":{"desc":"G1P","t":"GYRO"},"17B":{"t":"C177"},"17E":{"t":"P28A"},"180":{"t":"C182"},"182":{"t":"CH7A"},"183":{"t":"R44"},"184":{"t":"CH7B"},"185":{"t":"CH7B"},"188":{"t":"CH7B"},"189":{"t":"CH7A"},"18A":{"t":"CH7B"},"18B":{"t":"CH7A"},"18D":{"t":"C170"},"18E":{"desc":"L2P"},"18F":{"t":"C180"},"190":{"t":"C180"},"191":{"t":"C180"},"192":{"t":"C182"},"195":{"t":"C150"},"197":{"t":"C310"},"19A":{"t":"PA23"},"19B":{"t":"GLID"},"19E":{"t":"C340"},"19F":{"t":"BALL"},"1A0":{"t":"BE35"},"1A1":{"t":"BE36"},"1A2":{"t":"ULAC"},"1A4":{"t":"PA22"},"1A5":{"t":"CH7A"},"1A6":{"t":"BALL"},"1A7":{"t":"CH7B"},"1B1":{"t":"ULAC"},"1B2":{"t":"C180"},"1B3":{"t":"C180"},"1B5":{"t":"C182"},"1BB":{"t":"J3"},"1BC":{"t":"C120"},"1BD":{"desc":"L1P","t":"LA4"},"1BE":{"t":"C182"},"1BF":{"t":"C182"},"1C0":{"t":"P46T"},"1C1":{"t":"PA44"},"1C4":{"t":"BE35"},"1C5":{"t":"PA18"},"1C7":{"t":"PA22"},"1C8":{"t":"CH7B"},"1C9":{"t":"CH7A"},"1CC":{"t":"CH7B"},"1CD":{"t":"CH7B"},"1D1":{"t":"J5"},"1D4":{"t":"P32R"},"1D6":{"t":"C180"},"1D7":{"t":"CH7A"},"1DB":{"t":"C150"},"1DE":{"t":"PA12"},"1E0":{"t":"PA23"},"1E1":{"t":"C182"},"1E3":{"t":"P46T"},"1E4":{"t":"C177"},"1E5":{"t":"BE33"},"1E8":{"t":"P46T"},"1E9":{"t":"C182"},"1EA":{"t":"PA22"},"1EB":{"t":"CH7A"},"1EC":{"t":"BE36"},"1ED":{"t":"CH7B"},"1EE":{"t":"BL8"},"1EF":{"t":"CH7B"},"1F3":{"t":"CH7A"},"1F4":{"desc":"L1P"},"1F6":{"desc":"L1J"},"1F7":{"t":"C172"},"1F8":{"desc":"L1P"},"1F9":{"t":"P28A"},"1FA":{"desc":"L2J"},"1FB":{"t":"SF34"},"1FC":{"t":"DA40"},"1FD":{"t":"GLF6"},"1FE":{"desc":"A1P"},"202":{"t":"P28B"},"204":{"t":"B06"},"205":{"t":"C510"},"206":{"t":"GLF4"},"207":{"t":"PA34"},"208":{"t":"B737"},"20A":{"t":"F2TH"},"20E":{"t":"B763"},"20F":{"t":"UH1"},"210":{"desc":"H1T","t":"H269"},"212":{"desc":"L1P","t":"ULAC"},"213":{"desc":"H4E"},"215":{"desc":"L1P"},"217":{"t":"LJ45"},"21A":{"t":"C172"},"21B":{"t":"BE20"},"21C":{"t":"SF50"},"21D":{"t":"TBM7"},"221":{"t":"VALI"},"229":{"desc":"L1P"},"22A":{"desc":"H4E"},"22B":{"t":"F2TH"},"22C":{"t":"SR22"},"22D":{"t":"CH7A"},"22F":{"desc":"L2T"},"230":{"desc":"L1P"},"232":{"desc":"L2J"},"234":{"desc":"H1P"},"236":{"t":"C182"},"238":{"t":"C25A"},"239":{"desc":"A1P"},"23A":{"t":"BE20"},"23D":{"desc":"L1P"},"240":{"desc":"L1P"},"241":{"desc":"L1P"},"243":{"t":"BE35"},"244":{"t":"P28A"},"245":{"t":"R22"},"248":{"t":"SR22"},"249":{"t":"B06"},"24B":{"t":"BE35"},"24D":{"desc":"L2J"},"24E":{"t":"A321"},"24F":{"t":"B407"},"250":{"t":"C180"},"251":{"desc":"L1P"},"252":{"t":"CL30"},"253":{"t":"TOBA"},"256":{"t":"BE9L"},"25A":{"desc":"L1P"},"25D":{"t":"C82S"},"260":{"t":"TAYB"},"263":{"desc":"L1P"},"266":{"t":"P28S"},"26C":{"t":"S22T"},"273":{"t":"BE35"},"274":{"t":"AT8T"},"278":{"t":"DC10"},"27B":{"t":"C68A"},"283":{"desc":"L2J","t":"A20N"},"28D":{"desc":"L1P"},"28E":{"t":"T210"},"294":{"desc":"L1P"},"297":{"t":"C25C"},"298":{"t":"BE36"},"29A":{"t":"S22T"},"29E":{"desc":"L1P"},"2A1":{"t":"PA18"},"2A2":{"t":"PC12"},"2A5":{"desc":"L1P"},"2A9":{"t":"BALL"},"2BE":{"desc":"H1P","t":"GYRO"},"2C0":{"t":"S22T"},"2C2":{"desc":"L1P"},"2C4":{"desc":"H1T"},"2C5":{"t":"ULAC"},"2C6":{"t":"C310"},"2C9":{"t":"CL30"},"2CA":{"t":"C441"},"2CC":{"t":"H500"},"2D0":{"desc":"A1P"},"2D2":{"desc":"L1P"},"2D3":{"t":"C182"},"2D7":{"t":"FA20"},"2D9":{"desc":"L1P"},"2DA":{"desc":"L1P"},"2DB":{"t":"C177"},"2E1":{"desc":"L1P"},"2E3":{"desc":"L1P"},"2F0":{"desc":"L1P"},"2F1":{"t":"AR11"},"2F2":{"t":"BALL"},"2F3":{"t":"SR22"},"2F5":{"desc":"L1P"},"2FA":{"t":"S22T"},"2FD":{"t":"P28A"},"302":{"t":"BALL"},"309":{"desc":"L2P"},"30A":{"t":"C182"},"30B":{"t":"B06"},"30C":{"t":"B350"},"30E":{"t":"S22T"},"311":{"t":"SR22"},"314":{"t":"S22T"},"315":{"t":"ULAC"},"317":{"t":"P210"},"31A":{"t":"GLF3"},"31B":{"t":"BL8"},"31E":{"t":"PA24"},"322":{"desc":"L1P"},"329":{"t":"PC12"},"336":{"t":"A319"},"33B":{"desc":"L1P"},"33C":{"t":"C210"},"33F":{"desc":"L1P"},"343":{"desc":"H1T"},"345":{"t":"P32R"},"349":{"t":"PA32"},"34A":{"t":"CRJ9"},"34C":{"desc":"L1P"},"350":{"t":"GLID"},"354":{"desc":"L2J"},"365":{"t":"C680"},"36E":{"t":"PA31"},"36F":{"t":"P32T"},"370":{"desc":"L1P"},"371":{"desc":"L1P"},"373":{"t":"GLEX"},"374":{"t":"GLF6"},"376":{"t":"BE33"},"379":{"t":"C82S"},"37E":{"desc":"L1P"},"37F":{"desc":"L1P"},"381":{"desc":"L1P"},"382":{"t":"C414"},"383":{"t":"EC35"},"386":{"desc":"L1P"},"387":{"t":"BE30"},"388":{"desc":"L2J","t":"B38M"},"390":{"t":"C182"},"396":{"t":"SR22"},"39F":{"t":"PA18"},"3A0":{"t":"AA5"},"3A2":{"desc":"L1P"},"3A3":{"desc":"L1P"},"3A4":{"t":"GLID"},"3A5":{"t":"SR22"},"3AC":{"t":"M20T"},"3AD":{"t":"BALL"},"3B0":{"desc":"L1P"},"3B2":{"desc":"L1P"},"3B4":{"t":"AT5T"},"3B5":{"desc":"L1P"},"3B8":{"desc":"L1P","t":"ULAC"},"3C6":{"t":"B763"},"3D1":{"t":"CL30"},"3D3":{"t":"SR22"},"3DA":{"t":"SR20"},"3EA":{"t":"BE35"},"3EC":{"t":"T28"},"3F0":{"t":"BL8"},"3F6":{"t":"P28A"},"3FC":{"t":"P210"},"402":{"desc":"L1P","t":"ULAC"},"404":{"t":"B734"},"415":{"desc":"H12E"},"426":{"t":"CJ6"},"443":{"t":"H25B"},"44F":{"t":"ULAC"},"450":{"t":"BALL"},"451":{"t":"C180"},"454":{"t":"C182"},"456":{"t":"ERCO"},"457":{"t":"C150"},"458":{"desc":"L1P"},"45A":{"t":"PA12"},"45B":{"t":"C120"},"45D":{"t":"C185"},"45E":{"t":"P28R"},"45F":{"t":"C182"},"461":{"t":"C182"},"463":{"t":"BE55"},"464":{"t":"C150"},"469":{"desc":"L1P"},"46C":{"desc":"H1P"},"46F":{"t":"AR11"},"470":{"t":"BE55"},"473":{"t":"BL17"},"474":{"desc":"L1P"},"475":{"t":"C180"},"477":{"desc":"L1P","t":"ULAC"},"478":{"desc":"L1P"},"47A":{"t":"C150"},"47B":{"t":"C402"},"47C":{"desc":"L1P","t":"ULAC"},"47D":{"t":"PA46"},"47E":{"t":"C140"},"481":{"t":"C182"},"483":{"t":"P28R"},"487":{"t":"SF50"},"488":{"t":"C182"},"489":{"t":"PA22"},"48A":{"t":"DC3"},"48B":{"desc":"L1P","t":"ULAC"},"48D":{"desc":"L1P"},"497":{"t":"C82R"},"498":{"t":"ULAC"},"499":{"t":"CH7A"},"49A":{"t":"PA32"},"49C":{"t":"ERCO"},"49F":{"t":"BE24"},"4A1":{"t":"C120"},"4A2":{"t":"PA23"},"4A3":{"t":"C182"},"4A6":{"t":"C177"},"4A8":{"t":"P46T"},"4A9":{"t":"BE33"},"4AA":{"t":"C150"},"4AB":{"t":"C182"},"4AF":{"desc":"H1P"},"4B0":{"desc":"L1P"},"4B3":{"t":"BALL"},"4B6":{"desc":"L1P"},"4B9":{"t":"C170"},"4BC":{"t":"CH7A"},"4C0":{"t":"C150"},"4C2":{"t":"BE9L"},"4C4":{"t":"C140"},"4C5":{"t":"PA23"},"4C6":{"t":"P28A"},"4C7":{"t":"C182"},"4C8":{"t":"C182"},"4C9":{"t":"C177"},"4CB":{"t":"C150"},"4CD":{"t":"C150"},"4CF":{"t":"PA22"},"4D0":{"desc":"H1T"},"4D9":{"t":"CH7A"},"4DA":{"t":"TBM7"},"4DB":{"t":"C170"},"4DC":{"t":"C170"},"4DE":{"t":"C180"},"4DF":{"t":"CH7A"},"4E0":{"t":"PA46"},"4E1":{"desc":"L1P"},"4E2":{"t":"ERCO"},"4E3":{"t":"C150"},"4E5":{"t":"C310"},"4E6":{"t":"PA12"},"4E7":{"desc":"L1P"},"4EB":{"desc":"L1P"},"4EC":{"t":"C177"},"4ED":{"t":"C182"},"4EE":{"t":"C172"},"4EF":{"t":"M7"},"4F0":{"t":"C150"},"4F5":{"t":"ULAC"},"4F9":{"t":"CH7A"},"4FB":{"t":"AR11"},"4FE":{"t":"C170"},"4FF":{"desc":"L1P"},"500":{"t":"C180"},"501":{"t":"C180"},"502":{"t":"C172"},"504":{"desc":"L1P"},"508":{"t":"C310"},"509":{"t":"PA12"},"50C":{"t":"C182"},"50D":{"t":"P28R"},"50E":{"t":"ULAC"},"50F":{"t":"ULAC"},"510":{"t":"C182"},"511":{"desc":"L1P"},"512":{"t":"BE35"},"513":{"t":"C150"},"514":{"t":"P46T"},"516":{"t":"AR11"},"517":{"desc":"L1P"},"51B":{"t":"AR11"},"51D":{"desc":"L1P"},"521":{"t":"C170"},"522":{"t":"C170"},"523":{"t":"C180"},"524":{"desc":"L1P"},"525":{"t":"CH7A"},"526":{"t":"C182"},"529":{"t":"C150"},"52C":{"t":"PA12"},"52E":{"t":"BE36"},"52F":{"t":"C182"},"530":{"t":"C182"},"531":{"t":"C182"},"536":{"t":"BE36"},"537":{"t":"C182"},"538":{"t":"PA22"},"53D":{"desc":"L1P","t":"ULAC"},"53F":{"desc":"L1P"},"541":{"desc":"L1P"},"542":{"t":"AR11"},"543":{"t":"LJ24"},"545":{"t":"C170"},"546":{"t":"C180"},"548":{"t":"C172"},"549":{"t":"C182"},"54B":{"t":"ERCO"},"54D":{"desc":"L1P"},"54E":{"t":"C310"},"550":{"t":"C140"},"553":{"t":"C182"},"554":{"t":"C182"},"555":{"t":"P46T"},"556":{"t":"C182"},"55A":{"t":"C182"},"55B":{"desc":"L1P"},"55C":{"t":"M7"},"55F":{"t":"AR11"},"562":{"desc":"L1P"},"563":{"t":"PA32"},"568":{"desc":"L1P"},"569":{"t":"C82R"},"570":{"t":"C421"},"572":{"t":"PA12"},"575":{"t":"C182"},"576":{"t":"C182"},"578":{"t":"C177"},"579":{"t":"C182"},"57B":{"t":"BE35"},"57C":{"t":"C150"},"57F":{"t":"PA32"},"581":{"t":"AR11"},"584":{"t":"P28A"},"585":{"t":"P28R"},"587":{"t":"PA32"},"58D":{"t":"C180"},"58E":{"t":"CH7A"},"590":{"desc":"H1P"},"591":{"t":"ERCO"},"594":{"t":"BE33"},"598":{"t":"C182"},"59B":{"t":"P51"},"59D":{"t":"C172"},"59E":{"t":"BE36"},"5A1":{"t":"PA22"},"5A5":{"t":"AR11"},"5A8":{"t":"PA32"},"5A9":{"t":"P32T"},"5AB":{"t":"P28A"},"5AC":{"desc":"H1T"},"5AD":{"t":"SR22"},"5AF":{"t":"BE9L"},"5B0":{"desc":"H1P"},"5B2":{"t":"B06"},"5B4":{"desc":"L1P"},"5B5":{"desc":"L1P"},"5B9":{"t":"FA50"},"5BF":{"t":"C337"},"5C6":{"t":"BE35"},"5C7":{"t":"C182"},"5C8":{"t":"C310"},"5C9":{"t":"B06"},"5CB":{"desc":"L1P"},"5CF":{"desc":"L1P"},"5D4":{"desc":"H1P"},"5D8":{"desc":"L1P"},"5DB":{"t":"C170"},"5E0":{"t":"GLID"},"5E5":{"t":"ULAC"},"5E8":{"t":"BALL"},"5EB":{"t":"LJ60"},"5ED":{"t":"SR22"},"5EF":{"t":"BE9T"},"5F8":{"t":"C320"},"5F9":{"t":"B732"},"5FB":{"desc":"L1P"},"5FE":{"t":"PA34"},"5FF":{"desc":"L1P"},"604":{"desc":"L1P"},"605":{"t":"A321"},"609":{"t":"SR22"},"60D":{"desc":"L1P"},"611":{"desc":"L1P"},"613":{"t":"M20T"},"61F":{"desc":"L1P"},"62F":{"t":"DC10"},"63A":{"t":"C182"},"643":{"desc":"L1P","t":"ULAC"},"645":{"desc":"L1P"},"648":{"t":"GLID"},"649":{"t":"P46T"},"64D":{"t":"PAY1"},"653":{"t":"C340"},"655":{"t":"C172"},"657":{"t":"E55P"},"65D":{"desc":"L1P"},"65E":{"t":"C310"},"66A":{"t":"AS50"},"675":{"t":"HUSK"},"676":{"desc":"L1P"},"677":{"t":"P28A"},"681":{"t":"C140"},"682":{"desc":"L1P"},"683":{"t":"B407"},"68E":{"t":"PA31"},"68F":{"desc":"A1P","t":"ULAC"},"690":{"t":"PA23"},"691":{"desc":"L1P"},"694":{"t":"S22T"},"695":{"t":"S22T"},"69F":{"t":"GLID"},"6A0":{"t":"GLID"},"6A3":{"desc":"L4E"},"6A8":{"t":"C172"},"6A9":{"desc":"L1P"},"6AC":{"desc":"L1P"},"6AD":{"desc":"L1P"},"6B3":{"t":"BE9L"},"6B9":{"t":"P28T"},"6C0":{"t":"BL8"},"6C5":{"t":"T206"},"6C7":{"desc":"L2T","t":"C340"},"6C8":{"t":"B06"},"6CB":{"desc":"A1P"},"6CC":{"desc":"A1P"},"6CE":{"t":"C182"},"6D0":{"t":"BE9L"},"6DB":{"t":"A319"},"6DF":{"t":"C182"},"6ED":{"t":"A319"},"6F6":{"t":"B738"},"6FA":{"t":"EC35"},"6FC":{"t":"SR22"},"6FD":{"t":"PA46"},"700":{"desc":"H4E"},"701":{"t":"CRJ9"},"704":{"desc":"L1P"},"706":{"desc":"L1P"},"707":{"t":"P28R"},"709":{"t":"C182"},"71C":{"t":"E55P"},"724":{"t":"BL8"},"726":{"desc":"L1P"},"727":{"t":"CL60"},"728":{"t":"SR20"},"729":{"desc":"A1P"},"72A":{"desc":"L1P"},"72B":{"desc":"H1T","t":"S92"},"72C":{"desc":"L2J","t":"B38M"},"72D":{"desc":"L1P"},"735":{"t":"C172"},"738":{"desc":"L1P"},"73A":{"t":"EC35"},"73D":{"t":"C182"},"73E":{"t":"C182"},"741":{"desc":"L1P"},"742":{"t":"DA40"},"743":{"t":"B407"},"744":{"t":"LJ31"},"745":{"desc":"L1P"},"747":{"desc":"L1P","t":"ULAC"},"748":{"t":"ULAC"},"74D":{"desc":"L1P"},"74E":{"t":"A189"},"74F":{"t":"B752"},"750":{"t":"BALL"},"752":{"t":"SHIP"},"754":{"desc":"L1P"},"757":{"t":"P28A"},"758":{"t":"C208"},"759":{"t":"H25B"},"75E":{"desc":"L1P"},"761":{"desc":"L1P"},"762":{"t":"C680"},"764":{"t":"GLF5"},"766":{"t":"C82T"},"767":{"desc":"L1P"},"768":{"t":"C182"},"76B":{"t":"FA20"},"76F":{"t":"C310"},"77D":{"t":"B763"},"788":{"desc":"L1P"},"78C":{"desc":"H1T","t":"B505"},"7A6":{"t":"C180"},"7BA":{"t":"M5"},"7BB":{"t":"B734"},"7D3":{"desc":"L1P"},"7D9":{"t":"SR20"},"7EC":{"desc":"L1P"},"7FE":{"desc":"L1P"},"802":{"desc":"H4E"},"806":{"t":"C170"},"807":{"desc":"L1P"},"808":{"t":"C180"},"80A":{"t":"CH7A"},"80B":{"t":"C182"},"80C":{"t":"P32R"},"80D":{"t":"ERCO"},"80E":{"t":"C150"},"813":{"desc":"L1P","t":"LA4"},"817":{"t":"C177"},"819":{"t":"BE35"},"81B":{"t":"C150"},"81C":{"t":"C182"},"81D":{"t":"PA22"},"81E":{"t":"P28A"},"81F":{"t":"P28R"},"825":{"t":"PA32"},"826":{"t":"ULAC"},"827":{"t":"BALL"},"828":{"desc":"L1P"},"829":{"t":"C170"},"82A":{"t":"C170"},"82C":{"t":"C180"},"82D":{"t":"C172"},"82E":{"t":"C182"},"830":{"desc":"L1P"},"832":{"desc":"L1P"},"835":{"t":"C120"},"836":{"t":"PA23"},"838":{"t":"C182"},"839":{"t":"C182"},"83A":{"t":"C177"},"83B":{"t":"C182"},"83C":{"t":"C150"},"83E":{"t":"C150"},"83F":{"desc":"L1P"},"840":{"t":"PA22"},"841":{"t":"AR11"},"843":{"t":"B739"},"844":{"t":"AR11"},"847":{"t":"SR22"},"84A":{"t":"R44"},"84B":{"desc":"L1P"},"84C":{"t":"C170"},"84D":{"desc":"L1P"},"84E":{"t":"C180"},"856":{"desc":"L1P"},"85A":{"t":"C182"},"85C":{"t":"C182"},"85F":{"t":"BALL"},"862":{"t":"C182"},"866":{"t":"AR11"},"86B":{"t":"BALL"},"86C":{"t":"T28"},"86D":{"desc":"L1P"},"86F":{"t":"C170"},"871":{"t":"EN28"},"872":{"desc":"L1P"},"876":{"t":"ERCO"},"877":{"t":"P32R"},"87A":{"desc":"L1P"},"87C":{"desc":"L1P"},"87D":{"t":"C182"},"87E":{"t":"C182"},"881":{"t":"C182"},"882":{"t":"C150"},"883":{"desc":"L1P"},"886":{"t":"PA22"},"888":{"t":"T28"},"889":{"t":"AR11"},"88A":{"t":"AR11"},"88D":{"t":"AR11"},"890":{"desc":"L1P"},"894":{"t":"ULAC"},"896":{"t":"CH7A"},"899":{"t":"BE33"},"89A":{"t":"C150"},"89D":{"t":"BE33"},"89F":{"t":"PA23"},"8A0":{"t":"C182"},"8A1":{"t":"C182"},"8A2":{"t":"C182"},"8A3":{"t":"C177"},"8A5":{"t":"C172"},"8A8":{"t":"BE36"},"8A9":{"t":"PA22"},"8AD":{"t":"T6"},"8AE":{"t":"BE33"},"8AF":{"desc":"L1P"},"8B0":{"t":"AR11"},"8B3":{"desc":"L1P"},"8B4":{"desc":"H1P"},"8BA":{"t":"ULAC"},"8C0":{"desc":"L1P"},"8C1":{"desc":"L1P"},"8C3":{"t":"C182"},"8C4":{"t":"C182"},"8C5":{"t":"C182"},"8C8":{"t":"BE35"},"8C9":{"t":"BE36"},"8CB":{"t":"C182"},"8CC":{"t":"PA22"},"8CE":{"t":"BALL"},"8D0":{"desc":"L1P"},"8D1":{"t":"AR11"},"8D3":{"desc":"L1P"},"8DD":{"t":"C182"},"8E2":{"desc":"L1P"},"8E4":{"t":"ULAC"},"8E6":{"t":"C182"},"8E7":{"t":"C182"},"8E8":{"desc":"L1P"},"8E9":{"t":"PA12"},"8EA":{"t":"C182"},"8EB":{"t":"BE35"},"8EC":{"t":"BE33"},"8F1":{"desc":"L1P"},"8F5":{"desc":"L1P"},"8FD":{"t":"C180"},"8FE":{"t":"PA32"},"8FF":{"t":"AR11"},"902":{"t":"ERCO"},"903":{"t":"C150"},"905":{"t":"BE36"},"907":{"t":"CH7A"},"909":{"t":"C182"},"90E":{"t":"BE35"},"90F":{"t":"BE35"},"910":{"t":"C172"},"912":{"t":"PA22"},"914":{"t":"R44"},"915":{"desc":"L1P"},"917":{"desc":"L1P"},"918":{"desc":"L1P"},"91A":{"t":"ULAC"},"920":{"t":"C180"},"926":{"t":"C150"},"929":{"t":"PA12"},"92A":{"t":"C140"},"92B":{"t":"T210"},"92D":{"t":"C182"},"92E":{"t":"C182"},"92F":{"t":"C177"},"931":{"t":"C150"},"933":{"t":"C172"},"934":{"t":"C182"},"938":{"desc":"L1P"},"93B":{"t":"R22"},"93E":{"t":"AR11"},"93F":{"t":"BALL"},"941":{"t":"C170"},"945":{"t":"AR11"},"948":{"t":"ERCO"},"94B":{"t":"R44"},"94E":{"t":"BE58"},"94F":{"t":"P28A"},"952":{"t":"C177"},"95A":{"t":"AR11"},"95B":{"t":"BALL"},"95C":{"t":"AR11"},"95D":{"t":"BE33"},"95E":{"t":"M7"},"95F":{"t":"AR11"},"960":{"t":"BE33"},"961":{"t":"AR11"},"962":{"t":"AR11"},"963":{"t":"AA5"},"965":{"t":"B762"},"966":{"t":"BE35"},"967":{"t":"BL8"},"969":{"t":"B06"},"96B":{"t":"C180"},"96C":{"t":"SR22"},"96E":{"t":"PA31"},"974":{"t":"SR20"},"975":{"t":"B739"},"976":{"desc":"L1P","t":"B737"},"97D":{"t":"BE35"},"980":{"desc":"L2J"},"989":{"desc":"L1P"},"98B":{"t":"BE55"},"98D":{"desc":"H1T"},"98E":{"desc":"L1P"},"98F":{"desc":"L1P","t":"ULAC"},"999":{"t":"C421"},"99A":{"t":"SR22"},"99B":{"t":"S22T"},"99C":{"t":"HUSK"},"99D":{"t":"BALL"},"99E":{"desc":"H1T"},"99F":{"t":"C25B"},"9A0":{"t":"SR22"},"9A2":{"t":"GLID"},"9A6":{"t":"AT43"},"9A7":{"t":"C560"},"9AA":{"t":"SF50"},"9B1":{"t":"SR22"},"9B2":{"desc":"L1P"},"9B5":{"desc":"L1P"},"9B7":{"desc":"L1P"},"9B8":{"desc":"L1P"},"9BA":{"desc":"H4E"},"9BB":{"t":"C172"},"9BC":{"t":"A321"},"9BD":{"desc":"L1P"},"9C0":{"desc":"L1P"},"9C8":{"desc":"L1P"},"9CA":{"t":"PA34"},"9CE":{"t":"P28A"},"9D5":{"t":"AEST"},"9D8":{"t":"DA42"},"9DE":{"t":"FA50"},"9E4":{"desc":"H1T"},"9E6":{"t":"DC10"},"9FA":{"t":"BE55"},"9FC":{"desc":"L1P"},"9FF":{"desc":"L1P"},"A0C":{"t":"S22T"},"A13":{"desc":"L1P"},"A16":{"t":"C525"},"A19":{"t":"BALL"},"A21":{"t":"S22T"},"A2C":{"desc":"L1P"},"A2F":{"desc":"H1T"},"A32":{"t":"R22"},"A36":{"desc":"L1P"},"A37":{"t":"H25B"},"A3A":{"t":"AEST"},"A3C":{"t":"SR22"},"A3D":{"t":"SR22"},"A3E":{"t":"PA34"},"A45":{"t":"RV12"},"A46":{"t":"B350"},"A50":{"desc":"L1P"},"A51":{"desc":"A2P"},"A56":{"t":"GLID"},"A57":{"t":"M20T"},"A5A":{"desc":"L4E"},"A5E":{"t":"M20P"},"A5F":{"t":"C182"},"A62":{"t":"E55P"},"A63":{"desc":"L1P"},"A69":{"t":"BALL"},"A73":{"desc":"L1P"},"A77":{"t":"C421"},"A78":{"t":"HUSK"},"A79":{"desc":"L2J"},"A7A":{"t":"S22T"},"A7C":{"t":"C172"},"A7F":{"t":"B06"},"A81":{"t":"GLF4"},"A83":{"t":"GLID"},"A85":{"desc":"L1P"},"A86":{"t":"A320"},"A8B":{"desc":"L1P"},"A8C":{"desc":"L1P"},"A90":{"t":"BALL"},"A92":{"t":"A319"},"A96":{"t":"BE33"},"A97":{"t":"PC12"},"A9B":{"t":"SR22"},"AA4":{"t":"A319"},"AA7":{"t":"PA27"},"AA9":{"t":"C310"},"AAE":{"t":"B738"},"AB3":{"t":"C172"},"AB4":{"desc":"L1P"},"AB5":{"t":"ULAC"},"AB8":{"t":"CRJ9"},"AC2":{"t":"GLID"},"AD3":{"t":"C680"},"ADB":{"t":"BE40"},"ADD":{"desc":"L1P"},"ADF":{"t":"B06"},"AE0":{"t":"F2TH"},"AE1":{"desc":"L1J"},"AE2":{"t":"GLF5"},"AE3":{"t":"SR20"},"AE4":{"desc":"L2J","t":"B38M"},"AE9":{"t":"BE9L"},"AED":{"t":"SR22"},"AEF":{"desc":"L1P"},"AF0":{"desc":"L1P"},"AF1":{"t":"EC35"},"AF4":{"desc":"L1P"},"AF5":{"t":"HDJT"},"AF7":{"t":"FA50"},"AF8":{"desc":"L2J","t":"B38M"},"AFB":{"t":"R44"},"AFC":{"t":"H500"},"AFE":{"t":"C172"},"AFF":{"t":"B738"},"B02":{"t":"B350"},"B04":{"t":"SR22"},"B05":{"desc":"L1P"},"B06":{"t":"B752"},"B08":{"desc":"L1P"},"B09":{"t":"SHIP"},"B0E":{"t":"S22T"},"B0F":{"desc":"L1P"},"B10":{"desc":"L1P"},"B15":{"desc":"H1P"},"B19":{"t":"C182"},"B1B":{"t":"C172"},"B1E":{"t":"B737"},"B26":{"t":"BALL"},"B34":{"t":"B763"},"B3A":{"desc":"L1P"},"B3F":{"t":"P28A"},"B41":{"desc":"L2J"},"B44":{"desc":"L2J"},"B4F":{"desc":"L1P","t":"ULAC"},"B58":{"t":"BE36"},"B59":{"desc":"L1P"},"B5B":{"t":"B06"},"B5E":{"t":"PA46"},"B66":{"desc":"L1P"},"B69":{"t":"PAY3"},"B6A":{"desc":"L1P"},"B6D":{"desc":"L2T"},"B70":{"desc":"L1P"},"B73":{"desc":"L1P"},"B7E":{"desc":"L1P"},"B8A":{"t":"AA5"},"B94":{"desc":"L1P"},"BAA":{"desc":"L1P"},"BAD":{"desc":"L1P"},"BBC":{"t":"GLID"},"BBD":{"t":"DA42"},"BC0":{"t":"C180"},"BC5":{"t":"C150"},"BC7":{"t":"C310"},"BC9":{"t":"C140"},"BCA":{"desc":"L1P"},"BCB":{"desc":"L1P"},"BCC":{"desc":"L1P","t":"ULAC"},"BD0":{"t":"BE35"},"BD1":{"desc":"L1P"},"BD7":{"t":"ULAC"},"BD9":{"t":"S10"},"BDC":{"t":"S10"},"BDF":{"desc":"L1P"},"BE0":{"t":"C170"},"BE2":{"desc":"L1P"},"BE3":{"t":"C180"},"BE4":{"t":"C172"},"BE5":{"t":"C182"},"BE6":{"t":"PA46"},"BE7":{"t":"P32R"},"BE8":{"t":"C188"},"BE9":{"desc":"L1P"},"BEB":{"t":"PA12"},"BEC":{"t":"C120"},"BED":{"desc":"L1P"},"BEE":{"t":"C182"},"BEF":{"desc":"L1P"},"BF0":{"t":"C182"},"BF5":{"t":"C177"},"BF6":{"t":"C182"},"BF7":{"t":"PA22"},"C00":{"desc":"L1P"},"C01":{"desc":"L1P"},"C06":{"t":"P47"},"C07":{"t":"BE36"},"C08":{"t":"C182"},"C0A":{"t":"ERCO"},"C0C":{"t":"P28A"},"C0E":{"t":"PA12"},"C11":{"t":"C182"},"C13":{"t":"C182"},"C1A":{"t":"PA22"},"C1B":{"t":"ULAC"},"C1D":{"desc":"L1P"},"C1F":{"desc":"L1P"},"C20":{"t":"YK52"},"C21":{"t":"BE36"},"C22":{"t":"BALL"},"C23":{"t":"S10"},"C25":{"desc":"G1P","t":"GYRO"},"C26":{"t":"C170"},"C27":{"t":"P210"},"C28":{"t":"C180"},"C29":{"t":"C180"},"C2A":{"t":"AR11"},"C2D":{"desc":"L1P"},"C2F":{"desc":"L1P"},"C30":{"t":"C310"},"C33":{"t":"BE36"},"C34":{"t":"C182"},"C37":{"t":"C177"},"C3A":{"desc":"L1T"},"C3E":{"t":"PA34"},"C3F":{"t":"P28A"},"C40":{"t":"P28A"},"C44":{"t":"PA32"},"C47":{"t":"ULAC"},"C4A":{"t":"C170"},"C4B":{"t":"C180"},"C4E":{"t":"BT36"},"C52":{"desc":"L1P"},"C53":{"t":"C310"},"C54":{"t":"PA12"},"C58":{"t":"C182"},"C59":{"desc":"L4P"},"C5D":{"t":"P28A"},"C61":{"t":"S10"},"C62":{"t":"S10"},"C64":{"desc":"L1P"},"C6D":{"t":"M7"},"C6E":{"t":"C180"},"C6F":{"t":"C180"},"C71":{"t":"C182"},"C72":{"t":"B25"},"C73":{"t":"ERCO"},"C74":{"t":"BALL"},"C75":{"desc":"L1P"},"C77":{"t":"PA12"},"C7A":{"t":"C182"},"C7B":{"t":"C182"},"C7C":{"t":"P28A"},"C7D":{"t":"C177"},"C7E":{"desc":"L1P"},"C7F":{"t":"C150"},"C81":{"t":"ULAC"},"C82":{"t":"R22"},"C83":{"t":"PA22"},"C85":{"t":"R44"},"C88":{"t":"ULAC"},"C8A":{"t":"S10"},"C8D":{"t":"UH1"},"C8F":{"t":"C170"},"C91":{"t":"C180"},"C92":{"desc":"L1P"},"C93":{"t":"AR11"},"C94":{"t":"ULAC"},"C95":{"t":"R44"},"C96":{"t":"ERCO"},"C9C":{"t":"PA23"},"C9E":{"t":"C182"},"CA0":{"t":"C177"},"CA2":{"t":"C150"},"CA4":{"desc":"L1T"},"CA5":{"t":"C182"},"CA6":{"t":"PA22"},"CA7":{"t":"S10"},"CAA":{"t":"P28A"},"CAC":{"t":"P28A"},"CB0":{"t":"PA32"},"CB2":{"t":"C170"},"CB3":{"t":"AT3T"},"CB4":{"t":"AT3P"},"CB6":{"desc":"L1P"},"CB8":{"t":"R44"},"CB9":{"t":"R44"},"CBD":{"t":"PA12"},"CBE":{"t":"C120"},"CC0":{"t":"C182"},"CC3":{"t":"C177"},"CC4":{"t":"C182"},"CC8":{"t":"R44"},"CC9":{"t":"PA22"},"CCB":{"t":"PA32"},"CCC":{"t":"S10"},"CCD":{"t":"P32T"},"CD1":{"t":"S10"},"CD6":{"t":"C170"},"CD7":{"desc":"L1P"},"CD9":{"t":"AR11"},"CDA":{"t":"C182"},"CDB":{"t":"T6"},"CDF":{"t":"M20T"},"CE1":{"t":"C140"},"CE4":{"t":"C182"},"CE5":{"t":"C182"},"CE9":{"t":"T6"},"CEA":{"t":"R44"},"CEB":{"desc":"L1P"},"CEC":{"t":"AT3P"},"CED":{"t":"AT3P"},"CEE":{"t":"P28A"},"CF0":{"t":"P28A"},"CF3":{"t":"S10"},"CF4":{"t":"S10"},"CF6":{"t":"PA32"},"CF8":{"t":"C170"},"CFB":{"t":"AT3P"},"CFC":{"t":"C172"},"CFD":{"t":"C182"},"CFE":{"t":"B738"},"D00":{"t":"C150"},"D03":{"t":"AT3P"},"D05":{"t":"AT3P"},"D07":{"t":"C182"},"D09":{"t":"C177"},"D0B":{"t":"BE35"},"D0E":{"desc":"L1J"},"D0F":{"t":"PA22"},"D10":{"t":"ULAC"},"D12":{"t":"P32T"},"D13":{"t":"P32T"},"D14":{"t":"S10"},"D15":{"t":"PA34"},"D16":{"t":"ULAC"},"D18":{"t":"S10"},"D1A":{"desc":"L1P"},"D1B":{"t":"C172"},"D1C":{"t":"M20T"},"D1D":{"t":"SR22"},"D1E":{"t":"CH7B"},"D21":{"t":"E110"},"D22":{"t":"HUSK"},"D25":{"t":"PA31"},"D27":{"t":"RV12"},"D28":{"t":"BALL"},"D29":{"t":"P32R"},"D2C":{"t":"C172"},"D2D":{"t":"B737"},"D34":{"t":"BE35"},"D35":{"t":"GLID"},"D38":{"t":"C25B"},"D39":{"desc":"L1P"},"D3E":{"desc":"A1P"},"D3F":{"t":"E50P"},"D42":{"desc":"L1P"},"D44":{"desc":"L1P"},"D46":{"t":"P28A"},"D48":{"t":"DA40"},"D4D":{"t":"S108"},"D4E":{"t":"C172"},"D4F":{"desc":"L1P"},"D50":{"desc":"L1P","t":"ULAC"},"D51":{"t":"SR22"},"D53":{"t":"B06"},"D59":{"t":"B763"},"D5B":{"t":"EA50"},"D5E":{"t":"CL30"},"D5F":{"t":"PC24"},"D62":{"t":"R44"},"D65":{"desc":"L1P"},"D67":{"desc":"L1P"},"D68":{"desc":"L1P"},"D6C":{"t":"BE58"},"D6D":{"t":"P32R"},"D6E":{"desc":"L1P"},"D6F":{"desc":"H1T"},"D70":{"desc":"L1P","t":"ULAC"},"D73":{"t":"A321"},"D76":{"desc":"L1P"},"D77":{"t":"BE33"},"D78":{"desc":"A1P"},"D7F":{"t":"BE60"},"D81":{"t":"BALL"},"D85":{"t":"P28R"},"D88":{"t":"C425"},"D8C":{"desc":"L2T"},"D8D":{"t":"C172"},"D8F":{"t":"DA42"},"D94":{"t":"PC12"},"D97":{"desc":"L1P"},"D9D":{"t":"DC10"},"DA3":{"t":"E55P"},"DA4":{"desc":"L2J"},"DA8":{"desc":"L2J","t":"A20N"},"DB3":{"t":"FA10"},"DB4":{"t":"BE20"},"DB6":{"t":"SF50"},"DBC":{"t":"PA18"},"DC2":{"t":"GLEX"},"DC5":{"t":"E55P"},"DC6":{"desc":"L1P"},"DC7":{"t":"GLEX"},"DCA":{"desc":"L1P"},"DCB":{"t":"PA31"},"DD0":{"t":"R66"},"DD1":{"desc":"L1P"},"DD3":{"t":"S22T"},"DD4":{"t":"H500"},"DDF":{"desc":"L1P"},"DE1":{"t":"C177"},"DE3":{"t":"BE55"},"DE5":{"t":"E190"},"DE7":{"desc":"L1P"},"DEA":{"t":"BE36"},"DEB":{"t":"C182"},"DEC":{"t":"F900"},"DEE":{"desc":"L1P"},"DF0":{"t":"C180"},"DF1":{"t":"BE20"},"DF3":{"desc":"L1P"},"DF4":{"t":"SR22"},"DF5":{"desc":"L1P"},"DF8":{"desc":"L1P","t":"ULAC"},"DFC":{"t":"CL30"},"DFE":{"desc":"L1P"},"E0E":{"desc":"L1P"},"E0F":{"t":"PA46"},"E18":{"t":"B06"},"E1B":{"desc":"L1P"},"E1C":{"desc":"L1P"},"E1D":{"t":"B212"},"E1E":{"desc":"L1P"},"E25":{"t":"SR22"},"E26":{"t":"C182"},"E2E":{"desc":"L1P"},"E2F":{"t":"PA32"},"E32":{"t":"BE9L"},"E33":{"t":"S22T"},"E34":{"t":"H25B"},"E35":{"desc":"H1P"},"E36":{"t":"B06"},"E39":{"t":"C206"},"E3C":{"desc":"L1T","t":"M600"},"E3F":{"desc":"L1P"},"E46":{"t":"DA42"},"E47":{"t":"E50P"},"E49":{"t":"A319"},"E4B":{"t":"P28A"},"E4D":{"t":"BE23"},"E53":{"desc":"L1P"},"E5B":{"t":"A319"},"E60":{"t":"BE36"},"E61":{"t":"PA44"},"E62":{"t":"BE36"},"E63":{"t":"C150"},"E64":{"t":"A119"},"E66":{"t":"B738"},"E67":{"desc":"L1P"},"E68":{"t":"SR22"},"E6C":{"t":"PC12"},"E6F":{"t":"CRJ9"},"E70":{"t":"S22T"},"E72":{"desc":"A1P","t":"ULAC"},"E8A":{"t":"E55P"},"E92":{"desc":"L1P"},"E93":{"t":"C310"},"E94":{"t":"C82S"},"E95":{"t":"B06"},"E98":{"desc":"L1J"},"E99":{"desc":"L1P"},"E9C":{"desc":"L2J","t":"B38M"},"E9D":{"desc":"L1P"},"EA2":{"t":"BALL"},"EA3":{"t":"BE30"},"EA8":{"t":"EC35"},"EAB":{"desc":"L1P"},"EAC":{"t":"HDJT"},"EAD":{"t":"BE58"},"EAE":{"desc":"L1E"},"EAF":{"desc":"L1P"},"EB0":{"desc":"L2J","t":"B38M"},"EB1":{"t":"C182"},"EB7":{"desc":"L1P"},"EB9":{"t":"B06"},"EBB":{"desc":"A1P","t":"ULAC"},"EBC":{"t":"F900"},"EBD":{"t":"BE36"},"EBF":{"t":"C162"},"EC0":{"t":"PC12"},"EC1":{"t":"S92"},"EC4":{"t":"PA18"},"EC6":{"t":"BALL"},"EC7":{"t":"R44"},"EC8":{"t":"WW24"},"ECD":{"desc":"L1P","t":"ULAC"},"ED0":{"t":"S22T"},"ED1":{"t":"M20T"},"ED5":{"t":"S22T"},"ED8":{"t":"B06"},"ED9":{"desc":"L1P"},"EDA":{"desc":"H1T"},"EE2":{"desc":"A1P"},"EEB":{"t":"B763"},"EF6":{"t":"PA32"},"EF7":{"t":"GLF5"},"EF8":{"t":"GLF4"},"F06":{"desc":"L1P","t":"ULAC"},"F0F":{"t":"B350"},"F12":{"t":"C421"},"F1F":{"t":"AT5T"},"F21":{"t":"S22T"},"F24":{"desc":"L2T"},"F28":{"t":"P28R"},"F74":{"t":"C170"},"F79":{"t":"C182"},"F7D":{"t":"ULAC"},"F7E":{"t":"T206"},"F7F":{"desc":"L1T"},"F82":{"t":"AT3T"},"F84":{"t":"C182"},"F85":{"t":"AT3P"},"F87":{"t":"C150"},"F88":{"t":"BE36"},"F89":{"t":"AT3T"},"F8C":{"t":"P28A"},"F8E":{"t":"P28A"},"F90":{"t":"P28S"},"F94":{"t":"P32T"},"F95":{"t":"P32T"},"F98":{"t":"C170"},"F99":{"t":"C180"},"F9D":{"t":"B25"},"F9F":{"t":"ULAC"},"FA3":{"t":"C120"},"FA4":{"t":"PA23"},"FA6":{"t":"C182"},"FA7":{"t":"C182"},"FA8":{"t":"P28R"},"FAB":{"t":"BE35"},"FAD":{"t":"C182"},"FAE":{"t":"PA22"},"FB0":{"desc":"H1T","t":"S55P"},"FB3":{"desc":"H1P"},"FB4":{"t":"AT3P"},"FB5":{"desc":"L1P"},"FB6":{"t":"M20P"},"FB7":{"desc":"L1P"},"FBB":{"t":"C170"},"FBC":{"desc":"L1P","t":"ULAC"},"FBD":{"t":"C180"},"FBE":{"t":"AR11"},"FBF":{"t":"C182"},"FC1":{"t":"AT3P"},"FC3":{"t":"MITE"},"FC4":{"t":"C310"},"FC5":{"t":"PA12"},"FC6":{"t":"C140"},"FC8":{"t":"M7"},"FC9":{"t":"C182"},"FCA":{"t":"C182"},"FCB":{"t":"ULAC"},"FCC":{"t":"C182"},"FCF":{"t":"C150"},"FD0":{"t":"C182"},"FD4":{"desc":"L1P","t":"ULAC"},"FD5":{"t":"AT3P"},"FD8":{"t":"AT3T"},"FDB":{"t":"PA34"},"FDE":{"t":"C170"},"FE2":{"t":"C182"},"FE3":{"t":"AT3P"},"FE7":{"t":"AT2P"},"FE8":{"desc":"L1P","t":"ULAC"},"FE9":{"t":"C120"},"FEB":{"t":"P32R"},"FEC":{"desc":"H1P"},"FED":{"t":"C182"},"FF0":{"t":"C182"},"FF1":{"t":"BE35"},"FF3":{"t":"ULAC"},"FF5":{"t":"P28A"},"FF7":{"t":"P28A"},"FFB":{"t":"P28A"},"FFE":{"desc":"A1P","t":"ULAC"}}