{"000":{"t":"C182"},"003":{"t":"C150"},"008":{"t":"PA32"},"009":{"desc":"L1P"},"00F":{"t":"P28A"},"011":{"t":"C170"},"012":{"t":"PA22"},"013":{"t":"BE35"},"014":{"t":"C180"},"016":{"t":"M20P"},"018":{"desc":"L1P"},"01A":{"t":"GC1"},"01B":{"t":"C172"},"01C":{"t":"PA12"},"01D":{"t":"J3"},"022":{"t":"C177"},"024":{"t":"BE35"},"026":{"t":"C150"},"027":{"t":"C182"},"028":{"t":"PA22"},"029":{"t":"P28A"},"02A":{"t":"P28A"},"02C":{"desc":"L1P"},"02D":{"t":"P28R"},"02E":{"desc":"L1P"},"033":{"t":"GLID"},"034":{"t":"C170"},"036":{"desc":"L1P"},"038":{"t":"AR11"},"039":{"t":"BALL"},"03A":{"t":"C172"},"03B":{"t":"ERCO"},"03C":{"t":"C150"},"03E":{"t":"C172"},"040":{"t":"J3"},"042":{"t":"P28A"},"043":{"t":"P28R"},"044":{"t":"R44"},"049":{"t":"C150"},"04C":{"desc":"L1P"},"04E":{"t":"P28B"},"050":{"desc":"L1P"},"051":{"desc":"L1P"},"052":{"t":"PA34"},"053":{"t":"BALL"},"054":{"t":"P28A"},"055":{"desc":"L1P"},"058":{"t":"BE58"},"059":{"t":"BE35"},"05A":{"t":"C180"},"05B":{"t":"C182"},"05D":{"t":"T6"},"05E":{"t":"R44"},"060":{"t":"GC1"},"061":{"t":"C172"},"063":{"t":"J3"},"066":{"t":"BE36"},"067":{"t":"BE9L"},"068":{"t":"C177"},"069":{"t":"C182"},"06C":{"t":"C150"},"06F":{"desc":"L1P","t":"ULAC"},"070":{"t":"J3"},"071":{"t":"P28A"},"075":{"t":"P28A"},"078":{"t":"P28R"},"079":{"t":"GLID"},"07B":{"desc":"L1T"},"07C":{"t":"BE35"},"07F":{"t":"M20P"},"085":{"t":"C414"},"087":{"t":"BE36"},"089":{"t":"P28R"},"08B":{"t":"C177"},"08F":{"t":"BE36"},"090":{"t":"C182"},"093":{"desc":"L1P"},"094":{"t":"WACF"},"097":{"t":"P28A"},"098":{"desc":"L1P"},"09A":{"t":"P28A"},"09E":{"t":"PA22"},"0A0":{"t":"C180"},"0A6":{"t":"GC1"},"0A7":{"t":"BE58"},"0A8":{"t":"PA12"},"0AA":{"t":"PA23"},"0AB":{"desc":"L1P"},"0AD":{"t":"C182"},"0AE":{"t":"BE36"},"0B1":{"t":"PA32"},"0B5":{"t":"P28A"},"0B6":{"t":"P28R"},"0B7":{"desc":"L1P"},"0B8":{"t":"P28R"},"0B9":{"desc":"L1P"},"0BB":{"t":"P28A"},"0BD":{"t":"P28A"},"0BF":{"t":"L29"},"0C0":{"desc":"H1P"},"0C2":{"t":"BE35"},"0C3":{"t":"BE36"},"0C4":{"t":"AR11"},"0C5":{"t":"M20P"},"0C7":{"desc":"L1P"},"0C8":{"t":"BE36"},"0CB":{"t":"C402"},"0CF":{"t":"PA32"},"0D2":{"t":"C182"},"0D4":{"t":"PA32"},"0D8":{"t":"P28A"},"0DA":{"t":"P28R"},"0DB":{"t":"PA32"},"0DF":{"t":"ST75"},"0E3":{"t":"SR22"},"0E4":{"t":"CL30"},"0E5":{"desc":"L1P"},"0E6":{"desc":"L4J"},"0E7":{"t":"GLID"},"0E8":{"t":"B06"},"0EE":{"desc":"L1P","t":"ULAC"},"0EF":{"t":"EC30"},"0F1":{"t":"GLF6"},"0F4":{"t":"E55P"},"0F5":{"t":"C25A"},"0F7":{"t":"P28A"},"0F9":{"desc":"L1J"},"0FC":{"t":"F2TH"},"0FE":{"t":"PA31"},"101":{"t":"BL8"},"102":{"t":"PTS2"},"103":{"t":"AT6T"},"104":{"t":"PA31"},"106":{"t":"SR20"},"108":{"t":"AT8T"},"109":{"t":"C25B"},"10A":{"desc":"L1P"},"115":{"t":"PA24"},"116":{"t":"P32R"},"118":{"t":"PA31"},"119":{"t":"S22T"},"11A":{"desc":"L1P"},"11E":{"t":"C25C"},"120":{"t":"SR22"},"123":{"t":"SR22"},"125":{"t":"PA31"},"126":{"t":"C240"},"12A":{"t":"CJ6"},"12E":{"desc":"L2T","t":"BE18"},"130":{"t":"EC35"},"131":{"t":"BE58"},"132":{"t":"T210"},"133":{"t":"C170"},"135":{"desc":"L1P"},"136":{"desc":"L1P"},"13B":{"t":"A321"},"13E":{"desc":"L1P"},"13F":{"t":"PA32"},"157":{"t":"LJ60"},"161":{"t":"PA31"},"169":{"t":"PA31"},"16B":{"t":"B738"},"16E":{"t":"E50P"},"170":{"desc":"L2J"},"171":{"t":"PC12"},"179":{"desc":"L1P"},"185":{"t":"F2TH"},"18B":{"desc":"L1P"},"195":{"t":"SR20"},"19D":{"t":"S22T"},"1A0":{"desc":"L1P"},"1A3":{"t":"C510"},"1AB":{"t":"PA31"},"1AE":{"t":"B06"},"1B3":{"t":"GLID"},"1B6":{"t":"ULAC"},"1B9":{"t":"DV20"},"1BC":{"t":"C152"},"1BD":{"t":"PC12"},"1C0":{"t":"BE58"},"1C4":{"desc":"L1P"},"1C7":{"t":"C414"},"1D0":{"desc":"L1P"},"1D5":{"desc":"L1P"},"1D9":{"desc":"L1P"},"1DD":{"desc":"L1P"},"1DE":{"t":"PA44"},"1E3":{"t":"H25B"},"1EF":{"desc":"L1T"},"1F6":{"t":"MITE"},"1F7":{"desc":"L2T"},"1F8":{"desc":"L1P"},"1FB":{"t":"PC12"},"1FD":{"t":"BE35"},"201":{"t":"C25A"},"202":{"t":"C182"},"206":{"t":"PA46"},"208":{"desc":"L2P"},"20B":{"t":"PC12"},"20F":{"t":"B25"},"211":{"t":"A319"},"213":{"t":"C56X"},"219":{"t":"RV12"},"223":{"t":"A319"},"224":{"t":"LJ35"},"229":{"t":"P32R"},"22B":{"t":"DV20"},"22D":{"t":"CL30"},"22F":{"t":"S22T"},"230":{"t":"EC35"},"233":{"t":"M20P"},"237":{"t":"CRJ9"},"238":{"t":"S22T"},"23A":{"t":"LJ45"},"240":{"t":"SR22"},"252":{"t":"E55P"},"25A":{"desc":"L1P"},"25D":{"t":"C25B"},"25E":{"t":"C650"},"262":{"desc":"L1P"},"268":{"t":"P210"},"26A":{"t":"U21"},"26E":{"desc":"L1P"},"275":{"desc":"L1P"},"276":{"desc":"H1P"},"277":{"t":"UH1"},"27A":{"t":"PA31"},"27D":{"desc":"L1P"},"27E":{"t":"SR20"},"27F":{"t":"R44"},"281":{"t":"C172"},"283":{"t":"BE55"},"284":{"desc":"L1P"},"285":{"desc":"L1T","t":"M600"},"288":{"t":"C182"},"293":{"t":"CL30"},"298":{"desc":"L1P"},"29A":{"t":"P46T"},"29C":{"desc":"L1P"},"29D":{"t":"COL4"},"29E":{"t":"PA34"},"2A1":{"t":"TBM7"},"2A2":{"t":"E50P"},"2A5":{"t":"C150"},"2AA":{"desc":"L2T"},"2B3":{"t":"B763"},"2B6":{"t":"A320"},"2CE":{"desc":"L1P","t":"ULAC"},"2DD":{"t":"EC30"},"2E0":{"t":"CL30"},"2E5":{"t":"C550"},"2E7":{"t":"BE9T"},"2EB":{"t":"AA5"},"2F0":{"desc":"L1P"},"301":{"desc":"L1P"},"322":{"t":"SR20"},"33C":{"desc":"L1P"},"33D":{"t":"PA18"},"33E":{"t":"BE35"},"340":{"t":"AR11"},"341":{"t":"M20P"},"343":{"t":"ERCO"},"344":{"t":"C150"},"346":{"t":"C172"},"349":{"t":"PA23"},"34A":{"desc":"L2P"},"34E":{"t":"C182"},"34F":{"t":"BE20"},"350":{"t":"PA32"},"352":{"t":"C182"},"353":{"t":"PA22"},"354":{"t":"P28A"},"355":{"t":"P28A"},"357":{"t":"J3"},"358":{"t":"J3"},"359":{"t":"P28A"},"35A":{"t":"P28A"},"35D":{"t":"PA32"},"35F":{"t":"M7"},"361":{"t":"BE35"},"362":{"t":"C180"},"363":{"desc":"L2P"},"364":{"t":"M20P"},"365":{"t":"P32R"},"369":{"t":"C172"},"36E":{"t":"B429"},"370":{"t":"C177"},"373":{"t":"BT36"},"375":{"t":"C182"},"376":{"t":"PA22"},"377":{"t":"PA34"},"379":{"t":"PA32"},"37C":{"t":"J5"},"37E":{"desc":"L1P"},"37F":{"t":"P28A"},"380":{"desc":"L1P"},"382":{"t":"C170"},"384":{"t":"BE35"},"385":{"t":"C180"},"387":{"t":"M20P"},"38A":{"t":"BE36"},"38B":{"t":"GC1"},"38C":{"t":"C172"},"38E":{"t":"GLID"},"38F":{"t":"PA23"},"390":{"t":"P28A"},"391":{"t":"BE36"},"392":{"t":"C182"},"393":{"t":"C177"},"394":{"t":"C182"},"398":{"t":"C208"},"399":{"t":"GLID"},"39A":{"t":"J3"},"39B":{"t":"P28R"},"39C":{"t":"J3"},"39D":{"t":"PA32"},"39E":{"t":"P28R"},"39F":{"t":"P28A"},"3A0":{"t":"P28A"},"3A8":{"t":"C180"},"3A9":{"t":"BALL"},"3AC":{"desc":"L1P"},"3AE":{"t":"GC1"},"3B1":{"t":"J3"},"3B2":{"t":"ULAC"},"3B4":{"t":"C411"},"3B5":{"t":"C182"},"3B8":{"t":"C150"},"3BD":{"t":"J3"},"3BE":{"t":"P28A"},"3C0":{"t":"S55P"},"3C1":{"t":"P28A"},"3C2":{"desc":"L1P"},"3C6":{"t":"P28A"},"3C9":{"t":"ERCO"},"3CA":{"t":"C172"},"3CD":{"t":"M20P"},"3CE":{"t":"BE36"},"3CF":{"t":"ERCO"},"3D0":{"t":"C150"},"3D2":{"t":"C172"},"3D3":{"t":"PA12"},"3D8":{"t":"C182"},"3DA":{"t":"C182"},"3DB":{"t":"C150"},"3DC":{"t":"PA32"},"3E0":{"t":"P28A"},"3E2":{"t":"P28A"},"3E3":{"t":"P28A"},"3E4":{"t":"P28A"},"3E6":{"t":"J3"},"3E8":{"t":"P28A"},"3ED":{"t":"BE35"},"3EF":{"t":"AR11"},"3F0":{"t":"M20P"},"3F1":{"desc":"L1P"},"3F2":{"t":"R44"},"3F5":{"t":"C172"},"3F6":{"t":"PA12"},"3F7":{"t":"J3"},"3F9":{"t":"C152"},"3FB":{"desc":"L1P"},"3FE":{"t":"BE35"},"3FF":{"t":"PA32"},"402":{"t":"PA22"},"403":{"t":"M7"},"404":{"t":"P28A"},"405":{"t":"P28R"},"406":{"t":"P28B"},"408":{"t":"PA34"},"409":{"t":"P28A"},"40A":{"t":"J5"},"40C":{"t":"P28A"},"40E":{"t":"ST75"},"410":{"desc":"L1P","t":"ULAC"},"413":{"t":"M20P"},"416":{"t":"C150"},"417":{"t":"GC1"},"41C":{"t":"P28S"},"41F":{"t":"C177"},"420":{"t":"C182"},"424":{"t":"C182"},"425":{"t":"PA22"},"426":{"t":"P28A"},"428":{"t":"J3"},"42B":{"t":"P28A"},"42C":{"t":"M7"},"42F":{"t":"J3"},"432":{"t":"PA18"},"434":{"t":"C180"},"435":{"t":"C172"},"436":{"t":"M20P"},"43A":{"t":"GC1"},"43B":{"t":"C172"},"43C":{"t":"PA12"},"43D":{"desc":"L1P"},"441":{"t":"C182"},"442":{"t":"C177"},"446":{"t":"C310"},"447":{"t":"C182"},"449":{"t":"PA32"},"44B":{"t":"J5"},"44C":{"t":"P28A"},"44D":{"t":"P28A"},"44E":{"t":"P28A"},"450":{"t":"PA32"},"451":{"t":"J5"},"453":{"desc":"L1P"},"456":{"t":"BE35"},"458":{"t":"AR11"},"45A":{"t":"T6"},"464":{"t":"C182"},"467":{"t":"C150"},"468":{"t":"PA32"},"469":{"t":"C310"},"46A":{"t":"C182"},"46B":{"t":"PA22"},"46D":{"t":"J3"},"471":{"t":"P28A"},"473":{"t":"J3"},"474":{"t":"P28A"},"476":{"desc":"L1P"},"477":{"t":"C170"},"479":{"t":"BE35"},"47A":{"t":"C180"},"47C":{"t":"M20P"},"47E":{"t":"ERCO"},"47F":{"t":"C150"},"482":{"t":"PA12"},"486":{"t":"C206"},"489":{"t":"C182"},"48A":{"t":"C150"},"48D":{"t":"C182"},"48F":{"t":"P28A"},"490":{"t":"J4"},"491":{"t":"P28A"},"492":{"t":"J4"},"494":{"t":"J4"},"495":{"t":"BALL"},"496":{"t":"J4"},"497":{"t":"J4"},"499":{"t":"P337"},"49A":{"t":"GLID"},"4A0":{"t":"DA40"},"4A1":{"t":"R66"},"4A3":{"t":"BE20"},"4A4":{"t":"SR22"},"4A5":{"desc":"L1P","t":"ULAC"},"4A6":{"t":"C82T"},"4AA":{"t":"M7"},"4AB":{"t":"E55P"},"4AC":{"t":"B737"},"4B0":{"desc":"L1J"},"4B2":{"t":"GLF4"},"4B4":{"desc":"L2T"},"4C4":{"desc":"L1P"},"4C8":{"desc":"A1P"},"4CC":{"t":"S108"},"4CD":{"desc":"L2T"},"4D0":{"t":"SR22"},"4D2":{"t":"C182"},"4D3":{"desc":"L1P"},"4D8":{"t":"S22T"},"4DA":{"t":"SR22"},"4E5":{"desc":"L1P","t":"ULAC"},"4E7":{"desc":"L1P"},"4E8":{"t":"SR22"},"4ED":{"desc":"L1P","t":"ULAC"},"4F2":{"t":"A321"},"4F3":{"t":"PA32"},"4F6":{"t":"DA40"},"4FA":{"t":"B350"},"4FE":{"t":"C411"},"507":{"desc":"L1P"},"513":{"t":"F2TH"},"517":{"desc":"L2J"},"527":{"desc":"L2J","t":"A20N"},"52C":{"t":"T34P"},"538":{"desc":"L1P"},"544":{"desc":"L1J"},"545":{"desc":"L1P"},"54B":{"desc":"L1P"},"550":{"t":"LJ60"},"562":{"desc":"L1P"},"564":{"t":"YK55"},"565":{"desc":"L1P"},"566":{"t":"GLF4"},"569":{"desc":"L1P"},"56C":{"t":"C525"},"56D":{"desc":"L1P"},"57D":{"t":"BE33"},"57E":{"desc":"L1P"},"587":{"desc":"L1P"},"590":{"t":"BE20"},"595":{"t":"AT5T"},"599":{"desc":"L1P"},"59A":{"t":"F900"},"59C":{"t":"S22T"},"5A2":{"t":"C172"},"5A5":{"desc":"H2T"},"5A6":{"t":"E300"},"5A9":{"t":"F2TH"},"5B0":{"t":"C182"},"5B2":{"t":"C172"},"5B4":{"desc":"L1P"},"5B5":{"desc":"H2T"},"5B9":{"t":"P28A"},"5BE":{"t":"CRJ9"},"5C6":{"t":"H25B"},"5C8":{"t":"A319"},"5CA":{"t":"PA44"},"5DA":{"t":"A319"},"5DF":{"desc":"L1P"},"5E0":{"t":"PC12"},"5E1":{"desc":"L1P"},"5E2":{"t":"PA18"},"5E6":{"desc":"L1P"},"5E7":{"t":"EC35"},"5EA":{"t":"C172"},"5EB":{"desc":"L1P"},"5EE":{"t":"CRJ9"},"5F0":{"t":"C182"},"609":{"t":"E55P"},"612":{"desc":"L1P"},"614":{"desc":"H6E"},"615":{"desc":"L1P"},"617":{"desc":"L1P"},"619":{"t":"P28A"},"61D":{"t":"C208"},"61F":{"desc":"L2J","t":"B38M"},"622":{"t":"C441"},"623":{"t":"BE20"},"625":{"t":"RV7"},"626":{"desc":"H1P"},"62A":{"t":"BE35"},"62C":{"t":"S22T"},"62E":{"t":"UH1"},"633":{"desc":"L2J","t":"B38M"},"634":{"t":"RV12"},"638":{"desc":"A1P","t":"ULAC"},"63A":{"t":"SR22"},"63B":{"desc":"L1P"},"640":{"desc":"L1P"},"643":{"t":"PA18"},"644":{"t":"SIRA"},"646":{"t":"BE60"},"64C":{"t":"M20P"},"64D":{"t":"SR22"},"64E":{"t":"PA18"},"653":{"t":"B732"},"654":{"t":"BE35"},"655":{"t":"ULAC"},"66A":{"t":"B763"},"66D":{"t":"A320"},"675":{"t":"PC12"},"677":{"t":"HUSK"},"685":{"desc":"L1P","t":"ULAC"},"6A7":{"desc":"L1P"},"6C0":{"desc":"L1P"},"6D9":{"t":"BE33"},"6F2":{"desc":"L1P"},"6F7":{"t":"AR11"},"6F8":{"t":"BE58"},"6FC":{"desc":"L1P"},"6FD":{"t":"C172"},"6FE":{"t":"PA12"},"6FF":{"t":"J3"},"703":{"t":"C182"},"706":{"t":"BE35"},"709":{"t":"C182"},"70A":{"t":"PA22"},"70B":{"t":"PA32"},"70F":{"t":"J3"},"712":{"t":"J5"},"713":{"t":"J5"},"715":{"desc":"L1P"},"718":{"t":"BE58"},"719":{"t":"C180"},"71C":{"t":"T6"},"721":{"t":"C182"},"722":{"t":"J3"},"726":{"t":"C182"},"728":{"desc":"L1P"},"729":{"t":"BE35"},"72A":{"t":"PA32"},"72C":{"desc":"L1P"},"72E":{"t":"P28A"},"731":{"t":"P28R"},"733":{"t":"J3"},"736":{"desc":"L1P"},"73A":{"t":"PA22"},"73B":{"t":"BE35"},"73C":{"desc":"L1P"},"73D":{"desc":"L1P"},"73E":{"t":"M20P"},"740":{"desc":"L1P"},"741":{"t":"C150"},"743":{"t":"C172"},"744":{"t":"C550"},"748":{"t":"BE9L"},"749":{"t":"C182"},"74A":{"t":"GLEX"},"74C":{"t":"BE35"},"74E":{"t":"BE36"},"74F":{"desc":"L1P"},"752":{"t":"J3"},"753":{"t":"P28R"},"754":{"t":"P28B"},"755":{"t":"PA34"},"758":{"t":"P28A"},"75A":{"t":"J3"},"75E":{"t":"BE9L"},"761":{"t":"M20P"},"762":{"t":"RC3"},"763":{"t":"ERCO"},"764":{"t":"C188"},"765":{"desc":"L1P"},"766":{"t":"C172"},"768":{"t":"BE9L"},"769":{"t":"P28A"},"76C":{"t":"C182"},"76F":{"t":"BE35"},"773":{"t":"PA22"},"775":{"t":"BE35"},"779":{"t":"J3"},"77C":{"t":"J3"},"781":{"t":"BE35"},"783":{"t":"AR11"},"784":{"t":"M20P"},"785":{"t":"T6"},"787":{"t":"C150"},"788":{"t":"GC1"},"78C":{"t":"PA18"},"78D":{"t":"C402"},"790":{"t":"C177"},"791":{"t":"R44"},"793":{"t":"PA32"},"794":{"t":"C310"},"796":{"t":"PA22"},"799":{"t":"J3"},"79C":{"t":"P28B"},"79D":{"t":"P28A"},"79E":{"t":"J3"},"7A0":{"t":"P28A"},"7A2":{"t":"C172"},"7A4":{"t":"BE35"},"7A5":{"t":"C180"},"7A6":{"t":"C172"},"7A7":{"t":"M20P"},"7A8":{"t":"T6"},"7AA":{"t":"C150"},"7AB":{"desc":"L1P","t":"ULAC"},"7AC":{"t":"C172"},"7AD":{"t":"PA12"},"7B0":{"t":"BE36"},"7B2":{"t":"C182"},"7B4":{"t":"C182"},"7BB":{"desc":"L1P"},"7BD":{"t":"P28A"},"7BF":{"t":"PA32"},"7C3":{"t":"P28A"},"7C7":{"t":"BE35"},"7C8":{"t":"BALL"},"7C9":{"t":"C172"},"7CA":{"t":"M20P"},"7CF":{"t":"C172"},"7D3":{"t":"BE36"},"7D6":{"desc":"L1P"},"7D7":{"t":"C182"},"7DA":{"t":"C310"},"7DD":{"t":"J3"},"7DE":{"t":"J3"},"7DF":{"t":"P28A"},"7E2":{"t":"P28R"},"7E9":{"t":"PA22"},"7EA":{"t":"BE35"},"7EB":{"t":"C180"},"7EC":{"t":"ULAC"},"7EE":{"t":"T6"},"7EF":{"t":"ERCO"},"7F1":{"t":"GC1"},"7F2":{"t":"C172"},"7F4":{"t":"BE58"},"7F5":{"desc":"L1P"},"7FF":{"t":"PA22"},"801":{"t":"J3"},"803":{"t":"J3"},"80B":{"t":"PA18"},"80C":{"t":"PA22"},"80D":{"t":"C82R"},"813":{"t":"C150"},"814":{"t":"C177"},"817":{"t":"PA18"},"818":{"t":"PA23"},"819":{"t":"C402"},"81B":{"t":"C182"},"81C":{"t":"C177"},"81D":{"t":"C170"},"81E":{"t":"BE35"},"823":{"t":"P28R"},"827":{"t":"P28A"},"829":{"t":"J5"},"830":{"t":"BE35"},"831":{"t":"BALL"},"832":{"t":"AR11"},"833":{"desc":"H1T","t":"UH12"},"834":{"t":"T6"},"835":{"t":"BE36"},"837":{"t":"GC1"},"839":{"t":"PA12"},"83A":{"t":"J3"},"841":{"t":"BE35"},"846":{"t":"P28A"},"847":{"t":"P28A"},"848":{"t":"P28A"},"849":{"t":"P28R"},"84A":{"t":"J4"},"84E":{"t":"J4"},"850":{"desc":"A2P"},"851":{"t":"P180"},"854":{"desc":"L1P"},"856":{"t":"B06"},"858":{"t":"SF34"},"85A":{"t":"S22T"},"85B":{"t":"PA18"},"85C":{"desc":"H4E"},"85D":{"t":"SR22"},"861":{"t":"B763"},"867":{"desc":"L1J"},"86A":{"t":"S22T"},"86B":{"t":"BE10"},"86D":{"desc":"L1P"},"86E":{"t":"J3"},"86F":{"t":"CH7B"},"871":{"t":"P46T"},"87F":{"t":"T210"},"884":{"t":"PA34"},"885":{"t":"SR22"},"886":{"desc":"L1P","t":"ULAC"},"887":{"desc":"L1P"},"88B":{"t":"EC30"},"891":{"t":"BL17"},"894":{"desc":"L1P"},"895":{"t":"C207"},"899":{"desc":"L1P"},"89C":{"t":"BE35"},"89D":{"t":"P28R"},"89E":{"t":"P51"},"89F":{"desc":"H1P"},"8A0":{"desc":"L1P"},"8A2":{"desc":"L1P"},"8A3":{"desc":"L1P"},"8A5":{"desc":"L1P"},"8A9":{"t":"A321"},"8AA":{"desc":"A1P"},"8AD":{"t":"SF50"},"8AE":{"t":"SR22"},"8B1":{"t":"BE20"},"8B2":{"desc":"H4E"},"8B4":{"desc":"L1P"},"8B5":{"t":"BE33"},"8B9":{"desc":"L1P"},"8BA":{"t":"SR22"},"8C2":{"desc":"L2T"},"8C6":{"desc":"H4E"},"8CE":{"desc":"L1P"},"8D0":{"t":"ULAC"},"8DA":{"t":"B350"},"8DE":{"desc":"H4E"},"8E7":{"t":"BE36"},"8E8":{"t":"ASTR"},"900":{"desc":"L1P"},"902":{"desc":"L1P"},"90E":{"t":"P32R"},"910":{"t":"C182"},"911":{"desc":"L1P"},"91A":{"t":"C56X"},"91B":{"desc":"L1P","t":"ULAC"},"91C":{"t":"P28S"},"923":{"t":"C172"},"925":{"desc":"A1T"},"92E":{"desc":"L1P"},"931":{"t":"PC12"},"934":{"t":"SR20"},"935":{"desc":"L1P"},"94B":{"desc":"L1P"},"94D":{"t":"BALL"},"94E":{"t":"BE20"},"950":{"desc":"L1P"},"954":{"desc":"L1P","t":"ULAC"},"955":{"t":"S22T"},"956":{"desc":"A1P"},"95C":{"t":"C182"},"960":{"t":"C182"},"961":{"t":"F2TH"},"965":{"desc":"L2P"},"966":{"desc":"L1P"},"967":{"t":"E55P"},"969":{"t":"BE30"},"96B":{"desc":"H1P"},"96C":{"desc":"H2T"},"96D":{"t":"P180"},"96E":{"t":"ULAC"},"970":{"t":"C56X"},"971":{"t":"HUSK"},"972":{"t":"H25B"},"975":{"desc":"A1P"},"976":{"t":"T206"},"979":{"t":"C414"},"97F":{"t":"A319"},"989":{"t":"C510"},"991":{"t":"A319"},"992":{"t":"A320"},"997":{"desc":"H6E"},"998":{"desc":"L1P"},"999":{"t":"DV20"},"99A":{"t":"C25C"},"99C":{"t":"M7"},"99E":{"t":"EC35"},"9A1":{"t":"P32R"},"9A4":{"desc":"L1P"},"9A8":{"desc":"L1P"},"9AB":{"t":"GLID"},"9AE":{"t":"SR20"},"9C0":{"t":"E55P"},"9C8":{"t":"B350"},"9CA":{"t":"BE20"},"9D0":{"t":"SR22"},"9D1":{"desc":"L1P"},"9DA":{"desc":"L1P"},"9DD":{"desc":"L1P"},"9DE":{"t":"F2TH"},"9E3":{"desc":"L1P"},"9E7":{"t":"PC12"},"9EB":{"desc":"L2J","t":"B38M"},"9EC":{"desc":"L1P","t":"ULAC"},"9ED":{"desc":"L1P"},"9EF":{"t":"C172"},"9F1":{"t":"SR22"},"9F3":{"t":"C82S"},"9F5":{"t":"C680"},"9FA":{"t":"PA18"},"9FB":{"t":"C340"},"9FD":{"desc":"L1P"},"A03":{"desc":"L1P"},"A05":{"t":"GLF4"},"A0B":{"t":"DA42"},"A0C":{"t":"ULAC"},"A10":{"t":"C25B"},"A21":{"t":"B763"},"A24":{"t":"DC93"},"A2C":{"t":"PA23"},"A2D":{"t":"S76"},"A3C":{"desc":"L1P","t":"ULAC"},"A47":{"desc":"L1P"},"A48":{"desc":"L1P"},"A49":{"desc":"L1P"},"A4D":{"t":"BALL"},"A50":{"t":"C208"},"A5E":{"t":"BL8"},"A7F":{"t":"E550"},"A87":{"t":"P180"},"A90":{"t":"BE33"},"AA9":{"t":"T6"},"AAD":{"t":"C180"},"AB0":{"desc":"L1P"},"AB2":{"t":"BE58"},"AB5":{"t":"PA12"},"AB9":{"t":"BE36"},"ABA":{"desc":"H4E"},"ABC":{"t":"C182"},"AC1":{"t":"PA22"},"AC2":{"t":"P28A"},"AC3":{"t":"P28A"},"AC4":{"t":"P28A"},"AC5":{"t":"P28A"},"AC6":{"t":"P28A"},"AC8":{"t":"PA32"},"ACA":{"t":"J3"},"ACD":{"t":"C170"},"ACE":{"t":"PA22"},"ACF":{"t":"BE35"},"AD3":{"t":"BE36"},"AD6":{"t":"GC1"},"AD7":{"t":"C172"},"ADA":{"desc":"L1P"},"ADF":{"t":"C182"},"AE0":{"t":"BE35"},"AE2":{"t":"C310"},"AE3":{"t":"C182"},"AE5":{"t":"J3"},"AE6":{"t":"P28A"},"AE7":{"t":"P28A"},"AE8":{"t":"P28A"},"AE9":{"t":"P28A"},"AF2":{"t":"BE35"},"AF3":{"t":"SR22"},"AF5":{"t":"M20P"},"AF6":{"t":"T6"},"AF7":{"t":"ERCO"},"AF9":{"desc":"L1P"},"AFC":{"t":"J3"},"B01":{"t":"C177"},"B03":{"t":"BE36"},"B04":{"t":"PA32"},"B05":{"t":"ULAC"},"B06":{"t":"C182"},"B09":{"desc":"L1P"},"B10":{"t":"PA32"},"B14":{"t":"PA22"},"B15":{"t":"BE35"},"B16":{"t":"C337"},"B17":{"t":"C172"},"B18":{"t":"M20P"},"B1B":{"t":"C150"},"B1D":{"desc":"L1P"},"B1E":{"t":"C185"},"B23":{"t":"C182"},"B24":{"t":"C177"},"B26":{"t":"BE35"},"B2A":{"t":"PA22"},"B2C":{"t":"P28A"},"B2D":{"t":"J3"},"B2E":{"t":"J3"},"B2F":{"t":"J3"},"B30":{"t":"P28A"},"B32":{"t":"J3"},"B34":{"t":"P28A"},"B35":{"t":"PA32"},"B39":{"t":"C180"},"B3A":{"t":"C172"},"B3E":{"t":"C150"},"B41":{"t":"BE50"},"B42":{"t":"J3"},"B45":{"t":"P28R"},"B47":{"t":"C177"},"B4B":{"t":"C310"},"B4D":{"t":"PA22"},"B4F":{"t":"UH1"},"B50":{"t":"P28A"},"B51":{"t":"J3"},"B52":{"t":"P28A"},"B54":{"t":"J3"},"B55":{"t":"P28R"},"B57":{"t":"P28R"},"B5B":{"t":"C82R"},"B5C":{"t":"C180"},"B5E":{"t":"M20P"},"B63":{"t":"C172"},"B66":{"desc":"L1P"},"B69":{"t":"C182"},"B6C":{"t":"BE35"},"B73":{"t":"J3"},"B74":{"t":"J3"},"B75":{"t":"J3"},"B76":{"t":"PA34"},"B79":{"t":"J3"},"B7A":{"t":"J3"},"B7F":{"t":"C180"},"B80":{"t":"CH7A"},"B83":{"t":"ERCO"},"B85":{"t":"UH1"},"B89":{"t":"PA23"},"B8B":{"t":"BE33"},"B8C":{"t":"C182"},"B8D":{"t":"UH1"},"B8E":{"t":"C182"},"B8F":{"t":"BE35"},"B95":{"t":"P28A"},"B96":{"t":"P28A"},"B9B":{"t":"P28A"},"B9C":{"t":"J3"},"B9D":{"t":"P28A"},"B9F":{"t":"C170"},"BA1":{"t":"C82R"},"BA2":{"desc":"L1P","t":"ULAC"},"BA3":{"t":"AR11"},"BA5":{"desc":"L1P"},"BA7":{"t":"C150"},"BA9":{"t":"C172"},"BAA":{"t":"PA12"},"BAB":{"t":"J3"},"BAF":{"t":"C182"},"BB0":{"desc":"L1P"},"BB5":{"t":"C182"},"BB6":{"t":"PA22"},"BB9":{"t":"J3"},"BBA":{"t":"P28R"},"BBC":{"t":"J4"},"BBD":{"t":"PA34"},"BBF":{"t":"J3"},"BC0":{"t":"P28A"},"BC1":{"t":"F2TH"},"BC3":{"t":"PA22"},"BC4":{"desc":"L1P"},"BCA":{"t":"C150"},"BCB":{"desc":"L1P"},"BCC":{"t":"C172"},"BD1":{"t":"C411"},"BD2":{"t":"C182"},"BD3":{"t":"P28A"},"BD4":{"t":"C182"},"BD5":{"t":"C150"},"BD6":{"t":"PA32"},"BD8":{"t":"PA27"},"BDB":{"t":"P28A"},"BDD":{"t":"P28R"},"BDE":{"t":"P28R"},"BDF":{"t":"PA32"},"BE2":{"t":"J5"},"BE7":{"t":"C82R"},"BE8":{"t":"C180"},"BEB":{"desc":"L1P"},"BEC":{"t":"BALL"},"BEF":{"t":"C172"},"BF0":{"t":"C310"},"BF1":{"t":"T210"},"BF2":{"t":"PA23"},"BF7":{"t":"C182"},"BF9":{"desc":"A1P"},"BFB":{"desc":"L1P"},"BFC":{"t":"PA18"},"BFD":{"t":"P28A"},"BFE":{"t":"J5"},"BFF":{"t":"J5"},"C00":{"t":"P28A"},"C01":{"t":"P28A"},"C02":{"desc":"L1P"},"C03":{"t":"P28B"},"C0F":{"t":"SF34"},"C11":{"t":"LJ60"},"C12":{"t":"T28"},"C14":{"desc":"L1P","t":"ULAC"},"C1A":{"t":"B737"},"C1E":{"desc":"L1J"},"C21":{"t":"BE35"},"C22":{"desc":"L2J"},"C2A":{"desc":"L1P"},"C2B":{"desc":"L1P","t":"ULAC"},"C2C":{"t":"BALL"},"C3A":{"desc":"L1P"},"C3C":{"t":"PA22"},"C3D":{"desc":"L1P"},"C3E":{"desc":"L1P"},"C42":{"t":"EC30"},"C43":{"t":"C525"},"C46":{"t":"M20P"},"C48":{"t":"SR22"},"C4A":{"t":"BE20"},"C4B":{"t":"C240"},"C4C":{"desc":"L1P"},"C57":{"t":"C172"},"C5A":{"desc":"L1P"},"C5B":{"desc":"L1P"},"C5D":{"t":"SR22"},"C60":{"t":"A321"},"C65":{"t":"SR20"},"C6C":{"desc":"L1P"},"C78":{"desc":"L1P"},"C79":{"desc":"L2T"},"C8A":{"t":"GLID"},"C95":{"desc":"L2J","t":"A20N"},"C9E":{"t":"P28A"},"CB0":{"desc":"L2J"},"CB7":{"desc":"L1P"},"CBF":{"t":"BE36"},"CC3":{"desc":"L1P"},"CC5":{"t":"P32R"},"CC7":{"t":"BE35"},"CD0":{"t":"GLID"},"CD2":{"t":"E190"},"CD3":{"desc":"L1P"},"CDC":{"desc":"L1P"},"CDE":{"t":"PC12"},"CE4":{"desc":"L1P"},"CE5":{"t":"SR22"},"CF4":{"t":"RV12"},"D02":{"t":"C182"},"D05":{"desc":"L1P"},"D07":{"desc":"L1P"},"D09":{"t":"GLID"},"D0F":{"desc":"L2J"},"D10":{"desc":"A1P"},"D14":{"t":"E300"},"D1B":{"t":"BE58"},"D1C":{"t":"P28R"},"D1D":{"t":"SR22"},"D1E":{"t":"S22T"},"D1F":{"t":"BL8"},"D20":{"t":"C172"},"D23":{"t":"B412"},"D26":{"desc":"A1P"},"D27":{"t":"GLF5"},"D29":{"t":"B763"},"D34":{"t":"C68A"},"D35":{"t":"C501"},"D36":{"t":"A319"},"D37":{"t":"P28R"},"D48":{"t":"A319"},"D49":{"t":"A320"},"D4D":{"t":"BE58"},"D4E":{"desc":"H6E"},"D4F":{"t":"C150"},"D53":{"t":"C56X"},"D55":{"t":"EC35"},"D57":{"t":"S76"},"D59":{"desc":"L1P"},"D62":{"t":"E300"},"D77":{"t":"E55P"},"D81":{"t":"T28"},"D83":{"desc":"A1P"},"D84":{"t":"PAY2"},"D87":{"t":"SR22"},"D8B":{"desc":"H1P"},"D8D":{"t":"C56X"},"D8F":{"desc":"L2J","t":"B38M"},"D90":{"t":"C56X"},"D93":{"desc":"L1P"},"D98":{"t":"BE35"},"D99":{"t":"GLID"},"D9E":{"t":"PC12"},"D9F":{"desc":"L1P"},"DA0":{"t":"A139"},"DA4":{"t":"ULAC"},"DA6":{"t":"B733"},"DA8":{"t":"SR22"},"DA9":{"t":"R44"},"DAA":{"desc":"L2T"},"DAE":{"desc":"L1P"},"DB1":{"t":"CH7B"},"DB2":{"t":"C172"},"DB3":{"t":"GLID"},"DBA":{"desc":"L1P"},"DC1":{"desc":"L1P"},"DC2":{"t":"DA42"},"DC3":{"desc":"L1P"},"DC6":{"t":"GLID"},"DD8":{"t":"B763"},"DE3":{"t":"R44"},"DF3":{"desc":"L1P","t":"ULAC"},"E04":{"t":"S22T"},"E11":{"t":"J328"},"E26":{"desc":"L1P"},"E2E":{"t":"PA18"},"E47":{"t":"BE33"},"E63":{"t":"BE35"},"E65":{"t":"BALL"},"E66":{"t":"M20P"},"E6B":{"t":"C172"},"E6D":{"t":"J3"},"E6E":{"t":"PA23"},"E6F":{"t":"PA32"},"E70":{"t":"P28R"},"E71":{"t":"L13M"},"E72":{"t":"ULAC"},"E76":{"t":"C310"},"E78":{"t":"BE50"},"E7A":{"t":"P28A"},"E7B":{"t":"J3"},"E7D":{"t":"P28A"},"E7E":{"t":"P28A"},"E7F":{"t":"C182"},"E81":{"t":"P28A"},"E82":{"t":"J3"},"E85":{"t":"C152"},"E87":{"t":"C180"},"E89":{"t":"M20P"},"E8A":{"desc":"L1P"},"E8B":{"t":"ERCO"},"E8C":{"t":"C150"},"E8D":{"t":"BE58"},"E8E":{"t":"C172"},"E8F":{"t":"PA12"},"E94":{"t":"C182"},"E98":{"t":"BALL"},"E9A":{"t":"BALL"},"E9C":{"t":"PA32"},"E9D":{"t":"J3"},"E9E":{"t":"PA34"},"E9F":{"t":"P28A"},"EA0":{"t":"J3"},"EA1":{"t":"J3"},"EA2":{"t":"P28A"},"EA3":{"t":"P28A"},"EA7":{"t":"C170"},"EA9":{"t":"BE35"},"EAA":{"t":"C180"},"EAB":{"t":"CH7A"},"EAC":{"t":"RV12"},"EAD":{"t":"BALL"},"EAE":{"t":"ERCO"},"EAF":{"t":"C150"},"EB1":{"t":"C172"},"EB2":{"t":"PA12"},"EB4":{"t":"BALL"},"EB5":{"t":"P28A"},"EB7":{"t":"C182"},"EB8":{"t":"C177"},"EBA":{"t":"BALL"},"EBB":{"t":"BALL"},"EBC":{"t":"BALL"},"EBD":{"t":"BALL"},"EBE":{"t":"PA18"},"EBF":{"t":"P28R"},"EC3":{"t":"BALL"},"EC4":{"t":"P28A"},"ECA":{"t":"C170"},"ECB":{"t":"PA20"},"ECC":{"t":"C303"},"ECD":{"t":"C180"},"ECE":{"t":"BALL"},"ECF":{"t":"M20P"},"ED0":{"t":"BALL"},"ED3":{"t":"GC1"},"ED4":{"t":"C172"},"ED6":{"t":"ULAC"},"ED9":{"desc":"L1P","t":"ULAC"},"EDA":{"t":"ULAC"},"EDC":{"desc":"L1P","t":"ULAC"},"EDE":{"t":"PA32"},"EE1":{"t":"BALL"},"EE2":{"t":"P28A"},"EE3":{"t":"P28R"},"EE4":{"t":"P28B"},"EE5":{"t":"J3"},"EE9":{"t":"P28A"},"EEA":{"t":"P28A"},"EEB":{"t":"J3"},"EED":{"t":"ULAC"},"EEE":{"t":"PA22"},"EEF":{"t":"BALL"},"EF0":{"t":"C180"},"EF1":{"t":"AR11"},"EF2":{"t":"M20P"},"EF4":{"desc":"L1P"},"EF6":{"t":"GC1"},"EF7":{"t":"C172"},"EF8":{"t":"C310"},"EFA":{"t":"PA23"},"EFB":{"desc":"L1P","t":"ULAC"},"EFC":{"t":"P28R"},"EFD":{"t":"ULAC"},"EFE":{"desc":"L1P"},"F00":{"t":"ULAC"},"F01":{"t":"PA32"},"F03":{"t":"C182"},"F06":{"t":"P28A"},"F08":{"t":"J3"},"F09":{"t":"J3"},"F0B":{"t":"P28A"},"F0C":{"t":"P28A"},"F0D":{"t":"J3"},"F12":{"t":"BE35"},"F13":{"desc":"L1P","t":"ULAC"},"F16":{"desc":"L1P","t":"ULAC"},"F19":{"t":"GC1"},"F1A":{"t":"C172"},"F1C":{"t":"H25B"},"F1D":{"t":"PA23"},"F20":{"t":"C182"},"F21":{"t":"B47G"},"F23":{"t":"C172"},"F28":{"t":"BALL"},"F29":{"t":"J3"},"F2A":{"t":"J3"},"F2E":{"desc":"L1P","t":"ULAC"},"F2F":{"t":"J3"},"F30":{"t":"BALL"},"F32":{"t":"T6"},"F33":{"desc":"L1P"},"F34":{"t":"BALL"},"F36":{"t":"BALL"},"F37":{"t":"AR11"},"F39":{"t":"BALL"},"F3A":{"t":"ERCO"},"F3C":{"t":"BALL"},"F3D":{"t":"C172"},"F3F":{"t":"J3"},"F42":{"t":"BALL"},"F45":{"t":"BALL"},"F4B":{"t":"P28A"},"F4C":{"t":"P28R"},"F4E":{"t":"PA34"},"F50":{"t":"P28A"},"F52":{"t":"BALL"},"F53":{"t":"P28A"},"F56":{"t":"C170"},"F57":{"t":"BALL"},"F58":{"t":"BE35"},"F59":{"t":"BALL"},"F5A":{"t":"C172"},"F5B":{"t":"M20P"},"F5C":{"t":"BALL"},"F5D":{"t":"ERCO"},"F5E":{"t":"BALL"},"F5F":{"t":"BALL"},"F61":{"t":"PA12"},"F62":{"t":"BALL"},"F64":{"t":"P28A"},"F65":{"t":"P28R"},"F68":{"t":"BALL"},"F69":{"t":"BALL"},"F6B":{"t":"BALL"},"F6D":{"t":"PA18"},"F6E":{"t":"P28R"},"F6F":{"t":"P28B"},"F70":{"t":"ULAC"},"F71":{"t":"PA34"},"F72":{"t":"P28A"},"F74":{"t":"P28A"},"F76":{"t":"P28A"},"F77":{"t":"J4"},"F78":{"t":"C172"},"F79":{"t":"C170"},"F7A":{"t":"BALL"},"F7B":{"t":"BE35"},"F7C":{"t":"C180"},"F7D":{"t":"AR11"},"F7E":{"t":"M20P"},"F7F":{"t":"BALL"},"F81":{"t":"C150"},"F83":{"t":"BALL"},"F84":{"t":"C310"},"F86":{"t":"BALL"},"F87":{"desc":"L1P"},"F89":{"t":"C182"},"F8B":{"t":"C182"},"F8F":{"t":"BALL"},"F90":{"t":"PA18"},"F91":{"t":"J4"},"F94":{"t":"BALL"},"F95":{"t":"J4"},"F96":{"t":"BALL"},"F98":{"t":"J5"},"F99":{"t":"P28A"},"F9A":{"t":"BALL"},"F9C":{"t":"C170"},"FA1":{"t":"M20P"},"FA2":{"t":"BALL"},"FA5":{"t":"GC1"},"FA7":{"t":"PA12"},"FAA":{"t":"P28A"},"FAC":{"t":"C182"},"FAE":{"t":"C182"},"FB0":{"t":"PA32"},"FB2":{"t":"C182"},"FB6":{"t":"J5"},"FBA":{"t":"BALL"},"FBC":{"t":"P28A"},"FBD":{"t":"J5"},"FBE":{"desc":"A2P"},"FC1":{"t":"R44"},"FC2":{"t":"BL8"},"FC4":{"t":"SF34"},"FC8":{"t":"B350"},"FCA":{"desc":"L1P","t":"ULAC"},"FCB":{"t":"EC30"},"FCD":{"t":"PA18"},"FD1":{"t":"B737"},"FD7":{"desc":"L1P"},"FDA":{"t":"B738"},"FDB":{"desc":"L1P"},"FE0":{"t":"C25B"},"FE6":{"t":"PA18"},"FE8":{"t":"AT5T"},"FF1":{"t":"BE33"},"FF2":{"desc":"L1J"},"FF4":{"desc":"L1P"},"FF7":{"t":"C25C"},"FF9":{"t":"CL30"},"FFA":{"t":"C25B"},"FFD":{"t":"CH7A"},"FFF":{"t":"T206"}}