{"001":{"t":"PA32"},"008":{"t":"TAYB"},"00E":{"t":"C177"},"011":{"t":"BE35"},"015":{"t":"T34P"},"019":{"t":"J3"},"01C":{"t":"J3"},"01D":{"t":"PA23"},"022":{"t":"C182"},"023":{"t":"BE35"},"024":{"t":"PA32"},"025":{"t":"M20P"},"027":{"t":"PA22"},"028":{"t":"C77R"},"02C":{"t":"TAYB"},"030":{"t":"C177"},"031":{"t":"C77R"},"032":{"t":"S22T"},"033":{"t":"PA20"},"034":{"t":"BE35"},"036":{"t":"C170"},"038":{"t":"C182"},"03F":{"t":"J3"},"042":{"t":"C182"},"044":{"t":"C177"},"048":{"t":"M20P"},"04A":{"t":"PA22"},"04C":{"t":"C177"},"04D":{"t":"TAYB"},"04E":{"t":"C177"},"050":{"t":"C177"},"054":{"t":"C177"},"055":{"desc":"L1P"},"05B":{"t":"C177"},"05D":{"t":"ERCO"},"05E":{"t":"C150"},"061":{"t":"P28S"},"064":{"t":"C320"},"066":{"t":"C182"},"069":{"t":"BE35"},"06B":{"t":"M20P"},"06C":{"t":"C180"},"06D":{"t":"PA22"},"06F":{"t":"TAYB"},"070":{"t":"C177"},"076":{"t":"C77R"},"078":{"desc":"L1P"},"079":{"t":"P32R"},"080":{"t":"ERCO"},"081":{"t":"C150"},"082":{"t":"J3"},"085":{"t":"J3"},"08D":{"t":"PA32"},"08E":{"t":"M20P"},"092":{"t":"TAYB"},"094":{"t":"C77R"},"095":{"t":"C177"},"096":{"t":"TAYB"},"097":{"t":"TAYB"},"098":{"t":"TAYB"},"09E":{"t":"C340"},"09F":{"t":"C170"},"0A1":{"t":"C182"},"0A2":{"t":"G164"},"0A6":{"t":"C206"},"0A7":{"t":"PA12"},"0AC":{"t":"C182"},"0AE":{"t":"C182"},"0B0":{"t":"PA32"},"0B1":{"t":"M20P"},"0B3":{"t":"PA22"},"0B6":{"t":"C77R"},"0B7":{"t":"TAYB"},"0B8":{"t":"TAYB"},"0BB":{"t":"C77R"},"0C0":{"t":"BE35"},"0C2":{"t":"AS50"},"0C3":{"t":"CH7A"},"0CE":{"t":"C182"},"0D0":{"t":"C177"},"0D4":{"t":"M20P"},"0D7":{"t":"C77R"},"0D8":{"t":"C77R"},"0D9":{"t":"TAYB"},"0DB":{"t":"C77R"},"0E2":{"t":"PA22"},"0E3":{"t":"BE35"},"0E5":{"desc":"L1P"},"0E6":{"t":"CH7A"},"0EA":{"t":"C150"},"0ED":{"t":"PA12"},"0EE":{"t":"M20P"},"0F0":{"t":"P28A"},"0F1":{"t":"C182"},"0F8":{"t":"C180"},"0FB":{"t":"C77R"},"0FD":{"t":"TAYB"},"0FE":{"t":"TAYB"},"100":{"t":"C77R"},"101":{"t":"C177"},"102":{"t":"TAYB"},"103":{"t":"C177"},"104":{"t":"BE55"},"105":{"t":"DC3"},"106":{"t":"ST75"},"107":{"desc":"H4E"},"108":{"desc":"L1P"},"10A":{"t":"LJ45"},"10C":{"t":"SF34"},"10F":{"t":"PA22"},"111":{"t":"EC30"},"113":{"t":"F2TH"},"115":{"t":"C525"},"116":{"desc":"H1T"},"117":{"t":"C340"},"11B":{"desc":"L1J"},"11E":{"t":"BE35"},"11F":{"t":"GLID"},"121":{"t":"C340"},"123":{"t":"M20T"},"125":{"t":"C340"},"137":{"t":"HUSK"},"138":{"t":"PA31"},"139":{"desc":"L1P","t":"ULAC"},"13A":{"t":"R44"},"13B":{"desc":"A1P"},"13D":{"desc":"H1T"},"13F":{"t":"PA27"},"143":{"t":"C340"},"14C":{"t":"H25B"},"150":{"t":"BE60"},"153":{"t":"P32R"},"15D":{"t":"A321"},"160":{"t":"C182"},"162":{"desc":"H1T"},"169":{"t":"BE58"},"16E":{"desc":"H1P"},"180":{"t":"SR22"},"185":{"t":"C172"},"192":{"desc":"L2J","t":"A20N"},"194":{"t":"P28A"},"198":{"t":"E55P"},"19D":{"desc":"L1P"},"1A2":{"desc":"H1T"},"1AC":{"desc":"L2P"},"1B6":{"t":"LJ45"},"1B7":{"t":"C340"},"1BE":{"desc":"L1T"},"1C2":{"t":"AS50"},"1CE":{"desc":"L1P"},"1CF":{"desc":"L1P"},"1D0":{"t":"C82R"},"1D1":{"desc":"L1P","t":"ULAC"},"1D9":{"desc":"L1P"},"1DB":{"t":"C340"},"1DE":{"t":"M20P"},"1E6":{"t":"LJ45"},"1EF":{"t":"GAZL"},"1F7":{"t":"GLID"},"1F8":{"desc":"L1P"},"1FF":{"desc":"H1T"},"200":{"t":"AT5T"},"201":{"desc":"L1P"},"207":{"desc":"L1P"},"20D":{"desc":"H4E"},"213":{"desc":"L1P"},"215":{"t":"E300"},"218":{"desc":"L1P"},"21F":{"desc":"H1T"},"220":{"t":"GAZL"},"222":{"t":"R22"},"223":{"desc":"L2T"},"225":{"t":"T34P"},"228":{"t":"T34P"},"22A":{"t":"C340"},"231":{"t":"C25B"},"233":{"t":"A319"},"246":{"t":"A320"},"24A":{"t":"AS50"},"24D":{"t":"C182"},"24E":{"desc":"L1P"},"256":{"t":"M20T"},"259":{"t":"CRJ9"},"25B":{"t":"M20P"},"25F":{"t":"GLID"},"274":{"t":"C680"},"27D":{"desc":"L1P"},"27E":{"t":"C421"},"27F":{"desc":"L1P"},"280":{"t":"GAZL"},"283":{"t":"C77R"},"284":{"desc":"L1P"},"288":{"t":"C182"},"28A":{"desc":"L1P"},"28C":{"t":"BALL"},"28D":{"desc":"L1P"},"290":{"desc":"L1P"},"291":{"desc":"L2J","t":"B38M"},"295":{"desc":"L1P"},"296":{"desc":"L1P"},"298":{"t":"C340"},"29B":{"t":"C25B"},"29D":{"desc":"H1T"},"29E":{"t":"C340"},"2A0":{"t":"R22"},"2A3":{"t":"C172"},"2A6":{"desc":"L1P"},"2A7":{"t":"P28A"},"2A9":{"desc":"L2J","t":"B38M"},"2AA":{"t":"PA32"},"2AF":{"t":"P28A"},"2B0":{"desc":"L1P","t":"TB0"},"2B1":{"t":"PA34"},"2BA":{"t":"S22T"},"2BC":{"desc":"L1T"},"2C0":{"desc":"H1T","t":"S92"},"2C2":{"t":"C340"},"2D5":{"t":"B763"},"2E8":{"t":"R22"},"2F2":{"t":"BE35"},"2FA":{"t":"PC12"},"306":{"t":"UH1"},"307":{"desc":"L1P"},"313":{"desc":"L1P"},"315":{"t":"A320"},"344":{"t":"BE35"},"34F":{"desc":"H1T"},"35E":{"desc":"L2J"},"35F":{"t":"BE35"},"361":{"t":"C170"},"363":{"t":"C182"},"366":{"t":"C150"},"367":{"t":"J3"},"369":{"t":"PA32"},"36A":{"t":"M20P"},"36D":{"t":"C182"},"36E":{"t":"C182"},"36F":{"t":"C177"},"370":{"t":"C182"},"375":{"t":"PA22"},"377":{"t":"C177"},"378":{"t":"C177"},"37A":{"t":"C177"},"37C":{"t":"C177"},"37D":{"t":"GLID"},"37E":{"t":"C177"},"383":{"t":"C170"},"384":{"t":"C170"},"388":{"t":"ERCO"},"38A":{"t":"J3"},"38D":{"t":"J3"},"38F":{"t":"P28A"},"390":{"t":"C182"},"391":{"t":"C182"},"392":{"t":"C177"},"393":{"t":"C182"},"395":{"t":"PA32"},"396":{"t":"M20P"},"397":{"t":"C180"},"398":{"t":"PA22"},"399":{"t":"E45X"},"39A":{"t":"E45X"},"3A0":{"desc":"L1P"},"3A5":{"t":"BE35"},"3A6":{"t":"BE24"},"3A7":{"t":"C170"},"3A8":{"desc":"L1P"},"3A9":{"t":"C182"},"3B2":{"t":"C320"},"3B4":{"t":"C182"},"3B5":{"t":"C177"},"3B8":{"t":"PA32"},"3BA":{"t":"C180"},"3BB":{"t":"PA22"},"3BD":{"t":"C177"},"3BE":{"t":"C177"},"3C0":{"desc":"L1P"},"3C1":{"t":"C177"},"3C4":{"desc":"L1P"},"3C5":{"t":"C177"},"3C8":{"t":"BE35"},"3CA":{"t":"C170"},"3D0":{"t":"P28A"},"3D7":{"t":"C182"},"3DA":{"t":"C150"},"3DF":{"desc":"L1P"},"3E0":{"t":"B752"},"3E1":{"desc":"L1P"},"3E2":{"t":"C177"},"3E3":{"desc":"L1P"},"3E4":{"desc":"L1P"},"3E6":{"t":"B752"},"3E7":{"t":"C177"},"3E8":{"t":"C177"},"3EA":{"t":"PA22"},"3EB":{"t":"BE35"},"3F3":{"t":"J3"},"3F5":{"t":"PA12"},"3F7":{"t":"PA18"},"3F9":{"t":"C182"},"3FB":{"t":"C177"},"3FE":{"t":"PA32"},"3FF":{"t":"M20P"},"401":{"t":"PA22"},"402":{"t":"C77R"},"405":{"t":"C177"},"406":{"t":"C77R"},"408":{"t":"C177"},"409":{"t":"C177"},"40A":{"t":"C177"},"40B":{"t":"C177"},"40E":{"t":"BE35"},"410":{"t":"C170"},"411":{"t":"CH7A"},"412":{"t":"C182"},"415":{"t":"C150"},"416":{"t":"J3"},"41D":{"t":"C182"},"421":{"t":"PA32"},"422":{"t":"M20P"},"425":{"t":"C177"},"428":{"t":"C177"},"429":{"t":"C177"},"42B":{"t":"C177"},"430":{"t":"PA22"},"432":{"t":"C170"},"43B":{"t":"PA12"},"43E":{"t":"P28A"},"440":{"t":"C182"},"446":{"t":"C180"},"449":{"t":"C77R"},"44A":{"t":"C177"},"44B":{"t":"C177"},"44C":{"t":"C177"},"44D":{"t":"C77R"},"44E":{"t":"C177"},"44F":{"t":"C177"},"453":{"t":"PA22"},"454":{"t":"BE35"},"455":{"t":"C170"},"456":{"t":"C170"},"459":{"t":"C310"},"45A":{"t":"H269"},"45E":{"t":"PA12"},"461":{"t":"C320"},"462":{"t":"C182"},"465":{"t":"C182"},"468":{"t":"M20P"},"469":{"t":"C180"},"46B":{"t":"C77R"},"46E":{"t":"GLID"},"46F":{"t":"GLID"},"470":{"t":"GLID"},"475":{"desc":"A1P"},"477":{"desc":"L1P"},"47A":{"t":"CH7A"},"47C":{"t":"C310"},"47D":{"t":"ERCO"},"481":{"t":"PA12"},"482":{"t":"J3"},"486":{"t":"C182"},"488":{"t":"C182"},"48F":{"t":"GLID"},"491":{"t":"GLID"},"493":{"t":"GLID"},"497":{"t":"GLID"},"499":{"t":"PA22"},"49E":{"t":"C182"},"4A1":{"t":"C188"},"4A3":{"t":"T206"},"4A6":{"t":"PA18"},"4A8":{"t":"C182"},"4AB":{"t":"C182"},"4AE":{"t":"M20P"},"4B2":{"t":"C177"},"4B3":{"t":"C77R"},"4B4":{"t":"C177"},"4B8":{"t":"C177"},"4B9":{"t":"C177"},"4BB":{"t":"ERCO"},"4BC":{"t":"AA1"},"4BD":{"desc":"L1P"},"4BE":{"desc":"H4E"},"4BF":{"t":"SR22"},"4C1":{"t":"B407"},"4C2":{"t":"DA40"},"4C5":{"t":"C550"},"4C8":{"t":"B738"},"4C9":{"t":"B763"},"4CA":{"t":"GLF4"},"4CC":{"desc":"L1P"},"4D0":{"t":"A332"},"4D2":{"t":"B763"},"4D5":{"t":"BE35"},"4D7":{"t":"B738"},"4D8":{"t":"C150"},"4D9":{"desc":"L2T"},"4E0":{"t":"C56X"},"4E1":{"desc":"L1P"},"4EF":{"t":"PA18"},"4FB":{"desc":"A1P"},"4FC":{"t":"SR22"},"4FE":{"t":"BALL"},"500":{"t":"B737"},"508":{"desc":"L1P"},"509":{"desc":"L1P"},"50A":{"t":"DV20"},"50D":{"t":"P28B"},"510":{"desc":"L1P"},"513":{"desc":"L1P"},"514":{"t":"A321"},"518":{"t":"DA40"},"51F":{"desc":"H1P"},"521":{"t":"C206"},"524":{"t":"S22T"},"530":{"t":"BE9L"},"532":{"desc":"H1T"},"538":{"t":"GLID"},"53D":{"t":"BE33"},"540":{"t":"P28A"},"541":{"desc":"L1P"},"549":{"desc":"L2J","t":"A20N"},"54A":{"t":"O1"},"54F":{"t":"CL60"},"552":{"desc":"L1P"},"558":{"t":"SR22"},"562":{"t":"PA34"},"563":{"desc":"L2P"},"56A":{"desc":"H1T"},"56B":{"t":"CH7B"},"571":{"t":"C150"},"579":{"t":"PA34"},"584":{"desc":"H1T"},"586":{"t":"C177"},"587":{"t":"SF34"},"592":{"t":"LJ31"},"595":{"desc":"L1P"},"596":{"desc":"H1T","t":"S92"},"59D":{"t":"LJ45"},"5A4":{"t":"G164"},"5C7":{"t":"R44"},"5CF":{"t":"MITE"},"5D0":{"t":"P28A"},"5D2":{"desc":"L1P"},"5D3":{"desc":"L1P"},"5D4":{"t":"C182"},"5D5":{"desc":"L1P"},"5D6":{"desc":"L1P"},"5D8":{"desc":"L1P"},"5D9":{"t":"P28A"},"5DA":{"desc":"H1P"},"5DB":{"t":"C182"},"5DF":{"desc":"H1T"},"5EA":{"t":"A319"},"5FD":{"t":"A320"},"601":{"desc":"L1P"},"603":{"t":"BE9L"},"606":{"t":"PC12"},"60D":{"t":"B738"},"613":{"desc":"L1P"},"616":{"t":"ULAC"},"62B":{"t":"C680"},"633":{"t":"AS50"},"634":{"desc":"L1P"},"636":{"t":"C421"},"63C":{"desc":"L1P","t":"ULAC"},"641":{"desc":"H1T"},"649":{"desc":"L2J","t":"B38M"},"64C":{"t":"BE36"},"64D":{"t":"C172"},"64F":{"desc":"L1P"},"650":{"t":"UH1"},"656":{"t":"BALL"},"65A":{"t":"LJ45"},"65C":{"t":"SR22"},"665":{"t":"DA42"},"666":{"t":"P28A"},"667":{"desc":"L1P"},"66D":{"desc":"L1T"},"671":{"desc":"L1P"},"676":{"t":"C82S"},"677":{"t":"SR22"},"67E":{"t":"BE35"},"67F":{"t":"B350"},"68C":{"t":"B763"},"6B6":{"desc":"H1T"},"6BD":{"t":"UH1"},"6BE":{"t":"P28A"},"6C9":{"t":"J3"},"6CA":{"desc":"L1P"},"6E5":{"t":"B06"},"6FB":{"t":"BE33"},"715":{"t":"PA22"},"716":{"t":"BE35"},"719":{"t":"AR11"},"71D":{"t":"AT3T"},"720":{"t":"P32T"},"721":{"t":"M20P"},"722":{"t":"PA23"},"723":{"t":"P28R"},"724":{"t":"C182"},"72A":{"t":"M20P"},"72E":{"t":"PA34"},"72F":{"t":"C177"},"732":{"t":"C77R"},"733":{"t":"C177"},"735":{"t":"C77R"},"736":{"t":"C177"},"737":{"desc":"L1P"},"73A":{"t":"C170"},"73B":{"t":"C170"},"73C":{"t":"C172"},"740":{"t":"C150"},"744":{"t":"J3"},"745":{"t":"PA18"},"74A":{"t":"C182"},"74B":{"t":"C150"},"74E":{"t":"C82R"},"752":{"desc":"L1P"},"754":{"t":"WACC"},"755":{"t":"GLID"},"75A":{"t":"T206"},"75C":{"t":"BE35"},"75D":{"t":"C170"},"763":{"t":"C150"},"765":{"t":"T206"},"767":{"t":"J3"},"76B":{"t":"C182"},"76C":{"t":"C177"},"76D":{"t":"C182"},"771":{"t":"C180"},"774":{"t":"C77R"},"775":{"t":"B738"},"776":{"t":"C177"},"778":{"t":"C177"},"779":{"t":"C77R"},"77A":{"t":"C177"},"77B":{"t":"C177"},"77C":{"t":"C177"},"77F":{"t":"BE35"},"78C":{"t":"P28S"},"78E":{"t":"C182"},"78F":{"t":"C177"},"797":{"t":"C177"},"798":{"t":"C177"},"799":{"t":"C177"},"79B":{"t":"C177"},"79C":{"t":"TAYB"},"79D":{"t":"TAYB"},"79E":{"t":"TAYB"},"7A1":{"desc":"L1P"},"7A3":{"t":"C177"},"7A5":{"t":"CH7A"},"7A9":{"t":"C150"},"7AA":{"t":"J3"},"7B1":{"t":"C182"},"7B2":{"t":"C177"},"7B4":{"t":"C150"},"7B5":{"t":"PA32"},"7B6":{"t":"M20P"},"7B8":{"t":"PA22"},"7BA":{"t":"C177"},"7BB":{"t":"C177"},"7BD":{"t":"C177"},"7BF":{"t":"TAYB"},"7C0":{"t":"ST75"},"7C1":{"t":"C177"},"7C4":{"t":"PA22"},"7C6":{"t":"C170"},"7C9":{"t":"C182"},"7CA":{"desc":"L1P"},"7CC":{"t":"C150"},"7CD":{"t":"J3"},"7D0":{"t":"J3"},"7D1":{"t":"BE36"},"7D4":{"t":"C182"},"7D6":{"t":"C182"},"7D9":{"t":"M20P"},"7DC":{"t":"C177"},"7E4":{"t":"C177"},"7E5":{"t":"C177"},"7E7":{"t":"C172"},"7E8":{"t":"BE35"},"7EA":{"t":"C172"},"7EB":{"t":"C172"},"7EE":{"t":"ERCO"},"7F0":{"t":"J3"},"7F1":{"t":"C206"},"7F3":{"t":"J3"},"7F6":{"t":"P28A"},"7FA":{"t":"C190"},"7FD":{"t":"C180"},"7FF":{"t":"C175"},"801":{"t":"GLID"},"803":{"t":"C172"},"804":{"t":"C177"},"807":{"t":"C150"},"80B":{"t":"SR22"},"80C":{"t":"C170"},"80E":{"t":"AR11"},"815":{"t":"P28A"},"816":{"t":"M20P"},"81A":{"t":"C182"},"81B":{"t":"C177"},"81D":{"t":"C190"},"81E":{"t":"PA32"},"820":{"t":"PA18"},"822":{"t":"C172"},"823":{"t":"C182"},"825":{"t":"C177"},"826":{"t":"C177"},"828":{"t":"C177"},"82B":{"desc":"L1P"},"82D":{"t":"PA22"},"82F":{"t":"C170"},"832":{"t":"C182"},"834":{"t":"ERCO"},"836":{"t":"J3"},"83E":{"t":"C177"},"83F":{"t":"C182"},"840":{"t":"C150"},"844":{"t":"PA22"},"846":{"t":"C177"},"847":{"t":"B738"},"848":{"t":"C177"},"849":{"t":"C177"},"84A":{"t":"C177"},"84B":{"t":"C177"},"84C":{"t":"C177"},"84D":{"t":"C177"},"84E":{"t":"C177"},"851":{"t":"BE35"},"854":{"t":"C172"},"855":{"t":"C182"},"858":{"t":"C150"},"859":{"t":"J3"},"863":{"t":"C150"},"867":{"t":"PA22"},"86A":{"t":"GLID"},"86F":{"t":"J3"},"870":{"t":"GLID"},"872":{"desc":"L1P"},"873":{"desc":"L1P"},"875":{"t":"BE36"},"876":{"t":"BL8"},"87A":{"t":"SF34"},"87D":{"t":"SF50"},"87E":{"t":"B06"},"87F":{"t":"DA40"},"880":{"t":"B763"},"881":{"t":"FA7X"},"883":{"t":"GLF5"},"884":{"desc":"L1P"},"890":{"desc":"L1P"},"894":{"t":"E300"},"89A":{"t":"SR22"},"89D":{"desc":"L1P"},"8A8":{"t":"C56X"},"8A9":{"t":"SR22"},"8AA":{"t":"C82T"},"8B3":{"t":"C172"},"8BA":{"t":"PC12"},"8BE":{"desc":"L1P"},"8C0":{"t":"T34P"},"8C1":{"desc":"L1P"},"8C4":{"t":"GLEX"},"8CA":{"t":"M20P"},"8CB":{"t":"A321"},"8CF":{"t":"DA40"},"8D7":{"desc":"L1P"},"8DA":{"t":"LJ60"},"8DB":{"t":"M20P"},"8EB":{"desc":"H4E"},"8F0":{"t":"PT22"},"8F4":{"desc":"L1P"},"8F9":{"desc":"L1P"},"900":{"desc":"L2J","t":"A20N"},"906":{"t":"CL60"},"909":{"desc":"L1P"},"90A":{"t":"M5"},"91A":{"desc":"L2P"},"92C":{"desc":"L1T"},"930":{"t":"PA34"},"93D":{"desc":"H1P"},"942":{"t":"GLID"},"947":{"t":"ULAC"},"95E":{"t":"BE10"},"966":{"desc":"L1T"},"979":{"desc":"L1P"},"987":{"t":"P32R"},"98A":{"desc":"L1P"},"98B":{"t":"C182"},"98D":{"t":"FA7X"},"990":{"t":"P28A"},"992":{"t":"P28A"},"998":{"desc":"L1P"},"99F":{"t":"BALL"},"9A1":{"t":"A319"},"9B4":{"t":"A320"},"9B6":{"t":"P28A"},"9BB":{"desc":"L1P"},"9C0":{"desc":"H2T"},"9C5":{"t":"B738"},"9CA":{"t":"C172"},"9E2":{"t":"E55P"},"9EB":{"desc":"L1P"},"9EC":{"t":"BE55"},"9ED":{"t":"COL4"},"9F5":{"desc":"L1P"},"9FA":{"t":"P46T"},"9FB":{"t":"CH7B"},"9FE":{"desc":"L1P"},"A01":{"desc":"L2J","t":"B38M"},"A03":{"t":"P28R"},"A04":{"t":"C172"},"A05":{"t":"BALL"},"A06":{"t":"H25B"},"A07":{"desc":"L1P"},"A09":{"desc":"L1P"},"A0A":{"t":"DA40"},"A11":{"t":"C172"},"A14":{"desc":"L1P","t":"ULAC"},"A15":{"t":"SR22"},"A1C":{"desc":"L1P"},"A1D":{"t":"P28A"},"A1E":{"desc":"L1P","t":"TB0"},"A1F":{"t":"C82S"},"A28":{"t":"P28A"},"A2A":{"desc":"L1P"},"A2D":{"desc":"L1P","t":"ULAC"},"A30":{"desc":"H4E"},"A32":{"t":"S22T"},"A34":{"desc":"L1P"},"A35":{"t":"BE33"},"A43":{"t":"B763"},"A56":{"t":"R22"},"A60":{"t":"S92"},"A67":{"desc":"L1P"},"A68":{"t":"P28A"},"A69":{"desc":"L1P"},"A74":{"t":"UH1"},"A75":{"t":"P28R"},"A78":{"t":"J3"},"A79":{"t":"L39"},"A80":{"t":"P208"},"A81":{"desc":"L1P"},"A92":{"desc":"H12E"},"A99":{"desc":"L1P"},"AB2":{"desc":"L1P"},"ABE":{"t":"T34P"},"AC3":{"t":"PA34"},"ACD":{"t":"BE35"},"ACF":{"t":"C170"},"AD0":{"t":"AR11"},"AD1":{"t":"C182"},"AD3":{"t":"ERCO"},"AD5":{"t":"J3"},"AD6":{"t":"C182"},"AD8":{"t":"M20P"},"AD9":{"t":"PA23"},"ADC":{"t":"C182"},"ADD":{"t":"C177"},"ADF":{"t":"BE36"},"AE0":{"t":"PA32"},"AE4":{"t":"C77R"},"AE6":{"t":"C177"},"AE7":{"desc":"L1P"},"AEB":{"desc":"L1P"},"AEC":{"t":"C177"},"AF2":{"t":"C170"},"AF6":{"t":"ERCO"},"AF8":{"t":"J3"},"AF9":{"t":"C206"},"AFE":{"t":"C182"},"B05":{"t":"C180"},"B07":{"desc":"L1P"},"B08":{"desc":"L1P"},"B09":{"desc":"L1P"},"B0A":{"desc":"L1P"},"B0B":{"t":"C177"},"B0D":{"t":"C177"},"B0E":{"desc":"L1P"},"B0F":{"desc":"L1P"},"B12":{"t":"PA22"},"B14":{"t":"C170"},"B16":{"t":"AR11"},"B17":{"t":"T210"},"B1B":{"t":"P28A"},"B1D":{"t":"P28A"},"B1E":{"t":"J3"},"B26":{"t":"PA32"},"B2A":{"t":"C177"},"B2B":{"desc":"L1P"},"B2D":{"desc":"L1P"},"B2E":{"desc":"L1P"},"B2F":{"desc":"L1P"},"B30":{"desc":"L1P"},"B32":{"t":"C177"},"B34":{"desc":"L1P"},"B3A":{"t":"C182"},"B3D":{"t":"C150"},"B40":{"t":"PA12"},"B41":{"t":"J3"},"B42":{"t":"CH7B"},"B44":{"t":"C182"},"B45":{"t":"C182"},"B4A":{"t":"M20P"},"B4C":{"t":"PA22"},"B4D":{"desc":"L1P"},"B4E":{"desc":"L1P"},"B4F":{"desc":"L1P"},"B50":{"desc":"L1P"},"B51":{"desc":"L1P"},"B52":{"desc":"L1P"},"B53":{"desc":"L1P"},"B54":{"desc":"L1P"},"B56":{"desc":"L1P"},"B59":{"desc":"L1P"},"B5A":{"desc":"L1P"},"B5B":{"t":"C170"},"B5C":{"t":"AR11"},"B5D":{"desc":"L1P"},"B5F":{"t":"ERCO"},"B61":{"t":"J3"},"B63":{"t":"CL30"},"B65":{"t":"PA23"},"B66":{"t":"P28B"},"B67":{"t":"C182"},"B68":{"t":"C182"},"B69":{"t":"S22T"},"B6A":{"t":"C182"},"B6D":{"t":"M20P"},"B70":{"t":"C177"},"B71":{"desc":"L1P"},"B72":{"desc":"L1P"},"B73":{"t":"C177"},"B75":{"desc":"L1P"},"B76":{"t":"C177"},"B77":{"desc":"L1P"},"B78":{"t":"C177"},"B79":{"desc":"L1P"},"B7C":{"t":"BE35"},"B7D":{"t":"C170"},"B7F":{"t":"C172"},"B80":{"t":"C182"},"B82":{"t":"ERCO"},"B83":{"t":"C150"},"B85":{"t":"C206"},"B86":{"t":"PA12"},"B87":{"t":"M20P"},"B8D":{"t":"C182"},"B8E":{"t":"C195"},"B90":{"t":"M20P"},"B93":{"desc":"L1P"},"B94":{"desc":"L1P"},"B98":{"desc":"L1P"},"B99":{"desc":"L1P"},"B9B":{"t":"C177"},"B9E":{"t":"BE55"},"B9F":{"t":"BE35"},"BA1":{"t":"C170"},"BA3":{"t":"C177"},"BAB":{"t":"PA23"},"BAD":{"t":"P28A"},"BB2":{"t":"PA32"},"BB3":{"t":"M20P"},"BB5":{"t":"PA22"},"BB6":{"desc":"L1P"},"BB8":{"desc":"L1P"},"BB9":{"desc":"L1P"},"BBA":{"desc":"L1P"},"BBD":{"t":"GLID"},"BC3":{"t":"C170"},"BC6":{"t":"C182"},"BC8":{"t":"ERCO"},"BCC":{"t":"P28A"},"BCF":{"t":"C320"},"BD0":{"t":"C182"},"BD2":{"t":"C177"},"BD7":{"t":"C180"},"BDD":{"desc":"L1P"},"BDE":{"desc":"L1P"},"BDF":{"desc":"L1P"},"BE1":{"desc":"L1P"},"BE2":{"desc":"L1P"},"BE3":{"t":"BE40"},"BE9":{"t":"HA4T"},"BEA":{"t":"B25"},"BEF":{"t":"PA12"},"BF0":{"t":"M20P"},"BF3":{"t":"C182"},"BF4":{"t":"C177"},"BF6":{"t":"C182"},"BF8":{"t":"PA32"},"BFA":{"t":"C180"},"BFC":{"desc":"L1P"},"BFF":{"desc":"L1P"},"C02":{"desc":"L1P"},"C03":{"desc":"L1P"},"C07":{"t":"PA22"},"C08":{"t":"BE35"},"C0A":{"t":"C170"},"C0B":{"t":"CH7A"},"C0E":{"t":"ERCO"},"C10":{"t":"J3"},"C12":{"t":"PA12"},"C13":{"t":"J3"},"C15":{"t":"C320"},"C17":{"t":"C182"},"C19":{"t":"C182"},"C1C":{"t":"M20P"},"C20":{"desc":"L1P"},"C21":{"desc":"L1P"},"C22":{"desc":"L1P"},"C24":{"desc":"L1P"},"C25":{"t":"GLID"},"C2A":{"t":"SR22"},"C2B":{"t":"GLF4"},"C2C":{"desc":"H4E"},"C2D":{"t":"P28S"},"C30":{"t":"DA40"},"C32":{"t":"C310"},"C33":{"t":"T210"},"C34":{"t":"R44"},"C35":{"desc":"L1P","t":"ULAC"},"C36":{"t":"EC30"},"C37":{"t":"B763"},"C38":{"t":"GLF6"},"C3A":{"desc":"L1P"},"C3C":{"t":"B737"},"C40":{"desc":"L1J"},"C43":{"t":"BE35"},"C44":{"desc":"S1P"},"C45":{"t":"R44"},"C47":{"desc":"L1P"},"C4A":{"desc":"L1T"},"C5C":{"desc":"L1P"},"C5D":{"t":"C182"},"C5E":{"t":"M7"},"C5F":{"desc":"L1P"},"C60":{"t":"SR22"},"C62":{"t":"R44"},"C67":{"desc":"L1T"},"C6A":{"t":"C172"},"C6C":{"t":"P28A"},"C6D":{"desc":"L2T"},"C75":{"t":"P28A"},"C79":{"t":"SR20"},"C7C":{"t":"SR20"},"C81":{"desc":"H1P"},"C82":{"t":"A321"},"C86":{"t":"DA40"},"C8E":{"t":"C150"},"C9A":{"desc":"L1J"},"C9F":{"t":"R44"},"CA9":{"desc":"L1P","t":"ULAC"},"CB7":{"desc":"L2J","t":"A20N"},"CBD":{"t":"E55P"},"CC0":{"t":"R44"},"CC9":{"t":"S22T"},"CD1":{"desc":"L2P"},"CD9":{"desc":"L1P"},"CEA":{"t":"R44"},"CF2":{"t":"NAVI"},"CF9":{"t":"R44"},"CFA":{"t":"GLID"},"CFE":{"t":"CH7A"},"D0B":{"t":"C182"},"D0F":{"t":"B744"},"D1F":{"t":"C210"},"D25":{"desc":"H4E"},"D27":{"t":"R44"},"D3D":{"t":"MITE"},"D3E":{"t":"DA40"},"D3F":{"desc":"L1P"},"D40":{"t":"PA34"},"D41":{"t":"S22T"},"D4E":{"t":"GLID"},"D4F":{"t":"R44"},"D52":{"desc":"H1T","t":"S92"},"D58":{"t":"A319"},"D6B":{"t":"A320"},"D70":{"desc":"L1P"},"D76":{"t":"S22T"},"D77":{"t":"EC35"},"D7A":{"t":"E55P"},"D7D":{"t":"B738"},"D81":{"desc":"L1P"},"D83":{"t":"SF50"},"D99":{"t":"E55P"},"DA3":{"t":"C172"},"DA4":{"t":"BE58"},"DA5":{"desc":"L1P"},"DAC":{"t":"R44"},"DAD":{"t":"BALL"},"DB2":{"t":"GLF5"},"DB5":{"desc":"L1P","t":"ULAC"},"DBA":{"t":"BE58"},"DBB":{"t":"R44"},"DBC":{"t":"B407"},"DBD":{"desc":"L1P"},"DBF":{"t":"PA34"},"DC0":{"desc":"L1P"},"DC1":{"desc":"L1P"},"DC4":{"t":"SR22"},"DC8":{"t":"C172"},"DCA":{"desc":"A1P","t":"ULAC"},"DD4":{"desc":"L1P"},"DD5":{"t":"PA34"},"DD6":{"t":"C421"},"DE8":{"t":"PA34"},"DE9":{"t":"PA24"},"DFA":{"t":"B763"},"E05":{"desc":"L1P"},"E1E":{"t":"PA12"},"E20":{"t":"BE20"},"E2B":{"t":"UH1"},"E37":{"t":"S22T"},"E50":{"t":"R44"},"E69":{"t":"BE33"},"E82":{"desc":"L1P"},"E86":{"t":"C170"},"E8B":{"t":"C150"},"E8E":{"t":"PA12"},"E8F":{"t":"M20P"},"E93":{"t":"C182"},"E95":{"t":"C182"},"E96":{"t":"C190"},"E97":{"t":"PA32"},"E98":{"t":"M20P"},"E9C":{"desc":"S1P","t":"AR11"},"E9D":{"t":"AR11"},"EA0":{"t":"C177"},"EA2":{"t":"C177"},"EA5":{"t":"GLID"},"EAB":{"t":"C182"},"EAF":{"t":"J3"},"EB0":{"t":"T206"},"EB4":{"t":"PA32"},"EB5":{"t":"C182"},"EB6":{"t":"C182"},"EB8":{"t":"C182"},"EBA":{"t":"PA32"},"EBC":{"t":"C180"},"EBD":{"t":"PA22"},"EBF":{"t":"C177"},"EC1":{"t":"C177"},"EC2":{"t":"AR11"},"ECB":{"t":"C170"},"ECC":{"t":"C170"},"ECD":{"t":"C172"},"ECF":{"t":"B25"},"ED4":{"t":"PA12"},"ED5":{"t":"J3"},"ED6":{"t":"PA23"},"ED9":{"t":"C182"},"EDA":{"t":"SR22"},"EDC":{"t":"C195"},"EDD":{"t":"PA32"},"EDE":{"t":"M20P"},"EE3":{"t":"AR11"},"EE5":{"t":"AR11"},"EE7":{"t":"C77R"},"EE8":{"t":"C177"},"EEA":{"t":"AR11"},"EEB":{"t":"BE33"},"EED":{"t":"BE35"},"EEE":{"t":"C170"},"EEF":{"t":"C170"},"EF3":{"t":"ERCO"},"EF5":{"t":"J3"},"EF7":{"t":"P28A"},"EF8":{"t":"J3"},"EFB":{"t":"C182"},"EFC":{"t":"C182"},"EFE":{"t":"C182"},"EFF":{"t":"C195"},"F01":{"t":"M20P"},"F02":{"t":"C180"},"F04":{"t":"C177"},"F06":{"t":"C177"},"F07":{"t":"C177"},"F0E":{"t":"P28A"},"F12":{"t":"C170"},"F14":{"t":"C182"},"F18":{"t":"J3"},"F19":{"t":"C206"},"F1B":{"t":"M20P"},"F1D":{"t":"C320"},"F1E":{"t":"C182"},"F1F":{"t":"C182"},"F20":{"t":"C177"},"F21":{"t":"C182"},"F25":{"t":"C185"},"F26":{"t":"PA22"},"F27":{"t":"AR11"},"F29":{"t":"C177"},"F2A":{"t":"C177"},"F2B":{"t":"C177"},"F2C":{"t":"C177"},"F2D":{"t":"AR11"},"F2F":{"t":"C177"},"F32":{"t":"PA22"},"F33":{"t":"BE35"},"F36":{"t":"C172"},"F37":{"t":"C182"},"F3B":{"t":"J3"},"F3C":{"t":"C206"},"F3E":{"t":"J3"},"F42":{"t":"C182"},"F43":{"t":"C177"},"F46":{"t":"PA32"},"F4D":{"t":"C177"},"F4F":{"t":"B739"},"F54":{"desc":"L1P"},"F55":{"t":"PA22"},"F57":{"t":"C170"},"F59":{"t":"CH7A"},"F5E":{"t":"J3"},"F66":{"t":"C177"},"F67":{"t":"C182"},"F68":{"t":"C195"},"F6A":{"t":"M20P"},"F6D":{"t":"B739"},"F71":{"t":"C177"},"F72":{"t":"C177"},"F74":{"t":"C177"},"F75":{"t":"AR11"},"F76":{"t":"C177"},"F79":{"t":"BE35"},"F7C":{"t":"CH7A"},"F7D":{"t":"C182"},"F81":{"t":"J3"},"F82":{"t":"T206"},"F83":{"t":"PA12"},"F85":{"t":"PA23"},"F88":{"t":"C182"},"F89":{"t":"C177"},"F8C":{"t":"PA32"},"F8D":{"t":"M20P"},"F91":{"t":"C177"},"F94":{"t":"C177"},"F9B":{"desc":"S1P","t":"PA22"},"F9D":{"t":"C170"},"FA0":{"t":"C182"},"FA6":{"t":"PA12"},"FA8":{"t":"PA23"},"FA9":{"t":"M6"},"FAA":{"t":"C182"},"FAD":{"t":"C182"},"FB1":{"t":"C180"},"FB4":{"t":"AR11"},"FB7":{"t":"C177"},"FB9":{"t":"C77R"},"FBB":{"t":"AR11"},"FBC":{"t":"C177"},"FC1":{"t":"C170"},"FC2":{"t":"AR11"},"FC3":{"t":"C182"},"FC9":{"t":"P28R"},"FCD":{"t":"C182"},"FCF":{"t":"C177"},"FD0":{"t":"C182"},"FD4":{"t":"C180"},"FD6":{"t":"C177"},"FD7":{"t":"C177"},"FD9":{"t":"C77R"},"FDC":{"t":"AR11"},"FDD":{"t":"AR11"},"FDF":{"t":"AR11"},"FE1":{"desc":"L1P"},"FE2":{"t":"GLF4"},"FE3":{"desc":"L2P"},"FE4":{"t":"PA34"},"FE6":{"t":"AA5"},"FE7":{"desc":"L1T"},"FE9":{"desc":"L1P"},"FEB":{"desc":"L1P"},"FEC":{"t":"R44"},"FEE":{"t":"B763"},"FEF":{"t":"S22T"},"FF1":{"t":"C172"},"FF2":{"t":"BL8"},"FF5":{"t":"A320"},"FF7":{"desc":"L1J"},"FFD":{"t":"BE35"},"FFE":{"t":"GLID"}}