{"00B":{"t":"C337"},"00F":{"t":"A320"},"013":{"t":"P28A"},"014":{"t":"AS50"},"016":{"desc":"L1P"},"017":{"desc":"H1T","t":"H269"},"01A":{"t":"S22T"},"01F":{"t":"PA18"},"020":{"t":"P68"},"021":{"desc":"L1P","t":"ULAC"},"023":{"t":"GLF4"},"025":{"t":"G280"},"027":{"t":"B738"},"03D":{"t":"C680"},"045":{"desc":"L1P"},"047":{"t":"B429"},"048":{"desc":"L1P","t":"ULAC"},"049":{"desc":"L1P"},"04E":{"t":"PA18"},"050":{"t":"B350"},"056":{"desc":"L1P"},"059":{"desc":"L1P"},"05A":{"desc":"L1P"},"05E":{"t":"BE35"},"05F":{"t":"PA31"},"060":{"t":"SR20"},"061":{"t":"PA18"},"065":{"desc":"L1P"},"066":{"t":"AS50"},"067":{"desc":"L1P","t":"ULAC"},"069":{"desc":"L1P"},"06A":{"desc":"L1P","t":"ULAC"},"06C":{"t":"B06"},"06F":{"desc":"L1P"},"076":{"desc":"L1P"},"078":{"t":"AS50"},"07B":{"t":"ULAC"},"07C":{"t":"E135"},"07F":{"desc":"H1P"},"082":{"t":"R44"},"088":{"t":"BE35"},"089":{"desc":"L1P"},"08C":{"t":"CL30"},"08D":{"desc":"L1P"},"09E":{"t":"B763"},"0A9":{"desc":"L1P"},"0B2":{"t":"CL30"},"0C4":{"desc":"L1P"},"0C5":{"desc":"L1P"},"0CE":{"t":"T34P"},"0D0":{"t":"LJ60"},"0D3":{"t":"GLID"},"0D4":{"desc":"H1P"},"0DB":{"t":"SR20"},"0F4":{"desc":"L1P","t":"ULAC"},"10D":{"t":"C182"},"128":{"t":"PA34"},"129":{"t":"C170"},"12D":{"t":"BALL"},"130":{"t":"J3"},"133":{"t":"J3"},"136":{"t":"BE23"},"137":{"t":"C172"},"139":{"t":"C182"},"13E":{"t":"PA22"},"13F":{"t":"C172"},"140":{"t":"C172"},"141":{"t":"J3"},"144":{"t":"P28A"},"146":{"t":"C172"},"148":{"t":"J3"},"14B":{"t":"BE50"},"14C":{"t":"P28A"},"14D":{"t":"C170"},"150":{"desc":"L1P"},"151":{"t":"ERCO"},"154":{"t":"P28B"},"155":{"t":"PA12"},"156":{"t":"M20P"},"157":{"t":"P28B"},"159":{"t":"BE23"},"15A":{"t":"C172"},"15B":{"desc":"L1P"},"15E":{"t":"PA32"},"160":{"t":"C182"},"161":{"t":"PA18"},"163":{"t":"C172"},"164":{"t":"C172"},"165":{"t":"C172"},"166":{"t":"C172"},"167":{"t":"C172"},"168":{"t":"C172"},"16A":{"t":"P32R"},"16B":{"t":"C172"},"16C":{"desc":"L1P"},"16D":{"t":"BE55"},"16E":{"t":"P32R"},"16F":{"t":"C170"},"170":{"t":"P32R"},"172":{"t":"ULAC"},"173":{"desc":"L1P"},"175":{"t":"C150"},"176":{"t":"J3"},"178":{"t":"P28A"},"179":{"t":"J3"},"17A":{"t":"PA18"},"17B":{"t":"C172"},"17D":{"t":"C172"},"17E":{"desc":"L1P"},"17F":{"t":"C182"},"180":{"t":"C140"},"182":{"t":"P28A"},"184":{"t":"P28A"},"186":{"t":"J5"},"18A":{"t":"C172"},"18B":{"t":"C172"},"18C":{"t":"PA34"},"18D":{"t":"C172"},"18E":{"t":"J4"},"190":{"t":"PA22"},"193":{"t":"C170"},"194":{"t":"CH7A"},"195":{"t":"C182"},"196":{"desc":"L1P"},"197":{"t":"M20P"},"19A":{"t":"C150"},"19B":{"t":"PA12"},"19C":{"t":"J3"},"19D":{"t":"PA18"},"19E":{"t":"C172"},"1A0":{"t":"ULAC"},"1A2":{"t":"C182"},"1A3":{"t":"C172"},"1A4":{"t":"PA32"},"1A6":{"t":"C182"},"1A7":{"t":"PA18"},"1A8":{"t":"C172"},"1A9":{"t":"C172"},"1AA":{"t":"P28A"},"1AC":{"t":"P28A"},"1AD":{"t":"C172"},"1AE":{"t":"J3"},"1AF":{"t":"J3"},"1B0":{"t":"C172"},"1B5":{"t":"P28A"},"1BB":{"t":"P28A"},"1BC":{"t":"P28A"},"1BD":{"t":"C150"},"1BF":{"t":"J3"},"1C1":{"t":"P28U"},"1C2":{"t":"PA32"},"1C4":{"desc":"L1P"},"1C5":{"t":"C182"},"1C6":{"t":"C140"},"1C7":{"t":"J3"},"1C8":{"t":"P28B"},"1CA":{"t":"PA18"},"1CC":{"t":"C172"},"1CF":{"t":"C172"},"1D0":{"t":"J5"},"1D1":{"t":"C172"},"1D3":{"t":"C172"},"1D4":{"t":"C172"},"1D6":{"t":"P32R"},"1D7":{"desc":"H1P"},"1D8":{"t":"P32R"},"1D9":{"t":"C170"},"1DA":{"t":"CH7A"},"1DC":{"t":"BALL"},"1DD":{"t":"ERCO"},"1DE":{"t":"C150"},"1DF":{"t":"P32R"},"1E2":{"t":"M20P"},"1E8":{"t":"P28A"},"1E9":{"t":"C150"},"1EB":{"t":"P28A"},"1EC":{"t":"C182"},"1ED":{"t":"PA18"},"1EF":{"t":"C172"},"1F1":{"t":"C172"},"1F3":{"t":"P28A"},"1F4":{"t":"J3"},"1F9":{"t":"PA22"},"1FB":{"t":"C170"},"1FC":{"t":"C170"},"200":{"t":"P28A"},"201":{"t":"P28A"},"204":{"t":"P28A"},"205":{"t":"J3"},"208":{"t":"P28A"},"209":{"t":"C172"},"20A":{"desc":"L1P"},"20B":{"t":"C182"},"20D":{"t":"PA32"},"20E":{"t":"P32R"},"20F":{"t":"C182"},"210":{"t":"PA18"},"211":{"t":"C172"},"213":{"t":"J5"},"214":{"t":"C172"},"215":{"t":"J5"},"21C":{"t":"PA22"},"21E":{"t":"C170"},"21F":{"t":"P32R"},"223":{"desc":"L1P"},"224":{"t":"C150"},"226":{"t":"C150"},"22A":{"t":"C172"},"22B":{"t":"BE23"},"22C":{"t":"C172"},"22D":{"desc":"L1P"},"22E":{"t":"PA34"},"232":{"t":"C182"},"234":{"t":"C172"},"237":{"t":"BALL"},"23C":{"t":"J3"},"23D":{"t":"C172"},"242":{"t":"BALL"},"243":{"t":"CH7A"},"244":{"t":"C182"},"247":{"t":"C150"},"248":{"t":"P28A"},"24B":{"t":"BALL"},"24C":{"t":"PA18"},"24F":{"t":"C172"},"250":{"desc":"L1P"},"252":{"t":"C140"},"256":{"t":"PA18"},"259":{"t":"J3"},"25A":{"t":"J3"},"25B":{"t":"J5"},"25D":{"t":"J5"},"25F":{"t":"C172"},"260":{"t":"P28A"},"261":{"t":"T6"},"262":{"t":"PA22"},"263":{"t":"PA18"},"264":{"t":"C170"},"265":{"t":"C170"},"267":{"t":"C182"},"269":{"t":"ERCO"},"26E":{"t":"M20P"},"270":{"t":"P32R"},"271":{"t":"BE23"},"273":{"desc":"L1P"},"274":{"t":"C182"},"275":{"t":"C140"},"276":{"t":"PA32"},"278":{"t":"C182"},"279":{"t":"PA18"},"27A":{"t":"C172"},"27C":{"t":"C172"},"27D":{"t":"J5"},"27F":{"t":"C172"},"282":{"t":"C172"},"283":{"t":"C172"},"284":{"t":"C337"},"285":{"t":"BE35"},"286":{"t":"B763"},"288":{"t":"GLID"},"291":{"t":"EC30"},"296":{"t":"AT8T"},"29E":{"t":"BE35"},"29F":{"t":"GLID"},"2A1":{"desc":"L1P"},"2A6":{"desc":"L1P"},"2B0":{"t":"PA32"},"2B2":{"desc":"L1J"},"2B7":{"t":"S108"},"2B8":{"t":"P28A"},"2BB":{"t":"SR22"},"2BD":{"t":"PA44"},"2C2":{"t":"B772"},"2C3":{"t":"BE58"},"2C5":{"t":"C182"},"2C9":{"t":"FDCT"},"2CE":{"t":"GLF3"},"2D0":{"desc":"L1P"},"2D1":{"t":"F2TH"},"2D3":{"t":"DV20"},"2D7":{"t":"R44"},"2D8":{"desc":"L1P"},"2DC":{"t":"COL3"},"2DD":{"t":"A321"},"2F1":{"t":"B212"},"2F4":{"desc":"L1P"},"2F9":{"t":"B350"},"2FA":{"t":"C172"},"302":{"t":"LJ60"},"307":{"t":"DC10"},"312":{"desc":"L2J","t":"A20N"},"313":{"desc":"L2J"},"318":{"t":"E55P"},"31B":{"t":"P28A"},"335":{"t":"C525"},"342":{"t":"B06"},"34E":{"t":"LJ60"},"34F":{"t":"E190"},"350":{"desc":"L1P"},"356":{"t":"C25B"},"35D":{"desc":"L1P"},"366":{"t":"C25A"},"372":{"desc":"A1P"},"374":{"desc":"L1P"},"377":{"t":"C150"},"38A":{"t":"A119"},"38B":{"t":"E50P"},"398":{"desc":"L1P"},"39A":{"t":"PC12"},"39B":{"t":"B06"},"39D":{"t":"C182"},"39F":{"desc":"L1P"},"3A0":{"t":"CL30"},"3A4":{"t":"P46T"},"3A5":{"t":"C310"},"3AA":{"t":"B738"},"3B3":{"t":"A319"},"3C6":{"t":"A320"},"3CA":{"t":"LJ60"},"3CB":{"t":"AS50"},"3CC":{"t":"BE58"},"3DB":{"desc":"L1P"},"3DF":{"t":"B738"},"3E3":{"desc":"L1P"},"3F4":{"t":"E55P"},"405":{"t":"CL30"},"407":{"t":"B06"},"408":{"desc":"L2P"},"410":{"desc":"L1P"},"411":{"t":"AA5"},"415":{"t":"BE35"},"416":{"t":"BE36"},"418":{"desc":"H4E"},"41B":{"desc":"L1P"},"41F":{"desc":"L2J"},"423":{"desc":"L1P"},"42F":{"t":"C172"},"430":{"desc":"L1P","t":"TB0"},"431":{"t":"BE55"},"432":{"t":"GALX"},"43F":{"desc":"L1T"},"442":{"t":"AS50"},"443":{"t":"C172"},"455":{"t":"B763"},"460":{"t":"GLF6"},"461":{"desc":"L1P"},"469":{"t":"CL30"},"479":{"t":"M20P"},"47C":{"t":"C25A"},"492":{"t":"M5"},"4AB":{"t":"BE58"},"4C4":{"t":"BE33"},"4DD":{"t":"P51"},"4DE":{"t":"PA22"},"4E6":{"t":"C150"},"4E7":{"t":"P28A"},"4E8":{"t":"BALL"},"4E9":{"t":"PA12"},"4EA":{"t":"J3"},"4EC":{"t":"C172"},"4EF":{"desc":"L1P"},"4F0":{"t":"C182"},"4F5":{"t":"PA18"},"4F7":{"t":"C172"},"4F8":{"t":"C172"},"4FB":{"t":"PA31"},"4FC":{"t":"C210"},"4FF":{"t":"J3"},"500":{"t":"C180"},"501":{"t":"PA22"},"502":{"t":"BE50"},"504":{"t":"BALL"},"505":{"t":"AR11"},"506":{"t":"C150"},"508":{"t":"ERCO"},"50A":{"t":"P28A"},"50D":{"t":"J3"},"50F":{"t":"C172"},"510":{"t":"BE23"},"513":{"t":"BALL"},"514":{"t":"C140"},"515":{"t":"PA32"},"519":{"t":"C172"},"51A":{"t":"J5"},"51B":{"t":"C182"},"51C":{"t":"C172"},"51D":{"t":"J4"},"51E":{"t":"C172"},"522":{"t":"J5"},"524":{"t":"PA22"},"526":{"t":"C170"},"527":{"t":"C170"},"52C":{"t":"C150"},"52D":{"t":"P28A"},"530":{"t":"J3"},"531":{"t":"PA31"},"533":{"t":"BE23"},"534":{"t":"C172"},"535":{"desc":"L1P"},"536":{"t":"C182"},"53A":{"t":"C182"},"53B":{"t":"PA18"},"53D":{"t":"C77R"},"53E":{"t":"J5"},"543":{"t":"J5"},"54F":{"t":"C150"},"557":{"t":"C172"},"558":{"desc":"L1P"},"55A":{"desc":"L1P"},"55B":{"t":"PA32"},"55D":{"t":"C182"},"55E":{"t":"PA18"},"562":{"t":"C77R"},"563":{"t":"PA31"},"566":{"t":"C206"},"567":{"t":"J3"},"568":{"t":"J3"},"569":{"desc":"L1P"},"56C":{"t":"C170"},"56E":{"t":"CH7A"},"570":{"t":"BALL"},"573":{"t":"P28A"},"574":{"t":"C150"},"575":{"t":"PA12"},"577":{"t":"PA18"},"57A":{"t":"C172"},"57C":{"t":"C182"},"57D":{"t":"C150"},"580":{"t":"C182"},"581":{"t":"PA18"},"582":{"t":"T206"},"583":{"t":"PA31"},"585":{"t":"J3"},"586":{"t":"BALL"},"58B":{"t":"C77R"},"58C":{"desc":"L1P"},"58D":{"t":"PA20"},"58F":{"t":"C170"},"590":{"t":"BALL"},"591":{"t":"CH7A"},"592":{"t":"C182"},"596":{"t":"J3"},"598":{"t":"P28R"},"599":{"t":"J3"},"59B":{"t":"C172"},"59C":{"t":"BE23"},"59D":{"t":"C172"},"59E":{"desc":"L1P"},"59F":{"t":"C182"},"5A1":{"t":"PA32"},"5A3":{"t":"C182"},"5A5":{"t":"C77R"},"5A6":{"t":"C206"},"5A7":{"t":"C77R"},"5AA":{"t":"J3"},"5AD":{"t":"C77R"},"5AE":{"t":"C206"},"5B1":{"t":"BALL"},"5B3":{"t":"PA31"},"5B5":{"t":"C182"},"5BB":{"t":"PA12"},"5BC":{"t":"J3"},"5C1":{"desc":"L1P"},"5C5":{"t":"PA31"},"5CA":{"t":"J5"},"5CB":{"t":"BALL"},"5CE":{"t":"C77R"},"5D0":{"t":"C206"},"5D1":{"t":"C77R"},"5D4":{"t":"BALL"},"5D5":{"t":"PA31"},"5D7":{"t":"CH7A"},"5D8":{"t":"C182"},"5D9":{"t":"C310"},"5DA":{"t":"ERCO"},"5DB":{"t":"C150"},"5DD":{"desc":"L1P"},"5DE":{"t":"P28S"},"5E0":{"t":"PA31"},"5E1":{"t":"C172"},"5E4":{"desc":"L1P"},"5E6":{"t":"C140"},"5E8":{"t":"M20P"},"5EB":{"t":"J3"},"5ED":{"t":"C77R"},"5F2":{"t":"T206"},"5F3":{"t":"J3"},"5F4":{"t":"C77R"},"5FA":{"t":"CH7A"},"5FB":{"t":"C182"},"5FF":{"t":"BALL"},"600":{"t":"C150"},"601":{"t":"P28S"},"603":{"t":"PA18"},"608":{"t":"C182"},"60E":{"t":"J4"},"611":{"t":"C206"},"612":{"t":"C77R"},"614":{"t":"J4"},"615":{"t":"J4"},"618":{"desc":"L1P"},"61A":{"t":"PA31"},"61B":{"t":"C170"},"61E":{"t":"C182"},"620":{"t":"ERCO"},"622":{"t":"P28A"},"623":{"t":"C150"},"624":{"t":"P28S"},"626":{"t":"PA18"},"627":{"t":"C172"},"629":{"t":"C172"},"62A":{"desc":"L1P"},"62D":{"t":"PA32"},"62E":{"t":"PA31"},"62F":{"t":"C182"},"630":{"t":"PA18"},"631":{"t":"PA31"},"637":{"desc":"L1P"},"638":{"t":"J4"},"63B":{"desc":"A2P"},"63C":{"desc":"L1P"},"63D":{"t":"B763"},"63E":{"desc":"L1P"},"63F":{"t":"CH7B"},"640":{"t":"E145"},"642":{"desc":"H1P"},"647":{"t":"C172"},"648":{"desc":"L1P","t":"ULAC"},"64C":{"desc":"L2T"},"64D":{"t":"E55P"},"654":{"t":"B763"},"655":{"t":"BE35"},"656":{"t":"GLID"},"658":{"t":"H25B"},"65D":{"desc":"L1P"},"665":{"t":"FA20"},"66A":{"desc":"L1P","t":"ULAC"},"66E":{"t":"PA31"},"66F":{"t":"BL8"},"670":{"t":"B350"},"671":{"t":"C56X"},"672":{"t":"SR22"},"674":{"t":"PA44"},"67C":{"t":"C182"},"680":{"t":"FDCT"},"682":{"t":"PC12"},"687":{"t":"ULAC"},"688":{"t":"C206"},"689":{"t":"C182"},"68E":{"t":"B350"},"692":{"desc":"L1P","t":"ULAC"},"693":{"desc":"L1P"},"694":{"t":"A321"},"697":{"desc":"L1P"},"698":{"t":"BE36"},"6A8":{"t":"B212"},"6A9":{"desc":"L2J"},"6B0":{"t":"BE35"},"6B4":{"t":"AS50"},"6BB":{"t":"AS50"},"6BE":{"t":"DC10"},"6C0":{"t":"YK50"},"6C9":{"desc":"L2J","t":"A20N"},"6CA":{"t":"M7"},"6CE":{"desc":"L1P"},"6CF":{"t":"E55P"},"6D2":{"desc":"L1P"},"6D5":{"desc":"L1P"},"6E3":{"t":"G280"},"700":{"desc":"L1P"},"712":{"t":"DV20"},"715":{"desc":"L1P"},"71D":{"t":"LJ45"},"721":{"desc":"L1P","t":"ULAC"},"738":{"t":"BALL"},"741":{"t":"A119"},"750":{"t":"HUSK"},"751":{"t":"B350"},"758":{"t":"BE77"},"759":{"desc":"L1P"},"75B":{"t":"LJ60"},"76A":{"t":"A319"},"77D":{"t":"A320"},"781":{"t":"BE58"},"784":{"t":"M20T"},"789":{"t":"DH8B"},"792":{"t":"M20P"},"797":{"t":"B738"},"7AB":{"t":"C680"},"7B3":{"t":"ST75"},"7B5":{"desc":"L1P"},"7B6":{"t":"C172"},"7C5":{"desc":"L1P","t":"ULAC"},"7C7":{"desc":"L1P"},"7C8":{"desc":"L1P"},"7C9":{"t":"PA31"},"7CC":{"t":"SR22"},"7CE":{"desc":"L1P","t":"ULAC"},"7CF":{"desc":"L1P","t":"ULAC"},"7D6":{"desc":"L2J"},"7D8":{"desc":"L1P","t":"ULAC"},"7DA":{"t":"C172"},"7DC":{"desc":"G1P"},"7E1":{"t":"B733"},"7E2":{"desc":"H2E"},"7E4":{"t":"GLID"},"7E6":{"t":"AS50"},"7E8":{"desc":"L1P"},"7EC":{"desc":"L1P"},"7FA":{"t":"C182"},"80C":{"t":"B763"},"817":{"t":"CL60"},"819":{"t":"BE35"},"823":{"desc":"L1T","t":"PA46"},"830":{"desc":"L1P"},"832":{"desc":"L1P"},"847":{"t":"SR20"},"849":{"t":"M5"},"895":{"t":"BE55"},"896":{"t":"PA31"},"897":{"t":"C170"},"898":{"t":"PA31"},"89D":{"t":"C150"},"89E":{"t":"J3"},"8A1":{"t":"PA31"},"8A2":{"t":"PA18"},"8A5":{"t":"C172"},"8A9":{"t":"PA32"},"8AB":{"t":"C182"},"8AE":{"t":"J4"},"8B0":{"t":"J4"},"8B2":{"t":"C77R"},"8B3":{"t":"J4"},"8B5":{"t":"J4"},"8B6":{"t":"T206"},"8B9":{"desc":"L1P"},"8BA":{"t":"C170"},"8BB":{"desc":"L1P"},"8BD":{"t":"C172"},"8C3":{"t":"PA12"},"8C4":{"t":"M20P"},"8C7":{"t":"P28A"},"8C8":{"t":"C172"},"8C9":{"desc":"L1P"},"8CB":{"t":"C140"},"8CE":{"t":"C182"},"8CF":{"t":"PA18"},"8D2":{"t":"J4"},"8D3":{"t":"C77R"},"8D4":{"t":"C77R"},"8D6":{"t":"J4"},"8DB":{"t":"PA18"},"8DD":{"t":"BALL"},"8DF":{"t":"AR11"},"8E0":{"t":"C182"},"8E4":{"t":"P28A"},"8E6":{"t":"PA12"},"8E7":{"t":"J3"},"8E8":{"t":"PA18"},"8E9":{"t":"C172"},"8EA":{"t":"P28A"},"8EC":{"desc":"L1P"},"8EF":{"t":"PA32"},"8F0":{"t":"M20P"},"8F1":{"t":"C182"},"8F3":{"t":"J4"},"8F5":{"t":"T206"},"8FA":{"t":"J5"},"902":{"t":"CH7A"},"903":{"t":"C172"},"905":{"t":"ERCO"},"906":{"t":"C188"},"907":{"t":"J3"},"90A":{"t":"J3"},"90C":{"t":"C172"},"90D":{"t":"BE23"},"910":{"t":"C182"},"912":{"t":"PA32"},"917":{"t":"J5"},"918":{"t":"T206"},"91A":{"t":"BALL"},"91C":{"t":"C77R"},"91D":{"t":"C206"},"91E":{"t":"BALL"},"91F":{"t":"C77R"},"921":{"t":"BE35"},"923":{"t":"C170"},"924":{"desc":"L1P","t":"ULAC"},"926":{"t":"C182"},"928":{"t":"M20T"},"92C":{"t":"PA12"},"92E":{"t":"PA18"},"92F":{"t":"C172"},"938":{"t":"PA18"},"93B":{"t":"C77R"},"93E":{"t":"C206"},"940":{"t":"C206"},"944":{"t":"BE55"},"946":{"t":"BALL"},"947":{"t":"J3"},"948":{"t":"AR11"},"94B":{"t":"ERCO"},"94C":{"t":"C150"},"951":{"t":"PA18"},"953":{"t":"BE23"},"954":{"t":"C172"},"956":{"t":"C182"},"957":{"t":"C140"},"958":{"t":"PA32"},"95B":{"t":"PA18"},"95C":{"t":"T206"},"95E":{"t":"C206"},"95F":{"t":"B789"},"963":{"t":"T206"},"965":{"t":"J3"},"967":{"t":"PA18"},"96B":{"t":"CH7A"},"96F":{"t":"C150"},"970":{"t":"P28A"},"977":{"t":"BALL"},"978":{"t":"AC50"},"97A":{"t":"C140"},"97B":{"t":"PA32"},"97D":{"t":"C182"},"981":{"t":"C206"},"985":{"t":"J3"},"986":{"t":"J3"},"98A":{"t":"PA18"},"98E":{"t":"C172"},"98F":{"t":"C182"},"993":{"t":"P28A"},"994":{"t":"BALL"},"997":{"t":"PA18"},"99A":{"t":"C172"},"99D":{"t":"C150"},"99F":{"t":"BALL"},"9A0":{"t":"C182"},"9A1":{"t":"PA18"},"9A4":{"t":"BALL"},"9A8":{"t":"C77R"},"9AB":{"t":"J4"},"9AF":{"t":"C170"},"9B0":{"desc":"H1T"},"9B3":{"desc":"L1P"},"9B5":{"t":"C150"},"9B7":{"t":"C150"},"9B8":{"t":"PA12"},"9BD":{"t":"BALL"},"9BF":{"t":"C182"},"9C0":{"t":"BALL"},"9C1":{"t":"PA32"},"9C9":{"t":"J4"},"9CA":{"t":"J4"},"9CB":{"t":"J4"},"9CD":{"t":"J4"},"9D0":{"t":"PA18"},"9D3":{"desc":"H1T"},"9D5":{"t":"ULAC"},"9D7":{"t":"M20P"},"9D9":{"t":"J3"},"9E0":{"t":"C172"},"9E3":{"t":"C150"},"9E6":{"t":"C182"},"9E9":{"t":"J4"},"9EA":{"t":"J4"},"9EB":{"t":"BALL"},"9F1":{"t":"J4"},"9F2":{"t":"T6"},"9F3":{"t":"BE35"},"9F4":{"t":"BE36"},"9F5":{"t":"BE36"},"9F8":{"t":"T34P"},"9F9":{"t":"C82R"},"9FB":{"desc":"L1P"},"9FC":{"t":"BT36"},"9FD":{"desc":"L1J"},"9FE":{"desc":"L1P"},"9FF":{"t":"EC35"},"A03":{"t":"BE36"},"A04":{"t":"BE36"},"A05":{"desc":"L2T"},"A07":{"t":"BE58"},"A09":{"t":"BE36"},"A0B":{"t":"BE36"},"A0D":{"t":"P32R"},"A0F":{"t":"BE18"},"A13":{"t":"BE36"},"A14":{"t":"BE36"},"A16":{"t":"BE36"},"A17":{"t":"LJ31"},"A19":{"t":"BE36"},"A1C":{"t":"BE36"},"A1D":{"desc":"L1P"},"A1E":{"t":"BT36"},"A20":{"t":"BE36"},"A24":{"t":"BE36"},"A25":{"desc":"L1T","t":"PA46"},"A26":{"t":"T6"},"A27":{"t":"PA46"},"A28":{"t":"AS50"},"A29":{"t":"H25B"},"A2A":{"t":"M20P"},"A2C":{"t":"C310"},"A2F":{"t":"SR20"},"A30":{"desc":"A2J"},"A32":{"t":"BE36"},"A33":{"t":"C560"},"A35":{"desc":"L1P"},"A36":{"t":"BE36"},"A37":{"t":"BE58"},"A39":{"t":"BE36"},"A3E":{"t":"NAVI"},"A3F":{"t":"GLF3"},"A40":{"t":"P28A"},"A43":{"t":"BE36"},"A45":{"t":"C340"},"A48":{"t":"EN28"},"A49":{"t":"C310"},"A4A":{"t":"BE36"},"A4E":{"desc":"S1P","t":"ULAC"},"A4F":{"t":"C172"},"A50":{"t":"BE36"},"A52":{"desc":"L1P"},"A54":{"desc":"L1P"},"A55":{"t":"BE36"},"A57":{"t":"BE36"},"A59":{"t":"BE58"},"A5A":{"t":"ERCO"},"A5C":{"t":"BE36"},"A5F":{"desc":"L1P"},"A60":{"desc":"L1P"},"A61":{"t":"BE36"},"A62":{"t":"BE36"},"A63":{"desc":"L1P","t":"ULAC"},"A64":{"t":"S76"},"A65":{"t":"F2TH"},"A67":{"t":"AA5"},"A68":{"t":"BE36"},"A69":{"t":"BE36"},"A6B":{"desc":"L1P","t":"ULAC"},"A70":{"t":"BT36"},"A71":{"t":"B06"},"A72":{"t":"L8"},"A73":{"desc":"L1P"},"A74":{"t":"EA50"},"A76":{"t":"BE36"},"A77":{"desc":"H2T"},"A7B":{"desc":"L1P"},"A7C":{"desc":"L1P"},"A82":{"desc":"L1P"},"A86":{"t":"E145"},"A8A":{"t":"PA34"},"A8B":{"t":"C206"},"A8D":{"t":"BE36"},"A8F":{"t":"BE36"},"A90":{"desc":"L1P"},"A91":{"desc":"L1T"},"A92":{"t":"BE36"},"A97":{"desc":"L1P"},"A99":{"t":"C172"},"A9D":{"t":"GLF5"},"AA3":{"t":"F2TH"},"AA4":{"t":"BE36"},"AA7":{"t":"BE36"},"AA9":{"t":"BE36"},"AAD":{"t":"BE36"},"AAE":{"desc":"L1P"},"AAF":{"t":"M20P"},"AB0":{"t":"BT36"},"AB2":{"desc":"L1P"},"AB3":{"desc":"L1P"},"AB7":{"t":"BT36"},"AB9":{"t":"HUSK"},"ABA":{"t":"BE36"},"ABB":{"t":"BE36"},"ABC":{"desc":"L1P"},"ABD":{"desc":"L1P"},"ABE":{"t":"C172"},"ABF":{"desc":"L1P"},"AC0":{"t":"GLF4"},"AC1":{"t":"AC90"},"AC2":{"t":"BE58"},"AC3":{"t":"S22T"},"AC4":{"t":"BE36"},"AC5":{"desc":"L1P"},"AC8":{"desc":"L1P"},"AC9":{"desc":"L1P"},"ACB":{"t":"C172"},"ACC":{"desc":"L1P"},"ACD":{"t":"AC95"},"ACF":{"t":"R44"},"AD0":{"t":"C172"},"AD1":{"desc":"L1P"},"AD3":{"t":"BE36"},"AD6":{"t":"BE36"},"AD8":{"desc":"L1P"},"ADB":{"t":"PA18"},"ADC":{"desc":"L1P"},"ADD":{"desc":"L1P"},"ADF":{"desc":"L1P"},"AE2":{"t":"BT36"},"AE4":{"t":"H500"},"AE5":{"t":"BL17"},"AE6":{"t":"BE36"},"AE9":{"t":"C310"},"AEE":{"t":"BE36"},"AEF":{"t":"BALL"},"AF0":{"desc":"L2T"},"AF1":{"t":"SF50"},"AF2":{"t":"HUSK"},"AF3":{"t":"BE36"},"AF4":{"t":"BE36"},"AF5":{"t":"BE36"},"AF6":{"t":"LJ35"},"AF7":{"desc":"L1P","t":"LA4"},"AF8":{"t":"BT36"},"AF9":{"t":"BT36"},"AFA":{"t":"H60"},"AFB":{"t":"BE36"},"AFD":{"t":"BE36"},"AFE":{"t":"BT36"},"B01":{"desc":"L1P"},"B02":{"t":"BT36"},"B06":{"t":"BE36"},"B07":{"t":"GLID"},"B08":{"desc":"L1P"},"B09":{"t":"C140"},"B0A":{"desc":"L1P"},"B0D":{"desc":"H1P"},"B0E":{"t":"BE20"},"B0F":{"t":"C185"},"B10":{"t":"B06"},"B12":{"t":"GLEX"},"B13":{"t":"BT36"},"B14":{"desc":"L1P"},"B15":{"t":"B06"},"B17":{"t":"C206"},"B18":{"t":"PTS2"},"B1C":{"desc":"L1P"},"B1D":{"t":"BE36"},"B1E":{"t":"BE35"},"B1F":{"t":"C335"},"B20":{"t":"T28"},"B21":{"t":"BE36"},"B24":{"t":"B763"},"B26":{"t":"PC12"},"B27":{"t":"C182"},"B2B":{"t":"BT36"},"B2F":{"t":"C185"},"B33":{"desc":"L1P"},"B37":{"t":"BE36"},"B38":{"desc":"L1P"},"B39":{"desc":"L1P"},"B3A":{"t":"PA31"},"B3B":{"t":"BE36"},"B3C":{"t":"BE36"},"B3D":{"t":"M20T"},"B3E":{"desc":"L1P"},"B3F":{"desc":"A1P"},"B40":{"t":"ST75"},"B41":{"t":"PC12"},"B42":{"t":"BE36"},"B43":{"t":"SR20"},"B44":{"desc":"L1P"},"B45":{"t":"GLF2"},"B48":{"t":"BE36"},"B4A":{"t":"C550"},"B4C":{"t":"BE36"},"B4D":{"t":"BE36"},"B4F":{"t":"BE36"},"B50":{"t":"BE36"},"B51":{"desc":"L1P"},"B5D":{"t":"BE36"},"B6B":{"t":"BE36"},"B6C":{"t":"P28A"},"B6D":{"t":"C182"},"B6E":{"t":"PA24"},"B6F":{"t":"PA46"},"B70":{"t":"BE36"},"B71":{"t":"C525"},"B72":{"t":"T206"},"B76":{"desc":"L1P"},"B77":{"desc":"L1P"},"B78":{"t":"S76"},"B7A":{"t":"GLF2"},"B7B":{"t":"CH7B"},"B7C":{"t":"CL60"},"B7E":{"desc":"L1P"},"B7F":{"t":"P210"},"B80":{"t":"EC35"},"B83":{"t":"BE36"},"B85":{"t":"C180"},"B86":{"desc":"L1P"},"B87":{"desc":"L1P"},"B88":{"t":"BE36"},"B8B":{"t":"R66"},"B8C":{"desc":"H1T","t":"B505"},"B8D":{"t":"C172"},"B8F":{"desc":"H1P"},"B91":{"t":"LJ35"},"B93":{"t":"BE36"},"B94":{"t":"BE36"},"B95":{"t":"C182"},"B96":{"t":"BE36"},"B99":{"desc":"L1P"},"B9D":{"t":"BE58"},"B9E":{"desc":"L1P"},"BA0":{"t":"C150"},"BA1":{"t":"BT36"},"BA2":{"t":"BT36"},"BA3":{"t":"BE9L"},"BA4":{"t":"F2TH"},"BA5":{"t":"ULAC"},"BA6":{"t":"BT36"},"BA7":{"t":"ULAC"},"BA8":{"t":"BT36"},"BA9":{"t":"BT36"},"BAA":{"t":"C82S"},"BAF":{"t":"BT36"},"BB0":{"desc":"H1T"},"BB1":{"t":"PA31"},"BB2":{"t":"C525"},"BB5":{"desc":"H1P"},"BC3":{"t":"LJ31"},"BC6":{"t":"BALL"},"BCF":{"t":"B407"},"BD0":{"t":"R44"},"BD5":{"t":"BE36"},"BD6":{"t":"BE36"},"BD7":{"desc":"L1P"},"BD8":{"t":"BE36"},"BDA":{"t":"BE36"},"BDC":{"t":"BE36"},"BDF":{"t":"GLID"},"BE0":{"t":"BE36"},"BE1":{"t":"BE36"},"BE2":{"t":"CL60"},"BE7":{"t":"NAVI"},"BE8":{"t":"PA30"},"BEA":{"desc":"L1P"},"BEC":{"t":"BE36"},"BED":{"t":"BE36"},"BEE":{"desc":"L1P"},"BEF":{"t":"E300"},"BF2":{"t":"B212"},"BF3":{"t":"CH7A"},"BF5":{"t":"BE36"},"BF8":{"desc":"L1P"},"BFC":{"t":"GLID"},"BFE":{"t":"C185"},"C00":{"t":"T210"},"C03":{"t":"C182"},"C16":{"desc":"L1P"},"C1B":{"t":"BT36"},"C23":{"t":"Y18T"},"C25":{"t":"BT36"},"C27":{"t":"BE36"},"C29":{"desc":"A1P"},"C2A":{"t":"BE36"},"C2D":{"t":"BE36"},"C31":{"desc":"L1P"},"C41":{"t":"C172"},"C4B":{"t":"CL60"},"C4C":{"t":"BE36"},"C4D":{"t":"B763"},"C4E":{"desc":"L2T"},"C4F":{"t":"C182"},"C50":{"desc":"L1P"},"C51":{"t":"SW4"},"C54":{"t":"R44"},"C55":{"desc":"L1P"},"C56":{"t":"BE60"},"C58":{"desc":"A1P"},"C5C":{"desc":"L1P","t":"ULAC"},"C60":{"t":"G150"},"C63":{"t":"LJ35"},"C65":{"t":"BE35"},"C66":{"t":"GLID"},"C67":{"desc":"L1P"},"C69":{"t":"BALL"},"C6D":{"desc":"L1P"},"C6E":{"t":"B737"},"C6F":{"desc":"L1P"},"C75":{"desc":"L1P"},"C76":{"t":"PA18"},"C77":{"desc":"G1P"},"C7B":{"desc":"L1P"},"C7E":{"t":"SR22"},"C80":{"t":"SR22"},"C81":{"desc":"L1P","t":"ULAC"},"C82":{"t":"SR22"},"C84":{"t":"PA44"},"C86":{"t":"AS50"},"C88":{"t":"C25B"},"C8A":{"desc":"L1P"},"C8C":{"t":"C182"},"C8E":{"desc":"L1P"},"C90":{"desc":"L1P"},"C93":{"t":"C172"},"C94":{"desc":"H4E"},"C98":{"t":"PC12"},"C9A":{"t":"C185"},"C9B":{"desc":"L1P"},"C9C":{"desc":"L1P"},"C9F":{"desc":"L1P"},"CA0":{"desc":"H1P"},"CA2":{"t":"C206"},"CA4":{"t":"A321"},"CA5":{"desc":"L1P"},"CAC":{"desc":"L1P"},"CB1":{"t":"BE20"},"CB2":{"t":"CJ6"},"CB6":{"desc":"L2T"},"CBC":{"desc":"L1P"},"CBE":{"desc":"L1P"},"CC1":{"t":"C172"},"CC8":{"desc":"L1P"},"CCC":{"t":"F2TH"},"CCE":{"t":"DC10"},"CD9":{"desc":"L2J","t":"A20N"},"CDB":{"t":"P28A"},"CDD":{"desc":"L1P"},"CDF":{"t":"E55P"},"CE2":{"t":"BE33"},"CE5":{"desc":"L1P"},"CE9":{"t":"GLID"},"CEA":{"t":"GLID"},"CEB":{"desc":"L1P"},"CEC":{"desc":"L1P"},"CEE":{"desc":"L1P"},"CF3":{"desc":"L1P"},"CF4":{"desc":"L1P"},"CFB":{"t":"BE18"},"CFC":{"t":"A332"},"CFD":{"desc":"L1P"},"CFE":{"t":"PA18"},"CFF":{"desc":"H4E"},"D09":{"t":"GLEX"},"D0C":{"t":"B350"},"D0D":{"t":"R66"},"D0E":{"t":"HUSK"},"D0F":{"t":"GLF4"},"D14":{"desc":"L1P"},"D17":{"desc":"H8E"},"D18":{"desc":"L1P"},"D19":{"t":"HA4T"},"D1A":{"desc":"H1T","t":"H269"},"D1C":{"desc":"L1P"},"D1F":{"desc":"L1P"},"D22":{"desc":"L1P"},"D25":{"desc":"L1P"},"D26":{"t":"B350"},"D29":{"desc":"L1P"},"D2D":{"t":"B350"},"D2E":{"t":"B350"},"D2F":{"desc":"L1P"},"D34":{"t":"B350"},"D39":{"desc":"L1P"},"D3D":{"t":"BE50"},"D3E":{"desc":"L1P"},"D47":{"t":"GLEX"},"D48":{"desc":"L2P"},"D49":{"desc":"L1P"},"D4A":{"t":"PA22"},"D4C":{"t":"GLF5"},"D4D":{"desc":"L2T"},"D4E":{"desc":"L1P"},"D51":{"t":"A119"},"D54":{"t":"B350"},"D57":{"desc":"L1P"},"D59":{"t":"PA44"},"D5B":{"desc":"L1P"},"D5F":{"t":"F2TH"},"D60":{"desc":"L1P"},"D62":{"t":"P180"},"D63":{"desc":"L1P"},"D64":{"t":"C182"},"D65":{"desc":"L1P"},"D67":{"desc":"L1P"},"D68":{"t":"F2TH"},"D6A":{"desc":"L1P"},"D6B":{"desc":"L1P"},"D70":{"desc":"L1P"},"D71":{"desc":"L1P"},"D7A":{"t":"A319"},"D7D":{"t":"BT36"},"D8D":{"t":"A320"},"D92":{"t":"CL30"},"D93":{"desc":"L1P"},"D94":{"t":"ULAC"},"D95":{"t":"R44"},"D98":{"desc":"L1P"},"D99":{"t":"DH8B"},"D9B":{"t":"C25C"},"D9C":{"t":"CL60"},"D9D":{"t":"BE36"},"DA2":{"desc":"L1P"},"DA3":{"t":"CJ6"},"DA9":{"t":"FA7X"},"DBB":{"t":"E55P"},"DC4":{"t":"MU2"},"DC5":{"desc":"L1P"},"DCA":{"desc":"L1P"},"DCB":{"desc":"L1P"},"DCC":{"t":"C206"},"DCD":{"t":"C152"},"DCE":{"t":"CL60"},"DD3":{"desc":"L2P"},"DD5":{"desc":"L1P"},"DD7":{"desc":"L1P"},"DD8":{"desc":"L2T"},"DDC":{"desc":"L1P"},"DDD":{"desc":"L2T"},"DDE":{"t":"P32T"},"DDF":{"desc":"L1P"},"DE0":{"t":"GLID"},"DE1":{"desc":"L1P"},"DE3":{"desc":"L1P"},"DE5":{"t":"F2TH"},"DE7":{"t":"CL60"},"DE8":{"t":"F2TH"},"DE9":{"t":"LJ60"},"DEA":{"t":"C172"},"DEC":{"desc":"L1P"},"DED":{"t":"B47G"},"DEE":{"desc":"L1P"},"DEF":{"t":"SR20"},"DF2":{"desc":"L1P"},"DF5":{"t":"BE35"},"DF6":{"desc":"L1P"},"DF7":{"desc":"L1P"},"DF9":{"t":"C25B"},"DFF":{"desc":"L1P","t":"ULAC"},"E02":{"desc":"L1P"},"E06":{"desc":"L1P"},"E07":{"t":"SF50"},"E0E":{"t":"BE58"},"E1C":{"t":"B763"},"E27":{"desc":"L1P"},"E28":{"t":"B350"},"E37":{"t":"S22T"},"E39":{"desc":"L2P"},"E3C":{"desc":"L1P"},"E41":{"t":"B733"},"E42":{"desc":"L1P"},"E43":{"desc":"L1P"},"E4B":{"t":"SR22"},"E51":{"desc":"L1P"},"E52":{"desc":"L1P"},"E55":{"desc":"L1P"},"E57":{"desc":"L1P"},"E59":{"t":"BE20"},"E67":{"desc":"L1P"},"E69":{"desc":"L1P"},"E6A":{"desc":"L1P"},"E6F":{"desc":"L1P"},"E72":{"t":"YK52"},"E74":{"desc":"L1P"},"E8B":{"t":"BE33"},"E99":{"desc":"L1P"},"E9B":{"desc":"L1P"},"EAB":{"t":"BALL"},"EAE":{"t":"J3"},"EB2":{"t":"PA22"},"EB4":{"t":"P28A"},"EB5":{"t":"C172"},"EB7":{"t":"C182"},"EB8":{"t":"C140"},"EBA":{"t":"S22T"},"EBC":{"t":"PA22"},"EBF":{"t":"TAYB"},"EC3":{"t":"BALL"},"EC4":{"t":"TAYB"},"EC5":{"t":"CH7B"},"EC6":{"t":"CH7A"},"EC7":{"desc":"L1P"},"EC9":{"t":"BE35"},"ECA":{"t":"C180"},"ECB":{"desc":"L1P"},"ECC":{"t":"C172"},"ECF":{"t":"M20P"},"ED2":{"desc":"L1P"},"ED3":{"t":"BALL"},"ED4":{"t":"J3"},"ED5":{"t":"PA22"},"ED6":{"t":"BE24"},"EDC":{"t":"PA32"},"EDD":{"t":"VO10"},"EDE":{"t":"C210"},"EDF":{"t":"PA22"},"EE0":{"t":"CH7B"},"EE1":{"t":"CH7B"},"EE3":{"t":"BL8"},"EE5":{"desc":"H1P"},"EE9":{"t":"TAYB"},"EEA":{"desc":"L1P"},"EEC":{"desc":"L1P"},"EF0":{"t":"ULAC"},"EF4":{"t":"P28A"},"EF6":{"desc":"L1P"},"EFD":{"t":"C182"},"EFF":{"t":"PA32"},"F01":{"t":"C210"},"F03":{"t":"TAYB"},"F07":{"t":"P28R"},"F09":{"t":"P32T"},"F0B":{"t":"CH7B"},"F0E":{"t":"BALL"},"F13":{"t":"ULAC"},"F15":{"t":"M20P"},"F17":{"t":"J3"},"F18":{"t":"C172"},"F1C":{"t":"BE24"},"F1E":{"t":"C172"},"F1F":{"t":"BALL"},"F21":{"t":"C140"},"F24":{"t":"C210"},"F27":{"t":"CH7B"},"F28":{"t":"CH7A"},"F29":{"desc":"H1T"},"F2B":{"t":"BL8"},"F2D":{"t":"TAYB"},"F2E":{"t":"TAYB"},"F31":{"t":"PA22"},"F33":{"t":"C180"},"F35":{"t":"AR11"},"F38":{"t":"M20P"},"F39":{"t":"C150"},"F3A":{"t":"P28A"},"F3B":{"desc":"L1P"},"F3C":{"t":"PA12"},"F3E":{"t":"PA22"},"F3F":{"t":"BALL"},"F42":{"desc":"H1T"},"F44":{"t":"C140"},"F46":{"desc":"L1P"},"F4B":{"t":"TAYB"},"F4D":{"t":"TAYB"},"F4F":{"t":"TAYB"},"F51":{"t":"TAYB"},"F52":{"t":"PA34"},"F53":{"desc":"L1T"},"F54":{"t":"PA22"},"F56":{"t":"C180"},"F58":{"t":"CH7A"},"F5B":{"t":"M20P"},"F5C":{"t":"C150"},"F5D":{"t":"J3"},"F5E":{"t":"C172"},"F5F":{"t":"PA34"},"F60":{"t":"J3"},"F61":{"t":"P210"},"F6A":{"t":"C210"},"F6E":{"t":"P28A"},"F70":{"t":"TAYB"},"F72":{"t":"P28A"},"F74":{"t":"TAYB"},"F75":{"t":"TAYB"},"F77":{"t":"PA22"},"F79":{"t":"C180"},"F7B":{"t":"C172"},"F7F":{"t":"C150"},"F80":{"t":"J3"},"F82":{"t":"P28A"},"F83":{"t":"J3"},"F88":{"t":"BE10"},"F8A":{"t":"C140"},"F8E":{"t":"PA22"},"F8F":{"t":"TAYB"},"F90":{"t":"TAYB"},"F96":{"t":"P28S"},"F9A":{"t":"PA22"},"F9D":{"t":"C310"},"F9E":{"t":"C172"},"FA2":{"t":"C150"},"FA5":{"t":"PA12"},"FA6":{"t":"J3"},"FA8":{"t":"BE24"},"FAC":{"t":"C182"},"FAD":{"t":"C150"},"FAE":{"t":"PA32"},"FAF":{"t":"LARK"},"FB0":{"t":"C210"},"FB3":{"t":"P32T"},"FB5":{"t":"P32T"},"FB9":{"t":"P28A"},"FBA":{"t":"TAYB"},"FBD":{"t":"PA22"},"FC1":{"t":"CH7A"},"FC2":{"t":"ULAC"},"FC5":{"t":"C150"},"FC7":{"t":"C172"},"FC8":{"t":"P28A"},"FCF":{"t":"C182"},"FD1":{"t":"PA32"},"FD3":{"t":"BALL"},"FD4":{"t":"PA22"},"FD6":{"t":"TAYB"},"FD9":{"t":"TAYB"},"FDE":{"t":"BALL"},"FDF":{"desc":"A1P"},"FE4":{"t":"C172"},"FE7":{"t":"M20P"},"FE9":{"t":"J3"},"FEB":{"t":"P28A"},"FEE":{"t":"P32R"},"FF0":{"t":"C172"},"FF3":{"t":"C140"},"FF4":{"t":"PA32"},"FF7":{"t":"PA22"},"FF8":{"t":"TAYB"},"FFC":{"t":"P28A"},"FFD":{"t":"P28A"},"FFE":{"t":"P28R"},"FFF":{"t":"P28S"}}