{"000":{"desc":"L1P"},"001":{"desc":"L2T"},"004":{"t":"B407"},"009":{"desc":"H2T"},"00D":{"t":"A319"},"015":{"t":"TBM7"},"020":{"t":"A320"},"024":{"desc":"L1P"},"025":{"desc":"H1P"},"027":{"t":"C172"},"02A":{"t":"E50P"},"02C":{"t":"DH8B"},"030":{"t":"SR22"},"034":{"t":"H500"},"035":{"t":"AA5"},"036":{"t":"B350"},"039":{"desc":"H4E"},"04E":{"t":"C680"},"05B":{"t":"C340"},"05D":{"desc":"H1P"},"068":{"t":"AS65"},"06A":{"t":"BE36"},"06B":{"desc":"L1P"},"071":{"desc":"L1P"},"072":{"t":"G280"},"073":{"t":"UH1"},"078":{"desc":"H2T"},"07A":{"t":"CRJ2"},"07C":{"t":"C525"},"07D":{"t":"C172"},"07F":{"t":"B736"},"080":{"desc":"L2J"},"087":{"t":"B350"},"088":{"desc":"L1P"},"089":{"t":"T6"},"08C":{"t":"ULAC"},"09C":{"t":"A109"},"09E":{"t":"F2TH"},"0A4":{"t":"EC45"},"0AF":{"t":"B763"},"0B0":{"desc":"H2T"},"0BB":{"t":"A320"},"0D3":{"desc":"L1P"},"0D4":{"t":"C550"},"0D6":{"t":"C182"},"0D7":{"t":"SR22"},"0DB":{"t":"C25A"},"0DF":{"t":"B350"},"0E8":{"t":"GLF4"},"0EC":{"t":"M5"},"105":{"desc":"L1P"},"137":{"t":"GLID"},"138":{"t":"BE35"},"13A":{"t":"C180"},"13B":{"t":"AT3T"},"13C":{"t":"CH7A"},"13D":{"t":"BALL"},"13F":{"t":"M20T"},"140":{"t":"C150"},"141":{"t":"J3"},"142":{"t":"C172"},"143":{"t":"PA12"},"147":{"t":"P28A"},"14E":{"t":"AT3P"},"14F":{"t":"AT3P"},"153":{"t":"AR11"},"155":{"t":"PA34"},"15B":{"t":"PA22"},"15D":{"t":"C82R"},"15F":{"t":"CH7A"},"161":{"t":"BALL"},"166":{"t":"PA12"},"167":{"t":"PA12"},"168":{"t":"PA22"},"16C":{"desc":"L1P","t":"ULAC"},"16D":{"t":"C182"},"16E":{"t":"C140"},"16F":{"t":"PA32"},"172":{"desc":"S1P","t":"PA22"},"174":{"t":"P28A"},"179":{"t":"P32T"},"17C":{"t":"AR11"},"17D":{"t":"BALL"},"180":{"t":"C82R"},"182":{"t":"PA36"},"186":{"t":"C150"},"188":{"t":"C172"},"189":{"t":"PA12"},"18A":{"t":"PA12"},"18C":{"t":"BE24"},"18D":{"t":"P28A"},"18F":{"t":"DA40"},"192":{"t":"PA32"},"194":{"t":"C210"},"195":{"t":"AT3T"},"198":{"t":"AR11"},"199":{"t":"P32T"},"19A":{"t":"AR11"},"19B":{"t":"P32T"},"19C":{"t":"AR11"},"19D":{"t":"AR11"},"19F":{"t":"AR11"},"1A1":{"t":"BE55"},"1A2":{"t":"BE50"},"1A3":{"t":"C180"},"1A7":{"desc":"L1P"},"1A8":{"t":"M20T"},"1A9":{"t":"C150"},"1AB":{"t":"C172"},"1AD":{"t":"M20P"},"1AE":{"t":"PA22"},"1AF":{"t":"BE24"},"1B0":{"t":"P28A"},"1B3":{"t":"C182"},"1B4":{"t":"C140"},"1B7":{"t":"AT3P"},"1B8":{"t":"PA22"},"1BC":{"t":"AR11"},"1BF":{"t":"PA34"},"1C0":{"t":"AR11"},"1C2":{"t":"AR11"},"1C6":{"t":"C180"},"1C8":{"t":"CH7A"},"1C9":{"desc":"L1P"},"1CA":{"t":"AT3T"},"1CB":{"t":"M20T"},"1CD":{"t":"P28A"},"1CE":{"t":"C172"},"1CF":{"t":"PA12"},"1D3":{"t":"P28A"},"1D7":{"t":"C140"},"1DD":{"t":"P28A"},"1DE":{"t":"AT3P"},"1DF":{"t":"AR11"},"1E2":{"t":"P32T"},"1E3":{"t":"AR11"},"1E4":{"t":"AR11"},"1E8":{"t":"AT3T"},"1E9":{"t":"C180"},"1F0":{"t":"J3"},"1F3":{"t":"PA12"},"1F7":{"t":"AT3P"},"1F8":{"t":"AT3T"},"1F9":{"t":"C182"},"1FA":{"t":"C140"},"200":{"t":"AR11"},"202":{"t":"AR11"},"204":{"t":"P32T"},"209":{"t":"ULAC"},"20A":{"t":"PA22"},"212":{"t":"C150"},"217":{"t":"PA22"},"21A":{"t":"C172"},"21C":{"t":"C182"},"21E":{"t":"PA32"},"224":{"t":"AR11"},"225":{"t":"P28A"},"227":{"t":"BE55"},"229":{"t":"P28A"},"231":{"t":"CH7A"},"232":{"desc":"H1P"},"236":{"t":"J3"},"237":{"t":"C172"},"239":{"t":"M20P"},"23B":{"t":"BE23"},"23D":{"t":"C172"},"23E":{"t":"AT3T"},"240":{"t":"C140"},"242":{"desc":"L1P"},"243":{"t":"C210"},"244":{"t":"PA22"},"246":{"t":"AR11"},"247":{"t":"AR11"},"248":{"t":"AR11"},"249":{"t":"P28R"},"24A":{"t":"P32T"},"24C":{"t":"AR11"},"250":{"t":"PA22"},"253":{"t":"AT3P"},"254":{"t":"BALL"},"257":{"t":"ERCO"},"258":{"t":"C150"},"259":{"t":"BALL"},"25A":{"t":"C172"},"25B":{"t":"PA12"},"25C":{"t":"PA12"},"25E":{"t":"BE23"},"260":{"t":"C172"},"261":{"t":"AT3T"},"262":{"t":"AT3P"},"264":{"t":"PA32"},"266":{"t":"C210"},"268":{"t":"AR11"},"269":{"t":"AR11"},"26A":{"t":"P32T"},"26B":{"t":"P28A"},"26C":{"t":"AR11"},"270":{"t":"P32T"},"273":{"t":"PA22"},"275":{"t":"C180"},"276":{"t":"AT3P"},"277":{"t":"CH7A"},"27B":{"t":"C150"},"27C":{"t":"P28A"},"27E":{"t":"P28A"},"27F":{"t":"AT3T"},"282":{"t":"P28A"},"283":{"t":"C172"},"284":{"t":"AT3P"},"286":{"t":"C140"},"288":{"t":"VO10"},"289":{"t":"C210"},"28B":{"t":"P32T"},"28C":{"t":"P32T"},"28D":{"t":"AR11"},"28E":{"t":"BL8"},"28F":{"t":"CH7B"},"296":{"t":"MITE"},"297":{"t":"B763"},"298":{"t":"BALL"},"299":{"desc":"L4J"},"29B":{"t":"SW4"},"2A4":{"t":"B407"},"2AF":{"desc":"L1P"},"2B0":{"t":"GLID"},"2C8":{"t":"S108"},"2C9":{"t":"P28A"},"2CA":{"desc":"L1P"},"2CB":{"t":"B350"},"2CC":{"t":"SR22"},"2D5":{"t":"ULAC"},"2D6":{"t":"SR22"},"2E1":{"t":"C310"},"2E4":{"t":"E120"},"2E7":{"desc":"L2J","t":"E145"},"2ED":{"t":"SR22"},"2EE":{"t":"ULAC"},"2EF":{"desc":"L1P"},"2F7":{"t":"A321"},"30E":{"desc":"H1T"},"313":{"t":"C25C"},"315":{"t":"GALX"},"318":{"t":"DC10"},"31C":{"t":"F2TH"},"31F":{"desc":"L2T"},"323":{"desc":"L2J","t":"A20N"},"329":{"t":"E55P"},"32C":{"t":"A139"},"32F":{"t":"H269"},"338":{"desc":"L1P"},"341":{"t":"BE9L"},"348":{"desc":"L1P"},"34C":{"desc":"L1P"},"34D":{"desc":"L1P"},"353":{"t":"BE36"},"35E":{"t":"R66"},"35F":{"t":"GLF3"},"361":{"desc":"L2J"},"366":{"desc":"L1P"},"377":{"t":"C182"},"379":{"desc":"L1P"},"380":{"desc":"L1P"},"38C":{"desc":"L1P"},"390":{"t":"DA40"},"393":{"t":"P28T"},"394":{"t":"SR22"},"39B":{"t":"A119"},"39C":{"desc":"L1P","t":"ULAC"},"39E":{"t":"CL60"},"3A9":{"t":"C414"},"3AA":{"t":"C182"},"3AC":{"t":"C414"},"3AD":{"t":"M20P"},"3AE":{"t":"C182"},"3B7":{"t":"C25B"},"3B8":{"desc":"L2T"},"3C4":{"t":"A319"},"3C5":{"t":"BE9L"},"3C7":{"desc":"L1P"},"3CA":{"t":"C182"},"3D7":{"t":"A320"},"3DB":{"t":"BE36"},"3DC":{"desc":"H1P"},"3DE":{"t":"BE36"},"3EC":{"t":"BE55"},"405":{"t":"E55P"},"40D":{"desc":"L1P"},"40F":{"desc":"L1P"},"410":{"desc":"A1P"},"415":{"t":"R66"},"417":{"t":"R66"},"421":{"desc":"L1P"},"425":{"desc":"L1P"},"426":{"t":"BE33"},"429":{"t":"ULAC"},"42A":{"t":"UH1"},"432":{"t":"F2TH"},"434":{"t":"B407"},"436":{"desc":"H2T"},"441":{"desc":"L1P","t":"TB0"},"445":{"desc":"L1P"},"44A":{"desc":"L1P"},"44B":{"t":"SF50"},"451":{"t":"LJ35"},"466":{"t":"B763"},"473":{"t":"R66"},"48A":{"t":"GLID"},"48E":{"t":"B350"},"4A3":{"t":"M5"},"4E7":{"t":"R66"},"4F1":{"t":"AT3P"},"4F3":{"t":"AR11"},"4F6":{"t":"ERCO"},"4F7":{"t":"C150"},"4F9":{"t":"C172"},"4FB":{"t":"PA12"},"4FE":{"t":"P28A"},"500":{"t":"AT3P"},"502":{"t":"T6"},"507":{"t":"AR11"},"508":{"t":"P28A"},"509":{"t":"P28A"},"50A":{"t":"P28A"},"50B":{"t":"AR11"},"50D":{"t":"AR11"},"511":{"desc":"L1P"},"512":{"t":"PA22"},"514":{"t":"C180"},"516":{"t":"PA36"},"517":{"desc":"L1P"},"519":{"t":"M20T"},"51B":{"t":"J3"},"51C":{"desc":"L1P"},"51D":{"t":"P28R"},"51F":{"t":"PA22"},"522":{"t":"C172"},"523":{"t":"C182"},"524":{"t":"C182"},"526":{"t":"PA32"},"52F":{"t":"PA32"},"530":{"t":"P28A"},"531":{"t":"AR11"},"533":{"t":"P28R"},"537":{"t":"C82R"},"53D":{"t":"C150"},"53E":{"t":"J3"},"53F":{"t":"C172"},"540":{"t":"PA12"},"541":{"t":"PA12"},"544":{"t":"P28A"},"547":{"t":"C182"},"54A":{"t":"SS2P"},"54C":{"t":"PA22"},"54F":{"t":"AR11"},"553":{"t":"CH7B"},"555":{"t":"BL8"},"557":{"desc":"L1P"},"559":{"t":"BE10"},"55A":{"desc":"L1P"},"55F":{"t":"M20T"},"561":{"t":"BT36"},"566":{"t":"BE36"},"568":{"t":"C172"},"569":{"t":"HA4T"},"56A":{"t":"C182"},"56B":{"t":"C150"},"56D":{"t":"SS2P"},"56E":{"t":"C210"},"570":{"desc":"H4E"},"57B":{"t":"PA22"},"581":{"t":"BE58"},"585":{"t":"C172"},"586":{"t":"P28S"},"589":{"t":"BE24"},"58B":{"t":"C172"},"58C":{"t":"BE36"},"58D":{"t":"C182"},"58E":{"t":"C150"},"58F":{"t":"PA32"},"590":{"t":"VO10"},"591":{"t":"BE36"},"598":{"t":"C172"},"59A":{"t":"AR11"},"59C":{"t":"AR11"},"59D":{"desc":"L1P"},"59E":{"t":"PA22"},"5A0":{"t":"C82R"},"5A3":{"t":"T6"},"5A5":{"t":"ERCO"},"5A8":{"desc":"L1P"},"5A9":{"t":"PA12"},"5AA":{"t":"M20P"},"5AB":{"t":"PA18"},"5AD":{"t":"PA18"},"5B0":{"t":"C182"},"5B2":{"t":"PA32"},"5B4":{"t":"C210"},"5B7":{"t":"AR11"},"5B8":{"t":"AR11"},"5BA":{"t":"AR11"},"5BC":{"t":"AR11"},"5BE":{"t":"AR11"},"5C1":{"t":"BE36"},"5C3":{"t":"C82R"},"5C7":{"desc":"L2T","t":"BE18"},"5C9":{"t":"C150"},"5CA":{"t":"J3"},"5CC":{"t":"PA12"},"5CF":{"t":"BE24"},"5D1":{"t":"C172"},"5D2":{"desc":"L1P"},"5D8":{"t":"PA22"},"5DA":{"t":"AR11"},"5DD":{"t":"BT36"},"5DE":{"t":"BE36"},"5E1":{"desc":"H1P"},"5E7":{"t":"C310"},"5EC":{"t":"C150"},"5F0":{"t":"PA12"},"5F1":{"t":"PA18"},"5F2":{"t":"BE24"},"5F3":{"t":"P28A"},"5F4":{"t":"C172"},"5F7":{"t":"C140"},"5FA":{"t":"C210"},"5FC":{"t":"UH12"},"5FD":{"desc":"L1P"},"5FF":{"t":"BE58"},"600":{"t":"C182"},"602":{"desc":"L1P"},"605":{"t":"AR11"},"609":{"t":"C180"},"60A":{"t":"BT36"},"60B":{"t":"AR11"},"60C":{"t":"BALL"},"60F":{"t":"C150"},"610":{"t":"P28A"},"611":{"t":"C172"},"613":{"t":"PA12"},"615":{"t":"BE24"},"617":{"t":"C172"},"618":{"desc":"L1P"},"619":{"t":"BE36"},"620":{"t":"AR11"},"626":{"t":"AR11"},"629":{"desc":"L1P"},"62A":{"t":"PA22"},"62D":{"t":"BE60"},"631":{"t":"ERCO"},"634":{"t":"C172"},"635":{"t":"PA12"},"636":{"t":"PA12"},"638":{"t":"BE24"},"639":{"t":"P28A"},"63A":{"t":"C172"},"63B":{"desc":"L1P"},"63D":{"t":"C140"},"63E":{"t":"PA32"},"63F":{"t":"SS2P"},"644":{"t":"AR11"},"645":{"t":"P32T"},"647":{"t":"AR11"},"648":{"t":"PA34"},"64A":{"t":"AR11"},"64F":{"t":"RV12"},"650":{"desc":"L2T"},"653":{"t":"PC12"},"65D":{"desc":"L1P","t":"ULAC"},"665":{"t":"B763"},"667":{"t":"GLID"},"669":{"t":"BE33"},"66D":{"desc":"L1P"},"672":{"t":"SR22"},"67F":{"t":"S108"},"680":{"t":"CRJ7"},"681":{"t":"UH1"},"682":{"desc":"L1P"},"686":{"t":"C525"},"68D":{"t":"SR22"},"68F":{"t":"C82R"},"698":{"t":"BE36"},"699":{"t":"LJ35"},"6A2":{"t":"T206"},"6A4":{"t":"ULAC"},"6A5":{"t":"A321"},"6B1":{"t":"PA18"},"6B2":{"t":"TBM7"},"6B3":{"desc":"L1P"},"6C1":{"t":"E50P"},"6C5":{"desc":"H1T"},"6C9":{"desc":"L1P"},"6CD":{"desc":"H1P"},"6CF":{"t":"DC10"},"6DA":{"desc":"L2J","t":"A20N"},"6DB":{"t":"M7"},"6E0":{"t":"E55P"},"6E3":{"desc":"L1P"},"6EB":{"desc":"L1P"},"708":{"t":"SR22"},"70A":{"t":"BE36"},"70C":{"t":"P32R"},"718":{"t":"C560"},"71D":{"desc":"L1P"},"72B":{"t":"UH1"},"730":{"t":"UH1"},"73E":{"t":"SR22"},"747":{"t":"DA40"},"748":{"t":"R44"},"749":{"t":"BALL"},"750":{"t":"LJ60"},"757":{"t":"P28A"},"758":{"desc":"L1P"},"760":{"desc":"L1P"},"761":{"t":"C172"},"76F":{"desc":"L2T"},"771":{"desc":"L1P"},"77A":{"t":"T28"},"77D":{"t":"E35L"},"78E":{"t":"A320"},"792":{"t":"PA23"},"795":{"t":"BE36"},"79A":{"t":"DH8B"},"7BC":{"t":"E55P"},"7C4":{"desc":"L1P"},"7D6":{"desc":"L1P"},"7D8":{"desc":"L1P"},"7D9":{"t":"H269"},"7DE":{"t":"HUSK"},"7E0":{"desc":"H4E"},"7E1":{"t":"UH1"},"7E3":{"t":"B190"},"7EF":{"t":"B350"},"7F3":{"desc":"L1P"},"7F6":{"t":"GLID"},"7F9":{"desc":"L1P"},"7FF":{"t":"C182"},"802":{"t":"SR22"},"807":{"desc":"L1P"},"808":{"desc":"L1P"},"80E":{"t":"T206"},"81B":{"t":"BALL"},"81D":{"t":"B763"},"820":{"t":"DA40"},"828":{"desc":"L1P"},"844":{"t":"PA18"},"856":{"t":"WW24"},"85A":{"t":"M5"},"88C":{"t":"BE33"},"8A5":{"desc":"L1P"},"8A7":{"t":"BE50"},"8A9":{"t":"BE55"},"8AA":{"t":"BE58"},"8B0":{"t":"C172"},"8B2":{"t":"PA12"},"8B3":{"t":"PA18"},"8B5":{"t":"P28A"},"8B8":{"t":"BE55"},"8BB":{"t":"VO10"},"8BC":{"t":"C210"},"8BD":{"t":"PA22"},"8BE":{"t":"P28A"},"8C0":{"t":"S10"},"8C7":{"t":"S10"},"8C9":{"t":"RV12"},"8CB":{"t":"C82R"},"8CE":{"t":"BT36"},"8D0":{"t":"M20T"},"8D1":{"t":"C150"},"8D3":{"t":"C172"},"8D4":{"t":"BE36"},"8D5":{"t":"PA12"},"8D8":{"t":"P28A"},"8E0":{"t":"PA18"},"8E2":{"t":"P28A"},"8E5":{"desc":"L1P"},"8E7":{"t":"P32T"},"8E8":{"t":"S10"},"8EE":{"t":"C82R"},"8EF":{"desc":"L1P","t":"ULAC"},"8F2":{"t":"C172"},"8F4":{"t":"C150"},"8F5":{"t":"P28A"},"8F6":{"t":"C172"},"8F7":{"t":"PA12"},"8F8":{"t":"M20P"},"8F9":{"t":"PA18"},"8FA":{"t":"BE24"},"8FE":{"t":"C182"},"8FF":{"t":"C150"},"902":{"t":"C210"},"905":{"t":"S10"},"908":{"t":"BE55"},"90F":{"t":"PA22"},"918":{"t":"J3"},"919":{"desc":"L1P"},"91A":{"t":"PA32"},"91B":{"t":"M20P"},"91C":{"t":"PA18"},"91E":{"t":"BE58"},"91F":{"t":"C172"},"920":{"desc":"L1P"},"921":{"t":"BE58"},"922":{"t":"C150"},"926":{"t":"PA18"},"927":{"t":"P32T"},"92A":{"t":"P32T"},"92F":{"t":"S10"},"932":{"t":"PA22"},"935":{"t":"C310"},"938":{"t":"BE58"},"93A":{"t":"C150"},"93D":{"t":"PA12"},"93E":{"t":"M20P"},"942":{"t":"C172"},"949":{"t":"PA18"},"951":{"t":"S10"},"953":{"t":"P28R"},"954":{"desc":"L1P"},"957":{"t":"C180"},"958":{"t":"BE60"},"959":{"t":"CH7A"},"95B":{"t":"B25"},"95C":{"t":"ERCO"},"95D":{"t":"C150"},"95F":{"t":"C172"},"963":{"t":"BE24"},"964":{"t":"BE36"},"966":{"t":"BE36"},"969":{"t":"PA32"},"96B":{"t":"C210"},"96C":{"t":"PA18"},"96D":{"t":"S10"},"972":{"t":"S10"},"974":{"t":"S10"},"978":{"t":"PA22"},"979":{"desc":"L1P"},"97A":{"t":"C180"},"97C":{"t":"PA36"},"980":{"t":"C150"},"981":{"t":"J3"},"982":{"desc":"L1P"},"984":{"t":"PA12"},"985":{"t":"PA18"},"986":{"t":"BE24"},"987":{"t":"P28A"},"98A":{"t":"C182"},"98D":{"t":"VO10"},"98E":{"t":"BE35"},"98F":{"t":"PA18"},"996":{"t":"BE35"},"998":{"t":"CH7B"},"99A":{"desc":"L1P"},"99B":{"t":"PA18"},"9A0":{"desc":"L1P"},"9A2":{"t":"ERCO"},"9A5":{"t":"C172"},"9A6":{"t":"PA12"},"9A8":{"t":"PA18"},"9AD":{"t":"BE55"},"9AE":{"t":"C140"},"9AF":{"t":"PA32"},"9B2":{"t":"PA18"},"9B7":{"t":"CH7B"},"9BA":{"t":"P28R"},"9C1":{"t":"BE36"},"9C5":{"t":"ERCO"},"9C6":{"t":"C150"},"9C8":{"desc":"L1P"},"9C9":{"t":"PA32"},"9CB":{"t":"PA18"},"9CD":{"t":"C172"},"9CE":{"t":"C172"},"9CF":{"desc":"L1P"},"9D0":{"t":"C182"},"9D1":{"t":"C120"},"9D2":{"t":"PA32"},"9D4":{"t":"C210"},"9D5":{"t":"PA18"},"9D6":{"t":"BE36"},"9D7":{"t":"P32T"},"9DD":{"t":"BE36"},"9DF":{"t":"P28A"},"9E4":{"t":"C310"},"9E5":{"t":"CH7A"},"9E8":{"t":"ERCO"},"9EA":{"t":"J3"},"9EE":{"t":"PA18"},"9EF":{"t":"BE23"},"9F1":{"t":"C172"},"9F2":{"desc":"L1P"},"9F3":{"t":"C182"},"9F4":{"t":"C120"},"9F8":{"t":"BE36"},"9FD":{"t":"S10"},"9FE":{"t":"PA34"},"9FF":{"t":"S10"},"A01":{"t":"S10"},"A03":{"t":"BE17"},"A04":{"t":"MITE"},"A05":{"t":"B763"},"A06":{"t":"C150"},"A07":{"desc":"L2T"},"A0A":{"t":"PA18"},"A0B":{"t":"GLF4"},"A14":{"t":"B738"},"A15":{"t":"E55P"},"A1D":{"t":"BE35"},"A20":{"t":"C82S"},"A22":{"t":"C560"},"A28":{"t":"HDJT"},"A29":{"t":"SF50"},"A32":{"t":"BE60"},"A37":{"t":"CRJ7"},"A39":{"t":"PRM1"},"A3A":{"t":"SR22"},"A42":{"t":"M20P"},"A44":{"t":"C82R"},"A47":{"t":"PRM1"},"A51":{"t":"ULAC"},"A54":{"desc":"L1P"},"A5B":{"t":"SR22"},"A5C":{"t":"A321"},"A79":{"t":"C172"},"A7C":{"desc":"H2T"},"A85":{"t":"SR22"},"A86":{"t":"DC10"},"A8A":{"t":"CL60"},"A91":{"desc":"L2J","t":"A20N"},"A92":{"t":"M7"},"A97":{"t":"E55P"},"A9A":{"desc":"L1P"},"A9C":{"t":"BALL"},"AAA":{"t":"B47G"},"ABD":{"t":"GLEX"},"AC1":{"t":"BE36"},"AC4":{"t":"C550"},"ACA":{"t":"HUSK"},"ACE":{"t":"E190"},"AD1":{"t":"BE58"},"AD4":{"t":"BE36"},"AD8":{"t":"CL30"},"AE6":{"desc":"L1P"},"AFE":{"t":"DA40"},"AFF":{"t":"L39"},"B0F":{"desc":"L1P","t":"ULAC"},"B17":{"t":"C182"},"B19":{"t":"F2TH"},"B1A":{"desc":"H6E"},"B1C":{"t":"C182"},"B25":{"desc":"L1P"},"B28":{"t":"R44"},"B2C":{"t":"S22T"},"B32":{"t":"A319"},"B37":{"t":"PC12"},"B45":{"t":"A320"},"B49":{"t":"BE36"},"B4A":{"desc":"H2T"},"B4C":{"t":"PC12"},"B51":{"t":"DH8B"},"B54":{"t":"P28A"},"B73":{"t":"C680"},"B8D":{"t":"P28A"},"B8F":{"desc":"L1P"},"B94":{"desc":"L1P"},"B95":{"t":"P28R"},"B97":{"desc":"L1P","t":"ULAC"},"B9E":{"desc":"H4E"},"BA5":{"desc":"L2T"},"BBB":{"desc":"L2P"},"BBE":{"t":"DA42"},"BD4":{"t":"B763"},"BD7":{"t":"HUSK"},"BDF":{"t":"BE36"},"BF8":{"desc":"L1P"},"C12":{"desc":"L1P"},"C2A":{"desc":"L1P"},"C5C":{"desc":"L1P"},"C5F":{"t":"C180"},"C60":{"t":"C310"},"C62":{"t":"T6"},"C63":{"t":"B25"},"C64":{"t":"ERCO"},"C68":{"t":"PA12"},"C6A":{"t":"PA18"},"C6C":{"t":"BE36"},"C6D":{"t":"C172"},"C6F":{"t":"BE36"},"C70":{"t":"C150"},"C71":{"t":"PA32"},"C74":{"t":"PA18"},"C75":{"t":"P28A"},"C77":{"t":"P28R"},"C79":{"t":"P28R"},"C7D":{"t":"P32T"},"C83":{"t":"C310"},"C86":{"t":"BE58"},"C88":{"t":"C150"},"C8A":{"t":"C172"},"C8F":{"t":"P28A"},"C92":{"t":"BE36"},"C96":{"t":"C210"},"C97":{"t":"PA18"},"C98":{"t":"AR11"},"C9B":{"desc":"L1P"},"CA0":{"t":"AR11"},"CA2":{"t":"GLID"},"CA4":{"t":"BE50"},"CA5":{"t":"C180"},"CA6":{"t":"C310"},"CAC":{"t":"J3"},"CAD":{"t":"C172"},"CB0":{"t":"PA18"},"CB2":{"t":"P28A"},"CB3":{"t":"C172"},"CB4":{"desc":"L1P"},"CBA":{"t":"BE58"},"CBC":{"t":"AR11"},"CBD":{"t":"P28S"},"CC0":{"t":"AR11"},"CC2":{"t":"PA34"},"CC4":{"t":"BE36"},"CC5":{"desc":"L1P"},"CCE":{"t":"C150"},"CCF":{"t":"J3"},"CD1":{"t":"PA12"},"CD5":{"t":"P28A"},"CD9":{"t":"C150"},"CDA":{"t":"PA32"},"CDC":{"t":"C210"},"CDD":{"t":"PA18"},"CE1":{"t":"AR11"},"CE2":{"t":"AR11"},"CE5":{"t":"AR11"},"CE6":{"t":"P28R"},"CE9":{"t":"BE33"},"CEA":{"t":"PA18"},"CEB":{"t":"C82R"},"CF0":{"t":"BE55"},"CF2":{"t":"J3"},"CF3":{"desc":"L1P"},"CF4":{"t":"PA12"},"CF7":{"t":"BE23"},"CF8":{"t":"P28A"},"CFA":{"desc":"L1P"},"CFB":{"t":"C182"},"CFC":{"t":"C120"},"CFD":{"desc":"L1P"},"CFF":{"t":"BE58"},"D00":{"t":"PA18"},"D04":{"t":"AR11"},"D05":{"t":"AR11"},"D08":{"t":"BT36"},"D0A":{"t":"AR11"},"D0C":{"t":"PA18"},"D10":{"t":"AR11"},"D14":{"t":"C150"},"D15":{"t":"J3"},"D16":{"t":"C172"},"D19":{"t":"BALL"},"D1A":{"t":"BE24"},"D1B":{"t":"P28A"},"D1C":{"t":"C172"},"D1D":{"desc":"L1P"},"D20":{"t":"BT36"},"D22":{"t":"C210"},"D23":{"t":"PA18"},"D26":{"t":"AR11"},"D27":{"t":"AR11"},"D29":{"t":"BT36"},"D2B":{"t":"AR11"},"D2F":{"t":"PA18"},"D30":{"t":"NAVI"},"D31":{"t":"C180"},"D33":{"t":"CH7A"},"D36":{"t":"ERCO"},"D37":{"t":"C150"},"D3E":{"t":"P28A"},"D3F":{"t":"C172"},"D41":{"t":"C182"},"D42":{"desc":"L1P"},"D45":{"t":"C210"},"D48":{"t":"R22"},"D49":{"t":"C310"},"D4C":{"t":"AR11"},"D4D":{"t":"PRM1"},"D4E":{"t":"AR11"},"D57":{"t":"T6"},"D59":{"t":"M20P"},"D5A":{"t":"C150"},"D5C":{"t":"C172"},"D5D":{"t":"PA12"},"D5E":{"t":"PA12"},"D60":{"t":"BE24"},"D66":{"t":"PA32"},"D69":{"t":"PA18"},"D6E":{"t":"AR11"},"D71":{"t":"BT36"},"D75":{"t":"PA18"},"D77":{"t":"C180"},"D79":{"desc":"L1P"},"D7C":{"t":"ERCO"},"D7F":{"t":"C172"},"D80":{"t":"PA12"},"D82":{"t":"BE9L"},"D83":{"t":"BE24"},"D87":{"t":"C182"},"D88":{"t":"C150"},"D8B":{"t":"C210"},"D91":{"t":"BT36"},"D92":{"t":"C340"},"D94":{"t":"C414"},"D96":{"t":"AR11"},"D98":{"t":"PA18"},"D9A":{"t":"C82R"},"D9C":{"t":"CH7A"},"D9F":{"t":"ERCO"},"DA1":{"t":"J3"},"DA2":{"t":"BE58"},"DA3":{"t":"PA12"},"DA4":{"t":"BE58"},"DA5":{"t":"PA18"},"DA6":{"t":"BE24"},"DA7":{"t":"P28A"},"DA9":{"desc":"L1P"},"DAA":{"t":"BE36"},"DAB":{"t":"C150"},"DBA":{"t":"BE50"},"DBB":{"t":"MITE"},"DBC":{"t":"B763"},"DBD":{"t":"AT5T"},"DBE":{"t":"PA34"},"DBF":{"t":"C172"},"DC0":{"t":"B738"},"DC2":{"t":"YK50"},"DC3":{"desc":"H1T"},"DC4":{"t":"H500"},"DC6":{"t":"SR20"},"DC8":{"t":"C182"},"DCC":{"desc":"L1P"},"DCD":{"t":"R44"},"DCF":{"t":"H500"},"DD4":{"t":"C750"},"DD6":{"t":"BE95"},"DD7":{"t":"BE35"},"DD9":{"t":"S22T"},"DDB":{"t":"T206"},"DE2":{"desc":"L1P"},"DE6":{"t":"VALI"},"DE8":{"t":"A332"},"DE9":{"t":"COL4"},"DEA":{"desc":"L1T"},"DEB":{"t":"M20T"},"DEC":{"t":"GC1"},"DEF":{"t":"C182"},"DF0":{"desc":"A1P"},"DF1":{"t":"BE20"},"DF5":{"t":"SR22"},"DF8":{"t":"B738"},"DF9":{"t":"C180"},"DFB":{"t":"C172"},"DFE":{"t":"ULAC"},"DFF":{"t":"FDCT"},"E01":{"t":"T206"},"E02":{"t":"BALL"},"E06":{"t":"H500"},"E0A":{"t":"GLID"},"E0C":{"desc":"H1T"},"E0D":{"t":"M5"},"E0E":{"desc":"L1P"},"E11":{"desc":"L1P"},"E12":{"t":"CH7B"},"E13":{"t":"A321"},"E14":{"desc":"L1P"},"E16":{"t":"H500"},"E17":{"desc":"L1P"},"E1B":{"desc":"L1P"},"E1F":{"desc":"H1T","t":"H500"},"E20":{"t":"BE40"},"E22":{"t":"B212"},"E2A":{"t":"R44"},"E2F":{"t":"C72R"},"E38":{"t":"BE30"},"E3B":{"t":"H500"},"E3D":{"t":"DC10"},"E3E":{"desc":"H2T"},"E3F":{"t":"C680"},"E43":{"t":"H500"},"E48":{"desc":"L2J","t":"A20N"},"E49":{"desc":"L1P"},"E4E":{"t":"E55P"},"E51":{"t":"BE36"},"E52":{"t":"GLF4"},"E53":{"t":"C152"},"E54":{"t":"C510"},"E57":{"t":"H500"},"E58":{"t":"SR22"},"E59":{"desc":"L1P"},"E5E":{"t":"H500"},"E5F":{"t":"M20T"},"E62":{"t":"H500"},"E63":{"t":"C182"},"E6A":{"desc":"L1P"},"E6B":{"t":"H500"},"E6D":{"t":"T210"},"E6F":{"t":"H500"},"E83":{"t":"ULAC"},"E85":{"t":"RV12"},"E87":{"t":"SR22"},"E89":{"t":"ULAC"},"E8C":{"t":"C195"},"E8E":{"desc":"L1P"},"E8F":{"desc":"L1P"},"E91":{"t":"DA40"},"E95":{"desc":"L1P"},"E97":{"desc":"H1T"},"E98":{"desc":"L1P","t":"ULAC"},"E9C":{"t":"C182"},"E9D":{"desc":"G1P"},"E9E":{"t":"DA40"},"EA1":{"t":"H500"},"EA2":{"desc":"L1P"},"EA3":{"t":"M7"},"EA5":{"t":"PA31"},"EA7":{"t":"C25B"},"EA8":{"t":"BE55"},"EAD":{"t":"C25B"},"EAE":{"desc":"H1T"},"EB5":{"desc":"L1P"},"EB6":{"t":"H500"},"EB8":{"t":"P180"},"EBA":{"t":"H500"},"EBD":{"t":"H500"},"EBF":{"t":"ST75"},"EC0":{"t":"CL30"},"EC5":{"t":"H500"},"ECE":{"t":"BL17"},"ED0":{"t":"C182"},"ED1":{"desc":"L1P"},"ED3":{"t":"C206"},"ED6":{"t":"H500"},"ED8":{"t":"B350"},"ED9":{"desc":"L1P"},"EDA":{"t":"ULAC"},"EDB":{"t":"C25B"},"EDC":{"t":"H500"},"EDF":{"desc":"L1P"},"EE0":{"desc":"L1P"},"EE1":{"t":"C510"},"EE9":{"t":"A319"},"EEC":{"t":"C72R"},"EF1":{"t":"H500"},"EF8":{"desc":"A1P"},"EFC":{"t":"A320"},"F00":{"desc":"L1P"},"F02":{"t":"H500"},"F03":{"t":"SR22"},"F04":{"t":"H500"},"F08":{"t":"DH8B"},"F0B":{"desc":"L1P"},"F0C":{"desc":"L2P"},"F10":{"t":"C240"},"F15":{"desc":"L1P"},"F16":{"t":"SF34"},"F1C":{"t":"AEST"},"F2A":{"t":"C680"},"F2B":{"t":"GLID"},"F32":{"desc":"L1P"},"F33":{"t":"C172"},"F35":{"desc":"H1P"},"F3B":{"t":"C172"},"F3C":{"t":"C421"},"F3D":{"desc":"L1P"},"F3E":{"t":"C421"},"F3F":{"desc":"L1P"},"F40":{"t":"M20P"},"F42":{"t":"H500"},"F43":{"t":"BE9L"},"F46":{"desc":"L1P"},"F4B":{"t":"M20T"},"F4C":{"t":"BE36"},"F4E":{"t":"H500"},"F4F":{"t":"H500"},"F50":{"t":"SR22"},"F51":{"t":"SR22"},"F52":{"desc":"L1P"},"F59":{"t":"C172"},"F5B":{"t":"R22"},"F5C":{"desc":"L1P"},"F5D":{"t":"PA46"},"F64":{"desc":"H1P"},"F66":{"desc":"L1P"},"F67":{"t":"C82S"},"F6C":{"t":"H500"},"F6D":{"t":"H500"},"F72":{"desc":"L1P"},"F74":{"t":"H500"},"F78":{"desc":"H2T"},"F79":{"t":"C172"},"F85":{"t":"UH1"},"F8B":{"t":"B763"},"F8D":{"desc":"L1P"},"FAF":{"desc":"L1P"},"FB1":{"desc":"L1P"},"FB9":{"t":"C441"},"FBB":{"t":"AS50"},"FBF":{"desc":"L1P"},"FC6":{"t":"H500"},"FC8":{"desc":"L1P"},"FE0":{"t":"ULAC"},"FE1":{"desc":"L1P"},"FF5":{"desc":"L1P"}}