{"006":{"t":"H500"},"014":{"t":"PA18"},"017":{"t":"BE58"},"018":{"t":"CH7A"},"019":{"t":"BE9L"},"01C":{"t":"C150"},"01D":{"t":"P28A"},"01E":{"t":"C172"},"020":{"t":"BT36"},"023":{"t":"P28A"},"025":{"desc":"L1P"},"027":{"t":"C120"},"02C":{"t":"BE36"},"02E":{"t":"AR11"},"034":{"t":"C402"},"035":{"t":"AR11"},"037":{"t":"PA18"},"03E":{"t":"BALL"},"03F":{"t":"C150"},"040":{"t":"J3"},"043":{"t":"M20P"},"045":{"t":"BE24"},"047":{"t":"C172"},"04D":{"t":"C210"},"04E":{"t":"PA18"},"050":{"t":"C402"},"052":{"t":"T6"},"054":{"t":"E145"},"056":{"t":"AR11"},"059":{"desc":"L1P"},"05A":{"t":"BE35"},"05C":{"t":"C180"},"05E":{"t":"CH7A"},"063":{"t":"J3"},"06A":{"t":"C172"},"06B":{"desc":"L1P"},"06C":{"t":"C182"},"06E":{"t":"PA32"},"06F":{"t":"BE76"},"071":{"t":"PA18"},"073":{"desc":"L1P"},"079":{"desc":"L1P"},"07A":{"t":"AR11"},"07D":{"t":"BE35"},"086":{"t":"J3"},"089":{"t":"PA12"},"08C":{"t":"P28A"},"08D":{"t":"C172"},"090":{"t":"C140"},"09A":{"t":"AR11"},"09E":{"t":"BT36"},"0A1":{"t":"BE50"},"0A3":{"t":"BE60"},"0A7":{"t":"ERCO"},"0A8":{"t":"C150"},"0A9":{"t":"BE58"},"0AA":{"t":"BE58"},"0AC":{"t":"M20P"},"0AF":{"t":"P28A"},"0B0":{"t":"C172"},"0B1":{"desc":"L1P"},"0B2":{"t":"C182"},"0B3":{"t":"C140"},"0B6":{"t":"C210"},"0C3":{"t":"PA18"},"0C5":{"t":"C82R"},"0CA":{"t":"ERCO"},"0CB":{"desc":"L1P"},"0CC":{"t":"BALL"},"0CD":{"t":"BE55"},"0CE":{"t":"P28A"},"0CF":{"t":"BE58"},"0D0":{"t":"PA18"},"0D2":{"t":"P28A"},"0D3":{"t":"C172"},"0D7":{"t":"BE9L"},"0D8":{"t":"SS2P"},"0D9":{"t":"C210"},"0DA":{"t":"PA18"},"0DD":{"t":"AR11"},"0DF":{"t":"AR11"},"0E3":{"t":"BT36"},"0E4":{"t":"AR11"},"0E5":{"desc":"L1P"},"0E8":{"t":"C82R"},"0E9":{"t":"BALL"},"0EA":{"t":"CH7A"},"0EC":{"t":"C310"},"0F0":{"t":"BE58"},"0F2":{"t":"PA12"},"0F6":{"desc":"L1P","t":"ULAC"},"0F7":{"desc":"L1P"},"0F9":{"t":"C140"},"0FA":{"t":"PA32"},"0FC":{"t":"BE36"},"0FD":{"t":"PA18"},"0FE":{"t":"AR11"},"0FF":{"t":"C414"},"100":{"t":"B789"},"103":{"t":"BE36"},"104":{"t":"AR11"},"105":{"t":"AR11"},"106":{"t":"BE33"},"110":{"desc":"L1P"},"112":{"t":"P28A"},"113":{"t":"C172"},"114":{"t":"PA12"},"119":{"t":"C172"},"11A":{"desc":"L1P"},"11C":{"t":"C140"},"11F":{"t":"BE23"},"120":{"t":"PA18"},"122":{"t":"BE36"},"127":{"t":"AR11"},"12B":{"t":"GLID"},"12C":{"t":"PA18"},"12E":{"t":"C180"},"12F":{"desc":"L1P"},"130":{"desc":"L1P"},"134":{"t":"C150"},"137":{"t":"PA12"},"138":{"t":"M20P"},"13A":{"t":"BE24"},"13D":{"desc":"L1P"},"13E":{"t":"C182"},"143":{"t":"PA18"},"144":{"t":"AR11"},"145":{"t":"AR11"},"14B":{"t":"BE20"},"14C":{"t":"B350"},"14F":{"t":"BE36"},"153":{"t":"PA36"},"155":{"t":"BT36"},"156":{"t":"M20T"},"157":{"t":"C150"},"15A":{"t":"P28A"},"15B":{"t":"PA12"},"15D":{"t":"BE24"},"15E":{"desc":"A1P"},"165":{"t":"C210"},"166":{"t":"PA18"},"16D":{"t":"AR11"},"172":{"t":"ERCO"},"173":{"t":"T210"},"174":{"t":"PA25"},"175":{"t":"LJ31"},"179":{"desc":"L1P"},"17A":{"t":"HUSK"},"17B":{"t":"B06"},"17C":{"desc":"H1P"},"17D":{"t":"GLF5"},"17E":{"t":"S2P"},"182":{"desc":"L1P"},"187":{"t":"HUSK"},"188":{"t":"TBM7"},"18A":{"t":"J2"},"18C":{"desc":"L1P"},"18E":{"t":"C185"},"191":{"desc":"L1P"},"192":{"desc":"H4E"},"193":{"desc":"L1P"},"194":{"t":"C337"},"195":{"t":"R44"},"197":{"t":"LJ31"},"198":{"t":"RV12"},"19B":{"t":"BE36"},"19C":{"t":"BE36"},"19D":{"t":"P32R"},"1A2":{"t":"BL8"},"1A3":{"desc":"L1P"},"1A6":{"desc":"L2J"},"1A8":{"desc":"L1P"},"1A9":{"desc":"L1P"},"1AA":{"t":"C150"},"1AB":{"t":"C82R"},"1AC":{"t":"BE36"},"1AD":{"t":"C172"},"1AE":{"desc":"L2P"},"1B0":{"t":"AEST"},"1B1":{"t":"BE9L"},"1B2":{"desc":"L1P"},"1B6":{"t":"BALL"},"1B9":{"t":"GLID"},"1BB":{"desc":"L1P"},"1BD":{"t":"CH7B"},"1BE":{"t":"PA46"},"1BF":{"t":"BE60"},"1C1":{"desc":"L1P"},"1C4":{"desc":"L1J"},"1C5":{"desc":"L1P"},"1C6":{"t":"GLID"},"1C7":{"desc":"L2P"},"1C8":{"t":"GLID"},"1C9":{"t":"P28A"},"1CA":{"desc":"L1P"},"1CB":{"t":"T210"},"1CD":{"desc":"L1P"},"1CE":{"t":"PC12"},"1CF":{"desc":"L1P"},"1D2":{"desc":"L1P"},"1D7":{"t":"F2TH"},"1D9":{"t":"GLF4"},"1DA":{"t":"BALL"},"1DB":{"t":"DV20"},"1DC":{"t":"C180"},"1E1":{"desc":"L1P"},"1E2":{"desc":"L1P"},"1EA":{"desc":"H1P"},"1EB":{"t":"T206"},"1EE":{"desc":"L1P"},"1F1":{"t":"M7"},"1F4":{"t":"CL30"},"1F5":{"t":"B734"},"1F6":{"desc":"L2P"},"1F8":{"desc":"L1P"},"1FB":{"desc":"L1P"},"1FC":{"desc":"L1P"},"200":{"t":"C414"},"201":{"desc":"L1P"},"208":{"t":"C188"},"209":{"desc":"L1P"},"20A":{"desc":"L1P"},"20B":{"t":"P32R"},"20C":{"t":"M20P"},"20E":{"t":"GLID"},"20F":{"t":"C182"},"210":{"t":"L8"},"214":{"t":"C340"},"219":{"t":"GLID"},"21D":{"desc":"L1P"},"221":{"t":"U21"},"222":{"desc":"L2P"},"223":{"t":"PAY2"},"226":{"t":"PA24"},"227":{"desc":"H1T"},"228":{"desc":"L1P"},"229":{"t":"GLID"},"22B":{"t":"F2TH"},"22C":{"t":"PC12"},"22D":{"desc":"L1P"},"22F":{"desc":"A2P"},"231":{"desc":"L1P"},"237":{"t":"UH1"},"238":{"t":"HUSK"},"23B":{"t":"C172"},"240":{"t":"T206"},"242":{"t":"DA62"},"243":{"desc":"L1P"},"244":{"t":"C421"},"245":{"t":"GLF4"},"246":{"t":"ERCO"},"247":{"desc":"L1P"},"248":{"t":"RV12"},"24A":{"t":"PA18"},"24B":{"t":"C182"},"24C":{"desc":"L1P"},"24F":{"t":"C208"},"255":{"t":"BE35"},"25B":{"t":"SR22"},"25C":{"t":"FA50"},"261":{"t":"E300"},"264":{"t":"P28S"},"265":{"desc":"L1P"},"267":{"desc":"L1P"},"268":{"t":"PAY4"},"26E":{"desc":"L1P"},"26F":{"desc":"L1P","t":"ULAC"},"272":{"t":"C172"},"273":{"t":"S22T"},"278":{"desc":"L1P"},"27A":{"t":"GL5T"},"27D":{"t":"P337"},"280":{"t":"BL8"},"281":{"desc":"L1P"},"285":{"t":"C421"},"286":{"desc":"L1P"},"287":{"desc":"L1P"},"288":{"t":"BE33"},"289":{"t":"F2TH"},"28A":{"t":"B407"},"28B":{"desc":"L1P"},"28C":{"t":"M20P"},"28D":{"t":"C550"},"28E":{"t":"P210"},"28F":{"t":"BE35"},"290":{"desc":"L1P"},"291":{"t":"C150"},"294":{"t":"GLID"},"295":{"desc":"L1P"},"297":{"t":"C172"},"299":{"t":"PA32"},"29A":{"desc":"L1P"},"29C":{"t":"R66"},"29D":{"desc":"L1P"},"29F":{"t":"DA40"},"2A1":{"desc":"L1P"},"2A3":{"t":"R22"},"2A5":{"t":"GLF5"},"2A6":{"t":"HUSK"},"2B5":{"t":"B734"},"2B7":{"desc":"L1P"},"2B8":{"t":"BE55"},"2B9":{"t":"T210"},"2BB":{"desc":"L1P"},"2BC":{"desc":"H4E"},"2BD":{"t":"PA34"},"2BE":{"desc":"L1P"},"2BF":{"desc":"L1P"},"2C0":{"t":"PAY1"},"2C1":{"desc":"L1P"},"2C2":{"t":"GLID"},"2C3":{"t":"PA46"},"2C5":{"t":"C150"},"2C7":{"t":"PA18"},"2C8":{"t":"C425"},"2C9":{"t":"ULAC"},"2CC":{"desc":"H1P"},"2CD":{"desc":"L1P"},"2CF":{"t":"SF50"},"2EA":{"t":"BE36"},"2EB":{"t":"GLID"},"2EC":{"t":"BE36"},"2EE":{"t":"P32R"},"2EF":{"t":"C185"},"2F0":{"desc":"L1P"},"2F1":{"desc":"L1P"},"2F3":{"desc":"L1P","t":"TB0"},"2F4":{"t":"GLID"},"2F5":{"desc":"L1P"},"2F6":{"desc":"L1P"},"2F7":{"desc":"L1P"},"2F9":{"desc":"L1P"},"2FB":{"t":"PA46"},"2FE":{"desc":"L1P"},"2FF":{"t":"EC35"},"301":{"t":"C421"},"303":{"t":"PA34"},"304":{"t":"AC90"},"305":{"t":"E300"},"307":{"t":"C172"},"308":{"t":"HUSK"},"309":{"t":"PTS2"},"30B":{"t":"S22T"},"30D":{"t":"HUSK"},"30E":{"desc":"L1P"},"310":{"desc":"A1P","t":"ULAC"},"312":{"t":"COL4"},"314":{"desc":"L1P"},"316":{"t":"TBM7"},"317":{"desc":"L1P"},"318":{"desc":"L1P"},"31B":{"t":"GLID"},"31D":{"desc":"L1J"},"31E":{"t":"TBM7"},"31F":{"t":"B350"},"322":{"desc":"L1P"},"323":{"t":"SR22"},"324":{"t":"C182"},"325":{"desc":"L1P"},"326":{"t":"DA42"},"328":{"desc":"L1P"},"329":{"desc":"L1P"},"32B":{"t":"BL8"},"32D":{"desc":"L1P"},"32F":{"desc":"H6E"},"332":{"t":"FA7X"},"334":{"t":"C414"},"342":{"desc":"H1T"},"345":{"t":"PA34"},"34F":{"t":"C421"},"350":{"desc":"L2J"},"357":{"t":"DA42"},"358":{"t":"GLID"},"359":{"t":"PA46"},"361":{"t":"GLID"},"366":{"t":"C182"},"367":{"t":"B06"},"368":{"t":"BE50"},"36A":{"t":"P28A"},"36B":{"desc":"A1P"},"36E":{"t":"GLF4"},"36F":{"desc":"L1T"},"372":{"t":"O1"},"373":{"desc":"H2T"},"374":{"t":"PA18"},"376":{"desc":"L1P"},"378":{"t":"C172"},"37B":{"t":"GLID"},"37C":{"t":"FA50"},"37F":{"desc":"L1P"},"38A":{"desc":"L1P"},"38D":{"desc":"L1P"},"395":{"t":"BE20"},"398":{"t":"BE33"},"39C":{"desc":"L1P"},"3AA":{"t":"C172"},"3AE":{"desc":"L1P"},"3B0":{"desc":"L1P","t":"ULAC"},"3B1":{"t":"GLID"},"3B2":{"desc":"L1P"},"3C0":{"t":"C152"},"3CA":{"t":"PA27"},"3CC":{"t":"B763"},"3CD":{"t":"PAY4"},"3CE":{"t":"CH7B"},"3D0":{"t":"SW4"},"3D4":{"desc":"L1P"},"3D7":{"t":"B407"},"3DC":{"t":"UH1"},"3E4":{"desc":"L1P"},"3E7":{"t":"B732"},"3EA":{"t":"PTS2"},"3F0":{"t":"S22T"},"3F2":{"desc":"L1P"},"400":{"desc":"L1P"},"408":{"t":"A320"},"40B":{"t":"C182"},"40D":{"desc":"L1P"},"40E":{"t":"BE20"},"40F":{"t":"FDCT"},"419":{"t":"DA40"},"423":{"t":"A321"},"424":{"t":"B06"},"427":{"t":"DA40"},"430":{"t":"EA50"},"43A":{"t":"CL30"},"440":{"t":"C172"},"44D":{"t":"DC10"},"44F":{"t":"UH1"},"456":{"desc":"L1P"},"458":{"desc":"L2J","t":"A20N"},"45E":{"t":"E55P"},"461":{"t":"SR22"},"462":{"t":"GLF4"},"46C":{"t":"T206"},"46F":{"t":"GLF5"},"47B":{"t":"A332"},"486":{"t":"R44"},"488":{"t":"AS50"},"494":{"t":"C172"},"495":{"t":"AT8T"},"496":{"t":"C206"},"49A":{"t":"SR22"},"49B":{"t":"C182"},"4A4":{"t":"GLID"},"4B4":{"desc":"L1P"},"4C6":{"t":"C172"},"4C7":{"t":"BALL"},"4D2":{"t":"C500"},"4DE":{"t":"C680"},"4DF":{"desc":"L2T"},"4E2":{"t":"PA27"},"4E3":{"t":"C206"},"4E9":{"desc":"L2J"},"4EB":{"desc":"L1P"},"4EE":{"t":"C25B"},"4F9":{"t":"A319"},"4FA":{"t":"AS50"},"50C":{"t":"A320"},"510":{"t":"EA50"},"511":{"desc":"H1P"},"514":{"t":"UH1"},"518":{"t":"EC35"},"520":{"t":"BE10"},"53A":{"t":"C680"},"542":{"t":"C206"},"545":{"t":"PA31"},"54F":{"t":"C172"},"550":{"t":"C25A"},"553":{"t":"GLF4"},"556":{"t":"LJ45"},"55B":{"t":"C177"},"55C":{"t":"PA27"},"55E":{"desc":"L1P","t":"ULAC"},"55F":{"desc":"L2P"},"565":{"t":"E145"},"569":{"t":"C172"},"56C":{"desc":"H2T"},"56D":{"desc":"L1P"},"56E":{"t":"SR20"},"570":{"t":"B733"},"574":{"t":"PA23"},"577":{"t":"P28A"},"57C":{"t":"GLID"},"582":{"t":"C650"},"584":{"desc":"L1P"},"585":{"t":"CL60"},"586":{"desc":"L1P"},"58D":{"t":"BE9L"},"59B":{"t":"B763"},"5BF":{"t":"BALL"},"5C1":{"desc":"L2J"},"5C2":{"t":"PA32"},"5C3":{"desc":"L1P"},"5C4":{"desc":"L1P"},"5CC":{"t":"BALL"},"5E6":{"t":"C172"},"60A":{"t":"G280"},"624":{"t":"PA22"},"628":{"t":"AR11"},"62C":{"t":"C150"},"62D":{"t":"P28A"},"62F":{"t":"BE9L"},"632":{"t":"P28R"},"634":{"t":"C172"},"635":{"t":"P28R"},"636":{"t":"C182"},"638":{"t":"PA32"},"643":{"t":"BALL"},"646":{"desc":"L1P"},"649":{"desc":"L1P"},"64A":{"t":"BE58"},"64D":{"desc":"L4P"},"650":{"t":"P28A"},"651":{"t":"C172"},"653":{"t":"BT36"},"654":{"t":"PA22"},"656":{"t":"P28A"},"658":{"t":"P28R"},"659":{"t":"C182"},"65A":{"t":"C140"},"65E":{"t":"BE36"},"662":{"desc":"L1P"},"663":{"t":"L8"},"667":{"t":"B772"},"66B":{"t":"BALL"},"66C":{"t":"CH7A"},"66F":{"desc":"L1P"},"672":{"t":"C150"},"674":{"t":"C172"},"677":{"t":"PA22"},"678":{"t":"BE35"},"679":{"t":"C172"},"67A":{"t":"C172"},"67B":{"t":"P28R"},"67C":{"t":"C182"},"67D":{"t":"C140"},"681":{"desc":"L1P"},"68A":{"t":"L8"},"68E":{"t":"BE77"},"68F":{"t":"CH7A"},"691":{"t":"AR11"},"692":{"desc":"L1P"},"693":{"desc":"L4P"},"694":{"t":"M20P"},"695":{"t":"C150"},"698":{"t":"PA12"},"699":{"t":"BE35"},"69A":{"t":"PA22"},"69C":{"t":"P28A"},"69D":{"t":"C172"},"6A1":{"t":"PA32"},"6A2":{"t":"LARK"},"6A3":{"t":"C210"},"6AA":{"desc":"H2T"},"6AB":{"t":"L8"},"6AD":{"t":"L8"},"6AE":{"t":"L8"},"6B0":{"t":"BE36"},"6B5":{"t":"C172"},"6B6":{"t":"BT36"},"6B7":{"t":"ERCO"},"6B9":{"t":"GC1"},"6BA":{"t":"C172"},"6BB":{"t":"P28R"},"6BD":{"t":"PA22"},"6BE":{"t":"BE35"},"6C1":{"t":"P28R"},"6C2":{"t":"C182"},"6C3":{"t":"C140"},"6C7":{"t":"PA22"},"6C9":{"t":"L8"},"6CB":{"t":"BALL"},"6D8":{"desc":"L1P"},"6D9":{"t":"C310"},"6DA":{"t":"M20P"},"6DB":{"t":"BE58"},"6DD":{"t":"C172"},"6DF":{"t":"BE35"},"6E1":{"t":"BE35"},"6E3":{"t":"C172"},"6E4":{"t":"P28R"},"6E9":{"t":"C210"},"6EB":{"t":"BE33"},"6F0":{"t":"L8"},"6F2":{"desc":"L1P"},"6F5":{"desc":"L1P"},"6F8":{"desc":"L1P"},"6FA":{"t":"AR11"},"6FD":{"t":"M20P"},"6FF":{"t":"P28A"},"702":{"t":"M20P"},"704":{"t":"BE35"},"707":{"t":"P28R"},"708":{"t":"C182"},"709":{"t":"C140"},"70A":{"t":"BE77"},"70C":{"t":"C210"},"70D":{"t":"PA22"},"715":{"t":"L8"},"716":{"t":"L8"},"718":{"t":"GLID"},"719":{"t":"PA18"},"71A":{"t":"BE77"},"71C":{"t":"C182"},"71F":{"t":"BE77"},"720":{"t":"M20P"},"721":{"t":"C150"},"722":{"t":"GC1"},"723":{"t":"C172"},"726":{"t":"PA22"},"727":{"t":"BE35"},"728":{"t":"C172"},"729":{"t":"C172"},"72A":{"t":"BE58"},"72B":{"t":"C182"},"72E":{"t":"BE60"},"736":{"desc":"L1P"},"73C":{"t":"PA18"},"73F":{"t":"ULAC"},"740":{"t":"CH7A"},"741":{"t":"GLID"},"744":{"t":"C150"},"745":{"t":"BT36"},"749":{"t":"PA22"},"74B":{"t":"C172"},"74C":{"t":"C172"},"74E":{"t":"C182"},"751":{"t":"LARK"},"753":{"t":"PA22"},"755":{"t":"L8"},"758":{"t":"B350"},"75B":{"t":"L8"},"75F":{"t":"PA22"},"762":{"t":"C182"},"763":{"t":"AR11"},"764":{"t":"C172"},"766":{"t":"ERCO"},"767":{"t":"C150"},"768":{"t":"GC1"},"769":{"t":"C172"},"76B":{"t":"M20P"},"76E":{"t":"C172"},"770":{"t":"P28R"},"771":{"t":"C182"},"772":{"t":"C140"},"778":{"t":"BE36"},"77D":{"t":"L8"},"780":{"t":"BALL"},"781":{"desc":"L1P"},"782":{"t":"MITE"},"783":{"t":"B763"},"785":{"t":"BL8"},"78A":{"t":"B06"},"78C":{"t":"BE76"},"78E":{"t":"PA27"},"79B":{"t":"BE35"},"79C":{"t":"GLID"},"79D":{"t":"BE36"},"79E":{"t":"B738"},"7A0":{"desc":"L1P"},"7A2":{"desc":"L1P"},"7AC":{"desc":"L1P"},"7B4":{"t":"HUSK"},"7B5":{"t":"CRJ7"},"7B6":{"t":"BALL"},"7B7":{"desc":"L1P"},"7B8":{"t":"SR22"},"7BE":{"t":"SR20"},"7C0":{"t":"B763"},"7C2":{"t":"C182"},"7C6":{"t":"FDCT"},"7C9":{"t":"TBM7"},"7CD":{"desc":"A1P"},"7CE":{"t":"B738"},"7D0":{"t":"P28A"},"7D5":{"desc":"L1P"},"7D9":{"t":"BL8"},"7DA":{"t":"A321"},"7DE":{"t":"PA23"},"7EB":{"desc":"H1T"},"7EC":{"t":"B412"},"804":{"t":"DC10"},"80A":{"desc":"L2T"},"80D":{"t":"GLF4"},"80F":{"desc":"L2J","t":"A20N"},"815":{"t":"E55P"},"817":{"desc":"L1P"},"818":{"t":"CL60"},"834":{"t":"B06"},"842":{"t":"EC20"},"84D":{"t":"GLF5"},"856":{"t":"BE36"},"860":{"desc":"L1P"},"867":{"desc":"L1P","t":"ULAC"},"87C":{"t":"C177"},"87D":{"t":"AT5T"},"87E":{"t":"BALL"},"887":{"t":"PC12"},"888":{"t":"C172"},"895":{"desc":"A1P"},"896":{"t":"T206"},"898":{"t":"PA31"},"8A3":{"t":"R44"},"8A6":{"t":"GLID"},"8A7":{"t":"GLID"},"8AA":{"t":"CH7A"},"8B0":{"t":"A319"},"8C3":{"t":"A320"},"8C8":{"desc":"H1P"},"8CD":{"desc":"L1P"},"8CF":{"t":"SW4"},"8D3":{"t":"SR22"},"8F1":{"t":"E55P"},"8FA":{"t":"BE36"},"8FB":{"desc":"A1P","t":"ULAC"},"901":{"t":"C172"},"902":{"desc":"L1P"},"905":{"t":"C525"},"90A":{"t":"C172"},"90D":{"desc":"L1P"},"912":{"t":"C340"},"913":{"t":"P28A"},"915":{"t":"PA18"},"916":{"t":"ST75"},"918":{"t":"C25C"},"91A":{"t":"H60"},"91D":{"t":"S22T"},"922":{"t":"C172"},"927":{"t":"B733"},"92B":{"t":"GLID"},"952":{"t":"B763"},"96B":{"t":"C510"},"977":{"t":"PA31"},"978":{"desc":"L1P"},"979":{"desc":"L1P"},"987":{"desc":"L1P"},"98F":{"t":"M5"},"9C1":{"t":"BE55"},"9DC":{"t":"BE18"},"9DE":{"t":"C182"},"9E0":{"t":"C172"},"9E4":{"t":"P28A"},"9E6":{"t":"P32R"},"9ED":{"t":"C182"},"9EF":{"t":"PA32"},"9F7":{"t":"ERCO"},"9FA":{"t":"ERCO"},"9FD":{"t":"P28R"},"A03":{"t":"C172"},"A0A":{"t":"BE76"},"A0F":{"t":"PA18"},"A11":{"t":"C140"},"A12":{"t":"BE36"},"A13":{"t":"LARK"},"A14":{"t":"BE58"},"A1F":{"t":"ERCO"},"A20":{"desc":"L1P"},"A28":{"t":"M20P"},"A2A":{"t":"GC1"},"A2B":{"t":"C172"},"A2C":{"t":"PA12"},"A2E":{"t":"PA22"},"A2F":{"t":"BE33"},"A30":{"t":"P28A"},"A33":{"t":"C182"},"A34":{"t":"C172"},"A37":{"t":"C210"},"A3B":{"t":"ERCO"},"A3F":{"t":"BT36"},"A40":{"t":"C404"},"A42":{"t":"ERCO"},"A47":{"t":"C182"},"A48":{"t":"BALL"},"A49":{"t":"C172"},"A4A":{"desc":"L4P"},"A4D":{"t":"P28A"},"A4F":{"t":"PA12"},"A52":{"t":"BE35"},"A53":{"t":"C172"},"A54":{"t":"C172"},"A55":{"t":"P28R"},"A56":{"t":"C182"},"A57":{"t":"C140"},"A58":{"t":"PA32"},"A5C":{"desc":"L1P"},"A61":{"t":"ERCO"},"A65":{"t":"ERCO"},"A69":{"t":"C82R"},"A6A":{"t":"C182"},"A6B":{"t":"CH7A"},"A6C":{"t":"C172"},"A6E":{"t":"ERCO"},"A71":{"t":"C172"},"A73":{"t":"M20P"},"A76":{"desc":"L1P"},"A77":{"t":"BE55"},"A79":{"t":"C182"},"A7A":{"t":"C140"},"A7C":{"t":"BE23"},"A7D":{"t":"C210"},"A7E":{"t":"BT36"},"A7F":{"t":"ERCO"},"A82":{"t":"ERCO"},"A8B":{"t":"BE58"},"A8C":{"t":"BE55"},"A90":{"t":"T6"},"A92":{"t":"C182"},"A96":{"t":"M20P"},"A97":{"t":"PA22"},"A98":{"t":"BE35"},"A99":{"t":"C172"},"A9A":{"t":"C172"},"A9D":{"t":"C150"},"A9E":{"desc":"L1P"},"A9F":{"t":"BE23"},"AA0":{"t":"C210"},"AA1":{"t":"PA22"},"AAD":{"t":"PA22"},"AAF":{"t":"ST75"},"AB1":{"t":"CH7A"},"AB4":{"t":"M20P"},"AB8":{"t":"PA12"},"ABA":{"t":"PA22"},"ABB":{"t":"BE55"},"ABC":{"t":"P28A"},"ABF":{"t":"C182"},"AC0":{"t":"C150"},"AC1":{"t":"PA32"},"AC6":{"t":"FA24"},"ACF":{"desc":"L1P"},"AD5":{"t":"C172"},"AD6":{"t":"T6"},"AD9":{"t":"GC1"},"ADB":{"t":"PA12"},"ADF":{"t":"P28A"},"AE0":{"t":"BE18"},"AE3":{"t":"C140"},"AE4":{"t":"PA32"},"AE5":{"t":"LARK"},"AE6":{"t":"C210"},"AEA":{"t":"B350"},"AED":{"t":"GLID"},"AF0":{"t":"CRJ2"},"AF2":{"desc":"L1P"},"AF5":{"t":"ST75"},"AF7":{"t":"AR11"},"AFB":{"t":"C150"},"AFE":{"t":"P28A"},"B00":{"t":"PA22"},"B02":{"t":"P28A"},"B03":{"desc":"L1P"},"B04":{"t":"P28R"},"B06":{"desc":"L1P"},"B08":{"t":"LARK"},"B0A":{"t":"PA22"},"B0C":{"t":"C414"},"B11":{"desc":"A2P"},"B13":{"t":"BE23"},"B15":{"desc":"L1P"},"B16":{"t":"PA22"},"B19":{"t":"C182"},"B1E":{"t":"C150"},"B1F":{"t":"GC1"},"B20":{"t":"C172"},"B21":{"t":"PA12"},"B28":{"t":"C182"},"B29":{"t":"C140"},"B2C":{"t":"C210"},"B2E":{"t":"GLID"},"B31":{"t":"GLID"},"B35":{"t":"BALL"},"B38":{"desc":"L1P"},"B3A":{"desc":"H1T","t":"H60"},"B3C":{"t":"AS50"},"B3F":{"t":"C182"},"B41":{"t":"C172"},"B45":{"t":"B407"},"B4A":{"t":"G150"},"B4B":{"t":"C240"},"B52":{"t":"BE35"},"B53":{"t":"GLID"},"B55":{"t":"GLEX"},"B59":{"desc":"L2J","t":"GLF5"},"B5A":{"t":"C172"},"B60":{"desc":"L2J"},"B67":{"t":"PRM1"},"B6B":{"t":"T28"},"B6E":{"t":"C310"},"B6F":{"t":"SR22"},"B73":{"desc":"L1P","t":"ULAC"},"B77":{"t":"B763"},"B79":{"t":"C182"},"B7D":{"t":"FDCT"},"B85":{"t":"B738"},"B86":{"t":"SR22"},"B87":{"t":"SR20"},"B8B":{"t":"PA46"},"B8F":{"desc":"L1P"},"B90":{"t":"ULAC"},"B91":{"t":"A321"},"B99":{"desc":"H4E"},"BA0":{"desc":"L1P"},"BB3":{"t":"LJ60"},"BB9":{"t":"C310"},"BBA":{"desc":"L1P"},"BBB":{"t":"DC10"},"BC1":{"t":"B738"},"BC4":{"t":"PA22"},"BC6":{"desc":"L2J","t":"A20N"},"BC8":{"t":"CH7A"},"BCC":{"t":"E55P"},"BCF":{"t":"CL60"},"BD1":{"t":"H25B"},"BD4":{"t":"ULAC"},"BD6":{"t":"C172"},"BDB":{"desc":"L1P"},"BEA":{"t":"C172"},"BEB":{"t":"B06"},"BF3":{"t":"LJ45"},"BF6":{"t":"P32R"},"BF9":{"t":"EC20"},"C00":{"desc":"L1P"},"C01":{"t":"C320"},"C03":{"t":"BE20"},"C09":{"desc":"L1P"},"C0E":{"t":"ULAC"},"C12":{"desc":"L1P","t":"ULAC"},"C1B":{"desc":"L1P"},"C1E":{"desc":"L1P","t":"ULAC"},"C30":{"t":"ULAC"},"C39":{"t":"SR22"},"C4D":{"t":"P32R"},"C51":{"t":"C206"},"C64":{"t":"CL60"},"C6F":{"desc":"L1P"},"C71":{"t":"C310"},"C76":{"desc":"H1T"},"C7A":{"t":"A320"},"C7F":{"desc":"H1P"},"C82":{"desc":"L1P"},"C8F":{"t":"BE18"},"CA8":{"t":"C680"},"CC4":{"desc":"L1P"},"CCA":{"t":"C172"},"CCC":{"t":"LJ60"},"CCE":{"t":"DA40"},"CCF":{"t":"C182"},"CE2":{"t":"PA14"},"CE3":{"t":"C172"},"CE4":{"t":"TBM7"},"CE5":{"desc":"L1P"},"CE8":{"desc":"L1P"},"CF7":{"t":"C172"},"CFC":{"desc":"L2P"},"D09":{"t":"B763"},"D27":{"t":"C180"},"D3E":{"t":"ULAC"},"D78":{"t":"BE33"},"D95":{"t":"C182"},"D96":{"t":"AR11"},"D97":{"t":"C172"},"D98":{"t":"C310"},"D9C":{"t":"C172"},"DA0":{"t":"BE35"},"DA2":{"t":"C172"},"DA3":{"t":"P28R"},"DA5":{"t":"C140"},"DA6":{"t":"BALL"},"DA7":{"t":"LARK"},"DAA":{"t":"BE9L"},"DAB":{"t":"C550"},"DAD":{"desc":"L1P"},"DAF":{"desc":"L1P"},"DB7":{"desc":"L1P"},"DBF":{"t":"C172"},"DC0":{"t":"PA12"},"DC3":{"t":"BE33"},"DC4":{"t":"C172"},"DC5":{"desc":"L1P"},"DC7":{"t":"C182"},"DC8":{"t":"C150"},"DC9":{"t":"PA32"},"DCD":{"desc":"L1P"},"DD4":{"desc":"L1P"},"DD6":{"desc":"L1P"},"DD8":{"t":"PA22"},"DD9":{"t":"BE50"},"DDB":{"t":"C182"},"DDC":{"t":"CH7A"},"DDD":{"t":"C172"},"DE3":{"t":"P28A"},"DE4":{"t":"BE35"},"DE9":{"desc":"H1P"},"DEA":{"t":"C182"},"DED":{"t":"P28A"},"DFD":{"t":"ST75"},"DFE":{"t":"C182"},"E03":{"t":"C150"},"E0E":{"t":"C150"},"E10":{"t":"P28A"},"E11":{"t":"BALL"},"E13":{"desc":"L1P"},"E14":{"desc":"L1P"},"E15":{"desc":"L1P"},"E18":{"desc":"L1P"},"E19":{"t":"BT36"},"E1A":{"t":"C310"},"E1E":{"t":"PA22"},"E1F":{"t":"BE76"},"E21":{"t":"BE36"},"E23":{"t":"C172"},"E24":{"t":"T6"},"E25":{"t":"BE76"},"E27":{"t":"P28A"},"E28":{"t":"C172"},"E29":{"t":"P28A"},"E2F":{"t":"P28R"},"E30":{"t":"C182"},"E31":{"t":"C140"},"E33":{"t":"LARK"},"E36":{"t":"BE23"},"E37":{"desc":"L1P"},"E38":{"t":"C310"},"E39":{"t":"BE24"},"E3E":{"desc":"L1P"},"E40":{"desc":"L1P"},"E41":{"t":"PA22"},"E44":{"t":"C182"},"E45":{"t":"PA36"},"E47":{"t":"T6"},"E4A":{"t":"GC1"},"E4B":{"t":"PRM1"},"E4C":{"t":"PA12"},"E4D":{"t":"BE35"},"E4E":{"t":"PA22"},"E4F":{"t":"BE33"},"E50":{"t":"P28A"},"E51":{"t":"C172"},"E54":{"t":"C140"},"E55":{"t":"PA32"},"E56":{"t":"BE77"},"E5B":{"t":"B738"},"E5C":{"t":"B738"},"E5E":{"t":"B738"},"E5F":{"t":"C310"},"E60":{"desc":"L2J","t":"B38M"},"E62":{"t":"BE77"},"E63":{"t":"CL60"},"E65":{"t":"BE77"},"E66":{"t":"C82R"},"E67":{"t":"ULAC"},"E6B":{"t":"ERCO"},"E6E":{"t":"BE33"},"E6F":{"desc":"L1P"},"E70":{"t":"M20P"},"E71":{"t":"PA22"},"E73":{"t":"C172"},"E74":{"t":"C172"},"E76":{"t":"BE77"},"E7E":{"desc":"L1P"},"E7F":{"t":"B738"},"E81":{"t":"BALL"},"E82":{"desc":"L1P"},"E83":{"t":"B738"},"E84":{"t":"C310"},"E86":{"desc":"L1P"},"E87":{"t":"PA22"},"E88":{"t":"BE77"},"E8A":{"t":"C182"},"E8C":{"t":"C172"},"E8F":{"t":"C150"},"E90":{"t":"GC1"},"E91":{"t":"C172"},"E97":{"t":"C172"},"E98":{"t":"P28R"},"E9B":{"t":"PA32"},"E9C":{"t":"LARK"},"EA0":{"desc":"L1P"},"EA2":{"t":"B738"},"EA3":{"t":"B738"},"EA4":{"t":"BE77"},"EA5":{"t":"BE77"},"EA6":{"t":"B738"},"EAA":{"t":"BE35"},"EAB":{"desc":"L1P"},"EAC":{"t":"J3"},"EAD":{"t":"C182"},"EAF":{"t":"C172"},"EB0":{"t":"BE76"},"EB1":{"desc":"L1P"},"EB2":{"t":"C150"},"EB3":{"t":"BE23"},"EB4":{"t":"C172"},"EB5":{"t":"PA12"},"EB7":{"t":"PA22"},"EB9":{"t":"C172"},"EBB":{"desc":"L1P"},"EBC":{"t":"C182"},"EBD":{"t":"C140"},"EBE":{"t":"PA32"},"EBF":{"t":"LARK"},"EC0":{"t":"C210"},"EC2":{"desc":"L1P"},"EC3":{"t":"B738"},"EC7":{"t":"C340"},"EC8":{"desc":"L1P"},"EC9":{"t":"B738"},"ECD":{"t":"PA20"},"ECE":{"t":"BE77"},"ED0":{"t":"BE77"},"ED1":{"t":"AR11"},"ED2":{"t":"C172"},"ED6":{"t":"GC1"},"ED8":{"t":"PA12"},"EE1":{"t":"PA32"},"EE5":{"t":"B738"},"EE6":{"desc":"L1P"},"EE8":{"t":"B738"},"EE9":{"desc":"L1P"},"EEB":{"desc":"L1P"},"EED":{"t":"B738"},"EEE":{"desc":"L1P"},"EEF":{"t":"PA30"},"EF1":{"t":"B763"},"EF2":{"t":"C750"},"EF6":{"t":"C525"},"EFC":{"t":"DV20"},"F00":{"t":"P210"},"F09":{"desc":"L1P"},"F0A":{"t":"GLID"},"F0B":{"t":"SR22"},"F10":{"desc":"L1P"},"F19":{"desc":"L1T"},"F1A":{"t":"P28A"},"F23":{"t":"P28A"},"F24":{"t":"P28R"},"F26":{"t":"SR22"},"F2A":{"t":"C25B"},"F2E":{"t":"B763"},"F30":{"t":"C182"},"F33":{"t":"L8"},"F34":{"t":"FDCT"},"F3B":{"t":"BE58"},"F3C":{"t":"B738"},"F41":{"t":"COL4"},"F43":{"t":"UH1"},"F48":{"t":"FA20"},"F4C":{"t":"SR22"},"F51":{"t":"A321"},"F55":{"t":"AEST"},"F56":{"t":"BL17"},"F64":{"t":"SR22"},"F69":{"desc":"L1P"},"F6C":{"t":"PC12"},"F72":{"t":"DC10"},"F7D":{"desc":"L2J","t":"A20N"},"F83":{"t":"E55P"},"F86":{"t":"CL60"},"F87":{"t":"GALX"},"F8D":{"t":"GL5T"},"F8E":{"desc":"L1P"},"F98":{"t":"BE35"},"F9F":{"t":"C210"},"FA0":{"t":"A332"},"FA3":{"t":"AT5T"},"FAD":{"t":"P32R"},"FB0":{"t":"EC20"},"FB8":{"desc":"L1P"},"FB9":{"t":"AT5T"},"FBA":{"t":"E190"},"FBB":{"t":"C310"},"FC0":{"desc":"L1P"},"FC6":{"desc":"L1P"},"FCD":{"desc":"L1P"},"FCE":{"t":"B744"},"FD5":{"desc":"L1P","t":"ULAC"},"FD7":{"desc":"L1P"},"FDD":{"t":"PC12"},"FE5":{"t":"C150"},"FEC":{"t":"BALL"},"FEE":{"t":"P46T"},"FEF":{"t":"BL17"},"FF0":{"t":"EC45"},"FF6":{"t":"BE55"}}