{"024":{"t":"BL8"},"028":{"t":"T6"},"02A":{"t":"C172"},"02C":{"t":"M20P"},"02D":{"t":"C150"},"02E":{"t":"GC1"},"02F":{"t":"C172"},"031":{"t":"M20P"},"032":{"t":"T6"},"033":{"t":"BE35"},"034":{"t":"C172"},"036":{"t":"P28R"},"037":{"t":"C182"},"03A":{"t":"VO10"},"03B":{"t":"C210"},"03C":{"t":"BE23"},"03D":{"t":"B738"},"040":{"desc":"L1P"},"045":{"desc":"L1P"},"046":{"desc":"L1P"},"04D":{"desc":"L1P"},"04F":{"t":"ERCO"},"050":{"t":"C150"},"051":{"t":"B738"},"052":{"t":"C172"},"053":{"t":"T6"},"055":{"t":"PA18"},"057":{"t":"C172"},"05B":{"t":"C140"},"05D":{"t":"VO10"},"05F":{"desc":"L1P"},"064":{"desc":"L1P"},"066":{"desc":"L1P"},"067":{"desc":"L1P"},"068":{"t":"C172"},"06A":{"desc":"L1P"},"06B":{"t":"PA22"},"06D":{"t":"AA5"},"06F":{"t":"CH7A"},"072":{"t":"B738"},"074":{"t":"GC1"},"076":{"t":"P28A"},"079":{"t":"BE35"},"07A":{"t":"C172"},"07B":{"t":"C172"},"07F":{"t":"PA32"},"081":{"t":"C210"},"082":{"t":"PA18"},"088":{"desc":"L1P"},"089":{"desc":"L1P"},"08A":{"desc":"L1P"},"08D":{"desc":"L1P"},"090":{"t":"GLID"},"091":{"t":"B738"},"094":{"t":"GLID"},"095":{"t":"ERCO"},"096":{"t":"C150"},"097":{"t":"GC1"},"09A":{"t":"AA5"},"09B":{"t":"PA18"},"09D":{"t":"C172"},"09E":{"t":"C172"},"09F":{"t":"P28R"},"0A1":{"t":"ULAC"},"0A3":{"t":"VO10"},"0A4":{"t":"AA5"},"0AB":{"desc":"L1P"},"0B0":{"t":"B25"},"0B1":{"t":"PA22"},"0B4":{"t":"C182"},"0B5":{"t":"CH7A"},"0B8":{"t":"M20P"},"0BB":{"t":"C172"},"0C1":{"desc":"L1P","t":"ULAC"},"0C2":{"desc":"L1P"},"0C7":{"t":"C210"},"0C8":{"t":"PA18"},"0CA":{"t":"B738"},"0CC":{"desc":"L1P"},"0D5":{"t":"BE50"},"0D7":{"t":"C182"},"0D8":{"t":"CH7A"},"0D9":{"desc":"L1P"},"0DE":{"t":"C172"},"0DF":{"t":"ULAC"},"0E0":{"desc":"L1P"},"0E1":{"t":"PA18"},"0E3":{"t":"P28A"},"0E7":{"t":"C140"},"0EC":{"t":"H269"},"0F0":{"t":"H269"},"0F2":{"desc":"L1P"},"0F7":{"desc":"L1P","t":"ULAC"},"0FC":{"t":"C172"},"101":{"t":"C172"},"108":{"t":"C82S"},"109":{"t":"C182"},"10A":{"t":"C150"},"10C":{"t":"VO10"},"10E":{"t":"PA18"},"113":{"desc":"L1P"},"116":{"desc":"L1P"},"119":{"t":"M20T"},"11C":{"desc":"L1P"},"11D":{"t":"C182"},"11E":{"t":"AR11"},"122":{"t":"BE35"},"125":{"t":"B06"},"126":{"t":"BE35"},"127":{"t":"PA18"},"12A":{"t":"BE36"},"12B":{"t":"P28R"},"12D":{"t":"C150"},"12E":{"desc":"H1P"},"131":{"t":"PA18"},"138":{"desc":"L1P"},"139":{"t":"C337"},"13A":{"t":"CH7A"},"140":{"t":"C182"},"149":{"t":"BE35"},"14C":{"t":"C172"},"14F":{"t":"C182"},"150":{"t":"C150"},"152":{"t":"VO10"},"153":{"t":"C210"},"154":{"t":"PA18"},"15C":{"desc":"L1P"},"15D":{"t":"S55P"},"15E":{"desc":"L1P"},"160":{"t":"PA22"},"163":{"t":"C182"},"164":{"t":"CH7A"},"165":{"t":"C172"},"167":{"t":"ERCO"},"169":{"t":"P28A"},"16E":{"t":"BE33"},"170":{"t":"C172"},"171":{"t":"P28R"},"172":{"t":"C182"},"173":{"t":"C140"},"174":{"t":"PA32"},"176":{"t":"C210"},"177":{"t":"PA18"},"178":{"desc":"L1P"},"17A":{"desc":"L1P"},"17E":{"desc":"L1P"},"182":{"desc":"L1P"},"184":{"t":"C172"},"186":{"t":"CH7A"},"18B":{"desc":"H2T"},"190":{"t":"B763"},"199":{"t":"B763"},"1A0":{"desc":"L1P"},"1A3":{"t":"B350"},"1AA":{"t":"P28A"},"1B5":{"t":"SR22"},"1B8":{"t":"PA18"},"1B9":{"t":"SR22"},"1BE":{"t":"C25A"},"1C1":{"t":"C510"},"1C6":{"t":"T206"},"1C7":{"t":"FDCT"},"1CB":{"t":"B763"},"1CE":{"t":"SBR1"},"1CF":{"t":"B738"},"1D0":{"t":"FA20"},"1DA":{"t":"T6"},"1DB":{"t":"A321"},"1DF":{"t":"DA40"},"1E0":{"desc":"L1P"},"1E7":{"desc":"L1P"},"1FC":{"desc":"L1P"},"209":{"desc":"L1P"},"20D":{"desc":"L1P"},"210":{"desc":"L2J","t":"A20N"},"216":{"t":"E55P"},"21F":{"t":"J4"},"224":{"t":"SR22"},"227":{"t":"BE33"},"22B":{"desc":"L1P","t":"ULAC"},"232":{"t":"T206"},"233":{"t":"A332"},"238":{"desc":"L1P"},"23A":{"t":"PC12"},"240":{"t":"P32R"},"243":{"t":"EC20"},"24B":{"t":"BE35"},"24E":{"t":"B06"},"252":{"t":"BL8"},"259":{"t":"BL8"},"264":{"t":"C421"},"27A":{"desc":"L1P"},"27D":{"t":"GLF5"},"27E":{"t":"C172"},"297":{"t":"C172"},"298":{"t":"GLF3"},"29B":{"t":"T206"},"29D":{"t":"FA20"},"2A2":{"t":"PA31"},"2A5":{"desc":"L2T"},"2A7":{"t":"C82S"},"2C0":{"t":"PA46"},"2C4":{"t":"A320"},"2D1":{"desc":"L1P"},"2D9":{"desc":"L1P","t":"ULAC"},"2F1":{"desc":"G1P"},"2F2":{"t":"C680"},"2FB":{"desc":"L1P"},"30B":{"t":"P28R"},"30E":{"desc":"L1P"},"310":{"t":"SR20"},"314":{"t":"B190"},"316":{"desc":"L2J","t":"B38M"},"317":{"t":"UH1"},"319":{"t":"BE20"},"321":{"t":"C206"},"32C":{"t":"BE35"},"338":{"t":"C68A"},"33A":{"t":"E190"},"33E":{"t":"SR20"},"341":{"desc":"H1P"},"34D":{"t":"R22"},"371":{"t":"C150"},"388":{"t":"ULAC"},"389":{"t":"S22T"},"38D":{"desc":"G1P"},"3C2":{"t":"BE33"},"3DF":{"t":"C182"},"3E1":{"t":"C172"},"3E6":{"t":"C172"},"3E7":{"t":"PA12"},"3ED":{"t":"P28R"},"3F0":{"t":"PA32"},"3F3":{"t":"PA18"},"3F7":{"desc":"L1P"},"3F8":{"desc":"L1P"},"3FA":{"desc":"L1P"},"3FD":{"desc":"L1P"},"402":{"t":"C182"},"404":{"t":"C172"},"405":{"desc":"H1P"},"407":{"t":"C150"},"408":{"t":"P28A"},"409":{"t":"C172"},"40B":{"t":"BE35"},"40C":{"t":"PA18"},"40D":{"t":"BE35"},"411":{"t":"C182"},"412":{"t":"C140"},"414":{"t":"VO10"},"415":{"t":"PA18"},"41B":{"desc":"L1P"},"41C":{"desc":"L1P"},"41F":{"desc":"L1P"},"420":{"desc":"L1P"},"421":{"desc":"L1P"},"425":{"desc":"L1P","t":"ULAC"},"426":{"t":"CH7A"},"427":{"t":"C172"},"42B":{"t":"GC1"},"42C":{"t":"C172"},"42D":{"t":"PA12"},"42F":{"t":"PA18"},"431":{"t":"P28A"},"432":{"t":"C172"},"434":{"t":"C182"},"437":{"t":"VO10"},"439":{"t":"PA18"},"43C":{"desc":"L1P"},"43D":{"desc":"L1P"},"440":{"desc":"L1P"},"442":{"desc":"L1P"},"443":{"desc":"L1P"},"444":{"t":"PA24"},"44E":{"t":"GC1"},"452":{"t":"PA18"},"455":{"t":"C172"},"45B":{"t":"C210"},"45C":{"t":"PA18"},"45F":{"desc":"L1P"},"460":{"desc":"L1P"},"469":{"t":"BE50"},"46C":{"t":"AR11"},"470":{"t":"C150"},"471":{"t":"P28A"},"473":{"t":"PA12"},"474":{"t":"M20P"},"475":{"t":"PA18"},"477":{"t":"C172"},"47C":{"t":"PA32"},"47E":{"t":"C210"},"481":{"desc":"L1P"},"484":{"desc":"L1P"},"485":{"desc":"L1P"},"48F":{"t":"PA36"},"490":{"t":"C172"},"492":{"t":"ERCO"},"494":{"t":"GC1"},"495":{"t":"C172"},"496":{"t":"PA12"},"497":{"desc":"L1P"},"499":{"t":"BE35"},"49C":{"t":"P28R"},"49E":{"desc":"L1P","t":"ULAC"},"4A0":{"t":"VO10"},"4A1":{"t":"C210"},"4A2":{"t":"PA18"},"4A3":{"desc":"L1P"},"4A5":{"desc":"L1P"},"4A6":{"desc":"L1P"},"4A9":{"desc":"L1P"},"4AF":{"desc":"L1P"},"4B2":{"t":"CH7A"},"4B8":{"t":"C172"},"4B9":{"t":"PA12"},"4BD":{"t":"C172"},"4BF":{"t":"P28R"},"4C0":{"t":"C182"},"4C2":{"t":"PA32"},"4C3":{"t":"VO10"},"4C4":{"t":"C210"},"4C8":{"desc":"L1P"},"4CF":{"desc":"L1P"},"4D3":{"desc":"L1P"},"4D4":{"t":"BE35"},"4D5":{"t":"PA36"},"4D8":{"t":"ERCO"},"4DA":{"t":"GC1"},"4DC":{"t":"PA12"},"4DD":{"t":"BE35"},"4DE":{"desc":"L1P"},"4DF":{"t":"BE33"},"4E0":{"t":"C172"},"4E2":{"desc":"L1P"},"4E3":{"t":"C182"},"4E8":{"t":"PA18"},"4F4":{"t":"PA18"},"4F5":{"t":"GLF5"},"4F9":{"t":"C172"},"4FA":{"desc":"L1P"},"4FD":{"t":"GC1"},"4FE":{"t":"C172"},"4FF":{"t":"PA12"},"502":{"t":"BE35"},"503":{"t":"C172"},"504":{"t":"C172"},"505":{"t":"P28R"},"507":{"t":"C140"},"508":{"desc":"L1P"},"50C":{"desc":"L1P"},"511":{"desc":"L1P"},"513":{"desc":"A1P"},"514":{"desc":"L1P"},"517":{"t":"PA18"},"51A":{"t":"C182"},"51C":{"t":"C172"},"51D":{"t":"T34P"},"520":{"desc":"L1P"},"525":{"t":"BE35"},"526":{"t":"C172"},"527":{"t":"C172"},"528":{"t":"P28R"},"52E":{"t":"PA18"},"52F":{"desc":"L1P"},"534":{"desc":"L1P"},"53A":{"t":"MITE"},"53B":{"t":"B763"},"542":{"desc":"H2T"},"544":{"desc":"L2P"},"546":{"desc":"L1P","t":"ULAC"},"54B":{"t":"AT8T"},"552":{"t":"B763"},"553":{"t":"C25B"},"554":{"t":"GLID"},"556":{"t":"C25C"},"558":{"t":"C208"},"559":{"t":"C82S"},"56C":{"desc":"L1P"},"56D":{"t":"CRJ7"},"56F":{"t":"R44"},"570":{"t":"SR22"},"57E":{"t":"FDCT"},"582":{"t":"B763"},"586":{"t":"B738"},"587":{"t":"C25B"},"58D":{"t":"SR22"},"591":{"desc":"L1P"},"592":{"t":"A321"},"596":{"t":"DA40"},"597":{"t":"T206"},"59A":{"t":"C208"},"59F":{"desc":"L1P"},"5A1":{"t":"C560"},"5C7":{"desc":"L2J","t":"A20N"},"5CD":{"t":"E55P"},"5D0":{"t":"GLEX"},"5D7":{"desc":"A1P"},"5DB":{"desc":"L1P"},"5DE":{"t":"C82S"},"5E1":{"desc":"L1P"},"5E9":{"desc":"L1P"},"5EA":{"t":"A332"},"5EB":{"t":"GLID"},"5F7":{"t":"P32R"},"603":{"t":"C172"},"609":{"desc":"L2T"},"60D":{"t":"GLID"},"60E":{"t":"SF50"},"612":{"t":"BE58"},"614":{"t":"C185"},"634":{"desc":"L1P","t":"ULAC"},"635":{"t":"P28A"},"636":{"t":"BALL"},"638":{"desc":"L1P"},"63B":{"t":"E550"},"648":{"t":"BE58"},"64C":{"desc":"L1P"},"64D":{"desc":"L1P"},"64E":{"t":"C182"},"64F":{"t":"C150"},"650":{"t":"H269"},"652":{"t":"T206"},"659":{"desc":"L1P"},"671":{"t":"AA5"},"67F":{"t":"PA46"},"687":{"t":"DH8B"},"689":{"t":"BE20"},"68B":{"desc":"L1T"},"695":{"desc":"L1P"},"6A9":{"t":"E55P"},"6B1":{"t":"C25A"},"6BB":{"t":"BE40"},"6CA":{"t":"C82T"},"6CB":{"t":"C82S"},"6D0":{"t":"SF50"},"6D2":{"t":"R44"},"6D6":{"t":"C25B"},"6D8":{"t":"C172"},"6DA":{"t":"SR22"},"6DE":{"t":"BL17"},"6E3":{"t":"BE35"},"6E4":{"t":"C172"},"6F4":{"desc":"L1P"},"6F8":{"t":"C414"},"721":{"t":"BE9L"},"72E":{"desc":"L1P"},"730":{"desc":"A1P"},"747":{"t":"M5"},"779":{"desc":"L1P","t":"ULAC"},"795":{"desc":"L1P"},"797":{"t":"AR11"},"79A":{"t":"M20P"},"79D":{"t":"C172"},"7A1":{"desc":"L1P"},"7A2":{"t":"C172"},"7A7":{"t":"PA32"},"7AA":{"t":"PA18"},"7AF":{"t":"J3"},"7B2":{"t":"J3"},"7B5":{"desc":"L1P"},"7B9":{"t":"C182"},"7BA":{"t":"PA36"},"7C0":{"t":"C172"},"7C2":{"t":"BE35"},"7C4":{"t":"P28A"},"7C7":{"t":"P28R"},"7C8":{"t":"C182"},"7C9":{"t":"C140"},"7CA":{"t":"PA32"},"7CC":{"t":"C210"},"7CD":{"t":"AA5"},"7D4":{"t":"J3"},"7D9":{"desc":"L1P","t":"ULAC"},"7DE":{"t":"C172"},"7DF":{"t":"T34P"},"7E0":{"t":"M20P"},"7E3":{"t":"C172"},"7E4":{"t":"PA12"},"7E5":{"t":"BE35"},"7E9":{"t":"C172"},"7EA":{"t":"P28R"},"7EC":{"t":"C140"},"7ED":{"t":"PA32"},"7F5":{"t":"J3"},"7F6":{"t":"J3"},"7F7":{"t":"J3"},"7FC":{"t":"H500"},"7FF":{"desc":"L1P"},"800":{"t":"AR11"},"802":{"desc":"L1P"},"803":{"t":"ERCO"},"804":{"t":"C150"},"805":{"t":"GC1"},"806":{"t":"C172"},"807":{"t":"PA12"},"80A":{"t":"BE35"},"80C":{"t":"C172"},"80E":{"t":"C182"},"80F":{"t":"C140"},"810":{"t":"PA32"},"812":{"t":"C210"},"813":{"t":"PA18"},"814":{"t":"J3"},"815":{"t":"J3"},"81A":{"t":"J3"},"81B":{"t":"J3"},"81C":{"t":"J3"},"822":{"t":"C182"},"824":{"t":"C172"},"826":{"t":"ERCO"},"828":{"t":"P28A"},"829":{"t":"C172"},"82B":{"t":"M20P"},"82C":{"t":"PA18"},"82E":{"t":"C172"},"82F":{"t":"ULAC"},"830":{"desc":"L1P"},"832":{"t":"C140"},"83D":{"t":"J3"},"842":{"desc":"L1P"},"843":{"t":"BE50"},"847":{"t":"C172"},"849":{"t":"M20P"},"84C":{"t":"C172"},"84D":{"t":"PA12"},"850":{"t":"BE55"},"851":{"t":"C172"},"852":{"t":"C172"},"853":{"t":"P28R"},"855":{"t":"C140"},"856":{"t":"PA32"},"859":{"t":"PA18"},"85B":{"t":"J3"},"85D":{"t":"J3"},"85F":{"t":"J3"},"863":{"t":"J5"},"865":{"t":"PA18"},"866":{"desc":"L4T"},"867":{"t":"C402"},"868":{"t":"C182"},"86B":{"t":"C310"},"86C":{"t":"M20P"},"86E":{"t":"GC1"},"870":{"t":"P28S"},"874":{"t":"C172"},"875":{"t":"C172"},"876":{"t":"P28R"},"878":{"t":"C140"},"87B":{"t":"C210"},"87D":{"desc":"L1P"},"87E":{"t":"J5"},"881":{"t":"J5"},"883":{"desc":"L1P"},"884":{"t":"J3"},"88B":{"t":"C182"},"88C":{"t":"CH7A"},"88D":{"t":"C172"},"893":{"t":"PA12"},"896":{"t":"BE35"},"897":{"t":"C172"},"899":{"t":"P28R"},"89B":{"t":"C140"},"89C":{"t":"PA32"},"89E":{"t":"C210"},"89F":{"t":"PA18"},"8A4":{"t":"J4"},"8A9":{"desc":"L1P"},"8AC":{"t":"CH7A"},"8AF":{"t":"CH7A"},"8B2":{"t":"ERCO"},"8B4":{"t":"P28A"},"8B5":{"t":"ULAC"},"8B6":{"t":"PA12"},"8B7":{"t":"BE35"},"8B9":{"t":"BE35"},"8BB":{"t":"C172"},"8BD":{"t":"C182"},"8C2":{"t":"PA18"},"8C5":{"t":"J4"},"8CE":{"desc":"L1P","t":"ULAC"},"8D2":{"t":"AR11"},"8D3":{"t":"C172"},"8D4":{"t":"T34P"},"8D6":{"t":"C150"},"8D7":{"t":"P28A"},"8D9":{"t":"BE36"},"8DA":{"t":"M20P"},"8DB":{"t":"P210"},"8DC":{"t":"BE35"},"8DF":{"t":"P28R"},"8E1":{"t":"C140"},"8E3":{"t":"VO10"},"8E5":{"t":"PA18"},"8E7":{"t":"J4"},"8EA":{"t":"J4"},"8EC":{"t":"J4"},"8ED":{"t":"BE77"},"8F3":{"t":"H269"},"8F4":{"t":"BL8"},"8F5":{"t":"C56X"},"8F7":{"t":"PA34"},"8F8":{"t":"PA24"},"8F9":{"t":"HUSK"},"8FC":{"t":"C182"},"8FD":{"t":"DA40"},"901":{"desc":"L1P"},"903":{"t":"ULAC"},"905":{"t":"BALL"},"906":{"t":"S22T"},"907":{"t":"R44"},"90A":{"desc":"L1P"},"90C":{"desc":"L2P"},"90D":{"t":"FDCT"},"90E":{"desc":"L1P"},"90F":{"desc":"L1T","t":"M600"},"911":{"t":"C182"},"914":{"t":"CL30"},"916":{"t":"M7"},"91A":{"t":"GLID"},"91D":{"desc":"L1P"},"91E":{"t":"GLID"},"91F":{"t":"BE18"},"922":{"t":"B06"},"923":{"t":"P337"},"924":{"desc":"L1P"},"925":{"desc":"L2P"},"926":{"desc":"L1P"},"927":{"desc":"L1T","t":"M600"},"928":{"t":"BE58"},"929":{"t":"DA40"},"92A":{"t":"CRJ2"},"92B":{"desc":"L1P"},"92C":{"t":"C402"},"92D":{"t":"C172"},"92E":{"t":"BE58"},"92F":{"t":"C340"},"931":{"t":"F2TH"},"934":{"desc":"L1P"},"935":{"t":"P28A"},"937":{"t":"CJ6"},"939":{"desc":"L2T"},"93D":{"t":"EA50"},"940":{"t":"P28B"},"942":{"t":"GLID"},"943":{"desc":"L1P"},"944":{"desc":"L1P"},"948":{"desc":"L1T"},"94C":{"desc":"L1P"},"94D":{"t":"P28U"},"94E":{"desc":"L1P"},"950":{"t":"BE36"},"951":{"desc":"L1P"},"954":{"t":"BE58"},"956":{"t":"SF50"},"957":{"desc":"H1P"},"961":{"desc":"L1P"},"963":{"t":"SR22"},"965":{"t":"ASTR"},"96F":{"t":"B06"},"971":{"t":"C185"},"975":{"t":"C185"},"977":{"t":"PA44"},"97A":{"desc":"A2J"},"97E":{"t":"C172"},"980":{"desc":"L2J"},"984":{"t":"E145"},"98A":{"desc":"L1P"},"98C":{"desc":"L2P"},"98D":{"desc":"L1P"},"98E":{"desc":"L1P"},"98F":{"t":"P28A"},"990":{"t":"C414"},"991":{"desc":"L1P"},"992":{"t":"G280"},"993":{"t":"R22"},"998":{"desc":"L1P"},"99B":{"desc":"L1P"},"99C":{"t":"SR22"},"9A1":{"desc":"L1T"},"9A4":{"t":"C25B"},"9A8":{"t":"B06"},"9AB":{"t":"BE9L"},"9AC":{"desc":"A1P"},"9AE":{"desc":"L2P"},"9B1":{"t":"CH7A"},"9B2":{"t":"AT3T"},"9B3":{"t":"HUSK"},"9B4":{"desc":"L1P"},"9B6":{"t":"AS50"},"9B7":{"t":"HUSK"},"9BA":{"t":"BE33"},"9BC":{"desc":"L1P"},"9BD":{"desc":"L1P"},"9BE":{"t":"GLID"},"9C2":{"desc":"H1P"},"9C3":{"desc":"L1P"},"9C4":{"desc":"L1P"},"9C5":{"desc":"L2P"},"9C7":{"t":"P28A"},"9CA":{"t":"GLID"},"9CD":{"t":"BE20"},"9D2":{"desc":"L1P"},"9D5":{"t":"PA31"},"9D8":{"desc":"L1P","t":"ULAC"},"9D9":{"t":"GLID"},"9DA":{"desc":"L1P"},"9DE":{"t":"GLID"},"9E0":{"desc":"L1P"},"9E4":{"desc":"H1P"},"9EC":{"desc":"L1P"},"9ED":{"desc":"L1P"},"9EE":{"desc":"L1P","t":"ULAC"},"9F0":{"t":"HUSK"},"9F2":{"desc":"L1P"},"9F4":{"desc":"L1P"},"9F6":{"desc":"L2P"},"9F7":{"t":"AC90"},"9F9":{"t":"C414"},"9FC":{"t":"P28A"},"9FD":{"t":"BL8"},"A00":{"t":"PA18"},"A03":{"t":"SR22"},"A04":{"t":"C25C"},"A05":{"t":"B06"},"A06":{"t":"BL8"},"A07":{"t":"PA31"},"A08":{"t":"AS65"},"A09":{"desc":"L1P"},"A0B":{"t":"LJ31"},"A0C":{"t":"HUSK"},"A0E":{"desc":"L1P"},"A0F":{"desc":"L1P"},"A10":{"t":"BE50"},"A14":{"t":"C560"},"A16":{"desc":"L1P"},"A18":{"t":"C25C"},"A1D":{"t":"BE60"},"A1E":{"t":"C550"},"A1F":{"t":"P28A"},"A20":{"desc":"L1P"},"A22":{"desc":"L1P"},"A24":{"t":"GLF5"},"A2D":{"t":"B06"},"A2E":{"t":"C560"},"A2F":{"t":"BE58"},"A33":{"t":"PC12"},"A37":{"t":"C172"},"A38":{"t":"GLID"},"A39":{"t":"C82S"},"A3A":{"t":"C172"},"A3C":{"t":"T210"},"A3D":{"desc":"L1P"},"A3F":{"desc":"L2P"},"A40":{"t":"BT36"},"A42":{"desc":"L1P"},"A44":{"desc":"L2P"},"A46":{"t":"PA38"},"A47":{"t":"LJ35"},"A4B":{"desc":"L1P"},"A4F":{"t":"B06"},"A68":{"t":"BE55"},"A6A":{"desc":"A1P"},"A6C":{"t":"BE35"},"A6D":{"t":"PAY1"},"A6E":{"t":"C210"},"A6F":{"desc":"L1P"},"A70":{"desc":"L1P"},"A71":{"t":"R44"},"A72":{"t":"M20T"},"A73":{"t":"C150"},"A78":{"t":"BE36"},"A79":{"t":"R66"},"A7A":{"desc":"L1P"},"A7C":{"desc":"L1P"},"A7E":{"t":"EC35"},"A7F":{"t":"BE30"},"A80":{"t":"C182"},"A81":{"desc":"L1P"},"A82":{"t":"C500"},"A87":{"desc":"L1P"},"A89":{"desc":"H1E"},"A8D":{"t":"CH7A"},"A8F":{"desc":"L1T"},"A91":{"desc":"L1P"},"A92":{"t":"BE36"},"A93":{"desc":"L1P"},"A94":{"t":"C152"},"A95":{"t":"LJ60"},"A96":{"desc":"L1P"},"A97":{"desc":"L1P"},"A9B":{"desc":"L2T"},"A9C":{"desc":"L1P","t":"TB0"},"A9D":{"t":"PA31"},"A9E":{"t":"C150"},"A9F":{"desc":"L1T"},"AA1":{"t":"CH7A"},"AA2":{"t":"B06"},"AA3":{"desc":"L1T"},"AA4":{"desc":"A1P"},"AA5":{"t":"BE58"},"AA6":{"desc":"L1P"},"AAC":{"t":"C550"},"AAD":{"desc":"H2T"},"AAF":{"t":"PAY1"},"AB0":{"t":"P28S"},"AB2":{"desc":"L2J"},"AB3":{"t":"GLID"},"AC4":{"t":"C182"},"ACC":{"t":"U21"},"ACD":{"t":"B105"},"ACE":{"t":"R44"},"ACF":{"t":"E55P"},"AD3":{"t":"B427"},"AD7":{"desc":"L1P"},"AD8":{"desc":"L1P"},"ADD":{"t":"BE20"},"AE5":{"t":"BE18"},"AE6":{"t":"AC90"},"AE7":{"t":"BE36"},"AE8":{"desc":"L1P","t":"ULAC"},"AE9":{"desc":"L1P"},"AEC":{"t":"BE55"},"AED":{"t":"BL8"},"AEE":{"t":"P28R"},"AEF":{"t":"CH7B"},"AF0":{"t":"BALL"},"AF1":{"t":"P28A"},"AF3":{"t":"SR22"},"AF5":{"t":"C82S"},"AF6":{"desc":"L1P"},"AF7":{"t":"C150"},"AFA":{"desc":"L1P"},"AFC":{"t":"HUSK"},"AFE":{"t":"AA5"},"B10":{"t":"E300"},"B14":{"t":"GLID"},"B2D":{"desc":"L1P"},"B30":{"desc":"L1P"},"B31":{"desc":"L1P"},"B33":{"desc":"L1P"},"B42":{"t":"M7"},"B46":{"desc":"L1P"},"B49":{"t":"BE18"},"B4A":{"t":"MITE"},"B51":{"t":"C525"},"B54":{"t":"C550"},"B56":{"t":"AS50"},"B57":{"t":"B763"},"B5A":{"t":"C25A"},"B69":{"t":"PTS2"},"B6B":{"desc":"L1P"},"B6C":{"t":"B737"},"B71":{"desc":"L1P"},"B78":{"t":"S22T"},"B7D":{"t":"P32R"},"B7F":{"desc":"A1P","t":"PA18"},"B80":{"t":"SR22"},"B82":{"t":"C560"},"B85":{"t":"FA20"},"B8A":{"t":"SR22"},"B8C":{"t":"GLF4"},"B8D":{"t":"C240"},"B8E":{"t":"FDCT"},"B90":{"t":"C182"},"B96":{"t":"B738"},"BA1":{"desc":"L1P"},"BA2":{"t":"A321"},"BA6":{"t":"DA40"},"BBE":{"t":"GLF6"},"BBF":{"t":"C182"},"BCC":{"desc":"L1P"},"BD7":{"desc":"L2J","t":"A20N"},"BDD":{"t":"E55P"},"BE0":{"desc":"L1P"},"BE6":{"t":"DV20"},"BEB":{"t":"A320"},"BEE":{"t":"H25B"},"BFA":{"t":"A332"},"C1E":{"desc":"L1P","t":"ULAC"},"C20":{"t":"BE20"},"C2B":{"t":"BL8"},"C2E":{"t":"PA46"},"C39":{"t":"PA11"},"C44":{"desc":"L1P"},"C45":{"t":"C172"},"C47":{"desc":"L1P"},"C48":{"t":"S22T"},"C52":{"t":"BALL"},"C5D":{"t":"C56X"},"C5E":{"t":"C182"},"C60":{"t":"H269"},"C62":{"t":"C172"},"C63":{"desc":"L1P"},"C69":{"t":"M20P"},"C90":{"t":"DA40"},"C92":{"t":"BE36"},"C93":{"t":"B06"},"C99":{"t":"C56X"},"CB9":{"t":"C680"},"CC1":{"desc":"L1P"},"CC2":{"t":"CH7B"},"CC3":{"desc":"L1P"},"CCD":{"desc":"H4E"},"CD1":{"t":"BALL"},"CD6":{"desc":"L1P"},"CDA":{"t":"GLID"},"CDC":{"desc":"L1P","t":"ULAC"},"CDD":{"desc":"L1P","t":"ULAC"},"CDF":{"t":"GLF6"},"CE6":{"desc":"L1P"},"CEA":{"t":"SR22"},"CEB":{"t":"GLID"},"CEC":{"desc":"L1P"},"CED":{"t":"SR20"},"CF3":{"desc":"L1P"},"CF4":{"t":"C208"},"CF5":{"desc":"A1P"},"CFF":{"t":"PC12"},"D04":{"desc":"L1P"},"D0C":{"t":"PA44"},"D11":{"t":"SR22"},"D3F":{"t":"MD11"},"D45":{"desc":"L1P"},"D50":{"desc":"L1P","t":"ULAC"},"D57":{"t":"C77R"},"DA3":{"t":"GLID"},"DA6":{"t":"C182"},"DA7":{"t":"AR11"},"DA8":{"desc":"L1P"},"DAA":{"t":"ERCO"},"DAF":{"desc":"L1P"},"DB0":{"t":"SR22"},"DB3":{"t":"C172"},"DB5":{"t":"C336"},"DB7":{"t":"PA32"},"DBB":{"t":"BE23"},"DBC":{"t":"BE23"},"DBE":{"t":"J3"},"DC4":{"t":"C172"},"DC6":{"t":"GLID"},"DC7":{"t":"BE33"},"DC8":{"t":"BT36"},"DC9":{"t":"C182"},"DCA":{"t":"PA36"},"DCC":{"t":"C206"},"DCE":{"t":"C150"},"DCF":{"t":"GC1"},"DD0":{"t":"C172"},"DD3":{"t":"PA22"},"DD5":{"t":"BE77"},"DD7":{"t":"P28R"},"DDA":{"t":"PA32"},"DDE":{"t":"O1"},"DE2":{"t":"C172"},"DE9":{"t":"GLID"},"DEC":{"t":"C182"},"DF1":{"t":"BE36"},"DF2":{"t":"GC1"},"DF3":{"t":"C172"},"DF4":{"t":"PA12"},"DF5":{"t":"BT36"},"DF6":{"t":"BE36"},"DF8":{"t":"P28A"},"DFC":{"t":"C170"},"DFE":{"t":"BE33"},"E00":{"t":"PA18"},"E01":{"t":"BE58"},"E05":{"t":"BE77"},"E06":{"t":"BE77"},"E07":{"t":"BE77"},"E09":{"t":"J5"},"E0D":{"t":"BE24"},"E10":{"t":"BE76"},"E11":{"desc":"L1P"},"E13":{"t":"M20P"},"E16":{"t":"C172"},"E17":{"t":"BE35"},"E1A":{"t":"C172"},"E1C":{"t":"C172"},"E1F":{"desc":"A1P","t":"ULAC"},"E20":{"t":"PA32"},"E23":{"t":"PA18"},"E24":{"t":"J5"},"E26":{"t":"O1"},"E29":{"t":"J3"},"E2C":{"desc":"L1P"},"E2F":{"t":"BE58"},"E32":{"t":"C182"},"E36":{"t":"ERCO"},"E37":{"t":"C150"},"E38":{"t":"P28A"},"E39":{"t":"C172"},"E3A":{"t":"BE58"},"E3C":{"t":"PA22"},"E3D":{"t":"C172"},"E3E":{"t":"C172"},"E3F":{"t":"C172"},"E40":{"t":"P28R"},"E42":{"t":"C170"},"E45":{"t":"C210"},"E46":{"t":"PA18"},"E47":{"t":"BT36"},"E48":{"t":"J5"},"E4C":{"t":"J5"},"E4F":{"t":"J5"},"E50":{"t":"BT36"},"E55":{"t":"C182"},"E56":{"t":"BE9L"},"E57":{"desc":"L1P"},"E59":{"t":"ERCO"},"E5A":{"t":"C150"},"E5B":{"t":"GC1"},"E5C":{"t":"C172"},"E5E":{"t":"M20P"},"E5F":{"t":"PA22"},"E62":{"t":"C172"},"E63":{"t":"P28R"},"E65":{"t":"C170"},"E68":{"t":"C210"},"E69":{"desc":"L1P"},"E6E":{"t":"BE77"},"E6F":{"t":"J5"},"E72":{"t":"BE23"},"E74":{"desc":"L1P"},"E75":{"t":"GLID"},"E76":{"t":"BE35"},"E79":{"desc":"S1P","t":"AR11"},"E7A":{"desc":"L1P"},"E7F":{"t":"BE36"},"E80":{"t":"PA12"},"E82":{"t":"PA22"},"E84":{"t":"C172"},"E86":{"t":"P28R"},"E88":{"t":"C172"},"E89":{"t":"P32R"},"E8A":{"t":"BE58"},"E8B":{"t":"C210"},"E8C":{"t":"PA18"},"E8F":{"t":"BE77"},"E92":{"t":"BE35"},"E98":{"t":"ULAC"},"E9C":{"t":"BE36"},"E9D":{"desc":"L1P"},"E9F":{"t":"ERCO"},"EA0":{"desc":"L1P"},"EA3":{"t":"PA12"},"EA4":{"t":"BE35"},"EA5":{"t":"PA22"},"EA8":{"desc":"L1P","t":"ULAC"},"EA9":{"t":"BE58"},"EAD":{"t":"BT36"},"EB0":{"t":"J5"},"EB1":{"t":"BE33"},"EB8":{"t":"J3"},"EB9":{"t":"J3"},"EBC":{"t":"BE35"},"EBE":{"t":"C182"},"EC0":{"desc":"L1P"},"EC2":{"t":"PA44"},"EC3":{"desc":"L1P"},"EC4":{"t":"GC1"},"EC5":{"t":"C172"},"EC6":{"t":"P28A"},"EC9":{"t":"BE33"},"ECA":{"t":"P28A"},"ECF":{"t":"PA32"},"ED3":{"t":"J4"},"ED4":{"t":"BE36"},"ED5":{"t":"BT36"},"ED9":{"t":"BE77"},"EDB":{"t":"BE55"},"EDC":{"t":"BE58"},"EDE":{"t":"GLID"},"EDF":{"t":"BE35"},"EE0":{"t":"BE9T"},"EE1":{"t":"C182"},"EE7":{"t":"BE58"},"EE8":{"t":"C172"},"EE9":{"t":"PA12"},"EED":{"t":"C172"},"EEE":{"t":"C172"},"EEF":{"t":"P28R"},"EF0":{"t":"BE77"},"EF2":{"t":"PA32"},"EF3":{"t":"C310"},"EF4":{"t":"BE77"},"EF5":{"t":"BE77"},"EF6":{"t":"J4"},"EF7":{"t":"J3"},"EF8":{"desc":"H1P"},"EF9":{"t":"J3"},"EFC":{"desc":"H1P"},"EFD":{"t":"J3"},"EFE":{"t":"J3"},"F00":{"desc":"L1P"},"F03":{"t":"PA32"},"F04":{"t":"BE36"},"F08":{"t":"B738"},"F0D":{"desc":"L1P"},"F0E":{"t":"B763"},"F12":{"desc":"L1P","t":"ULAC"},"F15":{"t":"PA38"},"F23":{"t":"C501"},"F24":{"desc":"L1P"},"F2B":{"t":"SR22"},"F33":{"t":"S108"},"F34":{"t":"CH7B"},"F35":{"t":"P32R"},"F36":{"desc":"A1P","t":"PA18"},"F37":{"t":"SR22"},"F3F":{"t":"B738"},"F41":{"t":"C172"},"F44":{"desc":"L1P"},"F45":{"t":"FDCT"},"F48":{"t":"C650"},"F4C":{"t":"P28A"},"F4F":{"desc":"L1P"},"F52":{"t":"C172"},"F58":{"t":"BL8"},"F59":{"t":"B738"},"F5D":{"t":"T210"},"F64":{"t":"A321"},"F76":{"t":"C172"},"F7E":{"t":"DV20"},"F7F":{"t":"ULAC"},"F81":{"t":"P28A"},"F82":{"desc":"L1P"},"F83":{"t":"DC10"},"F85":{"t":"BT36"},"F89":{"desc":"L2T"},"F8E":{"desc":"L2J","t":"A20N"},"F94":{"t":"E55P"},"F97":{"t":"P28A"},"FA2":{"t":"A320"},"FAD":{"t":"GLEX"},"FB0":{"t":"C180"},"FB1":{"t":"A332"},"FB3":{"t":"BE20"},"FBE":{"t":"P32R"},"FC9":{"t":"C172"},"FE2":{"t":"GLID"},"FE6":{"t":"BALL"},"FEA":{"t":"M20T"},"FFB":{"t":"M20P"}}