{"03A":{"t":"AR11"},"03C":{"t":"C340"},"03D":{"desc":"L1P","t":"ULAC"},"03E":{"desc":"L1P"},"03F":{"desc":"L1P"},"042":{"t":"BE35"},"045":{"t":"C172"},"046":{"t":"C172"},"049":{"t":"C170"},"04C":{"t":"C210"},"04F":{"t":"J3"},"050":{"t":"J3"},"053":{"t":"P28B"},"054":{"t":"J3"},"055":{"t":"BE36"},"057":{"t":"P32R"},"059":{"t":"GLID"},"05B":{"t":"SR22"},"05C":{"t":"C182"},"05D":{"desc":"L1P"},"060":{"t":"M20P"},"063":{"t":"BE36"},"064":{"t":"PA12"},"066":{"t":"PA22"},"068":{"t":"P28A"},"06A":{"t":"P28R"},"06B":{"t":"C336"},"06C":{"t":"C170"},"06F":{"t":"C210"},"070":{"t":"BE77"},"072":{"t":"J3"},"073":{"t":"J3"},"074":{"t":"P28A"},"078":{"t":"P28A"},"07A":{"t":"J3"},"07B":{"desc":"L1P"},"07C":{"t":"GLID"},"07D":{"t":"C82S"},"07E":{"t":"C180"},"07F":{"desc":"L1P"},"082":{"desc":"H1P"},"083":{"t":"ERCO"},"085":{"t":"GC1"},"086":{"t":"C172"},"087":{"t":"PA12"},"08A":{"t":"C172"},"08B":{"t":"C172"},"08C":{"t":"C172"},"08D":{"t":"P28R"},"090":{"t":"PA32"},"096":{"t":"P28A"},"098":{"t":"J3"},"09C":{"t":"PA34"},"09F":{"t":"GLID"},"0A0":{"t":"BE35"},"0A2":{"t":"C182"},"0A3":{"t":"CH7A"},"0A5":{"t":"C206"},"0A7":{"t":"BE36"},"0A9":{"t":"BE36"},"0AA":{"t":"PA12"},"0AC":{"t":"PA22"},"0AE":{"t":"P28A"},"0B2":{"t":"ULAC"},"0B4":{"t":"VO10"},"0B5":{"t":"C210"},"0B9":{"t":"J5"},"0BD":{"t":"J3"},"0BF":{"t":"P28S"},"0C0":{"t":"P28S"},"0C2":{"t":"GLID"},"0C3":{"desc":"L1P"},"0C4":{"t":"C180"},"0C5":{"t":"C182"},"0C6":{"t":"CH7A"},"0C8":{"t":"BT36"},"0CB":{"t":"GC1"},"0CD":{"t":"PA12"},"0CF":{"t":"PA22"},"0D4":{"t":"C336"},"0D6":{"t":"PA32"},"0D7":{"t":"VO10"},"0D8":{"t":"C210"},"0D9":{"t":"PA18"},"0DC":{"t":"J3"},"0E2":{"t":"P28A"},"0E5":{"t":"GLID"},"0EB":{"t":"C206"},"0ED":{"t":"C150"},"0F0":{"t":"P28A"},"0F2":{"t":"PA22"},"0F4":{"t":"C172"},"0F6":{"t":"P28R"},"0F8":{"t":"C170"},"0F9":{"t":"PA32"},"0FC":{"t":"PA18"},"0FE":{"t":"J3"},"100":{"t":"P28A"},"102":{"t":"P28S"},"104":{"t":"P28S"},"106":{"t":"J3"},"108":{"t":"GLID"},"109":{"t":"BE35"},"10A":{"desc":"L1P"},"110":{"t":"C150"},"111":{"t":"GC1"},"112":{"t":"C172"},"117":{"t":"C172"},"118":{"t":"C172"},"119":{"t":"P28R"},"11B":{"t":"ULAC"},"11C":{"t":"PA32"},"11D":{"t":"VO10"},"11F":{"t":"PA18"},"122":{"t":"P32R"},"124":{"t":"P28R"},"125":{"t":"P28R"},"126":{"t":"BE24"},"12C":{"t":"BE35"},"12E":{"t":"BE77"},"12F":{"t":"CH7A"},"136":{"t":"PA12"},"138":{"t":"PA22"},"13A":{"t":"C172"},"13C":{"t":"P28R"},"13D":{"t":"BE23"},"13E":{"t":"C170"},"141":{"t":"C210"},"142":{"t":"PA18"},"143":{"t":"BE55"},"148":{"t":"P32R"},"14A":{"t":"P28A"},"14B":{"t":"P28A"},"14C":{"t":"J5"},"14E":{"t":"GLID"},"14F":{"t":"BE35"},"155":{"t":"ULAC"},"159":{"t":"P28A"},"15A":{"t":"BE35"},"15C":{"t":"C172"},"15D":{"t":"C206"},"15E":{"t":"C172"},"15F":{"t":"P28R"},"161":{"t":"C150"},"165":{"t":"PA18"},"166":{"t":"P28A"},"16A":{"t":"J5"},"16D":{"t":"P28R"},"171":{"t":"GLID"},"173":{"t":"C180"},"179":{"t":"C150"},"17B":{"t":"C172"},"17C":{"t":"P28A"},"17D":{"t":"M20P"},"180":{"t":"C172"},"181":{"t":"C172"},"182":{"t":"P28R"},"184":{"t":"C150"},"185":{"t":"PA32"},"187":{"t":"C210"},"188":{"t":"PA18"},"189":{"t":"J5"},"18C":{"t":"J5"},"18D":{"t":"P28S"},"190":{"t":"P32R"},"192":{"t":"P28A"},"194":{"t":"MITE"},"195":{"t":"B763"},"196":{"t":"PA25"},"197":{"desc":"A2T"},"19B":{"t":"B738"},"1A0":{"t":"S22T"},"1A4":{"t":"C208"},"1A5":{"t":"CH7B"},"1AC":{"t":"E45X"},"1AD":{"t":"BE95"},"1AF":{"desc":"L1J"},"1B0":{"desc":"L1P"},"1B3":{"t":"PA18"},"1B8":{"desc":"L1P"},"1C6":{"t":"S108"},"1CA":{"t":"SR20"},"1D0":{"t":"SR22"},"1D7":{"t":"GLID"},"1DF":{"t":"P28A"},"1E0":{"t":"B738"},"1E2":{"desc":"L1P"},"1E6":{"desc":"L1P"},"1EB":{"desc":"L1P"},"1EC":{"t":"A321"},"1F0":{"t":"DA40"},"209":{"t":"C172"},"216":{"t":"DC10"},"221":{"desc":"L2J","t":"A20N"},"227":{"t":"E55P"},"22A":{"t":"S22T"},"22B":{"t":"BE9L"},"244":{"t":"A332"},"24D":{"desc":"L1T"},"24E":{"desc":"L1P"},"252":{"t":"UH1"},"25C":{"desc":"L1P"},"25F":{"t":"CL30"},"260":{"t":"GLF4"},"262":{"desc":"A1P"},"266":{"t":"FDCT"},"26A":{"t":"DA40"},"270":{"desc":"L1P"},"28F":{"t":"AT8T"},"290":{"desc":"L1P"},"2A0":{"desc":"L1P"},"2A7":{"desc":"L1P"},"2A8":{"t":"DA40"},"2AA":{"desc":"L1P"},"2AB":{"t":"A139"},"2AC":{"t":"C172"},"2B3":{"t":"LJ31"},"2B6":{"desc":"L2T"},"2C7":{"t":"PC12"},"2D9":{"t":"AS50"},"303":{"t":"E55P"},"30B":{"t":"BE33"},"313":{"t":"R44"},"316":{"t":"WW24"},"31B":{"t":"SR22"},"32A":{"t":"C25B"},"32D":{"desc":"L1P"},"332":{"t":"C172"},"341":{"desc":"L1P"},"345":{"t":"BE20"},"348":{"t":"FA50"},"355":{"desc":"L1P"},"357":{"desc":"H4E"},"36E":{"t":"BALL"},"372":{"t":"B06"},"377":{"t":"BE33"},"38B":{"desc":"L1P"},"3A1":{"t":"M5"},"3D0":{"desc":"L1P"},"3EE":{"t":"BE77"},"3F4":{"t":"M20P"},"3F5":{"t":"C150"},"3F6":{"t":"GC1"},"3F7":{"t":"C172"},"3F8":{"t":"PA12"},"3FC":{"t":"P28A"},"3FE":{"t":"P28R"},"3FF":{"t":"C336"},"400":{"t":"BE55"},"401":{"t":"PA32"},"402":{"t":"VO10"},"404":{"t":"PA18"},"408":{"t":"P28A"},"40A":{"t":"P28R"},"40D":{"t":"J3"},"40E":{"t":"J3"},"410":{"t":"GLID"},"411":{"t":"BE35"},"412":{"t":"C180"},"417":{"t":"ERCO"},"41A":{"t":"C172"},"41C":{"t":"M20P"},"41D":{"t":"PA22"},"41E":{"t":"C172"},"421":{"desc":"L1P"},"423":{"t":"C170"},"424":{"t":"PA32"},"426":{"t":"C210"},"427":{"desc":"L1P"},"42A":{"t":"J3"},"42B":{"t":"J3"},"42D":{"t":"J3"},"42E":{"t":"J3"},"42F":{"t":"P32R"},"430":{"t":"J3"},"431":{"t":"J3"},"433":{"t":"GLID"},"434":{"t":"BE35"},"436":{"t":"C182"},"439":{"t":"C206"},"43B":{"t":"C150"},"43C":{"t":"P28A"},"43D":{"t":"C172"},"43E":{"t":"P28A"},"440":{"t":"P210"},"441":{"t":"C172"},"442":{"t":"BT36"},"444":{"t":"P28R"},"446":{"t":"ULAC"},"447":{"t":"PA32"},"44A":{"t":"PA18"},"44D":{"t":"J3"},"44E":{"t":"J3"},"450":{"t":"PA34"},"453":{"t":"P28A"},"454":{"t":"P28A"},"456":{"t":"GLID"},"459":{"t":"C182"},"45D":{"t":"M20P"},"45F":{"t":"GC1"},"461":{"t":"PA12"},"464":{"t":"C172"},"465":{"t":"C172"},"466":{"t":"C172"},"46D":{"desc":"H1P"},"46E":{"t":"J3"},"46F":{"t":"J3"},"470":{"t":"P28R"},"471":{"t":"J5"},"472":{"t":"J5"},"474":{"t":"P28S"},"476":{"t":"J5"},"477":{"t":"P28S"},"478":{"t":"NAVI"},"479":{"t":"GLID"},"47A":{"t":"ULAC"},"47B":{"t":"BE36"},"480":{"desc":"L1P"},"482":{"t":"GC1"},"483":{"t":"C172"},"484":{"t":"P28A"},"485":{"t":"BE23"},"487":{"t":"C172"},"488":{"t":"C172"},"48A":{"t":"P28R"},"48B":{"t":"BE58"},"48F":{"t":"BE24"},"490":{"t":"PA18"},"491":{"t":"J5"},"494":{"t":"J5"},"495":{"t":"BE77"},"496":{"t":"J5"},"497":{"t":"J5"},"498":{"t":"J5"},"499":{"t":"J5"},"49C":{"t":"GLID"},"49D":{"desc":"L1P"},"4A4":{"t":"C150"},"4A5":{"t":"P28A"},"4A6":{"t":"C172"},"4AA":{"t":"C172"},"4AB":{"t":"C172"},"4AC":{"t":"C172"},"4AF":{"t":"ULAC"},"4B0":{"t":"PA32"},"4B4":{"t":"BE36"},"4B9":{"t":"P28R"},"4BA":{"t":"P28A"},"4BB":{"t":"P28A"},"4BF":{"t":"BE33"},"4C1":{"t":"C180"},"4C8":{"t":"GC1"},"4C9":{"t":"C172"},"4CA":{"t":"PA12"},"4CB":{"t":"BE77"},"4CC":{"t":"PA22"},"4CD":{"t":"C172"},"4CE":{"t":"P28A"},"4CF":{"t":"C172"},"4D0":{"t":"P28R"},"4D3":{"t":"PA32"},"4D5":{"t":"C210"},"4D6":{"t":"PA18"},"4D7":{"t":"J5"},"4DA":{"desc":"L1P"},"4DF":{"t":"J3"},"4E0":{"t":"J3"},"4E3":{"t":"BE35"},"4E4":{"t":"C180"},"4E5":{"t":"C182"},"4E6":{"t":"AR11"},"4E8":{"t":"BE58"},"4EA":{"t":"C150"},"4EC":{"t":"C172"},"4ED":{"t":"PA12"},"4F0":{"t":"C172"},"4F1":{"t":"C172"},"4F2":{"t":"C172"},"4F3":{"t":"P28R"},"4F5":{"t":"C170"},"4F6":{"t":"PA32"},"4F7":{"desc":"L4T"},"4F8":{"t":"C210"},"4F9":{"t":"PA18"},"4FD":{"t":"J3"},"4FE":{"t":"P32R"},"500":{"t":"J3"},"501":{"t":"PA32"},"502":{"t":"J3"},"503":{"t":"PA34"},"508":{"t":"C182"},"509":{"t":"AR11"},"50C":{"t":"ERCO"},"50D":{"t":"BE77"},"50E":{"t":"BE77"},"513":{"t":"C185"},"514":{"t":"P28A"},"517":{"t":"BE35"},"518":{"t":"C195"},"51B":{"t":"BE36"},"51D":{"t":"J3"},"522":{"t":"J3"},"524":{"t":"PA11"},"529":{"t":"BE35"},"52B":{"t":"C182"},"52D":{"t":"AC90"},"52F":{"t":"ERCO"},"532":{"desc":"H1P"},"533":{"t":"PA12"},"534":{"t":"BE35"},"536":{"t":"C172"},"537":{"t":"C172"},"538":{"t":"BT36"},"539":{"t":"P28R"},"53B":{"t":"C195"},"53C":{"t":"PA32"},"53E":{"t":"BE55"},"541":{"t":"CH7A"},"542":{"t":"P28A"},"543":{"t":"J3"},"544":{"t":"P28A"},"545":{"t":"J3"},"546":{"t":"P28A"},"548":{"t":"J5"},"54A":{"t":"BE35"},"54B":{"t":"C560"},"54D":{"t":"S22T"},"551":{"t":"C172"},"557":{"t":"B763"},"55C":{"t":"BE9L"},"55F":{"t":"B763"},"560":{"desc":"L1P"},"561":{"t":"B763"},"565":{"t":"GLID"},"57E":{"t":"DA40"},"57F":{"t":"C25B"},"581":{"desc":"A1P","t":"ULAC"},"58B":{"t":"SR20"},"58E":{"t":"C182"},"597":{"t":"B738"},"599":{"t":"C172"},"5A3":{"t":"A321"},"5A7":{"t":"DA40"},"5CD":{"t":"DC10"},"5D8":{"desc":"L2J","t":"A20N"},"5DE":{"t":"E55P"},"5E4":{"t":"BE9L"},"5EB":{"desc":"A1P"},"5F3":{"desc":"L1P"},"5FB":{"t":"LJ35"},"604":{"desc":"L1T"},"613":{"t":"SR22"},"614":{"desc":"A1P"},"615":{"desc":"A1P"},"61D":{"t":"BE36"},"623":{"t":"BE36"},"624":{"desc":"L1P"},"627":{"desc":"L1P"},"628":{"t":"GLID"},"646":{"t":"DA40"},"648":{"desc":"L1P"},"64E":{"t":"BE20"},"655":{"t":"SR22"},"656":{"t":"BE40"},"65E":{"t":"UH1"},"65F":{"t":"C172"},"662":{"t":"A139"},"66A":{"t":"C560"},"677":{"desc":"G1P"},"690":{"t":"E300"},"698":{"desc":"L2T"},"6BA":{"t":"C680"},"6C2":{"desc":"L1P"},"6CD":{"t":"B212"},"6CE":{"desc":"L1P"},"6D3":{"desc":"L1P"},"6D6":{"desc":"L1P"},"6DC":{"desc":"L1P"},"6DE":{"t":"B350"},"6E6":{"t":"C750"},"6E9":{"t":"C172"},"6EB":{"t":"SR22"},"6F0":{"t":"B733"},"6F6":{"t":"R44"},"6F7":{"t":"C82S"},"702":{"t":"C208"},"704":{"desc":"L1P"},"705":{"t":"F900"},"706":{"t":"PC12"},"709":{"desc":"L1J"},"70A":{"t":"SR22"},"70E":{"desc":"H4E"},"720":{"t":"ULAC"},"726":{"t":"GLID"},"728":{"t":"R44"},"73F":{"t":"PC12"},"741":{"t":"M20T"},"750":{"desc":"H4E"},"756":{"t":"C182"},"758":{"t":"M5"},"78A":{"t":"BE33"},"7A4":{"t":"GLID"},"7A5":{"t":"BE35"},"7A7":{"t":"C182"},"7AB":{"t":"ERCO"},"7AC":{"t":"C150"},"7AE":{"t":"C172"},"7AF":{"t":"PA12"},"7B1":{"t":"PA22"},"7B2":{"t":"C172"},"7B4":{"t":"C172"},"7B5":{"t":"P28R"},"7B6":{"t":"BE77"},"7B7":{"t":"C172"},"7BB":{"t":"BE24"},"7BC":{"t":"P28A"},"7BD":{"t":"P28S"},"7BF":{"t":"P28S"},"7C3":{"t":"J5"},"7C4":{"t":"P28B"},"7C7":{"t":"GLID"},"7C9":{"t":"BE58"},"7D0":{"t":"GC1"},"7D1":{"t":"C172"},"7D2":{"t":"PA12"},"7D6":{"t":"P28A"},"7D8":{"t":"P28R"},"7D9":{"t":"BT36"},"7DC":{"t":"VO10"},"7E1":{"t":"J5"},"7E5":{"t":"P28R"},"7E6":{"t":"P28R"},"7E7":{"t":"P28R"},"7E8":{"t":"J5"},"7E9":{"t":"GLID"},"7EB":{"t":"BE35"},"7EC":{"t":"PA18"},"7F1":{"t":"GLID"},"7F4":{"t":"C172"},"7F8":{"t":"C172"},"7F9":{"t":"C172"},"7FA":{"t":"C172"},"7FB":{"t":"P28R"},"7FC":{"t":"BE23"},"7FE":{"t":"BT36"},"7FF":{"t":"VO10"},"801":{"t":"PA18"},"802":{"t":"P28S"},"806":{"desc":"L1E"},"807":{"t":"P32R"},"809":{"t":"B737"},"80D":{"t":"GLID"},"80E":{"t":"BE58"},"813":{"t":"C206"},"815":{"t":"BE36"},"817":{"t":"BE36"},"818":{"t":"P28S"},"819":{"t":"M20P"},"81B":{"t":"C172"},"81C":{"t":"C172"},"81E":{"t":"P28R"},"820":{"t":"C195"},"821":{"t":"PA32"},"823":{"t":"BE77"},"824":{"t":"PA18"},"828":{"t":"P28A"},"829":{"t":"J3"},"82A":{"t":"P28A"},"82D":{"t":"GLID"},"830":{"t":"GLID"},"831":{"t":"BE35"},"834":{"t":"CH7A"},"836":{"t":"C206"},"83B":{"t":"PA12"},"83C":{"t":"BE35"},"83F":{"t":"C172"},"841":{"t":"P28R"},"843":{"t":"ULAC"},"844":{"t":"PA32"},"845":{"t":"VO10"},"846":{"t":"BE58"},"847":{"t":"PA18"},"849":{"t":"P28S"},"84B":{"t":"J3"},"84E":{"t":"P32R"},"84F":{"t":"J3"},"850":{"t":"J3"},"851":{"t":"P32R"},"853":{"t":"GLID"},"854":{"t":"BE35"},"856":{"t":"C182"},"857":{"t":"PA36"},"859":{"t":"T206"},"85A":{"t":"M20P"},"85C":{"t":"GC1"},"85D":{"t":"C172"},"85E":{"t":"PA12"},"860":{"t":"PA18"},"861":{"t":"C172"},"863":{"t":"C172"},"864":{"t":"P28R"},"865":{"t":"C336"},"866":{"t":"C150"},"868":{"t":"VO10"},"86B":{"t":"PA34"},"86D":{"t":"P32R"},"86F":{"t":"J3"},"870":{"t":"J3"},"872":{"t":"J3"},"874":{"t":"J3"},"876":{"t":"ULAC"},"878":{"t":"BE60"},"879":{"t":"C182"},"87A":{"t":"AR11"},"87E":{"t":"C150"},"87F":{"t":"GC1"},"880":{"t":"C172"},"882":{"t":"GLID"},"883":{"t":"PA18"},"884":{"t":"C172"},"885":{"t":"C172"},"886":{"t":"C172"},"887":{"t":"P28R"},"888":{"t":"C336"},"889":{"t":"C185"},"88B":{"t":"VO10"},"88E":{"t":"PA30"},"896":{"t":"PA34"},"898":{"t":"GLEX"},"89A":{"t":"BE35"},"8A1":{"t":"C150"},"8A3":{"t":"UH12"},"8A6":{"t":"PA18"},"8AC":{"t":"C195"},"8B0":{"t":"PA18"},"8B2":{"t":"P28R"},"8B4":{"t":"P28R"},"8B7":{"t":"P28S"},"8B8":{"t":"P28A"},"8C3":{"t":"ERCO"},"8C5":{"t":"GC1"},"8C6":{"t":"C172"},"8CB":{"t":"C172"},"8CC":{"t":"C172"},"8CD":{"t":"P28R"},"8CF":{"t":"ULAC"},"8D2":{"t":"C210"},"8D3":{"t":"PA18"},"8DA":{"t":"P28A"},"8DB":{"t":"J3"},"8E2":{"t":"C182"},"8E7":{"t":"C150"},"8E9":{"t":"C172"},"8EA":{"desc":"L1P"},"8EC":{"t":"PA18"},"8EE":{"t":"P28A"},"8F0":{"t":"P28R"},"8F3":{"t":"PA32"},"8F6":{"t":"PA18"},"8F7":{"t":"J3"},"8F8":{"t":"P28S"},"8F9":{"t":"P28S"},"8FA":{"t":"P28S"},"8FB":{"t":"J3"},"8FE":{"t":"J3"},"8FF":{"t":"J3"},"903":{"t":"B763"},"904":{"desc":"L1T"},"905":{"t":"GLF5"},"909":{"t":"C182"},"90E":{"t":"EC30"},"910":{"t":"SR22"},"916":{"desc":"L2T"},"91B":{"desc":"L1P"},"91E":{"t":"BE35"},"932":{"t":"BE20"},"934":{"t":"AA5"},"935":{"t":"GLF4"},"937":{"desc":"A1P","t":"PA18"},"939":{"t":"SR22"},"942":{"t":"SR22"},"94D":{"t":"ULAC"},"94E":{"t":"B738"},"951":{"t":"CL60"},"955":{"t":"SR22"},"957":{"t":"B06"},"959":{"desc":"L1P"},"95A":{"t":"A321"},"95D":{"t":"BALL"},"95E":{"t":"DA42"},"95F":{"desc":"L1P"},"962":{"t":"R44"},"969":{"t":"R44"},"97F":{"t":"BE33"},"982":{"desc":"L1P"},"991":{"t":"GLF5"},"994":{"t":"C525"},"998":{"t":"SR22"},"999":{"desc":"L1P"},"99A":{"t":"BE35"},"9A5":{"desc":"L1P"},"9A9":{"t":"F900"},"9AA":{"desc":"L1P"},"9B1":{"desc":"L1P"},"9B2":{"t":"A332"},"9B7":{"t":"H269"},"9BF":{"t":"P46T"},"9C2":{"desc":"H1P"},"9CD":{"t":"B06"},"9CF":{"t":"C56X"},"9D0":{"t":"C172"},"9D1":{"desc":"L1P","t":"TB1"},"9D4":{"desc":"L1P","t":"ULAC"},"9D5":{"t":"FA50"},"9D8":{"t":"DA40"},"9EF":{"t":"S22T"},"9F5":{"t":"C25A"},"9FD":{"t":"DA40"},"9FE":{"t":"PA30"},"9FF":{"t":"C182"},"A08":{"desc":"L1P"},"A0D":{"t":"L101"},"A15":{"t":"UH1"},"A19":{"t":"A139"},"A1A":{"t":"PA23"},"A1D":{"desc":"L1P"},"A1E":{"t":"R22"},"A1F":{"desc":"L1P"},"A21":{"t":"GLF3"},"A47":{"t":"BE36"},"A48":{"desc":"H6E"},"A4A":{"t":"PC12"},"A4B":{"t":"LJ35"},"A4F":{"t":"EC35"},"A58":{"desc":"L1P"},"A71":{"t":"C680"},"A79":{"desc":"L1P"},"A7C":{"desc":"L1P"},"A7F":{"t":"GL5T"},"A8D":{"desc":"L1P"},"A8E":{"desc":"L1P"},"A8F":{"t":"SR20"},"A92":{"t":"C206"},"A97":{"t":"C150"},"A99":{"desc":"L1P"},"AA0":{"t":"C340"},"AA4":{"t":"S22T"},"AAB":{"t":"PA32"},"AAC":{"t":"C208"},"AAE":{"t":"C172"},"AAF":{"desc":"L1P"},"AB7":{"t":"B734"},"AC0":{"t":"P46T"},"AD6":{"t":"T206"},"ADD":{"t":"C172"},"AF6":{"t":"C182"},"AF7":{"t":"ASTR"},"AFA":{"desc":"L1P"},"B06":{"desc":"L1P"},"B07":{"t":"CL30"},"B0B":{"t":"WW24"},"B0F":{"t":"M5"},"B41":{"desc":"L1P"},"B5D":{"t":"C180"},"B5E":{"t":"C182"},"B64":{"t":"GC1"},"B68":{"desc":"L1P"},"B69":{"t":"C172"},"B6C":{"t":"P28R"},"B6F":{"t":"PA32"},"B71":{"t":"C210"},"B73":{"t":"PA32"},"B76":{"t":"J3"},"B77":{"t":"P28A"},"B7C":{"t":"P28A"},"B7F":{"t":"ULAC"},"B85":{"t":"ERCO"},"B88":{"t":"C172"},"B89":{"t":"PA12"},"B8E":{"t":"C172"},"B92":{"t":"PA32"},"B93":{"t":"VO10"},"B94":{"t":"C210"},"B98":{"t":"J3"},"B9E":{"t":"P32R"},"BA1":{"t":"GLID"},"BA7":{"t":"C206"},"BA9":{"t":"C150"},"BAC":{"t":"PA12"},"BAF":{"t":"C172"},"BB0":{"t":"P28A"},"BB1":{"t":"C172"},"BB8":{"t":"PA18"},"BBB":{"t":"J3"},"BC4":{"t":"GLID"},"BC6":{"desc":"L1P","t":"ULAC"},"BC8":{"t":"CH7A"},"BC9":{"desc":"L1P"},"BCB":{"t":"M20P"},"BCE":{"t":"C172"},"BD1":{"t":"PA18"},"BD2":{"t":"C172"},"BD3":{"t":"C172"},"BD4":{"t":"C172"},"BD5":{"t":"P28R"},"BD9":{"t":"VO10"},"BDB":{"t":"PA18"},"BDC":{"t":"J3"},"BDF":{"t":"J3"},"BE0":{"t":"J3"},"BE2":{"t":"P28A"},"BE3":{"t":"J3"},"BE7":{"t":"GLID"},"BEA":{"t":"C182"},"BEB":{"t":"AR11"},"BF1":{"t":"C172"},"BF4":{"t":"PA18"},"BF5":{"t":"C172"},"BF7":{"t":"C172"},"BFA":{"t":"C195"},"BFD":{"desc":"L1P"},"BFE":{"t":"PA18"},"BFF":{"t":"P28A"},"C00":{"t":"P28A"},"C01":{"t":"P28A"},"C09":{"desc":"L1P"},"C0A":{"t":"GLID"},"C0E":{"t":"AR11"},"C10":{"t":"C340"},"C13":{"t":"GC1"},"C14":{"desc":"L1P"},"C15":{"t":"PA12"},"C18":{"t":"C185"},"C1A":{"t":"C172"},"C1B":{"t":"P28R"},"C1F":{"t":"VO10"},"C21":{"t":"PA18"},"C24":{"t":"P28A"},"C26":{"t":"PA32"},"C29":{"t":"J3"},"C2A":{"t":"PA34"},"C2B":{"t":"P28A"},"C2C":{"desc":"L1P"},"C2D":{"t":"GLID"},"C30":{"t":"C182"},"C32":{"desc":"L1P"},"C34":{"t":"M20P"},"C36":{"t":"GC1"},"C38":{"t":"PA32"},"C39":{"t":"BE35"},"C3A":{"t":"P210"},"C3B":{"t":"C172"},"C3E":{"t":"C310"},"C4D":{"t":"P28A"},"C51":{"t":"BE35"},"C53":{"t":"C182"},"C54":{"t":"CH7A"},"C55":{"t":"P28A"},"C59":{"t":"GC1"},"C5A":{"t":"C172"},"C65":{"t":"VO10"},"C69":{"t":"P28S"},"C6A":{"t":"J5"},"C6C":{"t":"J5"},"C6D":{"t":"P28S"},"C73":{"t":"GLID"},"C74":{"t":"GLEX"},"C75":{"t":"C180"},"C76":{"t":"C182"},"C78":{"t":"P28A"},"C7A":{"t":"ERCO"},"C7B":{"t":"C150"},"C7E":{"t":"PA12"},"C82":{"t":"C172"},"C84":{"t":"P28R"},"C89":{"t":"C210"},"C8B":{"t":"J4"},"C8C":{"t":"J3"},"C8D":{"desc":"L1P"},"C90":{"t":"B06"},"C93":{"t":"J5"},"C94":{"t":"J5"},"C9E":{"t":"C150"},"C9F":{"t":"GC1"},"CA1":{"t":"PA12"},"CA3":{"t":"PA18"},"CA4":{"t":"C172"},"CA5":{"t":"C172"},"CA6":{"desc":"L1P"},"CA7":{"t":"P28R"},"CB7":{"desc":"L1P"},"CB8":{"t":"C180"},"CBA":{"t":"B763"},"CBC":{"desc":"A2T"},"CC5":{"t":"DV20"},"CCB":{"t":"LJ25"},"CCE":{"t":"LJ35"},"CD1":{"t":"B763"},"CD3":{"t":"GLID"},"CD4":{"desc":"L1P"},"CD5":{"t":"BE33"},"CE2":{"t":"GLID"},"CE3":{"t":"S22T"},"CE7":{"t":"P32R"},"CEB":{"t":"S108"},"CEC":{"t":"P28B"},"CED":{"t":"BALL"},"CEE":{"desc":"A1P","t":"PA18"},"CF6":{"t":"C172"},"CF9":{"t":"C172"},"CFC":{"t":"M20T"},"CFD":{"t":"FDCT"},"D04":{"desc":"L1P"},"D05":{"t":"B738"},"D07":{"t":"DV20"},"D08":{"t":"B350"},"D11":{"t":"A321"},"D20":{"t":"ULAC"},"D29":{"desc":"L1T"},"D3B":{"t":"DC10"},"D4F":{"t":"P28A"},"D60":{"desc":"L1P"},"D61":{"desc":"L1P"},"D68":{"t":"PC12"},"D69":{"t":"A332"},"D6B":{"t":"TBM7"},"D74":{"t":"C82S"},"D9B":{"t":"LJ35"},"DAC":{"desc":"L1P"},"DB4":{"t":"AT8T"},"DB5":{"t":"DV20"},"DC4":{"desc":"L3J"},"DCC":{"desc":"L1P"},"DCF":{"t":"BE35"},"DD0":{"t":"A139"},"DD1":{"t":"C182"},"DE6":{"t":"GLID"},"DFE":{"t":"AS50"},"DFF":{"t":"A119"},"E01":{"t":"PA46"},"E06":{"t":"EC35"},"E0F":{"t":"CL30"},"E28":{"t":"C680"},"E31":{"t":"BE20"},"E35":{"t":"BALL"},"E37":{"desc":"H1P"},"E44":{"desc":"L1P"},"E49":{"t":"BE35"},"E4A":{"desc":"L1P","t":"ULAC"},"E5B":{"t":"PA46"},"E5E":{"t":"B733"},"E62":{"desc":"L1P"},"E68":{"desc":"L1P"},"E78":{"desc":"L1P"},"E9E":{"desc":"L1P"},"EAD":{"t":"PC12"},"EBB":{"t":"ULAC"},"EC6":{"desc":"L1P"},"EED":{"t":"GLID"},"EF8":{"t":"BE35"},"F11":{"desc":"H1P","t":"GYRO"},"F12":{"t":"GLID"},"F14":{"t":"C180"},"F1B":{"t":"GC1"},"F1C":{"t":"C172"},"F1D":{"t":"PA12"},"F21":{"t":"C172"},"F25":{"t":"C195"},"F26":{"t":"PA32"},"F28":{"t":"C210"},"F29":{"t":"PA18"},"F2A":{"t":"P28A"},"F2B":{"t":"P28A"},"F2F":{"desc":"L1P"},"F32":{"t":"P32R"},"F34":{"desc":"G1P"},"F37":{"t":"C180"},"F3A":{"t":"P32R"},"F3B":{"t":"T206"},"F3C":{"t":"M20P"},"F3D":{"desc":"L1P"},"F3E":{"t":"P28A"},"F3F":{"t":"C172"},"F40":{"t":"PA12"},"F43":{"t":"C172"},"F44":{"t":"C172"},"F46":{"t":"P28R"},"F48":{"t":"C195"},"F4B":{"t":"C210"},"F4C":{"t":"PA18"},"F4D":{"desc":"L1P"},"F4E":{"t":"P32R"},"F4F":{"t":"P32R"},"F51":{"t":"P28A"},"F54":{"desc":"L1P"},"F56":{"t":"P28R"},"F57":{"desc":"L1P"},"F59":{"t":"BE35"},"F5B":{"t":"C182"},"F5C":{"t":"CH7A"},"F5F":{"t":"ERCO"},"F60":{"desc":"L1P"},"F62":{"t":"C172"},"F64":{"t":"M20P"},"F66":{"t":"C172"},"F68":{"t":"C172"},"F6F":{"t":"PA18"},"F72":{"desc":"L1P"},"F73":{"desc":"L1P"},"F77":{"desc":"L1P"},"F7A":{"t":"C180"},"F7B":{"t":"GLID"},"F7C":{"t":"BE35"},"F7D":{"t":"C180"},"F7E":{"t":"C182"},"F82":{"t":"ERCO"},"F89":{"t":"C172"},"F8D":{"t":"B06"},"F8E":{"t":"C195"},"F8F":{"t":"PA32"},"F95":{"t":"C172"},"F96":{"desc":"L1P"},"F99":{"desc":"H1P"},"F9E":{"t":"GLID"},"F9F":{"t":"BE35"},"FA0":{"t":"C180"},"FA2":{"t":"CH7A"},"FA3":{"t":"P28A"},"FA7":{"t":"P28A"},"FA9":{"t":"PA12"},"FAE":{"t":"C172"},"FAF":{"t":"P28R"},"FB1":{"t":"C195"},"FB2":{"t":"PA32"},"FB6":{"t":"ST75"},"FBA":{"t":"P28S"},"FBB":{"t":"P32R"},"FBC":{"t":"J3"},"FC1":{"t":"GLID"},"FC4":{"t":"B06"},"FC6":{"t":"P28R"},"FC7":{"t":"T206"},"FCB":{"t":"C172"},"FD1":{"t":"C172"},"FD2":{"t":"P28R"},"FD9":{"t":"B789"},"FDB":{"t":"P28A"},"FDC":{"t":"ST75"},"FDD":{"t":"P28A"},"FDE":{"t":"B789"},"FE0":{"t":"ST75"},"FE5":{"t":"BE35"},"FE7":{"t":"C182"},"FEA":{"t":"C206"},"FEC":{"t":"C150"},"FEE":{"t":"C172"},"FEF":{"t":"PA12"},"FF2":{"t":"C172"},"FF3":{"t":"C172"},"FF4":{"t":"C172"},"FF7":{"t":"ULAC"},"FFA":{"t":"B06"},"FFB":{"t":"PA18"},"FFE":{"t":"P28S"}}