{"000":{"t":"BE23"},"001":{"t":"GLID"},"002":{"t":"BALL"},"006":{"t":"PA18"},"007":{"t":"P28A"},"008":{"desc":"L1T"},"00B":{"desc":"L2T","t":"BE18"},"011":{"t":"WACO"},"012":{"t":"CH7A"},"013":{"t":"BALL"},"014":{"t":"S108"},"017":{"t":"BALL"},"019":{"desc":"L1P"},"01A":{"t":"M7"},"01B":{"t":"NAVI"},"01C":{"desc":"L1P"},"01D":{"t":"PA12"},"01F":{"t":"PA23"},"020":{"t":"P28A"},"021":{"t":"BALL"},"022":{"t":"BALL"},"026":{"t":"PA32"},"032":{"desc":"L1P"},"035":{"t":"N3N"},"036":{"t":"CH7A"},"03B":{"t":"BALL"},"03C":{"t":"BALL"},"03D":{"desc":"L1T"},"03E":{"desc":"H2T"},"042":{"t":"PA23"},"044":{"t":"PA32"},"046":{"t":"BE23"},"04A":{"t":"BALL"},"04B":{"t":"PA30"},"04C":{"t":"PA18"},"04D":{"t":"H500"},"04E":{"desc":"L1P"},"054":{"t":"BALL"},"055":{"t":"C172"},"056":{"t":"TAYB"},"058":{"desc":"L1P"},"05C":{"t":"BL8"},"05D":{"t":"BE36"},"05E":{"desc":"A1P","t":"ULAC"},"061":{"desc":"H2T"},"062":{"t":"C402"},"065":{"desc":"L2J","t":"A21N"},"068":{"t":"UH1"},"06A":{"t":"C402"},"06C":{"t":"A320"},"06E":{"desc":"L1J"},"070":{"t":"C402"},"071":{"t":"BE55"},"074":{"t":"BE40"},"075":{"desc":"H1P"},"079":{"t":"COL4"},"07A":{"desc":"L1P"},"07C":{"t":"DA40"},"07D":{"t":"AT3P"},"07E":{"desc":"L1P"},"07F":{"t":"P32R"},"086":{"t":"C340"},"08A":{"t":"S108"},"08B":{"t":"C402"},"08C":{"t":"BALL"},"08E":{"desc":"L1P"},"090":{"t":"C402"},"092":{"desc":"L1T"},"096":{"desc":"L1P"},"098":{"t":"P46T"},"09A":{"t":"COL4"},"09B":{"t":"C240"},"09F":{"t":"AT3P"},"0A3":{"t":"C185"},"0A5":{"t":"ST75"},"0A7":{"desc":"L1P","t":"ULAC"},"0A8":{"t":"C510"},"0A9":{"t":"V10"},"0AA":{"desc":"L1P"},"0AC":{"t":"BALL"},"0AD":{"t":"R22"},"0AE":{"t":"C421"},"0B1":{"t":"LJ25"},"0B3":{"t":"BE58"},"0B4":{"t":"PA34"},"0B5":{"t":"C172"},"0BB":{"desc":"L2J","t":"A339"},"0C5":{"t":"ULAC"},"0C7":{"t":"BALL"},"0CC":{"t":"C172"},"0CD":{"t":"B412"},"0D5":{"t":"C170"},"0E0":{"t":"P28A"},"0E5":{"t":"CRJ2"},"0E7":{"t":"GLF4"},"0EA":{"t":"B06"},"0EE":{"desc":"L1P","t":"ULAC"},"0F1":{"t":"B407"},"0F9":{"desc":"L1P"},"0FE":{"desc":"G1P"},"0FF":{"t":"C402"},"100":{"t":"C172"},"108":{"desc":"L1P","t":"ULAC"},"109":{"t":"GLF5"},"10D":{"t":"GLF5"},"111":{"t":"ULAC"},"116":{"t":"AS50"},"11D":{"t":"C172"},"123":{"desc":"H1P"},"127":{"t":"F900"},"12E":{"t":"C402"},"131":{"t":"GLF4"},"132":{"t":"PAY3"},"135":{"t":"FA10"},"139":{"t":"C402"},"13C":{"desc":"L1P"},"149":{"t":"AT3P"},"14A":{"desc":"L1T"},"14B":{"desc":"L1P"},"14E":{"t":"R44"},"151":{"t":"B744"},"153":{"t":"M20P"},"155":{"desc":"L4T"},"156":{"t":"AA5"},"158":{"t":"B407"},"159":{"t":"C25A"},"15B":{"t":"LJ45"},"15E":{"t":"C402"},"160":{"t":"C172"},"163":{"t":"C172"},"166":{"t":"TBM7"},"168":{"t":"PC12"},"16C":{"desc":"L1T"},"16D":{"t":"PA27"},"16E":{"t":"BE9T"},"171":{"desc":"H2T"},"172":{"desc":"L2P"},"173":{"t":"SR22"},"179":{"t":"P210"},"17B":{"t":"C402"},"17C":{"desc":"L1P"},"17D":{"desc":"L1P"},"180":{"t":"C680"},"185":{"t":"C402"},"18B":{"t":"PC12"},"18E":{"t":"C172"},"195":{"t":"BE30"},"199":{"t":"BE40"},"19E":{"t":"P28A"},"19F":{"desc":"L1P","t":"ULAC"},"1A1":{"t":"PC12"},"1A3":{"t":"COL4"},"1A5":{"t":"B407"},"1A6":{"t":"PA27"},"1A7":{"t":"HUSK"},"1AE":{"t":"M20P"},"1B2":{"desc":"L1P"},"1B9":{"desc":"L1P"},"1C7":{"t":"GLF4"},"1CC":{"t":"DH8D"},"1CF":{"desc":"L1P"},"1D2":{"desc":"A1P"},"1D7":{"desc":"L1P"},"1D8":{"t":"CL60"},"1D9":{"t":"M20P"},"1DA":{"t":"BE40"},"1DF":{"desc":"L1P"},"1E0":{"t":"C402"},"1E8":{"t":"C208"},"1E9":{"t":"B744"},"1EA":{"t":"BE58"},"1ED":{"t":"PC12"},"1EE":{"t":"LJ45"},"1F0":{"desc":"H1P"},"1F1":{"desc":"A2P"},"1F3":{"t":"P32T"},"1F4":{"t":"PC12"},"1F6":{"t":"B06"},"1F8":{"t":"GLF4"},"1F9":{"t":"C182"},"1FA":{"desc":"L1P"},"1FB":{"t":"C206"},"1FC":{"desc":"L2T"},"1FD":{"t":"C182"},"1FE":{"t":"C402"},"1FF":{"t":"LJ60"},"204":{"desc":"L1P"},"205":{"t":"B407"},"207":{"t":"RV12"},"209":{"t":"AT3P"},"20A":{"t":"C402"},"20F":{"desc":"L1T"},"213":{"t":"SR22"},"21B":{"t":"A320"},"228":{"t":"B752"},"22B":{"desc":"L4P"},"233":{"t":"GLID"},"234":{"t":"PAT4"},"235":{"t":"CL60"},"239":{"desc":"L1P"},"241":{"t":"GLEX"},"245":{"t":"BALL"},"24C":{"desc":"L1P"},"24E":{"desc":"L2P"},"24F":{"t":"C185"},"254":{"desc":"L1P"},"258":{"t":"C402"},"259":{"t":"B737"},"25C":{"t":"S108"},"261":{"t":"C402"},"263":{"desc":"A1P"},"265":{"desc":"L1P"},"269":{"desc":"L1J"},"273":{"desc":"L1J"},"275":{"t":"BE40"},"27B":{"desc":"L1P"},"288":{"t":"B734"},"28A":{"desc":"H1T"},"294":{"t":"E75L"},"298":{"t":"L39"},"2A5":{"t":"S22T"},"2B1":{"t":"BE35"},"2B2":{"t":"R22"},"2B3":{"desc":"L1T"},"2B4":{"desc":"L1T"},"2B5":{"desc":"L1P","t":"ULAC"},"2B6":{"t":"C172"},"2B7":{"t":"B06"},"2B8":{"desc":"L1P"},"2BA":{"t":"BALL"},"2BC":{"desc":"L1T"},"2BF":{"t":"BALL"},"2C0":{"t":"H500"},"2C3":{"t":"C150"},"2C4":{"t":"C170"},"2C5":{"t":"PA32"},"2C6":{"desc":"L1T"},"2C8":{"t":"PA18"},"2C9":{"desc":"L1P"},"2CA":{"desc":"L1T"},"2CB":{"desc":"L1P"},"2CC":{"desc":"L1P"},"2CF":{"t":"S108"},"2D0":{"desc":"L1P"},"2D6":{"t":"S108"},"2D7":{"t":"C182"},"2D8":{"t":"R22"},"2D9":{"t":"C172"},"2DA":{"desc":"L1T"},"2DB":{"desc":"L1T"},"2DE":{"desc":"L1P"},"2DF":{"t":"PA12"},"2E1":{"t":"PA23"},"2E2":{"t":"P28R"},"2E3":{"t":"PA32"},"2E5":{"t":"BALL"},"2E6":{"t":"C150"},"2E7":{"t":"C170"},"2E8":{"t":"PA32"},"2E9":{"desc":"L1P"},"2EC":{"desc":"L1T"},"2ED":{"t":"BALL"},"2EE":{"desc":"L1P"},"2F0":{"t":"S108"},"2F2":{"desc":"L1P"},"2F7":{"t":"J3"},"2F8":{"t":"GLID"},"2FA":{"t":"C182"},"2FB":{"t":"AR11"},"2FC":{"t":"P28A"},"2FD":{"desc":"L1P"},"2FF":{"t":"AT6T"},"300":{"t":"NAVI"},"301":{"t":"BALL"},"302":{"t":"PA12"},"303":{"t":"C140"},"305":{"t":"BALL"},"308":{"t":"BE23"},"309":{"t":"C150"},"30A":{"t":"C170"},"30B":{"t":"BALL"},"30C":{"t":"DA40"},"30E":{"t":"PA18"},"310":{"desc":"L1P"},"312":{"t":"S108"},"313":{"desc":"L1P"},"314":{"t":"H500"},"315":{"desc":"L1T"},"317":{"desc":"L1P"},"318":{"t":"H500"},"319":{"t":"C180"},"31A":{"t":"BE35"},"31B":{"desc":"L1T"},"31D":{"t":"ULAC"},"31E":{"t":"PA18"},"31F":{"t":"C172"},"321":{"t":"M20P"},"322":{"t":"C150"},"323":{"t":"BE17"},"324":{"desc":"L1T"},"325":{"t":"PA12"},"326":{"t":"C120"},"327":{"t":"PA23"},"328":{"t":"P28S"},"329":{"t":"R22"},"32A":{"desc":"L1P"},"32C":{"t":"C150"},"32D":{"t":"C170"},"32F":{"t":"LARK"},"330":{"desc":"L1P"},"331":{"t":"BALL"},"333":{"t":"S108"},"337":{"desc":"L1P"},"338":{"desc":"L1T"},"339":{"desc":"L1P"},"33B":{"desc":"L1P"},"33D":{"desc":"L1P"},"33F":{"t":"S108"},"340":{"desc":"L1P"},"341":{"t":"PA18"},"342":{"t":"C172"},"343":{"t":"BALL"},"344":{"t":"M20P"},"348":{"t":"PA12"},"349":{"t":"C140"},"34A":{"t":"PA23"},"34C":{"t":"BALL"},"34E":{"t":"BALL"},"352":{"t":"LARK"},"353":{"t":"C185"},"356":{"t":"S108"},"358":{"t":"S108"},"35A":{"desc":"L1T"},"35C":{"t":"S108"},"35D":{"t":"S108"},"360":{"t":"BE33"},"361":{"t":"CH7A"},"362":{"t":"S108"},"363":{"t":"C182"},"367":{"t":"BALL"},"368":{"t":"P28A"},"369":{"t":"NAVI"},"36A":{"t":"BALL"},"36C":{"t":"M20P"},"36F":{"t":"PA32"},"371":{"t":"BE23"},"377":{"desc":"L1T"},"37A":{"t":"S108"},"37B":{"t":"S108"},"37F":{"desc":"L1P"},"380":{"desc":"L1P"},"381":{"t":"S108"},"384":{"desc":"L1T"},"385":{"t":"S108"},"386":{"t":"C182"},"389":{"t":"BALL"},"38A":{"desc":"L1T"},"38B":{"t":"BALL"},"38C":{"t":"NAVI"},"38E":{"t":"ULAC"},"391":{"t":"BALL"},"392":{"t":"PA32"},"393":{"t":"ULAC"},"395":{"t":"C150"},"396":{"t":"BALL"},"39A":{"t":"PA18"},"39F":{"t":"S108"},"3A1":{"t":"ULAC"},"3A5":{"desc":"L1P"},"3A7":{"desc":"L1J"},"3A9":{"desc":"L1P"},"3AA":{"t":"PA18"},"3AB":{"t":"P28A"},"3AC":{"desc":"H1T","t":"B47G"},"3AF":{"t":"BALL"},"3B1":{"t":"PA12"},"3B2":{"desc":"L1P"},"3B3":{"t":"PA23"},"3B7":{"desc":"L1P"},"3B9":{"t":"C170"},"3BC":{"t":"C185"},"3BD":{"t":"PA18"},"3BE":{"desc":"L1T"},"3C1":{"desc":"L1T"},"3C3":{"desc":"L1T"},"3C5":{"t":"S108"},"3C6":{"t":"AR11"},"3C7":{"t":"S108"},"3C8":{"desc":"L1P"},"3CA":{"t":"CH7A"},"3CC":{"t":"C182"},"3CD":{"t":"PA18"},"3CF":{"t":"BALL"},"3D1":{"t":"BALL"},"3D4":{"t":"PA12"},"3D5":{"t":"C140"},"3D6":{"t":"BALL"},"3D8":{"t":"PA32"},"3DA":{"t":"BE23"},"3DB":{"t":"BALL"},"3DD":{"t":"BALL"},"3DF":{"desc":"L1T"},"3E0":{"t":"PA18"},"3E2":{"t":"S108"},"3E3":{"t":"S108"},"3E5":{"t":"C175"},"3E6":{"t":"S108"},"3EA":{"desc":"L2P"},"3EC":{"t":"BALL"},"3ED":{"t":"CH7A"},"3F0":{"t":"AR11"},"3F3":{"t":"M20P"},"3F4":{"t":"C150"},"3F5":{"t":"BALL"},"3F6":{"desc":"L1T"},"3F7":{"t":"BALL"},"3FA":{"desc":"L1P"},"3FB":{"t":"PA32"},"3FC":{"t":"BALL"},"3FD":{"t":"BALL"},"3FE":{"t":"C150"},"3FF":{"t":"C170"},"400":{"t":"PA32"},"401":{"t":"LARK"},"402":{"t":"C185"},"403":{"t":"PA18"},"405":{"t":"PC12"},"406":{"t":"BALL"},"407":{"t":"PA24"},"40F":{"t":"P28A"},"414":{"t":"B06"},"418":{"t":"C402"},"41B":{"t":"DV20"},"41C":{"desc":"L2J","t":"A21N"},"420":{"t":"B739"},"421":{"t":"E135"},"425":{"desc":"L1J"},"428":{"t":"C402"},"42C":{"desc":"L1P"},"42E":{"t":"C402"},"432":{"t":"C402"},"433":{"t":"BE9T"},"435":{"desc":"L1P"},"438":{"desc":"L1P"},"43A":{"t":"AT3T"},"43D":{"t":"M7T"},"43F":{"t":"BE20"},"443":{"t":"SR22"},"445":{"t":"SR22"},"446":{"t":"C402"},"449":{"desc":"L4T"},"44B":{"t":"SR22"},"44C":{"desc":"L1P"},"44F":{"t":"T206"},"452":{"t":"AT3T"},"453":{"t":"BE20"},"455":{"t":"C182"},"456":{"t":"AT3T"},"459":{"t":"C402"},"45D":{"desc":"L1P"},"45F":{"t":"AT3T"},"460":{"t":"V10"},"461":{"t":"AT3T"},"463":{"t":"C172"},"468":{"t":"ULAC"},"46B":{"t":"P28R"},"46C":{"desc":"A1P"},"46F":{"t":"GLID"},"470":{"desc":"L2J","t":"A339"},"472":{"t":"C402"},"473":{"desc":"A2P"},"474":{"t":"BE36"},"479":{"t":"CL30"},"47E":{"t":"FDCT"},"47F":{"t":"BE9L"},"483":{"t":"C172"},"484":{"t":"B412"},"486":{"t":"BE58"},"488":{"t":"BALL"},"48C":{"t":"AT3T"},"48E":{"t":"BE40"},"491":{"t":"A310"},"494":{"t":"AT3T"},"49A":{"t":"B738"},"49E":{"t":"GLF4"},"49F":{"t":"C182"},"4A1":{"t":"B06"},"4AE":{"t":"BE40"},"4AF":{"t":"AT3T"},"4B6":{"t":"BE40"},"4BD":{"t":"C402"},"4BE":{"desc":"L1P"},"4BF":{"desc":"L1P","t":"ULAC"},"4C5":{"t":"C402"},"4CC":{"t":"C680"},"4D4":{"desc":"L1P"},"4D7":{"t":"AT3T"},"4DA":{"t":"AS50"},"4DB":{"t":"SR22"},"4DE":{"t":"AT3T"},"4DF":{"t":"C402"},"4E2":{"desc":"L1P"},"4E8":{"t":"BE60"},"4EC":{"t":"AT3T"},"4EE":{"desc":"L1P"},"4EF":{"t":"A139"},"4F0":{"t":"GLID"},"4F3":{"t":"PA46"},"4F4":{"t":"BALL"},"4FA":{"t":"AT3T"},"508":{"t":"B744"},"50A":{"t":"M20T"},"50C":{"desc":"L4T"},"50F":{"t":"B407"},"51A":{"t":"C402"},"51B":{"t":"AT3T"},"51E":{"t":"B407"},"522":{"desc":"L1P"},"523":{"t":"B407"},"524":{"t":"SR22"},"525":{"t":"C402"},"526":{"t":"BE9L"},"52E":{"t":"P46T"},"530":{"t":"C206"},"533":{"t":"GLID"},"540":{"desc":"H1P"},"551":{"t":"C402"},"554":{"t":"BE33"},"555":{"t":"C402"},"556":{"desc":"L1P","t":"ULAC"},"557":{"desc":"H4E"},"558":{"t":"B407"},"559":{"t":"C172"},"55C":{"t":"B407"},"55D":{"t":"B407"},"55E":{"desc":"L1P"},"564":{"t":"AT3T"},"569":{"t":"ULAC"},"56D":{"t":"AT3T"},"57E":{"t":"E55P"},"583":{"t":"DH8D"},"58B":{"t":"AT3T"},"58E":{"desc":"L1P"},"597":{"t":"C402"},"59A":{"desc":"L1P"},"59C":{"t":"BE30"},"59F":{"desc":"L1P"},"5A0":{"t":"C402"},"5A2":{"desc":"L1P","t":"ULAC"},"5A4":{"t":"HA4T"},"5A7":{"t":"B407"},"5A8":{"t":"AT3T"},"5AD":{"t":"B06"},"5AF":{"t":"AT3T"},"5B0":{"t":"C402"},"5B3":{"desc":"L2T"},"5B6":{"t":"E75L"},"5B8":{"t":"AT3T"},"5B9":{"t":"EN28"},"5BC":{"t":"B06"},"5C4":{"t":"AT3T"},"5C6":{"desc":"L1T"},"5CA":{"t":"AT3T"},"5D1":{"t":"AT3T"},"5D2":{"t":"A320"},"5DF":{"t":"B752"},"5EA":{"t":"AT3T"},"5EB":{"desc":"L2T"},"5F7":{"t":"C402"},"5F8":{"t":"C402"},"603":{"desc":"L1P"},"605":{"t":"P28A"},"607":{"t":"AT3T"},"60B":{"desc":"L1P"},"610":{"t":"B737"},"613":{"t":"AT3T"},"614":{"t":"ULAC"},"61C":{"t":"M5"},"62E":{"t":"BE40"},"632":{"desc":"L1P"},"635":{"t":"AT3T"},"63F":{"t":"YK50"},"641":{"desc":"H1T"},"64B":{"t":"E75L"},"64E":{"t":"AT3T"},"64F":{"t":"L39"},"658":{"t":"C402"},"668":{"t":"BALL"},"66A":{"t":"S108"},"66B":{"t":"M7"},"66D":{"t":"C172"},"66E":{"t":"BALL"},"66F":{"desc":"L1P","t":"ULAC"},"670":{"t":"BALL"},"671":{"t":"NAVI"},"672":{"t":"BALL"},"674":{"desc":"L1P"},"675":{"desc":"L1T"},"676":{"desc":"L1T"},"677":{"t":"PA32"},"679":{"t":"BALL"},"67B":{"t":"C150"},"67C":{"t":"PA32"},"67D":{"t":"LARK"},"67F":{"t":"PA18"},"680":{"t":"PA27"},"683":{"desc":"L1P","t":"ULAC"},"686":{"t":"BALL"},"687":{"desc":"L1T"},"689":{"t":"BALL"},"68B":{"desc":"L1T"},"68C":{"desc":"L1P"},"68E":{"t":"C182"},"68F":{"t":"BALL"},"692":{"t":"PA12"},"693":{"t":"C150"},"694":{"t":"NAVI"},"695":{"t":"BALL"},"696":{"t":"BALL"},"697":{"t":"C120"},"698":{"desc":"L1T"},"69A":{"t":"PA32"},"69C":{"t":"BALL"},"69E":{"t":"C170"},"69F":{"t":"PA32"},"6A1":{"t":"BALL"},"6A3":{"t":"ULAC"},"6A6":{"t":"BALL"},"6A7":{"desc":"L1T"},"6AD":{"desc":"L1P"},"6AF":{"t":"BALL"},"6B0":{"t":"S108"},"6B1":{"t":"AS50"},"6B2":{"t":"AR11"},"6B4":{"t":"BALL"},"6B6":{"desc":"L2J","t":"A21N"},"6B7":{"t":"BALL"},"6B9":{"t":"PA12"},"6BA":{"t":"C140"},"6BB":{"desc":"L1P"},"6BC":{"t":"BALL"},"6BD":{"t":"PA32"},"6C2":{"t":"C172"},"6C3":{"t":"BALL"},"6C4":{"t":"C185"},"6C5":{"t":"PA18"},"6C9":{"t":"BALL"},"6CA":{"desc":"L1T"},"6CC":{"desc":"L1T"},"6CD":{"t":"PA27"},"6CE":{"t":"PA27"},"6CF":{"t":"BALL"},"6D0":{"t":"PA31"},"6D2":{"t":"BL17"},"6D3":{"t":"S108"},"6D6":{"t":"P28A"},"6D7":{"t":"ULAC"},"6D8":{"desc":"L1T"},"6D9":{"t":"C150"},"6DA":{"t":"BALL"},"6DB":{"t":"AA1"},"6DC":{"t":"PA12"},"6DD":{"t":"C120"},"6E5":{"desc":"L1P"},"6E6":{"t":"LARK"},"6E8":{"t":"PA18"},"6EC":{"t":"GLID"},"6ED":{"t":"PA18"},"6F1":{"t":"R22"},"6F3":{"t":"GLID"},"6F4":{"t":"C195"},"6F6":{"desc":"L1P"},"6F7":{"t":"BALL"},"6FA":{"t":"BALL"},"6FC":{"t":"P28A"},"6FF":{"t":"PA12"},"700":{"t":"CJ6"},"701":{"t":"BALL"},"703":{"t":"PA32"},"704":{"desc":"L1P"},"709":{"t":"LARK"},"70A":{"t":"C185"},"70B":{"t":"PA18"},"70E":{"t":"PA27"},"711":{"desc":"L1P"},"712":{"t":"PA18"},"715":{"t":"PA27"},"718":{"t":"BL17"},"71C":{"t":"C172"},"721":{"t":"ULAC"},"724":{"desc":"L1P"},"727":{"t":"BALL"},"729":{"t":"C150"},"72B":{"t":"PA32"},"72C":{"desc":"L1P"},"72D":{"desc":"L1T"},"732":{"t":"BALL"},"733":{"t":"PA27"},"734":{"t":"BALL"},"739":{"t":"HA4T"},"73C":{"desc":"L1P"},"73D":{"t":"BALL"},"73E":{"t":"R44"},"741":{"t":"PA12"},"743":{"t":"NAVI"},"744":{"t":"BALL"},"745":{"t":"BALL"},"746":{"t":"M20P"},"74C":{"t":"PA18"},"74D":{"t":"C170"},"74F":{"t":"LARK"},"750":{"t":"C185"},"752":{"t":"PA16"},"753":{"desc":"L1T"},"757":{"desc":"L1P"},"759":{"t":"PA27"},"75B":{"desc":"L2T"},"75E":{"desc":"L1P"},"760":{"t":"UH12"},"761":{"t":"AR11"},"762":{"t":"P28A"},"764":{"t":"PA12"},"765":{"t":"C150"},"766":{"t":"BALL"},"767":{"t":"BALL"},"768":{"t":"PA12"},"769":{"t":"M20P"},"76A":{"t":"PA23"},"76B":{"t":"BALL"},"76F":{"t":"C150"},"772":{"t":"LARK"},"775":{"desc":"L1P"},"776":{"desc":"L1P"},"77C":{"t":"UH12"},"77D":{"t":"GLID"},"77E":{"t":"PA27"},"77F":{"desc":"L1P"},"781":{"t":"BL17"},"782":{"desc":"L1P"},"783":{"t":"C182"},"784":{"t":"T34P"},"786":{"t":"T34P"},"787":{"t":"PA12"},"788":{"t":"C150"},"78C":{"t":"C140"},"78F":{"t":"PA32"},"791":{"desc":"L1P"},"792":{"t":"C150"},"794":{"t":"PA32"},"798":{"desc":"L1P"},"79B":{"t":"PA18"},"79E":{"desc":"L1P"},"79F":{"t":"BALL"},"7A0":{"t":"PA27"},"7A2":{"desc":"L1P"},"7A3":{"t":"GLID"},"7A4":{"desc":"L1P"},"7A5":{"t":"S108"},"7A8":{"t":"C172"},"7A9":{"desc":"H1T","t":"B47G"},"7AC":{"t":"NAVI"},"7AF":{"t":"C120"},"7B0":{"t":"R44"},"7B3":{"t":"UH12"},"7B5":{"t":"C150"},"7B7":{"t":"PA32"},"7BB":{"t":"UH12"},"7BC":{"desc":"L1P"},"7BF":{"desc":"L1P"},"7C1":{"t":"ULAC"},"7C2":{"desc":"L1P"},"7C3":{"t":"ULAC"},"7C5":{"t":"HUSK"},"7C7":{"t":"C501"},"7C8":{"t":"C182"},"7C9":{"desc":"L4J"},"7CB":{"t":"AS50"},"7CC":{"desc":"L1P","t":"ULAC"},"7CE":{"t":"P68T"},"7CF":{"t":"C402"},"7D2":{"t":"DV20"},"7D3":{"desc":"L2J","t":"A21N"},"7D7":{"t":"B739"},"7D8":{"t":"DA40"},"7DB":{"t":"CRJ2"},"7DC":{"desc":"L1J"},"7E0":{"t":"GLID"},"7E2":{"t":"R22"},"7E8":{"t":"SR20"},"7EA":{"t":"DA40"},"7EC":{"desc":"L1P"},"7F0":{"t":"C185"},"7F3":{"desc":"A1P","t":"ULAC"},"7F4":{"desc":"L1P"},"7F8":{"t":"S108"},"7FC":{"t":"SR22"},"804":{"t":"C510"},"806":{"t":"R22"},"809":{"t":"B407"},"80C":{"t":"C182"},"817":{"t":"V10"},"81D":{"t":"C310"},"81E":{"desc":"L1P"},"81F":{"t":"LJ35"},"822":{"t":"P28A"},"823":{"desc":"L1P"},"827":{"desc":"L2J","t":"A339"},"82A":{"desc":"A2P"},"82B":{"t":"BE20"},"836":{"t":"BE9L"},"83A":{"t":"C172"},"83B":{"t":"C182"},"83C":{"t":"C560"},"843":{"desc":"L1P"},"847":{"desc":"L1P"},"848":{"t":"A310"},"850":{"t":"BALL"},"853":{"t":"C172"},"862":{"t":"C172"},"87D":{"desc":"H2T"},"88F":{"t":"COL4"},"891":{"t":"CL60"},"896":{"desc":"L1P"},"899":{"t":"DA62"},"89E":{"t":"AA5"},"89F":{"t":"GLF4"},"8AA":{"t":"P46T"},"8AF":{"t":"COL4"},"8B9":{"desc":"L1J"},"8BF":{"t":"B744"},"8C0":{"desc":"L1P"},"8C1":{"t":"M20T"},"8C3":{"desc":"L4T"},"8C4":{"desc":"L1P"},"8C5":{"desc":"L1P"},"8C6":{"desc":"H1T"},"8CC":{"t":"GALX"},"8D1":{"t":"LJ45"},"8DC":{"t":"COL4"},"8E4":{"desc":"L2T"},"8E5":{"t":"P46T"},"8F3":{"desc":"L1P"},"8F6":{"t":"C25B"},"8FE":{"desc":"L1P"},"90C":{"t":"BE58"},"90D":{"desc":"L1P"},"913":{"t":"B407"},"914":{"t":"B407"},"915":{"t":"C182"},"916":{"t":"S22T"},"919":{"t":"CL60"},"91C":{"desc":"L2J"},"91D":{"t":"SR22"},"935":{"t":"GLF4"},"93A":{"t":"DH8D"},"93D":{"desc":"L1P"},"940":{"desc":"L1P"},"941":{"desc":"L1P"},"944":{"t":"PA31"},"952":{"t":"E135"},"956":{"t":"P210"},"957":{"t":"BE36"},"959":{"desc":"H1P"},"95E":{"desc":"H1P"},"960":{"desc":"L4T"},"961":{"t":"GALX"},"964":{"t":"C172"},"966":{"desc":"A1P","t":"ULAC"},"967":{"desc":"L1P"},"96A":{"desc":"L2T"},"96B":{"t":"C182"},"96C":{"desc":"L1P"},"96D":{"t":"E75L"},"970":{"t":"EN28"},"971":{"t":"GLF4"},"972":{"t":"BALL"},"973":{"t":"B407"},"975":{"t":"RV12"},"97D":{"desc":"L1T"},"980":{"desc":"L1P"},"989":{"t":"A320"},"996":{"t":"B752"},"999":{"desc":"L1P"},"9A2":{"desc":"L2T"},"9BC":{"desc":"L2P"},"9BE":{"desc":"L1P"},"9C7":{"t":"B737"},"9CA":{"desc":"L1P"},"9D3":{"t":"M5"},"9F6":{"t":"B734"},"9F8":{"desc":"H1T"},"A02":{"t":"E75L"},"A06":{"t":"L39"},"A1E":{"desc":"L1P"},"A1F":{"t":"BALL"},"A20":{"desc":"L1P"},"A21":{"t":"R22"},"A22":{"t":"C182"},"A26":{"t":"M20T"},"A28":{"t":"NAVI"},"A2A":{"t":"PA12"},"A2D":{"desc":"L1P"},"A2E":{"t":"PA32"},"A31":{"t":"R22"},"A34":{"t":"LARK"},"A39":{"t":"BALL"},"A3A":{"t":"M4"},"A3B":{"t":"M4"},"A40":{"t":"M4"},"A41":{"t":"SR22"},"A42":{"t":"BALL"},"A45":{"t":"C182"},"A47":{"desc":"A1P"},"A48":{"t":"BALL"},"A49":{"t":"R44"},"A4D":{"desc":"L1P"},"A4E":{"desc":"L1P"},"A4F":{"desc":"L1P"},"A55":{"t":"BALL"},"A56":{"t":"R22"},"A58":{"t":"C185"},"A5A":{"t":"SS2T"},"A5C":{"t":"M4"},"A5E":{"t":"M4"},"A5F":{"desc":"L1P"},"A60":{"desc":"L1P"},"A61":{"t":"BALL"},"A63":{"t":"M4"},"A65":{"t":"GLID"},"A67":{"t":"C310"},"A68":{"t":"C182"},"A6A":{"t":"C172"},"A6C":{"t":"M20T"},"A6E":{"t":"NAVI"},"A6F":{"desc":"L1T"},"A71":{"t":"C140"},"A72":{"t":"PA23"},"A73":{"desc":"L1P"},"A76":{"t":"A319"},"A77":{"t":"C150"},"A78":{"t":"C170"},"A79":{"t":"PA32"},"A7B":{"t":"UH12"},"A7D":{"t":"BALL"},"A83":{"t":"M4"},"A84":{"t":"BALL"},"A89":{"t":"BL17"},"A8B":{"t":"C182"},"A8C":{"t":"AR11"},"A8D":{"t":"C172"},"A90":{"t":"BALL"},"A93":{"t":"BALL"},"A97":{"t":"PA32"},"A99":{"t":"R22"},"A9A":{"t":"BALL"},"A9B":{"t":"C170"},"A9C":{"t":"PA32"},"A9D":{"t":"LARK"},"A9F":{"t":"PA18"},"AA0":{"t":"M4"},"AA1":{"t":"M4"},"AA3":{"t":"M4"},"AA5":{"t":"M4"},"AA6":{"t":"C172"},"AA8":{"t":"R22"},"AAB":{"t":"BALL"},"AAC":{"t":"BL17"},"AAE":{"t":"BALL"},"AAF":{"t":"AR11"},"AB0":{"t":"BALL"},"AB1":{"desc":"L1P"},"AB2":{"t":"R44"},"AB3":{"t":"C150"},"AB4":{"desc":"L1P","t":"ULAC"},"AB8":{"t":"PA23"},"ABA":{"t":"PA32"},"ABB":{"t":"P51"},"AC0":{"t":"LARK"},"AC4":{"t":"M4"},"AC5":{"t":"M4"},"AC7":{"t":"M4"},"AC8":{"desc":"L1P"},"AC9":{"t":"UH12"},"ACB":{"t":"M4"},"AD0":{"t":"S108"},"AD1":{"t":"C182"},"AD3":{"t":"C172"},"AD5":{"t":"M20T"},"AD6":{"t":"C150"},"AD8":{"t":"UH12"},"ADA":{"t":"M20P"},"ADB":{"t":"BALL"},"ADD":{"t":"P28A"},"ADE":{"t":"S64"},"ADF":{"t":"BALL"},"AE2":{"t":"AS50"},"AE4":{"t":"BALL"},"AE5":{"t":"PA18"},"AE7":{"t":"BALL"},"AE8":{"t":"M4"},"AE9":{"t":"R22"},"AEA":{"t":"M4"},"AED":{"desc":"L1P"},"AEE":{"t":"SS2T"},"AF1":{"desc":"L1P"},"AF4":{"t":"C182"},"AF5":{"t":"PA18"},"AF6":{"t":"AT3T"},"AF9":{"t":"C150"},"AFB":{"t":"ULAC"},"AFD":{"t":"M20P"},"AFE":{"t":"PA23"},"AFF":{"t":"R44"},"B00":{"t":"P28A"},"B01":{"t":"BALL"},"B08":{"t":"PA18"},"B0C":{"t":"R44"},"B11":{"desc":"L1P"},"B12":{"t":"CJ6"},"B14":{"t":"BALL"},"B16":{"t":"S108"},"B18":{"t":"PA18"},"B19":{"t":"C172"},"B1A":{"t":"R22"},"B1B":{"t":"M20T"},"B1D":{"t":"NAVI"},"B1E":{"t":"H500"},"B1F":{"t":"PA12"},"B20":{"t":"C120"},"B21":{"desc":"L1P"},"B24":{"t":"S64"},"B26":{"t":"C150"},"B2A":{"t":"C185"},"B2C":{"t":"PA27"},"B2D":{"t":"BALL"},"B2E":{"t":"PA27"},"B30":{"t":"R22"},"B33":{"desc":"L1P"},"B38":{"t":"BL17"},"B3A":{"t":"C182"},"B3B":{"t":"AR11"},"B3C":{"t":"C172"},"B3E":{"t":"PA12"},"B3F":{"t":"R44"},"B42":{"t":"R22"},"B43":{"t":"ULAC"},"B46":{"t":"BALL"},"B48":{"desc":"L1P"},"B49":{"t":"BALL"},"B4A":{"t":"C150"},"B4B":{"t":"R44"},"B4E":{"t":"PA18"},"B4F":{"desc":"H1P"},"B51":{"desc":"L1P"},"B5B":{"t":"BL17"},"B5D":{"t":"C182"},"B5E":{"t":"PA18"},"B5F":{"t":"C172"},"B60":{"t":"BALL"},"B61":{"t":"PA12"},"B65":{"t":"PA12"},"B66":{"t":"C140"},"B67":{"t":"PA23"},"B68":{"t":"BALL"},"B6C":{"t":"C150"},"B6D":{"t":"C170"},"B71":{"t":"PA18"},"B79":{"t":"BALL"},"B7A":{"t":"R22"},"B7B":{"t":"PA27"},"B7C":{"t":"FA24"},"B7D":{"t":"PA31"},"B80":{"t":"G280"},"B82":{"t":"B06"},"B86":{"desc":"H2T"},"B89":{"t":"B407"},"B8A":{"desc":"L2J","t":"A21N"},"B8B":{"t":"PC12"},"B91":{"t":"DH8D"},"B97":{"t":"C208"},"B98":{"desc":"L1P"},"B99":{"t":"F900"},"B9A":{"desc":"L1P"},"B9C":{"t":"PC12"},"BA1":{"t":"BE40"},"BA3":{"t":"C210"},"BAD":{"t":"C650"},"BAE":{"desc":"L2T"},"BB0":{"t":"P28A"},"BB1":{"desc":"L1P"},"BB3":{"t":"LJ60"},"BB7":{"t":"PA27"},"BB9":{"desc":"L2T","t":"BE18"},"BBB":{"t":"C510"},"BBD":{"t":"C404"},"BBF":{"t":"C404"},"BC0":{"desc":"L1P"},"BC5":{"desc":"L1P"},"BC7":{"t":"C510"},"BC8":{"desc":"L1P"},"BD0":{"t":"FA20"},"BD2":{"t":"T28"},"BD6":{"t":"BE20"},"BD9":{"t":"P28A"},"BDD":{"t":"GLID"},"BDE":{"desc":"L2J","t":"A339"},"BE1":{"t":"DH8D"},"BE4":{"t":"C404"},"BF1":{"t":"C172"},"BF2":{"t":"GLID"},"BF9":{"desc":"L1P"},"BFA":{"t":"F900"},"C01":{"desc":"L1P","t":"ULAC"},"C05":{"t":"BE40"},"C0A":{"t":"C172"},"C12":{"t":"FA20"},"C13":{"t":"C560"},"C14":{"t":"R44"},"C1A":{"t":"R44"},"C24":{"t":"E550"},"C25":{"t":"C404"},"C2C":{"t":"BE18"},"C2D":{"t":"UH1"},"C33":{"t":"CL60"},"C36":{"desc":"L1T"},"C3A":{"t":"ECHO"},"C3C":{"t":"FA20"},"C46":{"t":"COL4"},"C49":{"t":"C402"},"C4A":{"t":"BL8"},"C4C":{"t":"A139"},"C4E":{"desc":"L1P"},"C51":{"t":"PRM1"},"C53":{"t":"BE9L"},"C55":{"t":"C421"},"C56":{"desc":"L1P","t":"ULAC"},"C5A":{"t":"FA10"},"C60":{"t":"ULAC"},"C6C":{"t":"GLID"},"C6E":{"t":"C182"},"C76":{"t":"B744"},"C79":{"t":"BALL"},"C7A":{"desc":"L4T","t":"C130"},"C7D":{"t":"BE36"},"C7F":{"t":"B407"},"C82":{"t":"B407"},"C87":{"t":"BE40"},"C91":{"desc":"A1T","t":"KODI"},"C94":{"t":"BE35"},"C98":{"desc":"L1P"},"C99":{"t":"COL4"},"C9C":{"t":"C56X"},"C9E":{"t":"B06"},"CA1":{"t":"BE40"},"CA2":{"t":"R44"},"CA9":{"desc":"L1P","t":"ULAC"},"CAA":{"t":"GL5T"},"CAC":{"t":"B407"},"CAE":{"t":"C404"},"CBA":{"t":"C402"},"CC2":{"t":"BE36"},"CC5":{"desc":"L1P","t":"ULAC"},"CC9":{"t":"C25B"},"CCA":{"t":"B407"},"CCB":{"t":"C402"},"CCD":{"t":"C510"},"CDB":{"desc":"A2P"},"CEC":{"t":"E55P"},"CF1":{"t":"DH8D"},"CF6":{"t":"AA5"},"CF7":{"desc":"L1P"},"CFB":{"t":"C185"},"CFE":{"desc":"H4E"},"D00":{"desc":"L1P"},"D02":{"t":"C550"},"D04":{"t":"ULAC"},"D05":{"t":"GLEX"},"D08":{"t":"RV12"},"D09":{"t":"SR22"},"D11":{"t":"R44"},"D12":{"t":"P28R"},"D13":{"t":"C208"},"D15":{"t":"T206"},"D16":{"desc":"L2J"},"D19":{"t":"C182"},"D1E":{"desc":"L1P"},"D1F":{"t":"SR22"},"D22":{"t":"C172"},"D24":{"t":"E75L"},"D26":{"desc":"L2P"},"D29":{"t":"PC12"},"D2A":{"t":"B407"},"D30":{"desc":"L1P"},"D31":{"desc":"L1P"},"D32":{"t":"H25B"},"D34":{"desc":"L1T"},"D36":{"t":"F900"},"D3B":{"t":"HUSK"},"D3C":{"desc":"L1P"},"D3F":{"t":"TWEN"},"D40":{"t":"A320"},"D4D":{"t":"B752"},"D50":{"desc":"L1P"},"D53":{"desc":"L1P"},"D55":{"t":"P28A"},"D58":{"t":"BE35"},"D59":{"desc":"L2T"},"D5A":{"t":"R66"},"D63":{"t":"GLEX"},"D72":{"t":"B06"},"D73":{"desc":"L2P"},"D74":{"t":"F2TH"},"D79":{"t":"PA22"},"D7E":{"t":"B737"},"D82":{"t":"UH1"},"DAF":{"desc":"H1T"},"DB9":{"t":"E75L"},"DBB":{"t":"SR20"},"DD5":{"t":"R44"},"DD6":{"t":"CH7A"},"DD9":{"t":"C182"},"DDA":{"t":"PA18"},"DDD":{"t":"PA12"},"DDE":{"t":"BALL"},"DE0":{"t":"BALL"},"DE3":{"t":"UH1"},"DE6":{"t":"YK52"},"DEA":{"desc":"L1P"},"DEC":{"t":"YK52"},"DED":{"t":"PA18"},"DEE":{"t":"PA27"},"DF0":{"desc":"L1P"},"DF8":{"t":"GLID"},"DFB":{"t":"S108"},"DFD":{"t":"PA18"},"DFE":{"t":"R44"},"E00":{"t":"M20T"},"E04":{"t":"PA12"},"E09":{"t":"R22"},"E0B":{"t":"C150"},"E0D":{"t":"GLID"},"E11":{"desc":"L1P"},"E1A":{"desc":"L1P"},"E1C":{"t":"BE35"},"E1F":{"t":"BALL"},"E21":{"t":"C172"},"E22":{"t":"B06"},"E24":{"desc":"L1P","t":"ULAC"},"E25":{"t":"BALL"},"E27":{"t":"PA31"},"E2A":{"t":"R44"},"E2B":{"t":"PA32"},"E2C":{"t":"BALL"},"E2F":{"t":"C170"},"E3B":{"t":"BALL"},"E3C":{"t":"SS2T"},"E3E":{"t":"VALI"},"E3F":{"t":"BE35"},"E40":{"t":"R44"},"E43":{"t":"PA18"},"E44":{"t":"C172"},"E45":{"t":"C340"},"E46":{"t":"PA12"},"E47":{"t":"C150"},"E48":{"t":"NAVI"},"E49":{"t":"AS50"},"E4A":{"t":"PA31"},"E4C":{"t":"R44"},"E51":{"t":"C150"},"E52":{"t":"C170"},"E54":{"t":"R66"},"E55":{"t":"BALL"},"E57":{"desc":"L1P"},"E5A":{"t":"BALL"},"E5C":{"t":"BALL"},"E60":{"t":"PA30"},"E61":{"desc":"L1P"},"E63":{"t":"BALL"},"E65":{"t":"R22"},"E66":{"t":"BALL"},"E67":{"t":"ULAC"},"E68":{"t":"PA18"},"E6A":{"t":"C150"},"E6D":{"t":"PA12"},"E6E":{"t":"M20P"},"E6F":{"t":"PA31"},"E70":{"t":"P28B"},"E71":{"t":"PA32"},"E72":{"t":"BALL"},"E75":{"t":"C170"},"E76":{"t":"BALL"},"E79":{"t":"PA18"},"E7B":{"t":"P28S"},"E81":{"t":"P32R"},"E83":{"t":"P32R"},"E84":{"desc":"H1P"},"E85":{"t":"BE35"},"E87":{"t":"S108"},"E88":{"t":"C182"},"E89":{"t":"AR11"},"E8A":{"t":"C172"},"E8E":{"t":"NAVI"},"E90":{"t":"PA12"},"E91":{"t":"M20P"},"E94":{"t":"M7"},"E97":{"t":"C150"},"E99":{"desc":"L1P"},"E9A":{"t":"LARK"},"E9C":{"t":"PA18"},"E9E":{"t":"P28A"},"EA1":{"t":"PA27"},"EA2":{"t":"P28B"},"EA8":{"t":"R22"},"EA9":{"t":"BL17"},"EAA":{"t":"S108"},"EAC":{"t":"AR11"},"EB0":{"t":"R44"},"EB1":{"t":"BALL"},"EB4":{"t":"C140"},"EB5":{"t":"PA23"},"EB8":{"desc":"L1T"},"EBA":{"t":"C150"},"EBD":{"t":"GLID"},"EBF":{"t":"PA18"},"EC3":{"t":"PA18"},"EC4":{"t":"PA27"},"EC5":{"t":"PA27"},"ECC":{"t":"ULAC"},"ECD":{"t":"BE20"},"ECE":{"t":"C182"},"ECF":{"t":"PA18"},"ED0":{"t":"C172"},"ED3":{"desc":"L1J"},"ED4":{"t":"NAVI"},"ED7":{"t":"R22"},"ED9":{"t":"R66"},"EDA":{"desc":"L1P"},"EDC":{"t":"BALL"},"EDD":{"t":"C150"},"EE0":{"t":"LARK"},"EE2":{"t":"PA18"},"EE4":{"t":"PA27"},"EE8":{"t":"SS2T"},"EEB":{"desc":"L1P"},"EF0":{"t":"BALL"},"EF5":{"t":"M20P"},"EF6":{"desc":"L2J","t":"A21N"},"EF7":{"t":"BALL"},"EF8":{"t":"AS50"},"EF9":{"t":"C182"},"EFA":{"t":"C140"},"EFD":{"t":"PA32"},"F00":{"t":"C150"},"F01":{"t":"C170"},"F03":{"t":"LARK"},"F06":{"desc":"L1P"},"F07":{"t":"SS2T"},"F0A":{"t":"C310"},"F0C":{"t":"GLID"},"F0E":{"t":"BALL"},"F13":{"desc":"L1P"},"F14":{"t":"C182"},"F15":{"t":"AR11"},"F16":{"t":"C172"},"F18":{"t":"M20P"},"F19":{"t":"C150"},"F1D":{"t":"M20P"},"F20":{"t":"BALL"},"F21":{"t":"BALL"},"F23":{"t":"C150"},"F24":{"t":"C150"},"F25":{"t":"BALL"},"F26":{"t":"BALL"},"F2B":{"desc":"L1P"},"F2D":{"t":"BALL"},"F30":{"t":"PA27"},"F33":{"t":"HUSK"},"F34":{"t":"P28A"},"F36":{"t":"BALL"},"F37":{"desc":"L1P"},"F39":{"t":"AS50"},"F3D":{"desc":"H2T"},"F3E":{"desc":"L1P"},"F40":{"t":"AS50"},"F41":{"desc":"L2J","t":"A21N"},"F45":{"t":"P28A"},"F46":{"t":"H500"},"F49":{"t":"CRJ2"},"F4A":{"desc":"L1J"},"F4F":{"desc":"L1P"},"F50":{"desc":"L1P","t":"ULAC"},"F58":{"desc":"L1P","t":"ULAC"},"F66":{"t":"S108"},"F67":{"t":"P28A"},"F68":{"t":"GLF5"},"F69":{"t":"C82S"},"F6A":{"t":"SR22"},"F6D":{"t":"M20T"},"F6E":{"desc":"L1P","t":"ULAC"},"F70":{"t":"B734"},"F72":{"t":"R22"},"F74":{"desc":"L2T"},"F79":{"desc":"L1P"},"F7A":{"t":"C182"},"F7F":{"t":"F2TH"},"F81":{"t":"T206"},"F82":{"t":"LJ60"},"F83":{"t":"BE9L"},"F84":{"t":"GLID"},"F90":{"t":"P28A"},"F91":{"t":"C177"},"F95":{"desc":"L2J","t":"A339"},"FA0":{"t":"EC35"},"FA2":{"t":"F900"},"FA8":{"t":"C172"},"FA9":{"t":"C172"},"FB2":{"t":"C172"},"FB5":{"desc":"L1P"},"FB6":{"t":"A310"},"FBC":{"t":"P28A"},"FBD":{"t":"LJ25"},"FC7":{"t":"E545"},"FCB":{"t":"GLF5"},"FD3":{"t":"LJ35"},"FDE":{"t":"C208"},"FE3":{"t":"B212"},"FE5":{"desc":"L2J"},"FEA":{"t":"GLF5"},"FED":{"desc":"L1T"},"FEF":{"t":"CL30"},"FF3":{"t":"PC12"}}