{"000":{"t":"M20P"},"005":{"t":"H25B"},"00D":{"t":"BE55"},"013":{"t":"C340"},"014":{"t":"B732"},"015":{"t":"RV12"},"01B":{"desc":"L1P"},"01D":{"desc":"L1P"},"01E":{"t":"M5"},"026":{"desc":"L1P"},"027":{"t":"RV12"},"02D":{"t":"BE55"},"02F":{"t":"BE35"},"038":{"t":"P28A"},"03B":{"desc":"L1P"},"03F":{"t":"FDCT"},"040":{"t":"DA40"},"041":{"t":"C185"},"047":{"t":"H269"},"04B":{"desc":"L1P"},"04D":{"t":"AS50"},"058":{"t":"BE36"},"059":{"t":"C172"},"05A":{"t":"H500"},"05B":{"desc":"L1P"},"05C":{"t":"GLID"},"05D":{"desc":"L4P"},"05E":{"t":"C182"},"05F":{"t":"GLID"},"060":{"t":"C650"},"065":{"desc":"L1P"},"066":{"t":"S22T"},"068":{"t":"SR20"},"069":{"t":"GLID"},"071":{"t":"E55P"},"08A":{"t":"SR22"},"08B":{"desc":"H6E"},"08C":{"desc":"A2P"},"091":{"t":"O1"},"092":{"t":"H25B"},"093":{"t":"GLID"},"096":{"t":"BE36"},"09B":{"desc":"L1P","t":"ULAC"},"09C":{"t":"SR20"},"0B4":{"t":"GLF4"},"0BC":{"t":"B14A"},"0BE":{"desc":"L1P"},"0BF":{"t":"C650"},"0C0":{"t":"C182"},"0D0":{"desc":"L1P"},"0D2":{"t":"EC30"},"0D5":{"desc":"L1P","t":"ULAC"},"0D8":{"desc":"L1P"},"0DF":{"desc":"L2J"},"0E0":{"t":"BE33"},"0E3":{"desc":"L1P"},"0E5":{"t":"SR22"},"0EA":{"t":"CRJ2"},"0F1":{"t":"C82S"},"0F9":{"t":"SR22"},"102":{"t":"B06"},"108":{"t":"A320"},"10F":{"t":"B407"},"115":{"t":"B752"},"118":{"t":"O1"},"11A":{"t":"PC12"},"122":{"desc":"L1P"},"134":{"t":"C421"},"139":{"desc":"L1P"},"13C":{"desc":"L1P"},"13D":{"desc":"L1P"},"140":{"t":"BE36"},"141":{"desc":"L2P"},"142":{"t":"GLF3"},"146":{"t":"B737"},"147":{"t":"CH7B"},"14B":{"t":"SR20"},"14E":{"t":"C340"},"15B":{"t":"SF34"},"168":{"desc":"L1P"},"181":{"t":"E75L"},"184":{"desc":"L1P"},"190":{"t":"M20T"},"192":{"desc":"L1P"},"19D":{"t":"MITE"},"1A2":{"t":"AR11"},"1A4":{"t":"C340"},"1A5":{"t":"P28A"},"1A6":{"t":"P28A"},"1A7":{"t":"NAVI"},"1AA":{"t":"P28A"},"1AB":{"t":"PA23"},"1AD":{"t":"PA32"},"1AE":{"t":"BE58"},"1B3":{"desc":"L1P"},"1B4":{"t":"DV20"},"1B6":{"t":"J3"},"1B7":{"t":"J3"},"1BC":{"t":"C172"},"1BF":{"t":"BALL"},"1C2":{"desc":"L2P"},"1C3":{"t":"P28R"},"1C7":{"t":"R44"},"1C9":{"t":"P28A"},"1CA":{"t":"NAVI"},"1CB":{"t":"P32R"},"1CC":{"t":"PA12"},"1CD":{"t":"C140"},"1D1":{"t":"BALL"},"1D2":{"t":"P28A"},"1D3":{"t":"P28A"},"1D4":{"t":"P32R"},"1D5":{"t":"PA32"},"1D6":{"t":"VO10"},"1D8":{"t":"PA18"},"1DA":{"t":"BALL"},"1DB":{"t":"J3"},"1DC":{"t":"J3"},"1DF":{"t":"P28A"},"1E0":{"t":"J3"},"1E1":{"t":"P28A"},"1E3":{"t":"MITE"},"1E7":{"t":"P28A"},"1E8":{"t":"AR11"},"1E9":{"t":"C172"},"1EC":{"t":"P28A"},"1ED":{"t":"NAVI"},"1F0":{"t":"C120"},"1F2":{"t":"C310"},"1F8":{"t":"PA32"},"1FA":{"t":"BL8"},"1FB":{"t":"R44"},"1FC":{"t":"P28A"},"1FE":{"t":"P32R"},"1FF":{"t":"PA36"},"203":{"t":"P28A"},"208":{"t":"BL17"},"209":{"t":"S108"},"20A":{"t":"P28A"},"20B":{"t":"PA18"},"20D":{"t":"PA46"},"20E":{"t":"PA15"},"210":{"t":"P28A"},"213":{"t":"C140"},"214":{"t":"PA23"},"215":{"t":"C310"},"216":{"t":"PA32"},"217":{"t":"BE33"},"219":{"t":"C150"},"21B":{"t":"PA32"},"21C":{"t":"VO10"},"220":{"t":"P28R"},"224":{"t":"PA32"},"227":{"t":"R22"},"228":{"t":"R44"},"22B":{"t":"BL17"},"22C":{"t":"S108"},"22D":{"t":"P32R"},"22E":{"t":"AR11"},"22F":{"t":"C172"},"232":{"t":"P28A"},"233":{"t":"NAVI"},"234":{"t":"C172"},"235":{"t":"P32R"},"23A":{"t":"BE58"},"23B":{"t":"P28A"},"23C":{"t":"C150"},"23D":{"t":"C170"},"240":{"t":"BL8"},"241":{"t":"PA18"},"242":{"t":"AT5T"},"244":{"t":"P28A"},"245":{"t":"P28R"},"246":{"t":"BE17"},"24A":{"t":"P28A"},"24B":{"t":"P28A"},"24D":{"t":"T6"},"24E":{"t":"BL17"},"250":{"t":"P28A"},"252":{"t":"BALL"},"254":{"t":"PA15"},"256":{"t":"NAVI"},"257":{"t":"C172"},"258":{"t":"PA12"},"259":{"t":"C140"},"25B":{"t":"P32R"},"25C":{"t":"PA32"},"25D":{"t":"BE35"},"25E":{"t":"C320"},"25F":{"t":"C150"},"260":{"desc":"L1P"},"261":{"t":"P28A"},"263":{"t":"CH7B"},"264":{"t":"PA34"},"267":{"t":"R44"},"26C":{"t":"P28A"},"26E":{"t":"P28A"},"26F":{"desc":"A1P"},"271":{"desc":"L2P"},"272":{"t":"S108"},"274":{"t":"PA18"},"275":{"t":"P32R"},"277":{"t":"PA15"},"27A":{"t":"C172"},"27B":{"t":"PA12"},"27D":{"t":"PA23"},"27F":{"t":"PA32"},"280":{"t":"P32R"},"281":{"t":"P32R"},"282":{"t":"C150"},"283":{"t":"C170"},"285":{"t":"R44"},"287":{"t":"P32R"},"288":{"t":"J5"},"289":{"t":"P28A"},"28A":{"desc":"L1P"},"28C":{"t":"P28B"},"28D":{"t":"PA32"},"290":{"t":"J3"},"291":{"t":"P28A"},"294":{"t":"BL17"},"295":{"t":"T210"},"298":{"t":"P32R"},"29A":{"t":"PA15"},"29D":{"t":"P28A"},"29E":{"t":"R44"},"2A0":{"t":"P32R"},"2A2":{"t":"PA32"},"2A3":{"t":"BE55"},"2A9":{"t":"C185"},"2AA":{"t":"PA18"},"2AB":{"t":"P28A"},"2AD":{"t":"P28A"},"2B1":{"t":"P28A"},"2B4":{"t":"P28A"},"2B5":{"t":"MITE"},"2B8":{"t":"S108"},"2B9":{"desc":"L1P"},"2BC":{"t":"R22"},"2BD":{"t":"M20P"},"2BE":{"t":"P28A"},"2C1":{"t":"R44"},"2C3":{"t":"PA23"},"2C4":{"t":"P32R"},"2C5":{"t":"PA32"},"2C7":{"t":"C320"},"2C8":{"t":"C150"},"2CA":{"t":"PA34"},"2CB":{"t":"VO10"},"2CE":{"t":"P28A"},"2D0":{"t":"PA34"},"2D1":{"t":"P28A"},"2D3":{"t":"J5"},"2D4":{"t":"J5"},"2D5":{"t":"P28A"},"2D7":{"t":"P28A"},"2DA":{"t":"DA40"},"2DC":{"desc":"L1P"},"2DD":{"t":"AR11"},"2DF":{"t":"C340"},"2E1":{"t":"P28A"},"2E2":{"t":"NAVI"},"2E4":{"t":"PA12"},"2E5":{"t":"C140"},"2E8":{"t":"P32R"},"2E9":{"t":"P32R"},"2EA":{"t":"PA46"},"2EC":{"t":"P32R"},"2EF":{"t":"CH7A"},"2F0":{"t":"PA18"},"2F2":{"t":"P28R"},"2F6":{"t":"R22"},"2F9":{"desc":"L1P"},"2FA":{"t":"P28A"},"2FB":{"desc":"H1T"},"2FD":{"t":"C414"},"2FF":{"t":"C414"},"301":{"t":"B06"},"302":{"t":"C414"},"306":{"t":"C414"},"307":{"desc":"L2J","t":"A21N"},"308":{"t":"C414"},"309":{"t":"C414"},"30A":{"t":"C414"},"30B":{"t":"C414"},"30C":{"t":"C414"},"30D":{"t":"BT36"},"30E":{"t":"C414"},"310":{"t":"C414"},"311":{"t":"C414"},"314":{"t":"C414"},"315":{"t":"C414"},"316":{"t":"C414"},"317":{"t":"C414"},"318":{"t":"P28A"},"319":{"t":"C414"},"31A":{"desc":"L1P"},"31C":{"t":"C414"},"31D":{"desc":"L1P"},"31E":{"desc":"L1P"},"320":{"t":"C414"},"321":{"t":"C414"},"323":{"t":"C414"},"326":{"t":"C414"},"327":{"t":"C414"},"32A":{"t":"C414"},"32E":{"desc":"L2P"},"32F":{"t":"C414"},"330":{"t":"E55P"},"332":{"t":"C414"},"333":{"t":"C414"},"335":{"desc":"L1P"},"338":{"t":"SR22"},"33A":{"t":"C414"},"33B":{"t":"C414"},"33C":{"t":"SR22"},"33E":{"t":"C414"},"33F":{"t":"C414"},"340":{"t":"C414"},"342":{"t":"T206"},"343":{"t":"C414"},"344":{"desc":"L1P"},"345":{"t":"C208"},"347":{"desc":"L1P"},"349":{"t":"C414"},"34A":{"t":"C414"},"34B":{"t":"C414"},"34D":{"t":"V10"},"34F":{"t":"CL30"},"350":{"t":"AA5"},"351":{"t":"C414"},"352":{"t":"C414"},"353":{"desc":"L1P"},"354":{"t":"C414"},"355":{"t":"C414"},"358":{"t":"C414"},"35B":{"t":"C414"},"35C":{"t":"C414"},"362":{"desc":"L1P"},"364":{"t":"C185"},"365":{"t":"C414"},"367":{"t":"C414"},"368":{"t":"C414"},"36B":{"t":"C414"},"36C":{"t":"C414"},"36E":{"t":"C414"},"370":{"t":"C172"},"371":{"t":"C414"},"378":{"t":"C414"},"37A":{"t":"C414"},"37B":{"t":"C414"},"37C":{"t":"C414"},"37D":{"desc":"H4E"},"381":{"t":"C82R"},"384":{"t":"P28A"},"38A":{"t":"FDCT"},"38B":{"t":"C414"},"38E":{"t":"C25A"},"38F":{"t":"E545"},"391":{"t":"C414"},"392":{"t":"C414"},"393":{"t":"C414"},"395":{"t":"C414"},"396":{"t":"C414"},"399":{"t":"C414"},"39B":{"t":"TBM7"},"39C":{"t":"S22T"},"39D":{"desc":"L1P"},"3A0":{"t":"C414"},"3A2":{"t":"C414"},"3A3":{"t":"C414"},"3AB":{"desc":"L3P"},"3AD":{"t":"C414"},"3AE":{"t":"C414"},"3B1":{"t":"C414"},"3B2":{"t":"GLID"},"3B6":{"t":"C414"},"3B7":{"t":"C414"},"3BD":{"t":"C414"},"3C0":{"t":"C414"},"3C4":{"t":"J4"},"3C5":{"t":"C414"},"3C6":{"desc":"L1P"},"3C7":{"t":"C414"},"3C8":{"t":"C414"},"3C9":{"t":"C414"},"3CA":{"t":"C414"},"3CB":{"t":"C414"},"3CC":{"t":"PA34"},"3CD":{"t":"C414"},"3CF":{"t":"C414"},"3D0":{"t":"C414"},"3D1":{"t":"C414"},"3D4":{"desc":"L1P"},"3D6":{"t":"C414"},"3D9":{"t":"C414"},"3DC":{"t":"C414"},"3DD":{"t":"C414"},"3DF":{"t":"C414"},"3E3":{"t":"C180"},"3E5":{"t":"C414"},"3E9":{"t":"C414"},"3ED":{"t":"GLID"},"3EE":{"t":"C414"},"3F0":{"t":"C25C"},"3F2":{"t":"C414"},"3F7":{"t":"C414"},"3F8":{"t":"AC11"},"3F9":{"t":"C414"},"3FD":{"desc":"L1P"},"3FF":{"desc":"L1P"},"401":{"t":"C414"},"402":{"t":"C414"},"404":{"t":"C414"},"407":{"desc":"L1P"},"40A":{"desc":"L1P"},"40F":{"t":"C414"},"410":{"t":"C414"},"411":{"desc":"L1P","t":"PTS2"},"412":{"t":"C414"},"413":{"t":"C414"},"414":{"t":"C182"},"418":{"t":"C414"},"419":{"t":"C414"},"41A":{"t":"C414"},"41B":{"t":"C414"},"41D":{"t":"C414"},"420":{"t":"M20T"},"423":{"desc":"L1P"},"424":{"t":"C414"},"429":{"t":"UH1"},"42B":{"t":"C414"},"42D":{"desc":"L1P"},"430":{"t":"C414"},"439":{"t":"C414"},"43D":{"t":"C414"},"441":{"desc":"L1P"},"442":{"t":"C414"},"444":{"t":"C414"},"445":{"t":"B412"},"446":{"t":"H25B"},"447":{"t":"C414"},"448":{"t":"C414"},"449":{"t":"C414"},"44A":{"t":"B407"},"44C":{"t":"C414"},"44D":{"desc":"L1P"},"452":{"t":"C414"},"456":{"t":"C414"},"459":{"desc":"L1P"},"46B":{"t":"E55P"},"475":{"t":"C414"},"476":{"t":"C414"},"477":{"t":"C414"},"47B":{"desc":"G1P"},"47C":{"t":"C414"},"47D":{"t":"C414"},"47E":{"t":"B06"},"480":{"t":"C414"},"485":{"t":"BE9T"},"487":{"desc":"L1P"},"488":{"t":"C414"},"489":{"t":"EC30"},"48C":{"desc":"L1P"},"48F":{"t":"C182"},"490":{"t":"C414"},"491":{"t":"C414"},"493":{"t":"C310"},"494":{"t":"C414"},"495":{"desc":"L1P"},"49A":{"t":"C414"},"49C":{"t":"C414"},"49E":{"t":"C414"},"4A1":{"t":"BE58"},"4A2":{"desc":"L1P"},"4A5":{"t":"C414"},"4A6":{"t":"C414"},"4A9":{"t":"C414"},"4AA":{"t":"PRM1"},"4AB":{"t":"C414"},"4AD":{"t":"C414"},"4AE":{"t":"C414"},"4B1":{"t":"C414"},"4B2":{"t":"C414"},"4B5":{"t":"F2TH"},"4B6":{"t":"C414"},"4BA":{"t":"EA50"},"4BB":{"t":"SR22"},"4BE":{"desc":"A2P"},"4BF":{"t":"A320"},"4C6":{"t":"B407"},"4CA":{"t":"C414"},"4CC":{"t":"B752"},"4CF":{"desc":"L1P"},"4D0":{"t":"M6"},"4D1":{"desc":"L1P"},"4D8":{"t":"C414"},"4D9":{"t":"C414"},"4DF":{"t":"SR20"},"4E9":{"t":"P28R"},"4F0":{"t":"C414"},"4F2":{"t":"C414"},"4F4":{"t":"C182"},"4F5":{"t":"C414"},"4F9":{"t":"C414"},"4FB":{"t":"GLID"},"4FC":{"t":"P28R"},"4FD":{"t":"B737"},"500":{"t":"C414"},"501":{"t":"C414"},"502":{"t":"C414"},"507":{"t":"C414"},"509":{"t":"C310"},"51F":{"t":"C414"},"52A":{"t":"C414"},"538":{"t":"E75L"},"53B":{"t":"C414"},"550":{"t":"CRJ2"},"555":{"t":"T6"},"557":{"desc":"L1P"},"55A":{"t":"C172"},"55B":{"t":"C340"},"55C":{"t":"PA15"},"55D":{"t":"P28A"},"562":{"t":"M7"},"563":{"t":"C310"},"564":{"t":"PA32"},"568":{"t":"C170"},"569":{"t":"P28A"},"56A":{"t":"VO10"},"56B":{"t":"CH7A"},"56C":{"t":"PA18"},"56E":{"t":"J5"},"56F":{"t":"R44"},"571":{"t":"H25B"},"572":{"t":"J5"},"575":{"t":"PA32"},"578":{"t":"C310"},"579":{"t":"BL17"},"57A":{"desc":"L1P"},"57B":{"t":"BALL"},"57C":{"t":"CH7A"},"57E":{"t":"PA46"},"57F":{"t":"PA15"},"581":{"t":"M20P"},"582":{"t":"C172"},"586":{"t":"C310"},"587":{"t":"PA32"},"588":{"t":"BE60"},"589":{"t":"SR22"},"58A":{"t":"P28A"},"58D":{"t":"SR22"},"58E":{"t":"CH7A"},"58F":{"t":"PA18"},"591":{"t":"R44"},"592":{"t":"P28A"},"594":{"t":"P28A"},"595":{"t":"P28A"},"596":{"t":"P28R"},"599":{"t":"P28A"},"59A":{"t":"MITE"},"59C":{"desc":"L2P"},"59E":{"t":"P28A"},"59F":{"t":"AR11"},"5A4":{"t":"NAVI"},"5A5":{"t":"C172"},"5A6":{"t":"PA12"},"5A9":{"t":"P28A"},"5AA":{"t":"PA34"},"5AE":{"t":"PA34"},"5AF":{"t":"PA32"},"5B1":{"t":"BL8"},"5B4":{"t":"P28A"},"5B6":{"desc":"H1P"},"5BA":{"t":"J3"},"5BB":{"t":"P28A"},"5BC":{"t":"P28R"},"5BD":{"t":"MITE"},"5BE":{"t":"P28A"},"5C3":{"t":"C172"},"5C5":{"t":"PA15"},"5C6":{"t":"BALL"},"5C7":{"t":"NAVI"},"5CA":{"t":"PA34"},"5CB":{"t":"PA23"},"5CD":{"t":"PA32"},"5CE":{"t":"BE35"},"5D0":{"t":"P28A"},"5D1":{"t":"C170"},"5D2":{"t":"PA32"},"5D3":{"t":"VO10"},"5D4":{"t":"BL8"},"5D5":{"t":"PA18"},"5D7":{"t":"R44"},"5DA":{"t":"P28A"},"5DB":{"t":"J3"},"5DF":{"t":"P28R"},"5E2":{"t":"SR22"},"5E3":{"t":"B407"},"5E5":{"t":"PA18"},"5E6":{"t":"C172"},"5E7":{"t":"C340"},"5E8":{"t":"PA15"},"5E9":{"t":"P28A"},"5EA":{"t":"P28A"},"5EC":{"t":"PA12"},"5ED":{"t":"P28A"},"5EE":{"t":"P28A"},"5EF":{"t":"C310"},"5F0":{"t":"PA32"},"5F1":{"t":"BE36"},"5F3":{"t":"C150"},"5F4":{"t":"C170"},"5F6":{"t":"P28A"},"5FA":{"desc":"L1P"},"5FE":{"t":"BALL"},"602":{"t":"P28A"},"603":{"t":"C180"},"604":{"t":"P28A"},"605":{"t":"PA34"},"608":{"t":"AR11"},"60A":{"t":"P28A"},"60C":{"t":"P28A"},"611":{"t":"PA23"},"612":{"t":"BALL"},"614":{"desc":"L1P","t":"ULAC"},"616":{"t":"C150"},"617":{"t":"P32R"},"619":{"t":"P28A"},"61A":{"t":"C185"},"61B":{"t":"P32R"},"61C":{"t":"P28R"},"61F":{"t":"P32R"},"621":{"desc":"L1P"},"623":{"t":"P28A"},"624":{"t":"J3"},"625":{"t":"P28A"},"626":{"t":"MITE"},"627":{"t":"BE36"},"62A":{"t":"P28A"},"62B":{"t":"PA18"},"62C":{"t":"C172"},"62F":{"t":"P28A"},"630":{"t":"NAVI"},"632":{"t":"PA12"},"633":{"t":"C120"},"634":{"t":"P32R"},"636":{"t":"P28A"},"638":{"t":"P28A"},"639":{"t":"C150"},"63C":{"t":"VO10"},"63F":{"t":"VO10"},"642":{"t":"BALL"},"643":{"t":"J3"},"647":{"t":"P28R"},"648":{"t":"P32R"},"64B":{"t":"BL17"},"64C":{"t":"S108"},"64E":{"t":"PA18"},"64F":{"t":"C172"},"650":{"t":"P28A"},"652":{"t":"P28A"},"653":{"t":"P28A"},"656":{"t":"P32R"},"658":{"t":"R44"},"659":{"t":"PA32"},"65A":{"t":"BE33"},"65B":{"t":"P28A"},"65C":{"t":"C150"},"65E":{"t":"PA32"},"660":{"t":"CH7B"},"661":{"t":"PA18"},"662":{"t":"J3"},"664":{"t":"P28A"},"665":{"t":"J3"},"666":{"t":"P28A"},"667":{"desc":"L1P"},"668":{"desc":"L1P"},"669":{"t":"P28A"},"66B":{"desc":"L1P"},"66C":{"t":"MITE"},"66F":{"t":"C82R"},"670":{"t":"P28A"},"671":{"t":"PA18"},"672":{"t":"C172"},"673":{"t":"C340"},"674":{"t":"M20P"},"677":{"t":"P32R"},"67B":{"t":"C310"},"67E":{"t":"PA44"},"67F":{"t":"R22"},"680":{"t":"P28A"},"681":{"t":"BE55"},"683":{"t":"BL8"},"684":{"t":"PA18"},"685":{"t":"P32R"},"687":{"t":"P28A"},"689":{"t":"PA46"},"68C":{"t":"P28A"},"68F":{"desc":"L1P"},"690":{"t":"P28A"},"692":{"t":"P28A"},"693":{"t":"R44"},"694":{"t":"MITE"},"695":{"t":"C172"},"696":{"t":"P28A"},"697":{"t":"PA17"},"698":{"t":"P28A"},"69C":{"t":"C140"},"69D":{"t":"AT8T"},"69E":{"t":"C310"},"69F":{"t":"PA46"},"6A0":{"t":"BE35"},"6A1":{"t":"P28A"},"6A2":{"t":"C150"},"6A3":{"t":"C170"},"6A5":{"t":"R44"},"6AA":{"t":"P32R"},"6AE":{"desc":"L1P"},"6AF":{"t":"P28A"},"6B0":{"t":"P28A"},"6B2":{"desc":"L1P"},"6B3":{"t":"ERCO"},"6B5":{"t":"SR20"},"6B8":{"t":"B06"},"6BA":{"desc":"L1P"},"6BC":{"t":"C550"},"6BF":{"t":"DA40"},"6C0":{"desc":"L2J","t":"A21N"},"6C3":{"t":"S22T"},"6C4":{"desc":"L1P"},"6C5":{"t":"B407"},"6C8":{"t":"CRJ2"},"6CC":{"t":"GLF5"},"6CD":{"t":"ULAC"},"6CE":{"t":"SR22"},"6CF":{"t":"P46T"},"6D0":{"desc":"L1P"},"6D4":{"desc":"L2P"},"6D5":{"t":"S22T"},"6DA":{"t":"ERCO"},"6DE":{"desc":"A2T"},"6E1":{"desc":"L1P","t":"ULAC"},"6E4":{"t":"ERCO"},"6E5":{"desc":"L1P"},"6E6":{"t":"P28A"},"6E7":{"t":"ERCO"},"6E8":{"t":"PA27"},"6E9":{"t":"ERCO"},"6EB":{"t":"P28A"},"6EE":{"t":"TBM7"},"6F1":{"t":"ERCO"},"6F3":{"t":"ERCO"},"6FB":{"desc":"L1P"},"700":{"desc":"L1P"},"704":{"t":"V10"},"705":{"t":"S22T"},"706":{"t":"BE35"},"707":{"desc":"L1T","t":"PA46"},"708":{"t":"ERCO"},"709":{"t":"PC12"},"70A":{"t":"P46T"},"70C":{"t":"B47G"},"70E":{"t":"ERCO"},"717":{"t":"ERCO"},"71A":{"desc":"L1P"},"71F":{"t":"ERCO"},"725":{"desc":"L1P"},"727":{"desc":"L1P"},"730":{"t":"ERCO"},"742":{"t":"GLF6"},"745":{"t":"ERCO"},"746":{"t":"E545"},"749":{"desc":"L1P"},"74B":{"t":"BE36"},"74C":{"desc":"L1P"},"74F":{"t":"SR22"},"753":{"t":"P28A"},"757":{"t":"ERCO"},"75A":{"desc":"L1P"},"762":{"desc":"L1P","t":"ULAC"},"765":{"desc":"L1P","t":"ULAC"},"766":{"t":"PRM1"},"770":{"t":"PA30"},"77C":{"t":"CL60"},"77D":{"t":"HUSK"},"77F":{"desc":"L1P","t":"ULAC"},"782":{"desc":"L1P","t":"ULAC"},"783":{"t":"A139"},"785":{"t":"S22T"},"786":{"t":"BE36"},"787":{"t":"PA34"},"788":{"t":"MD11"},"789":{"desc":"L1P"},"78C":{"desc":"L1P"},"78D":{"t":"S22T"},"78F":{"desc":"H4E"},"794":{"desc":"L1P"},"795":{"t":"C25C"},"797":{"desc":"L1P"},"798":{"desc":"L1P"},"79B":{"t":"DA40"},"7A0":{"t":"P28A"},"7A5":{"desc":"L1P"},"7AD":{"t":"PA32"},"7B2":{"t":"C206"},"7B8":{"t":"ERCO"},"7BE":{"t":"ERCO"},"7BF":{"t":"GLF4"},"7C2":{"t":"BE58"},"7C3":{"t":"SR22"},"7C7":{"t":"GLF4"},"7C8":{"desc":"L1P"},"7C9":{"t":"B744"},"7CA":{"t":"PA27"},"7CB":{"desc":"L1P"},"7CD":{"t":"BE20"},"7D1":{"desc":"L1P"},"7D6":{"desc":"L1P"},"7D7":{"t":"P28A"},"7DC":{"t":"A320"},"7DF":{"desc":"L1P","t":"ULAC"},"7E0":{"t":"UH1"},"7E6":{"t":"CL30"},"7E8":{"t":"T6"},"7ED":{"t":"LJ60"},"7F8":{"desc":"L2J","t":"GLF5"},"7F9":{"t":"P28A"},"7FB":{"t":"C25B"},"800":{"t":"B407"},"801":{"t":"SR22"},"804":{"t":"ULAC"},"806":{"t":"C25B"},"808":{"t":"GALX"},"809":{"t":"GLID"},"80A":{"t":"ERCO"},"80D":{"t":"SR22"},"822":{"t":"GLF4"},"82A":{"t":"BE95"},"82B":{"t":"C421"},"82C":{"t":"C25B"},"82D":{"t":"C182"},"82E":{"desc":"L1P","t":"ULAC"},"831":{"desc":"L1P"},"832":{"t":"GLID"},"833":{"t":"C172"},"834":{"desc":"A1P","t":"ULAC"},"838":{"t":"R44"},"83E":{"desc":"L1P"},"83F":{"t":"BE55"},"844":{"desc":"L4P"},"845":{"desc":"L1P"},"846":{"t":"ULAC"},"847":{"t":"C25C"},"848":{"t":"GALX"},"849":{"desc":"A1P"},"84A":{"t":"LJ60"},"84B":{"desc":"L1P"},"84D":{"t":"S22T"},"84E":{"t":"C25A"},"84F":{"desc":"L1P"},"851":{"t":"C172"},"853":{"desc":"A1P","t":"ULAC"},"854":{"t":"ERCO"},"857":{"t":"C337"},"85E":{"t":"ERCO"},"863":{"t":"C208"},"867":{"t":"SR22"},"868":{"t":"BE20"},"86C":{"desc":"L1P"},"86D":{"t":"DA42"},"86E":{"t":"C208"},"876":{"t":"A320"},"883":{"t":"B752"},"88F":{"t":"PA46"},"8A3":{"t":"BE55"},"8A9":{"t":"SR22"},"8AA":{"t":"H500"},"8AD":{"desc":"L1P"},"8AF":{"t":"P28R"},"8B3":{"t":"SR20"},"8B4":{"t":"B737"},"8B7":{"t":"PA46"},"8BC":{"desc":"L1P"},"8BE":{"t":"SF50"},"8BF":{"t":"C340"},"8C0":{"desc":"L1T","t":"PA46"},"8D2":{"t":"PC12"},"8D9":{"desc":"L1P"},"8EB":{"desc":"L1P"},"8EF":{"t":"E75L"},"8F2":{"desc":"L1P"},"90B":{"t":"MITE"},"90C":{"t":"BALL"},"90E":{"t":"S108"},"90F":{"desc":"L1P"},"910":{"t":"AR11"},"911":{"t":"C172"},"912":{"t":"C340"},"913":{"t":"PA18"},"915":{"t":"NAVI"},"916":{"t":"C172"},"917":{"t":"PA12"},"918":{"t":"PA18"},"919":{"t":"PA23"},"91A":{"t":"BALL"},"91B":{"t":"PA18"},"91C":{"t":"BE33"},"91E":{"t":"C150"},"91F":{"t":"C170"},"920":{"t":"PA32"},"922":{"t":"CH7B"},"923":{"t":"PA18"},"924":{"t":"PA18"},"925":{"t":"J3"},"926":{"t":"PA34"},"928":{"t":"J3"},"929":{"t":"P28A"},"92B":{"t":"P28A"},"92C":{"t":"J3"},"92D":{"t":"P28A"},"92E":{"t":"ERCO"},"92F":{"t":"BE35"},"930":{"t":"BL17"},"932":{"t":"P51"},"933":{"t":"AR11"},"934":{"t":"PA18"},"935":{"t":"C340"},"936":{"t":"PA18"},"938":{"desc":"L1P"},"939":{"t":"C172"},"93A":{"t":"PA12"},"93B":{"t":"C140"},"93C":{"t":"P32R"},"93E":{"t":"PA32"},"940":{"t":"PA18"},"941":{"t":"C150"},"944":{"t":"LARK"},"945":{"t":"CH7A"},"946":{"t":"PA18"},"947":{"t":"M7"},"948":{"t":"J3"},"949":{"t":"P28R"},"94B":{"t":"PA18"},"94D":{"desc":"L1P"},"94F":{"t":"PA46"},"951":{"t":"MITE"},"952":{"t":"PA18"},"955":{"t":"PA46"},"956":{"t":"AR11"},"957":{"t":"C172"},"959":{"t":"M20P"},"95A":{"t":"P28A"},"95C":{"t":"C172"},"95E":{"t":"PA18"},"961":{"t":"P32R"},"965":{"t":"C170"},"967":{"desc":"L1T","t":"SS2P"},"969":{"t":"PA18"},"96A":{"t":"P28R"},"96B":{"desc":"L1P"},"96C":{"t":"P28A"},"96D":{"t":"P28A"},"96F":{"t":"AT8T"},"973":{"t":"PA18"},"975":{"t":"PA18"},"977":{"t":"C82R"},"978":{"t":"PA18"},"979":{"t":"PA36"},"97A":{"t":"C172"},"97B":{"t":"R44"},"97C":{"t":"PA18"},"97D":{"t":"P28A"},"97F":{"t":"PA18"},"980":{"t":"PA18"},"981":{"t":"C140"},"985":{"t":"BE55"},"986":{"t":"BALL"},"988":{"t":"C170"},"98A":{"t":"VO10"},"98C":{"t":"PA18"},"98D":{"t":"PA18"},"98F":{"t":"J3"},"990":{"t":"P28A"},"991":{"desc":"L1P"},"992":{"t":"P28A"},"994":{"t":"P28A"},"995":{"t":"PA34"},"996":{"t":"P28A"},"997":{"t":"MITE"},"998":{"t":"PA18"},"99A":{"t":"R44"},"99B":{"t":"C170"},"99C":{"t":"PA36"},"99E":{"t":"R44"},"9A0":{"t":"P28A"},"9A3":{"t":"PA12"},"9A4":{"t":"C120"},"9A5":{"t":"PA18"},"9A6":{"t":"P28A"},"9A7":{"t":"CH7B"},"9A8":{"t":"BE35"},"9A9":{"t":"C320"},"9AB":{"t":"C170"},"9AD":{"desc":"L1T","t":"SS2P"},"9AE":{"t":"C185"},"9AF":{"t":"PA18"},"9B0":{"t":"P28A"},"9B2":{"t":"P28A"},"9B3":{"t":"J3"},"9B5":{"t":"PA32"},"9B7":{"t":"P28A"},"9B8":{"t":"P28A"},"9B9":{"t":"BE55"},"9BA":{"t":"MITE"},"9BE":{"t":"PA18"},"9C0":{"t":"BE36"},"9C1":{"t":"P28R"},"9C4":{"t":"B06"},"9C5":{"t":"PA18"},"9C6":{"t":"PA12"},"9C7":{"t":"C140"},"9C8":{"t":"AT5T"},"9CA":{"t":"PA18"},"9CB":{"t":"BE55"},"9CC":{"t":"PA18"},"9CE":{"t":"C170"},"9CF":{"t":"PA18"},"9D0":{"desc":"L1T","t":"SS2P"},"9D3":{"t":"P28A"},"9D4":{"t":"PA18"},"9D5":{"t":"PA18"},"9D6":{"t":"PA18"},"9D7":{"t":"P28A"},"9D8":{"t":"P28U"},"9D9":{"t":"J3"},"9DA":{"t":"PA18"},"9DB":{"t":"P28A"},"9DF":{"t":"BL17"},"9E3":{"t":"C172"},"9E5":{"desc":"L1P"},"9E7":{"t":"NAVI"},"9E8":{"t":"C172"},"9EA":{"t":"PA18"},"9EE":{"t":"BE36"},"9EF":{"t":"C320"},"9F1":{"t":"PA18"},"9F2":{"desc":"L1P"},"9F3":{"t":"VO10"},"9F4":{"t":"CH7B"},"9F6":{"t":"J3"},"9F8":{"t":"PA18"},"9FA":{"t":"BALL"},"9FD":{"t":"J3"},"A01":{"t":"M7"},"A02":{"t":"BL17"},"A03":{"t":"PA18"},"A05":{"t":"PA31"},"A06":{"t":"C172"},"A08":{"t":"PA18"},"A0B":{"t":"PA18"},"A0C":{"t":"PA12"},"A0D":{"t":"C120"},"A0E":{"desc":"L1P","t":"ULAC"},"A10":{"t":"PA18"},"A11":{"t":"BE33"},"A12":{"t":"PA18"},"A13":{"t":"PA18"},"A14":{"t":"C170"},"A15":{"t":"PA18"},"A17":{"t":"CH7A"},"A18":{"t":"PA18"},"A19":{"t":"P28A"},"A1C":{"t":"PA18"},"A20":{"t":"PA18"},"A21":{"t":"J3"},"A22":{"t":"PA32"},"A27":{"t":"PA18"},"A29":{"t":"C172"},"A2B":{"t":"PA15"},"A2D":{"t":"NAVI"},"A2E":{"t":"PA18"},"A38":{"t":"PA18"},"A3A":{"t":"PA18"},"A3B":{"t":"PA18"},"A3C":{"t":"PA18"},"A3E":{"desc":"L1P"},"A3F":{"t":"P28A"},"A40":{"t":"R44"},"A41":{"t":"P28R"},"A43":{"t":"PA18"},"A44":{"t":"AT6T"},"A45":{"t":"P28A"},"A46":{"t":"MITE"},"A47":{"t":"PA18"},"A49":{"t":"M4"},"A4A":{"t":"PA18"},"A4B":{"t":"AR11"},"A4C":{"t":"PA34"},"A4E":{"t":"PA15"},"A50":{"t":"M7"},"A51":{"t":"C172"},"A52":{"t":"PA12"},"A53":{"t":"C140"},"A54":{"t":"PA23"},"A56":{"t":"PA32"},"A57":{"t":"PA18"},"A58":{"t":"C320"},"A59":{"t":"C150"},"A5B":{"t":"PA32"},"A5C":{"t":"VO10"},"A5D":{"t":"BL8"},"A62":{"t":"P28A"},"A63":{"t":"PA18"},"A65":{"t":"P28A"},"A66":{"t":"J3"},"A67":{"t":"P28A"},"A68":{"t":"PA46"},"A6D":{"desc":"L4J"},"A6F":{"t":"B06"},"A70":{"desc":"L1P","t":"ULAC"},"A71":{"t":"HUSK"},"A74":{"desc":"L1P"},"A76":{"t":"DA40"},"A77":{"desc":"L2J","t":"A21N"},"A78":{"t":"M4"},"A7C":{"t":"BE20"},"A7E":{"t":"A320"},"A7F":{"t":"CRJ2"},"A83":{"desc":"L1P","t":"ULAC"},"A84":{"t":"C560"},"A85":{"t":"GLEX"},"A86":{"desc":"L1P","t":"ULAC"},"A87":{"t":"GLEX"},"A8D":{"t":"BE9L"},"A8E":{"t":"DA40"},"A93":{"t":"BE33"},"A95":{"desc":"L1P"},"A98":{"desc":"L1P"},"A9C":{"desc":"A2P"},"A9D":{"t":"P28A"},"A9F":{"t":"C550"},"AA0":{"t":"SR22"},"AA1":{"t":"SR22"},"AA2":{"t":"B407"},"AA8":{"t":"C510"},"AAA":{"t":"C172"},"AAD":{"t":"C182"},"AB5":{"t":"BE58"},"AB8":{"t":"C175"},"AB9":{"desc":"L1P"},"ABE":{"t":"SR22"},"AC1":{"desc":"L1P"},"AC6":{"t":"DA40"},"ACE":{"desc":"L1P","t":"ULAC"},"AD1":{"desc":"L1P"},"AD5":{"t":"GLID"},"AD9":{"t":"GLF4"},"ADA":{"t":"ST75"},"ADE":{"t":"C172"},"AE3":{"desc":"L1P"},"AF5":{"t":"DA40"},"AF8":{"t":"SSAB"},"AFD":{"t":"E545"},"B00":{"t":"SR22"},"B01":{"t":"PA12"},"B03":{"desc":"L1P"},"B06":{"t":"BE35"},"B0E":{"t":"LJ60"},"B11":{"t":"PA27"},"B19":{"desc":"L1P"},"B20":{"t":"GLID"},"B21":{"t":"R44"},"B27":{"t":"P28A"},"B2B":{"desc":"H8E"},"B3D":{"t":"P28A"},"B40":{"t":"BE20"},"B43":{"t":"BE58"},"B44":{"t":"HDJT"},"B4D":{"t":"GLID"},"B4E":{"t":"F900"},"B65":{"t":"S22T"},"B66":{"t":"ULAC"},"B68":{"t":"R44"},"B6A":{"t":"P180"},"B7D":{"desc":"H1T"},"B80":{"t":"B744"},"B81":{"t":"PA32"},"B84":{"desc":"H1P"},"B87":{"t":"BE55"},"B89":{"t":"BE20"},"B8B":{"t":"P32R"},"B8D":{"t":"U21"},"B8E":{"desc":"L1P"},"B97":{"desc":"H1T"},"B9E":{"t":"B350"},"BAF":{"t":"BE9T"},"BB0":{"t":"P28A"},"BB2":{"t":"SR22"},"BB4":{"t":"SF50"},"BB9":{"desc":"L1P"},"BC0":{"desc":"L1P","t":"ULAC"},"BC4":{"t":"GLID"},"BD9":{"t":"E55P"},"BE2":{"t":"C414"},"BE3":{"desc":"L1P"},"BE8":{"t":"YK18"},"BE9":{"desc":"L1P"},"BEA":{"t":"GLF5"},"BEB":{"t":"PA18"},"BEC":{"desc":"L1T","t":"M600"},"BEF":{"t":"P28A"},"BF1":{"t":"H25B"},"BF5":{"desc":"L1P"},"BF6":{"t":"BE36"},"BFA":{"t":"SR22"},"BFD":{"t":"RV12"},"BFE":{"t":"CH7B"},"C00":{"t":"B407"},"C02":{"t":"R22"},"C05":{"desc":"L1P"},"C06":{"t":"PA18"},"C08":{"t":"C172"},"C0A":{"desc":"L1P"},"C0B":{"t":"CH7B"},"C10":{"desc":"L1P"},"C13":{"t":"BE33"},"C14":{"t":"C172"},"C15":{"desc":"L1P"},"C16":{"t":"BALL"},"C17":{"t":"SR22"},"C19":{"desc":"L1P"},"C24":{"t":"P32R"},"C28":{"t":"PC12"},"C29":{"desc":"L1P"},"C2D":{"t":"A320"},"C3A":{"t":"B752"},"C3D":{"t":"M20P"},"C60":{"t":"SR22"},"C6A":{"t":"GLF3"},"C6B":{"t":"B737"},"C6E":{"t":"C172"},"C70":{"t":"C177"},"C75":{"desc":"L1P"},"C77":{"desc":"L1J"},"CA6":{"t":"E75L"},"CC2":{"t":"MITE"},"CC5":{"t":"C82R"},"CC6":{"desc":"L1P"},"CC7":{"t":"CH7A"},"CC8":{"t":"P28R"},"CCB":{"t":"P28A"},"CCF":{"t":"PA46"},"CD0":{"t":"PA23"},"CD3":{"t":"DV20"},"CD4":{"t":"PA46"},"CDB":{"t":"AT6T"},"CDC":{"desc":"L1P"},"CDF":{"t":"P28A"},"CE1":{"t":"P28A"},"CE2":{"desc":"L1P"},"CE3":{"t":"AT5T"},"CE4":{"t":"P28A"},"CE5":{"t":"MITE"},"CE6":{"t":"PA34"},"CEA":{"t":"CH7A"},"CEB":{"t":"C172"},"CED":{"t":"PA15"},"CEE":{"t":"P28A"},"CF0":{"t":"C172"},"CF2":{"t":"C120"},"CF3":{"t":"P28A"},"CFA":{"t":"BE20"},"CFC":{"t":"BL8"},"CFD":{"t":"P28A"},"D00":{"t":"AT5T"},"D01":{"t":"AT8T"},"D05":{"desc":"L1P"},"D06":{"t":"P28A"},"D07":{"t":"P28A"},"D0D":{"t":"AR11"},"D0E":{"t":"C172"},"D0F":{"t":"C421"},"D14":{"t":"R44"},"D15":{"t":"C120"},"D17":{"t":"BALL"},"D18":{"t":"PA32"},"D19":{"t":"BE33"},"D1B":{"t":"C150"},"D1C":{"t":"C170"},"D1D":{"t":"PA32"},"D1E":{"desc":"L1T","t":"SS2P"},"D1F":{"t":"BL8"},"D20":{"t":"P32R"},"D21":{"desc":"L1P"},"D22":{"desc":"L1P"},"D23":{"t":"P28A"},"D24":{"t":"P28A"},"D28":{"desc":"L1P"},"D2C":{"t":"BE35"},"D2D":{"desc":"L1P"},"D2F":{"t":"P32R"},"D30":{"t":"P32R"},"D31":{"t":"P28A"},"D33":{"t":"PA15"},"D36":{"t":"C172"},"D38":{"t":"C140"},"D39":{"t":"PA46"},"D3B":{"t":"PA32"},"D3C":{"t":"BE36"},"D3E":{"t":"C150"},"D3F":{"t":"C170"},"D40":{"t":"P28A"},"D42":{"t":"CH7B"},"D44":{"desc":"L1P"},"D45":{"t":"R44"},"D4B":{"desc":"L1P"},"D4D":{"t":"P28A"},"D51":{"t":"C82R"},"D53":{"t":"AR11"},"D56":{"t":"M20P"},"D57":{"t":"P28A"},"D59":{"t":"C172"},"D5A":{"t":"BALL"},"D5C":{"t":"PA23"},"D5D":{"t":"R44"},"D5F":{"t":"BE35"},"D60":{"t":"R44"},"D61":{"t":"C150"},"D62":{"t":"C170"},"D65":{"t":"P28A"},"D68":{"t":"P28A"},"D6C":{"t":"P28A"},"D6E":{"t":"AT8T"},"D6F":{"t":"P28A"},"D70":{"t":"P28A"},"D73":{"t":"BL17"},"D76":{"t":"P28A"},"D78":{"t":"C402"},"D79":{"t":"PA15"},"D7C":{"t":"P32R"},"D7D":{"t":"PA12"},"D80":{"t":"C310"},"D82":{"t":"BE55"},"D84":{"t":"P28A"},"D85":{"t":"C170"},"D87":{"desc":"L1P"},"D89":{"t":"PA18"},"D8A":{"t":"P28A"},"D8B":{"t":"AT6T"},"D8F":{"desc":"L1P"},"D91":{"t":"P28A"},"D95":{"t":"GLID"},"D97":{"t":"C82R"},"D99":{"t":"AR11"},"D9A":{"t":"P28A"},"D9C":{"t":"P28A"},"D9D":{"desc":"L1P"},"D9F":{"t":"C172"},"DA0":{"t":"PA12"},"DA1":{"t":"C120"},"DA3":{"t":"C310"},"DA5":{"t":"BE33"},"DA8":{"t":"C170"},"DAC":{"t":"P28A"},"DB0":{"t":"BE17"},"DB2":{"t":"PA34"},"DB3":{"desc":"L1P"},"DB4":{"t":"P28A"},"DB6":{"t":"P28A"},"DB8":{"t":"PA46"},"DBA":{"t":"PA46"},"DBB":{"t":"P32R"},"DBD":{"t":"C172"},"DBE":{"t":"C402"},"DC1":{"t":"P28A"},"DC2":{"t":"P28A"},"DC4":{"t":"P32R"},"DC5":{"t":"BE55"},"DC6":{"t":"C310"},"DC7":{"t":"PA32"},"DC8":{"t":"P32R"},"DCA":{"t":"C150"},"DCF":{"t":"PA18"},"DD2":{"desc":"L1P"},"DD4":{"desc":"L1P"},"DD5":{"t":"AT5T"},"DD6":{"t":"PA46"},"DD7":{"t":"CH7B"},"DDA":{"t":"MITE"},"DDE":{"t":"PA34"},"DDF":{"t":"T28"},"DE0":{"t":"C172"},"DE1":{"desc":"L1P"},"DE2":{"desc":"L1P"},"DE3":{"t":"P28A"},"DE5":{"t":"C172"},"DEA":{"t":"PA32"},"DEB":{"t":"P32R"},"DEC":{"t":"PA34"},"DEE":{"t":"C170"},"DF1":{"t":"CH7A"},"DF2":{"t":"P32R"},"DF3":{"t":"CH7B"},"DF4":{"t":"CH7B"},"DF6":{"t":"CH7A"},"DF7":{"t":"CH7B"},"DF8":{"t":"CH7B"},"DF9":{"t":"CH7B"},"DFA":{"t":"AT8T"},"DFB":{"t":"CH7A"},"DFD":{"t":"MITE"},"DFE":{"desc":"L1P"},"E01":{"desc":"L1P"},"E03":{"t":"P28A"},"E04":{"t":"C402"},"E07":{"t":"NAVI"},"E09":{"t":"PA12"},"E0A":{"t":"C140"},"E0C":{"t":"C310"},"E0D":{"t":"PA32"},"E0E":{"t":"BE33"},"E0F":{"t":"P32R"},"E12":{"t":"T206"},"E13":{"t":"VO10"},"E14":{"t":"C185"},"E17":{"t":"CH7B"},"E19":{"t":"CH7A"},"E1A":{"t":"CH7B"},"E1B":{"t":"CH7B"},"E1C":{"t":"BL8"},"E1E":{"t":"CH7A"},"E1F":{"t":"GLID"},"E20":{"desc":"L1P"},"E23":{"desc":"L1P"},"E24":{"t":"B412"},"E26":{"t":"B06"},"E28":{"t":"ULAC"},"E2B":{"t":"S22T"},"E2D":{"t":"B407"},"E2E":{"desc":"L2J","t":"A21N"},"E31":{"t":"PC12"},"E32":{"t":"T6"},"E36":{"t":"CRJ2"},"E3A":{"desc":"L1P"},"E3B":{"t":"LJ35"},"E3D":{"t":"BE35"},"E40":{"desc":"H1P"},"E42":{"t":"PA24"},"E44":{"t":"ULAC"},"E46":{"t":"AT8T"},"E4B":{"t":"S22T"},"E4C":{"desc":"A2T"},"E4F":{"desc":"L1P"},"E53":{"t":"C25C"},"E54":{"t":"P28A"},"E55":{"t":"C152"},"E57":{"desc":"L1P"},"E59":{"t":"B407"},"E5A":{"t":"EA50"},"E5F":{"t":"H25B"},"E61":{"t":"C182"},"E64":{"t":"GL5T"},"E65":{"desc":"L1P"},"E6B":{"desc":"L1P"},"E6E":{"desc":"L1P"},"E6F":{"t":"PA32"},"E70":{"t":"C182"},"E73":{"desc":"L1P"},"E76":{"t":"C77R"},"E78":{"t":"CH7B"},"E7D":{"desc":"L1P"},"E7E":{"t":"SR22"},"E85":{"t":"RV12"},"E88":{"t":"C310"},"E91":{"desc":"L1P"},"E93":{"t":"PA44"},"E95":{"t":"C172"},"E96":{"t":"C182"},"EA1":{"t":"PC24"},"EA3":{"t":"A310"},"EA6":{"desc":"H1P"},"EA9":{"t":"P28A"},"EAC":{"t":"DA40"},"EB0":{"t":"SR20"},"EB4":{"t":"E545"},"EB7":{"desc":"L1P"},"EBE":{"t":"P28A"},"EC3":{"desc":"L1P"},"EC5":{"desc":"L1P"},"EC7":{"t":"C510"},"EC9":{"t":"PA27"},"ECC":{"desc":"L1P"},"ED3":{"t":"CL30"},"EDE":{"t":"P28A"},"EE1":{"t":"BE40"},"EE2":{"desc":"H6E"},"EED":{"t":"C56X"},"EF0":{"desc":"L1P","t":"ULAC"},"EF5":{"t":"C182"},"EFA":{"t":"PA46"},"EFB":{"t":"SR22"},"F02":{"t":"BE36"},"F05":{"t":"PC12"},"F08":{"desc":"L1P"},"F09":{"t":"TBM7"},"F0A":{"t":"SR22"},"F1B":{"desc":"L1P"},"F1E":{"t":"SR22"},"F21":{"t":"C182"},"F29":{"t":"P28A"},"F2C":{"t":"R22"},"F34":{"desc":"L1P"},"F35":{"t":"PA46"},"F37":{"desc":"L1P"},"F3A":{"desc":"L1P"},"F3C":{"t":"C25A"},"F3D":{"t":"S22T"},"F3E":{"t":"P28S"},"F40":{"t":"SR22"},"F46":{"t":"BALL"},"F49":{"t":"COL4"},"F4A":{"t":"PA46"},"F4B":{"t":"B407"},"F4D":{"t":"E55P"},"F4E":{"t":"UH1"},"F54":{"t":"PC12"},"F58":{"t":"CRJ2"},"F63":{"desc":"L1P"},"F66":{"t":"P32R"},"F67":{"t":"P28A"},"F6A":{"t":"T206"},"F6E":{"t":"B407"},"F70":{"t":"R44"},"F72":{"t":"PA31"},"F76":{"desc":"L1P"},"F77":{"desc":"L1P","t":"ULAC"},"F78":{"desc":"H1P"},"F7B":{"t":"SR22"},"F7F":{"t":"C525"},"F90":{"t":"E55P"},"F9F":{"t":"C182"},"FA2":{"t":"PA46"},"FA4":{"t":"C25C"},"FAA":{"desc":"L1P"},"FAC":{"desc":"L1P"},"FB2":{"desc":"L1P"},"FB7":{"desc":"L1P"},"FB9":{"t":"BE9L"},"FBB":{"t":"PC12"},"FBC":{"desc":"L1P"},"FBF":{"t":"CH7B"},"FC3":{"desc":"L1T","t":"PA46"},"FC6":{"t":"CRJ2"},"FC7":{"desc":"L1P"},"FCA":{"desc":"L1P"},"FCB":{"t":"SR22"},"FCD":{"t":"BALL"},"FD6":{"t":"H25B"},"FDB":{"t":"DA42"},"FDF":{"t":"BE17"},"FE4":{"t":"A320"},"FF1":{"t":"B752"}}