{"016":{"desc":"L2J"},"018":{"t":"BT36"},"019":{"t":"SR22"},"021":{"t":"HUSK"},"022":{"t":"B737"},"027":{"t":"B06"},"02E":{"t":"M5"},"037":{"t":"SF34"},"047":{"desc":"L1P"},"049":{"desc":"L1P"},"05D":{"t":"E75L"},"079":{"t":"T34P"},"07A":{"desc":"L1P"},"07B":{"t":"C170"},"07D":{"t":"PA46"},"07E":{"t":"AR11"},"081":{"t":"PA34"},"084":{"t":"P28A"},"085":{"t":"R22"},"086":{"t":"B350"},"087":{"t":"PA23"},"08A":{"t":"AT8T"},"08B":{"t":"P28A"},"08C":{"t":"C150"},"08D":{"t":"P32R"},"08E":{"t":"PA32"},"090":{"t":"BL8"},"092":{"t":"CH7B"},"095":{"t":"P28A"},"097":{"desc":"L1P"},"09C":{"t":"GLID"},"09D":{"desc":"L1P"},"09F":{"t":"S108"},"0A4":{"t":"M20P"},"0A5":{"t":"R22"},"0A7":{"t":"C172"},"0AB":{"t":"C340"},"0AC":{"t":"PA32"},"0AD":{"t":"BE36"},"0B1":{"t":"PA32"},"0B2":{"t":"P28A"},"0B5":{"desc":"L1P"},"0B6":{"t":"PA34"},"0BB":{"desc":"L1P"},"0BD":{"t":"P28A"},"0BE":{"desc":"L1P"},"0C2":{"t":"S108"},"0C3":{"t":"P28A"},"0C5":{"t":"C172"},"0C6":{"desc":"L1P"},"0C7":{"t":"PA15"},"0C8":{"t":"P28A"},"0C9":{"t":"NAVI"},"0CB":{"t":"PA12"},"0CD":{"t":"C172"},"0CF":{"t":"PA32"},"0D0":{"t":"BE33"},"0D1":{"t":"P32R"},"0D2":{"t":"AT3T"},"0D3":{"t":"C170"},"0D6":{"t":"CH7A"},"0D7":{"t":"P28A"},"0DB":{"t":"P28A"},"0DC":{"t":"P28R"},"0DD":{"desc":"L1P"},"0DF":{"desc":"L1P"},"0E1":{"desc":"L1P"},"0E2":{"t":"MITE"},"0E3":{"t":"P32R"},"0E4":{"t":"BL17"},"0E5":{"t":"GLID"},"0E6":{"t":"P28A"},"0E7":{"t":"AR11"},"0EA":{"t":"PA15"},"0EE":{"t":"PA12"},"0EF":{"t":"PA46"},"0F2":{"t":"PA32"},"0F6":{"t":"C170"},"0F7":{"t":"PA32"},"0FA":{"t":"PA18"},"0FB":{"desc":"L1P"},"0FC":{"t":"P28R"},"0FD":{"desc":"L1P"},"0FE":{"desc":"L1P"},"101":{"desc":"H1P"},"103":{"t":"P28A"},"104":{"t":"P28A"},"106":{"t":"P32R"},"107":{"t":"DA40"},"108":{"t":"P32R"},"109":{"t":"PA34"},"10B":{"t":"P28A"},"10E":{"t":"P28A"},"110":{"t":"R44"},"115":{"t":"PA32"},"117":{"t":"P28A"},"118":{"t":"P32R"},"119":{"t":"P46T"},"11A":{"t":"PA32"},"11D":{"t":"P32R"},"11F":{"desc":"L1P"},"125":{"desc":"L1P"},"127":{"t":"P51"},"128":{"t":"MITE"},"12B":{"t":"C82R"},"12E":{"t":"C172"},"130":{"t":"PA15"},"132":{"t":"PA46"},"133":{"t":"C172"},"134":{"desc":"L1P"},"136":{"t":"R44"},"137":{"t":"C310"},"139":{"t":"BE35"},"13D":{"t":"PA32"},"140":{"t":"P28A"},"143":{"t":"PA34"},"145":{"desc":"L1P"},"147":{"t":"P28A"},"148":{"t":"P28A"},"149":{"desc":"H4E"},"14D":{"t":"BL17"},"151":{"t":"C172"},"152":{"t":"PA15"},"153":{"desc":"L1P"},"155":{"t":"P32R"},"158":{"t":"C120"},"15C":{"t":"BE55"},"15D":{"t":"P32R"},"161":{"t":"PA32"},"163":{"t":"P32R"},"168":{"t":"P28A"},"16A":{"desc":"L1P"},"16C":{"desc":"L1P"},"16D":{"t":"PA32"},"16E":{"t":"MITE"},"16F":{"t":"CH7B"},"171":{"t":"S108"},"173":{"t":"PA25"},"174":{"t":"C172"},"175":{"t":"R44"},"176":{"t":"PA15"},"177":{"t":"P28R"},"179":{"t":"P28A"},"17A":{"t":"R44"},"17B":{"t":"P28A"},"17C":{"t":"P28A"},"17D":{"t":"C310"},"17E":{"t":"R44"},"17F":{"t":"BE35"},"180":{"t":"P32R"},"182":{"t":"P32R"},"186":{"t":"PA18"},"18B":{"t":"P28A"},"18C":{"t":"GLID"},"18D":{"t":"H500"},"191":{"t":"MITE"},"192":{"t":"T34P"},"196":{"t":"AR11"},"199":{"t":"PA15"},"19A":{"t":"P28A"},"19B":{"t":"NAVI"},"19D":{"t":"P32R"},"1A2":{"t":"BE58"},"1A5":{"t":"C170"},"1A6":{"t":"P32R"},"1A7":{"t":"LARK"},"1A8":{"t":"CH7A"},"1AC":{"t":"C182"},"1AD":{"desc":"L1T"},"1AF":{"t":"P28A"},"1B1":{"t":"P28B"},"1B3":{"t":"P28A"},"1B4":{"t":"MITE"},"1B5":{"t":"NAVI"},"1B6":{"desc":"L2P"},"1B9":{"t":"CH7A"},"1BA":{"t":"P28A"},"1BF":{"t":"C172"},"1C1":{"t":"C140"},"1C3":{"desc":"L1P"},"1C7":{"t":"C150"},"1C8":{"t":"C170"},"1C9":{"t":"PA32"},"1CC":{"t":"PA18"},"1CD":{"t":"P28A"},"1CF":{"t":"P28A"},"1D0":{"t":"T50"},"1D4":{"t":"BL8"},"1D5":{"t":"CH7B"},"1D6":{"t":"PA46"},"1D7":{"t":"M200"},"1D8":{"t":"TBM7"},"1DA":{"t":"LJ45"},"1DD":{"t":"B06"},"1E2":{"desc":"L1P"},"1E3":{"desc":"L1P"},"1E5":{"desc":"L2J","t":"A21N"},"1EA":{"t":"TWEN"},"1EC":{"desc":"L2T"},"1ED":{"t":"CRJ2"},"1F0":{"desc":"L1P"},"1F1":{"t":"BE35"},"1F3":{"t":"T6"},"1F4":{"t":"SR22"},"1F5":{"desc":"A1P"},"1F6":{"t":"BALL"},"1F8":{"t":"SF50"},"1FC":{"desc":"L2P"},"1FD":{"t":"C421"},"202":{"t":"PA12"},"203":{"desc":"A2T"},"206":{"desc":"L1P"},"20B":{"t":"H25B"},"20C":{"t":"HUSK"},"20D":{"t":"C177"},"210":{"t":"B407"},"212":{"t":"GLID"},"215":{"t":"LJ45"},"216":{"desc":"L1P"},"218":{"t":"SR22"},"21B":{"t":"C25B"},"21C":{"t":"BE40"},"223":{"desc":"H2T"},"225":{"desc":"L1P"},"226":{"desc":"L1P"},"228":{"t":"SR20"},"229":{"t":"V10"},"22C":{"desc":"H1P"},"22D":{"t":"C210"},"22E":{"t":"LJ31"},"22F":{"t":"C182"},"231":{"t":"PA34"},"233":{"t":"PC12"},"234":{"desc":"L1P"},"23B":{"t":"SR20"},"24D":{"t":"C172"},"25A":{"t":"A310"},"260":{"t":"P28A"},"261":{"t":"PC12"},"263":{"t":"DA40"},"26A":{"t":"P28B"},"26B":{"t":"E545"},"26E":{"t":"C310"},"270":{"desc":"L2P"},"277":{"t":"BE40"},"282":{"t":"SR22"},"295":{"t":"P46T"},"299":{"desc":"H4E"},"2A0":{"t":"BE20"},"2A3":{"t":"SR22"},"2A4":{"desc":"H1P"},"2A6":{"desc":"L1P"},"2A7":{"desc":"A1P"},"2B2":{"desc":"L1P"},"2B9":{"desc":"L1P"},"2BC":{"t":"C525"},"2C5":{"t":"M7"},"2CE":{"t":"C550"},"2D3":{"t":"B763"},"2D5":{"t":"B190"},"2E3":{"t":"J3"},"2EB":{"desc":"L1P"},"2EC":{"desc":"L1T","t":"M600"},"2ED":{"t":"C182"},"2EE":{"t":"B744"},"2EF":{"t":"AS50"},"2F4":{"t":"RV12"},"2F6":{"t":"SR22"},"304":{"desc":"L1P"},"305":{"desc":"H1T"},"30A":{"t":"L8"},"315":{"t":"J3"},"318":{"t":"MD83"},"31D":{"t":"BE36"},"31E":{"t":"P28A"},"320":{"t":"C185"},"325":{"t":"B407"},"32A":{"t":"ULAC"},"32B":{"t":"CL60"},"32D":{"t":"C82R"},"347":{"t":"E55P"},"34F":{"t":"BALL"},"350":{"desc":"L1P","t":"ULAC"},"352":{"t":"ST75"},"355":{"t":"RV8"},"35A":{"desc":"L1P"},"35F":{"t":"C550"},"360":{"t":"SF50"},"361":{"desc":"L1P"},"363":{"desc":"L1P"},"364":{"t":"BE58"},"365":{"t":"BALL"},"366":{"t":"GLF5"},"368":{"desc":"L1P"},"369":{"t":"C182"},"36B":{"desc":"L1P","t":"ULAC"},"36F":{"t":"GLF5"},"371":{"t":"S22T"},"373":{"desc":"L1P"},"376":{"t":"U21"},"378":{"t":"SR22"},"37A":{"desc":"L1P"},"37C":{"t":"B06"},"37D":{"t":"CRJ2"},"381":{"t":"PC12"},"383":{"t":"FA62"},"387":{"t":"R44"},"38A":{"t":"P28A"},"38D":{"t":"BE40"},"391":{"t":"C340"},"396":{"desc":"L1P"},"397":{"desc":"L1P"},"398":{"t":"AS50"},"39A":{"t":"P208"},"39B":{"t":"A320"},"3A8":{"t":"B752"},"3AB":{"t":"B734"},"3B3":{"desc":"L1P"},"3CC":{"desc":"L1P"},"3CD":{"t":"WW24"},"3D6":{"desc":"L1P"},"3D7":{"t":"C150"},"3D9":{"t":"B737"},"3DC":{"t":"C182"},"3DD":{"t":"BE58"},"3E5":{"t":"M5"},"414":{"t":"E75L"},"417":{"desc":"L1P"},"430":{"t":"MITE"},"431":{"t":"P46T"},"433":{"desc":"L1P"},"435":{"t":"AR11"},"436":{"t":"B06"},"437":{"desc":"L1P"},"439":{"t":"P28A"},"43A":{"t":"NAVI"},"43B":{"t":"C172"},"43C":{"t":"PA12"},"441":{"t":"BE35"},"443":{"t":"C150"},"445":{"t":"P28A"},"446":{"t":"LARK"},"448":{"t":"PA18"},"449":{"t":"CH7A"},"44A":{"t":"CH7B"},"44B":{"t":"CH7B"},"44C":{"t":"CH7B"},"44D":{"t":"CH7B"},"44E":{"t":"CH7A"},"44F":{"t":"ST75"},"450":{"t":"CH7B"},"451":{"t":"CH7B"},"452":{"t":"CH7B"},"453":{"t":"MITE"},"454":{"desc":"L1P"},"455":{"t":"BL17"},"456":{"t":"S108"},"457":{"t":"P32R"},"458":{"t":"AR11"},"45B":{"t":"PA15"},"45F":{"t":"P28A"},"460":{"t":"C120"},"462":{"t":"C310"},"464":{"t":"BE36"},"465":{"t":"C320"},"468":{"t":"PA32"},"469":{"t":"R44"},"46A":{"t":"CH7A"},"46B":{"t":"PA18"},"46D":{"t":"CH7B"},"46F":{"t":"CH7B"},"471":{"desc":"L1P"},"472":{"t":"CH7B"},"474":{"desc":"L1P"},"475":{"t":"BL8"},"477":{"t":"P32R"},"479":{"t":"CJ6"},"47A":{"t":"P28A"},"47B":{"t":"AR11"},"47C":{"t":"C172"},"47D":{"desc":"L1T"},"47E":{"t":"M20P"},"47F":{"t":"P28A"},"481":{"t":"P28A"},"482":{"t":"PA12"},"483":{"t":"P28A"},"486":{"t":"PA32"},"487":{"t":"BE36"},"488":{"t":"C172"},"48A":{"t":"C170"},"48B":{"t":"PA32"},"48D":{"t":"CH7B"},"48E":{"t":"PA18"},"48F":{"t":"CH7A"},"490":{"t":"CH7A"},"491":{"t":"CH7B"},"495":{"desc":"L1P"},"496":{"t":"PA46"},"49C":{"t":"C82R"},"49D":{"t":"P32R"},"49E":{"t":"CJ6"},"49F":{"t":"C172"},"4A0":{"t":"BALL"},"4A1":{"t":"PA15"},"4A3":{"t":"NAVI"},"4A6":{"t":"C182"},"4A8":{"t":"C310"},"4AE":{"t":"P32R"},"4AF":{"desc":"L1T","t":"SS2P"},"4B1":{"t":"PA18"},"4BA":{"t":"P32R"},"4BE":{"t":"BL17"},"4BF":{"t":"S108"},"4C2":{"t":"C172"},"4C3":{"t":"CJ6"},"4C4":{"t":"PA15"},"4C5":{"t":"P28A"},"4C7":{"t":"C172"},"4C8":{"t":"P28R"},"4CB":{"t":"C310"},"4CC":{"t":"PA32"},"4CD":{"t":"CJ6"},"4CE":{"t":"P28A"},"4CF":{"t":"C150"},"4D0":{"t":"P28A"},"4D1":{"t":"CJ6"},"4D2":{"t":"P32R"},"4D4":{"t":"PA18"},"4D7":{"t":"R44"},"4D9":{"t":"G164"},"4DC":{"t":"P32R"},"4DD":{"desc":"H1P"},"4DE":{"t":"PA34"},"4E2":{"t":"C170"},"4E4":{"t":"AR11"},"4E6":{"desc":"L1P"},"4E7":{"t":"PA15"},"4E8":{"t":"P28A"},"4E9":{"t":"NAVI"},"4EA":{"t":"P46T"},"4EB":{"t":"C185"},"4EC":{"t":"C140"},"4F0":{"t":"BE33"},"4F1":{"desc":"G1P"},"4F2":{"t":"C150"},"4F3":{"t":"C170"},"4F4":{"t":"P28A"},"4F5":{"t":"P32R"},"4F7":{"t":"PA18"},"4F8":{"t":"AT5T"},"4F9":{"desc":"L1P"},"4FC":{"t":"AT5T"},"4FE":{"desc":"H1P"},"500":{"t":"P28A"},"501":{"t":"P28A"},"502":{"t":"MITE"},"509":{"t":"S108"},"50A":{"t":"PA15"},"50B":{"desc":"A1P"},"50C":{"t":"NAVI"},"50D":{"t":"C172"},"50F":{"t":"P28A"},"513":{"t":"BE55"},"514":{"t":"C320"},"516":{"t":"C170"},"519":{"t":"R44"},"51A":{"t":"PA18"},"51D":{"t":"P32R"},"521":{"t":"P32R"},"522":{"t":"P28A"},"524":{"t":"P28A"},"526":{"t":"P32R"},"529":{"t":"P32R"},"52D":{"t":"P32R"},"52E":{"t":"P28A"},"52F":{"t":"NAVI"},"534":{"t":"P32R"},"535":{"t":"PA32"},"536":{"t":"BE35"},"538":{"t":"P28A"},"53C":{"t":"BL8"},"53D":{"t":"PA18"},"53E":{"desc":"L1P"},"540":{"t":"P28A"},"542":{"t":"PA46"},"544":{"t":"BALL"},"548":{"t":"MITE"},"549":{"t":"PA46"},"54C":{"t":"PA46"},"54E":{"t":"C172"},"550":{"t":"P32R"},"551":{"desc":"L1P"},"552":{"t":"NAVI"},"553":{"t":"C172"},"554":{"t":"PA12"},"555":{"t":"C140"},"556":{"t":"PA23"},"559":{"t":"BE58"},"55A":{"t":"P28A"},"55B":{"t":"C150"},"55C":{"t":"C170"},"55F":{"t":"C185"},"560":{"t":"PA18"},"561":{"t":"P28A"},"563":{"t":"P28A"},"569":{"t":"P28A"},"56A":{"t":"ERCO"},"56B":{"t":"MITE"},"56C":{"t":"PA32"},"56D":{"desc":"L2P"},"56E":{"t":"PA46"},"570":{"t":"AR11"},"571":{"t":"C172"},"573":{"t":"PA15"},"577":{"t":"PA12"},"57B":{"t":"PA32"},"57C":{"t":"BE36"},"57D":{"t":"C320"},"57E":{"t":"DA40"},"582":{"t":"CH7A"},"58A":{"t":"P28A"},"58B":{"t":"P28A"},"58C":{"desc":"L1P"},"58F":{"t":"C170"},"592":{"t":"BL8"},"594":{"t":"EC20"},"595":{"t":"ULAC"},"598":{"t":"RV12"},"59A":{"t":"PA38"},"59B":{"t":"DA40"},"59C":{"desc":"L2J","t":"A21N"},"5A0":{"t":"B739"},"5A1":{"t":"GLID"},"5A3":{"t":"CRJ2"},"5A4":{"t":"CRJ2"},"5A7":{"t":"B763"},"5A9":{"t":"GLID"},"5AA":{"desc":"L1P"},"5AB":{"t":"AEST"},"5AD":{"t":"C182"},"5B2":{"desc":"L1P"},"5B3":{"t":"DA40"},"5B4":{"desc":"L1P"},"5B8":{"t":"PRM1"},"5BA":{"desc":"A2T"},"5C3":{"t":"BE55"},"5C4":{"t":"P28B"},"5C5":{"t":"SR22"},"5C6":{"t":"C25C"},"5C7":{"t":"B407"},"5CC":{"t":"SF34"},"5CF":{"t":"C172"},"5D2":{"t":"C182"},"5D3":{"t":"SF50"},"5DA":{"desc":"L1P"},"5DC":{"t":"HDJT"},"5E2":{"t":"B06"},"5E6":{"t":"BL8"},"5EB":{"t":"BL8"},"5F3":{"t":"BE35"},"601":{"t":"C172"},"603":{"t":"C172"},"60C":{"desc":"L1P"},"611":{"t":"A310"},"612":{"t":"AT8T"},"61D":{"t":"SSAB"},"621":{"desc":"L2P"},"622":{"t":"E545"},"625":{"t":"P28A"},"627":{"t":"C140"},"628":{"desc":"A1P"},"630":{"desc":"L1P"},"63F":{"t":"R44"},"641":{"t":"PA34"},"644":{"t":"B350"},"658":{"t":"C182"},"65A":{"desc":"A1P"},"65D":{"desc":"L1P"},"65F":{"desc":"L1P"},"663":{"desc":"A1P","t":"ULAC"},"664":{"desc":"L1P"},"667":{"t":"BL8"},"668":{"t":"DA40"},"670":{"t":"B350"},"672":{"desc":"L1P"},"674":{"t":"S22T"},"675":{"desc":"L1P"},"681":{"desc":"L1P"},"682":{"desc":"L1P"},"68D":{"desc":"L1P"},"690":{"t":"LJ45"},"692":{"t":"PA32"},"693":{"t":"C172"},"697":{"t":"E35L"},"6A5":{"t":"B744"},"6A9":{"desc":"L1P"},"6AC":{"t":"ASTR"},"6AE":{"t":"PA46"},"6AF":{"t":"BE20"},"6BC":{"t":"UH1"},"6CF":{"t":"MD83"},"6D4":{"t":"B407"},"6D5":{"t":"P28A"},"6DC":{"t":"PA32"},"6DD":{"t":"E55P"},"6DF":{"desc":"L1P"},"6FE":{"t":"E55P"},"706":{"desc":"L1P"},"707":{"desc":"L1P","t":"ULAC"},"718":{"t":"P32T"},"71A":{"desc":"L1P"},"71F":{"desc":"L1P"},"720":{"t":"BL8"},"721":{"t":"P28B"},"722":{"t":"C441"},"723":{"desc":"L1P","t":"ULAC"},"725":{"t":"C172"},"729":{"desc":"L1P"},"72F":{"t":"SR20"},"731":{"t":"SR22"},"734":{"t":"PA32"},"738":{"t":"BE33"},"73D":{"t":"M20P"},"73E":{"t":"BE36"},"743":{"desc":"L1P","t":"ULAC"},"744":{"t":"BE40"},"745":{"t":"ULAC"},"748":{"t":"BE33"},"74A":{"t":"C340"},"74D":{"t":"AT6T"},"752":{"t":"A320"},"75F":{"t":"B752"},"77C":{"t":"S22T"},"783":{"t":"P28A"},"785":{"t":"BALL"},"786":{"t":"ASTR"},"78E":{"desc":"H2T"},"78F":{"t":"S22T"},"790":{"t":"B737"},"79C":{"t":"M5"},"79D":{"t":"RV12"},"7B7":{"desc":"L1P"},"7CB":{"t":"E75L"},"7EC":{"t":"P32R"},"7ED":{"t":"C172"},"7F1":{"t":"NAVI"},"7F2":{"t":"C172"},"7F3":{"t":"TNAV"},"7F5":{"t":"C172"},"7F8":{"t":"BE55"},"7FB":{"t":"C172"},"7FC":{"t":"PA46"},"7FF":{"t":"PA18"},"800":{"desc":"L1P"},"801":{"t":"P28A"},"803":{"t":"P28R"},"804":{"t":"P28A"},"805":{"t":"P28A"},"809":{"t":"UH1"},"810":{"t":"C172"},"812":{"desc":"A1P"},"813":{"t":"P28A"},"814":{"t":"NAVI"},"816":{"t":"DA40"},"818":{"t":"PA23"},"81B":{"t":"BE55"},"81C":{"t":"H500"},"81F":{"t":"PA32"},"821":{"desc":"L1P"},"824":{"t":"P28R"},"825":{"t":"C172"},"826":{"t":"L8"},"827":{"desc":"L1P"},"82A":{"t":"L8"},"82E":{"t":"BE35"},"830":{"t":"DV20"},"833":{"t":"C172"},"835":{"t":"M20P"},"839":{"t":"BALL"},"83E":{"t":"BE35"},"841":{"t":"C170"},"842":{"t":"PA32"},"843":{"t":"LARK"},"844":{"t":"CH7B"},"845":{"t":"PA18"},"846":{"t":"L8"},"847":{"t":"L8"},"848":{"t":"L8"},"84A":{"t":"P28A"},"84D":{"t":"P28A"},"851":{"t":"BALL"},"858":{"t":"BALL"},"85A":{"t":"NAVI"},"85B":{"t":"C172"},"85E":{"t":"BALL"},"860":{"t":"C172"},"865":{"t":"PA32"},"867":{"t":"C182"},"86B":{"t":"L8"},"86C":{"t":"L8"},"870":{"t":"P28A"},"876":{"t":"BALL"},"878":{"t":"BALL"},"87B":{"t":"PA15"},"87D":{"t":"BALL"},"882":{"t":"T206"},"884":{"t":"BE36"},"888":{"t":"C185"},"88C":{"t":"P28R"},"88D":{"t":"PA34"},"890":{"t":"L8"},"891":{"t":"L8"},"893":{"t":"L8"},"895":{"t":"P28A"},"899":{"t":"BALL"},"89A":{"desc":"L1P"},"89B":{"t":"C182"},"89C":{"t":"C172"},"8A2":{"t":"PA12"},"8A6":{"t":"C182"},"8AB":{"t":"PA32"},"8B0":{"t":"L8"},"8B3":{"t":"P28A"},"8B7":{"t":"L8"},"8BB":{"t":"BALL"},"8BD":{"t":"C182"},"8BF":{"t":"C172"},"8C0":{"t":"C182"},"8C1":{"t":"PA15"},"8C3":{"t":"AT6T"},"8C7":{"t":"PA23"},"8C8":{"t":"C310"},"8CF":{"desc":"L1T","t":"SS2P"},"8D1":{"desc":"H2T"},"8D2":{"t":"PA34"},"8D3":{"t":"L8"},"8D5":{"t":"P28A"},"8D7":{"t":"L8"},"8D8":{"t":"P28A"},"8D9":{"t":"P28A"},"8DB":{"t":"P28A"},"8DF":{"t":"C414"},"8E0":{"t":"DA42"},"8E2":{"t":"C172"},"8E4":{"t":"PA15"},"8E6":{"t":"NAVI"},"8E9":{"t":"BALL"},"8EB":{"t":"C182"},"8EC":{"desc":"H3P"},"8ED":{"t":"BE35"},"8F0":{"t":"C170"},"8F2":{"t":"C182"},"8F8":{"t":"P28A"},"8FC":{"t":"P28A"},"8FD":{"t":"P28A"},"901":{"t":"PA23"},"902":{"t":"BALL"},"904":{"t":"BALL"},"905":{"t":"P28A"},"906":{"desc":"L1P"},"907":{"desc":"L1P"},"90C":{"t":"C140"},"90F":{"t":"M7"},"912":{"t":"C150"},"916":{"t":"BL8"},"917":{"t":"PA18"},"918":{"t":"P28A"},"91A":{"t":"BALL"},"91B":{"t":"P28A"},"91C":{"desc":"L1P"},"91D":{"t":"P28A"},"920":{"desc":"A2P"},"921":{"t":"P28A"},"923":{"t":"PA18"},"925":{"desc":"L2T"},"928":{"t":"C172"},"92A":{"t":"M20P"},"92B":{"t":"P28A"},"92D":{"t":"C172"},"92E":{"t":"DV20"},"934":{"t":"C182"},"935":{"t":"C150"},"938":{"desc":"L1P"},"939":{"t":"CH7A"},"93A":{"t":"PA18"},"93B":{"desc":"A2P"},"93C":{"t":"AT5T"},"93D":{"t":"P28A"},"93E":{"desc":"A2P"},"940":{"t":"P28A"},"942":{"t":"P28R"},"944":{"desc":"A2P"},"947":{"t":"C402"},"948":{"t":"BE35"},"94C":{"t":"MU2"},"94D":{"t":"P28B"},"94E":{"desc":"L1P"},"950":{"t":"HUSK"},"951":{"t":"C525"},"952":{"t":"BT36"},"954":{"t":"C172"},"956":{"t":"AA5"},"957":{"desc":"L2J"},"958":{"t":"ULAC"},"959":{"t":"BE33"},"95A":{"t":"C182"},"95B":{"t":"C425"},"95C":{"desc":"L2T"},"95F":{"desc":"L1P"},"960":{"t":"BE36"},"962":{"t":"C421"},"963":{"t":"PA46"},"964":{"t":"SR22"},"965":{"desc":"L1P"},"966":{"t":"P46T"},"967":{"t":"C182"},"968":{"t":"C421"},"96A":{"desc":"L1P"},"96C":{"desc":"L1P"},"96D":{"desc":"L1P"},"970":{"desc":"L1P"},"971":{"desc":"L1P"},"972":{"desc":"L1P"},"975":{"desc":"L1P"},"976":{"desc":"L1P"},"978":{"t":"BE18"},"979":{"t":"GLID"},"97B":{"desc":"L1P"},"97C":{"desc":"L1P"},"97D":{"t":"GLID"},"97F":{"t":"GLID"},"980":{"desc":"L1P"},"981":{"t":"PA32"},"983":{"t":"YK55"},"986":{"t":"M20P"},"989":{"desc":"L1P"},"98A":{"t":"ST75"},"98B":{"desc":"H2T"},"98C":{"t":"PAY2"},"98D":{"t":"P210"},"98E":{"t":"PA32"},"990":{"desc":"L1P"},"991":{"t":"BE18"},"993":{"t":"ST75"},"994":{"t":"SBR1"},"995":{"t":"PA31"},"996":{"desc":"L1P"},"997":{"desc":"L1P","t":"ULAC"},"998":{"desc":"L1P"},"99A":{"t":"GLID"},"99B":{"desc":"L1P"},"99C":{"desc":"L1P"},"99D":{"t":"GLID"},"9A0":{"desc":"L1P"},"9A1":{"desc":"L1P"},"9A2":{"desc":"L1P"},"9A3":{"t":"SR22"},"9A6":{"t":"ULAC"},"9A8":{"desc":"L1P"},"9AA":{"t":"BE30"},"9AB":{"t":"AT3T"},"9AC":{"t":"P32T"},"9AD":{"t":"ERCO"},"9AF":{"t":"CL60"},"9B0":{"desc":"L1P"},"9B3":{"t":"GLID"},"9B4":{"desc":"L1P"},"9B5":{"t":"PRM1"},"9B6":{"t":"C182"},"9BA":{"t":"C150"},"9BB":{"t":"S22T"},"9BF":{"t":"GLID"},"9C0":{"desc":"L1P"},"9C2":{"desc":"L1P"},"9C3":{"t":"B06"},"9C4":{"t":"M20T"},"9C6":{"t":"BE20"},"9CD":{"desc":"L1P"},"9CE":{"t":"GLF3"},"9CF":{"desc":"L1P"},"9D2":{"t":"BE58"},"9D3":{"t":"GLID"},"9D5":{"t":"R44"},"9D6":{"t":"TAYB"},"9D7":{"t":"ST75"},"9D8":{"t":"PAY3"},"9DA":{"desc":"L1P"},"9DC":{"t":"FA10"},"9DD":{"t":"R44"},"9DE":{"t":"P337"},"9DF":{"desc":"L1P"},"9E2":{"desc":"L1P"},"9E3":{"desc":"L1T"},"9E4":{"t":"EC20"},"9E5":{"t":"CL30"},"9E6":{"t":"T6"},"9E7":{"desc":"A2P"},"9E8":{"desc":"L1P"},"9ED":{"desc":"L1P"},"9EE":{"desc":"L1P"},"9F0":{"t":"C82R"},"9F2":{"desc":"L1T"},"9F5":{"desc":"L1P"},"9F6":{"desc":"A1P"},"9F8":{"desc":"L1P"},"9F9":{"t":"PA31"},"9FB":{"t":"BE55"},"9FC":{"t":"ULAC"},"9FD":{"t":"PA34"},"9FE":{"desc":"L1P"},"A00":{"desc":"L1P"},"A01":{"t":"C421"},"A03":{"t":"AEST"},"A05":{"desc":"L1P"},"A07":{"t":"PA31"},"A0C":{"t":"HUSK"},"A0E":{"t":"BE20"},"A10":{"t":"B06"},"A11":{"desc":"L1P"},"A12":{"t":"M20T"},"A13":{"desc":"H1T"},"A14":{"desc":"L1P"},"A17":{"t":"H25B"},"A1A":{"t":"T6"},"A1E":{"desc":"L1P"},"A1F":{"t":"GLID"},"A20":{"desc":"L1P"},"A22":{"t":"BE33"},"A23":{"t":"BE55"},"A27":{"t":"C140"},"A28":{"t":"P28A"},"A2A":{"t":"C182"},"A2B":{"desc":"L1P"},"A2D":{"desc":"L1P"},"A37":{"t":"P28A"},"A38":{"desc":"L1P"},"A3C":{"t":"BE58"},"A3D":{"t":"BALL"},"A42":{"t":"BE35"},"A44":{"desc":"L1P"},"A45":{"desc":"L1P"},"A48":{"desc":"L1T","t":"BT36"},"A4A":{"t":"R66"},"A4B":{"t":"C172"},"A4C":{"desc":"L1P"},"A50":{"t":"DA42"},"A51":{"t":"GLID"},"A53":{"desc":"L1E"},"A5A":{"desc":"L1P"},"A5C":{"t":"B06"},"A5D":{"t":"M20P"},"A5E":{"t":"GLID"},"A60":{"t":"C402"},"A61":{"t":"PA31"},"A63":{"desc":"L1P"},"A64":{"t":"C421"},"A65":{"t":"BE33"},"A67":{"t":"M20P"},"A69":{"desc":"L1P"},"A6A":{"t":"AC50"},"A6C":{"desc":"H4P"},"A6D":{"t":"DA42"},"A6E":{"t":"C414"},"A73":{"t":"FA50"},"A75":{"t":"C402"},"A77":{"t":"H269"},"A78":{"t":"H25B"},"A7E":{"desc":"H2T"},"A80":{"t":"PC12"},"A83":{"t":"GLID"},"A84":{"desc":"L1P"},"A89":{"t":"B429"},"A8B":{"t":"BE55"},"A8C":{"t":"ULAC"},"A8D":{"t":"PA23"},"A8E":{"t":"BE9L"},"A8F":{"desc":"L1P"},"A90":{"desc":"L1P"},"A92":{"t":"P28S"},"A93":{"t":"C550"},"A94":{"t":"M20T"},"A95":{"t":"E300"},"A96":{"desc":"H1T"},"A97":{"t":"PA30"},"A98":{"t":"PC12"},"A9C":{"desc":"L1P"},"A9D":{"t":"ST75"},"A9F":{"desc":"L1P"},"AA0":{"t":"ST75"},"AA3":{"desc":"L1P"},"AA4":{"desc":"L1P"},"AAC":{"desc":"H4E"},"AC0":{"t":"PA31"},"AC1":{"t":"GLID"},"AC2":{"desc":"L1P"},"AC3":{"desc":"L4T"},"AC4":{"t":"P32T"},"AC5":{"t":"C182"},"AC6":{"desc":"L1P"},"AC8":{"t":"C172"},"AC9":{"t":"GLID"},"ACB":{"desc":"L1P"},"ACD":{"t":"BE76"},"ACF":{"t":"P32R"},"AD4":{"desc":"L1P"},"AD6":{"t":"ST75"},"AD8":{"desc":"L1P"},"AD9":{"t":"PRM1"},"ADA":{"t":"H500"},"ADB":{"t":"HDJT"},"ADC":{"desc":"L1P"},"ADD":{"t":"C414"},"ADF":{"desc":"L1P"},"AE0":{"desc":"A1P"},"AE1":{"t":"B06"},"AE2":{"t":"BE58"},"AE4":{"t":"P28A"},"AE6":{"desc":"A1P","t":"ULAC"},"AE7":{"t":"C310"},"AE8":{"t":"F2TH"},"AE9":{"desc":"L1P"},"AEA":{"desc":"A1P"},"AEF":{"t":"DA42"},"AF1":{"t":"BE58"},"AF2":{"t":"GLID"},"AF3":{"desc":"L1P"},"AF4":{"t":"BE58"},"AF5":{"desc":"L1P"},"AF7":{"t":"J3"},"AF8":{"t":"SR22"},"AFB":{"desc":"L1P"},"AFD":{"t":"PA30"},"B01":{"t":"PA31"},"B03":{"t":"M20P"},"B05":{"t":"S22T"},"B06":{"desc":"L1P"},"B07":{"desc":"L1P"},"B12":{"t":"BALL"},"B14":{"t":"BALL"},"B16":{"t":"ULAC"},"B22":{"t":"PA25"},"B23":{"t":"R44"},"B27":{"desc":"L1P"},"B2D":{"desc":"L1P"},"B2E":{"t":"DA40"},"B2F":{"t":"C25C"},"B31":{"t":"SR20"},"B34":{"t":"SR20"},"B35":{"t":"C72R"},"B39":{"desc":"L1P"},"B3C":{"t":"P210"},"B3D":{"t":"R22"},"B3E":{"t":"C182"},"B40":{"desc":"L1P"},"B41":{"t":"C182"},"B42":{"t":"AEST"},"B43":{"t":"FA20"},"B44":{"t":"BE35"},"B46":{"desc":"L1P"},"B48":{"t":"PA31"},"B4B":{"t":"C310"},"B4E":{"desc":"L1P"},"B50":{"desc":"L1P"},"B51":{"t":"HUSK"},"B52":{"t":"C510"},"B53":{"t":"BE35"},"B58":{"t":"GLID"},"B59":{"desc":"L1P"},"B5A":{"desc":"G1P"},"B5F":{"desc":"L1P"},"B61":{"desc":"L1P"},"B63":{"desc":"L1P"},"B65":{"desc":"L1P"},"B69":{"desc":"L1P"},"B6F":{"t":"PA31"},"B76":{"t":"YAK3"},"B84":{"t":"C421"},"B85":{"t":"BE20"},"B86":{"t":"BALL"},"B87":{"t":"S22T"},"B88":{"t":"PAY3"},"B9D":{"t":"AC50"},"BA0":{"t":"SR20"},"BA1":{"desc":"L1P","t":"ULAC"},"BA2":{"desc":"L2P"},"BA4":{"t":"B06"},"BA6":{"t":"GLEX"},"BA7":{"desc":"L2J"},"BA8":{"t":"CL60"},"BAB":{"t":"DA40"},"BAC":{"desc":"L2J","t":"A21N"},"BAF":{"t":"P32R"},"BB0":{"t":"BE60"},"BB1":{"t":"H500"},"BB4":{"t":"CRJ2"},"BB7":{"t":"HDJT"},"BB8":{"t":"BE35"},"BB9":{"t":"GLID"},"BBA":{"t":"BALL"},"BBC":{"t":"BE40"},"BC1":{"desc":"L1P"},"BC2":{"desc":"L1P"},"BC3":{"t":"SR22"},"BC6":{"t":"M7T"},"BC8":{"t":"HDJT"},"BCA":{"t":"HDJT"},"BCD":{"t":"BE36"},"BD5":{"t":"M7"},"BD9":{"t":"C25B"},"BDA":{"t":"PC12"},"BDC":{"t":"FA50"},"BDD":{"t":"C525"},"BDF":{"t":"SR20"},"BE1":{"t":"C25A"},"BE2":{"t":"C182"},"BE6":{"desc":"L1P"},"BE7":{"t":"C25A"},"BEA":{"t":"GLID"},"BEC":{"t":"C441"},"BED":{"desc":"L1P"},"BEE":{"t":"HDJT"},"BF1":{"t":"PC12"},"BF2":{"t":"R66"},"BF5":{"t":"C56X"},"BF6":{"desc":"L1P","t":"ULAC"},"BFB":{"t":"DA40"},"BFC":{"t":"HDJT"},"BFF":{"t":"PC12"},"C02":{"t":"C208"},"C03":{"t":"BE17"},"C04":{"t":"HDJT"},"C0A":{"t":"C421"},"C0B":{"t":"C25A"},"C0F":{"t":"BE20"},"C13":{"t":"C172"},"C17":{"desc":"H4E"},"C19":{"t":"HDJT"},"C1C":{"desc":"L1P"},"C1D":{"t":"HDJT"},"C1F":{"t":"C303"},"C22":{"t":"HDJT"},"C23":{"t":"HDJT"},"C27":{"t":"BE40"},"C28":{"desc":"L2J"},"C2A":{"t":"DA40"},"C2E":{"t":"HDJT"},"C31":{"t":"C182"},"C32":{"t":"E545"},"C36":{"t":"B407"},"C37":{"desc":"L1P"},"C38":{"desc":"H1T"},"C40":{"desc":"L1P"},"C41":{"t":"ULAC"},"C42":{"desc":"L1P"},"C43":{"desc":"L1P"},"C4A":{"t":"SR22"},"C4B":{"t":"PC12"},"C50":{"t":"HDJT"},"C51":{"desc":"L1P"},"C57":{"desc":"L2J"},"C5A":{"desc":"L2J"},"C5C":{"t":"C182"},"C5D":{"t":"HDJT"},"C5E":{"t":"HDJT"},"C68":{"t":"AS50"},"C69":{"t":"SR20"},"C6B":{"t":"BE60"},"C6F":{"t":"BE33"},"C77":{"desc":"L1P"},"C80":{"desc":"L1P"},"C81":{"t":"HDJT"},"C82":{"t":"M5"},"C83":{"t":"C510"},"C88":{"t":"C550"},"C8C":{"t":"C750"},"C8E":{"desc":"L1P","t":"ULAC"},"C91":{"desc":"A1P"},"C92":{"t":"H500"},"C94":{"t":"LJ60"},"C95":{"t":"P68"},"C97":{"t":"HDJT"},"C9A":{"t":"B763"},"C9B":{"t":"BALL"},"C9D":{"t":"HDJT"},"C9E":{"t":"EN48"},"CA1":{"t":"HDJT"},"CA3":{"desc":"L1P"},"CA5":{"t":"F2TH"},"CA7":{"desc":"L1P"},"CAD":{"desc":"L1P"},"CAE":{"t":"AC90"},"CB3":{"t":"C425"},"CB7":{"t":"HDJT"},"CC0":{"t":"CL30"},"CC3":{"desc":"L1P","t":"ULAC"},"CC8":{"t":"HDJT"},"CCB":{"desc":"L1P"},"CCC":{"t":"UH1"},"CCE":{"desc":"L2J"},"CD2":{"t":"DA40"},"CD4":{"t":"HDJT"},"CDF":{"t":"MD83"},"CE0":{"t":"HDJT"},"CE4":{"desc":"L1P"},"CE5":{"desc":"H6E"},"CE6":{"t":"SR20"},"CE7":{"t":"C501"},"CE8":{"t":"F900"},"CEB":{"desc":"L1P"},"CEC":{"t":"B407"},"CF2":{"t":"HDJT"},"CF4":{"desc":"L1P"},"CF6":{"desc":"L1P","t":"ULAC"},"CF9":{"desc":"L1P"},"CFA":{"desc":"H4E"},"CFB":{"t":"P46T"},"CFD":{"desc":"A1T","t":"KODI"},"D0A":{"desc":"L1P"},"D0E":{"t":"E55P"},"D16":{"t":"C82T"},"D18":{"t":"CJ6"},"D1A":{"desc":"H1P"},"D1F":{"desc":"L1P"},"D20":{"t":"T6"},"D21":{"t":"B06"},"D22":{"t":"P28A"},"D24":{"t":"HDJT"},"D27":{"desc":"L1P"},"D2A":{"desc":"L1P"},"D2B":{"desc":"L1P"},"D2F":{"desc":"L2P"},"D30":{"t":"AT3T"},"D33":{"t":"S22T"},"D34":{"t":"SR22"},"D39":{"t":"CL60"},"D3D":{"t":"C172"},"D3F":{"t":"SR20"},"D41":{"t":"HDJT"},"D43":{"desc":"L1P"},"D45":{"desc":"H1T"},"D48":{"desc":"L1P"},"D49":{"t":"BE20"},"D4A":{"desc":"L1P"},"D4C":{"desc":"L1P"},"D51":{"t":"E55P"},"D5A":{"t":"HDJT"},"D5E":{"t":"HDJT"},"D61":{"t":"C172"},"D62":{"t":"A320"},"D69":{"t":"PC12"},"D6F":{"t":"B752"},"D72":{"t":"B734"},"D73":{"t":"HDJT"},"D7A":{"desc":"L1P"},"D80":{"t":"HDJT"},"D81":{"desc":"L1P"},"D8A":{"desc":"L1P","t":"ULAC"},"D94":{"t":"C182"},"D96":{"t":"H500"},"D97":{"desc":"L1P","t":"ULAC"},"D98":{"t":"C421"},"D99":{"t":"BE40"},"D9F":{"desc":"L1P"},"DA0":{"t":"B737"},"DA1":{"t":"M7T"},"DA5":{"t":"C240"},"DA8":{"t":"PA31"},"DAC":{"desc":"H4E"},"DB1":{"t":"HDJT"},"DBA":{"desc":"L1P"},"DC2":{"t":"HDJT"},"DC6":{"desc":"L1P"},"DD3":{"desc":"H1P"},"DDB":{"t":"E75L"},"DE0":{"t":"BE36"},"DF7":{"desc":"A1P"},"DF9":{"t":"P28A"},"DFA":{"t":"C421"},"DFB":{"t":"BE35"},"DFD":{"t":"C172"},"DFE":{"desc":"L1P"},"DFF":{"t":"PA14"},"E01":{"t":"C560"},"E02":{"t":"C172"},"E03":{"t":"PA12"},"E06":{"desc":"H1P"},"E07":{"t":"BALL"},"E08":{"t":"AT5T"},"E0A":{"t":"C150"},"E0C":{"t":"PA11"},"E0D":{"t":"LARK"},"E0E":{"t":"CH7B"},"E0F":{"t":"BALL"},"E12":{"t":"C182"},"E14":{"t":"C182"},"E16":{"t":"C182"},"E17":{"t":"C172"},"E19":{"t":"J3"},"E1C":{"t":"BL17"},"E1D":{"t":"C414"},"E1E":{"t":"BE35"},"E20":{"desc":"L1P"},"E22":{"t":"PA14"},"E23":{"t":"P28A"},"E24":{"t":"NAVI"},"E25":{"t":"M20P"},"E27":{"t":"C120"},"E29":{"t":"C172"},"E2A":{"t":"PA32"},"E2B":{"desc":"H1P"},"E2D":{"t":"M20P"},"E2E":{"t":"M20P"},"E30":{"t":"LARK"},"E32":{"t":"PA18"},"E33":{"t":"J3"},"E35":{"t":"J3"},"E36":{"desc":"L1P"},"E39":{"t":"C182"},"E3C":{"t":"J3"},"E41":{"desc":"L1P"},"E43":{"desc":"L1P"},"E46":{"t":"P28A"},"E47":{"t":"NAVI"},"E48":{"t":"C172"},"E4B":{"t":"PA23"},"E4C":{"t":"C172"},"E4E":{"t":"BALL"},"E4F":{"t":"P28A"},"E50":{"t":"C150"},"E53":{"t":"LARK"},"E54":{"t":"CH7B"},"E55":{"t":"PA18"},"E56":{"t":"C182"},"E58":{"t":"AT6T"},"E59":{"t":"J3"},"E5A":{"t":"C172"},"E5B":{"t":"C180"},"E5C":{"t":"C180"},"E5D":{"t":"C182"},"E5F":{"t":"J3"},"E61":{"t":"BE58"},"E63":{"t":"PA12"},"E66":{"t":"C172"},"E68":{"t":"PA14"},"E6C":{"t":"PA12"},"E6D":{"t":"C140"},"E6E":{"t":"C172"},"E6F":{"t":"C172"},"E70":{"t":"PA32"},"E71":{"t":"BE36"},"E73":{"t":"C150"},"E74":{"t":"C170"},"E75":{"t":"AT8T"},"E76":{"t":"R44"},"E78":{"t":"PA18"},"E7B":{"t":"C182"},"E7C":{"t":"C172"},"E7D":{"t":"J3"},"E7E":{"t":"C172"},"E7F":{"t":"C182"},"E82":{"t":"C182"},"E83":{"t":"AS50"},"E85":{"t":"BL17"},"E86":{"t":"GLID"},"E88":{"desc":"S1P","t":"AR11"},"E89":{"t":"C172"},"E8B":{"t":"PA14"},"E8E":{"t":"C172"},"E90":{"t":"BALL"},"E92":{"desc":"L1P","t":"ULAC"},"E93":{"t":"PA32"},"E95":{"t":"P28B"},"E96":{"t":"FA50"},"E98":{"t":"R44"},"E99":{"t":"R44"},"E9A":{"t":"BL8"},"E9B":{"t":"PA18"},"E9D":{"t":"C182"},"E9E":{"t":"C182"},"EA0":{"t":"C182"},"EA1":{"t":"C182"},"EA4":{"t":"J3"},"EA5":{"t":"C182"},"EA8":{"t":"BL17"},"EAB":{"t":"CH7A"},"EAC":{"t":"C172"},"EAE":{"t":"PA14"},"EAF":{"desc":"L1P"},"EB1":{"t":"C172"},"EB3":{"t":"C140"},"EB6":{"t":"PA32"},"EB8":{"t":"P28A"},"EB9":{"t":"C150"},"EBA":{"t":"C170"},"EBC":{"desc":"L1T","t":"SS2P"},"EBD":{"t":"CH7A"},"EBF":{"t":"PA27"},"EC0":{"t":"C180"},"EC1":{"t":"J3"},"EC2":{"t":"C182"},"EC4":{"t":"C180"},"EC7":{"t":"C182"},"ECF":{"t":"C172"},"ED0":{"desc":"L1P"},"ED1":{"t":"PA14"},"ED2":{"t":"P28A"},"ED7":{"desc":"L1T"},"ED8":{"t":"C172"},"ED9":{"t":"PA32"},"EE1":{"t":"B06"},"EE2":{"t":"C182"},"EE3":{"t":"C172"},"EE4":{"t":"C172"},"EE5":{"t":"C182"},"EE6":{"t":"C182"},"EE9":{"t":"C182"},"EEB":{"t":"C182"},"EEC":{"desc":"L2P"},"EF0":{"desc":"L1P"},"EF1":{"t":"PA38"},"EF3":{"t":"P28A"},"EF4":{"t":"PA14"},"EF7":{"t":"C172"},"EF8":{"t":"PA12"},"EF9":{"t":"C320"},"EFE":{"t":"P28A"},"F00":{"t":"C170"},"F01":{"t":"L39"},"F02":{"t":"C337"},"F03":{"t":"CH7B"},"F05":{"t":"J3"},"F06":{"t":"J3"},"F07":{"t":"C182"},"F08":{"t":"J3"},"F09":{"t":"J3"},"F0B":{"t":"PA31"},"F0D":{"t":"C182"},"F0E":{"t":"PA31"},"F13":{"t":"BE35"},"F14":{"t":"CH7A"},"F16":{"t":"C172"},"F17":{"t":"PA14"},"F1A":{"t":"C172"},"F1B":{"t":"PA12"},"F1F":{"t":"PA32"},"F20":{"desc":"L1T"},"F25":{"t":"LARK"},"F26":{"t":"BL8"},"F29":{"t":"J3"},"F2A":{"t":"C182"},"F2B":{"t":"J3"},"F2C":{"t":"C180"},"F2E":{"t":"AT5T"},"F31":{"t":"J3"},"F33":{"desc":"A1P"},"F35":{"t":"BALL"},"F38":{"desc":"L1P","t":"ULAC"},"F39":{"t":"H500"},"F3A":{"t":"PA14"},"F3C":{"t":"AR11"},"F3E":{"t":"PA12"},"F3F":{"t":"C140"},"F40":{"t":"PA23"},"F41":{"t":"C172"},"F42":{"t":"PA32"},"F47":{"desc":"L1P"},"F48":{"t":"LARK"},"F49":{"t":"CH7A"},"F4A":{"t":"PA18"},"F4B":{"t":"J3"},"F4C":{"t":"J3"},"F4D":{"t":"J3"},"F4F":{"t":"C180"},"F50":{"t":"C172"},"F55":{"t":"C421"},"F57":{"t":"C421"},"F59":{"t":"M20P"},"F5D":{"t":"C421"},"F5E":{"t":"C421"},"F5F":{"t":"E50P"},"F61":{"t":"GLEX"},"F63":{"t":"C421"},"F64":{"t":"C421"},"F66":{"t":"C421"},"F67":{"t":"C421"},"F68":{"t":"C421"},"F6B":{"t":"C421"},"F6E":{"t":"C421"},"F72":{"t":"C421"},"F73":{"t":"C421"},"F76":{"t":"GLID"},"F78":{"t":"BE55"},"F7A":{"t":"DA42"},"F7B":{"t":"C421"},"F7C":{"t":"C421"},"F7D":{"t":"C421"},"F7F":{"t":"C421"},"F80":{"desc":"L1P"},"F81":{"desc":"L1P"},"F83":{"t":"C421"},"F88":{"t":"SR22"},"F89":{"t":"AT5T"},"F8A":{"t":"S22T"},"F8C":{"t":"SR22"},"F8E":{"t":"C421"},"F8F":{"t":"C421"},"F91":{"t":"C421"},"F92":{"t":"C421"},"F93":{"t":"C421"},"F96":{"t":"C421"},"F97":{"t":"C421"},"F98":{"t":"C421"},"F99":{"t":"C182"},"F9A":{"t":"C421"},"F9B":{"t":"C421"},"F9D":{"t":"C421"},"F9E":{"t":"C421"},"F9F":{"t":"C421"},"FA0":{"t":"C421"},"FA3":{"t":"C421"},"FA4":{"t":"C421"},"FA5":{"t":"HA4T"},"FA6":{"t":"C421"},"FA7":{"t":"V10"},"FA8":{"t":"C421"},"FA9":{"t":"C421"},"FAB":{"t":"C421"},"FAC":{"t":"P28A"},"FAD":{"t":"C421"},"FAE":{"t":"C421"},"FAF":{"t":"C421"},"FB1":{"t":"C421"},"FB2":{"t":"C421"},"FB6":{"t":"P28U"},"FBA":{"t":"C421"},"FBF":{"t":"C421"},"FC0":{"t":"GLID"},"FC4":{"t":"HDJT"},"FC5":{"t":"C421"},"FC6":{"t":"C421"},"FC9":{"t":"C421"},"FCA":{"t":"C172"},"FCB":{"t":"C421"},"FCF":{"t":"C421"},"FD2":{"t":"C421"},"FD4":{"t":"C421"},"FD5":{"desc":"L1T"},"FD6":{"t":"C421"},"FD8":{"t":"A310"},"FDF":{"t":"C421"},"FE0":{"t":"C421"},"FE1":{"t":"C172"},"FE8":{"t":"C182"},"FE9":{"t":"E545"},"FEB":{"t":"C421"},"FEC":{"t":"C421"},"FEE":{"t":"GLID"},"FEF":{"t":"C421"},"FF1":{"t":"C421"},"FF2":{"t":"C421"},"FF3":{"t":"C421"},"FF4":{"t":"C421"},"FF5":{"t":"C421"},"FF6":{"t":"C421"},"FF7":{"t":"C421"},"FF8":{"t":"C421"},"FF9":{"desc":"L1P"},"FFA":{"t":"C421"},"FFC":{"t":"C421"},"FFD":{"t":"C421"},"FFE":{"t":"C421"}}