{"001":{"t":"C421"},"006":{"t":"C421"},"007":{"t":"DV20"},"009":{"t":"C421"},"00B":{"t":"C421"},"00C":{"t":"C421"},"00D":{"t":"C421"},"00E":{"desc":"L1P"},"00F":{"t":"R22"},"010":{"t":"C421"},"011":{"t":"C421"},"013":{"t":"C421"},"015":{"t":"C421"},"017":{"t":"C421"},"01D":{"t":"C421"},"01F":{"t":"HUSK"},"021":{"t":"C421"},"023":{"t":"C421"},"024":{"t":"C421"},"026":{"t":"C421"},"027":{"t":"C421"},"029":{"t":"C421"},"02A":{"t":"C421"},"02B":{"t":"C421"},"02C":{"t":"C421"},"02E":{"t":"C421"},"02F":{"t":"C421"},"030":{"t":"C421"},"033":{"t":"C421"},"037":{"desc":"L1P"},"038":{"t":"C421"},"03E":{"t":"C421"},"043":{"t":"C421"},"047":{"t":"C82S"},"048":{"t":"C421"},"049":{"t":"C421"},"04E":{"t":"H500"},"050":{"t":"C421"},"051":{"t":"C421"},"055":{"t":"C421"},"056":{"t":"C421"},"057":{"t":"C421"},"058":{"t":"C421"},"059":{"t":"BL8"},"05A":{"t":"C421"},"05B":{"t":"C421"},"05F":{"t":"C421"},"062":{"t":"C56X"},"064":{"t":"B737"},"065":{"t":"C421"},"067":{"t":"C421"},"069":{"t":"E55P"},"06A":{"t":"SW4"},"06B":{"t":"C421"},"06C":{"t":"C421"},"06D":{"t":"C421"},"06E":{"t":"C421"},"070":{"t":"C421"},"072":{"t":"P28A"},"073":{"desc":"L1P"},"074":{"t":"C421"},"077":{"t":"C25B"},"079":{"t":"C421"},"07B":{"t":"BALL"},"07C":{"t":"C421"},"07E":{"t":"C421"},"080":{"t":"C421"},"081":{"t":"C421"},"083":{"t":"C310"},"085":{"t":"UH1"},"088":{"t":"C421"},"089":{"t":"C421"},"08E":{"t":"T34P"},"09B":{"t":"C421"},"09C":{"t":"C421"},"09D":{"t":"EC20"},"09E":{"desc":"L1P"},"09F":{"t":"C421"},"0A1":{"t":"C421"},"0A3":{"t":"B407"},"0A4":{"t":"C421"},"0A6":{"t":"C421"},"0A7":{"desc":"L1P"},"0A9":{"t":"PC12"},"0AB":{"t":"C421"},"0AC":{"t":"C421"},"0AD":{"desc":"L1P"},"0AE":{"desc":"H4E"},"0B0":{"t":"BE36"},"0B3":{"t":"C421"},"0B4":{"t":"C421"},"0B6":{"desc":"L1P"},"0C5":{"t":"GLF4"},"0CA":{"t":"DH8D"},"0CD":{"desc":"L1P"},"0CE":{"t":"C421"},"0D0":{"t":"C421"},"0D1":{"t":"C421"},"0D3":{"desc":"L1P"},"0D4":{"t":"C421"},"0D5":{"t":"C421"},"0D6":{"t":"C421"},"0D8":{"t":"C421"},"0D9":{"t":"C421"},"0DA":{"t":"C421"},"0DB":{"t":"C421"},"0DD":{"t":"C421"},"0DE":{"t":"C421"},"0DF":{"desc":"L1P"},"0E1":{"t":"C421"},"0E2":{"t":"C172"},"0E3":{"t":"C421"},"0E7":{"t":"C182"},"0E8":{"t":"C421"},"0E9":{"t":"F2TH"},"0EB":{"t":"C421"},"0EC":{"t":"C421"},"0ED":{"t":"PTS2"},"0EE":{"t":"C421"},"0F1":{"t":"GLID"},"0F2":{"t":"C421"},"0F6":{"t":"C421"},"0F7":{"t":"C421"},"0F8":{"t":"C421"},"0FA":{"t":"LJ35"},"0FB":{"t":"BE33"},"0FC":{"t":"C208"},"0FD":{"t":"C208"},"0FE":{"desc":"L2J","t":"GLEX"},"0FF":{"t":"BE33"},"100":{"t":"C421"},"102":{"t":"C421"},"103":{"t":"C421"},"104":{"t":"C421"},"106":{"t":"C421"},"107":{"desc":"L1P"},"10B":{"t":"C421"},"10D":{"t":"C421"},"111":{"t":"C421"},"113":{"t":"C421"},"114":{"t":"C182"},"115":{"t":"C421"},"116":{"desc":"L1P","t":"ULAC"},"119":{"t":"A320"},"120":{"desc":"L1P"},"126":{"t":"B752"},"12A":{"t":"C421"},"12D":{"desc":"L2J","t":"A21N"},"131":{"t":"C421"},"132":{"t":"C421"},"134":{"t":"C421"},"137":{"t":"C421"},"138":{"t":"C421"},"13A":{"t":"C421"},"13C":{"desc":"L1P"},"141":{"t":"C421"},"142":{"t":"H500"},"145":{"t":"C421"},"146":{"desc":"L1P"},"14B":{"t":"C421"},"14D":{"t":"C421"},"14E":{"t":"C421"},"14F":{"t":"C421"},"153":{"desc":"H2T"},"154":{"t":"C421"},"157":{"t":"C421"},"158":{"t":"C421"},"15B":{"t":"C421"},"15C":{"t":"C421"},"16E":{"t":"C421"},"175":{"t":"C421"},"179":{"t":"C421"},"17C":{"t":"C182"},"17E":{"t":"C421"},"18A":{"t":"C421"},"191":{"t":"C421"},"192":{"t":"E75L"},"193":{"t":"C421"},"195":{"t":"C421"},"1A1":{"t":"C421"},"1AA":{"t":"CRJ2"},"1AB":{"t":"C421"},"1AD":{"t":"C421"},"1AE":{"desc":"H1P"},"1AF":{"t":"BALL"},"1B0":{"t":"BL17"},"1B2":{"t":"BE35"},"1B4":{"t":"C172"},"1B6":{"t":"PA14"},"1B7":{"t":"P28A"},"1B8":{"t":"NAVI"},"1BA":{"t":"T206"},"1BD":{"t":"C172"},"1BE":{"t":"PA32"},"1C2":{"t":"C170"},"1C5":{"t":"R44"},"1C6":{"t":"PA18"},"1C7":{"t":"C180"},"1C8":{"t":"BE55"},"1CA":{"t":"J3"},"1CC":{"t":"C182"},"1CE":{"t":"J3"},"1D0":{"desc":"L1P"},"1D1":{"desc":"L1P"},"1D3":{"t":"BE35"},"1D4":{"t":"C185"},"1D9":{"t":"M20P"},"1DA":{"t":"P28A"},"1DD":{"t":"PA12"},"1DE":{"t":"C120"},"1E0":{"t":"C172"},"1E1":{"t":"PA32"},"1E6":{"t":"GLID"},"1E7":{"t":"LARK"},"1EA":{"t":"J3"},"1EB":{"t":"C172"},"1EE":{"t":"BE18"},"1F1":{"t":"C172"},"1F2":{"t":"C77R"},"1F3":{"t":"J3"},"1F5":{"t":"P32T"},"1F7":{"t":"RV12"},"1FC":{"t":"M20P"},"1FD":{"t":"AT6T"},"200":{"t":"PA12"},"201":{"t":"C120"},"202":{"desc":"L1P"},"204":{"t":"PA32"},"205":{"t":"BE35"},"206":{"t":"P28A"},"20A":{"t":"LARK"},"20D":{"t":"C182"},"20E":{"t":"ULAC"},"20F":{"t":"ULAC"},"210":{"t":"C180"},"211":{"t":"C182"},"212":{"t":"C180"},"213":{"t":"C172"},"216":{"t":"J3"},"218":{"t":"L39"},"21A":{"t":"S108"},"21F":{"t":"PA14"},"221":{"t":"NAVI"},"223":{"t":"PA12"},"224":{"t":"C140"},"225":{"desc":"A1P"},"226":{"t":"C172"},"227":{"t":"PA32"},"229":{"t":"P28A"},"22D":{"t":"R44"},"22F":{"desc":"L1P"},"231":{"t":"C182"},"232":{"t":"C182"},"234":{"t":"C182"},"239":{"t":"J3"},"23A":{"desc":"L1P"},"23C":{"t":"BE35"},"23F":{"t":"AR11"},"242":{"t":"PA14"},"244":{"t":"NAVI"},"246":{"t":"R44"},"247":{"t":"C140"},"249":{"t":"C172"},"24B":{"desc":"L1P"},"24E":{"t":"C170"},"24F":{"t":"ST75"},"250":{"desc":"L1T","t":"SS2P"},"251":{"t":"CH7A"},"253":{"t":"J3"},"254":{"t":"C182"},"255":{"t":"J3"},"257":{"t":"J3"},"258":{"t":"J3"},"259":{"t":"J3"},"25B":{"t":"C182"},"25F":{"t":"BE35"},"261":{"t":"BE35"},"263":{"t":"C172"},"264":{"desc":"L1P"},"265":{"t":"PA14"},"268":{"t":"C172"},"26E":{"t":"BE33"},"26F":{"t":"PA32"},"270":{"t":"C150"},"271":{"t":"C170"},"272":{"t":"AT3T"},"273":{"desc":"L1P"},"274":{"t":"CH7B"},"276":{"t":"C182"},"277":{"t":"C182"},"27A":{"t":"C182"},"27C":{"t":"J3"},"27E":{"t":"J3"},"27F":{"t":"C182"},"282":{"t":"BE35"},"283":{"t":"S108"},"289":{"t":"P28A"},"28A":{"t":"AT3T"},"28B":{"t":"C172"},"28C":{"desc":"L1P"},"28F":{"t":"T206"},"290":{"t":"PA32"},"292":{"t":"P28A"},"293":{"t":"C150"},"295":{"t":"AT8T"},"297":{"t":"CH7B"},"298":{"t":"PA18"},"29A":{"t":"P28A"},"29B":{"t":"J3"},"29D":{"t":"C182"},"29E":{"t":"J3"},"29F":{"t":"J3"},"2A0":{"t":"P28A"},"2A1":{"t":"P28A"},"2A2":{"t":"J3"},"2A6":{"t":"S108"},"2A7":{"t":"BE35"},"2A8":{"t":"CH7A"},"2AB":{"t":"PA14"},"2AC":{"t":"P28A"},"2B1":{"t":"PA23"},"2B4":{"t":"BE35"},"2B5":{"t":"P28R"},"2B8":{"t":"AT6T"},"2B9":{"desc":"L1T"},"2BB":{"t":"PA18"},"2BC":{"t":"J3"},"2BE":{"t":"J3"},"2C0":{"t":"J3"},"2C1":{"t":"C182"},"2C2":{"t":"C182"},"2C3":{"t":"C182"},"2C4":{"t":"T206"},"2C5":{"t":"J3"},"2C7":{"t":"T34P"},"2C8":{"t":"BE35"},"2CA":{"t":"BE35"},"2CE":{"t":"M20P"},"2D0":{"t":"R44"},"2D1":{"t":"C172"},"2D2":{"t":"PA12"},"2D4":{"t":"PA23"},"2D5":{"t":"C172"},"2D7":{"t":"UH1"},"2D8":{"t":"P28A"},"2D9":{"t":"T206"},"2DA":{"t":"J3"},"2DD":{"t":"PA18"},"2DF":{"t":"J3"},"2E0":{"t":"J3"},"2E1":{"t":"C180"},"2E2":{"t":"J3"},"2E3":{"t":"C182"},"2E4":{"t":"J3"},"2E7":{"t":"C182"},"2E8":{"desc":"L1P"},"2EB":{"t":"BE35"},"2EC":{"t":"S108"},"2ED":{"t":"BE35"},"2EF":{"t":"C172"},"2F1":{"t":"PA14"},"2F5":{"t":"AT8T"},"2FB":{"t":"PA32"},"2FE":{"t":"AT8T"},"2FF":{"desc":"L1T","t":"SS2P"},"300":{"t":"AT8T"},"301":{"t":"PA18"},"303":{"t":"J3"},"304":{"t":"J3"},"308":{"t":"J3"},"30A":{"t":"C182"},"30C":{"desc":"L1P"},"30D":{"desc":"L1P"},"30F":{"desc":"L1P"},"310":{"t":"ULAC"},"312":{"t":"B06"},"313":{"t":"ULAC"},"316":{"t":"LJ45"},"317":{"t":"SR22"},"31A":{"desc":"L2J","t":"A21N"},"31C":{"desc":"L1P","t":"ULAC"},"31D":{"t":"HUSK"},"31E":{"t":"BE9L"},"31F":{"t":"BE36"},"320":{"desc":"L4P"},"321":{"t":"A319"},"323":{"t":"B190"},"325":{"t":"TBM7"},"326":{"t":"C172"},"327":{"t":"L13M"},"328":{"desc":"L1P"},"329":{"desc":"L2J"},"32D":{"t":"GLID"},"330":{"t":"C185"},"331":{"t":"DA42"},"333":{"t":"B722"},"337":{"t":"SR22"},"33B":{"t":"C210"},"340":{"desc":"L2T"},"341":{"t":"C172"},"342":{"t":"HUSK"},"343":{"t":"P28A"},"345":{"t":"B734"},"346":{"desc":"A1P","t":"ULAC"},"347":{"desc":"L1P"},"348":{"desc":"L1P"},"34A":{"t":"C25B"},"34B":{"t":"C421"},"34D":{"t":"CL30"},"350":{"t":"H25B"},"353":{"desc":"L1P"},"354":{"t":"PA44"},"358":{"t":"C421"},"35A":{"t":"BE36"},"35B":{"t":"BE35"},"35D":{"t":"ST75"},"35E":{"desc":"L2T"},"360":{"desc":"L1P"},"361":{"t":"P28B"},"364":{"desc":"L1P"},"368":{"t":"SR22"},"36A":{"t":"GLID"},"36D":{"t":"BE55"},"36E":{"t":"R44"},"371":{"desc":"L1P"},"374":{"desc":"L1P"},"37A":{"t":"P28A"},"37B":{"t":"TOBA"},"37C":{"desc":"L1P"},"37D":{"t":"S22T"},"37E":{"desc":"L1P","t":"TB0"},"381":{"t":"C172"},"38A":{"t":"R44"},"396":{"desc":"L2J"},"398":{"t":"DA40"},"3A0":{"t":"E545"},"3A3":{"desc":"L1P"},"3A5":{"t":"P32R"},"3A7":{"t":"BALL"},"3AB":{"t":"SR22"},"3AC":{"desc":"L1P"},"3AE":{"t":"DA42"},"3AF":{"t":"C421"},"3B1":{"desc":"H1P"},"3B3":{"t":"BE35"},"3BD":{"t":"C172"},"3C5":{"t":"NAVI"},"3D5":{"t":"C182"},"3D7":{"t":"PC12"},"3D8":{"t":"AT8T"},"3DB":{"t":"TBM7"},"3E0":{"desc":"L1J"},"3E1":{"t":"SR22"},"3E3":{"t":"C152"},"3E5":{"t":"PC12"},"3EE":{"desc":"A1P"},"3EF":{"t":"PA18"},"3F0":{"t":"C182"},"3F1":{"desc":"L1P"},"3FC":{"desc":"L1P"},"400":{"t":"HDJT"},"403":{"desc":"L1P","t":"ULAC"},"407":{"desc":"A1P"},"408":{"t":"B763"},"409":{"t":"P32R"},"40B":{"t":"SR22"},"40C":{"desc":"L1P"},"413":{"t":"SR22"},"414":{"t":"ULAC"},"418":{"t":"C172"},"419":{"t":"SR22"},"420":{"t":"SR20"},"421":{"t":"SW4"},"423":{"t":"PA32"},"424":{"desc":"L1P"},"428":{"t":"R22"},"42B":{"t":"C680"},"42C":{"t":"BE36"},"42D":{"t":"T34P"},"42E":{"t":"CL30"},"432":{"t":"C182"},"433":{"t":"PC12"},"439":{"desc":"L1P"},"43A":{"desc":"L4P"},"444":{"desc":"A1P"},"445":{"t":"T34P"},"447":{"t":"M7"},"452":{"t":"PA32"},"453":{"desc":"H6E"},"456":{"t":"B412"},"45A":{"t":"B407"},"45B":{"t":"C421"},"45C":{"desc":"L1P"},"45D":{"desc":"L1P","t":"ULAC"},"45E":{"t":"BE9L"},"464":{"t":"FDCT"},"46B":{"t":"TBM7"},"477":{"desc":"H1P"},"47C":{"t":"E55P"},"481":{"t":"DH8D"},"487":{"desc":"L1P"},"488":{"t":"AT3T"},"48B":{"t":"C172"},"48C":{"t":"B06"},"48D":{"t":"SR22"},"48E":{"t":"T206"},"490":{"t":"P28A"},"495":{"t":"E55P"},"496":{"t":"C180"},"498":{"desc":"L1P"},"499":{"desc":"L1P"},"49A":{"t":"R44"},"49D":{"desc":"L1P"},"49E":{"desc":"L1P","t":"ULAC"},"49F":{"t":"BE60"},"4A0":{"t":"P28R"},"4A1":{"t":"B06"},"4A5":{"t":"C182"},"4A9":{"t":"P28A"},"4AA":{"t":"SR22"},"4AB":{"t":"C182"},"4AD":{"t":"SR22"},"4AE":{"t":"M20P"},"4B2":{"t":"T210"},"4B3":{"t":"S22T"},"4B6":{"desc":"L1P"},"4B8":{"t":"SR22"},"4BD":{"t":"C510"},"4BF":{"t":"COL4"},"4C0":{"desc":"L2J"},"4C4":{"desc":"L1P"},"4C7":{"t":"R44"},"4C8":{"t":"C82R"},"4CB":{"t":"AT6T"},"4CC":{"desc":"L1P","t":"ULAC"},"4CF":{"t":"P06T"},"4D0":{"t":"A320"},"4DD":{"t":"B752"},"4E8":{"t":"BE33"},"4EA":{"t":"GLID"},"4F0":{"desc":"L1P"},"501":{"desc":"L1P"},"502":{"t":"S22T"},"504":{"desc":"L1P"},"507":{"t":"PA12"},"508":{"t":"P28A"},"509":{"t":"R44"},"50C":{"desc":"H1P"},"50E":{"t":"B737"},"512":{"t":"ULAC"},"513":{"t":"S22T"},"52B":{"desc":"L2J"},"533":{"desc":"A1P"},"549":{"t":"E75L"},"54C":{"t":"BE9T"},"567":{"t":"BE35"},"56B":{"t":"C172"},"56C":{"t":"M7"},"56D":{"t":"M20P"},"56E":{"t":"P28A"},"570":{"t":"C172"},"572":{"t":"C140"},"574":{"t":"C185"},"575":{"t":"PA32"},"577":{"t":"PA32"},"579":{"t":"C170"},"57A":{"t":"AT5T"},"57B":{"desc":"L1P"},"57D":{"t":"PA18"},"57E":{"t":"J3"},"57F":{"t":"J3"},"580":{"t":"C182"},"581":{"desc":"L1P"},"582":{"t":"C182"},"583":{"t":"J3"},"584":{"t":"C182"},"585":{"t":"J3"},"587":{"t":"C182"},"588":{"t":"C72R"},"589":{"desc":"L1P"},"58B":{"t":"S108"},"58C":{"desc":"L1P"},"58D":{"t":"CH7A"},"591":{"t":"P28A"},"593":{"t":"C172"},"597":{"t":"C172"},"599":{"t":"AT8T"},"59A":{"t":"P28A"},"59B":{"t":"C150"},"59C":{"t":"C170"},"5A0":{"t":"PA18"},"5A2":{"t":"J3"},"5A3":{"t":"C172"},"5A5":{"t":"J3"},"5A9":{"t":"J3"},"5AA":{"t":"C182"},"5AC":{"t":"B190"},"5AE":{"t":"S108"},"5B0":{"t":"AR11"},"5B1":{"t":"C172"},"5B3":{"t":"M20P"},"5B4":{"t":"P28A"},"5B6":{"t":"C172"},"5B7":{"t":"PA12"},"5BA":{"t":"C172"},"5BC":{"t":"AT3T"},"5BD":{"desc":"L2P"},"5C0":{"t":"GLID"},"5C4":{"t":"J3"},"5C6":{"t":"J3"},"5CA":{"t":"J3"},"5CD":{"t":"J3"},"5CF":{"t":"P51"},"5D0":{"t":"BE35"},"5D3":{"t":"CH7A"},"5D5":{"t":"AT5T"},"5D7":{"t":"P28A"},"5D9":{"t":"C172"},"5DA":{"t":"PA12"},"5DB":{"t":"C140"},"5DC":{"desc":"L1P"},"5DF":{"t":"J3"},"5E1":{"desc":"L1P"},"5E2":{"t":"C170"},"5E3":{"desc":"L1P"},"5E4":{"desc":"L1T","t":"SS2P"},"5E6":{"t":"PA18"},"5E9":{"t":"C182"},"5ED":{"desc":"H1P"},"5F0":{"t":"PA11"},"5F1":{"desc":"L1P"},"5F5":{"t":"BE35"},"5F9":{"t":"C152"},"5FB":{"t":"NAVI"},"5FD":{"t":"PA12"},"5FE":{"t":"M20P"},"600":{"t":"C172"},"601":{"t":"PA32"},"603":{"t":"P28A"},"604":{"t":"BALL"},"605":{"t":"C170"},"607":{"desc":"L1T","t":"SS2P"},"60B":{"t":"P28A"},"60C":{"t":"C182"},"60D":{"desc":"L1P"},"60F":{"t":"J3"},"611":{"t":"C180"},"616":{"t":"BE35"},"617":{"desc":"L1P"},"61A":{"desc":"L2P"},"61C":{"desc":"L1P"},"61D":{"desc":"L1P"},"61F":{"t":"C172"},"621":{"t":"C182"},"623":{"t":"C172"},"625":{"desc":"L1P"},"626":{"t":"P28A"},"628":{"t":"C170"},"62E":{"t":"C182"},"62F":{"desc":"L1P"},"630":{"t":"J3"},"634":{"t":"J3"},"63B":{"t":"BE35"},"63C":{"t":"AR11"},"63D":{"t":"BALL"},"63F":{"t":"PA14"},"640":{"desc":"L1P"},"641":{"t":"NAVI"},"642":{"t":"C172"},"643":{"t":"PA12"},"646":{"t":"C206"},"647":{"t":"PA32"},"649":{"t":"P28A"},"64A":{"t":"C150"},"651":{"t":"C182"},"652":{"t":"C182"},"653":{"t":"J3"},"654":{"desc":"L1P"},"655":{"t":"J3"},"657":{"t":"C182"},"659":{"t":"M7"},"65C":{"desc":"L1P"},"65F":{"t":"B06"},"662":{"t":"M20P"},"663":{"t":"P28A"},"664":{"desc":"L1P"},"665":{"t":"C172"},"666":{"t":"PA12"},"669":{"t":"C172"},"66D":{"desc":"L1P"},"66E":{"t":"C170"},"672":{"t":"PA18"},"675":{"t":"CH7A"},"676":{"t":"C182"},"677":{"t":"J3"},"678":{"t":"C182"},"67A":{"t":"J3"},"67B":{"t":"C182"},"67C":{"t":"C182"},"67F":{"t":"BE35"},"680":{"t":"C414"},"683":{"t":"C172"},"684":{"t":"BALL"},"68C":{"t":"C172"},"68D":{"t":"PA32"},"68F":{"t":"PA32"},"693":{"desc":"L1T","t":"SS2P"},"694":{"t":"BALL"},"695":{"t":"PA18"},"696":{"t":"C182"},"699":{"t":"J3"},"69B":{"t":"C182"},"69C":{"t":"J3"},"69D":{"t":"C182"},"6A0":{"desc":"L1J"},"6A1":{"t":"B47G"},"6A6":{"t":"C172"},"6A8":{"t":"PA14"},"6AA":{"t":"NAVI"},"6AC":{"t":"PA12"},"6AD":{"t":"C140"},"6B2":{"t":"P28A"},"6B4":{"t":"C170"},"6B7":{"desc":"H1P"},"6B8":{"t":"PA18"},"6BA":{"t":"C182"},"6BB":{"t":"C172"},"6BC":{"t":"C182"},"6BE":{"t":"C182"},"6BF":{"t":"C182"},"6C0":{"t":"J3"},"6C1":{"t":"J3"},"6C3":{"t":"AA5"},"6C4":{"desc":"L1P"},"6C6":{"t":"DA40"},"6C7":{"t":"PA31"},"6C9":{"t":"B06"},"6CA":{"t":"ULAC"},"6CB":{"desc":"G1P"},"6CE":{"t":"CL60"},"6D1":{"desc":"L2J","t":"A21N"},"6D5":{"t":"B739"},"6D6":{"t":"AC11"},"6D9":{"t":"CRJ2"},"6DA":{"t":"B763"},"6DD":{"t":"BE35"},"6DE":{"t":"L13M"},"6DF":{"t":"C25B"},"6E0":{"t":"BE30"},"6E1":{"t":"SR22"},"6E2":{"t":"S22T"},"6E9":{"t":"PA32"},"6EF":{"desc":"L1P"},"6F2":{"t":"BE36"},"6F6":{"t":"S108"},"6F8":{"desc":"L1P","t":"ULAC"},"6F9":{"t":"P28S"},"6FC":{"desc":"L1P"},"700":{"t":"PA44"},"701":{"t":"BE58"},"702":{"t":"C206"},"703":{"t":"PA18"},"704":{"t":"SR22"},"707":{"t":"C25B"},"70B":{"t":"PA44"},"70E":{"desc":"L1P"},"710":{"t":"ULAC"},"711":{"t":"MU2"},"719":{"t":"C82T"},"71B":{"t":"P28A"},"71D":{"t":"BALL"},"720":{"desc":"L1P"},"724":{"desc":"L1P"},"734":{"t":"BE20"},"738":{"t":"C172"},"73B":{"t":"BE36"},"73F":{"t":"GLID"},"746":{"t":"A310"},"74C":{"t":"P28A"},"74F":{"t":"DA40"},"757":{"t":"E545"},"75B":{"t":"GLF4"},"75C":{"desc":"L1P"},"76B":{"t":"BE20"},"773":{"desc":"L1P"},"77D":{"t":"C560"},"77E":{"desc":"L1P"},"78C":{"desc":"L1P"},"78D":{"desc":"L1P"},"78F":{"t":"P28A"},"790":{"t":"E300"},"793":{"t":"CL30"},"796":{"t":"BE36"},"79E":{"t":"PA46"},"7A5":{"desc":"L1P","t":"ULAC"},"7A6":{"desc":"L2T"},"7A8":{"desc":"L1P"},"7A9":{"t":"ULAC"},"7B7":{"t":"PC12"},"7BE":{"desc":"L1P"},"7C1":{"desc":"L1P"},"7C4":{"t":"ERCO"},"7C9":{"t":"C182"},"7CF":{"t":"ULAC"},"7D8":{"desc":"L2T"},"7DB":{"t":"BE35"},"7DE":{"t":"PC12"},"7F0":{"t":"E55P"},"804":{"t":"MD83"},"809":{"t":"BE36"},"80A":{"t":"P28A"},"80C":{"t":"DV20"},"811":{"t":"GLID"},"812":{"t":"SF50"},"815":{"t":"R44"},"817":{"desc":"H1P"},"81A":{"t":"M20T"},"81E":{"desc":"L1P"},"824":{"desc":"G1P"},"833":{"t":"E55P"},"838":{"t":"DH8D"},"83B":{"t":"P32R"},"83D":{"t":"C340"},"83E":{"t":"T206"},"842":{"desc":"L1P"},"843":{"t":"C337"},"844":{"desc":"A1P","t":"ULAC"},"847":{"t":"P28A"},"84C":{"desc":"A2P"},"84F":{"desc":"L1P"},"854":{"t":"PA34"},"857":{"t":"C172"},"85B":{"t":"H25B"},"85E":{"desc":"L4T"},"862":{"t":"C172"},"864":{"t":"SR22"},"866":{"desc":"L1P"},"869":{"t":"CRJ2"},"86D":{"desc":"A1P"},"86E":{"t":"C82S"},"870":{"t":"BALL"},"876":{"t":"BE9L"},"879":{"t":"C421"},"87F":{"t":"GLF4"},"887":{"t":"A320"},"894":{"t":"B752"},"8B9":{"t":"PC12"},"8C4":{"t":"BALL"},"8C5":{"t":"B737"},"8CA":{"desc":"L1P"},"8EA":{"t":"BE35"},"900":{"t":"E75L"},"903":{"desc":"L1P","t":"TB1"},"91E":{"t":"BE35"},"920":{"t":"BE35"},"922":{"t":"C172"},"924":{"t":"R44"},"925":{"t":"P28A"},"926":{"t":"NAVI"},"92B":{"t":"C172"},"932":{"desc":"H1P"},"934":{"t":"PA18"},"935":{"t":"C182"},"936":{"desc":"L1P"},"937":{"t":"J3"},"938":{"t":"J3"},"939":{"t":"C182"},"93A":{"t":"C180"},"93B":{"t":"C182"},"93E":{"t":"PA34"},"940":{"desc":"L1P"},"944":{"t":"AR11"},"948":{"t":"P28A"},"94A":{"t":"C172"},"94B":{"t":"PA12"},"94C":{"t":"C120"},"94E":{"desc":"L1P"},"94F":{"t":"PA32"},"953":{"t":"PA31"},"958":{"t":"C172"},"959":{"t":"C182"},"95A":{"desc":"L1P"},"95B":{"t":"C182"},"95C":{"t":"C182"},"95E":{"t":"J3"},"95F":{"t":"C182"},"960":{"t":"PA11"},"961":{"desc":"L1P"},"966":{"t":"BE35"},"967":{"t":"AR11"},"968":{"t":"P28A"},"96A":{"t":"M20P"},"96B":{"t":"P28A"},"96E":{"t":"PA12"},"96F":{"t":"C120"},"971":{"t":"C185"},"974":{"t":"P28B"},"976":{"t":"C170"},"97C":{"desc":"L1P"},"97E":{"t":"C182"},"980":{"t":"C182"},"981":{"t":"C182"},"983":{"t":"C182"},"988":{"desc":"L1P"},"989":{"t":"BE35"},"98D":{"t":"PA14"},"98E":{"desc":"L1P"},"990":{"t":"C172"},"991":{"t":"PA12"},"994":{"t":"C172"},"995":{"t":"PA32"},"997":{"desc":"L1P"},"99C":{"t":"BALL"},"99D":{"t":"PA18"},"99E":{"t":"J3"},"9A0":{"t":"J3"},"9A2":{"t":"J3"},"9A3":{"t":"C182"},"9AA":{"t":"BE35"},"9B0":{"t":"M20P"},"9B1":{"t":"P28A"},"9B5":{"t":"C170"},"9B7":{"t":"C172"},"9BA":{"t":"P28A"},"9BB":{"t":"C150"},"9C0":{"t":"PA18"},"9C1":{"t":"J3"},"9C4":{"t":"J3"},"9C5":{"t":"CH7A"},"9C6":{"t":"J3"},"9C7":{"t":"J3"},"9C8":{"t":"J3"},"9CA":{"t":"C182"},"9CC":{"desc":"L1P"},"9CE":{"t":"C414"},"9D1":{"t":"C172"},"9D3":{"t":"M20P"},"9D4":{"t":"P28A"},"9D6":{"t":"C172"},"9DB":{"t":"M7"},"9DE":{"t":"C150"},"9E2":{"t":"P51"},"9E3":{"desc":"L2T"},"9E5":{"t":"J3"},"9E9":{"t":"J3"},"9EC":{"t":"P28A"},"9ED":{"t":"C180"},"9EE":{"desc":"L1P"},"9F0":{"t":"BE35"},"9F2":{"t":"BE35"},"9F3":{"t":"CH7A"},"9F6":{"t":"PA14"},"9F9":{"t":"C172"},"9FA":{"t":"PA12"},"9FB":{"t":"C120"},"9FC":{"t":"PA24"},"9FD":{"t":"C185"},"A02":{"t":"C170"},"A04":{"desc":"L1T","t":"SS2P"},"A06":{"t":"PA18"},"A07":{"desc":"L1P"},"A08":{"t":"C172"},"A09":{"t":"PA22"},"A0A":{"t":"P28A"},"A0B":{"t":"C182"},"A0C":{"desc":"L1P"},"A0F":{"t":"C182"},"A10":{"t":"C182"},"A13":{"t":"BE35"},"A14":{"t":"C414"},"A16":{"t":"CH7A"},"A17":{"t":"C172"},"A19":{"t":"PA14"},"A1A":{"t":"P28A"},"A1D":{"t":"B06"},"A23":{"t":"P28A"},"A24":{"t":"C150"},"A25":{"t":"UH1"},"A27":{"t":"R44"},"A2A":{"t":"J3"},"A2B":{"t":"C182"},"A30":{"t":"C180"},"A32":{"t":"J3"},"A33":{"t":"C182"},"A35":{"t":"NAVI"},"A37":{"desc":"L1P"},"A39":{"t":"AR11"},"A3A":{"t":"P28A"},"A3C":{"t":"R44"},"A40":{"t":"PA12"},"A43":{"t":"C172"},"A44":{"t":"PA32"},"A46":{"t":"P28A"},"A48":{"t":"C170"},"A4D":{"t":"C182"},"A4E":{"t":"C182"},"A4F":{"t":"C182"},"A51":{"t":"J3"},"A53":{"t":"J3"},"A54":{"t":"C182"},"A55":{"t":"M7"},"A58":{"t":"P32T"},"A5D":{"t":"C172"},"A5F":{"t":"M20P"},"A64":{"t":"C140"},"A65":{"t":"PA23"},"A66":{"t":"C172"},"A67":{"t":"PA32"},"A68":{"desc":"L1P"},"A6A":{"t":"C150"},"A6C":{"t":"M7"},"A6D":{"desc":"L1T","t":"SS2P"},"A6F":{"t":"PA18"},"A70":{"t":"J3"},"A72":{"t":"J3"},"A73":{"t":"J3"},"A74":{"t":"J3"},"A76":{"desc":"L1P"},"A77":{"t":"C182"},"A79":{"t":"J3"},"A7A":{"t":"P337"},"A7B":{"t":"BL8"},"A7C":{"t":"MD82"},"A7E":{"t":"CH7B"},"A7F":{"desc":"L1P"},"A80":{"t":"B06"},"A81":{"desc":"L2P"},"A82":{"t":"C208"},"A83":{"desc":"H1P"},"A84":{"desc":"L1P","t":"ULAC"},"A85":{"desc":"L1P"},"A86":{"desc":"L1P","t":"ULAC"},"A87":{"t":"DA42"},"A88":{"desc":"L2J","t":"A21N"},"A8D":{"t":"SR22"},"A90":{"t":"CRJ2"},"A91":{"t":"SR22"},"A94":{"t":"BE35"},"A96":{"t":"SR22"},"A97":{"t":"C172"},"A98":{"t":"SR22"},"A9A":{"desc":"L1P","t":"ULAC"},"A9B":{"t":"GLID"},"A9C":{"t":"P32R"},"A9D":{"desc":"H1P"},"AA6":{"t":"BE40"},"AA9":{"desc":"L1P"},"AAB":{"t":"PA25"},"AAD":{"t":"S108"},"AAE":{"desc":"L2T"},"AAF":{"t":"C182"},"AB1":{"t":"SR20"},"AB5":{"desc":"L1P"},"AB6":{"t":"C25C"},"AB7":{"t":"SR22"},"AB9":{"t":"C25C"},"ABB":{"t":"BE9T"},"ABD":{"t":"R44"},"AC8":{"t":"GLID"},"ACC":{"desc":"L2T"},"ACD":{"desc":"L1P"},"ACE":{"desc":"L1P"},"AD2":{"t":"T6"},"AD6":{"desc":"L1P"},"AD7":{"desc":"L1P"},"AE5":{"desc":"A1P"},"AE6":{"t":"SR22"},"AE9":{"t":"C82S"},"AEB":{"t":"BE9L"},"AED":{"t":"R44"},"AEF":{"t":"C172"},"AF7":{"desc":"L1P"},"AF9":{"t":"T206"},"B01":{"t":"J328"},"B03":{"t":"P28A"},"B06":{"t":"DA40"},"B0E":{"t":"E545"},"B11":{"t":"S22T"},"B16":{"desc":"L1P"},"B2E":{"desc":"L1P"},"B38":{"desc":"L1P"},"B43":{"t":"PA46"},"B45":{"t":"BE33"},"B47":{"desc":"L1P"},"B4A":{"t":"F900"},"B4D":{"desc":"L1P"},"B4E":{"desc":"L1P"},"B53":{"t":"WW24"},"B54":{"t":"GLF4"},"B5C":{"desc":"L1P"},"B5D":{"desc":"H1P"},"B5F":{"t":"M20P"},"B6E":{"desc":"L1P"},"B78":{"desc":"L4T"},"B7E":{"t":"LJ60"},"B80":{"desc":"L1P"},"B83":{"desc":"L1P"},"B86":{"desc":"L1P"},"B8E":{"desc":"H1P"},"B8F":{"t":"SW4"},"B93":{"t":"C340"},"B95":{"desc":"L1P"},"B97":{"t":"PA34"},"B98":{"t":"C152"},"B99":{"t":"E550"},"B9A":{"desc":"L1P"},"B9C":{"t":"CL30"},"B9E":{"desc":"L1P"},"BA0":{"t":"B407"},"BA8":{"t":"UH1"},"BAA":{"desc":"L1P"},"BB3":{"t":"T34P"},"BB8":{"desc":"L1P"},"BB9":{"t":"C182"},"BBB":{"t":"MD83"},"BC0":{"t":"PA31"},"BC1":{"t":"P28A"},"BC2":{"t":"SR22"},"BC3":{"t":"C340"},"BC5":{"t":"C172"},"BC8":{"t":"B407"},"BC9":{"t":"B429"},"BCC":{"t":"P46T"},"BD1":{"t":"C182"},"BD2":{"desc":"L1P"},"BD6":{"t":"GLF4"},"BD9":{"t":"BE58"},"BEA":{"t":"E55P"},"BF2":{"t":"SBR2"},"BF4":{"desc":"L1P"},"BF5":{"t":"C185"},"BF6":{"t":"PA18"},"BF7":{"t":"C172"},"BF9":{"desc":"H1P"},"BFA":{"t":"R22"},"BFC":{"desc":"L2P"},"BFD":{"desc":"H1P"},"BFE":{"t":"P32R"},"BFF":{"desc":"L1P"},"C00":{"t":"DA42"},"C06":{"t":"RV12"},"C07":{"desc":"L1P"},"C0B":{"t":"GLID"},"C0C":{"t":"CH7B"},"C0D":{"t":"M20T"},"C0E":{"t":"C177"},"C10":{"desc":"L1P"},"C11":{"t":"R22"},"C12":{"t":"P46T"},"C13":{"t":"R44"},"C15":{"t":"BE40"},"C17":{"desc":"L1T"},"C19":{"desc":"L1P"},"C1B":{"t":"SR22"},"C1D":{"t":"C182"},"C1F":{"t":"M7"},"C20":{"t":"SR22"},"C21":{"desc":"L1P"},"C24":{"t":"BE35"},"C28":{"t":"ULAC"},"C2B":{"t":"LJ45"},"C2C":{"desc":"L1P"},"C2D":{"t":"H25B"},"C30":{"t":"CL30"},"C32":{"t":"P32R"},"C34":{"t":"C182"},"C36":{"t":"BE20"},"C38":{"t":"C525"},"C3D":{"t":"F900"},"C3E":{"t":"A320"},"C4B":{"t":"B752"},"C4E":{"t":"B734"},"C56":{"desc":"L1P"},"C57":{"t":"ULAC"},"C6F":{"t":"C172"},"C72":{"desc":"H1T"},"C73":{"t":"FDCT"},"C76":{"desc":"L1P"},"C77":{"t":"C82S"},"C7B":{"t":"C172"},"C7C":{"t":"B737"},"C80":{"t":"ULAC"},"C81":{"t":"PA34"},"C88":{"t":"SR22"},"C8B":{"t":"PA34"},"C91":{"t":"SF34"},"C9F":{"t":"ULAC"},"CA1":{"t":"PA18"},"CB7":{"t":"E75L"},"CBA":{"desc":"L1P"},"CD5":{"t":"BE35"},"CD7":{"t":"BE35"},"CDB":{"t":"PA14"},"CDC":{"t":"P28A"},"CE0":{"t":"C140"},"CE2":{"t":"C172"},"CE3":{"t":"GLID"},"CE5":{"t":"P28A"},"CE6":{"t":"C150"},"CE7":{"t":"C170"},"CE9":{"t":"M7"},"CEB":{"t":"PA18"},"CEC":{"t":"C182"},"CED":{"t":"C180"},"CF0":{"t":"P28A"},"CF3":{"t":"J3"},"CF4":{"t":"J3"},"CF5":{"t":"C182"},"CF6":{"t":"G164"},"CF8":{"t":"BL17"},"CF9":{"desc":"L1P"},"CFA":{"t":"BE35"},"CFC":{"t":"C172"},"CFE":{"t":"PA14"},"CFF":{"t":"P28A"},"D00":{"t":"NAVI"},"D01":{"t":"C172"},"D02":{"t":"PA12"},"D06":{"t":"PA32"},"D0F":{"t":"J3"},"D11":{"t":"J3"},"D12":{"t":"J3"},"D14":{"desc":"L1P"},"D16":{"t":"J3"},"D1B":{"t":"BE35"},"D1D":{"t":"BE35"},"D1E":{"t":"AR11"},"D1F":{"t":"C172"},"D20":{"t":"BL8"},"D21":{"t":"C140"},"D22":{"desc":"H1P"},"D23":{"t":"NAVI"},"D24":{"t":"C172"},"D25":{"t":"C120"},"D29":{"desc":"L1P"},"D2D":{"desc":"H4E"},"D31":{"t":"PA18"},"D33":{"t":"C182"},"D35":{"t":"J3"},"D36":{"t":"C182"},"D3A":{"t":"C182"},"D3B":{"t":"DG15"},"D3E":{"t":"BL17"},"D42":{"t":"C172"},"D45":{"t":"P28A"},"D47":{"t":"C172"},"D48":{"desc":"L1P"},"D4A":{"t":"PA23"},"D4B":{"desc":"L1P"},"D4D":{"desc":"L1P"},"D4E":{"desc":"L1P"},"D4F":{"t":"C150"},"D51":{"t":"BALL"},"D54":{"t":"PA18"},"D56":{"t":"J3"},"D57":{"t":"J3"},"D58":{"t":"J3"},"D5A":{"desc":"L1P"},"D5B":{"t":"J3"},"D5D":{"t":"J3"},"D5E":{"t":"J3"},"D5F":{"t":"G164"},"D60":{"t":"CH7A"},"D61":{"t":"BE35"},"D62":{"t":"C82R"},"D63":{"t":"BE35"},"D64":{"t":"AR11"},"D65":{"t":"AT8T"},"D67":{"t":"M20P"},"D69":{"t":"NAVI"},"D6A":{"t":"M7"},"D6D":{"t":"AT8T"},"D6E":{"t":"C172"},"D70":{"t":"C206"},"D76":{"t":"M7"},"D78":{"t":"J3"},"D79":{"t":"C182"},"D7A":{"t":"J3"},"D7B":{"t":"J3"},"D7D":{"t":"J3"},"D7E":{"t":"J3"},"D7F":{"t":"J3"},"D80":{"t":"J3"},"D83":{"t":"BE35"},"D85":{"t":"C82R"},"D8A":{"t":"PA14"},"D8D":{"t":"C172"},"D8E":{"t":"PA12"},"D8F":{"t":"C140"},"D92":{"t":"M7"},"D94":{"t":"P28A"},"D9D":{"t":"J3"},"D9E":{"t":"J3"},"DA0":{"t":"J3"},"DA1":{"t":"J3"},"DA3":{"t":"J3"},"DA4":{"t":"J3"},"DA6":{"t":"BALL"},"DA7":{"t":"GLID"},"DA8":{"t":"C82R"},"DA9":{"t":"BE35"},"DAA":{"t":"AR11"},"DAD":{"t":"PA14"},"DAE":{"t":"P28A"},"DB1":{"desc":"L1P"},"DB3":{"t":"J3"},"DB4":{"t":"C172"},"DB6":{"t":"BALL"},"DB9":{"t":"C170"},"DBE":{"t":"C182"},"DBF":{"t":"C182"},"DC0":{"t":"J3"},"DC1":{"t":"J3"},"DC2":{"t":"C180"},"DC3":{"t":"C182"},"DC6":{"t":"J3"},"DCC":{"t":"BE35"},"DCD":{"t":"RV12"},"DCE":{"t":"ULAC"},"DD0":{"t":"M20P"},"DD3":{"desc":"L1P"},"DD7":{"t":"C172"},"DD9":{"desc":"L1P"},"DDB":{"t":"AT8T"},"DDC":{"t":"S58T"},"DE0":{"t":"PA18"},"DE2":{"t":"C182"},"DE6":{"desc":"L1P","t":"ULAC"},"DE7":{"t":"J3"},"DE8":{"t":"P28A"},"DE9":{"t":"J3"},"DEA":{"t":"J3"},"DED":{"t":"BE35"},"DEE":{"t":"C82R"},"DEF":{"t":"BE35"},"DF1":{"t":"C172"},"DF3":{"t":"M20P"},"DF4":{"t":"P28A"},"DF5":{"t":"NAVI"},"DF6":{"t":"C182"},"DF7":{"t":"PA12"},"DF8":{"t":"C140"},"DF9":{"t":"PA23"},"DFA":{"t":"C172"},"DFD":{"t":"P28A"},"DFE":{"t":"C150"},"E04":{"t":"J3"},"E05":{"t":"J3"},"E06":{"t":"C182"},"E07":{"desc":"H2T"},"E08":{"t":"C182"},"E09":{"t":"C182"},"E0A":{"t":"C180"},"E12":{"t":"M7"},"E13":{"t":"AR11"},"E16":{"t":"PA14"},"E19":{"t":"C172"},"E1A":{"t":"PA12"},"E1E":{"desc":"L1P"},"E20":{"t":"P28A"},"E22":{"desc":"H1P"},"E26":{"t":"PA18"},"E29":{"t":"C182"},"E2A":{"t":"J3"},"E2B":{"t":"J3"},"E2E":{"t":"J3"},"E2F":{"t":"J3"},"E31":{"desc":"L1P"},"E32":{"desc":"L1P"},"E33":{"t":"P28A"},"E36":{"t":"C425"},"E39":{"desc":"H1P"},"E3A":{"t":"PA12"},"E3B":{"t":"P28A"},"E3C":{"t":"HUSK"},"E3D":{"t":"C425"},"E3E":{"t":"EC30"},"E3F":{"desc":"L2J","t":"A21N"},"E42":{"t":"C425"},"E43":{"t":"LJ35"},"E47":{"t":"CRJ2"},"E4A":{"desc":"L1P","t":"ULAC"},"E4C":{"t":"C425"},"E4D":{"t":"BL17"},"E4E":{"desc":"L1P"},"E4F":{"t":"CL30"},"E51":{"t":"AT5T"},"E52":{"t":"GLID"},"E54":{"t":"BE40"},"E56":{"t":"C425"},"E57":{"t":"C425"},"E59":{"t":"BE20"},"E5C":{"t":"C425"},"E5F":{"t":"SR22"},"E63":{"desc":"L1P"},"E64":{"t":"S108"},"E65":{"t":"AEST"},"E66":{"t":"P28A"},"E67":{"t":"C425"},"E68":{"t":"SR22"},"E69":{"t":"BRAV"},"E6A":{"t":"C425"},"E6B":{"t":"SR22"},"E6C":{"t":"PA32"},"E6F":{"t":"C425"},"E72":{"t":"C172"},"E73":{"t":"C425"},"E7D":{"t":"C425"},"E7F":{"t":"C172"},"E80":{"t":"C425"},"E81":{"t":"C425"},"E83":{"desc":"L2T"},"E84":{"desc":"L1P"},"E85":{"t":"C425"},"E87":{"t":"C425"},"E88":{"t":"C72R"},"E8B":{"t":"P28R"},"E8D":{"t":"C425"},"E8E":{"desc":"H1P"},"E8F":{"t":"AC90"},"E96":{"t":"C425"},"E9A":{"desc":"L1P"},"E9F":{"t":"C182"},"EA1":{"desc":"H1P"},"EA2":{"t":"C425"},"EA6":{"t":"C172"},"EA7":{"t":"C425"},"EA8":{"t":"C425"},"EAA":{"t":"PC12"},"EAB":{"desc":"L2T"},"EAE":{"t":"C425"},"EAF":{"t":"C425"},"EB2":{"desc":"L1P"},"EB4":{"t":"A310"},"EB8":{"t":"J328"},"EB9":{"desc":"L1P"},"EBA":{"t":"P28A"},"EBD":{"t":"DA40"},"EC5":{"t":"CL30"},"EC7":{"t":"C425"},"EC8":{"t":"LJ45"},"ECA":{"desc":"L1P"},"ECB":{"t":"C425"},"ED9":{"t":"LJ60"},"EDA":{"t":"C550"},"EE1":{"t":"PA46"},"EE2":{"t":"P32R"},"EE3":{"t":"C425"},"EE4":{"desc":"L1P"},"EE5":{"t":"C425"},"EEA":{"t":"C425"},"EF2":{"desc":"A1P"},"EFA":{"t":"BE95"},"EFB":{"t":"SR22"},"EFC":{"t":"C425"},"EFD":{"t":"B06"},"EFE":{"desc":"L1P"},"F01":{"t":"C425"},"F02":{"t":"C425"},"F04":{"desc":"H1P"},"F05":{"desc":"L1J"},"F08":{"t":"C425"},"F0C":{"t":"C425"},"F0E":{"t":"P28R"},"F13":{"t":"P28U"},"F14":{"t":"C182"},"F15":{"t":"T210"},"F16":{"t":"C425"},"F17":{"t":"C425"},"F18":{"t":"C425"},"F1D":{"t":"C425"},"F20":{"t":"C750"},"F21":{"t":"C182"},"F24":{"t":"C425"},"F25":{"desc":"L1P"},"F28":{"desc":"L1P"},"F2D":{"t":"C425"},"F2E":{"t":"BALL"},"F2F":{"t":"C425"},"F34":{"t":"C208"},"F3C":{"desc":"H4E"},"F3D":{"t":"G164"},"F40":{"t":"B737"},"F45":{"t":"LJ45"},"F46":{"t":"SW4"},"F47":{"t":"C182"},"F4B":{"t":"C421"},"F4C":{"t":"BE35"},"F4D":{"t":"SR22"},"F4F":{"t":"C152"},"F50":{"t":"C425"},"F56":{"t":"SR22"},"F57":{"t":"SR22"},"F5F":{"t":"EC35"},"F61":{"t":"C425"},"F6A":{"desc":"L1P"},"F6C":{"t":"C425"},"F77":{"t":"BE36"},"F78":{"t":"P28A"},"F7B":{"t":"B06"},"F7E":{"t":"C425"},"F7F":{"t":"B407"},"F80":{"t":"C425"},"F81":{"t":"C182"},"F82":{"t":"C425"},"F83":{"t":"GLID"},"F87":{"t":"C182"},"F89":{"t":"BALL"},"FA1":{"t":"GLF4"},"FA9":{"desc":"L1P"},"FAA":{"t":"C425"},"FAB":{"t":"C182"},"FAD":{"desc":"H1P"},"FAE":{"t":"C425"},"FAF":{"t":"C425"},"FB0":{"t":"C340"},"FB2":{"desc":"L2J"},"FB5":{"t":"C425"},"FB9":{"t":"PAY3"},"FBB":{"desc":"L1T"},"FBD":{"desc":"L1P"},"FBE":{"t":"R44"},"FC4":{"t":"C425"},"FC5":{"t":"ULAC"},"FC8":{"t":"C425"},"FCB":{"t":"SR20"},"FCD":{"t":"C425"},"FCE":{"t":"RV12"},"FD1":{"t":"PA23"},"FD2":{"t":"C425"},"FD3":{"desc":"L1P"},"FD4":{"t":"C550"},"FD7":{"t":"S22T"},"FD8":{"t":"C425"},"FDB":{"t":"BE33"},"FDC":{"t":"C182"},"FE1":{"t":"C425"},"FE4":{"t":"C425"},"FE7":{"t":"GLF5"},"FE9":{"t":"C425"},"FEB":{"t":"C550"},"FEC":{"t":"C25B"},"FEF":{"t":"C425"},"FF0":{"t":"C425"},"FF1":{"t":"C425"},"FF5":{"t":"A320"}}