{"000":{"t":"C188"},"001":{"t":"C172"},"003":{"desc":"L1P"},"004":{"t":"C150"},"006":{"t":"GLID"},"009":{"t":"PA18"},"00A":{"t":"P28A"},"00C":{"desc":"L1P"},"00D":{"desc":"L1P"},"00E":{"t":"P28A"},"011":{"t":"P28A"},"012":{"t":"P28A"},"013":{"desc":"L1P"},"014":{"desc":"L1P","t":"ULAC"},"015":{"t":"PA22"},"016":{"t":"C170"},"019":{"t":"ULAC"},"01C":{"t":"PA15"},"01D":{"t":"P28A"},"020":{"t":"PA12"},"024":{"t":"C172"},"02C":{"t":"PA18"},"030":{"t":"P28A"},"033":{"t":"P28A"},"037":{"desc":"L1P"},"039":{"t":"BE55"},"03A":{"t":"C190"},"03C":{"t":"CH7A"},"03D":{"t":"P32R"},"03F":{"t":"PA15"},"041":{"t":"NAVI"},"042":{"t":"C172"},"043":{"t":"P28R"},"044":{"desc":"L1P"},"046":{"t":"C188"},"048":{"t":"BE55"},"049":{"t":"P28A"},"04B":{"t":"BE33"},"04D":{"t":"P28A"},"04F":{"t":"PA18"},"051":{"desc":"L1P","t":"ULAC"},"052":{"t":"PA34"},"053":{"t":"P28A"},"055":{"t":"P28A"},"056":{"t":"P28A"},"058":{"t":"P28B"},"05B":{"t":"BE20"},"05C":{"desc":"L1P","t":"ULAC"},"05D":{"t":"ULAC"},"05E":{"t":"BE35"},"061":{"t":"ULAC"},"062":{"t":"PA15"},"065":{"t":"C172"},"066":{"t":"BALL"},"068":{"t":"ULAC"},"06A":{"t":"C172"},"06B":{"t":"BE36"},"06E":{"desc":"L1P"},"06F":{"t":"BE36"},"070":{"t":"P28R"},"072":{"t":"PA18"},"073":{"t":"PA32"},"074":{"t":"J3"},"075":{"t":"BE17"},"079":{"t":"P28A"},"07E":{"t":"BALL"},"07F":{"t":"C170"},"082":{"t":"BALL"},"085":{"t":"PA15"},"087":{"t":"NAVI"},"089":{"t":"PA12"},"08B":{"t":"PA23"},"08E":{"t":"BE35"},"08F":{"t":"P28R"},"092":{"t":"BALL"},"095":{"t":"PA18"},"097":{"t":"P28A"},"098":{"t":"P28R"},"099":{"t":"BE18"},"09A":{"t":"BALL"},"09B":{"t":"P28A"},"09C":{"t":"BALL"},"09E":{"t":"P28A"},"09F":{"t":"P28A"},"0A1":{"t":"BE35"},"0A2":{"t":"BALL"},"0A3":{"t":"C195"},"0A4":{"t":"BE35"},"0A6":{"t":"BALL"},"0A8":{"t":"BALL"},"0A9":{"t":"P28A"},"0AC":{"t":"PA12"},"0B1":{"t":"BE58"},"0B6":{"t":"PA34"},"0B8":{"t":"PA18"},"0B9":{"t":"P28A"},"0BC":{"t":"P28A"},"0BD":{"t":"P28A"},"0BE":{"t":"BALL"},"0BF":{"t":"P28B"},"0C0":{"t":"DC3"},"0C1":{"t":"PA32"},"0C3":{"desc":"L1P"},"0C4":{"desc":"L1P"},"0C5":{"t":"ULAC"},"0C6":{"t":"C190"},"0C8":{"t":"CH7A"},"0CB":{"t":"M20P"},"0CC":{"t":"P28A"},"0D4":{"t":"BE36"},"0D9":{"t":"BALL"},"0DC":{"t":"P28A"},"0DF":{"t":"P28A"},"0E3":{"t":"P28A"},"0E7":{"desc":"L1P"},"0EA":{"t":"CH7B"},"0EC":{"desc":"L2P"},"0ED":{"t":"C172"},"0F3":{"t":"B789"},"0F8":{"t":"P32R"},"0FB":{"t":"A320"},"0FC":{"t":"CRJ2"},"100":{"t":"BE35"},"103":{"t":"PC12"},"104":{"t":"SR22"},"119":{"t":"S108"},"11B":{"t":"M20P"},"11C":{"t":"GLF6"},"11D":{"t":"SR20"},"122":{"t":"C25C"},"125":{"t":"T6"},"127":{"t":"SR22"},"12A":{"t":"C172"},"12F":{"desc":"L1P"},"134":{"t":"DA40"},"135":{"t":"DA40"},"13A":{"t":"YK50"},"13B":{"t":"LJ45"},"13D":{"desc":"L1P"},"13E":{"t":"S22T"},"143":{"t":"DA40"},"147":{"t":"PA34"},"14B":{"t":"GLID"},"15B":{"t":"C172"},"164":{"desc":"L1P"},"16C":{"desc":"H1P"},"170":{"t":"S22T"},"175":{"t":"P208"},"192":{"desc":"L1P"},"198":{"t":"S22T"},"19A":{"t":"S22T"},"1A0":{"t":"S22T"},"1A7":{"t":"R44"},"1BC":{"t":"GLID"},"1BF":{"t":"BE33"},"1C0":{"t":"R66"},"1C8":{"desc":"L1P"},"1C9":{"desc":"L1P"},"1DD":{"desc":"L1P"},"1E3":{"t":"BALL"},"1E8":{"t":"E550"},"1EA":{"t":"LJ45"},"1FA":{"desc":"L1P"},"1FD":{"t":"B744"},"204":{"t":"PA44"},"206":{"t":"PA46"},"20B":{"desc":"H1P"},"214":{"desc":"L2T"},"216":{"t":"PA46"},"217":{"t":"P28A"},"22C":{"t":"BE36"},"22D":{"t":"PA44"},"22F":{"t":"M20P"},"23D":{"desc":"H1P"},"256":{"t":"E55P"},"257":{"desc":"H1P"},"25B":{"t":"DH8D"},"261":{"desc":"L1P","t":"ULAC"},"272":{"desc":"L1P"},"278":{"desc":"L1P","t":"ULAC"},"279":{"t":"DA40"},"27C":{"t":"P32R"},"27E":{"t":"R44"},"27F":{"t":"C550"},"281":{"t":"COL4"},"285":{"t":"C172"},"28C":{"t":"CRJ2"},"290":{"t":"BE35"},"296":{"t":"C337"},"2A2":{"t":"P28R"},"2A9":{"desc":"A1P"},"2AA":{"t":"A320"},"2B7":{"t":"B752"},"2C4":{"t":"S22T"},"2C9":{"t":"GLF5"},"2CE":{"desc":"L1P"},"2D7":{"t":"BALL"},"2E7":{"desc":"L1P"},"2E8":{"t":"B737"},"2F4":{"desc":"L1P"},"30F":{"desc":"L1P"},"323":{"t":"E75L"},"328":{"desc":"L1P"},"340":{"t":"PA22"},"342":{"t":"BALL"},"343":{"t":"BE35"},"344":{"t":"CH7A"},"345":{"t":"BALL"},"347":{"t":"BALL"},"348":{"t":"BALL"},"34A":{"t":"C172"},"34B":{"t":"PA12"},"350":{"t":"BE36"},"351":{"t":"P28A"},"352":{"t":"C150"},"355":{"t":"P28A"},"356":{"t":"PA25"},"357":{"t":"BALL"},"358":{"desc":"L1P"},"359":{"t":"PA32"},"35B":{"t":"BALL"},"35C":{"t":"P28A"},"35D":{"t":"P28A"},"35F":{"t":"BE18"},"363":{"t":"PA22"},"364":{"desc":"L1P"},"366":{"t":"BE35"},"36A":{"t":"M20P"},"36B":{"t":"P28A"},"36D":{"t":"C172"},"36E":{"t":"PA12"},"374":{"t":"P28R"},"375":{"t":"C150"},"376":{"desc":"L1P"},"377":{"t":"BE55"},"378":{"t":"P28R"},"379":{"t":"PA25"},"37A":{"t":"PA18"},"37C":{"t":"BALL"},"37F":{"t":"P28A"},"382":{"t":"P28B"},"383":{"t":"PA32"},"386":{"t":"PA22"},"387":{"t":"C336"},"389":{"t":"BE35"},"38A":{"t":"CH7A"},"38C":{"t":"ULAC"},"38D":{"t":"PA15"},"38E":{"desc":"G1P","t":"GYRO"},"38F":{"t":"NAVI"},"390":{"t":"C172"},"393":{"t":"PA23"},"395":{"t":"C172"},"396":{"t":"BE55"},"39A":{"t":"BALL"},"39F":{"t":"P28A"},"3A0":{"t":"P28A"},"3A5":{"t":"BALL"},"3A7":{"t":"P28A"},"3A9":{"t":"PA22"},"3AA":{"t":"C170"},"3AC":{"t":"BE35"},"3B1":{"t":"P28A"},"3B9":{"t":"BE33"},"3BB":{"t":"C150"},"3BE":{"t":"BALL"},"3C0":{"t":"PA18"},"3C3":{"desc":"L1P"},"3C7":{"t":"P28A"},"3C8":{"t":"P28A"},"3CD":{"t":"C170"},"3CF":{"desc":"L1P"},"3D2":{"desc":"L1P"},"3D3":{"t":"PA15"},"3D4":{"t":"P28A"},"3D5":{"t":"BALL"},"3D9":{"t":"GLID"},"3DA":{"t":"C188"},"3DB":{"t":"C172"},"3DD":{"t":"P28R"},"3E0":{"t":"BE36"},"3E1":{"t":"P28A"},"3E2":{"t":"M5"},"3E3":{"t":"PA18"},"3E7":{"t":"P28A"},"3EA":{"t":"P28A"},"3EB":{"t":"P28A"},"3ED":{"t":"P28R"},"3EF":{"t":"PA22"},"3F7":{"t":"P28A"},"3FB":{"t":"BE58"},"3FF":{"t":"BE36"},"400":{"t":"P28R"},"402":{"t":"R44"},"405":{"t":"P68"},"406":{"t":"PA18"},"407":{"t":"P28B"},"409":{"desc":"L1P"},"40A":{"t":"P28A"},"40B":{"t":"P28A"},"40C":{"t":"P28A"},"411":{"t":"R44"},"412":{"t":"B350"},"413":{"t":"C170"},"415":{"t":"BE35"},"41B":{"t":"NAVI"},"41C":{"t":"BE36"},"41E":{"desc":"L1P"},"420":{"t":"C188"},"421":{"t":"C172"},"422":{"t":"BE35"},"426":{"t":"BE55"},"427":{"t":"P28R"},"42B":{"t":"PA32"},"431":{"t":"P28A"},"432":{"t":"P28A"},"433":{"t":"P28A"},"435":{"t":"BE36"},"43B":{"t":"ULAC"},"43F":{"t":"C172"},"444":{"t":"C172"},"445":{"t":"BE36"},"448":{"t":"H500"},"44B":{"t":"PA25"},"44D":{"t":"P28A"},"44E":{"desc":"L1P"},"452":{"t":"P28A"},"458":{"t":"PA22"},"459":{"t":"C170"},"45A":{"t":"C195"},"45B":{"t":"BE35"},"45D":{"desc":"L1P"},"462":{"t":"C172"},"464":{"t":"C182"},"466":{"t":"C152"},"467":{"t":"C172"},"468":{"t":"BE36"},"469":{"t":"R22"},"46C":{"t":"BE35"},"46D":{"t":"PA32"},"46E":{"t":"PA25"},"470":{"t":"ULAC"},"471":{"t":"P28A"},"472":{"t":"P28A"},"474":{"desc":"L1P"},"475":{"t":"PA32"},"476":{"t":"P28A"},"47A":{"t":"HUSK"},"47B":{"t":"PA22"},"47D":{"t":"C195"},"482":{"t":"PA15"},"485":{"t":"C172"},"48A":{"t":"BE36"},"48F":{"t":"BE33"},"492":{"desc":"L1P"},"493":{"t":"P28A"},"494":{"t":"P28A"},"499":{"t":"P28B"},"49A":{"t":"P28B"},"49D":{"desc":"L1P"},"49E":{"desc":"L1P"},"4A3":{"t":"B06"},"4AE":{"desc":"L1P"},"4AF":{"desc":"L1P","t":"ULAC"},"4B0":{"desc":"L1T"},"4B3":{"t":"CRJ2"},"4B7":{"desc":"L1P"},"4B8":{"t":"R44"},"4B9":{"desc":"L1P"},"4BA":{"desc":"L1P","t":"ULAC"},"4BB":{"desc":"L1P"},"4BD":{"t":"B407"},"4C0":{"t":"B738"},"4C7":{"t":"BE36"},"4D1":{"t":"CRJ2"},"4D2":{"desc":"L1P"},"4D6":{"t":"R44"},"4DB":{"t":"DA40"},"4DE":{"t":"C182"},"4E1":{"t":"C172"},"4EB":{"t":"BE9L"},"4F3":{"t":"C150"},"4F4":{"t":"PA46"},"4F7":{"t":"FDCT"},"4FA":{"t":"DA40"},"502":{"desc":"L1P"},"505":{"t":"C680"},"511":{"t":"SR22"},"513":{"t":"C182"},"520":{"t":"A310"},"52D":{"desc":"L4T"},"530":{"desc":"L1P"},"534":{"desc":"L1P"},"538":{"desc":"L1P","t":"ULAC"},"53C":{"t":"B407"},"54D":{"desc":"L1P"},"571":{"t":"BE55"},"57B":{"t":"CL30"},"57F":{"desc":"L1P"},"585":{"desc":"L1P"},"590":{"t":"P28A"},"59E":{"desc":"L1P"},"59F":{"desc":"L1P"},"5A9":{"t":"T206"},"5B2":{"t":"BE36"},"5B8":{"desc":"L1P"},"5B9":{"t":"R44"},"5BA":{"t":"C56X"},"5BB":{"t":"PA44"},"5BF":{"t":"TBM7"},"5CB":{"t":"BE33"},"5CE":{"t":"P28A"},"5E3":{"desc":"L1P"},"5E4":{"t":"R44"},"5E6":{"t":"ULAC"},"5EB":{"t":"B407"},"5F5":{"t":"P46T"},"5F8":{"t":"R44"},"60D":{"t":"E55P"},"612":{"t":"DH8D"},"616":{"desc":"L1P","t":"ULAC"},"618":{"t":"R44"},"61C":{"desc":"L1P"},"625":{"t":"GLID"},"629":{"desc":"L1P"},"62B":{"desc":"L1P","t":"ULAC"},"62E":{"t":"R44"},"631":{"t":"PA46"},"634":{"t":"C550"},"63A":{"desc":"H1P"},"63C":{"t":"H25B"},"63E":{"desc":"L1P"},"63F":{"t":"BALL"},"640":{"desc":"L1P"},"643":{"t":"CRJ2"},"647":{"t":"PA27"},"64A":{"desc":"A1P"},"64F":{"t":"ULAC"},"650":{"desc":"L1P"},"657":{"t":"GLF5"},"658":{"t":"ULAC"},"65B":{"desc":"L1J"},"65D":{"t":"ULAC"},"661":{"t":"A320"},"665":{"desc":"L1P"},"66E":{"t":"B752"},"679":{"desc":"L1P"},"67B":{"desc":"L1P","t":"ULAC"},"694":{"t":"BALL"},"695":{"desc":"L1P"},"69D":{"t":"C182"},"69F":{"t":"B737"},"6A0":{"desc":"L1P"},"6B6":{"desc":"L1P"},"6BC":{"desc":"L1P","t":"ULAC"},"6DA":{"t":"E75L"},"6F7":{"t":"PA18"},"6FF":{"t":"P28A"},"702":{"t":"PA12"},"704":{"t":"PA23"},"707":{"t":"BE35"},"709":{"t":"C150"},"70D":{"t":"PA25"},"70E":{"t":"PA18"},"711":{"t":"P28A"},"713":{"t":"P28A"},"714":{"t":"P28A"},"716":{"t":"N3N"},"717":{"t":"P28A"},"71D":{"t":"BE35"},"71E":{"t":"BE36"},"71F":{"t":"P28A"},"722":{"t":"R44"},"726":{"t":"R22"},"729":{"t":"C185"},"72C":{"t":"C150"},"732":{"t":"P28A"},"733":{"t":"N3N"},"735":{"t":"N3N"},"736":{"t":"P28A"},"737":{"t":"P28A"},"73A":{"t":"N3N"},"73C":{"desc":"H1T","t":"H60"},"73E":{"t":"C170"},"742":{"t":"P28A"},"744":{"t":"M20P"},"746":{"t":"NAVI"},"748":{"desc":"L1P"},"749":{"desc":"L1P"},"74C":{"t":"C172"},"753":{"t":"PA25"},"755":{"t":"N3N"},"758":{"t":"N3N"},"75C":{"t":"P51"},"761":{"t":"C170"},"765":{"t":"P28A"},"766":{"desc":"L1P","t":"ULAC"},"767":{"t":"PA15"},"768":{"t":"P28A"},"76A":{"t":"C172"},"76D":{"t":"PA23"},"76F":{"t":"C172"},"770":{"t":"BE33"},"772":{"t":"C150"},"773":{"t":"BE35"},"775":{"t":"P28A"},"776":{"t":"PA16"},"777":{"t":"PA18"},"77C":{"t":"P28A"},"780":{"t":"N3N"},"782":{"desc":"L1P"},"785":{"t":"C195"},"788":{"t":"P28A"},"789":{"desc":"L1P","t":"ULAC"},"78A":{"t":"M20P"},"78B":{"t":"P28A"},"78D":{"t":"C172"},"78E":{"t":"BE36"},"790":{"desc":"L1P","t":"ULAC"},"793":{"t":"BE36"},"797":{"t":"BE58"},"798":{"t":"P28R"},"79A":{"t":"PA18"},"79B":{"t":"P28R"},"79C":{"t":"N3N"},"79D":{"t":"N3N"},"79F":{"t":"N3N"},"7A1":{"t":"P28B"},"7A2":{"t":"PA32"},"7A3":{"t":"CH7A"},"7A4":{"t":"P28A"},"7A6":{"t":"BE55"},"7A9":{"t":"BE35"},"7AE":{"t":"P28A"},"7AF":{"t":"NAVI"},"7B0":{"t":"C172"},"7B3":{"t":"PA23"},"7B5":{"t":"C82T"},"7B7":{"t":"PA34"},"7BD":{"t":"PA18"},"7BE":{"t":"N3N"},"7C1":{"t":"P28A"},"7C2":{"t":"P28R"},"7C3":{"t":"P28B"},"7C5":{"t":"N3N"},"7C6":{"t":"N3N"},"7C9":{"t":"ULAC"},"7CA":{"t":"C170"},"7CB":{"t":"C195"},"7CD":{"t":"PA38"},"7CE":{"desc":"L2T"},"7CF":{"desc":"L1P","t":"ULAC"},"7D0":{"t":"PA15"},"7D1":{"desc":"H1P"},"7D3":{"t":"C172"},"7DB":{"t":"C150"},"7DC":{"t":"R22"},"7DD":{"t":"BE55"},"7E0":{"t":"PA18"},"7E2":{"t":"P28A"},"7E4":{"t":"P28A"},"7E5":{"t":"P28A"},"7E7":{"t":"N3N"},"7EA":{"t":"N3N"},"7EB":{"t":"BE18"},"7EC":{"t":"PA18"},"7ED":{"t":"C170"},"7EF":{"t":"BE35"},"7F3":{"t":"S22T"},"7F5":{"t":"NAVI"},"7F6":{"t":"C172"},"7F7":{"t":"PA12"},"7F8":{"desc":"L1J"},"7F9":{"t":"PA25"},"7FB":{"t":"C185"},"7FC":{"t":"BE36"},"801":{"desc":"L1P"},"802":{"desc":"L1P"},"804":{"desc":"L1P"},"805":{"t":"P28A"},"806":{"t":"P28A"},"807":{"t":"P28A"},"808":{"desc":"L1P"},"809":{"t":"P28A"},"80B":{"t":"P28B"},"80C":{"t":"J3"},"80F":{"t":"PA18"},"810":{"t":"C170"},"812":{"desc":"L1P"},"815":{"t":"ULAC"},"817":{"t":"P28A"},"81F":{"t":"BE36"},"820":{"t":"P28A"},"821":{"t":"C150"},"823":{"t":"R66"},"824":{"t":"P28A"},"827":{"t":"P28B"},"828":{"t":"GLID"},"829":{"t":"PA32"},"82A":{"t":"PA32"},"830":{"t":"P28A"},"833":{"t":"C170"},"836":{"t":"CH7A"},"83C":{"t":"C172"},"841":{"t":"C172"},"842":{"t":"BE35"},"843":{"t":"P28R"},"845":{"t":"BE35"},"848":{"t":"PA25"},"849":{"t":"PA18"},"84A":{"t":"P28R"},"84C":{"t":"P28A"},"84F":{"t":"T50"},"855":{"t":"P32R"},"85A":{"t":"AS50"},"85B":{"t":"C172"},"85F":{"t":"T206"},"860":{"t":"C182"},"861":{"t":"SR22"},"866":{"t":"B739"},"86A":{"t":"CRJ2"},"86F":{"t":"R44"},"870":{"t":"T210"},"87F":{"t":"RV12"},"888":{"t":"PAY4"},"889":{"t":"PA18"},"88B":{"t":"SR20"},"890":{"t":"C25C"},"892":{"t":"CL30"},"893":{"t":"ST75"},"895":{"t":"C172"},"897":{"t":"BE9L"},"898":{"t":"C172"},"89D":{"t":"C750"},"8A0":{"t":"BE36"},"8A2":{"t":"R44"},"8A6":{"desc":"L2T"},"8B1":{"t":"DA40"},"8B9":{"t":"CL60"},"8C5":{"desc":"L1P"},"8C9":{"t":"C172"},"8CA":{"t":"C182"},"8F6":{"t":"LJ60"},"8F7":{"desc":"L1P"},"8FB":{"t":"ASTR"},"904":{"t":"H25B"},"906":{"t":"HA4T"},"907":{"t":"EA50"},"919":{"t":"M7"},"91D":{"t":"BE35"},"91E":{"t":"PA44"},"924":{"t":"PA34"},"929":{"t":"AS55"},"92B":{"desc":"L1P","t":"ULAC"},"92D":{"t":"RV12"},"92E":{"t":"S61"},"932":{"desc":"L1P","t":"ULAC"},"936":{"desc":"L1P"},"939":{"t":"C680"},"93D":{"t":"P32R"},"942":{"desc":"L1P"},"94F":{"t":"BE36"},"950":{"t":"AT8T"},"951":{"t":"BALL"},"95A":{"t":"C525"},"95B":{"t":"SR22"},"968":{"desc":"L1P"},"969":{"t":"P32R"},"96B":{"desc":"L1P"},"96D":{"t":"EC35"},"971":{"t":"PA32"},"972":{"t":"PA44"},"974":{"desc":"L1P"},"97A":{"desc":"L1P"},"981":{"desc":"L1P"},"985":{"t":"P28A"},"9A2":{"t":"B407"},"9A4":{"desc":"L1P"},"9AC":{"desc":"L1P"},"9C4":{"t":"GLF4"},"9C9":{"t":"DH8D"},"9CC":{"desc":"A1P"},"9CD":{"desc":"L1P","t":"ULAC"},"9CE":{"desc":"L1P"},"9D5":{"t":"C182"},"9DD":{"t":"GLID"},"9DE":{"t":"C680"},"9E0":{"desc":"L1P"},"9E5":{"desc":"L1P"},"9E6":{"desc":"L1P","t":"ULAC"},"9E8":{"t":"BE40"},"9ED":{"t":"R44"},"9F3":{"t":"BE55"},"9F5":{"t":"SR22"},"9F7":{"t":"PA46"},"9FA":{"t":"CRJ2"},"9FF":{"t":"C172"},"A00":{"t":"FA20"},"A01":{"t":"ULAC"},"A02":{"t":"C182"},"A05":{"t":"RV12"},"A0A":{"t":"E55P"},"A10":{"t":"SR22"},"A18":{"t":"A320"},"A25":{"t":"B752"},"A28":{"t":"DA40"},"A2B":{"t":"RV12"},"A51":{"desc":"L1P"},"A56":{"t":"B737"},"A57":{"desc":"L1P"},"A91":{"desc":"L2J"},"AAD":{"t":"UH1"},"AB0":{"t":"C195"},"AB4":{"t":"ULAC"},"AB5":{"t":"PA15"},"AB6":{"t":"P28A"},"AB9":{"t":"PA12"},"ABD":{"t":"C172"},"ABE":{"desc":"L1P"},"ABF":{"t":"P28R"},"AC1":{"desc":"L1P"},"AC2":{"t":"R66"},"AC5":{"desc":"L1P"},"AC6":{"t":"P28A"},"AC8":{"t":"P28R"},"ACB":{"t":"P28A"},"ACC":{"t":"P28A"},"AD0":{"desc":"L1P"},"AD2":{"desc":"L1P"},"AD5":{"t":"CH7A"},"AD8":{"t":"PA15"},"AD9":{"t":"P28A"},"ADA":{"t":"NAVI"},"AE1":{"t":"BE55"},"AE2":{"t":"PA34"},"AE6":{"t":"P28A"},"AE8":{"t":"PA18"},"AEC":{"t":"PA32"},"AEF":{"t":"N3N"},"AF0":{"t":"P28A"},"AF2":{"t":"P28A"},"AF8":{"t":"PA18"},"AFC":{"t":"P28A"},"B03":{"t":"C172"},"B05":{"t":"P28A"},"B08":{"t":"BE58"},"B0A":{"t":"PA25"},"B0C":{"t":"P28A"},"B0D":{"t":"N3N"},"B0E":{"t":"N3N"},"B13":{"t":"N3N"},"B15":{"t":"R66"},"B17":{"desc":"L1P","t":"ULAC"},"B19":{"t":"PA24"},"B1C":{"t":"P28A"},"B1F":{"t":"P28A"},"B21":{"t":"C172"},"B22":{"t":"PA12"},"B23":{"desc":"L1P"},"B26":{"t":"C185"},"B28":{"t":"PA32"},"B2B":{"t":"BE40"},"B2C":{"t":"P28A"},"B2E":{"t":"PA18"},"B2F":{"desc":"H1P"},"B32":{"t":"N3N"},"B35":{"t":"P28A"},"B36":{"t":"N3N"},"B38":{"t":"N3N"},"B3B":{"t":"C170"},"B3C":{"t":"C195"},"B41":{"desc":"L1P"},"B43":{"t":"NAVI"},"B44":{"t":"C172"},"B4C":{"t":"C150"},"B4E":{"t":"BE35"},"B4F":{"t":"P28R"},"B50":{"t":"PA25"},"B51":{"desc":"L1P"},"B54":{"t":"N3N"},"B55":{"t":"N3N"},"B56":{"t":"P28S"},"B57":{"t":"P28S"},"B59":{"t":"P28A"},"B5A":{"t":"N3N"},"B5C":{"t":"T6"},"B5D":{"t":"PA18"},"B62":{"t":"P28A"},"B64":{"t":"M20P"},"B68":{"t":"PA12"},"B6D":{"t":"BE35"},"B6E":{"t":"P28A"},"B6F":{"t":"C150"},"B72":{"t":"PA32"},"B76":{"t":"PA32"},"B7D":{"t":"P28A"},"B7E":{"t":"P28S"},"B7F":{"t":"T6"},"B80":{"t":"BE55"},"B82":{"t":"C195"},"B85":{"t":"P28R"},"B87":{"t":"M20P"},"B88":{"t":"P28A"},"B8A":{"desc":"L1J"},"B8B":{"t":"PA12"},"B8F":{"t":"C172"},"B90":{"t":"BE35"},"B92":{"t":"C150"},"B94":{"t":"BE35"},"B96":{"t":"PA25"},"B9A":{"t":"P28S"},"B9B":{"t":"P32R"},"BA5":{"t":"C195"},"BA7":{"t":"CH7A"},"BAA":{"t":"PA15"},"BAC":{"t":"TNAV"},"BAE":{"t":"PA12"},"BB0":{"t":"PA23"},"BB3":{"t":"BE36"},"BB4":{"t":"P28R"},"BB6":{"t":"BE35"},"BB9":{"t":"PA25"},"BBA":{"t":"GC1"},"BBD":{"t":"P28A"},"BBE":{"t":"N3N"},"BBF":{"t":"N3N"},"BC5":{"t":"T6"},"BC7":{"desc":"L1P","t":"ULAC"},"BC8":{"t":"C195"},"BCD":{"t":"R66"},"BD0":{"t":"BE9L"},"BD1":{"t":"BE36"},"BD5":{"t":"C172"},"BD6":{"t":"C180"},"BD7":{"t":"P28R"},"BD9":{"t":"BE35"},"BDB":{"t":"P28A"},"BDD":{"t":"PA18"},"BE2":{"t":"P28A"},"BE4":{"t":"P28A"},"BE5":{"t":"P28R"},"BE7":{"t":"P28S"},"BEA":{"t":"C170"},"BEC":{"t":"BE35"},"BED":{"t":"CH7A"},"BF0":{"t":"PA15"},"BF6":{"t":"BE35"},"BF9":{"t":"BE36"},"BFB":{"t":"C150"},"BFD":{"t":"BE36"},"BFE":{"t":"P28A"},"C00":{"t":"PA18"},"C02":{"t":"P28S"},"C06":{"desc":"L1P"},"C09":{"t":"P28A"},"C0B":{"t":"C180"},"C0C":{"t":"P28A"},"C11":{"t":"EC20"},"C12":{"desc":"L1P"},"C13":{"t":"C177"},"C18":{"t":"BE9L"},"C1D":{"t":"R44"},"C1E":{"desc":"L1T"},"C21":{"t":"CRJ2"},"C24":{"t":"B763"},"C25":{"t":"B230"},"C26":{"t":"R44"},"C28":{"t":"R44"},"C2F":{"desc":"L2T"},"C3C":{"t":"PC12"},"C3D":{"t":"C25C"},"C3E":{"t":"A109"},"C3F":{"t":"TBM7"},"C41":{"desc":"L1P"},"C42":{"t":"R44"},"C4A":{"t":"ULAC"},"C4B":{"t":"R44"},"C4F":{"t":"C172"},"C58":{"desc":"L1P"},"C5D":{"desc":"L2T"},"C62":{"t":"BE60"},"C63":{"desc":"L1P"},"C68":{"t":"DA42"},"C69":{"t":"C501"},"C6C":{"t":"P28S"},"C6E":{"t":"P28R"},"C72":{"desc":"L1P"},"C85":{"desc":"L1P"},"C8A":{"t":"R22"},"C8E":{"desc":"L2T"},"CAD":{"t":"H25B"},"CCB":{"desc":"L1P"},"CD0":{"desc":"L1P"},"CD5":{"t":"PA44"},"CDB":{"t":"AEST"},"CDF":{"t":"DA40"},"CE2":{"desc":"L1P","t":"ULAC"},"CE5":{"t":"BE9T"},"CF0":{"t":"PC12"},"D06":{"desc":"L1P"},"D09":{"t":"AC90"},"D11":{"t":"BT36"},"D20":{"t":"TBM7"},"D25":{"desc":"L1P"},"D27":{"t":"C310"},"D2B":{"desc":"L1T","t":"PA46"},"D30":{"t":"R44"},"D31":{"t":"GLF6"},"D3C":{"t":"P28A"},"D51":{"t":"B407"},"D52":{"t":"PA44"},"D55":{"t":"BE35"},"D59":{"t":"B407"},"D5D":{"desc":"L1P"},"D62":{"desc":"L1P"},"D7B":{"t":"E55P"},"D84":{"desc":"L1P","t":"ULAC"},"D86":{"t":"UH1"},"D8D":{"t":"PC12"},"D97":{"desc":"L1P"},"D9D":{"t":"F2TH"},"D9F":{"t":"ULAC"},"DA2":{"t":"C180"},"DAA":{"t":"C172"},"DAC":{"t":"SR22"},"DAE":{"desc":"L1P"},"DB1":{"t":"CRJ2"},"DB5":{"t":"BE35"},"DB6":{"t":"PA31"},"DC1":{"t":"BE40"},"DC5":{"desc":"L1P"},"DC6":{"t":"DA42"},"DC7":{"t":"PA46"},"DCD":{"t":"GLID"},"DCF":{"t":"A320"},"DDC":{"t":"B752"},"DFE":{"t":"C182"},"E01":{"t":"C182"},"E02":{"t":"ULAC"},"E06":{"t":"PA18"},"E0C":{"t":"SR22"},"E0D":{"t":"B737"},"E13":{"desc":"H2T"},"E14":{"t":"ULAC"},"E46":{"desc":"L2T","t":"DH8B"},"E48":{"desc":"L2J"},"E65":{"t":"PA18"},"E66":{"t":"C170"},"E68":{"t":"BE35"},"E6A":{"t":"PA34"},"E6C":{"t":"PA15"},"E6D":{"t":"P28A"},"E70":{"t":"BE10"},"E72":{"t":"PA23"},"E74":{"t":"C185"},"E75":{"desc":"L1P"},"E79":{"t":"BE55"},"E7B":{"t":"PA25"},"E7F":{"t":"N3N"},"E80":{"t":"P28S"},"E84":{"t":"N3N"},"E88":{"t":"PA18"},"E89":{"t":"C170"},"E8D":{"t":"P28A"},"E8F":{"t":"PA15"},"EA4":{"desc":"L4P"},"EA9":{"t":"C172"},"EAA":{"t":"C185"},"EAB":{"t":"PA18"},"EAC":{"t":"C170"},"EAD":{"t":"C195"},"EB1":{"desc":"A1P","t":"ULAC"},"EB2":{"t":"PA15"},"EB3":{"t":"BE58"},"EB7":{"desc":"A2P"},"EBB":{"t":"BE36"},"EBD":{"t":"C421"},"EC3":{"t":"N3N"},"EC5":{"t":"N3N"},"EC6":{"t":"N3N"},"EC9":{"t":"N3N"},"ECC":{"t":"P28A"},"ECF":{"t":"C170"},"ED2":{"t":"CH7A"},"ED3":{"t":"P28A"},"ED4":{"desc":"L1P","t":"ULAC"},"ED6":{"t":"P28A"},"ED7":{"t":"NAVI"},"EDD":{"t":"C172"},"EDE":{"t":"BE35"},"EE1":{"t":"BE35"},"EE3":{"t":"R44"},"EE5":{"t":"PA18"},"EE7":{"t":"P28A"},"EED":{"t":"N3N"},"EF2":{"t":"C170"},"EF3":{"t":"C195"},"EF6":{"t":"PA23"},"EF7":{"desc":"L1P"},"EF8":{"t":"PA15"},"EF9":{"t":"P28A"},"EFA":{"t":"NAVI"},"EFB":{"t":"C172"},"EFE":{"t":"PA23"},"F01":{"t":"BE36"},"F05":{"t":"BE35"},"F07":{"t":"PA25"},"F08":{"t":"PA18"},"F0A":{"t":"P28S"},"F0C":{"t":"N3N"},"F0D":{"t":"PA32"},"F0E":{"t":"PA34"},"F12":{"t":"P28A"},"F13":{"t":"WACO"},"F16":{"t":"C195"},"F17":{"t":"PA11"},"F19":{"t":"P28A"},"F1D":{"t":"NAVI"},"F1E":{"t":"C172"},"F23":{"t":"C172"},"F24":{"t":"BE36"},"F2A":{"t":"PA25"},"F2B":{"t":"PA18"},"F2E":{"t":"N3N"},"F2F":{"desc":"L1P"},"F30":{"t":"N3N"},"F35":{"t":"P68"},"F37":{"desc":"G1P","t":"GYRO"},"F3C":{"t":"P28A"},"F3F":{"t":"P28A"},"F40":{"t":"NAVI"},"F41":{"t":"C172"},"F44":{"t":"PA23"},"F45":{"t":"C188"},"F47":{"t":"BE35"},"F49":{"t":"C150"},"F4C":{"t":"P28A"},"F4D":{"t":"PA25"},"F4E":{"t":"PA18"},"F4F":{"t":"P28A"},"F51":{"t":"P28S"},"F52":{"t":"N3N"},"F54":{"t":"N3N"},"F55":{"t":"P28S"},"F57":{"t":"PA34"},"F5A":{"t":"PA18"},"F5B":{"t":"C170"},"F5F":{"t":"P28R"},"F61":{"t":"M20P"},"F62":{"t":"P28A"},"F63":{"t":"NAVI"},"F66":{"t":"ST75"},"F67":{"t":"PA23"},"F69":{"t":"C172"},"F6A":{"t":"BE33"},"F6B":{"t":"P28R"},"F6D":{"t":"R44"},"F6F":{"t":"P28A"},"F70":{"t":"AS50"},"F72":{"t":"N3N"},"F74":{"t":"N3N"},"F76":{"t":"P28A"},"F7A":{"t":"N3N"},"F7B":{"t":"P28A"},"F7C":{"desc":"L1P"},"F7E":{"t":"C170"},"F7F":{"t":"C190"},"F81":{"t":"CH7A"},"F82":{"t":"P32R"},"F84":{"t":"M20P"},"F85":{"t":"P28A"},"F89":{"t":"ST75"},"F8D":{"t":"BE36"},"F8E":{"t":"P28R"},"F8F":{"t":"C150"},"F93":{"desc":"L2T"},"F95":{"t":"BE36"},"F98":{"t":"BE33"},"F9B":{"t":"N3N"},"F9C":{"t":"N3N"},"F9D":{"t":"N3N"},"F9F":{"t":"R44"},"FA3":{"t":"BE35"},"FA6":{"desc":"L1P","t":"ULAC"},"FA7":{"t":"PA15"},"FA8":{"t":"P28A"},"FA9":{"t":"NAVI"},"FAA":{"t":"C172"},"FAD":{"t":"PA23"},"FB2":{"t":"C150"},"FB4":{"t":"P28A"},"FB5":{"t":"P32R"},"FB8":{"t":"PA32"},"FBD":{"t":"P28S"},"FBE":{"t":"P28A"},"FBF":{"t":"R44"},"FC1":{"t":"TAYB"},"FC5":{"desc":"L1P"},"FC6":{"t":"FA50"},"FC8":{"t":"LJ35"},"FC9":{"t":"C501"},"FCA":{"t":"C172"},"FCB":{"t":"HUSK"},"FCF":{"t":"C210"},"FD1":{"desc":"H1P"},"FD5":{"t":"ULAC"},"FD7":{"t":"BALL"},"FD8":{"t":"GLID"},"FD9":{"t":"LJ45"},"FDA":{"t":"C680"},"FDB":{"t":"AC90"},"FDD":{"t":"GLID"},"FDE":{"t":"C421"},"FE1":{"t":"C25B"},"FE5":{"desc":"L1P"},"FE7":{"t":"BT36"},"FE8":{"desc":"L1P"},"FE9":{"desc":"L1P","t":"WACF"},"FEC":{"desc":"L1P"},"FED":{"t":"YK52"},"FEE":{"desc":"L1P"},"FF0":{"t":"SR22"},"FF1":{"desc":"A1P"},"FF4":{"t":"A109"},"FF5":{"t":"SR20"},"FF6":{"t":"R44"},"FF8":{"t":"SR20"},"FF9":{"t":"P28A"},"FFB":{"t":"BE18"},"FFC":{"t":"E300"},"FFD":{"t":"AA5"},"FFE":{"t":"C25B"},"FFF":{"t":"T6"}}