{"000":{"desc":"L1P"},"001":{"desc":"H1P"},"002":{"desc":"H1P"},"003":{"t":"T210"},"005":{"desc":"L1P"},"006":{"t":"C182"},"007":{"t":"T6"},"009":{"desc":"L1P"},"00A":{"t":"BE55"},"00B":{"t":"SR22"},"00F":{"t":"C172"},"010":{"t":"C150"},"013":{"t":"B06"},"015":{"t":"GLID"},"016":{"t":"BE55"},"019":{"desc":"L1P","t":"ULAC"},"01A":{"t":"SR22"},"01B":{"desc":"L1P"},"01C":{"t":"GLF4"},"01F":{"t":"C185"},"020":{"t":"T34P"},"022":{"desc":"A1T","t":"KODI"},"023":{"t":"BE35"},"026":{"desc":"L1P","t":"ULAC"},"028":{"t":"B06"},"029":{"t":"GLID"},"02B":{"t":"LJ24"},"02C":{"t":"BE58"},"02D":{"t":"C172"},"02F":{"desc":"L1P"},"030":{"t":"LJ45"},"031":{"desc":"L1T"},"033":{"t":"GLID"},"037":{"t":"C182"},"038":{"t":"PA31"},"039":{"t":"GLF4"},"03B":{"desc":"H1P"},"03C":{"t":"GLID"},"03D":{"desc":"L1P"},"03F":{"desc":"L1P"},"042":{"desc":"L1P","t":"ULAC"},"043":{"desc":"L1P"},"044":{"t":"S22T"},"047":{"t":"LJ35"},"04B":{"t":"STAR"},"04C":{"t":"BE58"},"051":{"t":"C550"},"055":{"t":"P32R"},"05B":{"t":"C25A"},"05C":{"desc":"L2T","t":"BE18"},"05D":{"t":"H25B"},"05F":{"t":"GLID"},"060":{"desc":"L1P"},"061":{"t":"LJ45"},"062":{"desc":"L1P"},"063":{"desc":"L1P"},"064":{"t":"SR22"},"065":{"desc":"A1P"},"067":{"desc":"L1P"},"06A":{"t":"T34P"},"06B":{"desc":"L1P"},"06D":{"t":"C172"},"06E":{"desc":"L1P"},"06F":{"t":"GLEX"},"073":{"t":"B25"},"074":{"desc":"L1P"},"075":{"t":"R44"},"076":{"t":"LJ45"},"078":{"t":"LJ45"},"079":{"t":"LJ45"},"07A":{"t":"P32R"},"07B":{"t":"AEST"},"07C":{"t":"LJ45"},"082":{"t":"M7"},"083":{"desc":"L1P"},"087":{"desc":"H1P"},"089":{"t":"HUSK"},"08C":{"t":"LJ45"},"08D":{"t":"FA20"},"08E":{"desc":"L1P"},"090":{"t":"GLF5"},"092":{"t":"LJ45"},"094":{"t":"C340"},"096":{"t":"PA30"},"098":{"t":"SR22"},"099":{"desc":"L1P"},"09B":{"t":"C421"},"09C":{"t":"L8"},"09D":{"t":"BE35"},"09F":{"desc":"L1P"},"0A0":{"desc":"L1P"},"0A4":{"t":"CH7A"},"0A5":{"t":"GLID"},"0A6":{"t":"S22T"},"0A7":{"desc":"A1P"},"0AB":{"t":"H25B"},"0AC":{"t":"LJ45"},"0AD":{"t":"C182"},"0AF":{"desc":"L1P"},"0B0":{"desc":"L1P"},"0B1":{"t":"H25B"},"0B2":{"t":"C402"},"0B6":{"desc":"L1P"},"0BA":{"t":"LJ45"},"0BD":{"desc":"A1P"},"0C0":{"t":"BE36"},"0C4":{"desc":"L1P","t":"ULAC"},"0C6":{"t":"LJ45"},"0C8":{"t":"C182"},"0C9":{"t":"AA5"},"0CD":{"t":"LJ45"},"0CE":{"desc":"L1P"},"0CF":{"desc":"L1P"},"0D1":{"t":"LJ45"},"0D2":{"desc":"H1P"},"0D7":{"t":"BL8"},"0D8":{"t":"PA24"},"0D9":{"desc":"L1P"},"0DA":{"desc":"L1P"},"0DC":{"t":"LJ35"},"0DD":{"desc":"L1P"},"0DE":{"t":"C25A"},"0DF":{"t":"PA31"},"0E1":{"t":"C550"},"0E2":{"desc":"L1P"},"0E7":{"t":"BE36"},"0E8":{"t":"PA34"},"0EB":{"t":"LJ45"},"0F0":{"t":"DC93"},"0F1":{"t":"PRM1"},"0F3":{"desc":"L1P"},"0F5":{"t":"C680"},"0FA":{"desc":"L1P"},"0FB":{"t":"LJ45"},"0FD":{"t":"LJ45"},"100":{"t":"C56X"},"105":{"t":"PC12"},"106":{"t":"LJ45"},"10B":{"t":"PA22"},"10D":{"t":"P32R"},"10E":{"desc":"L1P"},"10F":{"t":"R44"},"110":{"t":"PA18"},"111":{"t":"RV12"},"112":{"t":"F2TH"},"113":{"t":"BE33"},"114":{"t":"PC12"},"115":{"desc":"L1P","t":"ULAC"},"116":{"t":"BL8"},"118":{"t":"U21"},"119":{"t":"BE35"},"11A":{"t":"BE58"},"11C":{"desc":"A2P"},"11D":{"t":"SR22"},"121":{"desc":"L1P"},"12F":{"desc":"L1P"},"130":{"t":"LJ45"},"13B":{"t":"P28A"},"13D":{"t":"C560"},"13F":{"desc":"L1P"},"140":{"t":"AC95"},"142":{"t":"M20P"},"143":{"desc":"L1P","t":"ULAC"},"144":{"t":"BE40"},"146":{"t":"C525"},"147":{"t":"AEST"},"14A":{"t":"LJ45"},"14C":{"t":"F2TH"},"14E":{"desc":"L1P"},"14F":{"t":"P28A"},"152":{"desc":"L1P"},"153":{"t":"E300"},"154":{"t":"BE9L"},"156":{"t":"BE60"},"157":{"t":"PA34"},"158":{"t":"CL30"},"159":{"desc":"L1P"},"15A":{"desc":"L1P"},"15B":{"t":"A109"},"15D":{"desc":"L2T","t":"BE18"},"15E":{"t":"R44"},"160":{"desc":"L1P"},"161":{"t":"UH1"},"163":{"t":"PA31"},"164":{"desc":"L1P"},"165":{"t":"GLF5"},"167":{"t":"HUSK"},"168":{"desc":"L1P"},"169":{"desc":"L1P"},"16D":{"t":"BE35"},"16E":{"t":"T34P"},"16F":{"t":"BE55"},"170":{"t":"PA18"},"172":{"t":"C340"},"173":{"desc":"L1P"},"174":{"t":"GLID"},"175":{"t":"NAVI"},"177":{"t":"C501"},"178":{"desc":"L1P"},"17A":{"t":"C25C"},"17D":{"desc":"L1P"},"17E":{"t":"HUSK"},"17F":{"t":"LJ45"},"180":{"t":"B407"},"181":{"desc":"L1P"},"182":{"desc":"L1P"},"184":{"desc":"L1P"},"189":{"t":"C172"},"18D":{"t":"EC45"},"191":{"t":"BALL"},"196":{"t":"BE33"},"19D":{"desc":"L1P"},"19E":{"t":"NAVI"},"19F":{"t":"LJ45"},"1A1":{"t":"C210"},"1A4":{"desc":"L1P"},"1A7":{"desc":"L1P"},"1AC":{"t":"C510"},"1B1":{"t":"SR20"},"1B2":{"t":"C172"},"1B4":{"desc":"H1T"},"1B6":{"t":"M20T"},"1B8":{"t":"T6"},"1B9":{"t":"C180"},"1BA":{"t":"C182"},"1BB":{"desc":"L1P"},"1BC":{"desc":"L1P"},"1BD":{"t":"PA46"},"1BF":{"desc":"L1P"},"1C0":{"desc":"L1P"},"1C2":{"t":"CL60"},"1C4":{"t":"PA46"},"1C7":{"desc":"L1P"},"1C8":{"t":"C77R"},"1C9":{"t":"SR22"},"1CB":{"desc":"L1P"},"1CC":{"t":"BE36"},"1D0":{"t":"BE35"},"1D4":{"t":"T210"},"1DE":{"t":"LJ45"},"1E1":{"t":"GLID"},"1E2":{"t":"LJ45"},"1EF":{"t":"LJ45"},"1F3":{"t":"YAK9"},"1FE":{"desc":"A1P"},"1FF":{"desc":"L1P"},"219":{"desc":"L1P","t":"ULAC"},"21A":{"desc":"L1P"},"21B":{"t":"ST75"},"21C":{"desc":"L2P"},"21D":{"t":"P28A"},"21E":{"t":"GLF4"},"21F":{"t":"CH7A"},"220":{"t":"ST75"},"223":{"desc":"H1T"},"228":{"t":"B407"},"22A":{"t":"SR22"},"22C":{"t":"GLF4"},"22D":{"t":"PA27"},"231":{"t":"CRJ2"},"234":{"t":"G280"},"236":{"t":"BE23"},"237":{"t":"ST75"},"238":{"t":"LJ45"},"239":{"t":"GLF3"},"23A":{"t":"GLF4"},"23C":{"t":"GLF4"},"247":{"t":"GLF4"},"249":{"t":"C25B"},"24F":{"t":"P28A"},"251":{"desc":"H1T"},"252":{"t":"SR22"},"253":{"t":"GLF4"},"254":{"t":"BE55"},"256":{"t":"E545"},"257":{"t":"ST75"},"258":{"t":"B350"},"25A":{"t":"C25C"},"25E":{"t":"B350"},"25F":{"t":"P210"},"260":{"desc":"L1P"},"267":{"t":"ST75"},"268":{"desc":"L1T","t":"P210"},"269":{"desc":"L1P"},"26D":{"desc":"L2T"},"26F":{"t":"C210"},"270":{"t":"ST75"},"272":{"t":"R44"},"273":{"desc":"L1P"},"274":{"desc":"H4E"},"275":{"desc":"L1P"},"279":{"t":"GLF4"},"27C":{"t":"B350"},"280":{"t":"ST75"},"285":{"t":"GLF4"},"291":{"desc":"L1P"},"298":{"desc":"L1P"},"29C":{"t":"LJ45"},"29E":{"t":"A310"},"2A2":{"t":"GLF4"},"2A3":{"t":"GLF4"},"2A4":{"t":"P28A"},"2AA":{"desc":"L2T"},"2AD":{"t":"F900"},"2AF":{"t":"GLF4"},"2B3":{"t":"GLF4"},"2B6":{"t":"GLF4"},"2CE":{"t":"PAY2"},"2CF":{"t":"DG15"},"2D9":{"desc":"L1P"},"2DA":{"t":"GLF4"},"2DC":{"t":"ST75"},"2E5":{"t":"PA44"},"2E6":{"t":"ST75"},"2E7":{"t":"GLF4"},"2E8":{"t":"P28B"},"2E9":{"t":"GLF4"},"2EA":{"t":"E50P"},"2EC":{"desc":"L1P"},"2F4":{"t":"BE58"},"2F5":{"t":"GLF4"},"2F6":{"t":"C182"},"2F9":{"t":"ST75"},"2FD":{"t":"COL4"},"300":{"t":"PA31"},"307":{"t":"GLF4"},"30D":{"t":"GLF4"},"30E":{"desc":"L1P"},"30F":{"t":"GLF4"},"311":{"t":"LJ45"},"314":{"t":"ULAC"},"316":{"t":"GLF4"},"317":{"desc":"L1P"},"318":{"t":"BALL"},"319":{"t":"E545"},"31A":{"t":"BE35"},"31E":{"t":"BE55"},"31F":{"t":"LJ45"},"324":{"t":"GLF4"},"326":{"t":"GLF4"},"32A":{"t":"GLF4"},"330":{"desc":"L1P","t":"ULAC"},"331":{"t":"GLF4"},"332":{"t":"R66"},"333":{"t":"ST75"},"334":{"t":"GLF4"},"335":{"t":"ST75"},"337":{"t":"GLF4"},"33A":{"t":"DC10"},"33B":{"t":"C560"},"33D":{"desc":"L1P"},"341":{"t":"EC35"},"343":{"desc":"L1T"},"344":{"t":"PAY4"},"348":{"t":"SR22"},"349":{"desc":"L2T"},"34D":{"t":"EA50"},"361":{"desc":"L1P"},"362":{"t":"B744"},"364":{"t":"PC12"},"367":{"desc":"L1P"},"368":{"t":"GLF4"},"369":{"t":"B407"},"36C":{"desc":"L1P"},"36D":{"t":"PA22"},"371":{"desc":"L1P"},"372":{"desc":"L2J"},"373":{"t":"ST75"},"374":{"t":"GLF4"},"376":{"t":"ST75"},"38B":{"t":"GLF4"},"390":{"t":"DH8D"},"393":{"desc":"L1P"},"394":{"desc":"L1P"},"395":{"t":"EA50"},"398":{"t":"C195"},"39A":{"t":"GLF4"},"39C":{"desc":"L1P"},"39D":{"t":"ULAC"},"39F":{"t":"BE30"},"3A1":{"t":"C162"},"3A4":{"desc":"L1P"},"3A7":{"t":"RV12"},"3A9":{"t":"GLF4"},"3AC":{"t":"BE20"},"3AF":{"t":"P210"},"3B1":{"t":"P210"},"3B4":{"t":"ST75"},"3B5":{"desc":"L1P"},"3B7":{"t":"BE36"},"3BC":{"t":"ST75"},"3BD":{"t":"ST75"},"3BF":{"t":"SR22"},"3C5":{"t":"GLF4"},"3C6":{"t":"BE18"},"3C7":{"t":"BE40"},"3C8":{"t":"ST75"},"3CA":{"t":"BALL"},"3CB":{"t":"COL4"},"3CD":{"t":"BE58"},"3CE":{"t":"LJ45"},"3D1":{"t":"BE40"},"3D2":{"desc":"L1P"},"3D3":{"t":"T206"},"3D5":{"t":"C25A"},"3DA":{"desc":"L1P"},"3DB":{"t":"SR22"},"3EC":{"t":"B752"},"3EE":{"t":"ST75"},"3F7":{"t":"ST75"},"407":{"t":"C172"},"410":{"t":"BE95"},"412":{"t":"GLF4"},"413":{"t":"GLF4"},"417":{"t":"GLF4"},"41C":{"desc":"L1P"},"41D":{"t":"B737"},"421":{"t":"BE36"},"422":{"t":"ST75"},"429":{"t":"M7T"},"42C":{"desc":"L1P"},"437":{"desc":"L1P"},"43F":{"t":"GLF4"},"452":{"t":"BE33"},"458":{"desc":"L2J"},"45B":{"t":"GLF4"},"46B":{"t":"P28A"},"474":{"t":"GLID"},"476":{"t":"C180"},"477":{"t":"C170"},"479":{"t":"GLID"},"47A":{"t":"P32R"},"47D":{"t":"BALL"},"47E":{"t":"P210"},"480":{"t":"ERCO"},"484":{"t":"P28A"},"485":{"t":"BALL"},"486":{"desc":"L1P"},"487":{"t":"C150"},"488":{"t":"C320"},"489":{"t":"PA18"},"48A":{"desc":"L2J"},"48C":{"t":"PA22"},"48D":{"t":"T6"},"48F":{"t":"PA31"},"491":{"t":"PA31"},"493":{"t":"DG15"},"499":{"t":"PA31"},"49C":{"t":"C172"},"49D":{"t":"BALL"},"49E":{"t":"AT3T"},"49F":{"t":"M20P"},"4A0":{"t":"P28R"},"4A1":{"t":"NAVI"},"4A2":{"desc":"L2P"},"4A4":{"t":"ST75"},"4A6":{"t":"AT5T"},"4A7":{"t":"P28A"},"4A8":{"t":"BE55"},"4A9":{"t":"BALL"},"4AA":{"t":"C150"},"4AB":{"t":"BE35"},"4AC":{"t":"BALL"},"4AD":{"t":"AT5T"},"4AE":{"t":"BALL"},"4AF":{"t":"AT5T"},"4B1":{"t":"AT5T"},"4B3":{"t":"BALL"},"4B4":{"t":"PA31"},"4B5":{"t":"N3N"},"4B6":{"t":"J3"},"4B8":{"t":"N3N"},"4B9":{"t":"AT5T"},"4BC":{"t":"C180"},"4BD":{"t":"C170"},"4C2":{"t":"AT5T"},"4C3":{"t":"BALL"},"4C6":{"t":"PA11"},"4C7":{"t":"C170"},"4C8":{"t":"AT5T"},"4C9":{"t":"BALL"},"4CB":{"t":"AT3T"},"4CC":{"t":"PA18"},"4CD":{"t":"C150"},"4CE":{"t":"BALL"},"4CF":{"t":"BALL"},"4D0":{"t":"AT8T"},"4D1":{"t":"PA31"},"4D2":{"t":"PA22"},"4D6":{"t":"C150"},"4D7":{"t":"N3N"},"4D8":{"t":"N3N"},"4D9":{"t":"N3N"},"4DA":{"t":"AT3T"},"4DB":{"t":"C150"},"4DF":{"t":"T6"},"4E1":{"t":"BE35"},"4E3":{"t":"P28A"},"4E6":{"t":"P28R"},"4E7":{"t":"NAVI"},"4EB":{"t":"BALL"},"4EE":{"t":"BE33"},"4F3":{"t":"BALL"},"4F4":{"t":"PA18"},"4F5":{"t":"PA22"},"4F6":{"t":"BALL"},"4F7":{"t":"C150"},"4F9":{"t":"N3N"},"4FA":{"t":"C150"},"4FB":{"t":"N3N"},"503":{"t":"C170"},"504":{"t":"BE35"},"505":{"t":"CH7A"},"509":{"t":"BALL"},"50C":{"desc":"S1P","t":"PA11"},"50D":{"t":"C185"},"510":{"t":"BALL"},"511":{"t":"BE36"},"512":{"t":"BALL"},"514":{"t":"BE35"},"515":{"t":"BALL"},"517":{"t":"PA18"},"51B":{"t":"N3N"},"51C":{"t":"N3N"},"51D":{"t":"BALL"},"51E":{"t":"C150"},"51F":{"t":"N3N"},"520":{"t":"N3N"},"524":{"t":"PA22"},"525":{"t":"BALL"},"529":{"t":"P28A"},"52B":{"t":"J3"},"52D":{"t":"NAVI"},"52F":{"t":"PA11"},"530":{"t":"BALL"},"533":{"t":"P28A"},"534":{"t":"BE33"},"535":{"t":"BALL"},"536":{"t":"C150"},"539":{"t":"P32R"},"53A":{"t":"PA18"},"53C":{"t":"PA27"},"53E":{"t":"PA31"},"53F":{"t":"N3N"},"540":{"t":"BALL"},"542":{"t":"N3N"},"543":{"t":"N3N"},"545":{"t":"BALL"},"547":{"t":"PA22"},"549":{"t":"C185"},"54A":{"t":"BALL"},"552":{"t":"BE19"},"553":{"t":"PA31"},"556":{"t":"P28A"},"558":{"t":"P28A"},"559":{"t":"C150"},"55A":{"t":"P28A"},"55D":{"t":"R66"},"55F":{"t":"C77R"},"560":{"t":"BALL"},"561":{"t":"BALL"},"563":{"t":"N3N"},"568":{"t":"C150"},"56D":{"t":"BE35"},"56E":{"t":"CH7A"},"56F":{"t":"C185"},"572":{"t":"P28R"},"573":{"t":"NAVI"},"574":{"desc":"L2P"},"575":{"t":"PA11"},"576":{"t":"P28A"},"578":{"t":"P28A"},"579":{"t":"P28T"},"57B":{"t":"P28A"},"57E":{"t":"BALL"},"57F":{"t":"P28A"},"580":{"t":"P28B"},"582":{"t":"N3N"},"585":{"t":"C150"},"589":{"t":"P28B"},"58B":{"t":"N3N"},"58C":{"t":"G164"},"58D":{"t":"PA22"},"58E":{"t":"BALL"},"590":{"t":"BE35"},"591":{"t":"BALL"},"592":{"t":"C185"},"595":{"t":"P28R"},"59C":{"t":"PA32"},"5A2":{"t":"P28A"},"5A3":{"t":"AT3P"},"5A5":{"t":"C150"},"5A6":{"t":"N3N"},"5A7":{"t":"C150"},"5A8":{"t":"C150"},"5AB":{"t":"C77R"},"5B0":{"t":"BALL"},"5B1":{"t":"C180"},"5B2":{"t":"C170"},"5B3":{"t":"BE35"},"5B7":{"t":"M20P"},"5B8":{"t":"C188"},"5BA":{"t":"BALL"},"5BB":{"t":"PA11"},"5BC":{"t":"BALL"},"5C0":{"t":"AT5T"},"5C2":{"t":"BALL"},"5C5":{"t":"P28R"},"5C6":{"t":"PA18"},"5C7":{"t":"PA22"},"5CA":{"t":"BALL"},"5CE":{"t":"BALL"},"5CF":{"t":"N3N"},"5D2":{"desc":"L1P"},"5D3":{"t":"LJ45"},"5D5":{"desc":"H4E"},"5D6":{"t":"B412"},"5DA":{"desc":"H1P"},"5DC":{"t":"C25A"},"5DF":{"t":"C421"},"5E4":{"t":"GLID"},"5E7":{"t":"A320"},"5E8":{"t":"CRJ2"},"5EC":{"t":"BE35"},"5ED":{"t":"C182"},"5EF":{"t":"P51"},"5F4":{"t":"GLF4"},"5F5":{"t":"B737"},"5FE":{"t":"P28A"},"604":{"desc":"L1P"},"605":{"t":"GLF4"},"607":{"desc":"L1P"},"609":{"t":"AA5"},"60D":{"t":"GLID"},"60E":{"desc":"H2T"},"60F":{"t":"LJ45"},"610":{"t":"FA50"},"611":{"t":"GLF4"},"613":{"t":"C182"},"616":{"t":"GLF6"},"61E":{"t":"P51"},"61F":{"t":"C551"},"620":{"desc":"L1P"},"621":{"desc":"L1P","t":"GLF4"},"622":{"t":"R22"},"62A":{"t":"PC12"},"62B":{"desc":"H4E"},"62E":{"t":"SR22"},"62F":{"t":"DA40"},"637":{"t":"RC3"},"638":{"t":"P51"},"63C":{"desc":"L1P"},"63D":{"t":"E300"},"647":{"t":"C172"},"650":{"t":"EC20"},"651":{"t":"C510"},"657":{"desc":"L1P"},"65E":{"t":"C25A"},"666":{"t":"GLF4"},"66A":{"t":"GLF4"},"674":{"t":"DA40"},"677":{"t":"C25C"},"67D":{"t":"GLF5"},"67F":{"t":"GLEX"},"682":{"t":"AS50"},"69B":{"t":"PA32"},"69E":{"t":"GLF4"},"6A3":{"desc":"L1P"},"6A9":{"desc":"L1P"},"6B4":{"t":"P51"},"6B7":{"desc":"L1P"},"6C4":{"t":"GLF4"},"6C6":{"t":"PRM1"},"6C9":{"t":"BL8"},"6CD":{"desc":"L1P"},"6CE":{"t":"DA62"},"6D6":{"t":"LJ45"},"6DE":{"desc":"L1P"},"6E7":{"t":"PA46"},"6EB":{"desc":"H1P"},"6ED":{"t":"P51"},"6EF":{"t":"BE36"},"6F2":{"t":"GLID"},"6F8":{"desc":"L1P"},"6FA":{"t":"SR22"},"6FF":{"t":"LJ45"},"700":{"t":"C182"},"709":{"t":"PA32"},"710":{"t":"GLF4"},"719":{"t":"B744"},"71A":{"desc":"L1P"},"720":{"t":"B407"},"722":{"t":"C340"},"729":{"t":"BL8"},"72D":{"t":"GLF4"},"747":{"t":"DH8D"},"74A":{"t":"T206"},"74C":{"desc":"L1P"},"753":{"desc":"L1P"},"754":{"t":"S22T"},"756":{"desc":"H1P"},"758":{"t":"ULAC"},"763":{"t":"BE36"},"764":{"t":"BL8"},"765":{"t":"BE58"},"766":{"desc":"L1P","t":"ULAC"},"767":{"t":"LJ45"},"76A":{"t":"S22T"},"773":{"t":"SR22"},"774":{"t":"PC12"},"778":{"t":"C180"},"77C":{"desc":"L1P","t":"ULAC"},"77E":{"t":"P51"},"77F":{"desc":"L1P"},"785":{"t":"SR22"},"788":{"t":"BE40"},"796":{"t":"A320"},"7A3":{"t":"B752"},"7A6":{"t":"M20P"},"7B1":{"desc":"H4E"},"7B8":{"desc":"H2T"},"7C7":{"desc":"L1P"},"7C8":{"t":"T6"},"7D4":{"t":"B737"},"7D8":{"t":"R44"},"7DC":{"t":"P51"},"7E0":{"t":"P28B"},"7EB":{"desc":"L1P"},"80F":{"desc":"L2J"},"812":{"t":"RC3"},"82B":{"t":"GLID"},"82C":{"t":"PA22"},"82D":{"t":"BALL"},"82E":{"t":"C170"},"82F":{"t":"P28A"},"830":{"t":"AR11"},"831":{"t":"P28A"},"835":{"t":"BALL"},"836":{"t":"BALL"},"837":{"t":"BE58"},"838":{"t":"BALL"},"83B":{"t":"P28A"},"83D":{"t":"R44"},"83E":{"t":"C150"},"840":{"t":"BALL"},"842":{"t":"PA18"},"843":{"t":"PA22"},"846":{"t":"N3N"},"848":{"t":"N3N"},"84A":{"t":"N3N"},"84C":{"t":"N3N"},"84D":{"t":"BALL"},"850":{"t":"P28A"},"852":{"t":"BE35"},"853":{"t":"C172"},"854":{"t":"P28A"},"856":{"t":"M20P"},"857":{"t":"P28R"},"858":{"t":"BALL"},"85A":{"t":"PA11"},"85B":{"t":"P28T"},"85F":{"t":"P28U"},"862":{"t":"P28B"},"865":{"t":"PA18"},"866":{"t":"PA22"},"867":{"t":"P28B"},"869":{"t":"C150"},"86A":{"t":"AT5T"},"86C":{"t":"C150"},"86D":{"t":"AT3P"},"871":{"desc":"L1P"},"874":{"t":"C170"},"875":{"t":"BE35"},"877":{"t":"P28A"},"878":{"t":"R66"},"87C":{"t":"P28A"},"87E":{"t":"BE17"},"881":{"t":"P28A"},"885":{"t":"BE35"},"886":{"t":"BALL"},"887":{"t":"P28A"},"888":{"t":"PA25"},"88A":{"t":"N3N"},"88B":{"t":"N3N"},"88C":{"t":"C150"},"88D":{"t":"AT3T"},"88E":{"t":"BALL"},"892":{"t":"C77R"},"895":{"t":"PA22"},"896":{"t":"C180"},"898":{"t":"P28A"},"899":{"t":"CH7A"},"89A":{"t":"P28R"},"89D":{"t":"P28R"},"8A0":{"t":"BE55"},"8A1":{"t":"AA5"},"8A3":{"t":"PA32"},"8A4":{"t":"P28A"},"8A5":{"desc":"L1P"},"8A6":{"t":"P28R"},"8A7":{"desc":"L1P"},"8A9":{"t":"AT3P"},"8AB":{"t":"PA25"},"8AE":{"t":"N3N"},"8B1":{"t":"AA5"},"8B2":{"t":"AA5"},"8B3":{"t":"N3N"},"8B8":{"t":"AA5"},"8B9":{"t":"AA5"},"8BC":{"t":"CH7A"},"8BD":{"t":"AA5"},"8BF":{"t":"M20T"},"8C0":{"t":"P28R"},"8C2":{"t":"BALL"},"8C3":{"t":"BE55"},"8C4":{"t":"AA5"},"8C5":{"desc":"H1T"},"8C9":{"desc":"L1P"},"8CB":{"t":"AA5"},"8CC":{"desc":"L1P"},"8CD":{"t":"P28A"},"8D1":{"t":"AA5"},"8D3":{"t":"C150"},"8D4":{"t":"N3N"},"8D6":{"t":"N3N"},"8DA":{"desc":"L1P"},"8DB":{"t":"AT5T"},"8DC":{"t":"C180"},"8DE":{"t":"AA5"},"8DF":{"t":"CH7A"},"8E0":{"t":"P32R"},"8E2":{"t":"PA15"},"8E4":{"t":"NAVI"},"8E5":{"t":"AA5"},"8E6":{"t":"BE33"},"8E7":{"t":"AA5"},"8E8":{"t":"PA27"},"8E9":{"t":"C340"},"8EB":{"t":"BE36"},"8EC":{"t":"PA44"},"8ED":{"t":"AA5"},"8F1":{"t":"PA25"},"8F6":{"t":"N3N"},"8F9":{"t":"C150"},"900":{"t":"C170"},"901":{"t":"BE35"},"902":{"t":"CH7A"},"906":{"t":"P28R"},"909":{"t":"PA11"},"90A":{"t":"AA5"},"90C":{"t":"P32R"},"90D":{"t":"BALL"},"90E":{"t":"BE55"},"90F":{"t":"AA5"},"910":{"t":"C150"},"912":{"desc":"L1P"},"913":{"t":"P28R"},"917":{"t":"AA5"},"918":{"t":"AA5"},"919":{"t":"N3N"},"91A":{"t":"BALL"},"91C":{"t":"C150"},"91F":{"t":"C150"},"921":{"t":"PA22"},"922":{"t":"C180"},"923":{"t":"C170"},"924":{"t":"BE35"},"926":{"t":"C185"},"928":{"t":"M20P"},"92D":{"t":"AA5"},"92F":{"t":"AA5"},"932":{"t":"P28A"},"937":{"t":"PA25"},"939":{"t":"C150"},"93E":{"t":"AA5"},"940":{"t":"BALL"},"941":{"t":"N3N"},"944":{"t":"PA22"},"945":{"t":"AA5"},"946":{"t":"C170"},"948":{"t":"AA5"},"94B":{"t":"PA15"},"94C":{"t":"P28R"},"94D":{"t":"AA5"},"94F":{"t":"BE35"},"952":{"t":"AA5"},"953":{"t":"P28A"},"954":{"desc":"L1P"},"955":{"t":"PA32"},"95B":{"t":"PA22"},"95E":{"t":"C150"},"960":{"t":"N3N"},"961":{"t":"N3N"},"962":{"t":"N3N"},"963":{"t":"AA5"},"964":{"t":"C77R"},"966":{"desc":"L1P"},"967":{"t":"BE55"},"968":{"t":"AA5"},"969":{"t":"AA5"},"96A":{"t":"BE35"},"96B":{"t":"AA5"},"973":{"t":"AA5"},"975":{"t":"PA34"},"977":{"t":"BE36"},"979":{"t":"BALL"},"97A":{"t":"BE35"},"97F":{"t":"C150"},"980":{"t":"AA5"},"982":{"t":"C77R"},"984":{"t":"N3N"},"985":{"t":"AT3T"},"987":{"t":"C150"},"988":{"t":"AA5"},"989":{"desc":"L1P"},"98C":{"desc":"H4E"},"990":{"t":"ULAC"},"991":{"desc":"H1P"},"994":{"t":"PA12"},"996":{"desc":"L1P"},"99F":{"t":"CRJ2"},"9A3":{"desc":"L1P"},"9A4":{"desc":"A1P","t":"ULAC"},"9AC":{"desc":"L1P"},"9BC":{"t":"BE36"},"9BD":{"desc":"L1P"},"9BE":{"desc":"L1P"},"9C0":{"t":"SR22"},"9C2":{"t":"FA50"},"9C5":{"t":"LJ45"},"9C8":{"desc":"L1P"},"9CA":{"t":"C182"},"9CE":{"t":"R22"},"9D9":{"t":"T206"},"9E1":{"desc":"L1P"},"9E2":{"desc":"H4E"},"9E6":{"t":"BALL"},"9FE":{"t":"C172"},"A07":{"t":"EC20"},"A17":{"t":"BE36"},"A1D":{"t":"GLF4"},"A28":{"t":"PC12"},"A39":{"t":"GLID"},"A59":{"t":"SR22"},"A5A":{"desc":"L1P","t":"ULAC"},"A60":{"t":"R22"},"A62":{"desc":"L1P"},"A63":{"t":"C182"},"A71":{"desc":"L1P"},"A84":{"t":"DA40"},"A86":{"t":"BALL"},"A8D":{"t":"LJ45"},"A9D":{"t":"C56X"},"A9E":{"t":"TBM7"},"AA1":{"t":"SR22"},"AA2":{"t":"R44"},"AA5":{"t":"EC45"},"AA7":{"t":"C172"},"AAF":{"t":"EC35"},"ABB":{"t":"RV12"},"AC7":{"t":"GLF4"},"ACF":{"t":"B407"},"AD0":{"t":"B744"},"AD2":{"desc":"L1P"},"AD3":{"t":"C82S"},"AD7":{"t":"B407"},"ADD":{"t":"ULAC"},"AE0":{"t":"M20P"},"AE4":{"t":"P32R"},"AF9":{"t":"GLF4"},"AFE":{"t":"DH8D"},"B02":{"t":"C82R"},"B13":{"desc":"L1P"},"B15":{"desc":"L1P"},"B1A":{"t":"BL8"},"B1B":{"desc":"L1P","t":"ULAC"},"B1D":{"t":"BE35"},"B1E":{"t":"LJ45"},"B26":{"t":"C172"},"B27":{"t":"B744"},"B28":{"desc":"L1P","t":"ULAC"},"B2F":{"t":"CRJ2"},"B33":{"t":"C208"},"B34":{"desc":"A1P"},"B35":{"t":"B350"},"B3B":{"desc":"L1P"},"B3F":{"t":"BE40"},"B48":{"desc":"L1P"},"B49":{"t":"SR22"},"B4D":{"t":"A320"},"B5A":{"t":"B752"},"B5D":{"t":"RV12"},"B66":{"t":"SR22"},"B68":{"desc":"L1P"},"B76":{"t":"P28A"},"B7E":{"desc":"L1P"},"B7F":{"t":"T6"},"B80":{"desc":"L1P"},"B85":{"t":"FDCT"},"B8B":{"t":"B737"},"B97":{"t":"M20P"},"BC0":{"desc":"L1P"},"BC6":{"desc":"L2J"},"BE3":{"t":"PA22"},"BE4":{"t":"AA5"},"BE7":{"t":"CH7A"},"BE8":{"t":"C185"},"BE9":{"desc":"A1P","t":"ULAC"},"BEB":{"t":"P28R"},"BED":{"t":"AA5"},"BEF":{"t":"AA5"},"BF1":{"t":"P28A"},"BF2":{"t":"P28A"},"BF4":{"t":"P28A"},"BF8":{"t":"R44"},"BFE":{"t":"C150"},"BFF":{"t":"AA5"},"C03":{"t":"AA5"},"C05":{"desc":"H4E"},"C07":{"t":"C180"},"C08":{"t":"AA5"},"C0C":{"desc":"L1P","t":"ULAC"},"C0E":{"t":"P28R"},"C10":{"t":"AA5"},"C12":{"t":"AA5"},"C15":{"t":"P28A"},"C17":{"t":"P28R"},"C18":{"t":"C150"},"C19":{"t":"AA5"},"C1B":{"t":"P28A"},"C1C":{"t":"PA25"},"C1D":{"t":"PA22"},"C1E":{"t":"AA5"},"C1F":{"t":"AA5"},"C20":{"t":"N3N"},"C22":{"t":"N3N"},"C26":{"t":"N3N"},"C28":{"desc":"H4E"},"C29":{"desc":"S1P","t":"PA22"},"C2A":{"t":"AA5"},"C2B":{"t":"C170"},"C2D":{"t":"BALL"},"C30":{"t":"M20P"},"C32":{"t":"P210"},"C33":{"t":"AA5"},"C35":{"t":"AA5"},"C39":{"t":"BE55"},"C3F":{"t":"PA25"},"C40":{"t":"AA5"},"C43":{"t":"N3N"},"C44":{"t":"AA5"},"C47":{"t":"AA5"},"C49":{"t":"N3N"},"C4A":{"t":"N3N"},"C4B":{"desc":"L1P"},"C4E":{"t":"C170"},"C4F":{"t":"AA5"},"C54":{"t":"P28R"},"C56":{"t":"AT3T"},"C5B":{"t":"P28A"},"C5C":{"t":"BE55"},"C64":{"t":"C150"},"C67":{"t":"N3N"},"C68":{"t":"N3N"},"C6B":{"t":"C150"},"C6D":{"t":"N3N"},"C6E":{"desc":"L1P"},"C70":{"t":"AA5"},"C71":{"t":"C170"},"C73":{"t":"AA5"},"C74":{"t":"P28A"},"C76":{"t":"M20P"},"C78":{"t":"AA5"},"C7A":{"t":"AA5"},"C7B":{"t":"AA5"},"C7C":{"t":"AA5"},"C7D":{"t":"AA5"},"C7E":{"t":"P28A"},"C7F":{"t":"BE36"},"C81":{"t":"C150"},"C83":{"t":"AA5"},"C84":{"t":"P28R"},"C86":{"t":"AA5"},"C87":{"t":"AA5"},"C8A":{"t":"C150"},"C8C":{"t":"C150"},"C8D":{"t":"C150"},"C8E":{"t":"C150"},"C8F":{"t":"C77R"},"C90":{"t":"AA5"},"C93":{"t":"AA5"},"C94":{"t":"AA5"},"C95":{"t":"BE35"},"C96":{"t":"AR11"},"C97":{"t":"AA5"},"C98":{"desc":"L1P"},"C9C":{"t":"AA5"},"C9D":{"t":"PA11"},"C9E":{"t":"AA5"},"C9F":{"t":"PA27"},"CA0":{"t":"AT5T"},"CA1":{"t":"P28A"},"CA3":{"t":"P208"},"CA4":{"t":"AA5"},"CA5":{"t":"BE35"},"CA6":{"t":"AA5"},"CA8":{"t":"AA5"},"CA9":{"t":"AA5"},"CAA":{"t":"C77R"},"CAB":{"t":"BALL"},"CAD":{"t":"AA5"},"CAE":{"t":"N3N"},"CB0":{"t":"C150"},"CB3":{"t":"N3N"},"CB5":{"t":"PA22"},"CB6":{"t":"AA5"},"CB7":{"t":"C170"},"CB9":{"t":"CH7A"},"CBA":{"t":"P28A"},"CBC":{"t":"M20P"},"CBD":{"t":"P28R"},"CBE":{"t":"NAVI"},"CBF":{"t":"AA5"},"CC0":{"t":"PA11"},"CC1":{"t":"AA5"},"CC4":{"t":"P28A"},"CC6":{"t":"P28R"},"CC7":{"t":"C150"},"CCA":{"t":"P28A"},"CCC":{"t":"PA22"},"CCE":{"t":"N3N"},"CCF":{"t":"C150"},"CD0":{"t":"C150"},"CD2":{"t":"N3N"},"CD8":{"t":"PA22"},"CD9":{"t":"C180"},"CDF":{"t":"PA15"},"CE2":{"t":"AA5"},"CE3":{"t":"BE33"},"CE4":{"t":"AA5"},"CE7":{"t":"P28A"},"CEA":{"t":"C150"},"CED":{"t":"AT3T"},"CF0":{"t":"C150"},"CF4":{"t":"C150"},"CF6":{"t":"C150"},"CF7":{"t":"C77R"},"CF8":{"t":"AA5"},"CF9":{"t":"N3N"},"CFC":{"t":"C180"},"CFD":{"t":"C170"},"CFE":{"t":"BE35"},"CFF":{"t":"BALL"},"D00":{"t":"P28R"},"D01":{"desc":"L1P"},"D02":{"t":"PA15"},"D03":{"t":"C188"},"D05":{"t":"AT3T"},"D06":{"t":"PA11"},"D07":{"t":"AA5"},"D08":{"t":"PA27"},"D0A":{"t":"P28A"},"D0B":{"t":"BE35"},"D0E":{"t":"BE35"},"D10":{"t":"P28A"},"D11":{"t":"BALL"},"D13":{"t":"N3N"},"D14":{"t":"C150"},"D16":{"t":"N3N"},"D17":{"t":"C150"},"D18":{"t":"C150"},"D19":{"t":"AA5"},"D1E":{"t":"PA22"},"D1F":{"t":"AA5"},"D20":{"t":"C170"},"D21":{"t":"AA5"},"D22":{"t":"CH7A"},"D25":{"t":"PA15"},"D26":{"t":"R44"},"D28":{"t":"AA5"},"D29":{"t":"BE35"},"D2A":{"t":"AA5"},"D2B":{"t":"PA27"},"D2D":{"t":"P28A"},"D2E":{"t":"BE33"},"D30":{"t":"R44"},"D34":{"t":"AA5"},"D35":{"t":"PA22"},"D37":{"t":"C150"},"D3C":{"t":"N3N"},"D3E":{"t":"N3N"},"D40":{"desc":"L1P"},"D41":{"t":"LJ45"},"D4D":{"t":"LJ35"},"D52":{"t":"B739"},"D56":{"t":"CRJ2"},"D5C":{"t":"BE58"},"D61":{"desc":"L1P"},"D63":{"t":"B737"},"D6A":{"desc":"L1P","t":"ULAC"},"D73":{"t":"ULAC"},"D74":{"t":"C182"},"D76":{"t":"UH1"},"D77":{"t":"SR20"},"D7F":{"t":"C172"},"D81":{"t":"SR22"},"D84":{"t":"BALL"},"D8E":{"desc":"L1P"},"D98":{"desc":"L1P"},"D99":{"desc":"H6E"},"D9D":{"t":"DA40"},"DA1":{"t":"C510"},"DB5":{"t":"C172"},"DBE":{"t":"EC20"},"DC2":{"t":"CL30"},"DC3":{"t":"A310"},"DD4":{"t":"GLF4"},"DD7":{"desc":"L1P","t":"ULAC"},"DD9":{"desc":"L1P"},"DE2":{"t":"CL60"},"DE8":{"t":"CL60"},"DF3":{"desc":"L1P"},"E0E":{"t":"HA4T"},"E11":{"desc":"L1P","t":"ULAC"},"E24":{"t":"R22"},"E25":{"t":"P32R"},"E3C":{"desc":"H1P"},"E3E":{"t":"B190"},"E49":{"t":"C182"},"E56":{"t":"PA18"},"E57":{"t":"C210"},"E5A":{"t":"M20P"},"E5C":{"t":"EC45"},"E5D":{"desc":"L1P"},"E65":{"desc":"L1J"},"E71":{"t":"P28A"},"E7E":{"t":"RV12"},"E87":{"t":"B744"},"E89":{"t":"PC12"},"E8E":{"t":"B407"},"E97":{"desc":"L1P","t":"ULAC"},"E98":{"t":"C172"},"EB5":{"t":"DH8D"},"EB8":{"t":"B407"},"EB9":{"t":"B06"},"EC6":{"desc":"H1P"},"EC8":{"t":"B06"},"ED1":{"t":"C550"},"ED2":{"t":"BE36"},"ED3":{"t":"F2TH"},"ED8":{"t":"C182"},"EDF":{"t":"C172"},"EE2":{"t":"ULAC"},"EE6":{"t":"CRJ2"},"EEA":{"desc":"H1P"},"EEC":{"desc":"L1T"},"EED":{"t":"AC11"},"EF6":{"t":"BE40"},"EFB":{"desc":"A1P"},"F04":{"t":"A320"},"F11":{"t":"B752"},"F35":{"desc":"L1P"},"F41":{"t":"C82T"},"F42":{"t":"B737"},"F4E":{"desc":"L1P"},"F77":{"desc":"L1P"},"F7D":{"desc":"L2J"},"F82":{"desc":"L1P"},"F99":{"desc":"L1P"},"F9B":{"t":"C180"},"F9C":{"t":"C170"},"F9D":{"t":"AA5"},"F9E":{"t":"C172"},"F9F":{"t":"C185"},"FA0":{"t":"ULAC"},"FA1":{"t":"PA15"},"FAA":{"t":"AA5"},"FAB":{"t":"P28A"},"FAC":{"t":"C150"},"FAD":{"desc":"L2P"},"FB0":{"t":"PA25"},"FB1":{"t":"PA22"},"FB2":{"t":"N3N"},"FB4":{"t":"C150"},"FB5":{"t":"BALL"},"FB6":{"t":"AA5"},"FB7":{"t":"N3N"},"FBA":{"t":"C150"},"FBB":{"desc":"L2P"},"FBE":{"t":"AA5"},"FBF":{"t":"C170"},"FC1":{"t":"CH7A"},"FC2":{"t":"P28R"},"FC4":{"t":"PA15"},"FC5":{"t":"P28R"},"FCA":{"t":"PA27"},"FCC":{"t":"AA5"},"FCD":{"t":"AA5"},"FD0":{"t":"AA5"},"FD4":{"t":"PA22"},"FD5":{"t":"TAYD"},"FD7":{"t":"C77R"},"FD8":{"t":"AT5T"},"FDA":{"t":"AA5"},"FDD":{"t":"BALL"},"FDE":{"t":"AA5"},"FE0":{"t":"PA22"},"FE1":{"t":"AA5"},"FE2":{"t":"C170"},"FE3":{"t":"BE35"},"FE4":{"t":"CH7A"},"FE5":{"t":"AT3T"},"FE7":{"t":"M20P"},"FE8":{"t":"P28R"},"FE9":{"t":"AA5"},"FEB":{"t":"PA11"},"FEC":{"t":"AA5"},"FED":{"t":"AA5"},"FEF":{"t":"P28A"},"FF0":{"t":"BE33"},"FF2":{"t":"AA5"},"FF3":{"desc":"L1P"},"FF4":{"t":"AC11"},"FF5":{"t":"P28A"},"FF8":{"t":"BALL"},"FFA":{"t":"AA5"},"FFB":{"t":"N3N"},"FFF":{"t":"C150"}}