{"000":{"t":"C150"},"001":{"t":"R22"},"003":{"t":"PA22"},"004":{"t":"C180"},"005":{"t":"C170"},"007":{"t":"CH7A"},"008":{"t":"AA5"},"00B":{"t":"C188"},"010":{"t":"AA5"},"011":{"t":"AA5"},"013":{"t":"BE33"},"017":{"t":"AC11"},"018":{"t":"P28A"},"01A":{"t":"PA22"},"01C":{"t":"BALL"},"01F":{"t":"C150"},"020":{"t":"C150"},"021":{"t":"C77R"},"025":{"t":"WACO"},"027":{"t":"C180"},"029":{"t":"AA5"},"02A":{"t":"C172"},"02B":{"t":"C185"},"02D":{"t":"PA15"},"02E":{"t":"P28R"},"030":{"t":"AA5"},"031":{"desc":"L1P"},"035":{"t":"P28A"},"036":{"t":"BE36"},"037":{"t":"PA34"},"039":{"t":"AA5"},"03B":{"t":"P28R"},"03D":{"t":"PA22"},"03F":{"t":"C150"},"040":{"t":"C150"},"041":{"t":"AA5"},"042":{"t":"AA5"},"046":{"t":"C150"},"047":{"t":"C77R"},"048":{"desc":"L1P"},"04C":{"t":"AA5"},"04D":{"t":"AR11"},"04E":{"t":"C185"},"04F":{"t":"T210"},"050":{"t":"M20P"},"051":{"t":"P28R"},"053":{"t":"AA5"},"054":{"t":"PA11"},"059":{"t":"BE60"},"05A":{"t":"P28A"},"05B":{"t":"AT3P"},"05C":{"t":"AA5"},"060":{"t":"BALL"},"061":{"t":"C150"},"062":{"t":"C150"},"06A":{"t":"C77R"},"06B":{"t":"G164"},"06D":{"t":"AA5"},"070":{"t":"CH7A"},"073":{"t":"M20P"},"074":{"t":"P28R"},"075":{"t":"NAVI"},"076":{"t":"AA5"},"077":{"t":"PA11"},"078":{"t":"ST75"},"079":{"t":"AA5"},"07A":{"t":"AT5T"},"07B":{"t":"P28A"},"07D":{"t":"AA5"},"07F":{"t":"AA5"},"080":{"t":"AC11"},"085":{"t":"C150"},"086":{"t":"AA5"},"087":{"t":"AT3T"},"088":{"t":"C150"},"08A":{"t":"DC3"},"08B":{"t":"C77R"},"08C":{"t":"AT3P"},"090":{"t":"C180"},"092":{"t":"BE35"},"093":{"t":"CH7A"},"094":{"t":"P32R"},"097":{"t":"R44"},"098":{"t":"NAVI"},"09A":{"t":"BE55"},"09B":{"t":"AA5"},"09D":{"t":"C402"},"09F":{"t":"BALL"},"0A0":{"t":"P28A"},"0A2":{"t":"AA5"},"0A4":{"t":"AT5T"},"0A5":{"t":"AA5"},"0AA":{"t":"WACF"},"0AC":{"t":"C150"},"0AD":{"t":"C150"},"0AE":{"t":"ULAC"},"0B2":{"t":"PA22"},"0B4":{"t":"C170"},"0B6":{"t":"C172"},"0B7":{"t":"C185"},"0B8":{"t":"R44"},"0BC":{"t":"AA5"},"0BD":{"t":"PA11"},"0BE":{"t":"AA5"},"0C0":{"t":"P28A"},"0C3":{"t":"P28A"},"0C6":{"t":"AC11"},"0C7":{"t":"P28A"},"0C8":{"t":"PA25"},"0CF":{"t":"C77R"},"0D5":{"t":"PA22"},"0D6":{"t":"AT3P"},"0D7":{"t":"BE77"},"0DF":{"t":"AA5"},"0E0":{"t":"PA11"},"0E2":{"t":"AA5"},"0E5":{"t":"AA5"},"0E8":{"t":"AA5"},"0EA":{"t":"P28A"},"0EB":{"t":"AT3P"},"0F0":{"t":"C150"},"0F2":{"t":"C150"},"0F4":{"t":"AT3P"},"0F5":{"t":"C150"},"0F8":{"t":"BE55"},"0FA":{"t":"PA25"},"0FB":{"t":"C501"},"0FD":{"t":"B06"},"101":{"t":"F900"},"102":{"desc":"A1P"},"105":{"t":"LJ60"},"106":{"desc":"L1P"},"10C":{"t":"A320"},"10D":{"t":"CRJ2"},"113":{"desc":"L1P","t":"ULAC"},"114":{"desc":"L1P"},"119":{"desc":"L1P"},"11B":{"t":"BALL"},"11C":{"desc":"L1P","t":"ULAC"},"11D":{"t":"C172"},"126":{"desc":"L1P"},"12A":{"t":"P28A"},"12B":{"t":"PAY1"},"12D":{"t":"B350"},"12E":{"desc":"L1P"},"132":{"desc":"L1P"},"136":{"t":"C172"},"138":{"t":"SR22"},"13A":{"t":"SF50"},"13C":{"t":"FDCT"},"143":{"t":"E550"},"145":{"desc":"L1P"},"146":{"t":"BE20"},"14B":{"desc":"H1P"},"14F":{"t":"C82T"},"150":{"desc":"H6E"},"151":{"t":"FA10"},"153":{"t":"E55P"},"154":{"desc":"L1P"},"155":{"desc":"L1P"},"15D":{"t":"C441"},"161":{"desc":"L1P"},"16C":{"t":"C172"},"175":{"t":"EC20"},"177":{"desc":"A1P"},"17A":{"t":"A310"},"188":{"desc":"L1P"},"18B":{"t":"GLF4"},"18E":{"t":"ULAC"},"190":{"t":"F2TH"},"191":{"t":"B350"},"195":{"t":"C206"},"19D":{"t":"BE9T"},"1C0":{"t":"BE36"},"1C2":{"t":"GLID"},"1C4":{"desc":"G1P"},"1C8":{"desc":"H1T"},"1CC":{"t":"PTS2"},"1D1":{"desc":"L1P"},"1D9":{"desc":"L1P"},"1DA":{"t":"P28A"},"1DC":{"t":"DV20"},"1E0":{"desc":"L1P"},"1F2":{"desc":"L1P"},"1F4":{"t":"BALL"},"1F5":{"t":"LJ45"},"1F7":{"t":"L8"},"1F8":{"t":"B350"},"1FE":{"desc":"A1P"},"202":{"desc":"L1P"},"207":{"desc":"L1P"},"20B":{"t":"DA40"},"20C":{"t":"C525"},"20D":{"desc":"A1P"},"20E":{"t":"COL4"},"20F":{"t":"P28A"},"211":{"t":"LJ45"},"213":{"t":"EC45"},"215":{"t":"SR20"},"217":{"t":"C56X"},"21C":{"t":"B06"},"224":{"t":"LJ45"},"22B":{"t":"PC12"},"235":{"desc":"L1P"},"23E":{"t":"B744"},"23F":{"desc":"L1P","t":"ULAC"},"240":{"t":"B703"},"245":{"t":"B407"},"24E":{"t":"PC12"},"254":{"t":"C172"},"256":{"t":"PA18"},"267":{"t":"GLF4"},"26F":{"desc":"L1P"},"270":{"desc":"L1P"},"271":{"t":"BE35"},"272":{"t":"S22T"},"274":{"desc":"L1P"},"279":{"t":"SR22"},"27B":{"desc":"L1T"},"280":{"desc":"L1P"},"281":{"t":"TWEN"},"284":{"desc":"L1P"},"28C":{"t":"SR22"},"28E":{"t":"C208"},"28F":{"t":"GLID"},"290":{"t":"R44"},"293":{"desc":"L1P"},"298":{"t":"SR22"},"299":{"desc":"G1P"},"29D":{"t":"CRJ2"},"2A1":{"t":"BE55"},"2A2":{"t":"SIRA"},"2A3":{"t":"B350"},"2A7":{"t":"RV12"},"2A9":{"t":"GALX"},"2AD":{"t":"BE20"},"2B6":{"desc":"L1P","t":"ULAC"},"2B7":{"t":"E55P"},"2BB":{"t":"A320"},"2C8":{"t":"B752"},"2EC":{"t":"PA18"},"2ED":{"desc":"L1P"},"2EF":{"t":"M20P"},"2F2":{"t":"L39"},"2F7":{"desc":"L1P"},"2F9":{"t":"B737"},"2FD":{"desc":"L1P"},"2FE":{"t":"R44"},"301":{"desc":"L1P"},"303":{"desc":"L1P"},"305":{"t":"P28A"},"337":{"t":"AA5"},"350":{"t":"BE36"},"351":{"t":"PA22"},"353":{"t":"AT5T"},"354":{"t":"BE35"},"356":{"t":"AT3T"},"359":{"t":"P28R"},"35B":{"t":"AA5"},"35C":{"t":"PA11"},"35D":{"t":"AA5"},"35E":{"t":"AA5"},"362":{"t":"P28A"},"364":{"t":"BE35"},"365":{"desc":"L1P"},"367":{"t":"AT5T"},"368":{"t":"PA22"},"36C":{"t":"L8"},"36D":{"t":"L8"},"36E":{"t":"L8"},"36F":{"t":"AA5"},"370":{"t":"C150"},"372":{"t":"AA5"},"374":{"t":"AA5"},"376":{"t":"C170"},"377":{"t":"BE35"},"379":{"t":"C185"},"37F":{"t":"BE36"},"380":{"desc":"L1P"},"383":{"t":"P28A"},"384":{"t":"AT3T"},"389":{"t":"P28R"},"38C":{"t":"L8"},"38D":{"t":"L8"},"38E":{"t":"AA5"},"392":{"t":"L8"},"394":{"desc":"L1P"},"395":{"t":"L8"},"398":{"t":"C180"},"399":{"t":"C170"},"39A":{"t":"BE35"},"39B":{"desc":"L1P"},"39E":{"t":"PA15"},"39F":{"t":"P28R"},"3A0":{"t":"NAVI"},"3A1":{"t":"AA5"},"3A2":{"t":"PA11"},"3A3":{"t":"AA5"},"3A6":{"t":"P28A"},"3A8":{"t":"PA34"},"3AA":{"t":"AA5"},"3AE":{"t":"PA22"},"3B0":{"t":"AT3P"},"3B4":{"t":"L8"},"3B5":{"t":"L8"},"3B6":{"t":"L8"},"3B9":{"t":"P51"},"3BA":{"t":"AA5"},"3BB":{"t":"C180"},"3BC":{"t":"C170"},"3BD":{"t":"BE35"},"3C0":{"t":"SR22"},"3C5":{"t":"PA11"},"3CB":{"t":"P28A"},"3D1":{"t":"PA22"},"3D2":{"t":"C150"},"3D4":{"t":"L8"},"3D6":{"t":"C150"},"3D7":{"t":"L8"},"3D8":{"desc":"L1P"},"3DD":{"t":"PA22"},"3E4":{"t":"PA15"},"3E8":{"t":"PA11"},"3E9":{"t":"ST75"},"3EA":{"t":"AA5"},"3EC":{"t":"AA5"},"3EE":{"t":"P28R"},"3F2":{"t":"P28A"},"3F4":{"t":"PA22"},"3F5":{"t":"B739"},"3F6":{"t":"BALL"},"3F7":{"t":"AA5"},"3FB":{"t":"C150"},"3FD":{"desc":"H1P"},"400":{"t":"AA5"},"401":{"t":"M20P"},"402":{"t":"AA5"},"404":{"t":"AR11"},"405":{"desc":"L1P"},"40B":{"t":"BE58"},"40C":{"t":"ST75"},"410":{"t":"AA5"},"411":{"t":"AA5"},"415":{"t":"P28A"},"41B":{"t":"AT5T"},"41C":{"t":"C150"},"41D":{"t":"P51"},"41E":{"t":"C182"},"420":{"t":"PA18"},"421":{"t":"C150"},"423":{"t":"ULAC"},"424":{"t":"AA5"},"425":{"t":"C170"},"428":{"t":"C185"},"42A":{"t":"PA15"},"42B":{"t":"AA5"},"42F":{"t":"AA5"},"430":{"t":"AA5"},"431":{"t":"C310"},"432":{"t":"P28A"},"433":{"t":"BE55"},"434":{"t":"TWEN"},"435":{"t":"C150"},"436":{"t":"BE35"},"438":{"t":"P28R"},"439":{"desc":"L1P"},"43A":{"t":"PA22"},"43C":{"t":"AT5T"},"43E":{"t":"L8"},"442":{"t":"C150"},"443":{"t":"L8"},"444":{"t":"AT3T"},"446":{"t":"PA22"},"448":{"t":"AA5"},"449":{"t":"BE35"},"44A":{"t":"C172"},"44B":{"t":"P28A"},"44F":{"t":"AA5"},"451":{"t":"BE58"},"454":{"t":"AT3P"},"455":{"t":"P28A"},"456":{"t":"BE58"},"458":{"t":"C150"},"45B":{"t":"P28B"},"45D":{"desc":"L1P"},"45F":{"t":"C150"},"460":{"t":"AT3T"},"461":{"t":"C150"},"463":{"t":"L8"},"465":{"t":"PA18"},"466":{"t":"C150"},"469":{"t":"PA22"},"46A":{"t":"C180"},"46D":{"t":"CH7A"},"46E":{"t":"C185"},"47A":{"t":"P208"},"482":{"t":"L8"},"485":{"t":"L8"},"486":{"t":"BALL"},"487":{"desc":"L1P"},"489":{"t":"L8"},"48A":{"t":"L8"},"48E":{"t":"C170"},"490":{"t":"AT3P"},"491":{"t":"C185"},"493":{"t":"PA15"},"494":{"t":"BALL"},"495":{"t":"NAVI"},"497":{"t":"PA11"},"49B":{"t":"P28A"},"49D":{"t":"P28R"},"49E":{"t":"C150"},"49F":{"t":"AT3T"},"4A2":{"t":"PA18"},"4A5":{"t":"C150"},"4A6":{"t":"AT3P"},"4A7":{"t":"L8"},"4A8":{"t":"L8"},"4AA":{"t":"C150"},"4AD":{"t":"L8"},"4B1":{"t":"BALL"},"4B3":{"desc":"L1P"},"4B4":{"t":"AS50"},"4B5":{"t":"C177"},"4B7":{"desc":"L1P"},"4BF":{"desc":"L1P"},"4C4":{"t":"CRJ2"},"4C8":{"t":"BE35"},"4C9":{"t":"GLID"},"4CB":{"t":"PC12"},"4CC":{"t":"SR22"},"4D0":{"desc":"A1P"},"4DA":{"t":"BE55"},"4DD":{"desc":"L1P"},"4E1":{"desc":"L1P"},"4E2":{"t":"CRJ2"},"4E5":{"t":"SR22"},"4EF":{"t":"C182"},"4F3":{"desc":"H1P"},"4F7":{"desc":"L1P"},"4FA":{"t":"BE33"},"4FC":{"desc":"L1P"},"4FD":{"t":"BE33"},"4FE":{"desc":"L1P"},"501":{"t":"LJ45"},"504":{"t":"PC12"},"506":{"desc":"L1P"},"50A":{"desc":"L1P"},"517":{"t":"C210"},"518":{"t":"C25B"},"521":{"t":"C172"},"523":{"t":"C172"},"525":{"desc":"L1P"},"52B":{"desc":"L1P"},"531":{"t":"A310"},"537":{"t":"P28A"},"53A":{"t":"BE55"},"53C":{"desc":"L1P"},"542":{"t":"GLF4"},"545":{"desc":"L1P"},"547":{"t":"C152"},"553":{"desc":"L1P"},"55E":{"t":"P28A"},"561":{"t":"BE55"},"56E":{"t":"RV12"},"56F":{"t":"C182"},"571":{"t":"S22T"},"577":{"desc":"L1P"},"587":{"t":"BT36"},"588":{"desc":"L1P"},"590":{"t":"BE35"},"597":{"t":"S22T"},"598":{"t":"GLF4"},"5A9":{"t":"PA34"},"5AA":{"t":"AT6T"},"5AB":{"desc":"L1P"},"5B0":{"t":"P46T"},"5C2":{"t":"BE55"},"5C3":{"t":"P32R"},"5C4":{"t":"GLF4"},"5C5":{"t":"COL4"},"5CA":{"t":"EC45"},"5CE":{"t":"PAY2"},"5D6":{"t":"SR22"},"5DB":{"desc":"L1P"},"5E4":{"t":"LJ45"},"5E6":{"t":"BALL"},"5F4":{"t":"BE36"},"5F5":{"t":"AT6T"},"5F7":{"t":"SR22"},"5F8":{"desc":"H1T"},"5FB":{"t":"SR20"},"5FC":{"t":"B407"},"60D":{"t":"BE55"},"61E":{"t":"GLF4"},"626":{"t":"BE35"},"628":{"t":"BE55"},"62E":{"t":"LJ55"},"631":{"t":"B06"},"632":{"t":"S22T"},"637":{"t":"P46T"},"638":{"t":"CH7B"},"63F":{"t":"GLID"},"640":{"desc":"L1P","t":"ULAC"},"641":{"desc":"L1P"},"642":{"t":"C68A"},"643":{"t":"BE58"},"646":{"t":"P46T"},"64D":{"t":"SR22"},"64F":{"t":"SR22"},"654":{"t":"CRJ2"},"658":{"t":"ULAC"},"659":{"t":"AA5"},"65A":{"t":"C310"},"65B":{"t":"SR22"},"65F":{"desc":"L1P"},"663":{"desc":"L1P"},"669":{"desc":"L1P"},"66C":{"t":"B06"},"66D":{"t":"PA46"},"672":{"t":"A320"},"67F":{"t":"B752"},"682":{"t":"PA34"},"6A6":{"t":"C337"},"6AA":{"t":"GLF4"},"6AF":{"desc":"H1P"},"6B0":{"t":"B737"},"6BC":{"t":"C310"},"6EE":{"t":"GLF4"},"6F2":{"desc":"L1P","t":"ULAC"},"708":{"t":"PA22"},"709":{"t":"C180"},"70A":{"t":"C170"},"70B":{"t":"P28A"},"70C":{"t":"C172"},"70F":{"t":"PA15"},"713":{"t":"PA11"},"714":{"t":"AT5T"},"716":{"t":"C402"},"717":{"t":"M4"},"71A":{"t":"C150"},"71C":{"t":"B47G"},"71D":{"t":"P28A"},"71E":{"t":"PA25"},"722":{"t":"AA5"},"724":{"t":"L8"},"725":{"t":"AA5"},"726":{"t":"AT5T"},"727":{"t":"PA18"},"72B":{"t":"PA22"},"72E":{"t":"BE35"},"730":{"t":"P28A"},"732":{"t":"PA15"},"736":{"t":"AT5T"},"73B":{"t":"BE33"},"740":{"t":"P28R"},"741":{"t":"AA5"},"743":{"t":"C150"},"744":{"t":"C150"},"745":{"t":"C150"},"747":{"t":"L8"},"74A":{"t":"C150"},"74B":{"t":"L8"},"74C":{"t":"L8"},"74E":{"t":"PA22"},"74F":{"t":"AA5"},"750":{"t":"C170"},"752":{"t":"AR11"},"755":{"t":"PA15"},"756":{"t":"P28R"},"757":{"t":"NAVI"},"758":{"t":"AA5"},"75B":{"t":"PA27"},"75C":{"t":"P28S"},"75F":{"t":"AT3T"},"763":{"t":"P32R"},"766":{"t":"C150"},"76C":{"t":"PA18"},"76D":{"t":"L8"},"770":{"t":"GLID"},"771":{"t":"BALL"},"772":{"t":"AA5"},"773":{"t":"AA5"},"775":{"t":"AR11"},"776":{"t":"AA5"},"77B":{"t":"AA5"},"77C":{"t":"PA11"},"781":{"t":"C182"},"783":{"t":"C150"},"785":{"t":"AT3T"},"788":{"t":"PA22"},"789":{"t":"C150"},"78B":{"t":"L8"},"78D":{"t":"L8"},"791":{"t":"L8"},"795":{"t":"AA5"},"798":{"t":"AA5"},"799":{"t":"C185"},"79B":{"t":"PA15"},"79C":{"t":"AA5"},"7A1":{"t":"AA5"},"7A5":{"t":"P28A"},"7A9":{"t":"P28A"},"7AD":{"t":"C150"},"7AF":{"t":"PA18"},"7B0":{"t":"L8"},"7B5":{"t":"L8"},"7B6":{"t":"SR22"},"7B7":{"t":"PA22"},"7B9":{"t":"C170"},"7BA":{"t":"AA5"},"7BC":{"t":"P28R"},"7BE":{"t":"PA15"},"7C0":{"t":"P210"},"7C1":{"t":"AA5"},"7C5":{"t":"AA5"},"7C6":{"t":"P28A"},"7CB":{"desc":"L1P"},"7CD":{"t":"AT3T"},"7CE":{"t":"PA22"},"7D2":{"t":"AT3T"},"7D4":{"t":"L8"},"7D8":{"desc":"L1P"},"7D9":{"desc":"L1P"},"7DA":{"t":"PA22"},"7DB":{"t":"AA5"},"7DF":{"t":"PA32"},"7E1":{"t":"PA15"},"7E5":{"t":"BE36"},"7E8":{"t":"P32R"},"7EC":{"t":"AT3T"},"7EE":{"t":"AT3P"},"7F2":{"t":"C150"},"7F3":{"t":"L8"},"7F5":{"t":"C150"},"7F6":{"t":"L8"},"7F7":{"t":"L8"},"7F8":{"t":"C150"},"7F9":{"t":"L8"},"7FB":{"t":"L8"},"7FD":{"t":"PA22"},"7FF":{"t":"ULAC"},"800":{"t":"AA5"},"801":{"t":"AA5"},"802":{"t":"C185"},"804":{"t":"PA15"},"806":{"t":"NAVI"},"807":{"t":"AA5"},"808":{"t":"PA11"},"809":{"t":"C340"},"80C":{"t":"P28A"},"80D":{"t":"AA5"},"80E":{"t":"P28A"},"80F":{"t":"C150"},"810":{"t":"AA5"},"812":{"t":"P32R"},"813":{"t":"PA18"},"814":{"t":"PA22"},"815":{"t":"C150"},"818":{"desc":"L1P"},"81A":{"desc":"H1P"},"81C":{"t":"L8"},"821":{"t":"C180"},"822":{"t":"C170"},"823":{"t":"BALL"},"824":{"t":"AA5"},"825":{"t":"C185"},"827":{"t":"M20P"},"828":{"t":"P28R"},"829":{"t":"NAVI"},"82B":{"t":"PA11"},"82C":{"t":"ST75"},"82D":{"t":"PA27"},"82F":{"t":"P28A"},"831":{"t":"BALL"},"833":{"t":"AA5"},"83A":{"t":"C150"},"83B":{"t":"L8"},"83C":{"t":"BALL"},"83E":{"t":"C150"},"840":{"t":"C150"},"843":{"t":"AA5"},"844":{"t":"AA5"},"847":{"t":"CH7A"},"84A":{"t":"PA15"},"84B":{"t":"P28R"},"84C":{"t":"NAVI"},"84D":{"t":"AA5"},"84E":{"t":"BE36"},"84F":{"t":"BALL"},"854":{"t":"P28A"},"855":{"t":"C150"},"858":{"t":"P28R"},"85B":{"t":"BALL"},"85F":{"t":"L8"},"860":{"t":"L8"},"863":{"t":"L8"},"864":{"t":"L8"},"865":{"desc":"L1P"},"866":{"desc":"L1P"},"868":{"t":"ULAC"},"869":{"t":"SR22"},"86A":{"t":"BE36"},"86B":{"t":"EC30"},"86F":{"t":"R66"},"870":{"t":"SR20"},"871":{"t":"GLF3"},"872":{"t":"HUSK"},"876":{"t":"SR22"},"877":{"t":"DA40"},"878":{"t":"BT36"},"87A":{"desc":"L1P","t":"ULAC"},"87B":{"desc":"L1P"},"87F":{"t":"BE35"},"880":{"desc":"L1P"},"884":{"t":"GLF3"},"887":{"t":"C82T"},"888":{"desc":"L1P"},"889":{"desc":"L1T","t":"PA46"},"88F":{"t":"P210"},"891":{"desc":"L1P"},"892":{"t":"S76"},"898":{"t":"BE35"},"899":{"t":"P28B"},"89A":{"t":"C172"},"89B":{"t":"P28A"},"89D":{"desc":"L1P"},"89E":{"t":"SR22"},"89F":{"t":"LJ25"},"8A1":{"desc":"L1P"},"8A3":{"t":"LJ35"},"8A4":{"t":"P180"},"8A8":{"t":"C172"},"8A9":{"t":"C182"},"8AA":{"t":"ULAC"},"8AC":{"t":"C182"},"8B1":{"desc":"L1P"},"8B2":{"t":"PA31"},"8B3":{"t":"GLID"},"8B4":{"t":"SR22"},"8B8":{"t":"C182"},"8B9":{"t":"C210"},"8BA":{"t":"C82T"},"8BB":{"desc":"L1P","t":"ULAC"},"8BC":{"t":"BE55"},"8BD":{"t":"BE36"},"8BE":{"desc":"L2P"},"8BF":{"desc":"L1P"},"8C1":{"t":"S22T"},"8C3":{"t":"RV12"},"8C7":{"t":"C172"},"8CD":{"t":"DV20"},"8CF":{"t":"GLID"},"8D6":{"desc":"L1P"},"8DA":{"t":"C172"},"8DB":{"t":"BE20"},"8E3":{"desc":"L2J"},"8E6":{"t":"C425"},"8E8":{"t":"A310"},"8EE":{"t":"BE40"},"8EF":{"t":"SF50"},"8F9":{"t":"GLF4"},"8FD":{"t":"GLF5"},"8FF":{"desc":"L1P"},"903":{"t":"SR22"},"90C":{"desc":"H1P"},"90D":{"t":"LJ45"},"90E":{"t":"C441"},"912":{"t":"M20P"},"915":{"t":"NAVI"},"916":{"t":"C421"},"917":{"desc":"L1P"},"918":{"t":"C25B"},"920":{"desc":"L1P"},"927":{"t":"S22T"},"928":{"t":"HUSK"},"92C":{"t":"HUSK"},"92F":{"t":"G280"},"930":{"t":"TWEN"},"931":{"t":"EC35"},"932":{"desc":"L1P"},"937":{"t":"R44"},"938":{"t":"GLID"},"939":{"desc":"L1P"},"93A":{"t":"C340"},"93B":{"t":"LJ31"},"93C":{"desc":"L1P","t":"ULAC"},"93E":{"t":"C425"},"93F":{"desc":"L1P"},"940":{"desc":"L1P"},"949":{"t":"B407"},"94D":{"t":"PA46"},"950":{"t":"EN48"},"953":{"t":"SR22"},"955":{"t":"BE33"},"95C":{"t":"BE58"},"960":{"t":"P28A"},"961":{"t":"AT6T"},"962":{"t":"SR20"},"963":{"desc":"L1P"},"964":{"desc":"L1J"},"965":{"t":"SR22"},"96B":{"t":"SR22"},"96C":{"desc":"L1P"},"971":{"t":"R66"},"97A":{"t":"C206"},"97B":{"t":"C172"},"97C":{"desc":"L1P"},"97D":{"desc":"L1P"},"97F":{"t":"EA50"},"980":{"t":"SR22"},"981":{"t":"R44"},"984":{"t":"R44"},"987":{"desc":"L1P"},"989":{"desc":"H4E"},"98B":{"t":"EC35"},"992":{"desc":"L1P"},"9AB":{"t":"PA24"},"9AC":{"desc":"H1P"},"9AD":{"t":"CH7B"},"9AE":{"desc":"L1P"},"9B1":{"t":"BE20"},"9B3":{"t":"R22"},"9B7":{"t":"P28A"},"9BC":{"t":"M20P"},"9BD":{"t":"ULAC"},"9C0":{"desc":"L1P"},"9DD":{"t":"PA18"},"9E1":{"desc":"L1P"},"9E3":{"t":"E50P"},"9E5":{"t":"AA5"},"9E6":{"desc":"L1P"},"9E7":{"desc":"H1T"},"9ED":{"t":"P28R"},"9EE":{"desc":"L1P"},"9EF":{"t":"SR22"},"9F1":{"desc":"L1P"},"9F2":{"t":"C140"},"9F6":{"desc":"A1P"},"9F8":{"desc":"A1T","t":"KODI"},"9FC":{"desc":"L1T"},"9FD":{"desc":"L1P"},"A00":{"desc":"L1P"},"A02":{"t":"C680"},"A04":{"t":"C172"},"A07":{"t":"SR20"},"A08":{"t":"C414"},"A0F":{"t":"BE35"},"A10":{"t":"UH1"},"A11":{"desc":"L1P","t":"TB1"},"A14":{"desc":"H1P"},"A16":{"t":"R44"},"A17":{"t":"BE76"},"A19":{"t":"EC45"},"A1F":{"t":"ULAC"},"A20":{"desc":"L1P","t":"ULAC"},"A23":{"desc":"L1P"},"A24":{"desc":"L1P"},"A25":{"t":"C550"},"A28":{"t":"P208"},"A29":{"t":"A320"},"A30":{"t":"R22"},"A36":{"t":"B752"},"A39":{"desc":"L1P","t":"ULAC"},"A41":{"t":"PC12"},"A5C":{"desc":"L1P"},"A5E":{"t":"C150"},"A60":{"t":"C170"},"A66":{"desc":"L1P"},"A67":{"t":"B737"},"A68":{"t":"C340"},"A6B":{"desc":"L1P","t":"ULAC"},"A6C":{"t":"FDCT"},"A6F":{"t":"BE58"},"A73":{"t":"C310"},"A8C":{"t":"P28A"},"ABA":{"t":"CRJ2"},"ABD":{"desc":"L1P"},"ABE":{"t":"RV12"},"AC8":{"t":"NAVI"},"ACA":{"t":"BE33"},"ACC":{"t":"PA27"},"AD2":{"t":"BE35"},"AD5":{"t":"PA18"},"AD7":{"desc":"L1P"},"AD8":{"t":"C150"},"AD9":{"desc":"L1P"},"ADB":{"t":"L8"},"ADC":{"desc":"L1P"},"ADD":{"t":"L8"},"AE0":{"desc":"L1P"},"AE3":{"desc":"L1P"},"AED":{"t":"PA11"},"AEE":{"t":"ST75"},"AF0":{"t":"P32R"},"AF5":{"t":"C206"},"AFA":{"t":"L8"},"AFD":{"t":"C150"},"AFE":{"t":"C150"},"B01":{"t":"C150"},"B03":{"t":"L8"},"B09":{"t":"AR11"},"B0A":{"t":"C185"},"B0C":{"t":"PA15"},"B0E":{"t":"NAVI"},"B10":{"t":"BE36"},"B12":{"desc":"L1P"},"B14":{"t":"P28A"},"B16":{"t":"P28A"},"B17":{"t":"C150"},"B1A":{"t":"P28R"},"B1B":{"t":"PA25"},"B20":{"t":"C150"},"B23":{"t":"C150"},"B25":{"t":"L8"},"B29":{"t":"C180"},"B2A":{"t":"C170"},"B2B":{"t":"BE35"},"B2C":{"t":"CH7A"},"B2D":{"t":"P32R"},"B30":{"t":"P28R"},"B31":{"t":"NAVI"},"B34":{"t":"ST75"},"B38":{"t":"BE33"},"B3A":{"t":"C150"},"B3D":{"t":"P32R"},"B3E":{"desc":"L1P"},"B3F":{"t":"PA22"},"B40":{"t":"L8"},"B41":{"t":"L8"},"B42":{"t":"C150"},"B44":{"t":"L8"},"B45":{"t":"L8"},"B46":{"t":"C150"},"B4C":{"t":"M6"},"B4D":{"t":"C170"},"B4F":{"t":"CH7A"},"B50":{"t":"P28R"},"B52":{"t":"M20P"},"B57":{"t":"ST75"},"B60":{"t":"PA34"},"B62":{"t":"PA22"},"B64":{"t":"L8"},"B65":{"t":"L8"},"B68":{"desc":"H1P"},"B69":{"t":"L8"},"B6A":{"t":"L8"},"B6C":{"t":"C150"},"B6D":{"desc":"L1P"},"B6E":{"t":"PA22"},"B71":{"t":"BE35"},"B73":{"t":"P28A"},"B79":{"t":"PA11"},"B7A":{"t":"ST75"},"B7D":{"t":"P28A"},"B7E":{"t":"BE36"},"B7F":{"t":"P28R"},"B80":{"t":"C150"},"B82":{"t":"AC11"},"B87":{"t":"L8"},"B89":{"t":"L8"},"B8E":{"t":"L8"},"B8F":{"t":"C150"},"B90":{"desc":"L1P"},"B92":{"t":"C180"},"B94":{"t":"BE35"},"B95":{"t":"CH7A"},"B96":{"t":"P28A"},"B98":{"t":"M20P"},"B99":{"t":"P28R"},"B9A":{"t":"NAVI"},"B9C":{"t":"BE58"},"B9F":{"t":"PA34"},"BA0":{"t":"P28A"},"BA1":{"t":"BE35"},"BA3":{"t":"C150"},"BA4":{"t":"VALI"},"BA5":{"t":"AC11"},"BA6":{"t":"P28R"},"BA8":{"t":"PA22"},"BAA":{"t":"L8"},"BAB":{"t":"C150"},"BAC":{"t":"C150"},"BAD":{"t":"L8"},"BAF":{"t":"L8"},"BB1":{"t":"L8"},"BB2":{"t":"L8"},"BB3":{"t":"R44"},"BB4":{"t":"PA22"},"BB5":{"t":"C180"},"BB6":{"t":"C170"},"BB7":{"t":"BE35"},"BB8":{"t":"CH7A"},"BB9":{"t":"C210"},"BBA":{"t":"C337"},"BBB":{"t":"PA15"},"BBD":{"t":"NAVI"},"BBF":{"t":"BE60"},"BC4":{"t":"AT8T"},"BC5":{"t":"PA34"},"BC6":{"t":"C150"},"BCD":{"t":"L8"},"BCF":{"t":"C150"},"BD1":{"t":"L8"},"BD3":{"t":"C77R"},"BD4":{"desc":"L1P"},"BD7":{"t":"PA22"},"BD8":{"desc":"L1P"},"BD9":{"t":"C210"},"BDB":{"t":"CH7A"},"BDC":{"t":"C152"},"BDD":{"desc":"L1P"},"BE2":{"t":"PA11"},"BE3":{"t":"C340"},"BE5":{"desc":"L1P"},"BE6":{"t":"P28A"},"BE7":{"t":"BE33"},"BEF":{"t":"L8"},"BF2":{"t":"L8"},"BF7":{"t":"L8"},"BF9":{"t":"B06"},"BFC":{"t":"C170"},"BFE":{"t":"CH7A"},"C01":{"t":"M20P"},"C03":{"desc":"L1P"},"C05":{"t":"PA11"},"C09":{"t":"P28A"},"C0A":{"t":"BE36"},"C0C":{"t":"C150"},"C0D":{"desc":"L1P"},"C0F":{"t":"P28A"},"C10":{"t":"PA25"},"C13":{"desc":"L1P"},"C14":{"desc":"L1P"},"C15":{"t":"C150"},"C16":{"t":"L8"},"C1B":{"t":"C150"},"C1E":{"t":"MD82"},"C1F":{"t":"CJ6"},"C20":{"t":"CH7B"},"C21":{"desc":"L2J"},"C22":{"t":"C150"},"C2E":{"t":"B739"},"C2F":{"t":"AT8T"},"C32":{"t":"CRJ2"},"C34":{"t":"CL30"},"C35":{"t":"B763"},"C37":{"t":"L13M"},"C38":{"t":"BE58"},"C39":{"t":"C172"},"C3D":{"desc":"L1P"},"C40":{"t":"BE58"},"C50":{"t":"SR22"},"C51":{"t":"SR22"},"C55":{"desc":"L1P"},"C5B":{"t":"C172"},"C5D":{"t":"BE40"},"C61":{"t":"PA32"},"C64":{"t":"R44"},"C67":{"t":"R66"},"C69":{"t":"BE60"},"C6A":{"t":"RV12"},"C6E":{"t":"BE58"},"C70":{"desc":"L1P"},"C72":{"t":"M20P"},"C74":{"t":"C340"},"C79":{"t":"GLF4"},"C7A":{"t":"BE36"},"C91":{"t":"C172"},"C98":{"desc":"L1T"},"C9B":{"t":"CH7A"},"CA5":{"t":"P28A"},"CAB":{"desc":"L1P"},"CB0":{"t":"GLF4"},"CBA":{"t":"C150"},"CBB":{"desc":"L1P"},"CBF":{"t":"H500"},"CCC":{"t":"GLF4"},"CDC":{"t":"DA40"},"CE5":{"desc":"L2J"},"CE8":{"t":"GLF3"},"CE9":{"t":"EC45"},"CEC":{"desc":"L1P"},"CEE":{"t":"RV12"},"CF2":{"t":"BE35"},"D17":{"desc":"L1P"},"D30":{"t":"T206"},"D31":{"t":"ULAC"},"D32":{"desc":"A1P"},"D33":{"t":"CH7B"},"D3C":{"desc":"L1P"},"D3E":{"t":"GLF4"},"D41":{"t":"BE36"},"D42":{"t":"B407"},"D62":{"t":"BE36"},"D63":{"desc":"H1P"},"D6A":{"t":"B407"},"D6E":{"desc":"L1P"},"D96":{"desc":"L1P"},"DA5":{"t":"ULAC"},"DA8":{"desc":"L1P"},"DAF":{"desc":"L1P"},"DB7":{"t":"C172"},"DBB":{"t":"C172"},"DBD":{"t":"SR22"},"DC2":{"t":"CRJ2"},"DC6":{"t":"P28A"},"DC8":{"t":"EA50"},"DC9":{"desc":"L1P"},"DD1":{"t":"DA40"},"DD7":{"t":"DA42"},"DE0":{"t":"A320"},"DED":{"t":"B752"},"DF1":{"t":"LJ60"},"DF3":{"desc":"L1P"},"E13":{"t":"CL30"},"E1E":{"t":"B737"},"E23":{"t":"R44"},"E75":{"desc":"L1P"},"E76":{"t":"SR20"},"E78":{"t":"C170"},"E79":{"t":"BE35"},"E7C":{"desc":"L1P"},"E7F":{"t":"P210"},"E81":{"desc":"L1P"},"E82":{"t":"ST75"},"E83":{"desc":"L1P"},"E87":{"t":"P28B"},"E8A":{"t":"AC11"},"E8E":{"t":"C150"},"E8F":{"t":"L8"},"E93":{"t":"C150"},"E95":{"t":"L8"},"E9A":{"t":"C180"},"E9B":{"t":"M20T"},"E9D":{"t":"CH7A"},"EA0":{"t":"PA15"},"EA5":{"desc":"L2P"},"EAA":{"t":"PA32"},"EAB":{"t":"C150"},"EAE":{"t":"P28A"},"EAF":{"t":"PA25"},"EB5":{"t":"C150"},"EBA":{"t":"L8"},"EBC":{"t":"BE35"},"EBD":{"t":"C180"},"EBF":{"t":"BE35"},"EC0":{"t":"CH7A"},"EC1":{"t":"C185"},"EC6":{"t":"C421"},"ECC":{"t":"BE36"},"ED0":{"t":"AC11"},"ED4":{"t":"C150"},"ED6":{"t":"L8"},"ED9":{"t":"L8"},"EDD":{"t":"L8"},"EE0":{"desc":"H2T"},"EE2":{"desc":"L1P"},"EE3":{"t":"CH7A"},"EE4":{"t":"C185"},"EE7":{"t":"P28R"},"EEA":{"t":"PA11"},"EEE":{"t":"P28A"},"EF6":{"t":"PA22"},"EF7":{"t":"L8"},"EF8":{"t":"UH1"},"EF9":{"t":"L8"},"EFD":{"t":"L8"},"F05":{"t":"BE35"},"F06":{"t":"CH7A"},"F07":{"t":"C185"},"F09":{"t":"PA15"},"F0A":{"t":"P28R"},"F0B":{"t":"NAVI"},"F0D":{"t":"BE35"},"F0E":{"t":"BE17"},"F11":{"t":"P28A"},"F13":{"t":"PA34"},"F14":{"t":"C150"},"F15":{"t":"C172"},"F17":{"t":"PA34"},"F1A":{"t":"L8"},"F21":{"t":"ST75"},"F22":{"t":"GLID"},"F23":{"t":"L8"},"F25":{"t":"GLID"},"F26":{"t":"C180"},"F29":{"t":"CH7A"},"F2A":{"t":"P28A"},"F32":{"t":"PA27"},"F37":{"t":"C150"},"F39":{"t":"AC11"},"F3A":{"t":"P28A"},"F3D":{"t":"L8"},"F41":{"t":"L8"},"F42":{"t":"L8"},"F4A":{"t":"C170"},"F4B":{"t":"BE35"},"F4D":{"t":"P28A"},"F51":{"t":"P210"},"F5D":{"t":"P28R"},"F5F":{"t":"PA22"},"F65":{"t":"L8"},"F66":{"t":"L8"},"F67":{"t":"L8"},"F68":{"t":"L8"},"F69":{"t":"J3"},"F6A":{"t":"C172"},"F6B":{"t":"PA18"},"F6C":{"t":"C180"},"F6D":{"t":"C170"},"F6E":{"t":"BE35"},"F72":{"t":"PA15"},"F75":{"t":"C340"},"F76":{"t":"PA11"},"F80":{"t":"PA32"},"F84":{"t":"L8"},"F8E":{"desc":"L1P"},"F92":{"t":"CH7A"},"F96":{"desc":"L1P"},"F99":{"t":"PA11"},"F9A":{"t":"C340"},"F9F":{"t":"P28R"},"FA1":{"t":"BE35"},"FA2":{"t":"AC11"},"FA6":{"t":"H500"},"FA7":{"t":"L8"},"FA8":{"t":"TAYB"},"FAB":{"t":"L8"},"FAC":{"t":"AA5"},"FB1":{"t":"PA18"},"FB2":{"desc":"L1P"},"FB8":{"t":"PA15"},"FB9":{"desc":"L1P"},"FBA":{"t":"NAVI"},"FBC":{"t":"PA11"},"FBD":{"t":"C340"},"FC0":{"t":"P28A"},"FC2":{"t":"P28R"},"FC3":{"t":"C150"},"FC4":{"t":"BE35"},"FC9":{"desc":"L1P"},"FCF":{"t":"L8"},"FD3":{"desc":"L1P"},"FD4":{"t":"P28A"},"FD6":{"desc":"H4E"},"FDB":{"t":"ST75"},"FE0":{"t":"B407"},"FE2":{"t":"C150"},"FE9":{"t":"CRJ2"},"FED":{"t":"BE35"},"FEE":{"t":"BE55"},"FEF":{"t":"SR22"},"FF2":{"t":"GLF4"},"FF5":{"desc":"L1P"},"FF6":{"t":"B748"},"FF7":{"t":"GLID"}}