{"1016":{"desc":"L1P"},"1018":{"t":"ULAC"},"101D":{"t":"B06"},"101E":{"t":"C177"},"101F":{"t":"DA42"},"1022":{"t":"ULAC"},"1024":{"t":"BE40"},"1029":{"t":"UH1"},"102C":{"t":"B412"},"1031":{"desc":"L1P"},"1034":{"desc":"L1P","t":"ULAC"},"103F":{"t":"ULAC"},"104C":{"t":"CL30"},"104E":{"t":"SR20"},"1051":{"desc":"L1P"},"1058":{"t":"C182"},"105B":{"desc":"L1P"},"1064":{"t":"SR20"},"1065":{"t":"C206"},"1069":{"t":"UH1"},"106C":{"desc":"S1P"},"106E":{"desc":"L1P"},"106F":{"t":"BE9L"},"107D":{"desc":"H4E"},"1086":{"desc":"L1T"},"108A":{"desc":"L1P"},"108C":{"t":"C172"},"1090":{"t":"B742"},"10A0":{"t":"BE40"},"10C7":{"t":"AS50"},"10C8":{"t":"B712"},"10D5":{"t":"BE33"},"10E3":{"t":"BE40"},"10E4":{"t":"P180"},"10F9":{"desc":"L1P"},"1105":{"t":"C414"},"1108":{"t":"KODI"},"1114":{"t":"BALL"},"112B":{"t":"BT36"},"112E":{"desc":"L1P"},"1137":{"t":"S22T"},"1154":{"t":"P68"},"1159":{"t":"C172"},"115D":{"t":"BE35"},"115E":{"desc":"L1P"},"1161":{"t":"S22T"},"1164":{"t":"SR20"},"1165":{"t":"B407"},"1167":{"desc":"L1P"},"116E":{"t":"M20T"},"1173":{"t":"CRJ9"},"1187":{"t":"GLF4"},"118F":{"desc":"L1P"},"119B":{"t":"C25A"},"11A3":{"desc":"L1P"},"11A8":{"t":"F900"},"11A9":{"t":"UH1"},"11AB":{"t":"ULAC"},"11B2":{"desc":"H4E"},"11B6":{"t":"C172"},"11B8":{"t":"SR22"},"11C1":{"t":"BE35"},"11C2":{"t":"A320"},"11D2":{"t":"DA42"},"11D6":{"t":"BALL"},"11D7":{"t":"BE9T"},"11DB":{"t":"A320"},"120E":{"desc":"L1P"},"1218":{"t":"B06"},"1219":{"t":"B737"},"124E":{"desc":"L1T","t":"M600"},"1257":{"desc":"L1T"},"1271":{"t":"C180"},"1273":{"desc":"S1P"},"1274":{"t":"C172"},"1275":{"desc":"L1P","t":"ULAC"},"1278":{"t":"C152"},"1279":{"t":"P28R"},"127A":{"t":"NAVI"},"127B":{"t":"C152"},"127C":{"t":"PA11"},"127D":{"t":"ST75"},"1282":{"t":"ULAC"},"1283":{"t":"P28A"},"1285":{"desc":"L1P","t":"ULAC"},"1288":{"t":"PA22"},"1289":{"t":"TAYD"},"128A":{"t":"AR11"},"128D":{"t":"C152"},"128E":{"t":"C152"},"1294":{"t":"C180"},"129B":{"t":"PA11"},"129F":{"t":"PA11"},"12A5":{"desc":"A1P","t":"ULAC"},"12A6":{"t":"A320"},"12A8":{"desc":"L1P"},"12AB":{"t":"PA22"},"12AE":{"t":"AR11"},"12B1":{"t":"AR11"},"12B5":{"t":"TAYD"},"12B6":{"t":"WACO"},"12B7":{"t":"C180"},"12BC":{"t":"C172"},"12C1":{"t":"P28A"},"12C4":{"desc":"L1P","t":"ULAC"},"12C6":{"t":"C188"},"12C7":{"t":"C82T"},"12C9":{"t":"C210"},"12CA":{"t":"C170"},"12D2":{"t":"TAYD"},"12D3":{"t":"C152"},"12D4":{"t":"C152"},"12DA":{"t":"C180"},"12DD":{"t":"C182"},"12E4":{"t":"P28A"},"12E6":{"t":"C182"},"12EA":{"desc":"L1P"},"12EF":{"desc":"L1T","t":"SS2P"},"12FB":{"t":"C152"},"12FC":{"t":"SR22"},"12FE":{"t":"C152"},"1303":{"t":"C172"},"1307":{"t":"P28A"},"130A":{"t":"PA27"},"130B":{"t":"C188"},"130D":{"t":"C82T"},"130E":{"t":"ULAC"},"130F":{"t":"C210"},"1315":{"t":"TAYD"},"1318":{"t":"C152"},"131E":{"t":"PT22"},"1320":{"t":"C310"},"1322":{"t":"T210"},"1324":{"t":"PA44"},"1327":{"t":"C152"},"1328":{"t":"P28R"},"132B":{"t":"PA11"},"132F":{"t":"C188"},"133D":{"t":"C152"},"1346":{"t":"C182"},"134B":{"t":"P28R"},"134D":{"t":"P28A"},"134E":{"t":"PA15"},"134F":{"t":"C182"},"1353":{"t":"C82T"},"1354":{"t":"P28R"},"1358":{"desc":"L1T","t":"SS2P"},"135B":{"t":"C152"},"135C":{"desc":"L1P"},"136A":{"desc":"L1P","t":"ULAC"},"136B":{"t":"PA32"},"136E":{"t":"P28R"},"136F":{"desc":"L1P"},"1370":{"t":"P28A"},"1373":{"t":"PA27"},"1375":{"t":"C188"},"1377":{"t":"PA34"},"137E":{"t":"C152"},"137F":{"t":"FA62"},"1383":{"t":"C152"},"1386":{"t":"C152"},"1387":{"t":"C152"},"1388":{"t":"BE35"},"138F":{"t":"C172"},"1391":{"t":"P28R"},"1395":{"t":"ST75"},"1396":{"t":"PA18"},"1397":{"t":"C188"},"139A":{"t":"ULAC"},"139E":{"desc":"L1P"},"13A7":{"t":"PT22"},"13A8":{"desc":"L1P"},"13B0":{"desc":"L1P"},"13B2":{"t":"C172"},"13B6":{"desc":"L1P"},"13B7":{"t":"PA11"},"13B8":{"t":"ST75"},"13BC":{"t":"P28R"},"13BD":{"t":"C82T"},"13BE":{"t":"C210"},"13C2":{"t":"T210"},"13C3":{"t":"PA22"},"13C4":{"t":"C152"},"13C8":{"t":"C152"},"13CE":{"t":"C185"},"13CF":{"t":"BALL"},"13D2":{"t":"T210"},"13D4":{"t":"B407"},"13D5":{"t":"C182"},"13D9":{"desc":"L2T"},"13E0":{"t":"B739"},"13E7":{"t":"B763"},"13E8":{"t":"BE55"},"13EC":{"desc":"L1P"},"13EF":{"desc":"L1P"},"13F3":{"desc":"L1P","t":"ULAC"},"1404":{"t":"C182"},"140A":{"t":"S22T"},"140D":{"desc":"L1P"},"1417":{"desc":"L1P"},"141A":{"t":"P28A"},"141B":{"t":"SR20"},"141D":{"desc":"L1P"},"1420":{"desc":"H1T"},"1423":{"t":"BALL"},"1426":{"desc":"L2T","t":"BE18"},"1436":{"t":"GLF4"},"1443":{"t":"C172"},"1445":{"t":"P28A"},"1447":{"t":"B744"},"1457":{"t":"P28A"},"1465":{"t":"P28A"},"147F":{"t":"B712"},"148E":{"t":"BE40"},"1497":{"t":"C25B"},"149B":{"t":"P180"},"149E":{"t":"T206"},"14A2":{"t":"C56X"},"14A5":{"desc":"L1P"},"14AB":{"t":"BE9L"},"14B0":{"desc":"L1T"},"14BF":{"desc":"L1T"},"14CC":{"desc":"L1P"},"14D0":{"t":"AS50"},"14E2":{"t":"MITE"},"14E3":{"t":"BL8"},"14F4":{"desc":"L1P"},"14FB":{"t":"F2TH"},"14FF":{"t":"PA44"},"1511":{"desc":"L1P"},"1518":{"t":"BE23"},"151C":{"t":"B407"},"151F":{"desc":"L1P"},"1524":{"t":"RV12"},"152A":{"t":"CRJ9"},"1546":{"desc":"L1P"},"1557":{"desc":"L1P"},"155A":{"t":"LJ35"},"155F":{"t":"SR22"},"1560":{"t":"R44"},"1563":{"t":"SR22"},"1565":{"t":"C172"},"1566":{"desc":"L1P"},"156D":{"t":"C172"},"1579":{"t":"A320"},"157B":{"t":"DA40"},"1584":{"t":"BE40"},"1589":{"t":"DA42"},"158D":{"t":"BALL"},"1592":{"t":"A320"},"15C9":{"desc":"L1T"},"15CF":{"t":"BE58"},"15D0":{"t":"B737"},"15D4":{"t":"C172"},"15D5":{"desc":"L1P"},"15DC":{"desc":"L1P","t":"ULAC"},"15EA":{"t":"ULAC"},"1628":{"t":"C180"},"1629":{"t":"C152"},"162B":{"t":"C172"},"162F":{"t":"PA11"},"1630":{"t":"P28R"},"1632":{"t":"P28A"},"1634":{"t":"BE18"},"1635":{"t":"PA18"},"1638":{"t":"C82R"},"163A":{"t":"C210"},"1642":{"t":"TAYD"},"1644":{"t":"C152"},"1645":{"desc":"L1P"},"1649":{"t":"C152"},"164A":{"t":"FA50"},"164B":{"t":"C180"},"164D":{"t":"C185"},"164F":{"t":"C185"},"1650":{"t":"P28A"},"1652":{"t":"PA11"},"1653":{"t":"C188"},"1655":{"t":"P28A"},"165B":{"t":"B06"},"165D":{"t":"A320"},"165F":{"t":"AC11"},"1660":{"t":"R44"},"1662":{"t":"PA22"},"1663":{"t":"AR11"},"1667":{"t":"AR11"},"1669":{"t":"AR11"},"166A":{"t":"AR11"},"166B":{"desc":"L1P"},"166C":{"t":"TAYD"},"166D":{"t":"F86"},"166F":{"desc":"L1P"},"1672":{"t":"C182"},"1673":{"t":"P28A"},"1674":{"t":"C172"},"1676":{"t":"P28R"},"167C":{"t":"C188"},"167E":{"t":"C82T"},"167F":{"desc":"L1P"},"1680":{"t":"A320"},"1682":{"t":"AC11"},"1686":{"t":"C152"},"1688":{"t":"TAYD"},"1689":{"t":"C152"},"168B":{"t":"C152"},"168C":{"t":"C152"},"168D":{"t":"C152"},"168E":{"desc":"L1P"},"1690":{"desc":"L1P"},"1691":{"t":"C180"},"1694":{"t":"C172"},"1697":{"t":"C172"},"1698":{"t":"PA11"},"1699":{"t":"C188"},"169A":{"t":"NAVI"},"169B":{"t":"P28A"},"16A3":{"t":"C210"},"16A8":{"t":"PA22"},"16AF":{"t":"TAYD"},"16B0":{"t":"TAYD"},"16B1":{"t":"C152"},"16B3":{"desc":"L1P"},"16B9":{"t":"P28A"},"16BE":{"t":"P28A"},"16C2":{"t":"C188"},"16C6":{"t":"C210"},"16C9":{"desc":"L1T","t":"SS2P"},"16CE":{"t":"C152"},"16D0":{"t":"C152"},"16D9":{"t":"C185"},"16DB":{"desc":"L1P"},"16DF":{"t":"P28R"},"16E1":{"t":"P28A"},"16E4":{"t":"C152"},"16E7":{"t":"C82T"},"16EA":{"t":"BL17"},"16EE":{"t":"PA22"},"16EF":{"t":"C152"},"16F0":{"t":"C152"},"16F1":{"t":"AR11"},"16F2":{"t":"TAYD"},"16F8":{"t":"C152"},"16FA":{"t":"C180"},"16FD":{"t":"C182"},"16FF":{"t":"C206"},"1700":{"t":"C172"},"1701":{"t":"PA11"},"1702":{"t":"P28R"},"1704":{"t":"P28A"},"1707":{"t":"PA27"},"1709":{"t":"B407"},"170B":{"t":"P28A"},"1713":{"t":"C152"},"1716":{"t":"C152"},"171A":{"t":"TAYD"},"171D":{"t":"PA44"},"1720":{"t":"C182"},"1722":{"desc":"H1T"},"1723":{"t":"C172"},"1725":{"t":"P28R"},"1727":{"t":"P28A"},"1729":{"t":"C182"},"1735":{"t":"TAYD"},"1738":{"t":"TAYD"},"173B":{"t":"AR11"},"173D":{"t":"TAYD"},"173E":{"t":"TAYD"},"1740":{"t":"C180"},"1742":{"desc":"L1P"},"1745":{"t":"P28A"},"1747":{"t":"C152"},"1748":{"t":"P28R"},"174A":{"t":"P28A"},"174D":{"t":"BALL"},"174E":{"t":"C185"},"1750":{"t":"C82T"},"1752":{"t":"T206"},"1754":{"t":"AC11"},"1756":{"t":"C210"},"1759":{"t":"TAYD"},"175D":{"t":"C152"},"1761":{"t":"C152"},"1764":{"t":"BE35"},"1766":{"t":"C182"},"1768":{"t":"C172"},"1769":{"t":"C172"},"176D":{"t":"P28A"},"176F":{"t":"C182"},"1770":{"t":"C152"},"177C":{"t":"C152"},"177D":{"t":"P28B"},"177F":{"t":"C152"},"1782":{"t":"C152"},"1784":{"t":"C152"},"1785":{"desc":"L1P"},"1786":{"t":"GLF3"},"1789":{"desc":"L1P"},"178B":{"t":"EC35"},"178D":{"t":"PA32"},"1790":{"desc":"L2T"},"1792":{"t":"BE40"},"1794":{"desc":"L1P"},"1797":{"t":"B739"},"179F":{"t":"TBM8"},"17A2":{"t":"PA32"},"17A5":{"desc":"L1P"},"17A6":{"desc":"H1T","t":"S92"},"17AC":{"t":"P28A"},"17B9":{"desc":"L2J"},"17BF":{"t":"C560"},"17C0":{"t":"B06"},"17C6":{"t":"SR22"},"17D2":{"t":"SR20"},"17D8":{"t":"ULAC"},"17DD":{"t":"SR22"},"17E2":{"t":"DA40"},"17E3":{"t":"SR22"},"17E9":{"t":"S22T"},"17EA":{"desc":"L1P"},"17FA":{"t":"C172"},"17FE":{"t":"B744"},"180E":{"t":"P28A"},"1815":{"t":"BE40"},"181B":{"t":"P46T"},"1836":{"t":"B712"},"1837":{"t":"B407"},"1846":{"t":"UH12"},"1850":{"desc":"L1P"},"1858":{"desc":"L1P"},"186D":{"t":"R66"},"187B":{"desc":"L1P"},"1887":{"t":"AA5"},"1899":{"t":"MITE"},"189A":{"desc":"L1P"},"189C":{"t":"B744"},"18A1":{"desc":"L1P","t":"ULAC"},"18A3":{"desc":"L1P"},"18AB":{"desc":"L1T"},"18AD":{"desc":"L1P"},"18B4":{"desc":"L1P"},"18B6":{"t":"PA44"},"18CB":{"t":"BE40"},"18CC":{"t":"BE9L"},"18F5":{"t":"GLF4"},"1911":{"desc":"L1P"},"1919":{"desc":"L1P","t":"ULAC"},"191C":{"t":"C172"},"1920":{"desc":"H4E"},"1924":{"t":"C172"},"1928":{"desc":"L1T","t":"M600"},"192B":{"t":"CRJ2"},"192F":{"t":"BE35"},"1930":{"t":"A320"},"1931":{"t":"C82S"},"1932":{"t":"BL17"},"193B":{"t":"BE40"},"1944":{"t":"BALL"},"1949":{"t":"A320"},"1971":{"t":"GLF4"},"197A":{"t":"PA23"},"197B":{"t":"PC12"},"1987":{"t":"B737"},"1988":{"t":"C172"},"198B":{"desc":"L1P"},"198D":{"t":"ULAC"},"1993":{"desc":"L1P"},"1994":{"t":"GLID"},"1995":{"t":"ULAC"},"19DF":{"t":"C180"},"19E0":{"t":"BE35"},"19E5":{"t":"C172"},"19E6":{"t":"PA11"},"19E9":{"t":"P28A"},"19EC":{"t":"PA27"},"19EF":{"t":"C82T"},"19F5":{"t":"TBM7"},"19F7":{"t":"TAYD"},"19F9":{"t":"C152"},"19FA":{"desc":"L1P"},"19FB":{"t":"AR11"},"1A02":{"t":"C180"},"1A05":{"t":"C182"},"1A07":{"t":"C206"},"1A0A":{"t":"P28R"},"1A0C":{"t":"P28A"},"1A0D":{"desc":"L1P"},"1A0E":{"t":"ST75"},"1A0F":{"t":"PA27"},"1A11":{"t":"C188"},"1A15":{"t":"C72R"},"1A16":{"t":"AC11"},"1A19":{"t":"PA22"},"1A1B":{"t":"TAYD"},"1A1F":{"t":"C152"},"1A21":{"t":"AR11"},"1A23":{"desc":"L1P"},"1A26":{"t":"C152"},"1A27":{"desc":"L1P","t":"ULAC"},"1A28":{"t":"C172"},"1A2A":{"desc":"L1P"},"1A2B":{"t":"C172"},"1A2C":{"t":"C182"},"1A2D":{"t":"P28R"},"1A2F":{"t":"P28A"},"1A35":{"t":"C82T"},"1A36":{"t":"P28R"},"1A38":{"t":"C72R"},"1A3B":{"t":"T210"},"1A43":{"t":"C152"},"1A48":{"t":"C180"},"1A4A":{"t":"C185"},"1A4B":{"t":"C172"},"1A4D":{"desc":"A1P"},"1A4F":{"t":"PA11"},"1A51":{"t":"NAVI"},"1A52":{"t":"P28A"},"1A53":{"t":"PA11"},"1A54":{"t":"ST75"},"1A5E":{"t":"PA25"},"1A5F":{"t":"PA22"},"1A60":{"t":"C152"},"1A62":{"t":"FA62"},"1A63":{"t":"C152"},"1A67":{"t":"O1"},"1A68":{"t":"FA62"},"1A6B":{"t":"C180"},"1A6D":{"desc":"H1P"},"1A6E":{"t":"C182"},"1A6F":{"t":"C185"},"1A70":{"t":"P28R"},"1A73":{"t":"P28R"},"1A76":{"t":"PA11"},"1A7D":{"t":"C210"},"1A82":{"t":"PA22"},"1A8C":{"t":"C152"},"1A90":{"t":"C185"},"1A93":{"t":"C172"},"1A94":{"t":"C172"},"1A97":{"t":"P210"},"1A9A":{"t":"ST75"},"1A9C":{"t":"C182"},"1A9F":{"t":"BE20"},"1AA1":{"t":"BL17"},"1AA7":{"desc":"L1P"},"1AA8":{"desc":"L1P"},"1AAB":{"t":"ST75"},"1AAC":{"t":"ST75"},"1AAF":{"t":"ST75"},"1AB1":{"t":"C180"},"1AB5":{"desc":"L1P"},"1AB8":{"t":"PA11"},"1ABB":{"t":"P28A"},"1ABC":{"t":"PA11"},"1AC7":{"t":"PA25"},"1AC9":{"t":"C152"},"1ACA":{"t":"C152"},"1ACB":{"desc":"L1P"},"1ACE":{"desc":"L2P"},"1AD1":{"t":"C152"},"1AD3":{"t":"SR22"},"1AD4":{"t":"C310"},"1AD5":{"t":"C152"},"1AD6":{"t":"PA18"},"1AD7":{"t":"C172"},"1AD9":{"t":"P32R"},"1ADB":{"t":"PA11"},"1ADD":{"t":"NAVI"},"1ADE":{"t":"P28A"},"1AE0":{"t":"C182"},"1AE2":{"t":"C188"},"1AE4":{"t":"C82R"},"1AE6":{"t":"C210"},"1AED":{"t":"AR11"},"1AF2":{"t":"C152"},"1AF5":{"desc":"L1P"},"1AF8":{"t":"C152"},"1AFB":{"t":"C172"},"1AFE":{"t":"PA11"},"1B01":{"t":"P28A"},"1B03":{"t":"ST75"},"1B07":{"t":"C82T"},"1B0B":{"t":"AC11"},"1B0C":{"desc":"L1T","t":"SS2P"},"1B0D":{"t":"PA25"},"1B14":{"t":"C152"},"1B15":{"t":"ST75"},"1B17":{"t":"C152"},"1B19":{"desc":"L1P"},"1B1A":{"t":"C180"},"1B1C":{"t":"C195"},"1B1D":{"t":"C182"},"1B1E":{"t":"NAVI"},"1B22":{"t":"P28R"},"1B23":{"t":"NAVI"},"1B24":{"t":"P28A"},"1B29":{"t":"GLID"},"1B31":{"t":"PA22"},"1B34":{"t":"C152"},"1B37":{"t":"ST75"},"1B3D":{"t":"GLID"},"1B3E":{"t":"MD82"},"1B42":{"t":"B407"},"1B43":{"t":"PC12"},"1B44":{"desc":"G1P","t":"B737"},"1B4E":{"t":"B739"},"1B63":{"desc":"H1T","t":"UH12"},"1B68":{"t":"C177"},"1B6F":{"t":"SR22"},"1B70":{"t":"PA32"},"1B73":{"t":"SR22"},"1B75":{"t":"F900"},"1B76":{"desc":"L1P"},"1B78":{"t":"C25A"},"1B79":{"desc":"L1P"},"1B7D":{"t":"C182"},"1B81":{"desc":"L1P"},"1B8A":{"desc":"L1P"},"1B8E":{"desc":"H1T"},"1B99":{"t":"P28A"},"1B9C":{"t":"BE58"},"1B9D":{"desc":"L1P"},"1BB1":{"t":"C172"},"1BB5":{"t":"B744"},"1BC5":{"t":"P28A"},"1BCB":{"desc":"L1P"},"1BD6":{"desc":"L1P"},"1BDF":{"desc":"L1P"},"1BED":{"t":"B712"},"1C09":{"t":"P180"},"1C0D":{"t":"C421"},"1C10":{"t":"C182"},"1C11":{"t":"SHIP"},"1C13":{"desc":"L1P"},"1C1E":{"desc":"L1P"},"1C21":{"t":"S76"},"1C24":{"desc":"L1P"},"1C2C":{"t":"BE33"},"1C32":{"desc":"L1P"},"1C3E":{"t":"AS50"},"1C50":{"desc":"L1P"},"1C51":{"t":"P28A"},"1C53":{"t":"B744"},"1C61":{"t":"SR22"},"1C69":{"t":"GLID"},"1C82":{"desc":"L1P"},"1C83":{"t":"DV20"},"1C8A":{"t":"B407"},"1C93":{"t":"M20P"},"1CB6":{"desc":"L2P"},"1CB8":{"t":"R44"},"1CC0":{"t":"C172"},"1CD0":{"desc":"L1P","t":"ULAC"},"1CD8":{"t":"GLID"},"1CE6":{"t":"BE33"},"1CE7":{"t":"A320"},"1CED":{"desc":"L1P"},"1CF2":{"t":"BE40"},"1CF6":{"t":"S22T"},"1CFB":{"t":"BALL"},"1D00":{"t":"A320"},"1D06":{"t":"GLID"},"1D31":{"t":"BE36"},"1D32":{"t":"AS50"},"1D34":{"t":"P337"},"1D3E":{"t":"B737"},"1D96":{"t":"C180"},"1D99":{"t":"C182"},"1D9D":{"t":"PA11"},"1DA0":{"t":"P28A"},"1DA1":{"t":"PA11"},"1DA3":{"t":"PA27"},"1DA5":{"t":"C188"},"1DA8":{"t":"P28A"},"1DA9":{"t":"SR22"},"1DAE":{"desc":"L1P"},"1DB0":{"t":"AR11"},"1DB2":{"t":"AR11"},"1DB3":{"desc":"L1P"},"1DB4":{"desc":"L1P"},"1DB5":{"desc":"L1P"},"1DB7":{"desc":"L1P"},"1DBA":{"t":"C152"},"1DBB":{"t":"C185"},"1DC3":{"t":"P28A"},"1DC5":{"t":"ST75"},"1DC8":{"t":"C188"},"1DCC":{"t":"ST75"},"1DCD":{"t":"AC11"},"1DD1":{"desc":"L1P"},"1DD3":{"desc":"L1P"},"1DD5":{"desc":"L1P"},"1DD6":{"desc":"L1P"},"1DDA":{"desc":"L1P"},"1DDB":{"desc":"L1P"},"1DDC":{"t":"C180"},"1DE4":{"t":"P28R"},"1DE5":{"t":"NAVI"},"1DE6":{"desc":"L1P"},"1DE8":{"t":"C182"},"1DEC":{"t":"C82R"},"1DED":{"t":"C82T"},"1DF3":{"t":"PA22"},"1DF4":{"t":"WACC"},"1DF7":{"t":"ST75"},"1DF8":{"desc":"L1P"},"1DF9":{"desc":"L1P"},"1DFC":{"t":"C152"},"1DFD":{"desc":"L1P"},"1E07":{"t":"P28R"},"1E09":{"t":"P28A"},"1E0A":{"t":"PA11"},"1E0D":{"t":"C188"},"1E0F":{"t":"C82R"},"1E16":{"t":"PA22"},"1E17":{"desc":"L1P"},"1E18":{"desc":"L1P"},"1E19":{"desc":"L1P"},"1E1C":{"desc":"L1P"},"1E1D":{"desc":"L1P"},"1E1E":{"desc":"L1P"},"1E1F":{"desc":"L1P"},"1E20":{"desc":"L1P"},"1E21":{"desc":"L1P"},"1E22":{"t":"C180"},"1E26":{"t":"C185"},"1E27":{"t":"P28A"},"1E2B":{"t":"NAVI"},"1E2C":{"t":"P28A"},"1E2D":{"desc":"L1P"},"1E2F":{"t":"PA27"},"1E32":{"t":"C82R"},"1E34":{"t":"C210"},"1E36":{"t":"AC11"},"1E3A":{"desc":"L1P"},"1E3B":{"t":"C152"},"1E3C":{"desc":"L1P"},"1E3D":{"desc":"L1P"},"1E41":{"t":"HUSK"},"1E42":{"t":"HUSK"},"1E43":{"t":"HUSK"},"1E45":{"t":"C180"},"1E4A":{"t":"P28A"},"1E4B":{"t":"C172"},"1E4F":{"t":"P28A"},"1E51":{"t":"ST75"},"1E53":{"t":"C185"},"1E5E":{"desc":"L1P"},"1E60":{"t":"HUSK"},"1E61":{"t":"HUSK"},"1E64":{"t":"HUSK"},"1E66":{"t":"HUSK"},"1E68":{"t":"C180"},"1E71":{"t":"NAVI"},"1E72":{"t":"P28A"},"1E74":{"t":"C182"},"1E79":{"t":"C82R"},"1E7F":{"t":"PA22"},"1E82":{"t":"HUSK"},"1E83":{"t":"HUSK"},"1E86":{"t":"HUSK"},"1E87":{"t":"HUSK"},"1E88":{"t":"TAYB"},"1E8A":{"desc":"L1P"},"1E90":{"t":"P28A"},"1E91":{"t":"C172"},"1E93":{"t":"C310"},"1E94":{"t":"NAVI"},"1E97":{"t":"ST75"},"1E98":{"t":"C152"},"1E9A":{"t":"C188"},"1E9B":{"t":"C82R"},"1E9C":{"t":"C82R"},"1EA2":{"t":"PA22"},"1EA3":{"t":"HUSK"},"1EA4":{"t":"HUSK"},"1EA5":{"t":"HUSK"},"1EAC":{"t":"GLID"},"1EAD":{"desc":"G1P","t":"GYRO"},"1EAE":{"t":"C310"},"1EB0":{"t":"GLID"},"1EB5":{"t":"C152"},"1EB9":{"t":"PA11"},"1EBE":{"t":"C82R"},"1EBF":{"t":"C82T"},"1EC4":{"t":"PA25"},"1EC9":{"t":"HUSK"},"1ECD":{"desc":"L1P"},"1ECE":{"t":"T6"},"1ED3":{"t":"C210"},"1ED8":{"t":"PA11"},"1EDB":{"t":"P28A"},"1EDD":{"t":"ST75"},"1EE0":{"t":"C188"},"1EE1":{"t":"C82T"},"1EE4":{"t":"C72R"},"1EE7":{"t":"T210"},"1EE8":{"t":"C206"},"1EF4":{"t":"BE55"},"1EF6":{"desc":"L1P"},"1EF9":{"t":"B407"},"1F05":{"t":"B739"},"1F06":{"t":"ULAC"},"1F0D":{"t":"BE35"},"1F0E":{"t":"E55P"},"1F10":{"t":"C402"},"1F12":{"t":"PTS2"},"1F1B":{"desc":"L1P"},"1F22":{"desc":"L1P"},"1F27":{"t":"CRJ2"},"1F32":{"desc":"L1P"},"1F3E":{"desc":"L1P"},"1F3F":{"desc":"H1P"},"1F40":{"t":"SR20"},"1F42":{"desc":"L1P"},"1F45":{"desc":"H1T"},"1F50":{"t":"DA40"},"1F54":{"desc":"L1P"},"1F5B":{"t":"GLF4"},"1F64":{"desc":"L1P"},"1F68":{"t":"C172"},"1F7C":{"t":"P28A"},"1F98":{"t":"C550"},"1FA3":{"desc":"H1P"},"1FA4":{"t":"B712"},"1FA5":{"desc":"H1P"},"1FBE":{"t":"C172"},"1FC3":{"desc":"L1P"},"1FD5":{"desc":"L1P"},"1FD8":{"t":"PC12"},"1FD9":{"desc":"L1P"},"1FDB":{"desc":"L1P"},"1FE4":{"desc":"A1T","t":"KODI"},"1FE6":{"desc":"L1P"},"1FEF":{"t":"P28A"},"1FF0":{"t":"BALL"},"1FF5":{"t":"AS50"},"2003":{"desc":"L1P"},"2007":{"desc":"L1P"},"2008":{"t":"BE30"},"2009":{"t":"P32R"},"2029":{"t":"PA30"},"202E":{"t":"ULAC"},"2039":{"t":"BE33"},"203A":{"desc":"H6E"},"2041":{"t":"B407"},"206B":{"desc":"L1P"},"206C":{"t":"C150"},"207F":{"desc":"L1P"},"208C":{"t":"R44"},"208E":{"desc":"H4E"},"2092":{"t":"C172"},"2094":{"t":"SR22"},"2099":{"t":"GLID"},"209D":{"t":"BE33"},"209E":{"t":"A320"},"209F":{"t":"C25A"},"20A4":{"t":"E35L"},"20A9":{"t":"C172"},"20AA":{"t":"ULAC"},"20AE":{"t":"C303"},"20B2":{"t":"BALL"},"20B6":{"desc":"L1P"},"20B7":{"t":"A320"},"20E8":{"t":"C310"},"20E9":{"t":"C172"},"20EA":{"desc":"L1P"},"20F5":{"t":"B737"},"214D":{"t":"C180"},"2151":{"t":"C172"},"2152":{"t":"P28R"},"2153":{"t":"C172"},"2156":{"t":"P210"},"2157":{"t":"P28A"},"2159":{"t":"C182"},"215A":{"t":"PA27"},"215D":{"t":"C82T"},"215F":{"t":"P28A"},"2161":{"t":"AC11"},"2169":{"t":"C152"},"216A":{"t":"FA62"},"2170":{"t":"C310"},"2175":{"t":"C206"},"2185":{"desc":"L1T","t":"SS2P"},"2189":{"t":"ST75"},"218B":{"t":"ST75"},"218F":{"t":"C152"},"2191":{"t":"C152"},"2192":{"desc":"L1P"},"2193":{"t":"C180"},"2196":{"t":"C182"},"2198":{"t":"P32R"},"2199":{"t":"C172"},"219A":{"t":"C152"},"219E":{"t":"PA11"},"21A0":{"t":"PA27"},"21A5":{"t":"C210"},"21A6":{"desc":"L1P"},"21A8":{"desc":"L1T","t":"SS2P"},"21AA":{"t":"PA22"},"21AE":{"t":"C152"},"21AF":{"t":"C152"},"21B5":{"desc":"L1P"},"21BA":{"t":"C185"},"21BD":{"t":"PA11"},"21BF":{"t":"NAVI"},"21C0":{"t":"C152"},"21CA":{"t":"AC11"},"21CD":{"t":"PA22"},"21CE":{"t":"C152"},"21D0":{"t":"C152"},"21D2":{"t":"C152"},"21D6":{"t":"C152"},"21D7":{"t":"C152"},"21DB":{"t":"T34P"},"21DC":{"t":"C182"},"21E2":{"desc":"L1P","t":"ULAC"},"21E3":{"t":"P28A"},"21E6":{"t":"C182"},"21E8":{"t":"C188"},"21E9":{"t":"C82R"},"21EC":{"desc":"L1P"},"21ED":{"t":"AC11"},"21F0":{"t":"PA22"},"21F8":{"t":"C152"},"21FC":{"t":"C180"},"21FE":{"t":"T34P"},"2201":{"t":"R44"},"2204":{"t":"P28R"},"2205":{"t":"NAVI"},"2206":{"t":"P28A"},"2207":{"t":"BE58"},"220D":{"t":"C82T"},"2210":{"t":"AC11"},"2213":{"t":"PA22"},"2219":{"t":"C152"},"2223":{"t":"C185"},"2226":{"desc":"L1P"},"2228":{"t":"P210"},"2229":{"t":"P28A"},"2230":{"t":"P28A"},"2232":{"t":"BL17"},"2238":{"t":"C152"},"2239":{"desc":"L1P"},"223C":{"t":"O1"},"2240":{"t":"C152"},"2241":{"t":"GLID"},"2242":{"t":"C180"},"2245":{"t":"C182"},"2247":{"t":"P32R"},"2248":{"t":"C172"},"224A":{"t":"P28R"},"224C":{"t":"P28A"},"224D":{"t":"BE9L"},"2250":{"t":"C188"},"2252":{"t":"C82R"},"2254":{"t":"C210"},"2256":{"t":"AC11"},"2259":{"t":"PA22"},"225A":{"t":"C152"},"225B":{"t":"C152"},"2264":{"t":"PA18"},"2265":{"t":"C310"},"2266":{"t":"BE50"},"2267":{"t":"C185"},"2268":{"t":"C182"},"226B":{"t":"C172"},"226C":{"desc":"L1P","t":"ULAC"},"226F":{"t":"P28A"},"2273":{"t":"C185"},"2274":{"t":"C188"},"2275":{"t":"C82T"},"2277":{"t":"C210"},"227B":{"t":"C210"},"227C":{"t":"PA22"},"227E":{"t":"FA62"},"227F":{"desc":"L1P"},"2288":{"t":"C310"},"2289":{"desc":"L1P"},"228A":{"t":"C303"},"228C":{"t":"C185"},"228D":{"t":"P28S"},"228E":{"t":"C172"},"2291":{"t":"NAVI"},"2292":{"t":"P28A"},"2294":{"t":"C182"},"2295":{"t":"PA27"},"2297":{"t":"C188"},"229C":{"desc":"L1P"},"229D":{"desc":"L1T","t":"SS2P"},"229E":{"t":"PA30"},"229F":{"t":"PA22"},"22AA":{"t":"C414"},"22AD":{"desc":"L1P"},"22AE":{"t":"CH7B"},"22B0":{"t":"B407"},"22B6":{"desc":"A1P"},"22BC":{"t":"B739"},"22BE":{"t":"BE58"},"22C1":{"t":"B763"},"22C5":{"desc":"L1P"},"22C8":{"desc":"H4E"},"22CA":{"desc":"L1P"},"22CD":{"t":"T206"},"22DE":{"t":"CRJ2"},"22DF":{"t":"M20P"},"22E0":{"t":"SR22"},"22E1":{"t":"SR22"},"22E9":{"t":"C550"},"22EB":{"t":"M20P"},"22EE":{"desc":"L2T"},"22EF":{"t":"BE40"},"22F8":{"t":"BL8"},"22FA":{"t":"CL60"},"22FC":{"desc":"H1T"},"22FE":{"t":"B350"},"2306":{"desc":"L1P"},"2307":{"t":"P28R"},"230A":{"desc":"L1P"},"2312":{"t":"CL30"},"231B":{"t":"C182"},"231F":{"t":"C172"},"2333":{"t":"P28A"},"2341":{"t":"CH7B"},"2344":{"t":"BE36"},"235A":{"desc":"L1P"},"235B":{"t":"B712"},"2375":{"t":"C82S"},"2376":{"t":"BL8"},"237A":{"desc":"L1P"},"237C":{"desc":"L1T"},"237D":{"t":"C510"},"238C":{"t":"C206"},"238E":{"desc":"L1P"},"238F":{"desc":"L1P"},"2397":{"desc":"L1P"},"23A1":{"desc":"A1P"},"23A6":{"t":"P28A"},"23A7":{"t":"BALL"},"23BF":{"t":"PA46"},"23C1":{"t":"C182"},"23C2":{"desc":"L1P"},"23C8":{"t":"T6"},"23E3":{"t":"BE9L"},"23F1":{"t":"BALL"},"23F3":{"t":"TBM7"},"23F7":{"t":"SR20"},"23F8":{"t":"B407"},"23FB":{"t":"R22"},"241A":{"t":"GLF4"},"241E":{"desc":"H1P"},"2423":{"t":"C150"},"2426":{"desc":"L1P"},"2428":{"t":"BL17"},"242B":{"t":"LJ45"},"242E":{"t":"S22T"},"2436":{"desc":"L1P"},"2438":{"desc":"L1P"},"2445":{"desc":"H4E"},"2446":{"desc":"L1P"},"2449":{"t":"C172"},"244C":{"desc":"L1P"},"2454":{"desc":"L1P"},"2455":{"t":"A320"},"245F":{"desc":"L1P"},"2460":{"t":"PA18"},"2469":{"t":"BALL"},"246E":{"t":"A320"},"2494":{"t":"GLID"},"249F":{"t":"AA1"},"24A5":{"t":"P32R"},"24A6":{"t":"GLF4"},"24AC":{"t":"B737"},"24B1":{"desc":"L1P"},"24B4":{"t":"C182"},"24B8":{"desc":"L1P"},"24C0":{"desc":"H1P"},"24D1":{"t":"BE9L"},"24D3":{"t":"RV12"},"24EA":{"t":"C150"},"2503":{"desc":"L1P"},"2504":{"t":"C152"},"2507":{"t":"C172"},"250B":{"t":"C182"},"250E":{"t":"P28A"},"250F":{"t":"PA11"},"2513":{"t":"C206"},"2516":{"t":"T206"},"251B":{"t":"C206"},"251C":{"t":"J3"},"2527":{"t":"C152"},"2528":{"t":"C152"},"2529":{"t":"NAVI"},"252A":{"t":"J3"},"252C":{"t":"T206"},"252D":{"t":"C172"},"252E":{"t":"C152"},"2530":{"t":"NAVI"},"2531":{"t":"P28A"},"2532":{"t":"PA11"},"2533":{"t":"C182"},"2534":{"t":"PA27"},"2538":{"t":"P28R"},"253A":{"t":"BE35"},"253D":{"t":"T210"},"253F":{"t":"AR11"},"2545":{"t":"C152"},"2549":{"desc":"L1P"},"254B":{"t":"C152"},"254E":{"t":"C185"},"2550":{"t":"C172"},"2551":{"t":"PA11"},"2553":{"t":"NAVI"},"2554":{"t":"P28A"},"255A":{"t":"CH7B"},"255B":{"t":"C82T"},"255D":{"t":"CH7A"},"2569":{"t":"C152"},"256D":{"t":"C180"},"256E":{"t":"C152"},"2571":{"t":"C185"},"2572":{"t":"P28A"},"2573":{"t":"C172"},"2574":{"t":"PA11"},"2575":{"t":"P28R"},"2577":{"t":"P28A"},"2579":{"t":"C182"},"257E":{"t":"C82T"},"257F":{"desc":"L1P"},"2580":{"t":"C72R"},"258A":{"t":"J3"},"258F":{"desc":"L1P"},"2593":{"t":"C182"},"2595":{"t":"P28A"},"2596":{"t":"C172"},"2597":{"t":"C152"},"259A":{"t":"P28A"},"25A5":{"desc":"L1T","t":"SS2P"},"25AD":{"t":"AR11"},"25AF":{"t":"FA24"},"25B6":{"t":"C172"},"25BC":{"t":"NAVI"},"25BD":{"t":"P28A"},"25BE":{"t":"PA11"},"25C0":{"t":"PA27"},"25C4":{"t":"C82T"},"25C6":{"t":"CH7A"},"25C9":{"t":"C210"},"25CA":{"t":"PA22"},"25CC":{"t":"C152"},"25D0":{"desc":"L1P"},"25D8":{"t":"NAVI"},"25D9":{"t":"C172"},"25DB":{"t":"P28A"},"25DD":{"t":"PA11"},"25DF":{"t":"NAVI"},"25E1":{"t":"BE33"},"25E2":{"t":"C182"},"25E7":{"desc":"L1P"},"25E9":{"t":"C72R"},"25EB":{"desc":"L1T","t":"SS2P"},"25F8":{"desc":"L1P"},"25F9":{"t":"C152"},"25FC":{"t":"C182"},"25FD":{"t":"PA22"},"25FE":{"t":"C206"},"25FF":{"t":"PA11"},"2600":{"t":"PA11"},"2602":{"t":"NAVI"},"2603":{"t":"P28A"},"2604":{"t":"PA11"},"260D":{"desc":"L1P"},"2610":{"t":"T206"},"2612":{"t":"J3"},"2613":{"t":"C152"},"261C":{"t":"C152"},"261F":{"t":"C182"},"2621":{"t":"P28A"},"2623":{"t":"PA11"},"2625":{"t":"P68"},"2626":{"t":"P28A"},"2629":{"t":"C150"},"262A":{"t":"C188"},"262C":{"t":"TAYB"},"262D":{"t":"P28A"},"262F":{"t":"C72R"},"2633":{"t":"PA22"},"263D":{"t":"B06"},"263E":{"desc":"L1P"},"2641":{"t":"T210"},"2642":{"t":"C180"},"2643":{"desc":"L1P"},"2644":{"t":"P28A"},"2647":{"t":"P28R"},"2648":{"desc":"L2P"},"2649":{"t":"P28A"},"264A":{"t":"PA11"},"264F":{"desc":"L1P"},"2652":{"t":"C72R"},"2653":{"t":"AC11"},"265C":{"t":"J3"},"2665":{"t":"FA7X"},"2667":{"t":"B407"},"266D":{"t":"S22T"},"267D":{"t":"BE58"},"2687":{"desc":"L1P"},"268C":{"t":"C240"},"2694":{"desc":"L1P"},"2695":{"t":"CRJ2"},"2697":{"t":"PA18"},"2698":{"t":"SR22"},"269C":{"t":"B06"},"26A2":{"t":"SR22"},"26AD":{"t":"R44"},"26AE":{"t":"SR20"},"26B0":{"t":"BE36"},"26B2":{"t":"M20P"},"26B3":{"desc":"H1T"},"26B8":{"desc":"L1P","t":"ULAC"},"26B9":{"t":"BE18"},"26BE":{"t":"P28A"},"26C9":{"t":"CH7B"},"26CA":{"t":"FA50"},"26D6":{"t":"C172"},"26F8":{"t":"M20P"},"2708":{"t":"SR22"},"2711":{"t":"ST75"},"271D":{"t":"C172"},"272C":{"t":"AT6T"},"2732":{"t":"C560"},"2733":{"desc":"L1P"},"2743":{"t":"C206"},"274A":{"t":"SR20"},"2751":{"desc":"L1P"},"275E":{"t":"BALL"},"2762":{"t":"ST75"},"2763":{"t":"AS50"},"2775":{"t":"MITE"},"2776":{"t":"DA40"},"2778":{"t":"B744"},"2779":{"desc":"L1P"},"277C":{"t":"HUSK"},"278A":{"desc":"L1P"},"2792":{"desc":"L1P"},"27A7":{"desc":"L1P"},"27A8":{"desc":"H6E"},"27AF":{"t":"B407"},"27B9":{"t":"FA50"},"27F2":{"desc":"L1P"},"27F4":{"desc":"H1P"},"27FC":{"desc":"H4E"},"2800":{"t":"C172"},"280B":{"t":"BE35"},"280C":{"t":"A320"},"2817":{"t":"BE40"},"2819":{"t":"R22"},"281C":{"t":"DA42"},"2820":{"t":"BALL"},"2825":{"t":"A320"},"2834":{"desc":"L1P"},"283D":{"t":"C82S"},"2856":{"desc":"L1P"},"285E":{"t":"LJ60"},"2862":{"desc":"L1J"},"2863":{"t":"B737"},"286B":{"t":"T206"},"2888":{"t":"G164"},"28A4":{"desc":"L1T"},"28BA":{"t":"PA24"},"28BB":{"t":"C152"},"28BE":{"t":"C182"},"28C0":{"t":"PA32"},"28C2":{"t":"PA11"},"28C3":{"t":"C188"},"28C4":{"t":"P210"},"28C5":{"t":"P28A"},"28CA":{"t":"C172"},"28CD":{"t":"C210"},"28CE":{"desc":"L4P"},"28D2":{"t":"PA22"},"28D5":{"t":"ST75"},"28D6":{"desc":"L1P"},"28D8":{"t":"ST75"},"28DE":{"t":"C180"},"28E1":{"t":"BALL"},"28E2":{"t":"C185"},"28E4":{"t":"C172"},"28E5":{"t":"PA11"},"28E6":{"t":"P28R"},"28E7":{"t":"M20P"},"28E8":{"t":"P28A"},"28E9":{"t":"PA11"},"28EB":{"t":"PA27"},"28EF":{"t":"P28A"},"28F2":{"t":"AC11"},"28F3":{"desc":"L1T","t":"SS2P"},"28F4":{"t":"PA18"},"28F8":{"desc":"L1P"},"2902":{"t":"C152"},"2904":{"t":"C182"},"2906":{"t":"C206"},"2907":{"t":"C172"},"2908":{"t":"C152"},"2909":{"t":"P28R"},"290A":{"t":"NAVI"},"290B":{"t":"C152"},"290C":{"t":"PA11"},"2914":{"t":"C72R"},"2916":{"desc":"L1T","t":"SS2P"},"291A":{"t":"J3"},"291D":{"t":"J3"},"2922":{"t":"BALL"},"292A":{"t":"C172"},"292D":{"t":"NAVI"},"292E":{"t":"P28A"},"2930":{"t":"C182"},"2936":{"t":"C210"},"2938":{"t":"AC11"},"2941":{"desc":"L1P"},"2947":{"t":"C180"},"294A":{"t":"C182"},"294B":{"desc":"L1P"},"294C":{"t":"T206"},"294D":{"t":"C172"},"294F":{"t":"P28R"},"2950":{"t":"NAVI"},"2951":{"t":"P28A"},"2952":{"t":"PA11"},"2954":{"t":"C152"},"2957":{"t":"P28R"},"295B":{"desc":"L1P"},"295D":{"t":"PA25"},"295E":{"t":"PA22"},"2964":{"t":"ST75"},"2966":{"t":"ST75"},"2968":{"t":"C152"},"2969":{"desc":"A1P"},"296A":{"t":"T210"},"2974":{"t":"P28A"},"2975":{"t":"PA11"},"2976":{"t":"C182"},"2977":{"t":"PA27"},"297E":{"t":"AC11"},"2982":{"t":"ST75"},"2983":{"t":"B06"},"2986":{"t":"C152"},"298A":{"t":"ST75"},"298B":{"t":"ST75"},"2991":{"t":"C182"},"2992":{"t":"P32R"},"2993":{"t":"C172"},"2994":{"t":"PA11"},"2997":{"t":"P28A"},"2998":{"t":"PA11"},"299D":{"t":"C82T"},"299F":{"t":"C210"},"29A1":{"t":"AC11"},"29A3":{"t":"PA25"},"29A4":{"t":"PA22"},"29A5":{"t":"B06"},"29A6":{"t":"ST75"},"29B1":{"t":"C152"},"29B3":{"t":"C182"},"29B5":{"t":"T206"},"29B8":{"t":"P28R"},"29B9":{"t":"P210"},"29BB":{"t":"PA11"},"29C0":{"t":"P28R"},"29C1":{"t":"P28R"},"29C3":{"t":"J3"},"29CC":{"t":"PT22"},"29D3":{"t":"C180"},"29D6":{"t":"C182"},"29D8":{"t":"C172"},"29DB":{"t":"P28R"},"29DD":{"t":"P28A"},"29DE":{"t":"PA11"},"29DF":{"t":"C182"},"29E0":{"t":"C152"},"29E5":{"t":"C210"},"29E6":{"t":"ST75"},"29E7":{"t":"AC11"},"29EA":{"t":"PA22"},"29EB":{"t":"ST75"},"29EC":{"t":"C152"},"29EF":{"t":"ST75"},"29F0":{"t":"PT22"},"29F4":{"t":"J3"},"29F9":{"t":"C182"},"29FA":{"t":"C172"},"29FC":{"t":"C172"},"29FF":{"t":"NAVI"},"2A00":{"t":"P28A"},"2A01":{"t":"PA11"},"2A02":{"t":"C182"},"2A05":{"t":"C172"},"2A08":{"t":"C210"},"2A0D":{"t":"PA22"},"2A14":{"t":"C152"},"2A18":{"desc":"L1P"},"2A19":{"t":"BE55"},"2A1C":{"t":"CH7B"},"2A1E":{"t":"B407"},"2A20":{"t":"H25B"},"2A29":{"desc":"L1P"},"2A32":{"t":"BE35"},"2A35":{"t":"COL4"},"2A3A":{"desc":"A1T","t":"KODI"},"2A47":{"desc":"L1P"},"2A4C":{"desc":"L2T"},"2A4E":{"desc":"H1T"},"2A59":{"t":"SR22"},"2A5B":{"t":"BALL"},"2A66":{"t":"B212"},"2A67":{"t":"F2TH"},"2A6A":{"desc":"H1T"},"2A6C":{"desc":"L1P","t":"ULAC"},"2A6F":{"t":"BALL"},"2A75":{"t":"P28A"},"2A76":{"t":"BE36"},"2A7D":{"t":"B06"},"2A7F":{"t":"BE36"},"2A80":{"t":"GLEX"},"2A8D":{"t":"C172"},"2A98":{"t":"B212"},"2AA1":{"t":"P28A"},"2AB0":{"t":"AT3T"},"2AC9":{"t":"WW24"},"2AD6":{"desc":"L4P"},"2AE3":{"t":"AT5T"},"2AE4":{"t":"E55P"},"2AF2":{"desc":"L1P"},"2B13":{"t":"BE36"},"2B1B":{"t":"B212"},"2B2C":{"t":"MITE"},"2B2D":{"t":"PA46"},"2B2F":{"t":"B744"},"2B38":{"desc":"H1T"},"2B39":{"t":"C56X"},"2B3D":{"t":"PA46"},"2B47":{"t":"B212"},"2B4C":{"t":"PC12"},"2B5E":{"t":"B407"},"2B5F":{"t":"A139"},"2B61":{"t":"PC12"},"2B64":{"t":"C550"},"2B65":{"t":"SR20"},"2B7A":{"t":"B212"},"2B90":{"t":"M20P"},"2B91":{"t":"C172"},"2BA4":{"desc":"L1P"},"2BA6":{"desc":"L1P"},"2BA9":{"t":"BE36"},"2BAA":{"t":"PA34"},"2BAB":{"t":"F900"},"2BB2":{"t":"C172"},"2BB3":{"desc":"H4E"},"2BB7":{"t":"FA50"},"2BBC":{"t":"R44"},"2BC2":{"t":"BE33"},"2BC3":{"t":"A320"},"2BC5":{"t":"C172"},"2BCE":{"t":"BE40"},"2BDC":{"t":"A320"},"2C1A":{"t":"B737"},"2C1B":{"desc":"L1P"},"2C22":{"t":"PAY2"},"2C26":{"t":"CH7A"},"2C34":{"t":"BE40"},"2C4D":{"t":"ULAC"},"2C72":{"t":"C180"},"2C75":{"t":"C182"},"2C79":{"t":"PA11"},"2C7C":{"t":"P28A"},"2C7D":{"t":"BE36"},"2C80":{"t":"C188"},"2C82":{"t":"P28R"},"2C86":{"desc":"L1P"},"2C88":{"desc":"L1P"},"2C8F":{"t":"AR11"},"2C92":{"t":"ST75"},"2C94":{"t":"SR22"},"2C95":{"t":"C180"},"2C96":{"t":"BE35"},"2C98":{"t":"C182"},"2C99":{"t":"NAVI"},"2C9A":{"t":"C172"},"2C9B":{"t":"C172"},"2C9C":{"t":"PA11"},"2C9D":{"t":"P28R"},"2C9E":{"t":"NAVI"},"2C9F":{"t":"P28A"},"2CA2":{"t":"PA27"},"2CA4":{"t":"C172"},"2CA6":{"t":"P28A"},"2CA8":{"t":"C72R"},"2CAA":{"desc":"L1T","t":"SS2P"},"2CAD":{"t":"C152"},"2CAE":{"t":"ST75"},"2CB0":{"t":"ST75"},"2CB4":{"t":"ST75"},"2CB8":{"t":"C180"},"2CBA":{"desc":"L1P"},"2CBB":{"t":"C182"},"2CBD":{"t":"C206"},"2CBE":{"t":"C172"},"2CC1":{"t":"P210"},"2CC2":{"t":"P28A"},"2CC3":{"t":"BE36"},"2CC4":{"t":"C182"},"2CC6":{"t":"C185"},"2CC7":{"t":"C172"},"2CC9":{"t":"C82T"},"2CCD":{"desc":"L1T","t":"SS2P"},"2CCF":{"t":"PA22"},"2CD2":{"desc":"L1P"},"2CD6":{"t":"ST75"},"2CD8":{"t":"ST75"},"2CDE":{"t":"C182"},"2CE0":{"t":"C172"},"2CE2":{"t":"PA11"},"2CE3":{"t":"P28R"},"2CE4":{"t":"NAVI"},"2CE5":{"t":"P28A"},"2CE6":{"t":"PA11"},"2CED":{"t":"C210"},"2CF4":{"t":"ST75"},"2CF5":{"desc":"H1T"},"2CF6":{"t":"ST75"},"2CFC":{"t":"ST75"},"2D01":{"t":"C182"},"2D04":{"t":"C172"},"2D08":{"t":"P28A"},"2D0A":{"t":"C182"},"2D0D":{"t":"C172"},"2D12":{"t":"NAVI"},"2D14":{"t":"PA25"},"2D15":{"t":"PA22"},"2D16":{"t":"C152"},"2D19":{"t":"ST75"},"2D1A":{"t":"B212"},"2D22":{"t":"BE35"},"2D26":{"t":"C172"},"2D27":{"t":"C172"},"2D28":{"t":"PA11"},"2D29":{"t":"P28R"},"2D2B":{"t":"P28A"},"2D2D":{"t":"C182"},"2D34":{"t":"C72R"},"2D39":{"t":"J3"},"2D3A":{"desc":"L1P"},"2D47":{"t":"C182"},"2D49":{"t":"C172"},"2D4A":{"t":"C172"},"2D4B":{"t":"C25A"},"2D4C":{"t":"P28R"},"2D4E":{"t":"P28A"},"2D50":{"t":"C182"},"2D51":{"t":"C152"},"2D53":{"t":"C172"},"2D54":{"t":"P28R"},"2D56":{"t":"C210"},"2D57":{"t":"C72R"},"2D58":{"t":"AC11"},"2D5C":{"t":"ST75"},"2D5E":{"t":"J3"},"2D61":{"t":"GLID"},"2D65":{"t":"C152"},"2D6A":{"t":"C182"},"2D6B":{"t":"UH12"},"2D6D":{"t":"C172"},"2D6F":{"t":"P28R"},"2D71":{"t":"P28A"},"2D77":{"t":"P28R"},"2D79":{"t":"C210"},"2D7D":{"t":"PA25"},"2D7E":{"t":"PA22"},"2D83":{"desc":"L1P"},"2D84":{"desc":"H1T","t":"UH12"},"2D87":{"t":"ST75"},"2D8B":{"t":"C152"},"2D8C":{"t":"C206"},"2D8D":{"t":"C182"},"2D8F":{"t":"C206"},"2D90":{"t":"C172"},"2D91":{"t":"PA11"},"2D93":{"t":"NAVI"},"2D94":{"t":"C152"},"2D98":{"t":"C188"},"2D9B":{"t":"C82T"},"2D9C":{"t":"T206"},"2D9D":{"t":"C72R"},"2DA0":{"t":"T210"},"2DA2":{"t":"C152"},"2DA7":{"t":"C152"},"2DAD":{"t":"C180"},"2DAF":{"desc":"L1P"},"2DB0":{"t":"C182"},"2DB1":{"desc":"L1P"},"2DB2":{"t":"P28A"},"2DB8":{"t":"BE36"},"2DBC":{"t":"C172"},"2DBD":{"t":"P28R"},"2DC0":{"t":"C72R"},"2DC6":{"t":"DG15"},"2DC7":{"t":"C152"},"2DC8":{"t":"ST75"},"2DCA":{"t":"FA62"},"2DCC":{"t":"FA62"},"2DD0":{"desc":"H1P"},"2DD5":{"t":"AS50"},"2DD7":{"desc":"H1P"},"2DE2":{"t":"AT75"},"2DE9":{"desc":"L1P"},"2DEC":{"t":"SR22"},"2E03":{"t":"CRJ2"},"2E05":{"t":"P28R"},"2E06":{"t":"SR22"},"2E08":{"desc":"L1P"},"2E09":{"desc":"H4E"},"2E0D":{"t":"C208"},"2E0E":{"desc":"L1P"},"2E10":{"t":"BE58"},"2E13":{"t":"C650"},"2E14":{"desc":"L1P"},"2E1B":{"desc":"G1P"},"2E1F":{"t":"SR22"},"2E21":{"t":"UH1"},"2E26":{"desc":"L1P","t":"ULAC"},"2E2C":{"t":"PA38"},"2E37":{"desc":"L1P"},"2E3E":{"t":"C182"},"2E44":{"t":"C172"},"2E58":{"t":"P28A"},"2E6C":{"t":"PC12"},"2E6D":{"t":"C208"},"2E73":{"t":"SR22"},"2E8D":{"t":"P32R"},"2E90":{"desc":"A1P"},"2E9A":{"desc":"L1P"},"2EE4":{"t":"P32R"},"2EE5":{"t":"E300"},"2EE6":{"t":"B744"},"2EEF":{"t":"PA46"},"2EF0":{"desc":"L1P"},"2F0D":{"desc":"L1P"},"2F15":{"t":"B407"},"2F16":{"desc":"H6E"},"2F1B":{"t":"S22T"},"2F1D":{"t":"B407"},"2F27":{"desc":"H1T"},"2F3F":{"t":"GLF4"},"2F4B":{"t":"COL4"},"2F5B":{"desc":"L1P"},"2F64":{"desc":"L1P"},"2F67":{"t":"DA40"},"2F6A":{"desc":"H6E"},"2F6E":{"t":"C172"},"2F70":{"t":"SR22"},"2F79":{"t":"BE33"},"2F7A":{"t":"A320"},"2F7B":{"t":"T210"},"2F7E":{"desc":"H1P"},"2F81":{"t":"AA5"},"2F85":{"t":"BE40"},"2F8B":{"t":"SR22"},"2F8E":{"t":"BALL"},"2F93":{"t":"A320"},"2FC4":{"desc":"L1P"},"2FD1":{"t":"B737"},"2FD2":{"desc":"L1P"},"2FD6":{"desc":"L1P"},"2FDE":{"t":"M5"},"children":["A60","A63","A64","A65","A66","A67","A68","A69","A6A","A6B","A6C","A6D","A6E","A6F"]}