{"00D":{"t":"C525"},"033":{"desc":"L1P","t":"ULAC"},"036":{"t":"PA27"},"039":{"t":"P28R"},"03A":{"t":"C82T"},"03B":{"t":"P28A"},"040":{"t":"PA22"},"049":{"t":"C152"},"04A":{"t":"AC11"},"04C":{"t":"C180"},"04E":{"t":"T210"},"04F":{"t":"C182"},"050":{"t":"C182"},"052":{"t":"C172"},"056":{"t":"P28A"},"057":{"t":"PA11"},"059":{"t":"PA27"},"05B":{"t":"C172"},"05C":{"t":"P28R"},"05F":{"t":"C72R"},"060":{"t":"AC11"},"062":{"t":"PA18"},"063":{"t":"PA22"},"06C":{"t":"C152"},"071":{"desc":"L1P"},"072":{"t":"C182"},"073":{"t":"C172"},"07B":{"t":"T34P"},"07E":{"t":"B350"},"081":{"desc":"L1P"},"082":{"t":"J3"},"084":{"desc":"L1T","t":"SS2P"},"088":{"t":"C152"},"08B":{"t":"C152"},"08C":{"t":"C152"},"08E":{"t":"C152"},"094":{"desc":"L1P"},"097":{"t":"C172"},"098":{"t":"C172"},"099":{"t":"PA11"},"09B":{"t":"NAVI"},"09C":{"t":"P28A"},"09D":{"t":"C152"},"09E":{"t":"T6"},"0A1":{"t":"C172"},"0A4":{"t":"C210"},"0A6":{"t":"AC11"},"0A8":{"t":"PA25"},"0A9":{"t":"PA22"},"0AA":{"t":"FA62"},"0B1":{"t":"C152"},"0B4":{"desc":"L1P"},"0B9":{"t":"C140"},"0BA":{"t":"AC11"},"0BC":{"desc":"L1P","t":"ULAC"},"0BD":{"t":"P28R"},"0C0":{"t":"BE35"},"0C2":{"t":"PA27"},"0C3":{"t":"C185"},"0C4":{"t":"P28A"},"0C5":{"t":"P28R"},"0C6":{"t":"P28A"},"0CA":{"desc":"L1T","t":"SS2P"},"0CC":{"t":"PA22"},"0CE":{"t":"J3"},"0D1":{"t":"J3"},"0D4":{"t":"AR11"},"0D5":{"t":"C152"},"0D7":{"t":"T34P"},"0DA":{"desc":"L1P"},"0DF":{"t":"PA11"},"0E0":{"t":"P28R"},"0E3":{"t":"PA11"},"0E7":{"t":"C172"},"0E9":{"t":"P28R"},"0EF":{"desc":"L1J"},"0F4":{"desc":"L1P"},"0FA":{"desc":"L1P"},"0FE":{"t":"C182"},"103":{"t":"P28R"},"104":{"t":"NAVI"},"105":{"t":"P28A"},"106":{"t":"BE36"},"108":{"t":"PA27"},"10E":{"desc":"L1P"},"112":{"t":"PA22"},"115":{"t":"C152"},"117":{"t":"C152"},"121":{"t":"C182"},"125":{"desc":"S1P","t":"PA11"},"126":{"t":"P28R"},"12A":{"desc":"L1P"},"12B":{"t":"PA27"},"12D":{"t":"C172"},"138":{"t":"C152"},"13B":{"t":"J3"},"13D":{"t":"J3"},"13E":{"t":"C152"},"140":{"t":"P210"},"144":{"t":"C182"},"146":{"t":"C206"},"148":{"t":"PA18"},"14B":{"t":"P28A"},"14C":{"t":"PA11"},"14D":{"desc":"L2P"},"152":{"desc":"L1P"},"154":{"t":"BE40"},"157":{"t":"PA25"},"15E":{"t":"C172"},"15F":{"t":"P28A"},"162":{"t":"J5"},"163":{"t":"S76"},"166":{"t":"GLID"},"167":{"t":"C182"},"16C":{"t":"P28R"},"16F":{"t":"BE35"},"170":{"desc":"L1P"},"173":{"t":"C172"},"185":{"t":"C152"},"186":{"t":"BE35"},"187":{"t":"P28U"},"188":{"t":"MD82"},"18A":{"desc":"L1P"},"18C":{"t":"B407"},"199":{"t":"C414"},"19B":{"t":"C56X"},"19F":{"t":"B763"},"1A3":{"desc":"L1P"},"1AA":{"t":"DA42"},"1B1":{"t":"LJ25"},"1B5":{"t":"DA40"},"1BA":{"t":"C402"},"1BC":{"desc":"L1P","t":"ULAC"},"1BD":{"desc":"G1P"},"1BF":{"desc":"L2P"},"1C0":{"desc":"H4E"},"1C7":{"t":"C172"},"1C9":{"t":"PA27"},"1CB":{"t":"FDCT"},"1D1":{"desc":"L2T"},"1D5":{"desc":"L1P"},"1D8":{"t":"UH1"},"1DB":{"t":"C68A"},"1DD":{"t":"BT36"},"1DE":{"desc":"L1P"},"1E0":{"t":"BL8"},"1E2":{"t":"C172"},"1E3":{"t":"BE35"},"1E9":{"desc":"L1P","t":"ULAC"},"1EB":{"t":"GLID"},"1EC":{"desc":"L1P","t":"ULAC"},"1EE":{"desc":"L1P"},"1F7":{"t":"C550"},"1FB":{"t":"C172"},"1FD":{"t":"C182"},"207":{"t":"P32R"},"20F":{"t":"P28A"},"21F":{"t":"C680"},"22E":{"t":"LJ45"},"22F":{"t":"AA5"},"236":{"desc":"L1P"},"251":{"t":"GA5C"},"253":{"desc":"L1P"},"260":{"desc":"L1P"},"266":{"desc":"L1P"},"268":{"desc":"L1T"},"26B":{"t":"ULAC"},"26E":{"desc":"L1P"},"27D":{"t":"C172"},"281":{"t":"BE65"},"282":{"t":"PC12"},"292":{"desc":"L1P","t":"ULAC"},"293":{"desc":"L1P"},"29A":{"t":"TAYD"},"29C":{"t":"BE35"},"29D":{"t":"B744"},"29E":{"t":"C68A"},"2A6":{"t":"C182"},"2AB":{"t":"P28A"},"2B3":{"t":"BE17"},"2BB":{"t":"SBR1"},"2CD":{"t":"H25B"},"2CF":{"t":"ULAC"},"2D4":{"t":"CL60"},"2F6":{"t":"GLF4"},"2FE":{"desc":"L1P"},"2FF":{"t":"COL4"},"301":{"t":"C550"},"302":{"desc":"H1P"},"307":{"t":"SR22"},"308":{"t":"PC24"},"30A":{"t":"M20P"},"310":{"desc":"L1P"},"317":{"t":"C182"},"31A":{"t":"GLF4"},"322":{"t":"H500"},"325":{"desc":"L2T"},"32F":{"t":"T6"},"331":{"t":"A320"},"333":{"t":"BE55"},"33C":{"t":"BE40"},"33E":{"desc":"L1P"},"345":{"t":"BALL"},"355":{"t":"LJ35"},"35D":{"t":"PA44"},"362":{"desc":"L1P"},"363":{"t":"SR22"},"37D":{"desc":"L1P"},"386":{"t":"C182"},"388":{"t":"B737"},"389":{"desc":"L1P"},"38B":{"t":"GL5T"},"38C":{"desc":"L1P"},"38D":{"t":"C150"},"390":{"t":"C411"},"3A0":{"t":"PA34"},"3AA":{"desc":"L1J"},"3C6":{"t":"BE55"},"3E0":{"t":"C180"},"3E3":{"desc":"L1P"},"3E6":{"t":"GLID"},"3E7":{"t":"B47G"},"3E8":{"t":"P28R"},"3E9":{"t":"NAVI"},"3EA":{"t":"P28A"},"3ED":{"t":"PA18"},"3EF":{"t":"C172"},"3F2":{"t":"P28A"},"3F4":{"t":"AC11"},"3F5":{"desc":"L1T","t":"SS2P"},"3F7":{"t":"PA22"},"3F9":{"t":"J3"},"402":{"desc":"L1P"},"404":{"t":"C172"},"405":{"desc":"L1P"},"407":{"desc":"L2T","t":"DC3"},"408":{"t":"T206"},"409":{"t":"C206"},"40A":{"t":"PA11"},"40C":{"t":"NAVI"},"40D":{"t":"P28A"},"40E":{"t":"BE58"},"40F":{"t":"PA18"},"412":{"t":"C188"},"414":{"t":"ST75"},"41A":{"t":"PA22"},"421":{"t":"C152"},"422":{"t":"C337"},"429":{"t":"C182"},"42B":{"t":"PA34"},"42D":{"t":"PA11"},"42E":{"t":"P28R"},"430":{"t":"P28A"},"434":{"t":"C188"},"438":{"t":"C210"},"43B":{"desc":"L1T","t":"SS2P"},"43E":{"t":"P337"},"444":{"t":"ST75"},"445":{"t":"ST75"},"449":{"t":"C180"},"44C":{"t":"C182"},"452":{"t":"NAVI"},"453":{"t":"P28A"},"455":{"t":"C182"},"456":{"t":"PA18"},"45D":{"t":"AC11"},"462":{"t":"C152"},"465":{"t":"ST75"},"466":{"t":"ST75"},"467":{"t":"ST75"},"46A":{"t":"T6"},"46C":{"t":"C180"},"470":{"t":"C172"},"471":{"t":"C206"},"474":{"t":"P28R"},"475":{"t":"P210"},"47B":{"t":"C188"},"47C":{"t":"P28R"},"47F":{"desc":"L1P"},"483":{"t":"PA22"},"484":{"desc":"L1P"},"48A":{"t":"GLID"},"48C":{"t":"AA5"},"48E":{"t":"CH7A"},"491":{"t":"T6"},"494":{"t":"P28A"},"496":{"t":"PA11"},"497":{"t":"P28R"},"499":{"desc":"L1P","t":"ULAC"},"49F":{"t":"P28R"},"4A3":{"t":"AC11"},"4A4":{"desc":"L1T","t":"SS2P"},"4A6":{"t":"PA22"},"4A7":{"t":"C152"},"4A9":{"t":"C152"},"4AC":{"t":"ST75"},"4B1":{"desc":"L1P"},"4B9":{"t":"T6"},"4BA":{"t":"P28R"},"4BB":{"t":"NAVI"},"4BC":{"t":"P28A"},"4BD":{"t":"T6"},"4C2":{"t":"P28R"},"4CB":{"t":"T6"},"4D4":{"t":"C525"},"4DC":{"t":"PA11"},"4E0":{"t":"PA11"},"4E2":{"t":"PA18"},"4E8":{"t":"ST75"},"4EC":{"t":"PA22"},"4ED":{"t":"C152"},"4F2":{"t":"C152"},"4F8":{"t":"C180"},"4F9":{"t":"BE35"},"4FB":{"t":"C182"},"4FE":{"t":"P28A"},"4FF":{"t":"PA11"},"504":{"t":"ST75"},"505":{"t":"PA27"},"509":{"desc":"L1P"},"50A":{"t":"C210"},"50B":{"desc":"L1P"},"513":{"t":"UH12"},"516":{"t":"ST75"},"518":{"t":"C152"},"519":{"t":"ST75"},"51B":{"t":"J3"},"51D":{"t":"R22"},"51E":{"t":"C182"},"520":{"t":"P28A"},"522":{"t":"J3"},"525":{"t":"P28A"},"526":{"t":"BE55"},"528":{"t":"C182"},"52B":{"t":"P28R"},"52C":{"t":"C185"},"52E":{"t":"C170"},"530":{"desc":"L1T","t":"SS2P"},"532":{"t":"PA22"},"533":{"t":"C152"},"536":{"t":"C152"},"537":{"t":"C152"},"53A":{"t":"ST75"},"53C":{"t":"ST75"},"53E":{"t":"E55P"},"53F":{"t":"P28A"},"540":{"t":"C182"},"541":{"desc":"L1P"},"542":{"desc":"L1P"},"543":{"t":"BE20"},"544":{"t":"C510"},"545":{"desc":"L1P"},"546":{"t":"BE9T"},"547":{"desc":"L1P"},"548":{"t":"C172"},"549":{"t":"BE58"},"54A":{"t":"C414"},"54C":{"t":"S22T"},"54E":{"t":"M5"},"550":{"desc":"H1P"},"551":{"t":"P28A"},"552":{"t":"PC12"},"553":{"t":"SF50"},"554":{"desc":"L1P"},"557":{"desc":"L1P"},"558":{"t":"BE18"},"559":{"t":"E55P"},"55A":{"t":"GALX"},"55B":{"t":"GLID"},"55C":{"desc":"L1P"},"55E":{"desc":"H2T"},"560":{"t":"CH7B"},"561":{"t":"PA24"},"562":{"t":"F2TH"},"563":{"t":"P28A"},"564":{"t":"C150"},"565":{"t":"BE58"},"567":{"t":"TBM7"},"568":{"t":"BE35"},"569":{"t":"GC1"},"56A":{"desc":"L1P"},"56B":{"t":"GLID"},"56C":{"t":"C150"},"56E":{"t":"PA30"},"56F":{"t":"BE58"},"571":{"t":"FA10"},"572":{"t":"BE60"},"573":{"t":"S22T"},"575":{"t":"C425"},"576":{"t":"P337"},"577":{"t":"C340"},"578":{"t":"C421"},"579":{"desc":"L1P"},"57A":{"t":"BE35"},"57C":{"t":"C172"},"57D":{"t":"C414"},"57E":{"t":"GLF6"},"57F":{"t":"PA31"},"582":{"t":"PA31"},"584":{"t":"P337"},"585":{"t":"BE35"},"586":{"t":"C310"},"587":{"t":"P337"},"588":{"desc":"L1P"},"589":{"t":"PAY2"},"58A":{"t":"BE20"},"58B":{"t":"GLID"},"58C":{"t":"BE36"},"58D":{"desc":"L1P"},"58F":{"desc":"H1T"},"590":{"t":"ERCO"},"591":{"t":"J3"},"592":{"t":"C210"},"593":{"desc":"L1P"},"595":{"t":"PC12"},"596":{"desc":"L1P"},"597":{"t":"P28A"},"599":{"t":"BE55"},"59A":{"t":"SR22"},"59B":{"t":"C150"},"59D":{"t":"S22T"},"59E":{"t":"P28U"},"59F":{"desc":"L1P"},"5A2":{"desc":"L1P"},"5A3":{"t":"C206"},"5A4":{"t":"PA30"},"5A6":{"t":"PA15"},"5A7":{"desc":"L1P"},"5AA":{"t":"BE35"},"5AB":{"t":"C77R"},"5AD":{"desc":"L1T"},"5AE":{"t":"COL4"},"5B1":{"t":"PA46"},"5B2":{"t":"C303"},"5B6":{"t":"S22T"},"5B8":{"t":"J3"},"5B9":{"desc":"L1P"},"5BB":{"t":"BE50"},"5BC":{"t":"AEST"},"5BD":{"t":"C172"},"5BE":{"t":"H500"},"5C1":{"t":"C750"},"5C2":{"t":"PA31"},"5C6":{"t":"C525"},"5C7":{"desc":"L1P"},"5C8":{"t":"CH7B"},"5CA":{"t":"R44"},"5CB":{"desc":"L1P"},"5CD":{"desc":"L1P"},"5CF":{"desc":"L1P"},"5D0":{"t":"BE55"},"5D4":{"t":"CL60"},"5D5":{"t":"P210"},"5DA":{"t":"GLF4"},"5DB":{"t":"GA5C"},"5DC":{"t":"M20P"},"5DD":{"desc":"L2P"},"5DE":{"t":"BE35"},"5E1":{"desc":"L1P"},"5E3":{"t":"C25B"},"5E4":{"desc":"L1P"},"5E5":{"t":"C182"},"5E6":{"desc":"L1P"},"5E7":{"t":"C25B"},"5E8":{"t":"GLF5"},"5E9":{"t":"BE33"},"5EB":{"t":"P337"},"5EC":{"t":"P337"},"5ED":{"desc":"H1P"},"5EE":{"t":"EC30"},"5F0":{"t":"BE35"},"5F2":{"t":"C340"},"5F6":{"t":"BALL"},"5F7":{"t":"BE35"},"5F8":{"desc":"A1P"},"5F9":{"t":"PA27"},"5FA":{"desc":"L1P"},"5FB":{"desc":"L1P"},"5FD":{"t":"C182"},"5FE":{"t":"C320"},"5FF":{"t":"TBM7"},"601":{"t":"C175"},"603":{"desc":"L1P"},"604":{"desc":"L1P"},"606":{"desc":"L1P"},"609":{"desc":"L1P"},"60B":{"t":"B350"},"60C":{"desc":"L1P"},"60F":{"desc":"L1P"},"610":{"t":"BE58"},"611":{"t":"BE95"},"613":{"t":"P28A"},"614":{"t":"C150"},"616":{"t":"BE36"},"617":{"t":"CH7A"},"618":{"t":"C337"},"619":{"t":"B06"},"61A":{"desc":"L1T"},"61C":{"desc":"L1P"},"61D":{"desc":"L1P"},"61E":{"desc":"L1P"},"61F":{"desc":"L1P"},"622":{"t":"TBM7"},"623":{"t":"BL8"},"624":{"desc":"L1P"},"625":{"desc":"L1P"},"626":{"t":"BE55"},"627":{"desc":"L1P"},"628":{"t":"C25B"},"629":{"t":"PA12"},"62B":{"t":"SR22"},"62D":{"desc":"L1T"},"62E":{"t":"PA18"},"62F":{"t":"P337"},"633":{"t":"P337"},"634":{"desc":"L1P"},"636":{"t":"G164"},"638":{"t":"CL30"},"63A":{"t":"T210"},"63B":{"desc":"L2T"},"63D":{"t":"HUSK"},"63E":{"desc":"H1T"},"63F":{"t":"P28A"},"640":{"t":"C310"},"643":{"t":"PA31"},"645":{"t":"SW4"},"646":{"t":"C170"},"647":{"t":"C337"},"649":{"t":"C182"},"64A":{"t":"AS50"},"64E":{"t":"GLID"},"64F":{"desc":"A1P"},"652":{"t":"PA30"},"653":{"t":"J3"},"654":{"t":"GLF4"},"655":{"t":"M20P"},"657":{"desc":"L1P"},"659":{"t":"PA32"},"65B":{"t":"SR22"},"65C":{"t":"BE33"},"65D":{"t":"BALL"},"65F":{"t":"SR20"},"660":{"t":"C25B"},"662":{"t":"YK55"},"663":{"t":"T34P"},"665":{"t":"F900"},"666":{"t":"SF50"},"66A":{"t":"C195"},"66C":{"t":"BE35"},"66D":{"t":"C525"},"66F":{"desc":"L1P","t":"ULAC"},"671":{"t":"GLF4"},"672":{"t":"B47G"},"673":{"t":"A139"},"674":{"t":"PA23"},"676":{"t":"C414"},"677":{"t":"C421"},"67A":{"t":"C68A"},"67B":{"desc":"L1P"},"67C":{"desc":"L1P"},"67D":{"t":"B06"},"681":{"t":"B407"},"682":{"t":"BE36"},"685":{"t":"SR22"},"686":{"t":"C182"},"689":{"t":"GA5C"},"68A":{"t":"GLF5"},"68C":{"t":"C421"},"68D":{"desc":"L1P"},"690":{"t":"BALL"},"691":{"t":"P46T"},"693":{"t":"S22T"},"694":{"t":"P32R"},"695":{"t":"C172"},"696":{"desc":"L1P"},"697":{"t":"SR22"},"698":{"desc":"H1T"},"699":{"t":"BE20"},"69A":{"desc":"A2P"},"69B":{"t":"PA18"},"69C":{"t":"C182"},"69D":{"t":"HUSK"},"69E":{"t":"BE35"},"69F":{"desc":"L1P"},"6A0":{"t":"GLID"},"6A1":{"desc":"L1P"},"6A7":{"desc":"L1P","t":"ULAC"},"6A9":{"desc":"L1P"},"6AA":{"t":"B06"},"6AB":{"t":"BE18"},"6AC":{"t":"HUSK"},"6AE":{"t":"HUSK"},"6AF":{"desc":"L1P","t":"ULAC"},"6B0":{"t":"B06"},"6B3":{"t":"B06"},"6B4":{"t":"H500"},"6B8":{"t":"BE23"},"6B9":{"desc":"L1J","t":"GLF4"},"6BA":{"desc":"L2T"},"6BD":{"t":"B430"},"6C1":{"t":"GLID"},"6C4":{"desc":"L1P"},"6C5":{"desc":"L1P"},"6C6":{"t":"C56X"},"6CA":{"t":"C172"},"6CB":{"t":"NAVI"},"6CC":{"t":"T34P"},"6CE":{"desc":"L1P"},"6CF":{"t":"SR22"},"6D0":{"t":"E50P"},"6D1":{"t":"C182"},"6D4":{"desc":"A1P"},"6D5":{"t":"PTS2"},"6D6":{"t":"EC30"},"6D8":{"desc":"L1P"},"6DA":{"t":"M20P"},"6DB":{"t":"GLF5"},"6DC":{"desc":"L1P"},"6DE":{"desc":"L1P"},"6DF":{"t":"ST75"},"6E0":{"t":"BE20"},"6E1":{"t":"C337"},"6E2":{"desc":"L1P"},"6E3":{"t":"P32T"},"6E4":{"desc":"L1P"},"6E5":{"t":"PAY3"},"6E6":{"t":"GLID"},"6E7":{"t":"C750"},"6E8":{"t":"BE9L"},"6EA":{"t":"B06"},"6EB":{"desc":"L1P"},"6EC":{"t":"CH7B"},"6ED":{"desc":"L1P"},"6F4":{"t":"GLID"},"6F7":{"t":"C551"},"6F8":{"t":"PA30"},"6F9":{"t":"S22T"},"6FA":{"t":"AA5"},"6FB":{"t":"B06"},"6FD":{"desc":"L1P"},"701":{"desc":"L1P"},"702":{"desc":"L1P","t":"TB0"},"703":{"desc":"L1T"},"704":{"t":"C525"},"70A":{"desc":"L1P"},"70C":{"desc":"L1T"},"712":{"t":"C421"},"713":{"t":"C560"},"714":{"t":"A109"},"716":{"t":"GLID"},"718":{"t":"PA44"},"719":{"t":"BE35"},"71A":{"t":"C206"},"71B":{"t":"BE55"},"71D":{"t":"PA34"},"71E":{"t":"C182"},"71F":{"t":"FA7X"},"720":{"t":"LJ31"},"722":{"t":"F900"},"724":{"t":"BE35"},"726":{"desc":"L2P"},"727":{"t":"C501"},"72A":{"t":"GLF5"},"72B":{"t":"P28A"},"72D":{"t":"BE58"},"72F":{"t":"C310"},"730":{"t":"AA5"},"731":{"desc":"L1P"},"732":{"t":"BALL"},"733":{"t":"BE55"},"734":{"t":"B06"},"735":{"t":"C560"},"736":{"desc":"L1P"},"737":{"t":"BE55"},"738":{"t":"BE36"},"739":{"t":"BE33"},"73C":{"t":"PA30"},"73D":{"t":"BE35"},"73E":{"t":"BE36"},"740":{"t":"AC11"},"743":{"desc":"L1P"},"744":{"t":"C560"},"745":{"t":"DA40"},"746":{"t":"B06"},"747":{"t":"PA30"},"748":{"desc":"L1P"},"749":{"desc":"L1P"},"74C":{"t":"HUSK"},"74D":{"t":"GLID"},"74E":{"t":"PA46"},"750":{"t":"BE24"},"751":{"desc":"H1P"},"752":{"t":"ULAC"},"754":{"t":"HUSK"},"756":{"t":"BE35"},"757":{"t":"B350"},"758":{"t":"SR22"},"75A":{"t":"ST75"},"75B":{"t":"LJ55"},"75E":{"t":"GLID"},"760":{"desc":"L1P"},"761":{"t":"GLID"},"764":{"t":"U21"},"765":{"t":"GLID"},"766":{"t":"BE55"},"768":{"t":"C25A"},"76A":{"t":"C310"},"76B":{"t":"PA46"},"76F":{"t":"RC3"},"770":{"desc":"L1P"},"772":{"t":"PA32"},"774":{"desc":"L1P"},"776":{"desc":"L1P"},"777":{"t":"R66"},"778":{"t":"S22T"},"779":{"t":"BALL"},"77A":{"t":"C172"},"77D":{"t":"P180"},"77F":{"t":"C182"},"781":{"t":"GLID"},"783":{"desc":"L1P","t":"ULAC"},"789":{"desc":"L1P"},"78A":{"t":"C501"},"78B":{"desc":"L1P"},"78C":{"desc":"L1P"},"78D":{"t":"BE58"},"78E":{"t":"T6"},"78F":{"t":"C414"},"790":{"t":"PA18"},"792":{"desc":"L1P"},"793":{"t":"P337"},"794":{"desc":"L1P","t":"TB0"},"795":{"t":"C182"},"797":{"t":"BE17"},"798":{"desc":"L1P"},"79A":{"t":"CH7B"},"79D":{"desc":"L2T"},"79E":{"t":"CL60"},"79F":{"desc":"L1P"},"7A1":{"t":"LJ35"},"7A2":{"desc":"L1P"},"7A3":{"t":"C500"},"7A4":{"t":"LJ31"},"7A5":{"t":"H500"},"7A7":{"t":"GLID"},"7A8":{"desc":"H1P"},"7AA":{"t":"C185"},"7AB":{"desc":"L1P"},"7AC":{"t":"BE9T"},"7AD":{"t":"TBM7"},"7AE":{"t":"AC11"},"7B0":{"t":"A109"},"7B1":{"t":"R44"},"7B3":{"t":"M4"},"7B4":{"t":"BE35"},"7B6":{"t":"PA46"},"7B7":{"t":"AC11"},"7B8":{"t":"GLF3"},"7BA":{"t":"YK50"},"7BB":{"t":"FA50"},"7BC":{"desc":"L1P"},"7BF":{"desc":"L1P"},"7C1":{"t":"GC1"},"7C2":{"t":"P28A"},"7C5":{"t":"PA30"},"7C6":{"desc":"L1P"},"7C8":{"t":"SR20"},"7C9":{"t":"M20P"},"7CB":{"t":"C414"},"7CC":{"t":"PA27"},"7CD":{"t":"BALL"},"7CF":{"t":"C172"},"7D0":{"t":"C182"},"7D1":{"t":"C182"},"7D2":{"desc":"L1J"},"7D4":{"t":"BL8"},"7D7":{"t":"C82R"},"7DA":{"t":"PA23"},"7DB":{"t":"T210"},"7E1":{"t":"FA50"},"7E2":{"desc":"L1P"},"7E3":{"desc":"L2T"},"7E4":{"desc":"L1P","t":"ULAC"},"7E5":{"desc":"L1P"},"7E6":{"t":"P210"},"7E8":{"desc":"L1P"},"7E9":{"desc":"L1J"},"7EB":{"t":"PA32"},"7EC":{"t":"PA32"},"7ED":{"t":"C421"},"7EE":{"t":"BE95"},"7F0":{"desc":"L1P"},"7F2":{"t":"EN28"},"7F3":{"t":"GL5T"},"7F4":{"t":"BL8"},"7F6":{"desc":"L1P"},"7F8":{"t":"AC90"},"7FB":{"t":"BE20"},"7FC":{"desc":"L2T"},"7FD":{"t":"BE9L"},"7FE":{"t":"M20P"},"7FF":{"t":"GLID"},"800":{"t":"GLF4"},"803":{"t":"HUSK"},"804":{"t":"EA50"},"806":{"t":"C560"},"807":{"t":"C414"},"80B":{"t":"AA5"},"80D":{"desc":"L2T"},"80F":{"t":"ULAC"},"811":{"t":"E300"},"813":{"desc":"L1P"},"815":{"t":"AA5"},"817":{"desc":"L1P"},"81A":{"t":"FA50"},"81B":{"t":"FA50"},"81E":{"desc":"L1T"},"820":{"t":"M20T"},"821":{"t":"LJ35"},"822":{"t":"ULAC"},"825":{"t":"P51"},"826":{"t":"SR22"},"827":{"t":"GLID"},"829":{"t":"LJ60"},"82A":{"t":"FA50"},"82D":{"t":"SF50"},"82E":{"t":"M5"},"82F":{"t":"C340"},"831":{"t":"BE24"},"832":{"t":"SF50"},"833":{"t":"PA20"},"836":{"t":"LJ60"},"83B":{"t":"HA4T"},"83D":{"desc":"L2P"},"83E":{"t":"LJ60"},"83F":{"t":"C310"},"841":{"t":"B407"},"842":{"desc":"L1P"},"847":{"t":"GLF5"},"848":{"t":"B47G"},"84D":{"t":"BE58"},"84F":{"t":"CH7A"},"851":{"t":"M20P"},"852":{"t":"GLID"},"853":{"t":"FA50"},"854":{"t":"C182"},"859":{"t":"HUSK"},"85A":{"t":"BE20"},"85B":{"t":"C206"},"85D":{"t":"HUSK"},"860":{"t":"PA18"},"862":{"t":"C182"},"863":{"t":"B350"},"864":{"t":"GLF5"},"867":{"desc":"A1P","t":"ULAC"},"868":{"t":"P180"},"869":{"desc":"L1P"},"86B":{"t":"BE35"},"86D":{"desc":"L1P"},"86F":{"t":"BE60"},"870":{"desc":"L1P"},"871":{"t":"PA22"},"873":{"desc":"L1P"},"875":{"t":"C150"},"878":{"desc":"L2T"},"879":{"desc":"L1T"},"87A":{"desc":"L1P"},"87B":{"t":"GLEX"},"87C":{"t":"FA50"},"87D":{"t":"PA18"},"87F":{"t":"BE20"},"883":{"t":"H25B"},"884":{"desc":"L1P"},"886":{"desc":"L1P"},"887":{"desc":"L1T"},"888":{"t":"R44"},"889":{"desc":"L1P"},"88B":{"t":"GLF5"},"891":{"t":"C421"},"892":{"t":"BT36"},"893":{"t":"F900"},"894":{"t":"ST75"},"895":{"t":"LJ60"},"896":{"desc":"L1P"},"897":{"t":"CL30"},"898":{"desc":"L2T"},"899":{"desc":"L1P"},"89B":{"t":"LJ60"},"89C":{"t":"R44"},"89D":{"desc":"L1P"},"8A0":{"t":"C560"},"8A1":{"t":"BL8"},"8A3":{"t":"E300"},"8A4":{"t":"SR20"},"8A6":{"t":"BE55"},"8AA":{"t":"WW24"},"8AB":{"t":"C414"},"8AC":{"t":"C206"},"8AE":{"desc":"L1P"},"8B0":{"t":"SR20"},"8B1":{"desc":"L2J"},"8B2":{"desc":"L1P"},"8B3":{"desc":"A2P"},"8B4":{"desc":"L1P"},"8B7":{"t":"R66"},"8B9":{"desc":"L1P"},"8BA":{"desc":"L1P"},"8BC":{"desc":"L2T"},"8BF":{"t":"FA20"},"8C0":{"desc":"L1P"},"8C1":{"t":"YK50"},"8C4":{"t":"BE20"},"8C5":{"t":"C550"},"8C6":{"t":"GLID"},"8CA":{"desc":"L1P"},"8CD":{"t":"R44"},"8CE":{"t":"FA7X"},"8CF":{"t":"FA50"},"8D5":{"t":"AS50"},"8D6":{"t":"F900"},"8D8":{"desc":"L1P"},"8D9":{"desc":"L1P"},"8DC":{"t":"NAVI"},"8DE":{"t":"PA27"},"8DF":{"t":"FA50"},"8E0":{"t":"BE9L"},"8E1":{"t":"BE20"},"8E2":{"t":"P28A"},"8E3":{"t":"CH7A"},"8E4":{"t":"GA5C"},"8E5":{"t":"AA5"},"8E6":{"t":"C177"},"8EA":{"desc":"L1P"},"8ED":{"t":"PA31"},"8EE":{"t":"C150"},"8F0":{"desc":"L1P"},"8F1":{"t":"P32T"},"8F4":{"t":"C182"},"8F5":{"t":"B407"},"8F9":{"t":"H500"},"90E":{"desc":"L1P"},"90F":{"t":"C180"},"910":{"desc":"L1P"},"911":{"t":"C177"},"913":{"t":"GLID"},"914":{"t":"C182"},"916":{"t":"P210"},"917":{"desc":"L1P"},"918":{"t":"YK50"},"919":{"t":"GLID"},"91A":{"desc":"H1T"},"91B":{"t":"PA31"},"91C":{"t":"B427"},"91F":{"t":"M20P"},"920":{"desc":"L1P"},"921":{"t":"YK50"},"929":{"t":"BE55"},"92A":{"desc":"L1P"},"92B":{"t":"B47G"},"92C":{"t":"P28A"},"92D":{"t":"SF50"},"92E":{"desc":"L1P"},"92F":{"t":"P210"},"930":{"desc":"L2J"},"932":{"t":"R44"},"934":{"t":"FA50"},"936":{"t":"FA50"},"937":{"t":"C150"},"938":{"t":"BE58"},"93A":{"t":"C172"},"93B":{"t":"GLF5"},"93C":{"t":"P28B"},"93F":{"t":"GLID"},"940":{"t":"T50"},"941":{"desc":"L1P"},"942":{"desc":"L1P"},"943":{"desc":"L2J","t":"B737"},"944":{"t":"PA30"},"946":{"t":"C185"},"947":{"t":"T206"},"949":{"t":"E300"},"94A":{"desc":"L1P"},"94B":{"t":"C150"},"94C":{"t":"BE19"},"94E":{"t":"PA25"},"951":{"t":"BALL"},"954":{"t":"B06"},"956":{"desc":"L1P"},"967":{"desc":"L1P"},"96A":{"t":"C560"},"972":{"desc":"A1P"},"975":{"t":"GL5T"},"979":{"t":"SF50"},"97E":{"t":"PRM1"},"980":{"t":"BE9L"},"982":{"t":"SF50"},"983":{"t":"C550"},"986":{"t":"C82S"},"988":{"t":"PA18"},"98B":{"t":"C550"},"98C":{"t":"BE18"},"993":{"t":"GLF5"},"994":{"t":"SF50"},"996":{"t":"BE33"},"997":{"t":"C510"},"999":{"desc":"L1P"},"99B":{"t":"P28A"},"99D":{"t":"S22T"},"9A0":{"t":"GLID"},"9A2":{"t":"HUSK"},"9A5":{"desc":"L1P"},"9A6":{"t":"H500"},"9A7":{"t":"GL5T"},"9A8":{"t":"BL8"},"9AD":{"t":"FA50"},"9AF":{"desc":"L1P"},"9B2":{"t":"C150"},"9B5":{"desc":"L1P"},"9B6":{"t":"BL8"},"9BA":{"t":"L39"},"9BB":{"t":"FA50"},"9BD":{"desc":"L1P"},"9BF":{"t":"B06"},"9C0":{"t":"FA50"},"9C3":{"desc":"L1P"},"9C7":{"t":"YK50"},"9CB":{"t":"FA50"},"9CD":{"t":"P28A"},"9D3":{"desc":"L1P"},"9D4":{"t":"BL8"},"9D6":{"t":"BE35"},"9E1":{"desc":"L1P"},"9E4":{"t":"C421"},"9EE":{"desc":"L1T"},"9EF":{"t":"PAY2"},"9F0":{"t":"B14A"},"9F1":{"t":"C414"},"9F3":{"t":"BE55"},"9F4":{"t":"E55P"},"9F5":{"t":"CRJ7"},"9F6":{"t":"P28A"},"9F7":{"t":"GALX"},"9F9":{"t":"ULAC"},"9FA":{"t":"C180"},"9FB":{"t":"P46T"},"9FC":{"desc":"L2P"},"9FD":{"t":"GA5C"},"A00":{"t":"H500"},"A02":{"t":"P46T"},"A04":{"t":"PA24"},"A05":{"t":"C310"},"A08":{"t":"H25B"},"A09":{"t":"M20T"},"A0A":{"t":"BE58"},"A0B":{"t":"C172"},"A0C":{"t":"BL8"},"A0D":{"desc":"L1P"},"A0E":{"t":"R22"},"A12":{"t":"WW24"},"A13":{"t":"ERCO"},"A14":{"t":"F900"},"A15":{"t":"BE58"},"A17":{"t":"GLID"},"A18":{"t":"BT36"},"A19":{"t":"P46T"},"A1A":{"t":"C172"},"A1D":{"desc":"L1P"},"A1E":{"t":"C182"},"A21":{"desc":"H1P"},"A22":{"t":"S108"},"A23":{"t":"BE55"},"A24":{"t":"C25C"},"A25":{"t":"C310"},"A26":{"t":"EA50"},"A27":{"t":"EA50"},"A28":{"t":"FA50"},"A2A":{"t":"C310"},"A2B":{"t":"E55P"},"A2C":{"t":"GA5C"},"A2D":{"desc":"L1P","t":"ULAC"},"A2E":{"t":"BE36"},"A30":{"t":"SR22"},"A32":{"t":"BE20"},"A33":{"t":"BE20"},"A34":{"t":"C340"},"A36":{"t":"H500"},"A37":{"t":"LJ60"},"A3A":{"t":"PRM1"},"A3B":{"t":"C180"},"A3C":{"t":"E55P"},"A3D":{"t":"C500"},"A3E":{"t":"H500"},"A3F":{"desc":"L1P"},"A40":{"t":"E145"},"A42":{"t":"EA50"},"A43":{"t":"GA5C"},"A46":{"t":"R44"},"A47":{"t":"BE33"},"A49":{"t":"P28R"},"A4B":{"t":"T34P"},"A4C":{"t":"AC11"},"A4D":{"t":"PA34"},"A4F":{"t":"P46T"},"A50":{"t":"PC12"},"A52":{"desc":"L1T","t":"PA46"},"A53":{"t":"C72R"},"A54":{"t":"GLEX"},"A56":{"t":"C340"},"A57":{"t":"E55P"},"A5B":{"t":"PA27"},"A5C":{"t":"B212"},"A5D":{"desc":"L4P"},"A5E":{"t":"H500"},"A60":{"t":"EA50"},"A61":{"t":"B47G"},"A63":{"t":"BE9L"},"A64":{"t":"C441"},"A65":{"t":"GLF6"},"A68":{"desc":"H1T"},"A6A":{"t":"E300"},"A6D":{"desc":"L1P"},"A6E":{"desc":"A1P"},"A6F":{"t":"EA50"},"A70":{"desc":"H1T"},"A72":{"t":"BE20"},"A74":{"t":"P46T"},"A75":{"t":"P46T"},"A7D":{"t":"C650"},"A7F":{"desc":"L2P"},"A82":{"t":"P28A"},"A85":{"t":"C560"},"A86":{"desc":"L1P"},"A87":{"t":"GA5C"},"A89":{"desc":"L1P"},"A8A":{"t":"C172"},"A8B":{"t":"BE36"},"A8C":{"t":"GLF3"},"A8D":{"t":"BE36"},"A8E":{"desc":"A1P"},"A90":{"t":"H500"},"A91":{"t":"P28S"},"A92":{"t":"BE55"},"A94":{"t":"C172"},"A97":{"t":"P28A"},"A99":{"t":"GA5C"},"A9B":{"desc":"L2P"},"A9F":{"t":"GA5C"},"AA0":{"t":"P46T"},"AA1":{"t":"SR22"},"AA3":{"t":"BE36"},"AA6":{"t":"BE20"},"AA9":{"t":"HUSK"},"AAA":{"t":"H500"},"AAB":{"desc":"L2P"},"AAC":{"t":"P46T"},"AAD":{"desc":"L2P"},"AAF":{"t":"PA31"},"AB0":{"t":"H269"},"AB1":{"t":"BE33"},"AB2":{"t":"HUSK"},"AB4":{"t":"H500"},"AB8":{"t":"GLF5"},"AB9":{"t":"M7"},"ABC":{"t":"FA7X"},"ABE":{"t":"C182"},"ABF":{"t":"T28"},"AC0":{"t":"PC12"},"AC1":{"t":"F900"},"AC3":{"t":"BE33"},"AC4":{"t":"P46T"},"AC5":{"t":"GLID"},"AC8":{"t":"P46T"},"ACA":{"desc":"A1P"},"ACC":{"t":"ST75"},"ACD":{"t":"GLF2"},"AD4":{"t":"P28A"},"AD9":{"t":"SR22"},"ADB":{"desc":"L1P"},"ADF":{"t":"PA31"},"AE1":{"t":"BE9L"},"AE3":{"t":"BE35"},"AE5":{"t":"AS50"},"AE6":{"desc":"L1P"},"AE8":{"desc":"H1T"},"AEA":{"desc":"L1P"},"AED":{"t":"PA27"},"AEE":{"t":"BE58"},"AEF":{"desc":"L2T"},"AF2":{"t":"P28A"},"AF4":{"t":"H500"},"AF5":{"t":"LJ35"},"AF6":{"t":"PAY4"},"AF7":{"desc":"L2P"},"AF8":{"t":"BE20"},"AFA":{"t":"CL60"},"AFB":{"t":"B737"},"AFC":{"t":"M20P"},"AFD":{"t":"P46T"},"B01":{"t":"FA50"},"B03":{"t":"CL60"},"B04":{"t":"ASTR"},"B05":{"desc":"L1P"},"B07":{"desc":"H1P"},"B09":{"desc":"L2T"},"B0A":{"t":"PC12"},"B0B":{"t":"SR20"},"B0E":{"t":"E545"},"B0F":{"t":"EA50"},"B11":{"t":"LJ31"},"B13":{"desc":"L2P"},"B15":{"desc":"H1P"},"B16":{"desc":"H1T"},"B17":{"t":"H500"},"B18":{"t":"PC12"},"B1A":{"t":"PAY1"},"B1B":{"t":"H500"},"B1C":{"t":"FA7X"},"B1D":{"t":"DA40"},"B1E":{"t":"E545"},"B1F":{"t":"H500"},"B20":{"desc":"L2J"},"B23":{"t":"P46T"},"B26":{"t":"PC12"},"B28":{"t":"PA46"},"B2A":{"t":"P28R"},"B2C":{"t":"B06"},"B2D":{"t":"M20T"},"B2F":{"desc":"H6E"},"B35":{"t":"PA24"},"B37":{"t":"B350"},"B38":{"t":"GLF4"},"B3A":{"t":"P46T"},"B3B":{"t":"BE35"},"B3C":{"t":"CL60"},"B3D":{"desc":"H1T"},"B3E":{"desc":"L2T"},"B40":{"t":"P46T"},"B41":{"t":"BE40"},"B45":{"t":"CRJ2"},"B46":{"t":"BE55"},"B47":{"t":"FA50"},"B49":{"t":"CL60"},"B4A":{"desc":"L1P"},"B4B":{"t":"C56X"},"B4E":{"t":"PA31"},"B50":{"t":"C310"},"B52":{"desc":"L1P"},"B58":{"desc":"A1T","t":"KODI"},"B5F":{"desc":"L1P"},"B62":{"t":"C340"},"B67":{"t":"F2TH"},"B69":{"t":"E50P"},"B6A":{"t":"SR22"},"B6B":{"t":"GLF5"},"B6C":{"t":"FA50"},"B6D":{"t":"C310"},"B6E":{"t":"GA5C"},"B6F":{"t":"GLF5"},"B71":{"t":"H500"},"B72":{"t":"GLF4"},"B73":{"desc":"H1T"},"B75":{"t":"G280"},"B77":{"t":"F2TH"},"B79":{"t":"H500"},"B7B":{"desc":"L1P"},"B7C":{"t":"TBM7"},"B7D":{"desc":"L2P"},"B82":{"t":"BE36"},"B83":{"t":"B407"},"B84":{"t":"C25A"},"B85":{"t":"B350"},"B87":{"t":"PA32"},"B88":{"t":"C310"},"B89":{"desc":"L2P"},"B8A":{"t":"C500"},"B8E":{"desc":"H4E"},"B91":{"desc":"L1P"},"B92":{"t":"BALL"},"B93":{"t":"C150"},"B94":{"t":"C25C"},"B96":{"t":"C56X"},"B97":{"desc":"H1T","t":"H500"},"B98":{"t":"GLID"},"B99":{"t":"TOBA"},"B9A":{"t":"T206"},"B9B":{"desc":"L1P","t":"TB0"},"B9D":{"t":"PA27"},"B9E":{"desc":"L1P"},"B9F":{"t":"C172"},"BA0":{"t":"LJ31"},"BA1":{"t":"BE40"},"BA2":{"t":"C421"},"BA4":{"t":"BE58"},"BA5":{"t":"C500"},"BA6":{"t":"H500"},"BA7":{"t":"B350"},"BA8":{"t":"BE20"},"BAA":{"t":"C25C"},"BAB":{"t":"BE60"},"BAC":{"desc":"L2P"},"BAD":{"desc":"H2T"},"BAF":{"t":"S22T"},"BB0":{"t":"H500"},"BB3":{"desc":"L4P"},"BBB":{"t":"C560"},"BBE":{"t":"BALL"},"BC0":{"t":"C56X"},"BC3":{"t":"B06"},"BCC":{"t":"BE20"},"BCE":{"t":"C560"},"BD0":{"desc":"L2P"},"BD3":{"t":"EA50"},"BD4":{"t":"GL5T"},"BD6":{"t":"B350"},"BDC":{"t":"H500"},"BE1":{"t":"P46T"},"BE3":{"t":"H500"},"BE4":{"t":"BE36"},"BE7":{"t":"PA32"},"BE8":{"t":"C25B"},"BE9":{"desc":"L1P"},"BED":{"t":"C501"},"BEF":{"desc":"H1P"},"BF0":{"t":"BE35"},"BF2":{"t":"BT36"},"BF4":{"t":"B738"},"BF6":{"desc":"H1T"},"BFA":{"desc":"H1T"},"BFB":{"t":"PC12"},"BFC":{"desc":"L1P"},"C05":{"desc":"H1P"},"C08":{"t":"C56X"},"C09":{"desc":"H1P"},"C0B":{"t":"H25B"},"C0D":{"t":"P46T"},"C11":{"t":"H500"},"C13":{"t":"GA5C"},"C1B":{"t":"BE55"},"C20":{"t":"YK50"},"C24":{"t":"P46T"},"C26":{"t":"P46T"},"C31":{"t":"C550"},"C32":{"desc":"L1P"},"C37":{"t":"EA50"},"C47":{"t":"BE33"},"C49":{"t":"C172"},"C4A":{"t":"B06"},"C4B":{"t":"SR22"},"C4E":{"t":"M20P"},"C4F":{"t":"B06"},"C51":{"t":"S22T"},"C52":{"desc":"L1P"},"C53":{"t":"M20P"},"C56":{"t":"GL5T"},"C57":{"t":"BE35"},"C59":{"desc":"L1P","t":"ULAC"},"C5A":{"t":"H269"},"C5B":{"t":"C414"},"C5C":{"t":"ST75"},"C5D":{"t":"P28A"},"C5E":{"t":"GLF5"},"C5F":{"t":"C172"},"C60":{"t":"PA22"},"C61":{"t":"C172"},"C64":{"t":"ULAC"},"C65":{"t":"C150"},"C66":{"t":"BALL"},"C69":{"t":"C180"},"C6A":{"t":"BALL"},"C6C":{"t":"C172"},"C6E":{"t":"BALL"},"C6F":{"t":"C182"},"C71":{"t":"H269"},"C73":{"t":"PA17"},"C74":{"t":"BALL"},"C75":{"t":"B06"},"C76":{"t":"AT5T"},"C77":{"desc":"L1P"},"C7B":{"t":"C185"},"C7E":{"t":"C172"},"C7F":{"t":"ST75"},"C80":{"t":"P28A"},"C81":{"t":"BE36"},"C82":{"t":"BALL"},"C83":{"t":"PA22"},"C84":{"t":"C150"},"C85":{"t":"C172"},"C86":{"t":"C150"},"C88":{"t":"C150"},"C8A":{"t":"C77R"},"C8D":{"t":"C150"},"C8F":{"t":"C172"},"C90":{"t":"BE35"},"C95":{"desc":"L1P"},"C96":{"desc":"L1P"},"C97":{"t":"AT5T"},"C9A":{"t":"TAYB"},"C9C":{"t":"PA24"},"C9D":{"desc":"H1T"},"C9F":{"t":"P28R"},"CA0":{"t":"P28A"},"CA3":{"t":"AT8T"},"CA6":{"t":"PA22"},"CA7":{"t":"C150"},"CA9":{"t":"ST75"},"CAB":{"t":"FA62"},"CAC":{"t":"C150"},"CAD":{"desc":"L1P"},"CAE":{"t":"C150"},"CAF":{"t":"J3"},"CB2":{"t":"C172"},"CB4":{"t":"AT5T"},"CB5":{"t":"C182"},"CB6":{"t":"BALL"},"CB7":{"t":"BALL"},"CB8":{"desc":"A1P"},"CB9":{"t":"PA17"},"CBB":{"t":"BALL"},"CBC":{"t":"T206"},"CBF":{"t":"PA24"},"CC4":{"desc":"L1P"},"CC6":{"t":"P28A"},"CC7":{"t":"AT6T"},"CCB":{"desc":"L1P"},"CCD":{"t":"C150"},"CCF":{"t":"C150"},"CD0":{"desc":"L1P"},"CD1":{"t":"C150"},"CD4":{"t":"L29"},"CD5":{"t":"C172"},"CD8":{"t":"ULAC"},"CD9":{"t":"C180"},"CDC":{"t":"PA17"},"CE0":{"t":"TAYB"},"CE4":{"t":"BALL"},"CE5":{"t":"BALL"},"CE6":{"t":"BALL"},"CE8":{"t":"AT5T"},"CE9":{"t":"P28A"},"CEB":{"t":"C172"},"CEC":{"t":"BALL"},"CED":{"t":"C150"},"CEF":{"t":"C150"},"CF1":{"t":"C150"},"CF2":{"t":"H269"},"CF3":{"t":"B06"},"CF5":{"t":"TAYD"},"CF6":{"t":"C150"},"CF8":{"t":"C172"},"CF9":{"t":"BALL"},"CFD":{"desc":"L1T"},"CFF":{"t":"PA11"},"D00":{"t":"C310"},"D01":{"t":"AT6T"},"D02":{"t":"M20P"},"D04":{"t":"B06"},"D05":{"t":"PA24"},"D07":{"t":"C172"},"D09":{"t":"P28A"},"D0C":{"t":"P28A"},"D0D":{"t":"ULAC"},"D0F":{"t":"PA22"},"D10":{"t":"AT6T"},"D13":{"t":"C150"},"D15":{"t":"C150"},"D18":{"t":"ST75"},"D19":{"t":"C150"},"D1A":{"t":"PA11"},"D1B":{"t":"C172"},"D1C":{"t":"AT3P"},"D1E":{"t":"C182"},"D1F":{"t":"C180"},"D21":{"t":"AT6T"},"D24":{"t":"AT3T"},"D25":{"desc":"A1P"},"D28":{"t":"PA24"},"D29":{"t":"BALL"},"D2B":{"t":"P28B"},"D2C":{"t":"BALL"},"D2F":{"t":"P28A"},"D32":{"t":"PA22"},"D33":{"t":"AT3T"},"D34":{"t":"ST75"},"D37":{"t":"C150"},"D3A":{"t":"C172"},"D3B":{"t":"SR20"},"D3C":{"desc":"L1P","t":"ULAC"},"D3D":{"t":"PAY2"},"D3E":{"t":"C172"},"D3F":{"t":"BE35"},"D41":{"t":"ULAC"},"D42":{"t":"A319"},"D43":{"t":"B06"},"D44":{"t":"AT5T"},"D45":{"t":"BALL"},"D48":{"desc":"L1P"},"D4B":{"t":"BALL"},"D4D":{"t":"AT6T"},"D4E":{"t":"P28R"},"D4F":{"t":"P28A"},"D52":{"t":"C182"},"D54":{"desc":"L1P"},"D55":{"t":"PA22"},"D57":{"t":"AT3T"},"D5A":{"desc":"L1P"},"D5B":{"t":"AT5T"},"D5C":{"t":"ST75"},"D5D":{"desc":"L1P"},"D5F":{"t":"C150"},"D60":{"t":"BE35"},"D61":{"t":"PA27"},"D62":{"t":"BE35"},"D63":{"t":"BE35"},"D64":{"t":"C182"},"D69":{"t":"C310"},"D6A":{"t":"B06"},"D6B":{"t":"AT3T"},"D6C":{"t":"BALL"},"D6E":{"t":"PA24"},"D70":{"t":"BALL"},"D72":{"t":"P28A"},"D75":{"t":"P28A"},"D76":{"desc":"L1T","t":"SS2P"},"D78":{"t":"BALL"},"D7B":{"t":"ST75"},"D7D":{"desc":"L1P"},"D80":{"t":"ST75"},"D82":{"t":"BALL"},"D84":{"t":"C172"},"D85":{"t":"BE35"},"D88":{"desc":"L1P"},"D8C":{"t":"BALL"},"D8D":{"t":"CJ6"},"D8F":{"t":"S76"},"D90":{"desc":"L1P"},"D92":{"t":"C310"},"D94":{"t":"AT5T"},"D96":{"t":"SR22"},"D98":{"t":"P28A"},"D9C":{"t":"C150"},"D9D":{"t":"ST75"},"D9E":{"t":"C150"},"D9F":{"desc":"L1P","t":"ULAC"},"DA0":{"t":"BALL"},"DA1":{"t":"C150"},"DA2":{"t":"TAYD"},"DA3":{"t":"C150"},"DA5":{"t":"TAYD"},"DA6":{"t":"C501"},"DA7":{"t":"C501"},"DA9":{"t":"C501"},"DAA":{"t":"C182"},"DAB":{"t":"C501"},"DAD":{"t":"C501"},"DAE":{"desc":"G1P"},"DAF":{"t":"BE19"},"DB0":{"t":"C501"},"DB1":{"t":"C525"},"DB7":{"t":"COL4"},"DB9":{"t":"C501"},"DC0":{"desc":"L1P","t":"ULAC"},"DC1":{"t":"CH7B"},"DC2":{"t":"C501"},"DC3":{"t":"PA27"},"DC7":{"t":"CRJ7"},"DC9":{"t":"C402"},"DD0":{"t":"AT5P"},"DD1":{"t":"BL8"},"DD2":{"t":"P32R"},"DD5":{"t":"BE40"},"DD8":{"t":"CL30"},"DD9":{"t":"S108"},"DDB":{"t":"C501"},"DDC":{"t":"PA18"},"DDD":{"t":"C501"},"DDE":{"t":"BE58"},"DDF":{"t":"C501"},"DE0":{"t":"SR22"},"DE2":{"t":"C525"},"DE4":{"t":"C414"},"DE7":{"t":"C501"},"DE9":{"t":"BL17"},"DED":{"t":"GLF5"},"DF4":{"t":"F900"},"DF5":{"t":"C340"},"DF6":{"t":"C501"},"DF8":{"t":"SR20"},"DF9":{"t":"GLID"},"DFB":{"t":"C25C"},"DFE":{"t":"PA34"},"DFF":{"t":"A359"},"E00":{"t":"C501"},"E03":{"t":"C182"},"E05":{"t":"BE9T"},"E07":{"t":"CH7B"},"E08":{"t":"EA50"},"E0A":{"t":"C500"},"E0B":{"t":"DV20"},"E0D":{"t":"BE20"},"E11":{"t":"H500"},"E13":{"desc":"H1P"},"E14":{"t":"C500"},"E16":{"t":"CH7A"},"E1B":{"t":"C172"},"E1D":{"desc":"H4E"},"E21":{"t":"C208"},"E24":{"desc":"L1P"},"E26":{"desc":"L1P"},"E2D":{"t":"C501"},"E37":{"t":"BALL"},"E3F":{"t":"C500"},"E40":{"desc":"L1P"},"E41":{"t":"GA5C"},"E43":{"t":"H25B"},"E44":{"t":"C550"},"E46":{"desc":"L2J"},"E48":{"desc":"L1P"},"E49":{"t":"GLF5"},"E4D":{"t":"C501"},"E4E":{"t":"BE9L"},"E4F":{"t":"R44"},"E52":{"t":"T206"},"E55":{"desc":"L1E"},"E57":{"desc":"H1T","t":"UH12"},"E58":{"desc":"L1P"},"E60":{"t":"BE20"},"E62":{"t":"GLF5"},"E64":{"t":"H500"},"E67":{"t":"C501"},"E6A":{"t":"B06"},"E6F":{"desc":"L1P"},"E70":{"desc":"L1P"},"E71":{"desc":"L1P"},"E72":{"t":"AT8T"},"E73":{"t":"C501"},"E76":{"t":"C560"},"E78":{"t":"C501"},"E79":{"t":"AT3T"},"E7B":{"t":"C501"},"E7C":{"desc":"L1P"},"E80":{"t":"B06"},"E81":{"t":"GLEX"},"E83":{"t":"GLF3"},"E8D":{"t":"C25A"},"E92":{"t":"C501"},"E96":{"t":"BE58"},"E97":{"desc":"A1T","t":"KODI"},"E98":{"t":"C525"},"E9A":{"t":"LJ45"},"E9C":{"t":"CL60"},"EA2":{"t":"S22T"},"EA3":{"t":"BALL"},"EA5":{"t":"GLID"},"EA7":{"desc":"L1P","t":"TB0"},"EAC":{"t":"C25B"},"EAD":{"desc":"L1P"},"EB2":{"t":"CRJ2"},"EBB":{"t":"P28A"},"EBC":{"t":"C501"},"EBD":{"t":"C501"},"EBE":{"desc":"H1T"},"EBF":{"desc":"A1P"},"EC0":{"t":"C501"},"EC1":{"t":"GLEX"},"EC4":{"t":"F900"},"EC5":{"t":"BE58"},"EC8":{"t":"C172"},"ECA":{"t":"C501"},"ECB":{"t":"BE9L"},"ECC":{"desc":"H1T"},"ECF":{"t":"AT5T"},"ED0":{"t":"C500"},"ED2":{"t":"C501"},"ED3":{"t":"F2TH"},"ED4":{"t":"SR22"},"EE6":{"desc":"H6E"},"EEA":{"t":"C501"},"EEB":{"t":"C501"},"EED":{"t":"C150"},"EEE":{"t":"T206"},"EEF":{"t":"CL60"},"EF0":{"desc":"L1P"},"EF2":{"desc":"L1P"},"EF3":{"t":"FA7X"},"EF5":{"t":"C501"},"EF7":{"desc":"L1P"},"EF8":{"t":"P180"},"EFA":{"desc":"L2J"},"EFE":{"t":"SR22"},"F00":{"t":"C501"},"F02":{"t":"SR22"},"F05":{"t":"C501"},"F16":{"t":"C68A"},"F1F":{"t":"BE33"},"F20":{"t":"GLF4"},"F21":{"t":"C501"},"F22":{"t":"R22"},"F23":{"t":"PA30"},"F24":{"t":"PA44"},"F25":{"t":"C501"},"F27":{"t":"C82R"},"F2A":{"t":"H500"},"F2C":{"t":"G150"},"F2E":{"t":"F2TH"},"F2F":{"t":"LJ31"},"F30":{"t":"C500"},"F32":{"desc":"L1P"},"F34":{"t":"C501"},"F39":{"t":"C310"},"F3A":{"t":"C172"},"F3B":{"t":"M5"},"F3C":{"desc":"L1E"},"F3D":{"t":"T210"},"F3E":{"t":"PA32"},"F3F":{"desc":"L1P"},"F40":{"t":"C501"},"F42":{"t":"H500"},"F45":{"t":"C501"},"F48":{"t":"C500"},"F49":{"t":"C501"},"F4B":{"t":"C501"},"F4C":{"t":"C501"},"F4E":{"desc":"L2J"},"F50":{"t":"T206"},"F51":{"t":"B06"},"F52":{"t":"C501"},"F53":{"desc":"L2P"},"F54":{"desc":"L1P","t":"ULAC"},"F5E":{"t":"C501"},"F62":{"t":"ST75"},"F65":{"t":"B06"},"F66":{"t":"SR20"},"F69":{"t":"TWEN"},"F77":{"t":"C56X"},"F7E":{"t":"B733"},"F82":{"desc":"L1P"},"F8B":{"t":"GL5T"},"F8C":{"desc":"L1T"},"F8D":{"t":"A319"},"F93":{"t":"H500"},"F9C":{"t":"C150"},"FA2":{"t":"GLID"},"FA3":{"desc":"H1P"},"FA4":{"t":"C501"},"FA6":{"t":"C501"},"FA7":{"desc":"L1P"},"FA9":{"t":"P32R"},"FAD":{"t":"BE55"},"FB1":{"t":"C501"},"FB4":{"t":"C501"},"FCA":{"desc":"L1P","t":"ULAC"},"FE6":{"t":"PA18"},"FEA":{"t":"C500"},"FF0":{"t":"GLF5"},"FFF":{"t":"C172"}}