{"002":{"t":"BE35"},"005":{"t":"BALL"},"006":{"desc":"L1P"},"007":{"t":"PA11"},"008":{"t":"AT5T"},"009":{"t":"B06"},"00A":{"t":"BALL"},"00D":{"t":"B06"},"00F":{"t":"BALL"},"010":{"t":"P28R"},"011":{"t":"P28R"},"013":{"t":"ST75"},"014":{"t":"P28A"},"017":{"t":"PA22"},"018":{"t":"C150"},"019":{"t":"T206"},"01E":{"t":"C150"},"01F":{"t":"TAYD"},"020":{"t":"C150"},"022":{"desc":"L1P"},"023":{"t":"C172"},"025":{"t":"BE35"},"02E":{"t":"TAYB"},"030":{"t":"PA24"},"031":{"t":"C310"},"035":{"t":"C172"},"038":{"t":"C185"},"03B":{"t":"C150"},"03E":{"t":"TAYD"},"03F":{"t":"BALL"},"040":{"t":"C150"},"043":{"t":"C150"},"046":{"t":"PA44"},"047":{"t":"BE35"},"048":{"t":"AT5T"},"04B":{"t":"B06"},"051":{"t":"BE19"},"052":{"desc":"L1P"},"055":{"t":"C82R"},"058":{"t":"BALL"},"05A":{"t":"P28A"},"05F":{"t":"TAYD"},"062":{"t":"BALL"},"063":{"t":"BALL"},"067":{"t":"TAYD"},"068":{"t":"WACO"},"069":{"t":"C172"},"06A":{"t":"BE35"},"06C":{"t":"BALL"},"06F":{"t":"B06"},"071":{"t":"BALL"},"073":{"t":"BALL"},"075":{"t":"BALL"},"077":{"t":"C340"},"078":{"t":"C172"},"079":{"t":"P28R"},"07A":{"t":"P28R"},"07E":{"desc":"L1T","t":"SS2P"},"082":{"t":"C150"},"083":{"t":"C150"},"084":{"t":"C150"},"086":{"desc":"L1P"},"089":{"t":"C150"},"08B":{"desc":"L1P"},"08C":{"t":"GLID"},"08D":{"t":"BE35"},"08F":{"t":"C182"},"093":{"t":"PA11"},"099":{"t":"PA24"},"09B":{"t":"C185"},"09C":{"t":"PA32"},"09D":{"t":"PA32"},"0A1":{"desc":"L1T","t":"SS2P"},"0A3":{"t":"PA22"},"0A4":{"t":"C150"},"0A5":{"t":"B06"},"0A6":{"t":"ST75"},"0A7":{"desc":"L1P","t":"ULAC"},"0AA":{"t":"C150"},"0AD":{"t":"ST75"},"0B0":{"t":"BALL"},"0B1":{"t":"BE35"},"0B6":{"t":"C82S"},"0B8":{"t":"AT6T"},"0B9":{"t":"T28"},"0BA":{"desc":"L1P"},"0BB":{"desc":"L1P"},"0C0":{"desc":"L1P"},"0C2":{"t":"H269"},"0C3":{"t":"P28A"},"0C6":{"t":"PA22"},"0C7":{"t":"C150"},"0C8":{"t":"C150"},"0C9":{"t":"ULAC"},"0CC":{"t":"C150"},"0CD":{"t":"C150"},"0D2":{"t":"C172"},"0D4":{"desc":"L1P"},"0D5":{"t":"C182"},"0DB":{"t":"BALL"},"0DE":{"t":"BALL"},"0E0":{"desc":"L1P"},"0E2":{"desc":"L1P"},"0E7":{"desc":"L1T","t":"SS2P"},"0EB":{"t":"BALL"},"0EC":{"t":"ST75"},"0F0":{"desc":"L1P"},"0F1":{"t":"ST75"},"0F3":{"t":"P32R"},"0F5":{"t":"C172"},"0F6":{"t":"BE35"},"0F7":{"t":"BE35"},"0FB":{"t":"B06"},"0FF":{"t":"M20P"},"101":{"desc":"L4P"},"102":{"t":"PA24"},"104":{"t":"C172"},"105":{"t":"AT3P"},"106":{"desc":"H1P"},"107":{"t":"C206"},"10D":{"t":"C150"},"10E":{"t":"C150"},"112":{"t":"FA62"},"113":{"t":"WACF"},"114":{"t":"C150"},"115":{"t":"B06"},"118":{"t":"C172"},"11A":{"t":"BE35"},"120":{"t":"AT5T"},"123":{"t":"TAYB"},"125":{"t":"PA24"},"127":{"desc":"L1P"},"12A":{"t":"R22"},"12B":{"desc":"G1P"},"12E":{"t":"PA27"},"12F":{"t":"PA22"},"130":{"t":"C150"},"131":{"t":"C150"},"134":{"t":"C150"},"138":{"t":"C150"},"13B":{"t":"AT5T"},"13C":{"t":"BE35"},"13D":{"t":"BALL"},"13E":{"t":"C182"},"13F":{"t":"C180"},"140":{"t":"P51"},"143":{"t":"C310"},"146":{"t":"TAYB"},"14E":{"t":"BALL"},"14F":{"t":"P28A"},"152":{"t":"PA22"},"154":{"t":"P51"},"156":{"t":"C172"},"157":{"t":"C150"},"15D":{"t":"T6"},"15E":{"desc":"L2P"},"160":{"t":"LJ60"},"161":{"desc":"L1P"},"162":{"t":"AT5T"},"163":{"t":"CRJ7"},"164":{"t":"P28A"},"165":{"t":"AT5T"},"168":{"desc":"H1T"},"16A":{"t":"AT5T"},"16C":{"t":"BE20"},"16E":{"t":"AT5T"},"170":{"t":"C421"},"178":{"t":"AT5T"},"179":{"t":"AT5T"},"17A":{"t":"C56X"},"17B":{"desc":"L1P"},"17E":{"t":"F2TH"},"180":{"t":"B738"},"181":{"desc":"A1P"},"183":{"t":"AT5T"},"187":{"t":"C441"},"188":{"desc":"L1P"},"189":{"t":"AT5T"},"18C":{"t":"BE36"},"18F":{"t":"SR22"},"190":{"t":"S108"},"191":{"t":"BE40"},"193":{"t":"C501"},"194":{"t":"SR22"},"198":{"t":"H500"},"19C":{"t":"AT5T"},"19E":{"t":"AT5T"},"1A1":{"t":"C337"},"1A2":{"t":"DV20"},"1A5":{"desc":"L1P"},"1AA":{"t":"B722"},"1AB":{"t":"AT5T"},"1AC":{"desc":"L1P"},"1AD":{"t":"BE18"},"1AE":{"t":"AT5T"},"1AF":{"t":"M7"},"1B0":{"t":"GLID"},"1B2":{"t":"BALL"},"1B4":{"t":"AT5T"},"1B6":{"t":"A359"},"1B9":{"t":"B06"},"1BA":{"t":"AT5T"},"1BB":{"t":"SR20"},"1BE":{"t":"PA30"},"1C3":{"t":"EA50"},"1C8":{"desc":"L1E"},"1C9":{"t":"C56X"},"1D2":{"t":"C172"},"1D4":{"t":"EA50"},"1D5":{"t":"PA46"},"1D6":{"desc":"L1P","t":"ULAC"},"1DB":{"desc":"L1P"},"1DC":{"t":"AT5T"},"1E1":{"t":"AT5T"},"1E6":{"t":"P28A"},"1E9":{"t":"ULAC"},"1EC":{"desc":"L2T"},"1F8":{"t":"AT5T"},"1FA":{"t":"BE20"},"1FD":{"desc":"L2J"},"1FE":{"t":"AT5T"},"1FF":{"desc":"L1P"},"200":{"t":"GLF4"},"205":{"t":"GA5C"},"209":{"desc":"L1J"},"20C":{"desc":"L1E"},"20E":{"t":"AT5T"},"20F":{"t":"H500"},"210":{"t":"AT5T"},"211":{"t":"AT5T"},"212":{"t":"CL60"},"217":{"desc":"L1T"},"21B":{"t":"H500"},"21C":{"t":"UH1"},"221":{"t":"B06"},"222":{"t":"AT5T"},"227":{"t":"AT5T"},"229":{"desc":"A1P"},"22A":{"t":"AT5T"},"22C":{"t":"AT5T"},"22F":{"t":"C414"},"230":{"t":"AT5T"},"231":{"t":"GLEX"},"232":{"desc":"L1P"},"234":{"t":"AT5T"},"236":{"t":"AT5T"},"238":{"t":"GLF4"},"23B":{"t":"AT5T"},"240":{"t":"GLF5"},"241":{"t":"AT5T"},"245":{"t":"AT5T"},"247":{"t":"AT5T"},"250":{"t":"AT5T"},"254":{"t":"C150"},"259":{"t":"DA62"},"25B":{"t":"AT5T"},"25C":{"t":"AT5T"},"269":{"desc":"H4E"},"26F":{"t":"AT5T"},"271":{"t":"P28A"},"275":{"t":"AT5T"},"279":{"t":"AT5T"},"27B":{"t":"AT5T"},"27D":{"t":"H500"},"281":{"t":"P28B"},"282":{"t":"AT5T"},"285":{"t":"AT5T"},"286":{"t":"BE35"},"28C":{"t":"AT5T"},"28E":{"t":"P28A"},"28F":{"t":"AT5T"},"293":{"t":"AT5T"},"294":{"t":"A319"},"298":{"desc":"A1P"},"29A":{"t":"AT5T"},"29D":{"desc":"L1P"},"2A3":{"t":"GLF4"},"2A4":{"t":"AT5T"},"2A5":{"t":"AT5T"},"2A6":{"t":"GLF4"},"2A7":{"desc":"L1P"},"2AA":{"t":"FA10"},"2B8":{"t":"ULAC"},"2BC":{"t":"AT5T"},"2CD":{"t":"C68A"},"2D6":{"t":"C404"},"2D7":{"t":"AT5T"},"2D8":{"t":"AT5T"},"2DA":{"t":"AT5T"},"2DD":{"desc":"H1T"},"2DE":{"desc":"L1P","t":"ULAC"},"2DF":{"t":"C150"},"2E3":{"t":"G280"},"2E5":{"t":"S22T"},"2E9":{"desc":"L1P"},"2EA":{"t":"C560"},"2ED":{"t":"H25B"},"2EF":{"t":"C421"},"2F2":{"t":"AT5T"},"2F5":{"t":"BE36"},"2F9":{"desc":"H1T"},"2FA":{"t":"AT5T"},"2FC":{"desc":"A1P"},"2FE":{"t":"SR22"},"302":{"t":"FA20"},"304":{"t":"GLF5"},"305":{"desc":"L2J"},"307":{"desc":"L1P"},"30A":{"t":"BE40"},"30E":{"t":"AT5T"},"30F":{"t":"UH1"},"310":{"t":"BE33"},"313":{"t":"C172"},"315":{"t":"AT5T"},"317":{"t":"AT5T"},"319":{"desc":"H1P"},"31B":{"t":"C82T"},"31C":{"t":"B06"},"31D":{"t":"E50P"},"320":{"t":"TWEN"},"321":{"t":"B752"},"32E":{"t":"C56X"},"339":{"desc":"L2T","t":"DC3"},"33A":{"desc":"L2T"},"33B":{"t":"AT5T"},"342":{"t":"GL5T"},"344":{"t":"A319"},"34A":{"t":"AT5T"},"34E":{"t":"AT5T"},"352":{"desc":"L1P"},"353":{"t":"C77R"},"354":{"t":"RV12"},"356":{"t":"AT5T"},"358":{"t":"AT5T"},"379":{"t":"AT5T"},"381":{"t":"AT5T"},"385":{"t":"AT5T"},"3B6":{"t":"WACO"},"3B7":{"t":"C82S"},"3BA":{"t":"C182"},"3BD":{"desc":"L1P"},"3BE":{"t":"C172"},"3C4":{"t":"PA24"},"3C5":{"t":"C310"},"3C6":{"t":"C172"},"3C7":{"t":"P28R"},"3C8":{"t":"P28R"},"3CB":{"t":"P28A"},"3CD":{"t":"P32R"},"3D0":{"t":"C150"},"3D1":{"t":"C150"},"3D3":{"t":"ULAC"},"3D4":{"t":"C150"},"3D6":{"desc":"L1P","t":"ULAC"},"3D7":{"t":"C172"},"3D8":{"t":"C150"},"3E1":{"t":"C172"},"3E2":{"t":"C310"},"3E4":{"t":"BALL"},"3E8":{"desc":"L1P","t":"ULAC"},"3E9":{"t":"C172"},"3EC":{"t":"AT6T"},"3EE":{"desc":"L1P"},"3EF":{"desc":"L1T","t":"SS2P"},"3F1":{"t":"PA22"},"3F3":{"t":"BALL"},"3F5":{"t":"C150"},"3FB":{"t":"C150"},"3FD":{"desc":"L1P"},"3FF":{"t":"AT5T"},"400":{"t":"C182"},"404":{"t":"PA11"},"406":{"desc":"L1P"},"407":{"desc":"L1P"},"40E":{"desc":"L1T"},"410":{"t":"ST75"},"411":{"t":"P28A"},"413":{"t":"PA27"},"416":{"t":"C150"},"417":{"t":"C150"},"419":{"t":"C150"},"41A":{"t":"BE18"},"41C":{"desc":"L1P"},"423":{"t":"BALL"},"424":{"t":"C180"},"425":{"t":"SR22"},"428":{"t":"C172"},"42A":{"desc":"A1P"},"42B":{"t":"BALL"},"42C":{"desc":"L1P"},"42D":{"desc":"L1P","t":"ULAC"},"42F":{"t":"C172"},"430":{"t":"P28R"},"432":{"t":"BALL"},"435":{"desc":"L1T","t":"SS2P"},"436":{"t":"PA27"},"437":{"t":"PA22"},"439":{"t":"C150"},"43A":{"t":"C150"},"43B":{"t":"C206"},"43C":{"t":"C150"},"43F":{"t":"C150"},"441":{"desc":"L1P"},"443":{"t":"C172"},"444":{"t":"BE35"},"445":{"t":"GLID"},"446":{"t":"C182"},"447":{"t":"SR20"},"44B":{"desc":"L1P","t":"ULAC"},"450":{"t":"PA24"},"452":{"t":"BL8"},"453":{"t":"P28R"},"454":{"t":"P28A"},"455":{"t":"BALL"},"456":{"t":"ST75"},"458":{"desc":"L1T","t":"SS2P"},"45B":{"t":"BL8"},"45C":{"t":"ULAC"},"45F":{"desc":"L1P"},"460":{"t":"C150"},"461":{"t":"CH7B"},"462":{"t":"BL8"},"465":{"desc":"L2T"},"468":{"t":"CH7B"},"469":{"t":"CH7B"},"46A":{"t":"BL8"},"46B":{"t":"CH7B"},"46D":{"t":"PA11"},"46E":{"t":"UH12"},"46F":{"t":"BALL"},"470":{"t":"BALL"},"471":{"t":"CH7A"},"472":{"t":"BL8"},"473":{"t":"BL8"},"476":{"t":"P28R"},"477":{"t":"P28A"},"478":{"t":"CH7A"},"479":{"desc":"L1P"},"47A":{"t":"BE36"},"47B":{"t":"BALL"},"47C":{"desc":"L1P"},"47D":{"t":"PA22"},"47F":{"t":"C150"},"480":{"t":"C150"},"483":{"t":"C150"},"484":{"t":"AT3T"},"486":{"t":"C150"},"487":{"t":"BL8"},"489":{"desc":"L2P"},"48A":{"t":"BL8"},"48D":{"t":"CH7B"},"48E":{"t":"CH7A"},"48F":{"t":"CH7B"},"490":{"t":"BALL"},"491":{"desc":"L1P"},"492":{"t":"CH7A"},"493":{"t":"BALL"},"495":{"t":"BL8"},"498":{"t":"C172"},"499":{"t":"CH7A"},"49A":{"t":"CH7A"},"49B":{"t":"C206"},"49C":{"t":"T210"},"49D":{"t":"P28A"},"4A0":{"t":"PA22"},"4A1":{"t":"C150"},"4A2":{"t":"C150"},"4A3":{"t":"C150"},"4A4":{"t":"C150"},"4A5":{"t":"CH7A"},"4A7":{"t":"C150"},"4A8":{"t":"C150"},"4A9":{"t":"C150"},"4AA":{"t":"C150"},"4AD":{"t":"BE35"},"4AF":{"t":"C182"},"4B0":{"t":"C180"},"4B1":{"t":"BL8"},"4B3":{"desc":"L1P"},"4B5":{"t":"CH7B"},"4B8":{"t":"CH7B"},"4B9":{"t":"H500"},"4BD":{"t":"P28R"},"4C0":{"t":"P28A"},"4C4":{"t":"C150"},"4C5":{"t":"BL8"},"4C8":{"t":"C150"},"4CA":{"t":"C150"},"4CF":{"t":"C172"},"4D0":{"t":"BE35"},"4D2":{"t":"C182"},"4D4":{"t":"BL8"},"4D5":{"t":"BL8"},"4D7":{"t":"BALL"},"4D8":{"t":"CH7B"},"4D9":{"desc":"A1P"},"4DA":{"t":"TAYB"},"4DC":{"t":"PA24"},"4DD":{"t":"AT3P"},"4DE":{"t":"C185"},"4DF":{"t":"P28R"},"4E0":{"t":"P28R"},"4E2":{"t":"BL8"},"4E6":{"desc":"L1P"},"4E7":{"t":"GC1"},"4EB":{"t":"C150"},"4EC":{"desc":"L1P"},"4ED":{"t":"C150"},"4EF":{"t":"BALL"},"4F1":{"t":"GLID"},"4F3":{"t":"BE35"},"4F5":{"t":"C182"},"4F6":{"t":"CH7B"},"4F8":{"t":"BL8"},"4F9":{"t":"BALL"},"4FB":{"t":"BL8"},"4FD":{"t":"TAYB"},"4FF":{"t":"PA24"},"500":{"t":"C310"},"502":{"t":"P28R"},"506":{"t":"P28A"},"507":{"t":"PA11"},"509":{"t":"PA22"},"50A":{"t":"TAYD"},"50B":{"t":"C172"},"50C":{"t":"C150"},"511":{"t":"C150"},"513":{"t":"C150"},"515":{"t":"B14A"},"517":{"t":"LJ60"},"51A":{"t":"CRJ7"},"51B":{"t":"P28A"},"51C":{"desc":"G1P"},"51F":{"t":"ULAC"},"520":{"desc":"L1T"},"521":{"t":"C172"},"527":{"t":"T210"},"52D":{"t":"B763"},"52E":{"t":"AC90"},"52F":{"t":"BE58"},"531":{"t":"LJ60"},"536":{"desc":"L1P","t":"ULAC"},"537":{"desc":"L1P"},"538":{"t":"ULAC"},"53B":{"t":"SR22"},"53C":{"desc":"L1P","t":"ULAC"},"548":{"t":"C172"},"549":{"t":"BE9L"},"54B":{"t":"SR22"},"555":{"t":"C182"},"557":{"desc":"L1P","t":"ULAC"},"55C":{"t":"GLID"},"562":{"desc":"A1P","t":"ULAC"},"563":{"desc":"L1P"},"565":{"t":"B350"},"567":{"t":"GLID"},"569":{"t":"F2TH"},"56B":{"t":"SF50"},"56C":{"t":"BL8"},"56D":{"t":"A359"},"570":{"desc":"H1T"},"571":{"desc":"H1P"},"574":{"desc":"L1P"},"575":{"desc":"L1P"},"579":{"t":"C172"},"57E":{"desc":"L1P"},"57F":{"desc":"L1P"},"585":{"desc":"L1P"},"58B":{"t":"P28B"},"593":{"t":"AT8T"},"595":{"desc":"G1P","t":"GYRO"},"59B":{"t":"GLID"},"5AB":{"t":"GA5C"},"5AD":{"desc":"L2P"},"5AE":{"desc":"L1P","t":"ULAC"},"5B1":{"t":"BE20"},"5B4":{"desc":"L2J"},"5B5":{"t":"AT5T"},"5B6":{"desc":"L1P"},"5BC":{"t":"GLF5"},"5C3":{"desc":"L1E"},"5C8":{"t":"WACF"},"5CE":{"desc":"L1T"},"5D9":{"desc":"L1P","t":"ULAC"},"5DE":{"t":"PA24"},"5DF":{"t":"A320"},"5E0":{"desc":"G1P"},"5E1":{"t":"RV12"},"5E3":{"t":"ULAC"},"5E5":{"desc":"L1P"},"5E9":{"t":"BE20"},"5EA":{"t":"H269"},"5EB":{"desc":"L1P"},"5EE":{"t":"C182"},"5EF":{"t":"E135"},"5F2":{"desc":"H2T"},"5F6":{"desc":"L1P"},"5F7":{"t":"AT5T"},"5F8":{"desc":"L1P"},"5FC":{"desc":"L1P"},"5FE":{"t":"C56X"},"5FF":{"t":"CL30"},"600":{"t":"C25B"},"602":{"desc":"L1P"},"60B":{"t":"B763"},"611":{"t":"LJ35"},"612":{"t":"C68A"},"614":{"desc":"L1P","t":"ULAC"},"61B":{"t":"B350"},"624":{"desc":"L1P"},"629":{"t":"C172"},"62C":{"t":"C206"},"632":{"t":"C208"},"633":{"t":"BALL"},"634":{"desc":"L1P"},"639":{"desc":"L1P","t":"ULAC"},"63E":{"desc":"L1P"},"640":{"t":"HUSK"},"642":{"t":"C402"},"64B":{"t":"A319"},"64D":{"t":"FDCT"},"652":{"desc":"H1P"},"65A":{"t":"BE20"},"65B":{"desc":"H6E"},"65D":{"t":"CL60"},"65E":{"desc":"H1P"},"661":{"t":"ULAC"},"662":{"t":"AS50"},"669":{"t":"FA50"},"66A":{"desc":"L1P"},"66E":{"desc":"L1P"},"673":{"t":"F900"},"677":{"t":"H269"},"679":{"t":"C56X"},"684":{"t":"C68A"},"68D":{"desc":"L1P"},"68E":{"t":"CH7A"},"695":{"t":"ULAC"},"696":{"desc":"L1P","t":"ULAC"},"697":{"desc":"L1P","t":"ULAC"},"698":{"t":"BE20"},"69A":{"t":"G150"},"69E":{"desc":"L2P"},"6A0":{"t":"C525"},"6A5":{"t":"GLID"},"6A7":{"desc":"L1P"},"6A8":{"desc":"L1P"},"6A9":{"t":"C150"},"6AB":{"t":"GLID"},"6AD":{"t":"A139"},"6B3":{"t":"C172"},"6B7":{"t":"C180"},"6B9":{"t":"C680"},"6BC":{"desc":"L2J"},"6BF":{"t":"AT5T"},"6C1":{"t":"C150"},"6C4":{"t":"C25C"},"6C7":{"desc":"L1P"},"6CC":{"desc":"L1P"},"6CF":{"t":"DA42"},"6D0":{"desc":"L1P"},"6D3":{"t":"UH1"},"6D4":{"t":"E50P"},"6D5":{"desc":"L1P","t":"ULAC"},"6D7":{"t":"TWEN"},"6D8":{"t":"B752"},"6E5":{"t":"C56X"},"6F0":{"t":"GLID"},"6F1":{"desc":"L1P"},"6F5":{"desc":"L1P"},"6F6":{"t":"PA32"},"6F9":{"t":"GL5T"},"6FB":{"t":"A319"},"709":{"t":"B06"},"70A":{"t":"C172"},"710":{"desc":"L1P"},"712":{"t":"BE20"},"713":{"t":"SR22"},"717":{"t":"ULAC"},"71B":{"t":"ULAC"},"71E":{"t":"ULAC"},"722":{"desc":"L1P"},"72D":{"desc":"L1P"},"730":{"desc":"A1P"},"734":{"t":"ULAC"},"738":{"desc":"L1J"},"73B":{"t":"G164"},"76F":{"t":"C172"},"770":{"t":"BL8"},"771":{"desc":"L1P"},"773":{"t":"BALL"},"774":{"t":"BL8"},"775":{"t":"PA11"},"776":{"t":"BALL"},"777":{"t":"CH7B"},"779":{"t":"TAYB"},"77B":{"t":"BL8"},"77E":{"t":"SR22"},"77F":{"t":"CH7B"},"784":{"t":"BALL"},"785":{"t":"PA22"},"78A":{"t":"C150"},"78E":{"t":"C150"},"78F":{"desc":"L1P","t":"ULAC"},"791":{"t":"C172"},"792":{"t":"BE35"},"793":{"t":"BE35"},"794":{"t":"BALL"},"796":{"t":"CH7B"},"798":{"t":"PA11"},"79A":{"t":"CH7A"},"79C":{"t":"TAYB"},"79D":{"t":"BL8"},"7A0":{"t":"BALL"},"7A1":{"t":"P28R"},"7A2":{"t":"BE40"},"7A5":{"t":"P28A"},"7A7":{"t":"CH7B"},"7A9":{"t":"C150"},"7AA":{"t":"C150"},"7AC":{"t":"ULAC"},"7AF":{"t":"C150"},"7B0":{"t":"C172"},"7B1":{"t":"C150"},"7B4":{"t":"BL8"},"7B6":{"t":"BE35"},"7B7":{"t":"C182"},"7B9":{"t":"BL8"},"7BA":{"t":"CH7A"},"7BB":{"t":"ULAC"},"7BC":{"t":"CH7B"},"7BF":{"t":"BE19"},"7C5":{"t":"P28A"},"7C6":{"t":"BL8"},"7C7":{"t":"CH7B"},"7CF":{"t":"C150"},"7D1":{"t":"ST75"},"7D2":{"t":"C150"},"7D4":{"t":"C150"},"7D5":{"t":"ST75"},"7D7":{"t":"C172"},"7DA":{"t":"BL8"},"7DB":{"t":"CH7B"},"7DC":{"t":"CH7B"},"7DF":{"t":"C310"},"7E0":{"t":"CH7B"},"7E1":{"t":"BALL"},"7E2":{"t":"TAYB"},"7E4":{"t":"PA24"},"7E5":{"t":"C310"},"7E6":{"t":"C172"},"7E7":{"t":"P28R"},"7E8":{"t":"C82S"},"7EA":{"t":"CH7B"},"7EB":{"t":"CH7B"},"7F0":{"t":"C150"},"7F2":{"t":"AR11"},"7F3":{"t":"AR11"},"7F4":{"t":"C150"},"7F5":{"t":"TAYD"},"7F6":{"t":"C150"},"7F7":{"t":"CH7B"},"7FB":{"t":"BALL"},"7FC":{"t":"BE35"},"7FE":{"t":"C180"},"800":{"t":"CH7B"},"801":{"t":"C172"},"803":{"t":"CH7B"},"805":{"t":"P28A"},"806":{"t":"BL8"},"807":{"t":"PA24"},"809":{"t":"AT3T"},"80A":{"t":"P28R"},"80B":{"desc":"L1P","t":"ULAC"},"80D":{"t":"BL8"},"80E":{"t":"BL8"},"80F":{"desc":"L1P"},"810":{"desc":"L1P"},"813":{"t":"FA62"},"816":{"t":"ULAC"},"817":{"t":"C150"},"818":{"t":"C150"},"819":{"t":"C150"},"81E":{"t":"BE35"},"821":{"desc":"L2P"},"823":{"t":"CH7A"},"825":{"t":"CH7A"},"826":{"t":"AT8T"},"827":{"desc":"A1P"},"828":{"t":"C172"},"829":{"t":"BL8"},"82B":{"t":"BL8"},"82D":{"t":"P28R"},"82E":{"t":"C182"},"831":{"t":"P28A"},"834":{"t":"PA22"},"835":{"t":"BL8"},"839":{"t":"C150"},"83A":{"t":"C150"},"83B":{"t":"C150"},"83D":{"t":"CH7A"},"841":{"t":"BE35"},"842":{"t":"BE35"},"843":{"t":"C182"},"844":{"t":"BALL"},"845":{"t":"ULAC"},"846":{"t":"BL8"},"84A":{"t":"BL8"},"84B":{"t":"BE36"},"84C":{"t":"CH7A"},"84F":{"t":"C82T"},"850":{"t":"P28R"},"852":{"t":"BE58"},"854":{"t":"P28A"},"859":{"t":"BL8"},"85B":{"t":"J3"},"85C":{"t":"J3"},"85D":{"t":"J3"},"85F":{"t":"C150"},"861":{"t":"TAYD"},"864":{"t":"BE35"},"865":{"t":"CH7B"},"866":{"t":"C182"},"867":{"t":"C180"},"869":{"t":"BALL"},"86A":{"t":"PA11"},"86B":{"t":"C310"},"86C":{"t":"CH7B"},"86D":{"desc":"H1P"},"86F":{"t":"BL8"},"871":{"t":"C340"},"872":{"t":"C172"},"873":{"t":"P28R"},"874":{"t":"PA34"},"876":{"t":"C210"},"87A":{"t":"PA22"},"87B":{"t":"ULAC"},"87C":{"t":"BL8"},"87E":{"t":"TAYD"},"880":{"t":"C150"},"881":{"t":"BL8"},"884":{"t":"C150"},"886":{"t":"CH7B"},"887":{"t":"BE35"},"888":{"t":"CH7A"},"88A":{"t":"BL8"},"88C":{"t":"CH7B"},"88E":{"t":"C310"},"88F":{"t":"BL8"},"890":{"desc":"A1P"},"891":{"t":"CH7A"},"893":{"t":"PA24"},"895":{"t":"C185"},"896":{"t":"P28R"},"897":{"t":"P28A"},"898":{"t":"BL8"},"89A":{"t":"P28A"},"89B":{"desc":"H1P"},"89C":{"t":"PA27"},"89E":{"t":"CH7A"},"89F":{"t":"TAYD"},"8A0":{"t":"C150"},"8A1":{"t":"AT5T"},"8A6":{"t":"TAYD"},"8A7":{"t":"BL8"},"8A9":{"t":"C172"},"8AA":{"t":"BE35"},"8AB":{"t":"BE35"},"8AC":{"t":"C182"},"8AE":{"t":"AT3T"},"8AF":{"t":"BL8"},"8B0":{"t":"C172"},"8B1":{"t":"AT5T"},"8B3":{"t":"CH7B"},"8B5":{"t":"BL8"},"8B8":{"t":"C172"},"8B9":{"t":"ULAC"},"8BA":{"t":"P28A"},"8BD":{"t":"P28A"},"8BE":{"desc":"L1P"},"8C0":{"t":"PA22"},"8C1":{"t":"C150"},"8C3":{"t":"TAYD"},"8C6":{"t":"BL8"},"8C8":{"t":"CH7B"},"8CA":{"t":"TAYD"},"8CB":{"desc":"H1P"},"8CC":{"t":"P28A"},"8CE":{"t":"LJ60"},"8CF":{"t":"GLF5"},"8D1":{"t":"CRJ7"},"8D2":{"t":"P28A"},"8D8":{"t":"HUSK"},"8E5":{"t":"BE35"},"8E6":{"desc":"A1P","t":"ULAC"},"8E7":{"t":"CH7B"},"8E8":{"desc":"G1P"},"8EC":{"desc":"L1P"},"8F3":{"t":"B407"},"8F9":{"t":"YK50"},"8FF":{"t":"GLID"},"900":{"t":"BE9L"},"901":{"t":"C560"},"905":{"desc":"H4E"},"909":{"desc":"L1P"},"90C":{"t":"FA50"},"90E":{"t":"C68A"},"90F":{"t":"SR22"},"910":{"t":"FDCT"},"917":{"t":"C500"},"91F":{"desc":"H1P"},"924":{"t":"A359"},"928":{"t":"DA40"},"929":{"t":"PA46"},"933":{"t":"BE10"},"934":{"t":"FA50"},"936":{"desc":"H1T"},"938":{"t":"B06"},"93C":{"desc":"L1P"},"93E":{"desc":"H4E"},"948":{"t":"PA46"},"94A":{"t":"C172"},"954":{"t":"P28A"},"955":{"t":"C25A"},"966":{"t":"GA5C"},"968":{"t":"BE20"},"96B":{"desc":"L2J"},"96C":{"t":"R66"},"96D":{"t":"BE58"},"973":{"t":"GA5C"},"97B":{"desc":"L1P"},"97C":{"t":"UH12"},"97E":{"t":"PC12"},"985":{"desc":"L1T"},"986":{"t":"T206"},"991":{"t":"S22T"},"994":{"t":"C150"},"996":{"t":"A320"},"997":{"t":"C185"},"999":{"t":"RV12"},"99A":{"desc":"L1P"},"99B":{"t":"BE20"},"99D":{"t":"C172"},"99F":{"desc":"L1P"},"9A0":{"t":"HUSK"},"9A1":{"t":"H269"},"9A5":{"t":"FA50"},"9A6":{"desc":"L1P"},"9A9":{"t":"T210"},"9B0":{"t":"R22"},"9BC":{"desc":"A1T","t":"KODI"},"9BE":{"t":"PA31"},"9C7":{"t":"H500"},"9C8":{"desc":"L1P"},"9C9":{"t":"PC12"},"9CA":{"desc":"L1P"},"9CE":{"t":"EC35"},"9D2":{"t":"SR22"},"9DA":{"t":"C56X"},"9DF":{"desc":"L1P","t":"ULAC"},"9E0":{"t":"C172"},"9E8":{"t":"CRJ7"},"9EB":{"desc":"L1P"},"9F0":{"t":"FA50"},"9F9":{"t":"C206"},"9FC":{"t":"P28A"},"A02":{"t":"A319"},"A12":{"t":"F900"},"A14":{"t":"TAMP"},"A18":{"t":"SR22"},"A21":{"desc":"L1P"},"A22":{"t":"C25B"},"A2A":{"t":"C206"},"A3B":{"t":"C68A"},"A44":{"t":"AS50"},"A47":{"desc":"G1P"},"A51":{"t":"G280"},"A55":{"t":"GLEX"},"A57":{"desc":"L1P"},"A58":{"t":"C560"},"A5C":{"desc":"L1P"},"A5F":{"desc":"L1P"},"A60":{"t":"C182"},"A62":{"t":"C501"},"A65":{"t":"BE36"},"A67":{"t":"H500"},"A68":{"desc":"L1T"},"A6A":{"t":"C525"},"A6E":{"t":"F900"},"A70":{"t":"B350"},"A73":{"desc":"L2J"},"A75":{"t":"C650"},"A78":{"t":"EA50"},"A81":{"desc":"L1P"},"A87":{"desc":"L1P","t":"ULAC"},"A8B":{"t":"E50P"},"A8E":{"t":"C560"},"A9C":{"t":"C56X"},"AB0":{"t":"GL5T"},"AB2":{"t":"A319"},"AC2":{"desc":"L1P"},"AC6":{"t":"BE58"},"AC9":{"desc":"L2T"},"ACC":{"t":"GLID"},"AD0":{"t":"YK50"},"AD2":{"t":"F2TH"},"AD4":{"t":"GA5C"},"AD9":{"desc":"H1T"},"AE7":{"desc":"L1P"},"AEF":{"desc":"L1J"},"AF4":{"desc":"L1P"},"B00":{"t":"FA50"},"B0B":{"desc":"L1P"},"B26":{"t":"BE35"},"B2A":{"desc":"H1P"},"B2B":{"desc":"L1P"},"B2E":{"t":"NAVI"},"B2F":{"desc":"L1P","t":"ULAC"},"B30":{"t":"BE19"},"B31":{"t":"BL8"},"B32":{"t":"P28A"},"B34":{"t":"C172"},"B36":{"t":"P28A"},"B37":{"t":"C206"},"B3A":{"desc":"L1T","t":"SS2P"},"B3D":{"t":"C150"},"B41":{"t":"C150"},"B42":{"t":"C150"},"B43":{"t":"C150"},"B48":{"t":"C172"},"B4A":{"t":"BE35"},"B4B":{"t":"C182"},"B4C":{"t":"C172"},"B4E":{"desc":"L1P","t":"ULAC"},"B4F":{"t":"C172"},"B50":{"t":"CH7B"},"B51":{"t":"NAVI"},"B53":{"t":"BL8"},"B56":{"t":"BL8"},"B57":{"t":"C82T"},"B58":{"t":"P28R"},"B59":{"t":"ULAC"},"B5A":{"t":"BL8"},"B5F":{"t":"PA18"},"B61":{"t":"BALL"},"B62":{"t":"BL8"},"B63":{"t":"C150"},"B64":{"t":"TAYD"},"B66":{"t":"BALL"},"B67":{"t":"TAYD"},"B68":{"t":"C150"},"B69":{"t":"C150"},"B6A":{"desc":"L1P"},"B6C":{"t":"BE35"},"B6D":{"t":"BE35"},"B6E":{"t":"CH7B"},"B6F":{"t":"CH7A"},"B71":{"t":"CH7B"},"B72":{"t":"PA11"},"B73":{"t":"BL8"},"B74":{"t":"NAVI"},"B75":{"t":"BL8"},"B77":{"t":"BL8"},"B79":{"t":"BL8"},"B7A":{"t":"C172"},"B7B":{"t":"P28R"},"B7C":{"t":"P28R"},"B7F":{"t":"P28A"},"B82":{"t":"PA22"},"B83":{"t":"FA62"},"B84":{"t":"C150"},"B88":{"t":"C150"},"B89":{"t":"FA62"},"B8B":{"t":"CH7A"},"B8C":{"t":"FA62"},"B8E":{"t":"C172"},"B8F":{"t":"BE35"},"B91":{"t":"AT6T"},"B93":{"t":"CH7A"},"B94":{"t":"BL8"},"B95":{"desc":"L1P"},"B96":{"t":"C172"},"B98":{"t":"BL8"},"B99":{"t":"TAYB"},"B9B":{"t":"PA24"},"B9C":{"desc":"L1P"},"B9D":{"t":"C172"},"B9E":{"t":"BL8"},"BA0":{"t":"BALL"},"BA2":{"t":"P28A"},"BA5":{"t":"BL8"},"BA7":{"t":"C150"},"BA8":{"t":"C150"},"BA9":{"t":"ULAC"},"BAA":{"t":"C150"},"BAC":{"t":"BL8"},"BAD":{"t":"CH7A"},"BAE":{"t":"C150"},"BAF":{"t":"C150"},"BB1":{"t":"C172"},"BB2":{"desc":"L1P"},"BB4":{"t":"C182"},"BB5":{"t":"C172"},"BB8":{"t":"C172"},"BBA":{"desc":"L1P"},"BBB":{"t":"BL8"},"BBC":{"t":"P28A"},"BBD":{"t":"AT5T"},"BBF":{"t":"C310"},"BC0":{"t":"C172"},"BC9":{"t":"BALL"},"BCA":{"desc":"A1P"},"BCC":{"t":"CH7B"},"BCE":{"t":"ULAC"},"BD0":{"t":"CH7B"},"BD2":{"t":"TAYD"},"BD4":{"t":"CH7A"},"BD5":{"t":"BE35"},"BD6":{"t":"CH7A"},"BD7":{"desc":"L1P"},"BD8":{"t":"BL8"},"BDA":{"t":"CH7B"},"BDB":{"t":"C172"},"BDD":{"desc":"L1P"},"BDE":{"desc":"L1P"},"BDF":{"t":"TAYB"},"BE1":{"t":"PA24"},"BE2":{"t":"C310"},"BE4":{"t":"AT6T"},"BE5":{"t":"P28A"},"BE7":{"t":"ST75"},"BE9":{"desc":"A1P"},"BEB":{"t":"PA22"},"BEC":{"t":"BL8"},"BED":{"t":"BL8"},"BEE":{"desc":"L1P","t":"ULAC"},"BF0":{"t":"TAYD"},"BF3":{"t":"C77R"},"BF6":{"desc":"L1P"},"BF7":{"t":"C172"},"BF8":{"t":"BL8"},"BF9":{"t":"BL8"},"BFA":{"t":"BL8"},"BFC":{"t":"AT5T"},"BFE":{"t":"PA11"},"C02":{"desc":"L1P"},"C04":{"t":"PA24"},"C06":{"t":"C185"},"C08":{"t":"P28A"},"C09":{"desc":"L1P"},"C0C":{"desc":"L1P"},"C10":{"t":"BALL"},"C11":{"t":"C172"},"C14":{"t":"C150"},"C15":{"t":"BALL"},"C16":{"t":"C150"},"C17":{"desc":"L1P","t":"ULAC"},"C18":{"desc":"L1P","t":"ULAC"},"C1A":{"t":"C172"},"C1B":{"t":"BE35"},"C1D":{"t":"C182"},"C1E":{"t":"CH7B"},"C20":{"t":"CH7A"},"C22":{"t":"C310"},"C23":{"t":"GLID"},"C24":{"t":"BL8"},"C25":{"t":"TAYB"},"C27":{"t":"PA24"},"C28":{"t":"C310"},"C2B":{"t":"CH7B"},"C2C":{"t":"CH7A"},"C2E":{"t":"P28A"},"C2F":{"desc":"L1P"},"C33":{"t":"C150"},"C35":{"t":"C150"},"C36":{"t":"C150"},"C37":{"t":"C150"},"C38":{"t":"CH7B"},"C3B":{"t":"C172"},"C3D":{"t":"BL8"},"C3F":{"t":"BE35"},"C40":{"t":"AT6T"},"C42":{"t":"G164"},"C43":{"t":"BL8"},"C45":{"t":"BL8"},"C47":{"t":"BL8"},"C48":{"t":"TAYB"},"C49":{"t":"CH7B"},"C4A":{"t":"PA24"},"C4C":{"t":"C172"},"C4D":{"t":"AT5T"},"C4E":{"t":"BL8"},"C50":{"t":"C172"},"C55":{"desc":"L1P"},"C56":{"t":"FA62"},"C57":{"desc":"L1P"},"C59":{"t":"C172"},"C5A":{"t":"C172"},"C5C":{"t":"CH7A"},"C5D":{"t":"C150"},"C5E":{"t":"ULAC"},"C5F":{"desc":"L1P"},"C61":{"t":"BE35"},"C62":{"t":"BL8"},"C6C":{"t":"BL8"},"C6D":{"t":"PA24"},"C6F":{"t":"C172"},"C70":{"t":"CH7A"},"C71":{"t":"PA34"},"C73":{"t":"ST75"},"C75":{"desc":"L1P"},"C77":{"t":"PA22"},"C78":{"t":"PA18"},"C7F":{"t":"C150"},"C81":{"desc":"L1P"},"C82":{"t":"AA5"},"C83":{"t":"B14A"},"C85":{"t":"C182"},"C88":{"t":"CRJ7"},"C89":{"t":"P28A"},"C8B":{"t":"C501"},"C8C":{"desc":"H1T","t":"B505"},"C8F":{"t":"BE20"},"C90":{"t":"GLID"},"C93":{"t":"SR22"},"C95":{"desc":"L1P"},"C98":{"t":"BE20"},"C9C":{"t":"BE35"},"C9D":{"desc":"A1P","t":"ULAC"},"C9E":{"t":"C501"},"C9F":{"t":"LJ45"},"CA0":{"t":"E55P"},"CA3":{"t":"C25A"},"CA4":{"desc":"L1P"},"CA5":{"t":"PA24"},"CAC":{"t":"PA18"},"CB5":{"desc":"L1P"},"CB6":{"t":"C150"},"CB7":{"desc":"H1T","t":"B505"},"CB8":{"t":"GLID"},"CB9":{"t":"SR22"},"CBA":{"t":"M20P"},"CBB":{"t":"C501"},"CBC":{"desc":"H4E"},"CBF":{"t":"R22"},"CC1":{"t":"C310"},"CC3":{"t":"C182"},"CC6":{"desc":"H1T","t":"B505"},"CCA":{"desc":"H1T","t":"B505"},"CCC":{"desc":"H1T","t":"B505"},"CCD":{"t":"BALL"},"CCE":{"t":"GLF5"},"CCF":{"t":"DA62"},"CD0":{"t":"ULAC"},"CD2":{"t":"BALL"},"CD3":{"t":"FA50"},"CD5":{"t":"GLID"},"CD7":{"t":"ULAC"},"CD8":{"t":"BE9L"},"CDA":{"desc":"L2J"},"CDB":{"t":"A359"},"CDC":{"desc":"A1P"},"CDF":{"t":"GLID"},"CE8":{"t":"EA50"},"CEB":{"desc":"L1P"},"CEE":{"desc":"L1P"},"CEF":{"t":"LJ55"},"CF0":{"desc":"L1P","t":"ULAC"},"CF5":{"desc":"L1P"},"CF9":{"desc":"H1T"},"CFD":{"desc":"H1T","t":"B505"},"D00":{"t":"C172"},"D01":{"t":"AT8T"},"D03":{"t":"C25B"},"D06":{"t":"E55P"},"D0A":{"t":"BE20"},"D0B":{"t":"P28A"},"D0C":{"t":"DA42"},"D13":{"desc":"H1T","t":"B505"},"D15":{"desc":"H1T"},"D19":{"t":"PA30"},"D1A":{"t":"GALX"},"D1B":{"t":"C335"},"D1C":{"t":"C208"},"D1D":{"t":"GA5C"},"D1E":{"t":"BE60"},"D1F":{"t":"GLF5"},"D20":{"t":"GLID"},"D21":{"desc":"H1T","t":"B505"},"D22":{"t":"LJ35"},"D24":{"desc":"H1P"},"D25":{"desc":"L2T"},"D27":{"t":"E55P"},"D29":{"desc":"H1T","t":"B505"},"D2A":{"t":"P28A"},"D2B":{"desc":"H1T","t":"B505"},"D32":{"desc":"H1T","t":"B505"},"D33":{"desc":"H1T"},"D34":{"desc":"H1T","t":"B505"},"D35":{"t":"C441"},"D3E":{"desc":"H1T"},"D40":{"desc":"H1T"},"D42":{"desc":"H1T"},"D43":{"t":"R44"},"D46":{"t":"T206"},"D49":{"t":"BALL"},"D4D":{"t":"A320"},"D4F":{"desc":"H1P"},"D51":{"t":"DA40"},"D53":{"t":"C501"},"D54":{"t":"C172"},"D55":{"t":"C336"},"D56":{"t":"GLID"},"D57":{"t":"BE60"},"D59":{"t":"DA40"},"D5B":{"t":"C182"},"D5D":{"desc":"L1P"},"D60":{"t":"BL17"},"D64":{"desc":"L1P"},"D65":{"t":"GLID"},"D66":{"t":"BE55"},"D67":{"desc":"L1P"},"D6C":{"desc":"H1T"},"D6E":{"t":"GLID"},"D70":{"t":"GLID"},"D71":{"desc":"G1P"},"D75":{"desc":"L1P"},"D7D":{"t":"M20P"},"D82":{"t":"B407"},"D83":{"t":"E55P"},"D89":{"t":"C180"},"D8B":{"t":"C172"},"D8F":{"t":"C421"},"D92":{"desc":"H4E"},"D96":{"desc":"L1P"},"D9D":{"desc":"L1J"},"D9E":{"desc":"L2P"},"DA0":{"desc":"H1T"},"DA3":{"desc":"H1T","t":"B505"},"DA4":{"t":"H500"},"DA6":{"desc":"L1P"},"DA7":{"t":"C550"},"DA8":{"t":"B407"},"DAB":{"t":"BE9L"},"DB5":{"t":"BALL"},"DB9":{"t":"A319"},"DBB":{"desc":"H1T"},"DC2":{"desc":"L1P"},"DC5":{"desc":"H1T"},"DC8":{"t":"PC12"},"DC9":{"desc":"H6E"},"DCA":{"t":"GLID"},"DCC":{"t":"C182"},"DCE":{"desc":"H1T","t":"B505"},"DCF":{"t":"SR22"},"DD1":{"t":"E55P"},"DD3":{"desc":"L2J"},"DD9":{"t":"ULAC"},"DDA":{"t":"SR22"},"DDD":{"desc":"L1P"},"DF2":{"t":"C68A"},"DFB":{"t":"T206"},"DFC":{"desc":"L1P"},"E00":{"desc":"L1T"},"E02":{"t":"C560"},"E03":{"t":"C501"},"E05":{"t":"B06"},"E06":{"t":"C25A"},"E08":{"t":"HDJT"},"E0A":{"t":"F900"},"E0B":{"desc":"H1T","t":"B505"},"E0C":{"t":"CL60"},"E0E":{"desc":"L1P"},"E13":{"desc":"H1T","t":"B505"},"E14":{"desc":"L1P"},"E15":{"desc":"L1P"},"E16":{"t":"P28A"},"E19":{"t":"C340"},"E1A":{"t":"B350"},"E1B":{"t":"CH7A"},"E1C":{"t":"C525"},"E1D":{"desc":"H1T"},"E1E":{"desc":"L1E"},"E1F":{"desc":"L1P","t":"ULAC"},"E21":{"t":"BE20"},"E23":{"t":"GLID"},"E24":{"t":"GLF5"},"E26":{"desc":"H1T"},"E2A":{"desc":"L2J"},"E2C":{"t":"M10"},"E2D":{"desc":"H1P"},"E2F":{"t":"FA50"},"E32":{"desc":"L1P"},"E35":{"t":"B429"},"E37":{"desc":"H1T","t":"B505"},"E38":{"t":"TBM7"},"E3C":{"desc":"L1P"},"E3D":{"t":"S22T"},"E3E":{"t":"BE36"},"E40":{"t":"B06"},"E44":{"desc":"H1T","t":"B505"},"E45":{"t":"TWEN"},"E46":{"t":"B752"},"E48":{"desc":"A1P"},"E5E":{"t":"ST75"},"E5F":{"desc":"H4E"},"E61":{"t":"AEST"},"E67":{"t":"GL5T"},"E69":{"t":"A320"},"E6E":{"t":"RV12"},"E70":{"t":"P208"},"E76":{"t":"BALL"},"E77":{"desc":"L1P"},"E78":{"t":"C150"},"E7A":{"t":"P32R"},"E80":{"t":"BALL"},"E83":{"t":"M20P"},"E85":{"desc":"L1P"},"E89":{"t":"DA40"},"E8E":{"desc":"H1T","t":"B505"},"E93":{"desc":"L1P"},"E9E":{"t":"BE40"},"EA1":{"t":"BALL"},"EA6":{"desc":"H1T","t":"B505"},"EB0":{"desc":"H1T","t":"B505"},"EB9":{"desc":"L1P"},"EC2":{"t":"M20P"},"ECA":{"t":"B412"},"ECC":{"t":"BALL"},"ED7":{"desc":"L1P","t":"ULAC"},"EDB":{"t":"R44"},"EDC":{"t":"C172"},"EDE":{"desc":"L1P"},"EE2":{"t":"SR22"},"EE3":{"t":"PA11"},"EE4":{"desc":"L1P"},"EE5":{"t":"GLID"},"EE6":{"t":"BE36"},"EE7":{"t":"SR22"},"EE8":{"t":"CH7B"},"EEB":{"t":"J3"},"EEC":{"t":"AT3P"},"EEE":{"desc":"L1P","t":"ULAC"},"EEF":{"t":"ST75"},"EF0":{"t":"P28A"},"EF1":{"t":"BE35"},"EF3":{"t":"PA22"},"EF6":{"t":"C150"},"EF7":{"t":"C150"},"EF8":{"t":"C182"},"EF9":{"t":"CH7B"},"EFC":{"t":"BL8"},"EFE":{"desc":"L1P"},"EFF":{"t":"SR20"},"F00":{"t":"BE35"},"F02":{"t":"C182"},"F03":{"t":"CH7B"},"F05":{"t":"CH7A"},"F06":{"t":"CH7A"},"F09":{"t":"BL8"},"F0C":{"t":"PA24"},"F0D":{"t":"BL8"},"F0E":{"t":"C172"},"F0F":{"t":"P28R"},"F10":{"t":"PA34"},"F11":{"t":"BALL"},"F13":{"t":"BL8"},"F15":{"desc":"L1P"},"F17":{"t":"C150"},"F18":{"desc":"L1P"},"F1A":{"t":"UH1"},"F1C":{"desc":"L2T"},"F21":{"t":"C310"},"F24":{"t":"ULAC"},"F25":{"t":"C182"},"F27":{"t":"FH11"},"F28":{"t":"CH7A"},"F29":{"t":"B06"},"F2A":{"t":"ULAC"},"F2E":{"t":"BL8"},"F30":{"t":"C310"},"F31":{"t":"BL8"},"F32":{"t":"P28R"},"F33":{"t":"P28A"},"F34":{"t":"ULAC"},"F36":{"t":"BL8"},"F37":{"desc":"L1P"},"F38":{"t":"CH7B"},"F3A":{"t":"ULAC"},"F3D":{"t":"C172"},"F3E":{"t":"BALL"},"F3F":{"t":"U21"},"F44":{"desc":"L1P"},"F45":{"t":"C172"},"F48":{"t":"C182"},"F49":{"t":"BL8"},"F4A":{"desc":"L1P","t":"ULAC"},"F4B":{"t":"CH7A"},"F4D":{"t":"C310"},"F4F":{"t":"CH7B"},"F51":{"t":"BL8"},"F52":{"t":"PA24"},"F53":{"t":"C310"},"F55":{"t":"P28R"},"F56":{"t":"P28A"},"F59":{"t":"P28A"},"F5B":{"t":"P32R"},"F5D":{"t":"C150"},"F5E":{"t":"C150"},"F5F":{"t":"C150"},"F62":{"t":"C150"},"F63":{"t":"ST75"},"F66":{"t":"ST75"},"F67":{"t":"GLID"},"F68":{"t":"C172"},"F69":{"t":"CH7A"},"F6A":{"t":"CH7B"},"F6B":{"t":"C182"},"F6D":{"desc":"L1P"},"F6E":{"t":"BL8"},"F6F":{"t":"C172"},"F71":{"t":"BL8"},"F72":{"t":"BL8"},"F74":{"t":"CH7A"},"F75":{"t":"CH7B"},"F78":{"t":"P28R"},"F79":{"t":"T206"},"F7A":{"t":"BL8"},"F7C":{"t":"P28A"},"F7D":{"t":"C170"},"F81":{"t":"C150"},"F82":{"t":"CH7A"},"F84":{"t":"C150"},"F85":{"t":"C172"},"F88":{"t":"ULAC"},"F8B":{"t":"C172"},"F8C":{"t":"BE35"},"F8D":{"t":"BE35"},"F8E":{"t":"C182"},"F90":{"t":"BALL"},"F91":{"t":"CH7B"},"F92":{"t":"C172"},"F93":{"t":"B350"},"F95":{"t":"ULAC"},"F97":{"t":"BL8"},"F98":{"t":"BL8"},"F9A":{"t":"C172"},"F9B":{"t":"P28R"},"F9C":{"t":"P28R"},"F9F":{"t":"P28A"},"FA2":{"t":"PA22"},"FA3":{"t":"C150"},"FA4":{"t":"C150"},"FA5":{"desc":"L1P"},"FA6":{"t":"J3"},"FA7":{"t":"J3"},"FA8":{"t":"C150"},"FAF":{"t":"BE35"},"FB0":{"t":"BL8"},"FB2":{"t":"C180"},"FB5":{"t":"PA17"},"FB6":{"desc":"L1P"},"FB7":{"t":"BL8"},"FB8":{"desc":"A1P"},"FBA":{"t":"CH7B"},"FBB":{"t":"PA24"},"FBD":{"desc":"L1P"},"FBF":{"t":"CH7A"},"FC0":{"desc":"L1P"},"FC1":{"t":"CH7B"},"FC2":{"desc":"L1P"},"FC3":{"t":"BE36"},"FC4":{"t":"ULAC"},"FC5":{"t":"PA22"},"FC9":{"t":"AR11"},"FCA":{"t":"CH7B"},"FCE":{"t":"CH7B"},"FCF":{"t":"TAYD"},"FD1":{"t":"C172"},"FD3":{"t":"BL8"},"FD4":{"t":"C182"},"FD8":{"t":"C172"},"FD9":{"t":"C310"},"FDA":{"t":"BL8"},"FDC":{"t":"TAYB"},"FDD":{"t":"ST75"},"FDE":{"t":"CH7B"},"FDF":{"t":"C310"},"FE0":{"t":"C172"},"FE1":{"t":"P28R"},"FE2":{"t":"P28A"},"FE4":{"t":"ST75"},"FE5":{"t":"P28A"},"FE7":{"t":"PA18"},"FEA":{"t":"BL8"},"FEB":{"t":"BL8"},"FEC":{"t":"TAYD"},"FED":{"t":"C150"},"FF0":{"t":"C150"},"FF1":{"t":"C150"},"FF3":{"desc":"L1P","t":"ULAC"},"FF4":{"t":"C172"},"FF5":{"t":"CH7B"},"FF6":{"t":"CH7B"},"FFA":{"t":"BL8"},"FFD":{"t":"CH7A"},"FFE":{"t":"BL8"}}