{"000":{"t":"COL4"},"002":{"desc":"L1P"},"003":{"t":"PA31"},"005":{"t":"BE60"},"008":{"desc":"L1P"},"009":{"t":"T6"},"00C":{"t":"P51"},"011":{"t":"SR22"},"013":{"t":"LJ35"},"016":{"desc":"L1P"},"017":{"desc":"L2T"},"018":{"t":"BL17"},"019":{"desc":"L1P"},"01B":{"t":"AA5"},"022":{"desc":"L1P"},"024":{"desc":"L1P"},"025":{"t":"P51"},"029":{"desc":"L1P"},"02A":{"t":"BE36"},"02D":{"desc":"L1P"},"02F":{"t":"GLF5"},"031":{"desc":"L1P"},"032":{"desc":"L1P"},"034":{"t":"BE36"},"035":{"t":"BE17"},"036":{"t":"F2TH"},"037":{"t":"GLID"},"039":{"t":"P51"},"03A":{"t":"C172"},"03B":{"t":"BE58"},"03D":{"t":"P51"},"03F":{"t":"P51"},"040":{"desc":"L1P"},"043":{"desc":"L1P"},"046":{"t":"C560"},"049":{"desc":"H1P"},"04D":{"desc":"H2T"},"04F":{"desc":"L1P","t":"ULAC"},"050":{"t":"HA4T"},"058":{"desc":"L1P"},"05C":{"desc":"L1P"},"05E":{"desc":"L1P"},"05F":{"desc":"H1P"},"060":{"t":"P51"},"061":{"desc":"L1P"},"062":{"t":"P32R"},"063":{"t":"C180"},"069":{"t":"S22T"},"06B":{"t":"GLF4"},"06C":{"t":"PTS2"},"06D":{"t":"P51"},"06E":{"desc":"L1P","t":"ULAC"},"06F":{"t":"BE33"},"070":{"desc":"L1P"},"073":{"desc":"L1T"},"074":{"t":"B222"},"086":{"t":"PA18"},"08C":{"t":"C421"},"08D":{"t":"C180"},"08E":{"t":"P28A"},"08F":{"desc":"L1P"},"090":{"t":"PA34"},"091":{"desc":"L1P","t":"ULAC"},"094":{"desc":"L1P"},"095":{"t":"P51"},"096":{"t":"BE35"},"098":{"desc":"L1P"},"09B":{"desc":"L2T"},"09E":{"t":"F86"},"09F":{"t":"P51"},"0A1":{"desc":"L1P"},"0A2":{"desc":"L1P"},"0A7":{"desc":"L1P"},"0A9":{"desc":"L2P"},"0AB":{"t":"GLEX"},"0AD":{"t":"PA18"},"0AF":{"desc":"L1P"},"0B1":{"desc":"L1P","t":"ULAC"},"0B2":{"desc":"L1P"},"0B3":{"t":"PC12"},"0B4":{"t":"C182"},"0B6":{"desc":"L1J"},"0B8":{"desc":"L1P"},"0BB":{"t":"P28B"},"0BC":{"desc":"L1P"},"0BE":{"t":"BE20"},"0BF":{"t":"P51"},"0C0":{"t":"NAVI"},"0C1":{"desc":"L1P","t":"TB0"},"0C2":{"t":"P51"},"0C4":{"t":"C680"},"0C5":{"t":"P51"},"0C7":{"t":"P51"},"0C9":{"t":"P51"},"0CA":{"desc":"L1P"},"0CB":{"desc":"L1P"},"0D1":{"desc":"L1P"},"0D2":{"desc":"L1P"},"0DC":{"t":"C172"},"0EB":{"desc":"H1P"},"0F2":{"desc":"L1P"},"0F6":{"t":"GLF5"},"0F7":{"t":"P51"},"0FB":{"t":"AA5"},"0FC":{"t":"P51"},"102":{"desc":"L1P"},"103":{"t":"C56X"},"105":{"desc":"L1P"},"10B":{"t":"BE33"},"10C":{"t":"P51"},"10D":{"desc":"L1P"},"10E":{"desc":"L1P"},"10F":{"t":"P28R"},"110":{"t":"AC90"},"111":{"desc":"L1P"},"114":{"desc":"L1P"},"115":{"desc":"L1P"},"116":{"t":"C337"},"118":{"t":"BE36"},"11A":{"t":"ST75"},"11C":{"t":"C172"},"121":{"desc":"L1P"},"124":{"desc":"L1P"},"12A":{"desc":"L1P"},"12C":{"t":"SR22"},"12F":{"desc":"L1P"},"131":{"desc":"L1P"},"134":{"desc":"L1P"},"139":{"desc":"L1P"},"13B":{"desc":"L1P"},"13C":{"desc":"L1P"},"140":{"t":"BE33"},"148":{"desc":"L1P"},"14D":{"t":"P51"},"14E":{"t":"C182"},"152":{"desc":"L1P","t":"ULAC"},"154":{"t":"P51"},"155":{"desc":"L1P"},"156":{"desc":"L1P"},"159":{"desc":"A2P"},"161":{"t":"P51"},"16A":{"desc":"L1P"},"16F":{"t":"B14A"},"170":{"t":"C210"},"171":{"t":"LJ60"},"172":{"t":"EC25"},"173":{"t":"PA27"},"174":{"t":"CRJ7"},"175":{"t":"CL30"},"179":{"t":"GLF4"},"17B":{"t":"MD82"},"17C":{"t":"FA7X"},"17F":{"t":"C182"},"181":{"t":"C510"},"185":{"desc":"L2P"},"187":{"t":"C510"},"189":{"t":"C510"},"18A":{"t":"GLID"},"18C":{"t":"C510"},"18D":{"t":"C510"},"190":{"desc":"L1P"},"192":{"t":"C510"},"195":{"desc":"L2P"},"19A":{"t":"C510"},"1A3":{"t":"BALL"},"1A4":{"t":"PA31"},"1A5":{"t":"SR22"},"1A7":{"t":"C510"},"1A9":{"t":"BE35"},"1AA":{"t":"C510"},"1AD":{"desc":"L1P"},"1AF":{"t":"B06"},"1B3":{"t":"F2TH"},"1B7":{"t":"C750"},"1BA":{"t":"PA27"},"1BD":{"desc":"L2J"},"1BE":{"desc":"L1P"},"1C3":{"t":"C510"},"1C4":{"desc":"L1P"},"1C7":{"t":"A359"},"1CA":{"t":"P28S"},"1CB":{"t":"DA40"},"1CE":{"t":"C510"},"1CF":{"t":"C510"},"1D3":{"desc":"L1P"},"1D4":{"desc":"H1P"},"1D6":{"t":"C182"},"1D8":{"t":"C510"},"1DF":{"t":"C510"},"1E3":{"t":"C510"},"1EC":{"t":"C180"},"1ED":{"t":"C172"},"1F0":{"t":"C510"},"1F6":{"desc":"L1T"},"1FC":{"t":"GLF3"},"1FD":{"t":"C56X"},"205":{"desc":"L1P"},"206":{"t":"GA5C"},"208":{"t":"PA27"},"20C":{"t":"C510"},"20E":{"t":"C510"},"213":{"t":"C550"},"215":{"desc":"L1T"},"216":{"t":"BE20"},"217":{"t":"F900"},"219":{"t":"GLF5"},"220":{"t":"BALL"},"221":{"desc":"H2T"},"223":{"t":"SS2T"},"224":{"t":"C56X"},"226":{"t":"SS2T"},"22A":{"t":"C510"},"22E":{"desc":"L1P"},"22F":{"t":"C510"},"237":{"t":"C510"},"238":{"desc":"L1T"},"239":{"t":"A320"},"23A":{"t":"C550"},"23E":{"t":"R66"},"241":{"t":"C510"},"243":{"t":"C510"},"244":{"t":"C560"},"245":{"desc":"L1P"},"250":{"t":"C510"},"252":{"t":"C510"},"253":{"t":"PA46"},"256":{"t":"C510"},"25A":{"t":"SS2T"},"25C":{"t":"C510"},"261":{"t":"C182"},"262":{"t":"E120"},"268":{"t":"C510"},"26A":{"t":"BE20"},"272":{"desc":"L1T"},"274":{"t":"C510"},"275":{"t":"C510"},"277":{"t":"C172"},"27A":{"t":"BL8"},"27E":{"desc":"L1P"},"282":{"desc":"L1P"},"283":{"t":"HUSK"},"285":{"t":"SS2T"},"286":{"t":"C510"},"289":{"t":"GLF4"},"28A":{"t":"C510"},"28D":{"t":"COL4"},"28F":{"t":"B06"},"290":{"t":"FA50"},"292":{"t":"C510"},"293":{"t":"C510"},"294":{"t":"C510"},"297":{"t":"C510"},"29B":{"t":"ST75"},"29F":{"t":"C172"},"2A0":{"t":"C402"},"2A5":{"t":"A319"},"2AD":{"t":"C510"},"2B3":{"t":"C510"},"2B4":{"t":"PA34"},"2B5":{"t":"H500"},"2B6":{"t":"C510"},"2B7":{"t":"TAMP"},"2B8":{"desc":"H1T"},"2BD":{"desc":"H1T"},"2BF":{"desc":"L1P"},"2C4":{"desc":"L1T"},"2C9":{"desc":"L1P"},"2CA":{"t":"C510"},"2DE":{"t":"GLF5"},"2E7":{"desc":"L1P","t":"ULAC"},"2E8":{"t":"P46T"},"2E9":{"t":"C56X"},"2EF":{"t":"CH7B"},"2F0":{"desc":"L1P"},"2F1":{"desc":"L1P"},"2F7":{"desc":"L1P"},"2FA":{"desc":"L1P"},"2FF":{"desc":"L1P"},"300":{"t":"C510"},"303":{"t":"C650"},"305":{"desc":"L1P"},"307":{"desc":"L1P"},"309":{"t":"SR22"},"30A":{"t":"C182"},"30B":{"t":"C421"},"30D":{"t":"GLF4"},"30F":{"t":"GLF6"},"310":{"t":"SS2P"},"312":{"t":"C150"},"316":{"desc":"L2J"},"318":{"t":"SS2T"},"319":{"desc":"L33E"},"31B":{"t":"BE36"},"31D":{"t":"P28S"},"31E":{"t":"C340"},"320":{"t":"P28R"},"321":{"desc":"L1P"},"322":{"t":"C56X"},"323":{"t":"BE40"},"324":{"desc":"L1P"},"327":{"desc":"L1P"},"328":{"t":"C182"},"32A":{"t":"P51"},"32D":{"t":"C510"},"332":{"t":"B752"},"33F":{"t":"C56X"},"342":{"desc":"A1P"},"346":{"t":"A321"},"347":{"t":"BALL"},"348":{"t":"BALL"},"34A":{"t":"C310"},"355":{"t":"A320"},"35C":{"t":"GLID"},"365":{"desc":"L1P"},"366":{"t":"C510"},"367":{"t":"C680"},"369":{"t":"T210"},"36A":{"t":"C510"},"36B":{"t":"C310"},"36E":{"desc":"H4E"},"36F":{"desc":"L1P"},"371":{"t":"C510"},"372":{"desc":"H8E"},"378":{"desc":"H1T"},"37C":{"t":"P28A"},"38A":{"t":"AT5T"},"392":{"desc":"L1J"},"395":{"desc":"L1P"},"3AE":{"desc":"L1P"},"3C0":{"desc":"L1P"},"3C8":{"t":"C172"},"3C9":{"desc":"L1P","t":"ULAC"},"3CA":{"t":"BE35"},"3CB":{"t":"AT5T"},"3CC":{"t":"C172"},"3CD":{"t":"C172"},"3CE":{"t":"C172"},"3CF":{"t":"PA14"},"3D1":{"t":"NAVI"},"3D2":{"t":"P28A"},"3D5":{"t":"PA24"},"3D6":{"t":"C152"},"3D8":{"t":"P28A"},"3D9":{"t":"P28R"},"3DB":{"t":"C72R"},"3DD":{"t":"C182"},"3DF":{"t":"PA22"},"3E9":{"t":"C150"},"3EB":{"desc":"L1P"},"3ED":{"t":"SS2T"},"3F1":{"t":"P28A"},"3F2":{"t":"C152"},"3F6":{"t":"BE23"},"3F7":{"t":"C182"},"3FA":{"t":"BE19"},"3FB":{"t":"P28R"},"3FD":{"t":"C182"},"3FF":{"desc":"L1P"},"400":{"t":"CH7B"},"405":{"t":"AA5"},"406":{"desc":"G1P"},"40A":{"desc":"H1P"},"40C":{"t":"P46T"},"40E":{"desc":"L1T"},"411":{"t":"C172"},"412":{"t":"C172"},"414":{"t":"P28A"},"415":{"t":"PA14"},"417":{"t":"NAVI"},"418":{"desc":"H1T","t":"B47G"},"419":{"t":"BE23"},"41A":{"t":"ST75"},"41E":{"t":"P28A"},"41F":{"t":"CH7B"},"420":{"t":"C72R"},"424":{"t":"PA27"},"429":{"t":"C150"},"42B":{"desc":"A2P"},"42C":{"desc":"L1P"},"42E":{"t":"ST75"},"42F":{"t":"C150"},"430":{"desc":"L1P"},"431":{"t":"C172"},"435":{"t":"C180"},"437":{"t":"P28A"},"438":{"t":"PA14"},"43D":{"t":"C172"},"441":{"t":"P28A"},"442":{"t":"CH7A"},"443":{"t":"C72R"},"444":{"t":"C72R"},"446":{"t":"CH7B"},"448":{"t":"PA22"},"44D":{"t":"ST75"},"44F":{"desc":"L1P"},"450":{"t":"AT6T"},"452":{"t":"J3"},"456":{"t":"GLID"},"45C":{"t":"C172"},"45E":{"t":"P28A"},"465":{"t":"CH7A"},"467":{"t":"UH12"},"46B":{"t":"PA22"},"46C":{"t":"C150"},"472":{"t":"C150"},"473":{"t":"C150"},"474":{"t":"C150"},"475":{"t":"TAYD"},"476":{"desc":"L1P"},"479":{"t":"BE35"},"47A":{"t":"C182"},"47B":{"t":"C180"},"47F":{"t":"C310"},"481":{"t":"P28A"},"482":{"t":"C152"},"484":{"t":"C152"},"485":{"t":"C172"},"486":{"t":"BE19"},"487":{"t":"P28A"},"488":{"t":"CH7A"},"489":{"desc":"L1P"},"48A":{"desc":"L1P"},"48B":{"t":"P28A"},"48C":{"t":"CH7B"},"48D":{"t":"T210"},"48E":{"t":"PA22"},"491":{"t":"C150"},"493":{"t":"ULAC"},"497":{"t":"BALL"},"498":{"t":"C150"},"49B":{"t":"C152"},"49C":{"t":"T210"},"49D":{"t":"C182"},"49E":{"desc":"L1J"},"4A1":{"t":"PA14"},"4A4":{"t":"P28A"},"4A5":{"t":"BE24"},"4A6":{"t":"ST75"},"4A9":{"t":"BE19"},"4AA":{"t":"C82T"},"4AF":{"desc":"L2P"},"4B0":{"t":"H500"},"4B1":{"t":"PA22"},"4B2":{"t":"C150"},"4B3":{"t":"ULAC"},"4B4":{"t":"ST75"},"4BA":{"t":"C150"},"4BB":{"t":"C150"},"4BE":{"t":"C152"},"4BF":{"t":"T210"},"4C0":{"t":"C182"},"4C1":{"t":"C180"},"4C2":{"t":"C172"},"4C4":{"t":"C172"},"4C7":{"t":"P28A"},"4C8":{"t":"BE23"},"4C9":{"t":"C172"},"4CD":{"t":"P28R"},"4CF":{"t":"ULAC"},"4D0":{"desc":"L1P"},"4D1":{"t":"P210"},"4D2":{"desc":"L1P"},"4D3":{"t":"C82S"},"4D5":{"t":"C172"},"4D8":{"t":"ULAC"},"4D9":{"t":"C150"},"4DB":{"desc":"L1P"},"4DC":{"t":"J3"},"4DE":{"desc":"L1P"},"4E2":{"t":"BE35"},"4E3":{"t":"C182"},"4E4":{"t":"H500"},"4E5":{"t":"C172"},"4E8":{"t":"C172"},"4EA":{"t":"C152"},"4EE":{"t":"C206"},"4F1":{"t":"C185"},"4F3":{"desc":"L1P"},"4F4":{"t":"P28A"},"4F7":{"t":"PA22"},"4F8":{"desc":"L1T"},"4F9":{"t":"C172"},"500":{"t":"C150"},"504":{"t":"C152"},"505":{"t":"BE35"},"506":{"t":"C182"},"509":{"t":"P28A"},"50A":{"t":"AT5T"},"50C":{"t":"NAVI"},"50E":{"t":"TAYB"},"50F":{"t":"BALL"},"510":{"t":"PA24"},"511":{"t":"T210"},"513":{"t":"P28A"},"514":{"desc":"L1P"},"516":{"t":"ULAC"},"518":{"t":"CH7A"},"51B":{"t":"FA62"},"51C":{"t":"BE9L"},"51D":{"t":"C172"},"521":{"t":"T206"},"522":{"t":"C150"},"525":{"desc":"L1P"},"526":{"t":"B14A"},"528":{"t":"C550"},"52B":{"t":"CRJ7"},"52D":{"t":"PA32"},"530":{"t":"GLF4"},"532":{"t":"MU2"},"537":{"t":"AEST"},"538":{"t":"SR22"},"53C":{"desc":"L2P"},"53F":{"t":"SR22"},"540":{"t":"GLID"},"542":{"t":"E55P"},"547":{"t":"H269"},"549":{"desc":"L2J"},"550":{"t":"P28A"},"554":{"desc":"L1P"},"555":{"t":"BE20"},"557":{"desc":"L4J"},"558":{"t":"BE36"},"559":{"t":"AC11"},"55C":{"t":"SR22"},"55D":{"desc":"L1P"},"55E":{"t":"BE58"},"55F":{"desc":"L1P"},"561":{"t":"H25B"},"564":{"desc":"L1T"},"566":{"desc":"L1P"},"569":{"t":"GLID"},"56A":{"t":"G150"},"56D":{"t":"C180"},"570":{"t":"M20T"},"571":{"t":"B350"},"573":{"t":"GLF6"},"574":{"t":"T206"},"575":{"t":"CL60"},"577":{"t":"BE58"},"57A":{"t":"BALL"},"57B":{"desc":"L1P"},"57D":{"t":"AA5"},"57E":{"t":"A359"},"57F":{"t":"BE20"},"586":{"t":"C182"},"58A":{"t":"C172"},"58D":{"t":"C525"},"590":{"t":"B350"},"59E":{"desc":"H2T"},"5A0":{"t":"C208"},"5A2":{"desc":"L1P"},"5A3":{"t":"BE55"},"5AA":{"t":"LJ45"},"5AE":{"t":"FA20"},"5B5":{"desc":"L1P"},"5C0":{"t":"GA5C"},"5C5":{"desc":"L2J"},"5C6":{"t":"C172"},"5C7":{"desc":"L1P"},"5C8":{"t":"C150"},"5CA":{"desc":"L1P","t":"ULAC"},"5CE":{"desc":"L1P","t":"ULAC"},"5D7":{"t":"AT5T"},"5E3":{"t":"T206"},"5E6":{"t":"C25C"},"5EE":{"desc":"L1P"},"5F0":{"t":"C185"},"5F2":{"t":"C208"},"5F5":{"desc":"L1P"},"5F6":{"t":"CH7B"},"5F8":{"desc":"L1P"},"5FA":{"desc":"L1P"},"5FC":{"desc":"L1P","t":"ULAC"},"5FE":{"t":"P32R"},"607":{"desc":"A1P"},"608":{"t":"GLF4"},"60A":{"t":"P32R"},"60B":{"t":"LJ31"},"618":{"t":"E55P"},"61A":{"desc":"L1P"},"61B":{"t":"BE9L"},"61C":{"t":"B752"},"621":{"t":"AT5T"},"622":{"t":"BALL"},"625":{"desc":"H6E"},"628":{"desc":"L1P"},"632":{"desc":"L2P"},"639":{"t":"GLID"},"63A":{"t":"P32R"},"63B":{"t":"C310"},"63F":{"desc":"L1P"},"640":{"desc":"L1P"},"641":{"t":"C180"},"643":{"t":"H269"},"645":{"t":"RV12"},"647":{"t":"C172"},"648":{"t":"A321"},"64A":{"t":"M20P"},"64B":{"t":"B407"},"652":{"desc":"L1P"},"656":{"t":"C172"},"66B":{"desc":"L1P"},"66C":{"t":"GLF4"},"66D":{"desc":"A1P"},"66E":{"t":"TAMP"},"672":{"t":"SR20"},"673":{"desc":"A2P"},"674":{"t":"PAY1"},"675":{"t":"GLF2"},"677":{"t":"C206"},"678":{"t":"RV12"},"67B":{"desc":"L1P"},"67C":{"t":"B350"},"67D":{"t":"C172"},"687":{"desc":"L1P"},"695":{"t":"C68A"},"69E":{"t":"BE36"},"6A0":{"t":"ULAC"},"6A1":{"t":"GLID"},"6A3":{"t":"P28A"},"6A7":{"desc":"H1P"},"6A8":{"t":"T206"},"6AB":{"desc":"A1P"},"6AE":{"t":"FA50"},"6AF":{"t":"SR20"},"6B9":{"t":"AS50"},"6BB":{"t":"SR22"},"6BD":{"desc":"L1P"},"6BE":{"t":"H500"},"6C0":{"t":"S22T"},"6C1":{"t":"A119"},"6C2":{"desc":"L1P","t":"ULAC"},"6C3":{"t":"GLID"},"6C4":{"t":"BE36"},"6C6":{"t":"SR22"},"6C8":{"desc":"L1P"},"6CC":{"t":"SR20"},"6CD":{"desc":"L2J"},"6CE":{"t":"GLID"},"6CF":{"desc":"L1P","t":"ULAC"},"6D0":{"t":"BE20"},"6D1":{"t":"S22T"},"6D2":{"t":"C525"},"6D4":{"t":"BE55"},"6D6":{"desc":"L1P"},"6D7":{"t":"C560"},"6D8":{"t":"C680"},"6DB":{"desc":"L1P"},"6DD":{"t":"C510"},"6E1":{"t":"C77R"},"6E4":{"t":"GLID"},"6E5":{"t":"ULAC"},"6F6":{"t":"C56X"},"6FD":{"t":"EC35"},"702":{"desc":"H1T"},"70C":{"t":"A320"},"70D":{"t":"BE55"},"71A":{"t":"C182"},"71D":{"desc":"A1P"},"724":{"t":"E50P"},"726":{"t":"BE9L"},"72A":{"t":"C56X"},"72B":{"t":"C501"},"72C":{"t":"E50P"},"733":{"t":"GLID"},"749":{"desc":"L1J"},"74C":{"t":"GLID"},"76B":{"desc":"L1T"},"77D":{"desc":"L1P"},"77E":{"desc":"L1P"},"77F":{"t":"C172"},"780":{"t":"ULAC"},"781":{"t":"AR11"},"782":{"t":"C182"},"783":{"t":"C180"},"784":{"desc":"L1P","t":"ULAC"},"785":{"t":"P28A"},"786":{"t":"PA14"},"787":{"t":"C310"},"789":{"desc":"G1P"},"78A":{"t":"TAYB"},"78B":{"desc":"L1P"},"78C":{"t":"PA24"},"78F":{"t":"AT3T"},"791":{"t":"C206"},"792":{"desc":"L1P"},"794":{"t":"CH7B"},"795":{"t":"P28A"},"796":{"t":"AT8T"},"799":{"t":"C150"},"79A":{"t":"C150"},"79C":{"t":"C150"},"79D":{"t":"C150"},"79F":{"t":"C150"},"7A0":{"t":"C172"},"7A1":{"desc":"L1P"},"7A2":{"t":"AT6T"},"7A3":{"desc":"L1P"},"7A4":{"t":"BALL"},"7A8":{"t":"C182"},"7A9":{"desc":"L1P"},"7AA":{"t":"C310"},"7AB":{"t":"NAVI"},"7AD":{"t":"TAYB"},"7AF":{"t":"BE9L"},"7B1":{"t":"BE19"},"7B2":{"t":"P28A"},"7B7":{"t":"CH7A"},"7B8":{"t":"P28A"},"7B9":{"t":"PA22"},"7BB":{"desc":"L1P","t":"ULAC"},"7BD":{"t":"C150"},"7BE":{"t":"UH1"},"7BF":{"t":"C150"},"7C0":{"t":"C150"},"7C3":{"t":"J3"},"7C5":{"desc":"L1P"},"7C6":{"t":"BALL"},"7C7":{"t":"BE35"},"7C8":{"t":"C182"},"7C9":{"t":"C180"},"7CA":{"t":"ULAC"},"7CB":{"t":"C182"},"7CC":{"t":"PA14"},"7CD":{"t":"C170"},"7CF":{"t":"P28A"},"7D0":{"t":"TAYB"},"7D1":{"t":"C182"},"7D6":{"t":"CH7A"},"7D8":{"desc":"L1P"},"7D9":{"t":"P28A"},"7DE":{"t":"BE17"},"7DF":{"t":"PT22"},"7E1":{"t":"C150"},"7E3":{"t":"C150"},"7E4":{"t":"M4"},"7E6":{"t":"J3"},"7E8":{"t":"B738"},"7E9":{"t":"YK52"},"7EC":{"desc":"L1P","t":"ULAC"},"7ED":{"t":"C172"},"7EE":{"t":"PA15"},"7EF":{"desc":"L1P"},"7F0":{"t":"C172"},"7F2":{"t":"P28A"},"7F3":{"t":"TAYB"},"7F7":{"t":"BE19"},"7F9":{"t":"CH7A"},"7FD":{"t":"CH7A"},"7FF":{"t":"PA22"},"803":{"t":"C150"},"804":{"t":"C150"},"805":{"t":"C150"},"806":{"t":"C150"},"80E":{"t":"C182"},"80F":{"t":"C180"},"812":{"t":"PA14"},"813":{"t":"T206"},"814":{"t":"C172"},"815":{"t":"P28A"},"816":{"t":"TAYB"},"817":{"t":"ST75"},"818":{"t":"PA24"},"819":{"t":"T210"},"81A":{"t":"BE19"},"81B":{"t":"P28R"},"81C":{"t":"CH7B"},"81D":{"t":"C72R"},"820":{"desc":"L2P"},"821":{"t":"AR15"},"822":{"t":"C172"},"827":{"desc":"L1P"},"82A":{"t":"C150"},"82C":{"desc":"L1P","t":"ULAC"},"82F":{"t":"C172"},"830":{"t":"P32R"},"831":{"t":"T6"},"832":{"t":"C172"},"833":{"t":"C172"},"834":{"desc":"L1P","t":"ULAC"},"835":{"t":"BE9L"},"83A":{"t":"C182"},"83B":{"t":"PA24"},"83C":{"desc":"L1P"},"83D":{"t":"BE23"},"83E":{"t":"P28R"},"83F":{"t":"CH7B"},"840":{"desc":"L1P"},"841":{"desc":"L1P"},"843":{"t":"CH7B"},"845":{"t":"PA22"},"84C":{"t":"C150"},"84D":{"t":"PA34"},"850":{"t":"GLF4"},"851":{"t":"C172"},"852":{"t":"C172"},"854":{"t":"C182"},"856":{"t":"C172"},"858":{"t":"PA14"},"859":{"t":"C172"},"85A":{"t":"NAVI"},"85B":{"t":"P28A"},"85C":{"t":"BE76"},"85D":{"t":"ULAC"},"85F":{"t":"C152"},"860":{"t":"BE23"},"861":{"t":"P28A"},"868":{"desc":"L1P"},"86B":{"t":"C150"},"86C":{"t":"C172"},"86E":{"t":"C150"},"870":{"t":"C150"},"871":{"t":"C150"},"872":{"t":"Y18T"},"873":{"t":"GA5C"},"876":{"t":"BE35"},"877":{"t":"C182"},"878":{"t":"C172"},"87A":{"t":"C150"},"87B":{"t":"ULAC"},"87E":{"t":"P28A"},"881":{"t":"PA24"},"882":{"t":"C172"},"885":{"t":"C82T"},"887":{"t":"BALL"},"888":{"t":"P28A"},"88B":{"t":"PA22"},"88C":{"t":"C150"},"88D":{"t":"C150"},"88F":{"t":"FA62"},"890":{"t":"C150"},"893":{"t":"C150"},"894":{"t":"C172"},"896":{"t":"WACO"},"897":{"t":"C172"},"899":{"t":"BE35"},"89B":{"t":"BALL"},"89C":{"desc":"L1P"},"89E":{"t":"PA14"},"8A2":{"t":"TAYB"},"8A3":{"t":"ST75"},"8A4":{"t":"PA24"},"8A8":{"desc":"L1P"},"8AA":{"t":"C172"},"8AC":{"desc":"L1P"},"8AD":{"t":"ULAC"},"8AE":{"t":"PA22"},"8B5":{"t":"C150"},"8B7":{"t":"C150"},"8B8":{"t":"C150"},"8BF":{"desc":"L1T"},"8C0":{"t":"AT5T"},"8C1":{"t":"PA14"},"8C4":{"t":"PA12"},"8C5":{"desc":"L1P"},"8C7":{"t":"PA24"},"8CB":{"t":"CH7A"},"8CC":{"t":"C206"},"8CD":{"desc":"L1P","t":"ULAC"},"8CE":{"t":"P28A"},"8CF":{"t":"T206"},"8D0":{"t":"T210"},"8D7":{"t":"C150"},"8D8":{"t":"C150"},"8DA":{"t":"C182"},"8DB":{"t":"RV12"},"8DC":{"desc":"L1P"},"8DD":{"desc":"L1P"},"8DF":{"t":"C56X"},"8E0":{"t":"CH7B"},"8E2":{"t":"CRJ7"},"8E3":{"t":"P28A"},"8E4":{"t":"M20T"},"8E8":{"t":"GLID"},"8E9":{"t":"SR20"},"8EB":{"t":"SR22"},"8ED":{"desc":"L2T"},"8EE":{"t":"B738"},"8EF":{"t":"C210"},"8F2":{"t":"SR22"},"8F6":{"desc":"L1P"},"8F7":{"desc":"L1P"},"8F8":{"t":"PC12"},"8F9":{"t":"PA18"},"8FA":{"t":"BE35"},"8FE":{"t":"CL30"},"90B":{"t":"AA5"},"90E":{"desc":"L4J"},"90F":{"t":"P32R"},"913":{"t":"SR22"},"917":{"t":"PA18"},"918":{"t":"CJ6"},"91A":{"desc":"H1T"},"91C":{"desc":"L1P"},"91D":{"t":"SR22"},"920":{"t":"P28R"},"921":{"t":"C172"},"925":{"t":"C750"},"928":{"desc":"L1P"},"92A":{"t":"CL60"},"92B":{"t":"B350"},"92C":{"t":"ULAC"},"92E":{"desc":"H4E"},"92F":{"t":"GLID"},"934":{"t":"TBM7"},"935":{"t":"A359"},"936":{"t":"C82S"},"93D":{"t":"E300"},"942":{"desc":"G1P"},"952":{"desc":"L1P"},"955":{"desc":"H2T"},"959":{"t":"P32R"},"95A":{"t":"BE40"},"95D":{"desc":"L1P"},"961":{"t":"T206"},"962":{"desc":"L1P"},"965":{"t":"P28A"},"974":{"t":"GLF5"},"97E":{"desc":"L2J"},"984":{"t":"R22"},"985":{"t":"T210"},"987":{"t":"GLF5"},"98F":{"desc":"L1P"},"995":{"t":"SR22"},"996":{"desc":"L1T"},"99A":{"t":"C340"},"9A6":{"desc":"L1P"},"9A8":{"t":"H25B"},"9AD":{"desc":"L1P"},"9AE":{"t":"C421"},"9B1":{"desc":"L1P"},"9B2":{"t":"MD11"},"9B6":{"t":"BE36"},"9B7":{"t":"GLF4"},"9BA":{"t":"P51"},"9BB":{"desc":"L1P","t":"ULAC"},"9BE":{"t":"C414"},"9CA":{"t":"C182"},"9CF":{"t":"F900"},"9D8":{"t":"AT8T"},"9D9":{"t":"BALL"},"9DA":{"t":"B06"},"9DB":{"t":"A109"},"9E0":{"desc":"L1P"},"9E2":{"t":"C56X"},"9E3":{"t":"ULAC"},"9E7":{"t":"M5"},"9E8":{"desc":"H4E"},"9E9":{"t":"GLF4"},"9F0":{"desc":"L1P"},"9F1":{"t":"P28A"},"9F3":{"t":"S22T"},"9F4":{"t":"S22T"},"9F5":{"t":"B350"},"9FC":{"t":"P46T"},"9FE":{"t":"AT5T"},"A01":{"t":"P28A"},"A02":{"t":"B407"},"A0D":{"t":"C172"},"A10":{"t":"PC12"},"A13":{"t":"A319"},"A22":{"desc":"L1P"},"A23":{"t":"B212"},"A29":{"t":"CH7A"},"A2B":{"desc":"H1T"},"A2C":{"desc":"L1P"},"A2D":{"t":"PA18"},"A2E":{"t":"GLF4"},"A33":{"t":"COL4"},"A34":{"t":"P28A"},"A36":{"desc":"L1P"},"A4C":{"t":"C68A"},"A54":{"t":"C150"},"A58":{"t":"S22T"},"A5C":{"desc":"L1P"},"A5D":{"t":"GLF4"},"A5E":{"desc":"L1P"},"A5F":{"t":"B06"},"A60":{"desc":"L1T"},"A62":{"t":"COL4"},"A65":{"desc":"L1P"},"A66":{"t":"R44"},"A68":{"t":"RV12"},"A6D":{"desc":"L1P"},"A6E":{"t":"UH1"},"A6F":{"t":"P210"},"A70":{"t":"B06"},"A72":{"t":"T6"},"A73":{"t":"AC11"},"A74":{"t":"RV12"},"A75":{"t":"NAVI"},"A77":{"t":"RV12"},"A7B":{"t":"C172"},"A7D":{"t":"A320"},"A7F":{"desc":"L1P"},"A81":{"t":"RV12"},"A84":{"desc":"L2J"},"A86":{"t":"PA46"},"A8A":{"desc":"L1P"},"A8C":{"t":"F900"},"A8F":{"desc":"L1P"},"A92":{"t":"C172"},"A94":{"t":"B407"},"A96":{"t":"SR22"},"A97":{"t":"COL4"},"A98":{"t":"S22T"},"A9B":{"t":"T210"},"A9F":{"t":"P32R"},"AA0":{"t":"B752"},"AAD":{"t":"C56X"},"AB1":{"t":"S22T"},"AB8":{"t":"COL4"},"ABA":{"t":"B407"},"AC3":{"t":"A320"},"AD1":{"desc":"L1P"},"AD3":{"t":"PC12"},"AD4":{"t":"H25B"},"AD7":{"t":"EC35"},"AD8":{"desc":"L1P"},"ADC":{"desc":"L1P"},"AEA":{"desc":"L1P"},"AEB":{"desc":"L1J"},"B00":{"t":"PA18"},"B2C":{"t":"GLID"},"B36":{"t":"C172"},"B3A":{"t":"AT3T"},"B3B":{"t":"C172"},"B3C":{"t":"P28A"},"B3D":{"t":"C152"},"B40":{"t":"P28A"},"B45":{"t":"BE55"},"B46":{"t":"P28A"},"B47":{"t":"CH7A"},"B49":{"t":"C210"},"B4A":{"t":"P28A"},"B4B":{"t":"C206"},"B50":{"t":"C172"},"B52":{"t":"C172"},"B54":{"t":"C150"},"B55":{"t":"M4"},"B57":{"t":"C150"},"B58":{"t":"GLID"},"B5C":{"desc":"L1P","t":"ULAC"},"B5E":{"t":"ULAC"},"B5F":{"t":"P28A"},"B60":{"t":"PA14"},"B62":{"desc":"L1P"},"B67":{"t":"C172"},"B69":{"t":"P28A"},"B6A":{"t":"CH7A"},"B6D":{"t":"P28A"},"B6F":{"desc":"L1P","t":"ULAC"},"B70":{"t":"PA22"},"B71":{"t":"ULAC"},"B72":{"desc":"L2T"},"B73":{"t":"ST75"},"B74":{"t":"C172"},"B77":{"t":"T206"},"B7A":{"t":"C150"},"B7D":{"t":"C152"},"B80":{"t":"C180"},"B81":{"t":"C172"},"B85":{"t":"NAVI"},"B86":{"t":"P28A"},"B87":{"t":"TAYB"},"B88":{"t":"C182"},"B89":{"t":"C152"},"B8A":{"t":"T210"},"B8B":{"t":"C172"},"B8C":{"t":"P28A"},"B8D":{"desc":"L1P"},"B8E":{"t":"C172"},"B90":{"t":"P28A"},"B93":{"t":"PA22"},"B94":{"t":"C150"},"B95":{"t":"C172"},"B96":{"t":"C172"},"B97":{"t":"C150"},"B98":{"t":"C150"},"B99":{"t":"C150"},"B9D":{"t":"M4"},"B9E":{"t":"FA50"},"B9F":{"t":"C172"},"BA0":{"desc":"L1P"},"BA3":{"t":"C172"},"BA7":{"t":"C172"},"BA8":{"t":"NAVI"},"BAA":{"t":"TAYB"},"BAB":{"t":"ST75"},"BAE":{"t":"C172"},"BAF":{"desc":"L1P"},"BB0":{"t":"CH7B"},"BB1":{"t":"AT8T"},"BB2":{"desc":"L1P"},"BB3":{"t":"P28A"},"BB5":{"t":"SR22"},"BB9":{"t":"C150"},"BBB":{"desc":"L1P"},"BBD":{"t":"C172"},"BBF":{"t":"C172"},"BC0":{"t":"ULAC"},"BC1":{"desc":"L1P"},"BC3":{"t":"C152"},"BC4":{"t":"BE35"},"BC6":{"t":"C172"},"BC9":{"t":"PA14"},"BCA":{"t":"C172"},"BCB":{"t":"NAVI"},"BCC":{"t":"P28A"},"BCE":{"t":"C182"},"BCF":{"t":"AT3T"},"BD0":{"t":"BALL"},"BD1":{"t":"C172"},"BD2":{"t":"P28R"},"BD3":{"t":"CH7B"},"BD5":{"desc":"L1P"},"BD6":{"t":"P210"},"BD9":{"t":"PA22"},"BDA":{"t":"C172"},"BDB":{"t":"ULAC"},"BE1":{"desc":"L1P","t":"ULAC"},"BE3":{"t":"C172"},"BE4":{"t":"AS50"},"BE6":{"t":"C152"},"BE7":{"t":"BE35"},"BE8":{"t":"C172"},"BE9":{"t":"C180"},"BEA":{"t":"C172"},"BEB":{"t":"C172"},"BEF":{"t":"BALL"},"BF0":{"t":"BE23"},"BF1":{"t":"C182"},"BF2":{"t":"PA24"},"BF3":{"t":"H500"},"BF5":{"t":"P28R"},"BF6":{"t":"C82T"},"BF8":{"desc":"L1P"},"BF9":{"t":"P28A"},"BFA":{"desc":"L1P"},"BFB":{"t":"PA27"},"BFE":{"t":"C150"},"C01":{"t":"C172"},"C02":{"desc":"L2T"},"C03":{"t":"C150"},"C04":{"t":"C150"},"C05":{"t":"C150"},"C0A":{"t":"BE35"},"C0B":{"t":"C182"},"C0C":{"t":"C172"},"C0D":{"t":"C172"},"C0E":{"t":"C172"},"C0F":{"t":"PA14"},"C10":{"t":"C172"},"C12":{"t":"P28A"},"C13":{"t":"ULAC"},"C15":{"t":"PA24"},"C16":{"t":"C172"},"C17":{"t":"C172"},"C18":{"t":"P28A"},"C19":{"t":"CH7A"},"C1B":{"t":"C72R"},"C1C":{"t":"P28A"},"C1F":{"t":"PA22"},"C23":{"t":"FA62"},"C24":{"desc":"L1P"},"C26":{"t":"C150"},"C27":{"t":"BALL"},"C2B":{"desc":"L1P","t":"ULAC"},"C2C":{"t":"AT5T"},"C2D":{"desc":"H1P"},"C2F":{"t":"C180"},"C30":{"t":"C172"},"C32":{"t":"C172"},"C33":{"desc":"L1T"},"C34":{"desc":"L1P"},"C36":{"desc":"L1T"},"C37":{"t":"C182"},"C39":{"t":"T210"},"C3A":{"t":"C172"},"C3B":{"t":"P28A"},"C3D":{"t":"C206"},"C3E":{"desc":"L1P"},"C3F":{"t":"T206"},"C41":{"t":"PA18"},"C42":{"t":"PA18"},"C46":{"t":"M4"},"C47":{"desc":"L1P"},"C48":{"t":"C150"},"C4C":{"desc":"L1P"},"C4F":{"t":"C72R"},"C50":{"t":"BE36"},"C51":{"t":"C172"},"C52":{"t":"C180"},"C54":{"t":"P28A"},"C55":{"t":"C182"},"C58":{"t":"P28A"},"C59":{"t":"ULAC"},"C5A":{"t":"AT3T"},"C5B":{"t":"PA24"},"C5D":{"t":"C172"},"C5E":{"t":"P28A"},"C5F":{"desc":"L1T"},"C61":{"desc":"L1P"},"C63":{"t":"ULAC"},"C65":{"t":"PA22"},"C67":{"t":"ST75"},"C68":{"t":"T206"},"C6A":{"t":"C150"},"C6B":{"t":"C150"},"C6D":{"t":"C150"},"C74":{"t":"C182"},"C75":{"t":"C182"},"C78":{"t":"C172"},"C79":{"t":"SR20"},"C7B":{"desc":"L1T"},"C7C":{"t":"TAYB"},"C7D":{"t":"H500"},"C7F":{"t":"C172"},"C81":{"t":"P28A"},"C84":{"desc":"L1P"},"C85":{"t":"P28A"},"C86":{"t":"CH7B"},"C87":{"t":"PA12"},"C8B":{"t":"C150"},"C8E":{"t":"C172"},"C8F":{"t":"FA62"},"C90":{"t":"C172"},"C93":{"t":"C337"},"C94":{"t":"DA40"},"C98":{"t":"AT3T"},"C99":{"t":"CRJ7"},"C9A":{"t":"P28A"},"C9B":{"desc":"L1P"},"C9E":{"desc":"L1P","t":"ULAC"},"C9F":{"t":"C25C"},"CA5":{"t":"B738"},"CA6":{"desc":"L2E"},"CAE":{"t":"AA1"},"CB0":{"desc":"L1P"},"CB2":{"t":"H25B"},"CBF":{"t":"BE9L"},"CC2":{"desc":"L1P"},"CC8":{"t":"P28A"},"CC9":{"t":"C56X"},"CCC":{"desc":"L1P"},"CCF":{"desc":"L1P"},"CD2":{"t":"SR22"},"CD7":{"t":"P32R"},"CDB":{"t":"P32T"},"CDE":{"t":"M20P"},"CDF":{"t":"C340"},"CE6":{"t":"GLID"},"CE7":{"desc":"L2P"},"CE8":{"t":"F2TH"},"CEA":{"t":"GL5T"},"CEB":{"t":"MU2"},"CEC":{"desc":"L1P"},"CED":{"desc":"L1P"},"CEF":{"t":"M20P"},"CF0":{"t":"DA40"},"CF1":{"desc":"L1P"},"CF4":{"desc":"L1J"},"CF7":{"t":"A359"},"CF9":{"t":"EA50"},"D1D":{"desc":"L2J"},"D22":{"t":"C421"},"D3B":{"t":"BALL"},"D43":{"desc":"L1P"},"D44":{"t":"UH12"},"D45":{"t":"AT5T"},"D51":{"t":"T206"},"D54":{"t":"F900"},"D55":{"t":"H500"},"D5C":{"desc":"L1P"},"D5E":{"t":"C750"},"D5F":{"desc":"L1P"},"D63":{"desc":"L1P","t":"ULAC"},"D64":{"desc":"L1P","t":"ULAC"},"D68":{"t":"BE9L"},"D69":{"t":"C421"},"D6A":{"t":"S22T"},"D6D":{"desc":"L1P"},"D79":{"t":"F2TH"},"D81":{"t":"C82S"},"D8B":{"t":"BE58"},"D8E":{"desc":"L1P"},"D8F":{"t":"R44"},"D90":{"t":"BALL"},"D91":{"t":"B06"},"D96":{"t":"BE20"},"D97":{"t":"RV12"},"D9C":{"t":"R22"},"D9E":{"desc":"L2J"},"DA7":{"desc":"L1P"},"DA8":{"t":"GLF5"},"DAA":{"t":"C182"},"DB0":{"t":"CRJ7"},"DB3":{"desc":"L1P"},"DB7":{"desc":"L1P"},"DB8":{"t":"P28A"},"DB9":{"t":"B407"},"DC4":{"t":"C172"},"DD3":{"desc":"L1P"},"DDA":{"t":"SR20"},"DDB":{"desc":"L1P"},"DDC":{"desc":"L1P"},"DDD":{"t":"B06"},"DDF":{"desc":"L1P"},"DE2":{"desc":"H1T"},"DE7":{"desc":"L1P"},"DEB":{"t":"BE33"},"DEC":{"t":"P28A"},"DF1":{"t":"S22T"},"E03":{"t":"C68A"},"E0B":{"t":"BE35"},"E0D":{"t":"GALX"},"E14":{"desc":"L1P"},"E17":{"t":"AA5"},"E1C":{"desc":"L1P"},"E1D":{"desc":"L1P"},"E1F":{"t":"C525"},"E24":{"t":"C172"},"E26":{"t":"M20T"},"E27":{"t":"C182"},"E2D":{"t":"C421"},"E2E":{"t":"FA50"},"E31":{"t":"MD11"},"E32":{"t":"C172"},"E34":{"t":"SR22"},"E36":{"desc":"L1P"},"E3B":{"desc":"L2J"},"E3E":{"t":"ECHO"},"E41":{"t":"C182"},"E43":{"t":"GL5T"},"E44":{"desc":"L1P"},"E48":{"t":"R44"},"E49":{"desc":"L1P"},"E4D":{"desc":"L1P"},"E4E":{"t":"C650"},"E52":{"t":"SR22"},"E64":{"t":"C56X"},"E7A":{"t":"A320"},"E7B":{"t":"C82S"},"E83":{"t":"C56X"},"E88":{"t":"SR22"},"E8B":{"t":"S22T"},"E8E":{"t":"C172"},"E92":{"t":"GLID"},"E9A":{"t":"C551"},"EA4":{"desc":"L1P"},"EAF":{"t":"BE40"},"EB7":{"desc":"L1J"},"EBA":{"t":"G164"},"ED3":{"t":"SR22"},"EDF":{"t":"M20P"},"EED":{"t":"T210"},"EEF":{"t":"BE35"},"EF1":{"t":"C172"},"EF2":{"t":"C172"},"EF4":{"t":"PA14"},"EF6":{"t":"NAVI"},"EF7":{"t":"P28A"},"EF8":{"t":"TAYB"},"EF9":{"t":"C182"},"EFA":{"t":"PA24"},"EFC":{"t":"C172"},"EFD":{"t":"P28B"},"EFE":{"t":"CH7B"},"F01":{"t":"P28A"},"F02":{"t":"BE35"},"F03":{"t":"T210"},"F05":{"t":"C77R"},"F09":{"t":"C150"},"F0B":{"t":"C150"},"F0F":{"desc":"L1P"},"F10":{"t":"C172"},"F14":{"t":"C172"},"F15":{"t":"C172"},"F17":{"desc":"L1P","t":"ULAC"},"F19":{"t":"NAVI"},"F1A":{"t":"P28A"},"F1C":{"t":"C182"},"F1E":{"t":"T210"},"F1F":{"t":"C172"},"F20":{"t":"P28R"},"F21":{"t":"C82R"},"F23":{"desc":"L1P"},"F24":{"t":"P28A"},"F25":{"t":"CH7B"},"F27":{"t":"PA22"},"F2B":{"t":"C172"},"F2C":{"t":"C150"},"F2E":{"t":"C150"},"F31":{"desc":"L1P","t":"ULAC"},"F32":{"t":"WACO"},"F35":{"t":"T210"},"F36":{"desc":"L1P","t":"ULAC"},"F37":{"t":"C180"},"F3A":{"t":"C172"},"F3B":{"t":"ULAC"},"F3C":{"t":"NAVI"},"F3D":{"t":"P28A"},"F3E":{"t":"TAYB"},"F3F":{"t":"ST75"},"F40":{"t":"PA24"},"F41":{"t":"C172"},"F42":{"t":"C172"},"F43":{"t":"P28A"},"F45":{"t":"C72R"},"F46":{"desc":"L1P"},"F47":{"t":"P28A"},"F48":{"t":"CH7B"},"F49":{"t":"H500"},"F4A":{"t":"ULAC"},"F4C":{"t":"ULAC"},"F4E":{"t":"C150"},"F4F":{"desc":"L1P"},"F50":{"t":"C172"},"F51":{"t":"C150"},"F52":{"t":"C150"},"F53":{"t":"C150"},"F55":{"desc":"A1P"},"F56":{"t":"C172"},"F58":{"t":"BE35"},"F59":{"t":"C182"},"F5B":{"t":"ULAC"},"F5C":{"t":"C172"},"F5D":{"t":"PA14"},"F5F":{"t":"C172"},"F60":{"t":"P28A"},"F63":{"t":"PA24"},"F64":{"t":"C172"},"F65":{"t":"C82R"},"F66":{"t":"P28A"},"F67":{"t":"CH7B"},"F68":{"t":"H500"},"F69":{"desc":"L1P"},"F6E":{"t":"C172"},"F71":{"t":"C150"},"F72":{"t":"C150"},"F73":{"desc":"L1P","t":"ULAC"},"F74":{"desc":"L1P","t":"ULAC"},"F75":{"t":"C150"},"F78":{"desc":"L1P"},"F7A":{"t":"C82S"},"F7B":{"t":"C414"},"F7C":{"t":"C182"},"F7F":{"t":"C172"},"F80":{"t":"PA14"},"F82":{"t":"C172"},"F83":{"t":"P28A"},"F84":{"t":"TAYB"},"F88":{"t":"C172"},"F89":{"t":"ULAC"},"F8A":{"t":"CH7B"},"F8C":{"t":"H500"},"F8D":{"t":"P210"},"F94":{"t":"C150"},"F95":{"t":"ULAC"},"F96":{"t":"C150"},"F98":{"t":"C150"},"F9D":{"t":"C170"},"FA0":{"t":"C172"},"FA2":{"t":"C172"},"FA3":{"t":"PA14"},"FA6":{"t":"P28A"},"FA8":{"desc":"G1P"},"FA9":{"t":"C172"},"FAA":{"t":"C172"},"FAC":{"t":"P28A"},"FAD":{"t":"CH7A"},"FAE":{"t":"C172"},"FAF":{"desc":"L1P"},"FB1":{"t":"BALL"},"FB2":{"desc":"H1P"},"FB5":{"desc":"L1P","t":"ULAC"},"FB7":{"desc":"L1P"},"FB8":{"t":"T50"},"FBB":{"desc":"L1P","t":"ULAC"},"FC1":{"t":"C172"},"FC2":{"t":"C172"},"FC3":{"t":"C172"},"FC4":{"desc":"L1P","t":"ULAC"},"FC5":{"t":"C172"},"FC6":{"t":"PA14"},"FC8":{"t":"NAVI"},"FC9":{"t":"P28A"},"FCB":{"t":"C182"},"FCC":{"t":"PA24"},"FD0":{"desc":"L1J"},"FD1":{"t":"C72R"},"FD3":{"t":"P28A"},"FD6":{"t":"PA22"},"FD9":{"t":"C172"},"FDC":{"t":"C150"},"FDD":{"t":"TAYD"},"FDE":{"t":"C150"},"FE0":{"t":"C150"},"FE1":{"desc":"L1P"},"FE2":{"t":"C172"},"FE3":{"t":"BE36"},"FE4":{"t":"BE35"},"FE5":{"t":"C182"},"FE9":{"t":"PA14"},"FEA":{"t":"C310"},"FEC":{"t":"P28A"},"FED":{"t":"BE19"},"FEF":{"t":"PA24"},"FF1":{"t":"C172"},"FF5":{"desc":"L1P"},"FF6":{"t":"P28A"},"FF9":{"t":"PA22"},"FFB":{"t":"BALL"},"FFD":{"t":"C150"},"FFE":{"t":"C150"},"FFF":{"t":"ULAC"}}