{"000":{"t":"C150"},"002":{"t":"TAYD"},"003":{"t":"C172"},"004":{"desc":"L1P"},"006":{"desc":"L1P"},"007":{"t":"BE35"},"009":{"t":"C172"},"00D":{"t":"ULAC"},"00F":{"t":"P28A"},"010":{"t":"BE24"},"014":{"t":"C172"},"015":{"t":"P28A"},"016":{"desc":"L1P"},"018":{"t":"C172"},"01A":{"t":"CH7B"},"01B":{"desc":"L1P"},"01D":{"t":"C172"},"022":{"t":"C150"},"023":{"t":"C77R"},"024":{"t":"C172"},"025":{"t":"C172"},"026":{"t":"C150"},"027":{"desc":"L1P"},"028":{"t":"BE20"},"02A":{"t":"BE35"},"02B":{"t":"C182"},"02C":{"t":"C172"},"031":{"t":"NAVI"},"032":{"t":"P28A"},"033":{"t":"TAYB"},"034":{"t":"ULAC"},"036":{"t":"C210"},"039":{"t":"CH7A"},"03A":{"t":"C172"},"03C":{"t":"C82S"},"03D":{"t":"CH7B"},"03E":{"t":"PA18"},"03F":{"t":"PA22"},"040":{"t":"C172"},"043":{"t":"C150"},"045":{"t":"C172"},"048":{"t":"C150"},"04A":{"t":"NAVI"},"04B":{"t":"P28A"},"04E":{"desc":"L2P"},"050":{"t":"CRJ7"},"051":{"t":"E50P"},"053":{"desc":"L1P"},"055":{"desc":"L1P"},"05B":{"desc":"H4E"},"05C":{"t":"B738"},"05F":{"t":"BE33"},"064":{"desc":"L1P","t":"LA4"},"065":{"desc":"A1P","t":"ULAC"},"066":{"t":"ASTR"},"068":{"t":"PTS2"},"06E":{"t":"BE36"},"074":{"t":"SR22"},"075":{"desc":"L1P"},"079":{"desc":"L1P"},"07D":{"t":"P28A"},"07F":{"t":"P32R"},"081":{"t":"R44"},"084":{"t":"PA44"},"085":{"t":"R44"},"087":{"t":"C525"},"089":{"t":"PA32"},"08E":{"t":"BE35"},"08F":{"t":"TWEN"},"096":{"t":"BE55"},"099":{"desc":"L1P"},"09A":{"t":"C510"},"09D":{"t":"C82S"},"09E":{"t":"B350"},"0A0":{"t":"P51"},"0A2":{"desc":"L1P"},"0A3":{"t":"A359"},"0A4":{"t":"C182"},"0A6":{"t":"UH1"},"0A7":{"t":"C525"},"0A8":{"t":"SR22"},"0B0":{"t":"EA50"},"0B1":{"desc":"L1P"},"0B3":{"t":"SR22"},"0B9":{"desc":"L1P"},"0BB":{"desc":"L1P"},"0C0":{"t":"PA34"},"0C8":{"t":"BL8"},"0D3":{"t":"P28A"},"0D9":{"desc":"L1P"},"0E1":{"desc":"L1P"},"0E4":{"t":"C182"},"0E5":{"t":"GLF5"},"0ED":{"desc":"L1P"},"0F2":{"desc":"L1P","t":"ULAC"},"0F6":{"t":"PRM1"},"0FB":{"t":"UH12"},"0FC":{"t":"AT5T"},"0FF":{"desc":"H1T","t":"B47G"},"105":{"desc":"L1P"},"108":{"t":"C182"},"10A":{"t":"BT36"},"115":{"t":"BE55"},"117":{"t":"EC20"},"11A":{"desc":"L1P","t":"ULAC"},"11B":{"desc":"L1P"},"11F":{"desc":"L1P"},"121":{"t":"EC20"},"124":{"t":"PC12"},"125":{"desc":"L1P"},"128":{"desc":"L1P"},"12C":{"t":"BE35"},"12F":{"t":"BE55"},"138":{"t":"T206"},"13A":{"desc":"L1P"},"145":{"t":"P51"},"146":{"t":"DA40"},"148":{"t":"UH1"},"14D":{"t":"AT5T"},"150":{"t":"M20P"},"151":{"t":"E550"},"153":{"t":"C414"},"155":{"desc":"L2J"},"156":{"t":"GLID"},"15E":{"desc":"H1P"},"160":{"t":"FA50"},"161":{"desc":"L1P"},"162":{"t":"C172"},"169":{"t":"M20P"},"16A":{"t":"ASTR"},"16D":{"t":"A320"},"16E":{"t":"C182"},"170":{"t":"B407"},"173":{"desc":"L1P"},"17A":{"t":"C402"},"17B":{"t":"C172"},"17F":{"t":"P51"},"181":{"t":"A319"},"182":{"t":"PC12"},"18A":{"desc":"L1E"},"18E":{"t":"C182"},"191":{"t":"H500"},"193":{"t":"BE35"},"194":{"t":"B06"},"197":{"t":"SR20"},"198":{"desc":"H1P"},"1A1":{"desc":"L1P","t":"ULAC"},"1A5":{"desc":"A1P"},"1BA":{"t":"C68A"},"1C2":{"desc":"L1P"},"1C5":{"desc":"A1P"},"1CA":{"desc":"L1J"},"1CC":{"desc":"G1P"},"1CD":{"t":"B06"},"1CE":{"t":"P28A"},"1D0":{"t":"P51"},"1D3":{"t":"STAR"},"1D6":{"desc":"L1P"},"1D7":{"desc":"L1P","t":"ULAC"},"1DB":{"t":"BALL"},"1DC":{"desc":"H4E"},"1DD":{"desc":"L1P"},"1DE":{"t":"R44"},"1E2":{"t":"M20P"},"1E3":{"desc":"L1P"},"1E6":{"t":"S22T"},"1E7":{"t":"SR22"},"1EB":{"t":"SR22"},"1ED":{"t":"RV12"},"1EF":{"desc":"L1P"},"1F2":{"desc":"L2J"},"1F6":{"t":"BE20"},"1F7":{"t":"C177"},"1F8":{"t":"C182"},"1F9":{"desc":"L1P","t":"ULAC"},"1FA":{"desc":"L1P"},"1FE":{"t":"C525"},"200":{"desc":"L1P","t":"ULAC"},"204":{"desc":"L1P"},"205":{"t":"CL60"},"206":{"t":"COL4"},"209":{"t":"GLID"},"21B":{"t":"C56X"},"231":{"t":"A320"},"234":{"t":"ULAC"},"248":{"desc":"L1P"},"253":{"desc":"L1P","t":"ULAC"},"258":{"t":"C750"},"25A":{"desc":"L1P"},"26E":{"desc":"L1P"},"271":{"desc":"L1P"},"281":{"desc":"L1P"},"28D":{"t":"HUSK"},"292":{"desc":"A1P"},"29B":{"desc":"L1P"},"2A3":{"t":"NAVI"},"2A4":{"t":"C172"},"2A5":{"t":"C152"},"2A6":{"t":"BE35"},"2A7":{"t":"C172"},"2A8":{"t":"C172"},"2AA":{"t":"P28A"},"2AC":{"t":"C340"},"2AE":{"t":"ULAC"},"2AF":{"t":"TAYB"},"2B2":{"t":"C172"},"2B3":{"t":"C72R"},"2B4":{"t":"ULAC"},"2B7":{"desc":"L1P"},"2B9":{"desc":"L1P"},"2BC":{"t":"C150"},"2BD":{"t":"C150"},"2BF":{"t":"C172"},"2C0":{"t":"ULAC"},"2C2":{"t":"C150"},"2C3":{"t":"M4"},"2CB":{"t":"C180"},"2CD":{"t":"BALL"},"2CF":{"t":"C182"},"2D0":{"t":"C172"},"2D1":{"t":"P28A"},"2D4":{"t":"PA24"},"2D5":{"t":"T210"},"2D6":{"t":"C172"},"2D7":{"t":"C82T"},"2D9":{"t":"C206"},"2DB":{"t":"P28A"},"2DD":{"t":"C182"},"2DE":{"desc":"H1P"},"2DF":{"t":"C150"},"2E0":{"t":"C150"},"2E2":{"t":"C172"},"2E4":{"t":"C150"},"2E5":{"t":"C150"},"2E6":{"t":"BALL"},"2E7":{"t":"ULAC"},"2E8":{"t":"M4"},"2EB":{"desc":"L1P"},"2EE":{"t":"C180"},"2EF":{"desc":"L1P","t":"ULAC"},"2F0":{"desc":"L1P"},"2F1":{"t":"PA14"},"2F2":{"desc":"L1P","t":"ULAC"},"2F3":{"t":"NAVI"},"2F4":{"t":"P28A"},"2F7":{"t":"PA24"},"2FA":{"t":"P28R"},"2FE":{"t":"P28A"},"301":{"t":"PA22"},"304":{"t":"ST75"},"307":{"t":"M4"},"30A":{"t":"T6"},"30F":{"desc":"L1P"},"310":{"t":"C182"},"313":{"desc":"L1P"},"314":{"t":"C82S"},"315":{"t":"C172"},"319":{"t":"ST75"},"31A":{"t":"PA24"},"31B":{"t":"C82S"},"31D":{"t":"C82R"},"31F":{"t":"C72R"},"321":{"t":"P28A"},"322":{"t":"CH7A"},"325":{"t":"M4"},"326":{"desc":"L1P","t":"ULAC"},"328":{"t":"ST75"},"32B":{"t":"M4"},"331":{"t":"C152"},"333":{"t":"AT8T"},"334":{"desc":"L1P","t":"ULAC"},"337":{"t":"C172"},"338":{"t":"C340"},"339":{"desc":"H1P"},"33A":{"t":"C152"},"33C":{"t":"C182"},"33E":{"desc":"L1P","t":"ULAC"},"33F":{"t":"C172"},"340":{"t":"P28A"},"341":{"t":"CH7A"},"342":{"t":"T210"},"343":{"desc":"L1P"},"344":{"t":"P28A"},"345":{"t":"P28A"},"347":{"t":"PA22"},"348":{"t":"ST75"},"34A":{"t":"ST75"},"34B":{"t":"ST75"},"34D":{"t":"M4"},"34E":{"t":"O1"},"350":{"t":"C172"},"353":{"t":"C172"},"354":{"t":"J3"},"355":{"t":"BE35"},"357":{"t":"C172"},"35A":{"t":"PA14"},"35B":{"desc":"A1P"},"35C":{"t":"C172"},"35F":{"t":"ST75"},"362":{"t":"C185"},"363":{"t":"P28R"},"367":{"t":"P28R"},"368":{"t":"CH7A"},"36B":{"desc":"G1P","t":"GYRO"},"36C":{"t":"TAYD"},"36F":{"t":"J3"},"371":{"t":"M4"},"373":{"t":"M4"},"377":{"t":"CH7A"},"379":{"t":"C182"},"37A":{"t":"T206"},"37D":{"t":"PA14"},"380":{"t":"P28A"},"381":{"t":"TAYB"},"382":{"desc":"L1P"},"383":{"t":"PA24"},"384":{"t":"C210"},"386":{"t":"C82T"},"389":{"t":"C72R"},"38A":{"t":"P210"},"38B":{"t":"CH7A"},"38D":{"t":"PA22"},"390":{"t":"GLID"},"392":{"t":"M5"},"393":{"desc":"L1P","t":"ULAC"},"395":{"t":"P28A"},"396":{"t":"M5"},"397":{"t":"T50"},"398":{"desc":"L1P"},"399":{"t":"B738"},"39B":{"t":"C310"},"39D":{"t":"C172"},"39F":{"desc":"L1P"},"3A0":{"t":"C172"},"3A1":{"t":"C172"},"3A2":{"t":"C172"},"3A3":{"t":"P28A"},"3A5":{"t":"C172"},"3A6":{"t":"PA24"},"3A8":{"t":"C172"},"3A9":{"t":"P28A"},"3AB":{"t":"C72R"},"3AC":{"t":"C82S"},"3AD":{"t":"P28A"},"3AE":{"t":"CH7A"},"3AF":{"t":"SR22"},"3B1":{"t":"C172"},"3B2":{"t":"ST75"},"3B3":{"t":"C182"},"3B4":{"t":"M5"},"3B7":{"t":"BALL"},"3BC":{"t":"C172"},"3BE":{"t":"BALL"},"3BF":{"t":"C182"},"3C0":{"t":"C180"},"3C1":{"t":"C172"},"3C2":{"desc":"L1P"},"3C3":{"t":"C172"},"3C4":{"t":"C172"},"3C5":{"t":"C172"},"3C9":{"t":"PA24"},"3CB":{"desc":"A1P","t":"ULAC"},"3CC":{"t":"P28A"},"3CD":{"t":"CH7A"},"3CF":{"t":"C172"},"3D2":{"t":"C82S"},"3DE":{"t":"G164"},"3E0":{"t":"J3"},"3E3":{"t":"C172"},"3E4":{"t":"ULAC"},"3E6":{"t":"PA14"},"3E8":{"t":"NAVI"},"3E9":{"t":"P28A"},"3EE":{"t":"C172"},"3EF":{"t":"P28R"},"3F0":{"t":"AT5T"},"3F2":{"desc":"L1P"},"3F3":{"t":"P28A"},"3F4":{"t":"CH7B"},"3F5":{"t":"ULAC"},"3F6":{"t":"PA22"},"402":{"t":"B14A"},"404":{"desc":"L1P"},"406":{"t":"T206"},"407":{"t":"CRJ7"},"40C":{"t":"M7"},"40E":{"t":"AC95"},"40F":{"t":"F2TH"},"410":{"desc":"L1P"},"412":{"desc":"L2T"},"414":{"t":"COL4"},"41B":{"t":"BE35"},"41D":{"t":"C82R"},"41F":{"desc":"L1P"},"420":{"t":"BE58"},"421":{"t":"C195"},"422":{"t":"B06"},"426":{"desc":"L2P"},"42D":{"t":"C340"},"431":{"desc":"A1P"},"434":{"t":"S22T"},"435":{"t":"AC11"},"436":{"t":"CH7A"},"43A":{"t":"F2TH"},"43E":{"t":"BE20"},"43F":{"t":"C182"},"442":{"t":"C56X"},"445":{"t":"LJ31"},"446":{"t":"P46T"},"44A":{"t":"C750"},"44B":{"t":"LJ55"},"44D":{"t":"C340"},"44F":{"desc":"L1P"},"450":{"desc":"L1P","t":"ULAC"},"451":{"t":"GLID"},"453":{"desc":"L1P"},"454":{"t":"P28A"},"455":{"t":"P28A"},"458":{"desc":"L1T"},"459":{"desc":"L1T","t":"PA46"},"45A":{"t":"A359"},"45B":{"t":"C82S"},"45D":{"desc":"L1P"},"45E":{"t":"T206"},"45F":{"t":"BALL"},"467":{"desc":"H1P"},"468":{"desc":"L1P"},"46A":{"t":"C172"},"470":{"t":"BT36"},"472":{"desc":"L1P"},"477":{"t":"E55P"},"47A":{"t":"C25A"},"493":{"t":"C414"},"498":{"desc":"L1P"},"499":{"t":"PAY1"},"49F":{"t":"DA40"},"4A0":{"desc":"L1P"},"4A2":{"t":"BE9L"},"4A4":{"desc":"L1P"},"4A9":{"t":"GA5C"},"4B1":{"desc":"L1P"},"4B7":{"t":"C501"},"4BA":{"t":"HDJT"},"4BD":{"desc":"L1P"},"4CB":{"t":"GLF4"},"4CD":{"t":"BALL"},"4CE":{"desc":"L1P"},"4D0":{"t":"P28A"},"4D1":{"desc":"A1P","t":"ULAC"},"4D2":{"t":"P28A"},"4D4":{"desc":"L1P"},"4D5":{"t":"PA18"},"4DC":{"t":"E35L"},"4E3":{"t":"ST75"},"4E4":{"t":"GLF6"},"4E6":{"desc":"L1P"},"4EA":{"t":"CH7B"},"4F1":{"t":"C182"},"4F4":{"t":"CL60"},"4FC":{"desc":"L1P"},"4FD":{"t":"SR20"},"4FE":{"t":"BALL"},"4FF":{"t":"UH1"},"501":{"desc":"L1P"},"502":{"desc":"L2J"},"503":{"t":"PA31"},"508":{"desc":"H4E"},"50A":{"t":"FA10"},"50C":{"desc":"L2J"},"515":{"t":"WACO"},"519":{"desc":"L1P"},"51C":{"desc":"L1J"},"51D":{"t":"SR22"},"520":{"desc":"L1P"},"521":{"desc":"L1P"},"523":{"t":"EA50"},"526":{"t":"P28A"},"527":{"t":"B407"},"52E":{"t":"C170"},"535":{"t":"DA40"},"538":{"t":"A319"},"541":{"desc":"L1E"},"547":{"t":"SF50"},"548":{"t":"AS50"},"54B":{"t":"BE33"},"54E":{"t":"BL8"},"54F":{"t":"H269"},"550":{"desc":"L1P"},"552":{"t":"GLF6"},"553":{"desc":"L1P"},"557":{"t":"T206"},"55A":{"t":"P28A"},"55B":{"t":"F2TH"},"561":{"desc":"H1P"},"571":{"t":"C68A"},"579":{"desc":"L1P"},"57D":{"t":"C172"},"57F":{"t":"C150"},"580":{"t":"BE58"},"582":{"t":"BT36"},"585":{"t":"PA31"},"587":{"t":"PC12"},"589":{"t":"PA46"},"58B":{"t":"T210"},"58D":{"t":"C150"},"590":{"t":"BE40"},"592":{"t":"PA24"},"593":{"t":"T6"},"595":{"t":"SR22"},"596":{"desc":"L1P"},"597":{"t":"BL8"},"598":{"t":"L8"},"59C":{"desc":"L1P"},"59E":{"t":"SR22"},"5A0":{"t":"C172"},"5A2":{"t":"AA5"},"5A4":{"t":"C414"},"5A9":{"desc":"L2J"},"5AC":{"t":"PA46"},"5AD":{"t":"HUSK"},"5B1":{"t":"RV12"},"5B2":{"t":"BT36"},"5B3":{"desc":"H1T"},"5B4":{"t":"BE40"},"5B6":{"desc":"L1P"},"5B7":{"t":"BE33"},"5BB":{"desc":"L1P"},"5BD":{"desc":"L1P"},"5BF":{"t":"B06"},"5C0":{"t":"PC12"},"5C1":{"t":"C25B"},"5C8":{"t":"R22"},"5CD":{"t":"GLF4"},"5D2":{"t":"C56X"},"5D5":{"desc":"L1P","t":"ULAC"},"5DD":{"t":"BALL"},"5E0":{"t":"S22T"},"5E1":{"desc":"H2T"},"5E5":{"desc":"L1P"},"5E8":{"t":"A320"},"5ED":{"t":"CL30"},"5EF":{"t":"P28A"},"5F6":{"desc":"L1P"},"5F8":{"desc":"L1P"},"5F9":{"t":"C25B"},"604":{"t":"TBM7"},"608":{"t":"S22T"},"612":{"desc":"L1P"},"61D":{"desc":"L1P"},"61F":{"t":"BALL"},"625":{"desc":"L1J"},"628":{"t":"G164"},"63A":{"desc":"L1P","t":"ULAC"},"641":{"desc":"L1P"},"643":{"t":"P51"},"644":{"desc":"L1P"},"65A":{"desc":"L1P"},"65D":{"desc":"L1P"},"65E":{"t":"C172"},"65F":{"t":"BE36"},"662":{"t":"PA14"},"664":{"t":"C208"},"667":{"t":"ST75"},"668":{"t":"PA24"},"669":{"desc":"L1P"},"66D":{"t":"C72R"},"66E":{"t":"C56X"},"66F":{"t":"P28A"},"672":{"t":"PA22"},"673":{"t":"J3"},"675":{"t":"J3"},"676":{"t":"J3"},"67A":{"t":"J3"},"67C":{"t":"J3"},"67D":{"desc":"L1P"},"67E":{"desc":"L2P"},"67F":{"t":"C152"},"680":{"t":"BE35"},"681":{"desc":"L1P"},"682":{"t":"C182"},"683":{"t":"M20P"},"685":{"t":"PA14"},"686":{"t":"C340"},"687":{"t":"NAVI"},"688":{"t":"C152"},"68A":{"t":"ULAC"},"68B":{"t":"PA24"},"68C":{"t":"T210"},"68D":{"t":"C172"},"68E":{"desc":"L1P"},"68F":{"t":"P51"},"693":{"t":"CH7B"},"695":{"t":"PA22"},"696":{"t":"J3"},"699":{"t":"J3"},"69A":{"desc":"L1P","t":"ULAC"},"69B":{"t":"C172"},"69C":{"t":"J3"},"6A1":{"t":"C172"},"6A2":{"desc":"L1T"},"6A4":{"desc":"L2P"},"6A5":{"t":"ULAC"},"6A7":{"t":"ULAC"},"6A9":{"t":"G280"},"6AF":{"t":"C172"},"6B0":{"t":"C172"},"6B1":{"t":"P28A"},"6B3":{"t":"C206"},"6B5":{"t":"P28A"},"6BD":{"t":"J3"},"6BE":{"t":"J3"},"6BF":{"t":"C172"},"6C0":{"t":"ULAC"},"6C1":{"t":"J3"},"6C4":{"t":"B738"},"6C7":{"t":"C182"},"6CA":{"t":"C82S"},"6CC":{"t":"C340"},"6CE":{"t":"P28A"},"6D0":{"t":"ST75"},"6D1":{"t":"PA24"},"6D3":{"t":"C82T"},"6D4":{"t":"P28A"},"6D5":{"t":"CH7B"},"6D6":{"desc":"L1P"},"6DD":{"t":"T6"},"6DE":{"t":"J3"},"6DF":{"t":"J3"},"6E0":{"t":"J3"},"6E4":{"t":"J3"},"6E5":{"t":"J3"},"6EA":{"t":"C172"},"6EB":{"desc":"L1P","t":"ULAC"},"6EC":{"t":"C172"},"6EE":{"t":"C82S"},"6F0":{"desc":"L1P"},"6F1":{"t":"P28A"},"6F2":{"t":"BE23"},"6F3":{"desc":"L1T"},"6F4":{"t":"PA24"},"6F5":{"t":"C172"},"6F6":{"t":"C172"},"6F7":{"t":"P28A"},"6F8":{"t":"C82T"},"6F9":{"desc":"L1P"},"6FA":{"desc":"L1P"},"6FB":{"t":"P28A"},"6FC":{"t":"CH7B"},"700":{"t":"J3"},"701":{"t":"J3"},"706":{"t":"C172"},"707":{"t":"BALL"},"709":{"desc":"L1P"},"70D":{"t":"C182"},"70F":{"t":"C172"},"711":{"desc":"L1P"},"712":{"t":"C172"},"713":{"t":"C172"},"714":{"t":"P28A"},"715":{"t":"BE23"},"717":{"t":"C152"},"71A":{"t":"P28A"},"71B":{"t":"CH7B"},"71C":{"t":"C72R"},"71D":{"desc":"L1P"},"71E":{"t":"P28A"},"721":{"t":"PA22"},"723":{"t":"L8"},"725":{"t":"J3"},"727":{"t":"J3"},"728":{"t":"ULAC"},"729":{"desc":"L1P"},"72B":{"t":"J3"},"72D":{"t":"C172"},"731":{"t":"C180"},"732":{"t":"ULAC"},"734":{"t":"PA14"},"735":{"t":"C172"},"736":{"t":"NAVI"},"738":{"t":"C82S"},"739":{"t":"ST75"},"73B":{"t":"T210"},"73C":{"t":"C172"},"73D":{"t":"P28A"},"73E":{"t":"BALL"},"741":{"t":"P28A"},"742":{"t":"CH7B"},"743":{"t":"T210"},"746":{"t":"J3"},"747":{"t":"T6"},"748":{"t":"M5"},"74A":{"t":"J3"},"74D":{"t":"M5"},"74F":{"desc":"L1P"},"750":{"t":"T206"},"753":{"t":"C182"},"756":{"t":"ULAC"},"757":{"t":"PA14"},"758":{"t":"C340"},"759":{"t":"C172"},"75B":{"desc":"H1P"},"75C":{"t":"C182"},"75D":{"desc":"L1P"},"75E":{"desc":"L1P","t":"ULAC"},"760":{"t":"P28A"},"761":{"t":"ULAC"},"763":{"t":"C172"},"766":{"t":"PA27"},"767":{"t":"C172"},"768":{"t":"J3"},"769":{"t":"M5"},"76A":{"t":"M5"},"76C":{"t":"J3"},"76E":{"desc":"L1P"},"76F":{"t":"C172"},"770":{"t":"M5"},"771":{"t":"M5"},"774":{"t":"ULAC"},"775":{"t":"BE35"},"776":{"desc":"L1P","t":"ULAC"},"777":{"t":"C172"},"778":{"t":"C172"},"77A":{"t":"PA14"},"77B":{"t":"C172"},"77D":{"t":"P28A"},"77E":{"t":"BE23"},"77F":{"t":"ST75"},"781":{"t":"C172"},"782":{"t":"C172"},"785":{"desc":"L1P"},"786":{"t":"ULAC"},"787":{"t":"P28A"},"788":{"t":"CH7B"},"78B":{"t":"C172"},"78D":{"t":"C172"},"78F":{"t":"GLID"},"790":{"t":"M7"},"792":{"t":"M5"},"794":{"t":"BALL"},"796":{"t":"T210"},"798":{"t":"BE35"},"799":{"t":"C182"},"79A":{"desc":"L1P"},"79D":{"t":"PA14"},"79F":{"desc":"L1P"},"7A0":{"t":"ULAC"},"7A1":{"t":"BE23"},"7A2":{"t":"C182"},"7A3":{"desc":"L1P"},"7A4":{"t":"P32R"},"7A5":{"t":"C185"},"7A6":{"t":"P28A"},"7A7":{"t":"CH7A"},"7A8":{"t":"C72R"},"7A9":{"t":"ST75"},"7AA":{"t":"P28A"},"7AD":{"t":"PA22"},"7AE":{"t":"C172"},"7B0":{"t":"M5"},"7B2":{"t":"C172"},"7B6":{"t":"M5"},"7BB":{"t":"P32R"},"7BC":{"t":"CH7B"},"7BE":{"t":"CRJ7"},"7BF":{"t":"P28A"},"7C0":{"t":"PA46"},"7C7":{"t":"C77R"},"7C9":{"t":"C140"},"7CA":{"t":"B738"},"7CB":{"desc":"H8E"},"7CE":{"desc":"L1P"},"7D2":{"desc":"H1T"},"7D5":{"desc":"L1P"},"7D9":{"desc":"L1P"},"7DB":{"desc":"L2J","t":"B38M"},"7DD":{"desc":"L1P","t":"ULAC"},"7E7":{"desc":"L1P"},"7E9":{"desc":"H1P"},"7EA":{"t":"P32R"},"7EB":{"t":"S108"},"7EC":{"t":"C182"},"7ED":{"t":"PC12"},"7EE":{"t":"G280"},"7F4":{"t":"FA50"},"7F6":{"t":"T206"},"7F7":{"t":"C680"},"7F9":{"t":"SR22"},"7FA":{"desc":"L1P"},"7FB":{"t":"SR22"},"7FC":{"t":"C172"},"801":{"t":"E55P"},"804":{"desc":"L1P"},"807":{"desc":"H4E"},"808":{"t":"PA18"},"80B":{"t":"F2TH"},"80E":{"desc":"L1P","t":"ULAC"},"80F":{"t":"PA46"},"810":{"t":"C182"},"816":{"desc":"L2P"},"81E":{"t":"EA50"},"823":{"t":"M20P"},"82E":{"desc":"L1P"},"84C":{"t":"CL30"},"857":{"t":"GLF5"},"864":{"t":"PRM1"},"874":{"desc":"L1P"},"879":{"desc":"L1P"},"882":{"t":"F900"},"883":{"t":"A320"},"88C":{"t":"S108"},"88F":{"t":"R44"},"891":{"t":"SF50"},"893":{"desc":"L1P"},"896":{"t":"C172"},"89C":{"desc":"L1P"},"8A5":{"desc":"L1P"},"8A6":{"t":"C25B"},"8AB":{"t":"S22T"},"8B7":{"desc":"L1P"},"8B8":{"t":"B06"},"8B9":{"t":"A119"},"8BF":{"desc":"L1P"},"8C3":{"t":"CRJ7"},"8CC":{"t":"WACO"},"8CF":{"t":"GLF4"},"8D2":{"t":"F900"},"8D3":{"desc":"G1P"},"8D4":{"desc":"L1P"},"8D5":{"t":"R44"},"8D7":{"t":"SR20"},"8D8":{"desc":"L1P"},"8DD":{"t":"BE76"},"8DE":{"t":"B407"},"8E5":{"t":"E55P"},"8E6":{"desc":"L1P"},"8E8":{"t":"C208"},"8E9":{"t":"C172"},"8EC":{"desc":"L1P","t":"ULAC"},"8EF":{"t":"A319"},"8F6":{"t":"PA44"},"8F8":{"desc":"H6E"},"8FF":{"desc":"H6E"},"901":{"t":"P28A"},"905":{"t":"SR20"},"909":{"t":"GLF6"},"90E":{"t":"C208"},"90F":{"desc":"L1P","t":"ULAC"},"910":{"t":"SR20"},"911":{"t":"P28A"},"913":{"desc":"A1P"},"917":{"desc":"L2P"},"928":{"t":"C68A"},"931":{"t":"T206"},"933":{"desc":"L1P"},"934":{"t":"EC20"},"937":{"desc":"L1P"},"939":{"t":"R44"},"93C":{"desc":"L1P"},"941":{"t":"PA46"},"944":{"desc":"L1P"},"949":{"desc":"L1P"},"94A":{"t":"BE55"},"94B":{"desc":"L1P"},"94C":{"desc":"L1P"},"957":{"t":"C172"},"959":{"t":"SR22"},"95B":{"t":"C68A"},"960":{"desc":"L2J"},"964":{"desc":"L1P"},"965":{"t":"C82S"},"966":{"desc":"L1P"},"969":{"t":"C172"},"96A":{"t":"H25B"},"96D":{"desc":"L1P"},"96F":{"desc":"L1P"},"972":{"t":"GLF3"},"973":{"t":"R66"},"977":{"desc":"L1P"},"978":{"t":"C25B"},"999":{"t":"GLF4"},"9AD":{"t":"BE35"},"9DC":{"desc":"L1J"},"9F8":{"t":"BALL"},"9FE":{"desc":"L1T"},"A11":{"desc":"L1P"},"A12":{"t":"C172"},"A13":{"t":"B47G"},"A14":{"t":"BE35"},"A15":{"t":"C182"},"A16":{"t":"C172"},"A18":{"desc":"L1P"},"A19":{"t":"PA14"},"A1B":{"t":"NAVI"},"A1C":{"t":"P28A"},"A1F":{"desc":"L1P","t":"ULAC"},"A21":{"t":"C172"},"A22":{"t":"P28A"},"A23":{"t":"C82R"},"A27":{"t":"CH7B"},"A28":{"t":"C82S"},"A29":{"t":"PA22"},"A2C":{"t":"M5"},"A2D":{"t":"ULAC"},"A30":{"desc":"L1P"},"A32":{"t":"C172"},"A34":{"t":"CL30"},"A35":{"t":"C172"},"A38":{"t":"C182"},"A3F":{"t":"P28A"},"A40":{"t":"BE23"},"A41":{"t":"C182"},"A42":{"t":"PA24"},"A45":{"t":"P28A"},"A46":{"t":"CH7A"},"A47":{"t":"C206"},"A48":{"desc":"L1P","t":"ULAC"},"A4B":{"t":"BALL"},"A51":{"t":"C172"},"A53":{"t":"C172"},"A56":{"t":"M5"},"A58":{"t":"C172"},"A59":{"t":"B47G"},"A5B":{"t":"C182"},"A5D":{"t":"C172"},"A5E":{"desc":"L1P"},"A61":{"t":"NAVI"},"A62":{"t":"P28A"},"A63":{"t":"BE23"},"A64":{"t":"ULAC"},"A65":{"t":"PA24"},"A67":{"t":"C172"},"A68":{"t":"P28A"},"A69":{"t":"CH7A"},"A6A":{"desc":"H1P"},"A6D":{"t":"CH7A"},"A6E":{"t":"ULAC"},"A6F":{"desc":"L1P"},"A70":{"t":"M5"},"A71":{"t":"M5"},"A75":{"t":"FA62"},"A76":{"t":"M5"},"A77":{"t":"PA18"},"A78":{"t":"FA62"},"A79":{"t":"M5"},"A7A":{"desc":"L1P"},"A7B":{"t":"C172"},"A7C":{"desc":"L1P","t":"ULAC"},"A7E":{"t":"C172"},"A7F":{"t":"C185"},"A81":{"desc":"L1P"},"A82":{"t":"C172"},"A83":{"t":"C340"},"A85":{"t":"P28A"},"A86":{"t":"P28R"},"A88":{"t":"PA24"},"A8B":{"t":"P28A"},"A8C":{"t":"CH7B"},"A8D":{"t":"C72R"},"A8E":{"t":"C72R"},"A8F":{"t":"P28A"},"A92":{"t":"C172"},"A94":{"t":"M5"},"A95":{"t":"M5"},"A98":{"t":"M5"},"A99":{"t":"M5"},"A9A":{"t":"C172"},"A9B":{"t":"M5"},"A9C":{"desc":"L2P"},"A9E":{"t":"ULAC"},"AA2":{"t":"C172"},"AA3":{"t":"C182"},"AA8":{"desc":"L1P","t":"ULAC"},"AA9":{"t":"BE76"},"AAA":{"t":"C182"},"AAB":{"t":"PA24"},"AAE":{"t":"P28A"},"AAF":{"t":"CH7A"},"AB0":{"t":"C82S"},"AB2":{"t":"P28A"},"AB3":{"t":"C82S"},"AB7":{"desc":"L1P","t":"ULAC"},"ABC":{"t":"ULAC"},"ABD":{"t":"M5"},"ABE":{"t":"M5"},"AC0":{"desc":"L1P"},"AC1":{"t":"C172"},"AC2":{"t":"C152"},"AC3":{"t":"BE35"},"AC4":{"t":"C182"},"AC5":{"t":"ULAC"},"AC9":{"t":"C340"},"ACC":{"t":"C172"},"ACD":{"t":"ST75"},"AD0":{"t":"C172"},"AD1":{"t":"P28A"},"AD3":{"desc":"L1P"},"AD5":{"t":"P28A"},"ADA":{"t":"C82S"},"ADD":{"t":"C172"},"ADE":{"t":"M5"},"AE2":{"t":"EN28"},"AE3":{"desc":"L1P"},"AE4":{"t":"C172"},"AE5":{"t":"RC3"},"AE8":{"t":"C180"},"AE9":{"t":"C172"},"AEB":{"t":"C82S"},"AEC":{"t":"AT6T"},"AED":{"t":"ULAC"},"AEE":{"t":"P28A"},"AEF":{"t":"BE76"},"AF1":{"t":"P180"},"AF3":{"t":"C172"},"AF4":{"t":"P28A"},"AF9":{"t":"CH7B"},"AFA":{"t":"C182"},"AFB":{"t":"PA22"},"AFD":{"desc":"L1P"},"B01":{"desc":"H1P"},"B03":{"desc":"L1P"},"B05":{"desc":"H1P"},"B06":{"desc":"L1P"},"B07":{"t":"B738"},"B08":{"t":"B47G"},"B0B":{"t":"C172"},"B0D":{"t":"O1"},"B0E":{"t":"C172"},"B10":{"t":"NAVI"},"B12":{"t":"BE23"},"B14":{"t":"PA24"},"B17":{"t":"P28A"},"B1A":{"t":"B47G"},"B1B":{"t":"P28A"},"B1C":{"t":"CH7B"},"B1E":{"t":"PA22"},"B1F":{"t":"C172"},"B24":{"t":"PA18"},"B25":{"t":"ST75"},"B2A":{"t":"T210"},"B2F":{"t":"AT5T"},"B30":{"t":"O1"},"B31":{"t":"PA14"},"B33":{"t":"NAVI"},"B35":{"desc":"L1P"},"B36":{"t":"C182"},"B37":{"t":"PA24"},"B3B":{"t":"CH7B"},"B3D":{"t":"C172"},"B3E":{"t":"P28A"},"B3F":{"t":"CH7A"},"B47":{"t":"BE65"},"B49":{"t":"AA5"},"B4C":{"desc":"L1P"},"B4E":{"desc":"L1P"},"B50":{"t":"C182"},"B51":{"t":"C172"},"B53":{"t":"O1"},"B55":{"t":"C340"},"B57":{"t":"P28A"},"B58":{"t":"BE24"},"B5C":{"t":"C172"},"B5D":{"t":"P28A"},"B60":{"t":"C72R"},"B62":{"t":"CH7A"},"B64":{"t":"PA22"},"B65":{"t":"FA62"},"B66":{"desc":"H1P"},"B68":{"desc":"H1P"},"B6E":{"desc":"H1P"},"B70":{"t":"P28A"},"B75":{"t":"CRJ7"},"B76":{"t":"P28A"},"B77":{"t":"SF50"},"B81":{"t":"B738"},"B82":{"desc":"L1P","t":"B752"},"B88":{"t":"CJ6"},"B8A":{"t":"GLID"},"B8B":{"t":"CL60"},"B93":{"t":"GLID"},"B99":{"t":"T206"},"B9E":{"t":"P28A"},"BA3":{"t":"C172"},"BA4":{"t":"M20P"},"BA6":{"t":"SR22"},"BA8":{"t":"C750"},"BAB":{"t":"C525"},"BAE":{"t":"BE36"},"BB0":{"t":"SR22"},"BB2":{"t":"LJ60"},"BBD":{"t":"C182"},"BC1":{"desc":"L1P"},"BC4":{"t":"BE36"},"BC6":{"t":"C172"},"BC7":{"desc":"L1P"},"BCC":{"t":"DA40"},"BCD":{"desc":"L1P","t":"ULAC"},"BD0":{"t":"GLF5"},"BD1":{"t":"GLID"},"BD9":{"desc":"L4P"},"BE0":{"desc":"L1P"},"BE4":{"t":"C172"},"BE6":{"desc":"L1P"},"BED":{"desc":"L1P"},"BEE":{"desc":"L1P","t":"ULAC"},"BF1":{"t":"P32R"},"C03":{"t":"CL30"},"C06":{"desc":"L1P"},"C07":{"t":"GLF5"},"C11":{"t":"PC12"},"C12":{"desc":"L1T"},"C13":{"desc":"L1P","t":"ULAC"},"C17":{"desc":"L1P"},"C1F":{"desc":"L1P"},"C20":{"t":"BE36"},"C22":{"t":"C402"},"C38":{"desc":"L1P"},"C39":{"desc":"L1P"},"C3A":{"t":"A320"},"C3B":{"t":"P28A"},"C40":{"desc":"L1P"},"C43":{"t":"BE35"},"C44":{"t":"C525"},"C46":{"desc":"L1P"},"C48":{"t":"S22T"},"C49":{"t":"E300"},"C4A":{"desc":"L1P","t":"ULAC"},"C4C":{"desc":"H4E"},"C51":{"t":"B350"},"C53":{"desc":"L1P"},"C58":{"t":"BE35"},"C5A":{"t":"C25B"},"C63":{"t":"R44"},"C66":{"desc":"L1P"},"C6A":{"desc":"L1P"},"C6C":{"t":"BALL"},"C6F":{"desc":"L1P"},"C72":{"t":"PC24"},"C76":{"t":"SR22"},"C7A":{"t":"H25C"},"C7F":{"desc":"L1P"},"C83":{"desc":"L1P"},"C84":{"t":"C182"},"C86":{"t":"AS50"},"C8B":{"t":"C421"},"C8F":{"t":"P32T"},"C91":{"desc":"L2P"},"C93":{"t":"BE58"},"C94":{"t":"C82R"},"C95":{"t":"EC35"},"C97":{"desc":"A1P"},"C9C":{"desc":"L1P"},"CA0":{"t":"C172"},"CA6":{"t":"A319"},"CB5":{"desc":"L1P"},"CB6":{"desc":"H1T"},"CB7":{"t":"GLID"},"CB9":{"t":"C25A"},"CC6":{"t":"M20P"},"CC7":{"t":"SR20"},"CCC":{"t":"BE33"},"CCD":{"t":"SR22"},"CDF":{"desc":"H4E","t":"GLF5"},"CE8":{"t":"C150"},"CE9":{"t":"BE58"},"CEA":{"t":"H500"},"CEF":{"t":"C310"},"CF2":{"desc":"L1P"},"CF8":{"desc":"L1P"},"CF9":{"t":"ULAC"},"CFB":{"desc":"L1P"},"CFC":{"desc":"L1T"},"D00":{"desc":"L1P","t":"ULAC"},"D01":{"t":"C206"},"D02":{"t":"S22T"},"D03":{"t":"P28A"},"D06":{"desc":"H1T"},"D07":{"t":"AT5T"},"D08":{"desc":"L1P"},"D0B":{"t":"PA34"},"D0C":{"t":"C172"},"D0E":{"desc":"H4E"},"D10":{"t":"P28A"},"D11":{"t":"H25B"},"D15":{"t":"SR22"},"D17":{"desc":"L2J"},"D19":{"desc":"L1P","t":"ULAC"},"D1C":{"desc":"L1P"},"D20":{"t":"C170"},"D25":{"t":"BALL"},"D27":{"desc":"L1P"},"D2E":{"t":"GLF5"},"D4C":{"t":"ULAC"},"D4D":{"desc":"L1P"},"D54":{"t":"AT5T"},"D56":{"t":"A320"},"D64":{"t":"C140"},"D67":{"t":"PA18"},"D7C":{"t":"CL30"},"D7D":{"t":"COL4"},"DA6":{"desc":"L1P"},"DC9":{"t":"PA18"},"DCB":{"t":"BE35"},"DCC":{"t":"C182"},"DCF":{"t":"O1"},"DD1":{"t":"P32R"},"DD2":{"t":"C172"},"DD4":{"t":"BE23"},"DD5":{"t":"C182"},"DD6":{"t":"PA24"},"DDA":{"t":"CH7A"},"DDE":{"t":"CH7A"},"DE1":{"t":"C172"},"DE4":{"t":"T206"},"DE6":{"t":"T28"},"DE9":{"t":"ULAC"},"DEB":{"desc":"L1P"},"DEC":{"t":"C172"},"DED":{"t":"C152"},"DEE":{"t":"BE35"},"DEF":{"t":"C182"},"DF0":{"t":"C182"},"DF1":{"desc":"L1P"},"DF3":{"t":"C172"},"DF5":{"t":"C172"},"DF6":{"t":"P28A"},"DFB":{"t":"C172"},"DFC":{"t":"C82R"},"DFD":{"t":"CH7A"},"DFE":{"t":"C72R"},"DFF":{"t":"C210"},"E00":{"t":"P28A"},"E04":{"t":"T206"},"E0A":{"t":"ULAC"},"E0E":{"t":"T34P"},"E0F":{"t":"C172"},"E10":{"t":"B47G"},"E16":{"t":"C172"},"E1E":{"t":"C185"},"E20":{"t":"CH7A"},"E22":{"desc":"L1P"},"E23":{"t":"C172"},"E24":{"t":"CH7A"},"E26":{"t":"PA22"},"E29":{"desc":"L1P","t":"ULAC"},"E2A":{"t":"EN28"},"E2D":{"t":"ULAC"},"E36":{"t":"C180"},"E3A":{"t":"ULAC"},"E3B":{"t":"NAVI"},"E3C":{"t":"P28A"},"E3F":{"t":"PA24"},"E42":{"t":"P28A"},"E43":{"t":"CH7A"},"E44":{"t":"C206"},"E45":{"t":"C172"},"E46":{"t":"P28A"},"E47":{"t":"CH7A"},"E49":{"t":"PA22"},"E4A":{"t":"EN28"},"E4C":{"t":"C182"},"E4E":{"desc":"L1J"},"E4F":{"t":"EN28"},"E53":{"t":"EN28"},"E54":{"desc":"L1P"},"E55":{"t":"C172"},"E56":{"t":"C152"},"E57":{"t":"BE35"},"E59":{"t":"C172"},"E5B":{"t":"O1"},"E5C":{"t":"C172"},"E5E":{"t":"NAVI"},"E60":{"t":"TAYB"},"E61":{"desc":"L1P"},"E65":{"t":"P28A"},"E66":{"t":"CH7A"},"E67":{"t":"BALL"},"E6C":{"t":"PA22"},"E6D":{"t":"M20P"},"E6E":{"t":"B06"},"E73":{"t":"BE17"},"E74":{"t":"B06"},"E75":{"t":"C172"},"E78":{"t":"C172"},"E79":{"t":"AT3T"},"E7A":{"t":"BE35"},"E7C":{"t":"C172"},"E7D":{"t":"SR22"},"E7E":{"t":"O1"},"E80":{"t":"C340"},"E82":{"t":"SR22"},"E84":{"t":"C182"},"E85":{"t":"C182"},"E88":{"t":"P28A"},"E89":{"t":"CH7B"},"E8B":{"t":"AT6T"},"E8E":{"t":"C172"},"E97":{"desc":"H1P"},"E98":{"desc":"H1P"},"E9E":{"t":"ULAC"},"E9F":{"t":"C182"},"EA2":{"t":"PA14"},"EA4":{"t":"NAVI"},"EA5":{"t":"P28A"},"EA6":{"t":"PA12"},"EA7":{"t":"ST75"},"EAA":{"t":"C72R"},"EAB":{"t":"P28A"},"EAC":{"t":"CH7B"},"EAE":{"t":"C72R"},"EB0":{"t":"CH7B"},"EB3":{"t":"T50"},"EB4":{"t":"BALL"},"EB5":{"t":"BALL"},"EB9":{"t":"ULAC"},"EBB":{"desc":"H1P"},"EBC":{"desc":"H1P"},"EC1":{"t":"C182"},"EC2":{"t":"C180"},"EC3":{"t":"P28A"},"EC5":{"t":"C172"},"EC6":{"t":"ULAC"},"EC9":{"t":"BE58"},"ECA":{"t":"C182"},"ECB":{"t":"PA24"},"ECF":{"t":"CH7A"},"ED2":{"t":"P28A"},"ED3":{"t":"CH7A"},"ED4":{"desc":"L1P"},"ED6":{"desc":"H1P"},"ED7":{"t":"AT6T"},"EDA":{"desc":"H1P"},"EDC":{"desc":"L1P"},"EDD":{"t":"BALL"},"EDE":{"desc":"H1P"},"EE1":{"t":"PA18"},"EE3":{"t":"BE35"},"EE5":{"t":"C180"},"EE6":{"t":"C172"},"EE9":{"t":"C340"},"EEB":{"t":"P28A"},"EEC":{"t":"TAYB"},"EED":{"t":"ST75"},"EF0":{"t":"C172"},"EF1":{"t":"C172"},"EF3":{"t":"C172"},"EF5":{"t":"P28A"},"EF6":{"t":"ULAC"},"EF7":{"t":"C172"},"EF8":{"t":"PA22"},"EFB":{"t":"C182"},"EFC":{"t":"T206"},"EFD":{"t":"C182"},"EFE":{"t":"C182"},"EFF":{"desc":"H1P"},"F00":{"t":"EN28"},"F01":{"desc":"H1P"},"F02":{"desc":"H1P"},"F03":{"desc":"H1P"},"F04":{"t":"B738"},"F05":{"t":"C82S"},"F06":{"t":"PA31"},"F07":{"t":"C182"},"F0A":{"t":"O1"},"F0B":{"t":"C172"},"F11":{"t":"PA24"},"F15":{"t":"CH7A"},"F16":{"t":"C206"},"F17":{"t":"C72R"},"F19":{"t":"CH7B"},"F1C":{"t":"AA5"},"F1F":{"t":"C172"},"F20":{"t":"C172"},"F26":{"t":"BE35"},"F29":{"t":"BE33"},"F2A":{"t":"CH7B"},"F2C":{"t":"CRJ7"},"F2D":{"t":"P28A"},"F2E":{"t":"BE9L"},"F31":{"desc":"L1P"},"F33":{"t":"PA46"},"F35":{"t":"BE23"},"F37":{"t":"C56X"},"F38":{"t":"B738"},"F3C":{"t":"SR22"},"F40":{"t":"C421"},"F41":{"t":"SR22"},"F42":{"t":"P28A"},"F44":{"desc":"L1P"},"F4E":{"t":"SR22"},"F55":{"t":"P28A"},"F59":{"t":"PA46"},"F5A":{"t":"C172"},"F5C":{"desc":"L1P"},"F5D":{"t":"SR22"},"F62":{"desc":"L2J"},"F64":{"t":"CL60"},"F65":{"t":"PA30"},"F67":{"t":"SR22"},"F69":{"t":"C182"},"F72":{"desc":"L1P"},"F74":{"desc":"L1P"},"F76":{"t":"GLEX"},"F78":{"desc":"L1P"},"F7E":{"desc":"L1P","t":"ULAC"},"F80":{"t":"PA32"},"F82":{"desc":"L1P"},"F84":{"desc":"H1P"},"F86":{"t":"C82S"},"F8B":{"desc":"L1P"},"F8C":{"desc":"G1P"},"F90":{"desc":"L1P","t":"ULAC"},"F99":{"desc":"L1P"},"F9B":{"t":"PC12"},"FBA":{"t":"CL30"},"FBD":{"desc":"L1P"},"FBE":{"t":"GLF5"},"FC9":{"t":"PA18"},"FCE":{"t":"GLF4"},"FD6":{"desc":"L1P"},"FD7":{"t":"UH12"},"FDF":{"t":"C185"},"FE6":{"t":"CL30"},"FEF":{"t":"R44"},"FF0":{"t":"CL60"},"FF6":{"t":"CL60"},"FF7":{"desc":"L1P"},"FF8":{"t":"C208"}}