{"003":{"desc":"L1P"},"00B":{"t":"A320"},"00C":{"t":"PA46"},"00D":{"desc":"L1P"},"011":{"desc":"L1P"},"019":{"desc":"L1P"},"020":{"t":"PA18"},"027":{"desc":"L1P"},"032":{"desc":"L1P"},"033":{"t":"B763"},"038":{"t":"A119"},"03E":{"t":"C208"},"044":{"t":"C182"},"047":{"t":"H269"},"04A":{"desc":"L1P"},"04B":{"desc":"L1P"},"04C":{"t":"HUSK"},"052":{"desc":"L1P"},"057":{"t":"P28B"},"059":{"t":"C210"},"05C":{"desc":"L1P"},"060":{"desc":"H1T"},"065":{"t":"B752"},"068":{"t":"C172"},"06E":{"t":"A319"},"074":{"desc":"L1P"},"07E":{"desc":"H6E"},"081":{"desc":"L1P"},"083":{"desc":"H1P"},"088":{"t":"C180"},"089":{"t":"BE55"},"08F":{"t":"FA62"},"090":{"t":"P28A"},"092":{"t":"S22T"},"095":{"desc":"L1P"},"0A7":{"t":"C68A"},"0B1":{"desc":"H2T"},"0B8":{"desc":"L2P"},"0B9":{"t":"GLID"},"0BF":{"t":"U21"},"0C3":{"desc":"L1P"},"0C4":{"desc":"L1P"},"0C8":{"t":"SR22"},"0C9":{"t":"M20P"},"0CB":{"t":"AEST"},"0CC":{"t":"GLF4"},"0D4":{"t":"FA50"},"0D6":{"desc":"L1P"},"0D8":{"t":"SR22"},"0DA":{"t":"COL4"},"0E1":{"desc":"L1P"},"0E3":{"t":"S22T"},"0E4":{"t":"DIMO"},"0EB":{"desc":"L1P"},"0F1":{"t":"R44"},"0F2":{"t":"SR22"},"0F6":{"t":"PC12"},"0FA":{"t":"C182"},"108":{"t":"BALL"},"114":{"t":"A319"},"115":{"t":"C182"},"11E":{"t":"A320"},"123":{"desc":"L2P"},"125":{"t":"HUSK"},"12C":{"desc":"L1P"},"13A":{"desc":"L1P"},"13C":{"t":"C172"},"13E":{"desc":"L1P"},"141":{"desc":"L1T"},"143":{"desc":"L2T"},"176":{"desc":"L1P","t":"ULAC"},"177":{"desc":"L1P"},"182":{"desc":"L1P"},"18F":{"desc":"L1P"},"191":{"t":"T210"},"193":{"t":"BE35"},"194":{"t":"C172"},"195":{"t":"BALL"},"19A":{"t":"C172"},"19D":{"t":"C182"},"19E":{"t":"C152"},"1A0":{"t":"C172"},"1A2":{"t":"C82T"},"1A4":{"desc":"L1P"},"1A5":{"t":"P28A"},"1A8":{"t":"PA22"},"1AB":{"t":"C172"},"1AD":{"t":"C77R"},"1AF":{"t":"C172"},"1B0":{"t":"C182"},"1B1":{"t":"C182"},"1B4":{"t":"B738"},"1B9":{"t":"C172"},"1BB":{"t":"PA16"},"1BC":{"t":"C414"},"1C0":{"t":"C182"},"1C1":{"t":"PA24"},"1C4":{"desc":"L1P"},"1C6":{"t":"C72R"},"1C8":{"t":"SR22"},"1C9":{"t":"CH7A"},"1CA":{"t":"T210"},"1CB":{"t":"PA22"},"1CC":{"t":"BALL"},"1CD":{"t":"M20P"},"1CE":{"t":"C77R"},"1D3":{"t":"C182"},"1D5":{"t":"C77R"},"1D6":{"t":"CL30"},"1D7":{"t":"M20P"},"1DA":{"t":"C180"},"1DC":{"t":"M20P"},"1DD":{"t":"O1"},"1DE":{"t":"C172"},"1E1":{"t":"P28A"},"1E5":{"t":"C82S"},"1E7":{"t":"PA32"},"1E8":{"t":"P28R"},"1E9":{"t":"C172"},"1EA":{"desc":"L2P"},"1ED":{"t":"C172"},"1EF":{"t":"C182"},"1F0":{"t":"C182"},"1F3":{"t":"C182"},"1F4":{"t":"BALL"},"1F8":{"t":"C182"},"1F9":{"t":"C560"},"1FB":{"t":"M20P"},"1FC":{"t":"BE35"},"200":{"t":"O1"},"201":{"t":"PA16"},"202":{"t":"BALL"},"204":{"t":"P28A"},"206":{"t":"ST75"},"208":{"t":"C172"},"20B":{"t":"PA32"},"20D":{"t":"T210"},"20E":{"t":"P28A"},"20F":{"t":"CH7B"},"211":{"t":"PA22"},"212":{"t":"C182"},"213":{"t":"ULAC"},"215":{"t":"C172"},"216":{"t":"C77R"},"218":{"t":"C77R"},"21A":{"t":"C182"},"21F":{"t":"T210"},"220":{"t":"C172"},"223":{"t":"O1"},"225":{"t":"C414"},"226":{"t":"C172"},"22A":{"t":"PA24"},"22B":{"desc":"H1T"},"22C":{"t":"C82S"},"230":{"desc":"L1P"},"231":{"t":"P28A"},"232":{"t":"CH7B"},"235":{"t":"C77R"},"236":{"t":"M20P"},"237":{"t":"T206"},"238":{"t":"C77R"},"23B":{"t":"M20P"},"23C":{"t":"C77R"},"242":{"t":"C310"},"243":{"t":"C172"},"244":{"t":"C172"},"246":{"t":"BALL"},"247":{"t":"PA16"},"248":{"t":"C414"},"24A":{"t":"C152"},"24B":{"t":"TAYB"},"24D":{"t":"M20T"},"24E":{"t":"C150"},"24F":{"t":"C172"},"250":{"t":"PA32"},"253":{"t":"C210"},"254":{"t":"P28A"},"255":{"t":"CH7B"},"25A":{"t":"ST75"},"25C":{"t":"C172"},"25E":{"t":"ST75"},"25F":{"t":"C82S"},"260":{"t":"BALL"},"263":{"t":"C310"},"266":{"t":"C172"},"267":{"t":"C172"},"269":{"t":"T206"},"26A":{"t":"PA16"},"26B":{"desc":"L1P","t":"ULAC"},"26C":{"t":"C172"},"26D":{"t":"C152"},"273":{"t":"P28R"},"274":{"t":"BALL"},"275":{"t":"C72R"},"277":{"t":"P28A"},"278":{"t":"CH7B"},"27B":{"t":"C77R"},"27D":{"t":"C77R"},"27E":{"t":"C77R"},"282":{"t":"C77R"},"284":{"t":"C77R"},"288":{"t":"BE35"},"28A":{"t":"C172"},"28B":{"t":"C172"},"28D":{"t":"C182"},"290":{"t":"P28A"},"293":{"t":"PA24"},"294":{"t":"C150"},"295":{"t":"C172"},"296":{"t":"C82R"},"299":{"t":"T210"},"29A":{"t":"M20T"},"29B":{"t":"CH7B"},"29C":{"t":"C172"},"29F":{"t":"C172"},"2A0":{"t":"ULAC"},"2A1":{"t":"ST75"},"2A2":{"t":"C182"},"2A8":{"t":"T34P"},"2AA":{"t":"M20P"},"2AB":{"t":"PA34"},"2AE":{"t":"C172"},"2AF":{"t":"O1"},"2B0":{"t":"C172"},"2B1":{"t":"C172"},"2B2":{"t":"C172"},"2B5":{"t":"ST75"},"2B7":{"t":"C150"},"2B8":{"t":"C172"},"2BA":{"t":"P28A"},"2BB":{"t":"C72R"},"2C0":{"t":"BALL"},"2C1":{"t":"C77R"},"2C2":{"t":"C182"},"2C4":{"t":"C172"},"2C5":{"t":"C77R"},"2C6":{"t":"C172"},"2C7":{"t":"BE17"},"2C8":{"t":"C182"},"2C9":{"t":"ST75"},"2CA":{"t":"C182"},"2CF":{"t":"C77R"},"2D0":{"t":"C180"},"2D2":{"t":"O1"},"2D5":{"t":"NAVI"},"2D6":{"t":"P28A"},"2D8":{"t":"C172"},"2DB":{"t":"M20T"},"2DC":{"t":"C82R"},"2DD":{"t":"P28A"},"2E0":{"t":"P28A"},"2E7":{"desc":"L1P"},"2E8":{"t":"C182"},"2E9":{"t":"C77R"},"2EA":{"t":"C77R"},"2EC":{"t":"C182"},"2EF":{"t":"C150"},"2F1":{"desc":"L1P"},"2F6":{"t":"SR22"},"2F7":{"t":"E190"},"2FC":{"t":"C172"},"300":{"t":"B738"},"304":{"desc":"L1P"},"308":{"desc":"A1P"},"30B":{"desc":"L1P"},"30C":{"desc":"L1P"},"30E":{"t":"EC35"},"30F":{"desc":"L1P"},"310":{"t":"BE58"},"312":{"t":"P28A"},"314":{"t":"C206"},"316":{"t":"BALL"},"319":{"desc":"L1P"},"31F":{"t":"AT6T"},"321":{"t":"S108"},"322":{"t":"C172"},"323":{"t":"PA31"},"324":{"desc":"L1P"},"325":{"t":"SR22"},"328":{"desc":"L1P"},"329":{"t":"BE20"},"32C":{"desc":"L1P"},"32D":{"t":"TWEN"},"32F":{"t":"SR22"},"331":{"t":"SR22"},"33A":{"t":"C310"},"33D":{"desc":"L1P"},"33E":{"t":"GLF4"},"343":{"t":"F2TH"},"346":{"t":"T206"},"34A":{"t":"GLID"},"34B":{"t":"C172"},"34E":{"t":"C25B"},"34F":{"desc":"L1P"},"354":{"t":"CRJ7"},"356":{"desc":"L1P"},"357":{"t":"L8"},"358":{"t":"C56X"},"368":{"t":"C501"},"36C":{"desc":"L1P"},"36E":{"desc":"H1T"},"371":{"t":"MD11"},"377":{"t":"P28A"},"37C":{"t":"AT8T"},"382":{"t":"CL30"},"385":{"t":"PA18"},"386":{"t":"GLF5"},"396":{"t":"SR20"},"397":{"t":"AC11"},"3AA":{"desc":"L1P"},"3AF":{"t":"H60"},"3B2":{"t":"C25B"},"3B7":{"t":"AEST"},"3B8":{"t":"CL60"},"3BA":{"t":"GLF4"},"3BD":{"t":"PA22"},"3BE":{"t":"GLF4"},"3BF":{"t":"C340"},"3C1":{"t":"SR22"},"3C2":{"t":"A320"},"3C5":{"t":"GLID"},"3C7":{"desc":"L1T"},"3C9":{"desc":"L1P"},"3D0":{"desc":"L1P"},"3D2":{"t":"H60"},"3DC":{"t":"C182"},"3E9":{"t":"P28A"},"3EB":{"desc":"L1P"},"3EC":{"t":"S22T"},"3F9":{"desc":"L1P"},"3FA":{"desc":"L1P"},"402":{"t":"C525"},"403":{"t":"EA50"},"405":{"t":"SR20"},"407":{"t":"EC35"},"408":{"desc":"L1P"},"40D":{"t":"BE55"},"40F":{"desc":"L1P"},"414":{"t":"B407"},"417":{"t":"HDJT"},"41D":{"t":"H60"},"41F":{"t":"C172"},"425":{"t":"A319"},"429":{"t":"C750"},"42E":{"desc":"H10E"},"434":{"t":"F900"},"435":{"t":"LJ35"},"436":{"t":"PC12"},"43B":{"desc":"H1P"},"43E":{"t":"AT3T"},"440":{"t":"BE40"},"441":{"t":"PRM1"},"445":{"t":"S22T"},"446":{"t":"C525"},"449":{"desc":"L1P"},"44D":{"desc":"L2P"},"45E":{"t":"C68A"},"46A":{"desc":"L1P"},"46E":{"t":"R22"},"46F":{"t":"M20P"},"471":{"desc":"L1P"},"476":{"t":"BALL"},"477":{"t":"BE36"},"478":{"desc":"L1P"},"47A":{"desc":"L1P"},"47D":{"t":"C560"},"480":{"desc":"L1P","t":"ULAC"},"482":{"t":"P28A"},"48A":{"t":"BALL"},"48D":{"desc":"L1P"},"491":{"t":"C140"},"498":{"t":"BE55"},"499":{"t":"BE58"},"49A":{"t":"PA46"},"49B":{"t":"BT36"},"49C":{"t":"SR20"},"49E":{"t":"GLID"},"4A0":{"t":"S22T"},"4A4":{"t":"M20P"},"4A8":{"t":"SR22"},"4CB":{"t":"A319"},"4CC":{"t":"R44"},"4D4":{"t":"PC12"},"4D5":{"t":"A320"},"4D6":{"desc":"L1P"},"4DC":{"desc":"L2P"},"4E3":{"t":"M20P"},"4E8":{"desc":"H1P"},"4EF":{"desc":"L1P"},"4F1":{"t":"P28R"},"4F8":{"t":"SR22"},"4FC":{"desc":"L1P"},"507":{"desc":"L1P"},"515":{"t":"PA12"},"51F":{"desc":"L1P"},"547":{"desc":"A1P"},"54A":{"t":"BE35"},"54B":{"t":"C180"},"54E":{"t":"C172"},"54F":{"t":"C172"},"554":{"t":"ST75"},"556":{"t":"C150"},"558":{"t":"C82T"},"55B":{"t":"T6"},"55C":{"t":"M20P"},"561":{"t":"C172"},"562":{"t":"C172"},"563":{"t":"T50"},"564":{"t":"C182"},"567":{"t":"C182"},"56C":{"t":"T206"},"56D":{"t":"BE35"},"56F":{"t":"BALL"},"570":{"t":"C82S"},"575":{"t":"P28A"},"576":{"t":"C140"},"579":{"t":"C150"},"57A":{"t":"C172"},"57B":{"t":"C82T"},"57C":{"t":"P28R"},"57D":{"t":"C72R"},"57F":{"t":"P28A"},"580":{"t":"CH7B"},"582":{"t":"PA22"},"584":{"desc":"L1P"},"585":{"t":"C172"},"586":{"t":"C77R"},"587":{"t":"C182"},"588":{"t":"C82S"},"589":{"t":"C77R"},"58C":{"t":"C77R"},"58E":{"t":"PA23"},"590":{"t":"BE35"},"591":{"desc":"H1P"},"592":{"t":"C172"},"594":{"t":"C310"},"597":{"t":"M20P"},"59A":{"t":"C172"},"59B":{"t":"PA24"},"59D":{"t":"C172"},"5A0":{"t":"C206"},"5A4":{"t":"BALL"},"5A5":{"t":"PA22"},"5A6":{"t":"C172"},"5A9":{"t":"C77R"},"5AA":{"t":"ST75"},"5AB":{"t":"C172"},"5AC":{"t":"C182"},"5AD":{"t":"C182"},"5B0":{"t":"WACO"},"5B1":{"t":"C310"},"5B4":{"t":"C180"},"5B5":{"t":"C180"},"5B6":{"t":"C182"},"5B7":{"t":"C310"},"5BA":{"t":"C182"},"5BB":{"t":"P28A"},"5BD":{"t":"ST75"},"5BE":{"t":"PA24"},"5C0":{"t":"C172"},"5C1":{"t":"P28A"},"5C2":{"t":"C82R"},"5C3":{"t":"C172"},"5C6":{"t":"CH7B"},"5CA":{"t":"C172"},"5CB":{"t":"C182"},"5CD":{"t":"BALL"},"5CE":{"t":"C182"},"5CF":{"t":"C182"},"5D1":{"desc":"L1P"},"5D2":{"t":"C182"},"5D7":{"t":"C180"},"5D8":{"t":"C180"},"5DB":{"t":"C172"},"5DE":{"t":"P28A"},"5E4":{"t":"C82R"},"5E7":{"t":"C172"},"5E9":{"t":"CH7B"},"5EA":{"t":"T210"},"5EB":{"t":"PA22"},"5EC":{"t":"ST75"},"5F3":{"t":"C172"},"5F4":{"t":"C182"},"5F6":{"t":"G164"},"5F9":{"t":"C82S"},"5FA":{"t":"C180"},"5FB":{"t":"C180"},"5FD":{"t":"C310"},"603":{"t":"ST75"},"605":{"t":"C150"},"606":{"t":"C82T"},"607":{"t":"C172"},"608":{"t":"M20P"},"60A":{"t":"T210"},"60B":{"t":"C172"},"60C":{"t":"CH7B"},"60E":{"t":"PA22"},"60F":{"t":"C172"},"610":{"t":"C182"},"612":{"t":"C182"},"613":{"t":"C182"},"615":{"desc":"L1P"},"616":{"t":"C182"},"617":{"t":"C182"},"61A":{"t":"T210"},"61B":{"desc":"L1P","t":"ULAC"},"61C":{"t":"T210"},"61E":{"t":"C182"},"620":{"t":"E50P"},"621":{"t":"PA16"},"622":{"desc":"L1P"},"624":{"t":"P28A"},"625":{"t":"C152"},"626":{"t":"ST75"},"627":{"t":"C172"},"628":{"t":"C150"},"629":{"t":"BALL"},"62A":{"t":"C82T"},"62B":{"t":"BALL"},"62D":{"t":"T210"},"62E":{"t":"P28A"},"62F":{"t":"CH7B"},"630":{"t":"C82S"},"632":{"desc":"L1P"},"633":{"t":"C182"},"636":{"t":"C182"},"637":{"t":"C77R"},"638":{"t":"T206"},"639":{"t":"C182"},"63D":{"t":"BALL"},"641":{"t":"C172"},"642":{"t":"H500"},"643":{"t":"O1"},"644":{"t":"PA16"},"645":{"t":"C207"},"646":{"t":"NAVI"},"647":{"t":"T206"},"64A":{"t":"T210"},"64D":{"t":"P28A"},"64E":{"t":"PA32"},"650":{"t":"C210"},"651":{"t":"P28A"},"654":{"t":"BALL"},"657":{"t":"ST75"},"65A":{"t":"C182"},"65C":{"desc":"L1P"},"660":{"t":"BALL"},"662":{"t":"BE35"},"663":{"t":"C172"},"664":{"t":"C185"},"665":{"t":"H500"},"666":{"t":"O1"},"66A":{"desc":"L1P"},"66D":{"t":"PA24"},"66E":{"t":"C150"},"66F":{"t":"C172"},"670":{"t":"P28A"},"671":{"t":"BALL"},"673":{"t":"C172"},"674":{"t":"P28A"},"675":{"t":"CH7B"},"679":{"t":"C182"},"67B":{"t":"C182"},"67E":{"t":"C77R"},"681":{"t":"C172"},"682":{"t":"G164"},"686":{"t":"C172"},"687":{"t":"BALL"},"688":{"t":"H500"},"689":{"t":"C172"},"68A":{"t":"PA16"},"68D":{"t":"P28A"},"68E":{"t":"PA18"},"68F":{"t":"ST75"},"692":{"t":"BALL"},"694":{"t":"P28A"},"697":{"t":"P28A"},"69C":{"t":"C77R"},"69D":{"t":"C182"},"69F":{"t":"C172"},"6A0":{"t":"C182"},"6A2":{"t":"C182"},"6A4":{"t":"C182"},"6A7":{"desc":"L1P"},"6A8":{"t":"B06"},"6A9":{"t":"C56X"},"6AD":{"desc":"A1T","t":"KODI"},"6B0":{"desc":"L1P"},"6B4":{"t":"GLF5"},"6B7":{"t":"B738"},"6BF":{"t":"BE55"},"6C1":{"desc":"L1P"},"6C7":{"desc":"L1P"},"6D0":{"t":"C25B"},"6DA":{"t":"C525"},"6DB":{"t":"AA5"},"6DC":{"desc":"G1P"},"6E0":{"t":"PAY2"},"6E3":{"t":"CL60"},"6E4":{"t":"S22T"},"6E6":{"t":"C182"},"6E9":{"t":"M20P"},"6ED":{"t":"P32T"},"6F2":{"desc":"L1P"},"6F3":{"t":"SR22"},"6F4":{"desc":"L1P"},"6FA":{"t":"F2TH"},"6FD":{"t":"C510"},"6FF":{"desc":"L1P"},"701":{"desc":"L1P"},"705":{"t":"C25B"},"70A":{"desc":"L1P"},"70B":{"t":"EA50"},"711":{"t":"CRJ7"},"713":{"t":"PC12"},"71A":{"t":"C172"},"71B":{"t":"C182"},"71F":{"t":"BE33"},"723":{"desc":"L2J"},"728":{"t":"MD11"},"72E":{"t":"P28A"},"739":{"t":"CL30"},"73C":{"desc":"L1P"},"748":{"t":"BE9L"},"751":{"desc":"L1P"},"753":{"t":"P28A"},"755":{"t":"T206"},"756":{"t":"UH12"},"757":{"t":"S22T"},"759":{"t":"SR22"},"75A":{"t":"SR22"},"75E":{"desc":"A1P"},"763":{"t":"B06"},"76E":{"desc":"L1P"},"776":{"desc":"L1P"},"777":{"t":"S22T"},"779":{"t":"FA10"},"77E":{"t":"GLEX"},"788":{"desc":"L1P"},"78A":{"t":"C182"},"799":{"desc":"L1P"},"79C":{"t":"C560"},"7A0":{"t":"LJ35"},"7A3":{"t":"BE55"},"7A4":{"t":"C182"},"7A5":{"t":"C182"},"7A7":{"desc":"L2J"},"7AC":{"desc":"L1P"},"7B1":{"t":"C82S"},"7B9":{"t":"SR22"},"7BE":{"t":"S108"},"7C2":{"t":"C182"},"7C5":{"desc":"L1P"},"7C7":{"t":"GLEX"},"7C9":{"desc":"L1P"},"7CB":{"t":"B407"},"7CE":{"desc":"A1P"},"7CF":{"t":"H25B"},"7D3":{"desc":"L2T"},"7D6":{"t":"C172"},"7DC":{"t":"A319"},"7E2":{"t":"C310"},"7E5":{"desc":"H10E"},"7EB":{"t":"BE36"},"7EF":{"desc":"L1P"},"7F1":{"t":"SR22"},"7F2":{"t":"ULAC"},"7F7":{"t":"PC12"},"7F9":{"desc":"L1P"},"7FF":{"t":"C182"},"815":{"t":"GLF5"},"81D":{"t":"S22T"},"81F":{"desc":"H1T"},"822":{"desc":"L1P"},"826":{"desc":"L1P"},"82B":{"t":"ULAC"},"82D":{"t":"ASTR"},"832":{"t":"P28B"},"836":{"desc":"L1P"},"837":{"desc":"L2P"},"839":{"t":"C172"},"846":{"t":"SR22"},"848":{"t":"C172"},"84A":{"t":"C172"},"84F":{"t":"BE95"},"852":{"t":"T28"},"856":{"desc":"A1T","t":"KODI"},"85B":{"t":"E55P"},"85F":{"desc":"L1P"},"864":{"t":"C421"},"882":{"t":"A319"},"88C":{"desc":"L2J","t":"A20N"},"89A":{"t":"PA38"},"89B":{"t":"P210"},"89C":{"t":"T206"},"8A1":{"t":"LJ60"},"8A5":{"t":"S22T"},"8A6":{"desc":"H1P"},"8AC":{"t":"H269"},"8B3":{"t":"C310"},"8DE":{"t":"CL30"},"8EA":{"desc":"L4P"},"902":{"t":"C172"},"903":{"t":"C172"},"904":{"t":"H500"},"907":{"t":"M20P"},"909":{"t":"BALL"},"90B":{"t":"ST75"},"90E":{"t":"C172"},"911":{"t":"C72R"},"912":{"desc":"L1P"},"913":{"t":"P28A"},"914":{"t":"CH7B"},"916":{"t":"PA27"},"917":{"t":"C77R"},"918":{"t":"BALL"},"919":{"t":"C77R"},"91B":{"t":"BALL"},"91C":{"t":"C77R"},"91D":{"t":"C172"},"91F":{"t":"C182"},"925":{"t":"C180"},"928":{"t":"O1"},"929":{"desc":"L1P"},"92A":{"t":"C172"},"92B":{"t":"BALL"},"92C":{"t":"P28A"},"92D":{"t":"TAYB"},"92F":{"t":"PA24"},"930":{"t":"C150"},"932":{"t":"P28A"},"933":{"t":"P28A"},"935":{"t":"C210"},"936":{"t":"P28A"},"93A":{"desc":"L1P"},"93B":{"t":"BALL"},"93C":{"t":"C182"},"93D":{"t":"ST75"},"93E":{"t":"C77R"},"93F":{"t":"C172"},"940":{"desc":"L1P"},"942":{"t":"C172"},"944":{"desc":"L1P"},"945":{"t":"P210"},"946":{"t":"C152"},"94E":{"t":"C172"},"94F":{"t":"P28A"},"953":{"t":"BALL"},"956":{"t":"P28R"},"958":{"t":"BALL"},"959":{"t":"P28A"},"95A":{"t":"CH7B"},"95D":{"t":"C172"},"95E":{"t":"C182"},"960":{"t":"C77R"},"962":{"t":"C77R"},"963":{"t":"BALL"},"964":{"t":"BALL"},"965":{"t":"C77R"},"966":{"t":"C182"},"967":{"desc":"L1P"},"96A":{"t":"T206"},"96C":{"t":"C172"},"970":{"t":"C172"},"971":{"t":"C172"},"973":{"t":"BE76"},"974":{"t":"C182"},"975":{"t":"PA24"},"977":{"t":"C172"},"979":{"t":"P28R"},"97A":{"t":"BALL"},"97C":{"t":"P28A"},"97D":{"t":"CH7B"},"97F":{"t":"PA22"},"981":{"t":"C77R"},"983":{"desc":"A2P"},"984":{"t":"DG15"},"986":{"t":"C182"},"987":{"t":"C172"},"988":{"t":"C77R"},"989":{"t":"C77R"},"98C":{"t":"M20P"},"98E":{"t":"C172"},"98F":{"t":"C172"},"990":{"t":"H500"},"991":{"t":"O1"},"992":{"t":"PA16"},"993":{"t":"BALL"},"994":{"t":"C180"},"995":{"t":"P28A"},"996":{"t":"TAYB"},"997":{"t":"C182"},"999":{"t":"C172"},"99A":{"t":"C172"},"99B":{"t":"C172"},"99C":{"t":"C82R"},"99D":{"t":"C206"},"99E":{"t":"C72R"},"99F":{"t":"BALL"},"9A0":{"t":"CH7B"},"9A2":{"t":"PA22"},"9A3":{"t":"M20P"},"9A4":{"t":"C172"},"9A5":{"t":"C172"},"9A7":{"t":"J3"},"9A8":{"t":"BALL"},"9AB":{"t":"M20P"},"9AE":{"t":"BALL"},"9B0":{"t":"BE35"},"9B1":{"t":"C180"},"9B4":{"t":"O1"},"9B5":{"t":"C172"},"9B6":{"t":"PA18"},"9B7":{"t":"C172"},"9B9":{"t":"BALL"},"9BA":{"t":"C182"},"9BB":{"t":"M20P"},"9BC":{"t":"C150"},"9BD":{"t":"C185"},"9BF":{"t":"M20T"},"9C0":{"t":"C206"},"9C1":{"t":"C72R"},"9C4":{"t":"PA18"},"9C7":{"t":"C77R"},"9C8":{"t":"C182"},"9CA":{"t":"T206"},"9CD":{"t":"C182"},"9CE":{"t":"C172"},"9CF":{"t":"C182"},"9D0":{"t":"G164"},"9D3":{"t":"C172"},"9D4":{"t":"BALL"},"9D5":{"t":"C172"},"9D7":{"t":"O1"},"9D8":{"t":"C172"},"9D9":{"t":"H500"},"9DB":{"t":"C172"},"9DC":{"t":"BE24"},"9DE":{"t":"C152"},"9DF":{"t":"C150"},"9E2":{"t":"C82R"},"9E5":{"t":"P28A"},"9E6":{"t":"BALL"},"9E7":{"t":"PA27"},"9E9":{"t":"FA62"},"9EA":{"t":"C182"},"9EB":{"t":"C77R"},"9EC":{"t":"C182"},"9EF":{"t":"C182"},"9F0":{"t":"BALL"},"9F2":{"t":"BALL"},"9F3":{"t":"YK52"},"9F4":{"t":"T210"},"9F5":{"t":"BALL"},"9F7":{"t":"C180"},"9F8":{"t":"C172"},"9FA":{"t":"O1"},"9FC":{"t":"BALL"},"9FF":{"t":"TAYB"},"A00":{"t":"T6"},"A01":{"t":"PA24"},"A02":{"t":"C150"},"A04":{"t":"M20T"},"A08":{"t":"P28A"},"A0A":{"t":"T210"},"A0B":{"t":"PA22"},"A0D":{"t":"C77R"},"A0F":{"t":"C182"},"A11":{"desc":"L1P"},"A12":{"t":"C182"},"A13":{"t":"C172"},"A14":{"t":"C77R"},"A1D":{"t":"M20P"},"A1F":{"t":"C421"},"A25":{"t":"C150"},"A26":{"t":"C172"},"A28":{"t":"C172"},"A2B":{"t":"P28A"},"A2C":{"t":"H500"},"A2E":{"t":"PA22"},"A2F":{"t":"C182"},"A30":{"t":"C77R"},"A31":{"t":"C77R"},"A33":{"t":"C182"},"A34":{"t":"C77R"},"A35":{"t":"C182"},"A37":{"t":"C182"},"A38":{"t":"C172"},"A3A":{"t":"BALL"},"A3D":{"t":"M20T"},"A3E":{"t":"C172"},"A40":{"t":"O1"},"A41":{"t":"C82S"},"A42":{"t":"PA22"},"A43":{"t":"NAVI"},"A44":{"t":"P28A"},"A45":{"t":"BE23"},"A47":{"t":"PA24"},"A48":{"t":"C150"},"A4A":{"t":"P28A"},"A4B":{"t":"C82T"},"A4F":{"t":"J3"},"A50":{"t":"BALL"},"A51":{"t":"PA22"},"A52":{"t":"C77R"},"A53":{"t":"C172"},"A56":{"t":"C77R"},"A57":{"t":"C182"},"A58":{"t":"YK55"},"A5B":{"t":"C182"},"A5C":{"desc":"L1P"},"A5F":{"t":"C208"},"A61":{"t":"P210"},"A63":{"t":"SW4"},"A66":{"t":"SR22"},"A67":{"t":"CL60"},"A69":{"t":"B429"},"A6E":{"t":"B738"},"A70":{"t":"B733"},"A76":{"desc":"L4P"},"A78":{"t":"BE35"},"A7E":{"desc":"L1P"},"A80":{"t":"SR22"},"A81":{"t":"SR22"},"A8F":{"t":"S108"},"A90":{"t":"C172"},"A92":{"t":"BE55"},"A93":{"t":"SR22"},"A95":{"desc":"L1P","t":"ULAC"},"A9B":{"desc":"L1P"},"A9D":{"desc":"L1P"},"AA4":{"t":"P28A"},"AA9":{"t":"P28A"},"AAA":{"t":"GLEX"},"AAC":{"t":"BE35"},"AB4":{"t":"CL60"},"AB9":{"desc":"L1P"},"ABC":{"t":"C25B"},"AC1":{"desc":"L1P"},"AC2":{"t":"CRJ7"},"AC4":{"t":"P32R"},"AD1":{"t":"C172"},"AD3":{"desc":"L1T"},"ADE":{"t":"C525"},"ADF":{"t":"MD11"},"AE1":{"desc":"L1P"},"AE5":{"t":"P28A"},"AF0":{"t":"CL30"},"AF4":{"t":"GLF5"},"AF5":{"t":"E35L"},"AF7":{"t":"GA5C"},"AF8":{"desc":"L1P"},"AFF":{"desc":"L1P"},"B01":{"t":"GLID"},"B05":{"desc":"L1P"},"B0C":{"t":"EN28"},"B0F":{"t":"PA46"},"B1A":{"t":"C240"},"B26":{"t":"BE95"},"B27":{"t":"A320"},"B2B":{"t":"C240"},"B2D":{"t":"AA1"},"B2F":{"t":"C182"},"B32":{"t":"BALL"},"B36":{"desc":"L1P"},"B41":{"desc":"L1T"},"B44":{"t":"CL60"},"B45":{"t":"F2TH"},"B4A":{"t":"P28R"},"B4F":{"t":"P32R"},"B57":{"t":"ERCO"},"B59":{"t":"PA46"},"B5A":{"t":"CL30"},"B5C":{"desc":"H2T"},"B5D":{"t":"C172"},"B60":{"t":"DA40"},"B68":{"t":"CH7A"},"B6C":{"desc":"L1P"},"B73":{"t":"C172"},"B7A":{"t":"SR22"},"B7E":{"t":"S22T"},"B85":{"desc":"H1P"},"B8A":{"t":"BE20"},"B8D":{"t":"C172"},"B90":{"t":"PC12"},"B93":{"t":"A319"},"B99":{"desc":"A1T","t":"KODI"},"B9C":{"desc":"H2E"},"BA2":{"t":"BE35"},"BA3":{"t":"M20P"},"BA5":{"t":"C25A"},"BA7":{"t":"P32R"},"BAA":{"t":"C180"},"BAC":{"desc":"L1P"},"BAD":{"desc":"L1P","t":"ULAC"},"BB0":{"t":"B737"},"BB3":{"t":"PC12"},"BB4":{"t":"C82S"},"BB7":{"t":"GLID"},"BCC":{"t":"GLF5"},"BD6":{"t":"BE95"},"BD9":{"t":"GLF5"},"BDB":{"t":"PA32"},"BDE":{"t":"AEST"},"BE1":{"t":"SF50"},"BE2":{"t":"RV12"},"BE8":{"desc":"L1P"},"BEE":{"t":"BE36"},"BF0":{"desc":"L1P","t":"ULAC"},"BF1":{"t":"T206"},"BF3":{"desc":"L1P","t":"ULAC"},"BF4":{"t":"F900"},"BF5":{"t":"AS50"},"BFB":{"t":"S22T"},"BFD":{"t":"SR22"},"BFE":{"desc":"L1P"},"C02":{"t":"P28A"},"C06":{"desc":"L1P"},"C07":{"t":"C525"},"C0A":{"t":"C172"},"C0F":{"desc":"L1P"},"C12":{"t":"LJ60"},"C17":{"t":"C560"},"C18":{"t":"C182"},"C20":{"t":"B752"},"C39":{"t":"A319"},"C3E":{"desc":"L1P"},"C43":{"desc":"L2J","t":"A20N"},"C44":{"t":"AC11"},"C51":{"desc":"L1P"},"C5D":{"t":"PA46"},"C6A":{"desc":"L1P"},"C75":{"desc":"L1P"},"CB5":{"desc":"L1P"},"CB9":{"t":"C172"},"CBA":{"t":"C172"},"CBD":{"t":"C172"},"CC0":{"t":"P28A"},"CC2":{"desc":"L1P"},"CC3":{"t":"PA24"},"CC4":{"t":"C150"},"CC6":{"desc":"L1P"},"CC9":{"t":"C172"},"CCA":{"t":"P28A"},"CCD":{"t":"PA22"},"CCE":{"t":"T6"},"CD4":{"t":"C182"},"CD5":{"t":"C182"},"CD6":{"t":"C77R"},"CD8":{"t":"G164"},"CD9":{"t":"C172"},"CDC":{"t":"C180"},"CDD":{"t":"C172"},"CDF":{"t":"O1"},"CE5":{"t":"C182"},"CE6":{"t":"PA24"},"CE7":{"t":"C150"},"CE9":{"t":"P28A"},"CEA":{"t":"C180"},"CEC":{"t":"BALL"},"CED":{"t":"C172"},"CF0":{"t":"PA22"},"CF4":{"t":"FA62"},"CF6":{"t":"SR20"},"CF7":{"t":"C182"},"CF8":{"t":"BALL"},"CF9":{"desc":"L1P"},"CFA":{"t":"C182"},"CFD":{"t":"BALL"},"CFF":{"t":"C172"},"D00":{"t":"C172"},"D02":{"t":"O1"},"D03":{"t":"PA16"},"D05":{"t":"C172"},"D08":{"t":"C182"},"D09":{"t":"PA24"},"D0B":{"t":"C172"},"D0C":{"t":"P28A"},"D13":{"t":"PA22"},"D14":{"t":"J5"},"D16":{"t":"C172"},"D17":{"t":"C182"},"D1C":{"t":"DG15"},"D20":{"t":"M20P"},"D25":{"t":"O1"},"D26":{"t":"PA16"},"D27":{"t":"C414"},"D28":{"t":"C172"},"D29":{"t":"P28A"},"D2C":{"t":"T206"},"D2D":{"t":"C150"},"D2E":{"t":"M20T"},"D2F":{"t":"P28A"},"D34":{"t":"C206"},"D37":{"t":"C77R"},"D3B":{"t":"H500"},"D3C":{"t":"BALL"},"D3D":{"t":"C77R"},"D3E":{"t":"ST75"},"D3F":{"t":"M20T"},"D40":{"t":"C172"},"D41":{"t":"BE24"},"D48":{"t":"O1"},"D49":{"t":"PA16"},"D4A":{"t":"BALL"},"D4C":{"t":"P28A"},"D50":{"t":"BALL"},"D51":{"t":"C172"},"D55":{"t":"BALL"},"D56":{"t":"C172"},"D57":{"desc":"L1P"},"D59":{"t":"PA22"},"D5A":{"t":"C182"},"D5C":{"t":"C182"},"D5D":{"t":"BALL"},"D5E":{"t":"C77R"},"D60":{"t":"C77R"},"D61":{"t":"DG15"},"D68":{"desc":"L1P"},"D69":{"t":"C172"},"D6B":{"t":"C172"},"D6E":{"t":"NAVI"},"D70":{"t":"M20P"},"D71":{"t":"C182"},"D74":{"desc":"A2P"},"D75":{"t":"P28A"},"D76":{"t":"PA32"},"D77":{"desc":"H1P"},"D7A":{"desc":"L1P"},"D7C":{"t":"PA22"},"D7D":{"t":"C172"},"D7E":{"t":"ST75"},"D80":{"t":"C172"},"D84":{"t":"C182"},"D86":{"t":"C182"},"D88":{"t":"P210"},"D8B":{"t":"C172"},"D8E":{"t":"O1"},"D91":{"t":"C172"},"D92":{"t":"BALL"},"D95":{"t":"PA24"},"D96":{"t":"C150"},"D97":{"t":"C172"},"D98":{"t":"C82T"},"D99":{"t":"PA34"},"D9A":{"t":"C206"},"D9B":{"t":"T6"},"D9F":{"t":"C172"},"DA0":{"t":"FA24"},"DA2":{"t":"BE17"},"DA3":{"t":"C182"},"DA5":{"t":"BALL"},"DA8":{"t":"ST75"},"DAA":{"desc":"L1P"},"DAC":{"t":"M20P"},"DAF":{"t":"C172"},"DB0":{"t":"SS2T"},"DB1":{"t":"C172"},"DB5":{"t":"P28A"},"DB7":{"desc":"L1P"},"DB8":{"t":"PA24"},"DB9":{"t":"C150"},"DBA":{"t":"C172"},"DBC":{"t":"PA34"},"DBE":{"t":"BALL"},"DBF":{"t":"P28A"},"DC1":{"t":"PA18"},"DC5":{"t":"BALL"},"DC6":{"t":"BALL"},"DCB":{"t":"J3"},"DCF":{"t":"BALL"},"DD0":{"t":"BE35"},"DD1":{"t":"C172"},"DD2":{"t":"C180"},"DD3":{"t":"SS2T"},"DD4":{"t":"O1"},"DD5":{"t":"SS2T"},"DD6":{"t":"C172"},"DD7":{"t":"C172"},"DDA":{"t":"C172"},"DDC":{"t":"C150"},"DDD":{"t":"C172"},"DDE":{"t":"C172"},"DDF":{"t":"P28A"},"DE0":{"t":"C206"},"DE1":{"t":"C72R"},"DE2":{"t":"P28A"},"DE3":{"t":"P46T"},"DE7":{"t":"C182"},"DE9":{"t":"C182"},"DEC":{"t":"DG15"},"DED":{"t":"C77R"},"DEF":{"t":"C182"},"DF2":{"t":"BALL"},"DF3":{"t":"ULAC"},"DF4":{"t":"C172"},"DF5":{"t":"C182"},"DF7":{"t":"O1"},"DF9":{"t":"BALL"},"DFB":{"t":"P28A"},"DFE":{"t":"BALL"},"DFF":{"t":"C150"},"E01":{"t":"P28A"},"E04":{"t":"BALL"},"E05":{"t":"P28A"},"E08":{"t":"PA22"},"E09":{"t":"C77R"},"E0A":{"t":"DG15"},"E0B":{"t":"C182"},"E0C":{"t":"C172"},"E0D":{"t":"C182"},"E0E":{"desc":"L1P"},"E0F":{"t":"C182"},"E10":{"t":"C182"},"E11":{"t":"C182"},"E14":{"t":"PA20"},"E15":{"t":"C172"},"E17":{"t":"PA27"},"E19":{"t":"B06"},"E1A":{"t":"C172"},"E1B":{"t":"UH1"},"E1C":{"desc":"L1P"},"E1D":{"t":"BE60"},"E1F":{"t":"P46T"},"E21":{"desc":"L1P","t":"ULAC"},"E24":{"t":"BE20"},"E26":{"desc":"L1P"},"E27":{"t":"C340"},"E29":{"t":"ULAC"},"E2D":{"t":"C170"},"E2E":{"t":"BE20"},"E2F":{"t":"BE55"},"E30":{"t":"ASTR"},"E33":{"desc":"L1P"},"E38":{"desc":"L1P"},"E39":{"desc":"A1P"},"E3A":{"t":"H500"},"E3B":{"t":"GLID"},"E3D":{"t":"T34P"},"E3E":{"t":"PA38"},"E3F":{"t":"C25B"},"E41":{"desc":"L1P"},"E48":{"t":"BE35"},"E49":{"t":"BL8"},"E4B":{"t":"BE9L"},"E4C":{"desc":"L1P"},"E4F":{"t":"CJ6"},"E50":{"t":"S22T"},"E52":{"t":"BE35"},"E53":{"desc":"L1P","t":"ULAC"},"E56":{"t":"SR22"},"E57":{"desc":"L1P"},"E5A":{"t":"B350"},"E5B":{"t":"BL17"},"E5E":{"desc":"L1P"},"E63":{"t":"C550"},"E64":{"t":"B429"},"E65":{"t":"CL60"},"E6B":{"desc":"L1P"},"E70":{"desc":"L1P"},"E71":{"desc":"L1P"},"E77":{"desc":"L1P"},"E78":{"t":"WACC"},"E7A":{"desc":"L1P"},"E7B":{"t":"BE9L"},"E80":{"desc":"L1P"},"E84":{"t":"BE24"},"E88":{"t":"M7"},"E89":{"t":"C180"},"E90":{"desc":"L1P"},"E93":{"t":"C172"},"E9A":{"t":"F900"},"E9D":{"desc":"L1P","t":"ULAC"},"E9E":{"t":"LJ35"},"E9F":{"t":"C550"},"EA2":{"t":"P28A"},"EA3":{"desc":"L1J"},"EA5":{"t":"C182"},"EA9":{"t":"E300"},"EAB":{"t":"BE20"},"EAD":{"t":"YK52"},"EAF":{"t":"AC90"},"EB1":{"desc":"L1P","t":"ULAC"},"EB5":{"desc":"L1P"},"EB6":{"t":"BE35"},"EBA":{"desc":"H1P"},"EBC":{"t":"AA5"},"EC0":{"t":"GLEX"},"EC3":{"t":"DG15"},"EC4":{"t":"C650"},"EC5":{"t":"B47G"},"EC6":{"t":"H500"},"EC7":{"desc":"L1P"},"EC9":{"t":"C208"},"ECC":{"t":"LJ55"},"ECF":{"desc":"L1P"},"ED4":{"t":"BE9L"},"ED5":{"t":"BRAV"},"EDA":{"t":"HUSK"},"EDC":{"t":"C172"},"EDD":{"desc":"L1P"},"EDE":{"desc":"L1P"},"EDF":{"t":"GLID"},"EE0":{"t":"BE9L"},"EE1":{"desc":"L1P"},"EE4":{"desc":"L1P"},"EE5":{"desc":"L1P"},"EE7":{"t":"P32R"},"EE9":{"desc":"A1P"},"EEA":{"desc":"L1P"},"EED":{"t":"P28R"},"EF0":{"t":"HUSK"},"EF1":{"t":"B06"},"EF6":{"t":"BE20"},"EF7":{"t":"P46T"},"EF8":{"t":"P28A"},"EF9":{"desc":"L1P"},"EFB":{"t":"H269"},"EFE":{"t":"C25B"},"EFF":{"desc":"L1P"},"F03":{"t":"C182"},"F05":{"desc":"L1P"},"F06":{"desc":"H1P"},"F07":{"desc":"L1P"},"F09":{"t":"C525"},"F0C":{"t":"BALL"},"F0F":{"t":"P28B"},"F11":{"desc":"L1P"},"F13":{"t":"BE36"},"F15":{"t":"S22T"},"F17":{"desc":"L1P"},"F18":{"t":"GLID"},"F19":{"t":"GLID"},"F1A":{"desc":"L1P"},"F1E":{"t":"R44"},"F1F":{"t":"GLID"},"F20":{"t":"GLF5"},"F23":{"desc":"L1P"},"F27":{"t":"GLF5"},"F28":{"t":"B06"},"F2B":{"desc":"L1P"},"F2E":{"t":"C421"},"F2F":{"desc":"L1P"},"F30":{"t":"C421"},"F31":{"t":"PA34"},"F34":{"desc":"L1P"},"F35":{"t":"C182"},"F37":{"desc":"L1P"},"F38":{"t":"BE40"},"F3C":{"t":"HUSK"},"F41":{"t":"E135"},"F47":{"t":"PC12"},"F49":{"t":"F2TH"},"F4B":{"t":"E300"},"F4C":{"desc":"L1P"},"F55":{"t":"C25B"},"F5A":{"t":"PA22"},"F5B":{"t":"SR20"},"F5C":{"t":"EN28"},"F5D":{"desc":"L1P"},"F5E":{"t":"C560"},"F5F":{"desc":"L1P"},"F60":{"desc":"L1P"},"F61":{"t":"C150"},"F63":{"t":"P46T"},"F64":{"t":"C172"},"F65":{"desc":"L1T","t":"M600"},"F69":{"t":"PA18"},"F6B":{"t":"C310"},"F6E":{"desc":"L1P"},"F72":{"t":"B06"},"F7E":{"t":"BE55"},"F8C":{"t":"GLID"},"F8D":{"desc":"L1T"},"F8E":{"desc":"L1P"},"F8F":{"t":"C500"},"F93":{"t":"M20P"},"F94":{"desc":"L1P"},"F95":{"desc":"L1P"},"F97":{"desc":"L1P"},"F98":{"t":"PA18"},"F99":{"desc":"L2T"},"F9B":{"t":"C421"},"F9C":{"desc":"L1P"},"F9D":{"t":"BE58"},"F9F":{"desc":"L1P"},"FA0":{"t":"B06"},"FA1":{"t":"A109"},"FA5":{"desc":"H1P"},"FA6":{"desc":"L1P"},"FA7":{"desc":"L1P"},"FA8":{"desc":"H1T"},"FA9":{"t":"CH7B"},"FAA":{"t":"C25C"},"FAB":{"t":"C210"},"FAD":{"t":"PA18"},"FAF":{"t":"DA40"},"FB0":{"t":"C560"},"FB1":{"t":"PC12"},"FB4":{"desc":"L1P"},"FB6":{"t":"C560"},"FB9":{"desc":"L1P"},"FBA":{"desc":"L1P"},"FBD":{"desc":"L1P"},"FBE":{"t":"PAY2"},"FBF":{"desc":"L1P"},"FC0":{"desc":"L1P"},"FC2":{"t":"C208"},"FC3":{"desc":"L1P"},"FC6":{"t":"BE9L"},"FC7":{"desc":"L1P"},"FC8":{"desc":"L1P"},"FC9":{"t":"T210"},"FCB":{"t":"C25B"},"FCC":{"desc":"L1T"},"FCF":{"desc":"A1P"},"FD2":{"t":"P06T"},"FD4":{"desc":"L1P"},"FD6":{"t":"C208"},"FE4":{"t":"BE55"},"FF1":{"desc":"L1P"},"FF4":{"t":"BE58"},"FFB":{"desc":"L1P"}}