{"007":{"t":"UH1"},"011":{"t":"R44"},"013":{"t":"A320"},"021":{"t":"BALL"},"026":{"t":"PA18"},"03B":{"t":"C172"},"03C":{"t":"BE50"},"043":{"desc":"L1P"},"044":{"t":"B763"},"049":{"desc":"L1P","t":"ULAC"},"050":{"t":"EC35"},"05D":{"t":"PA34"},"05E":{"t":"B412"},"061":{"t":"EC35"},"062":{"t":"R44"},"06A":{"t":"AA5"},"071":{"t":"S22T"},"075":{"desc":"L1P"},"07F":{"t":"A319"},"087":{"t":"LJ45"},"088":{"desc":"L1E"},"08E":{"t":"AS50"},"091":{"t":"C182"},"0A3":{"desc":"L1T"},"0A7":{"t":"BE55"},"0B8":{"t":"GLF5"},"0C2":{"t":"T34P"},"0C3":{"t":"CL60"},"0D5":{"desc":"L1P","t":"ULAC"},"0DA":{"t":"AC50"},"0DC":{"t":"P28A"},"0E9":{"t":"SR22"},"0F2":{"t":"BE33"},"100":{"t":"LJ60"},"108":{"desc":"L2J"},"11B":{"t":"BALL"},"120":{"t":"A321"},"126":{"desc":"L1P","t":"ULAC"},"12F":{"desc":"L2J","t":"A21N"},"13D":{"desc":"L1P"},"140":{"desc":"L1P"},"14E":{"t":"H60"},"15F":{"t":"CL30"},"167":{"t":"H60"},"180":{"t":"H60"},"1A2":{"t":"P28A"},"1A4":{"t":"C140"},"1A8":{"t":"C340"},"1A9":{"t":"PA16"},"1AC":{"t":"P28A"},"1AD":{"t":"P32R"},"1AF":{"t":"PA24"},"1B1":{"t":"C172"},"1B3":{"t":"C172"},"1B6":{"t":"P210"},"1B7":{"t":"C182"},"1B8":{"t":"T210"},"1BC":{"t":"C172"},"1BF":{"t":"BALL"},"1C0":{"t":"ST75"},"1C3":{"t":"ST75"},"1C7":{"t":"P46T"},"1C9":{"t":"BE35"},"1CA":{"t":"P28A"},"1CB":{"t":"C82S"},"1CC":{"t":"C172"},"1D0":{"t":"C25B"},"1D1":{"t":"J3"},"1D2":{"t":"PA24"},"1D5":{"t":"P28A"},"1D9":{"t":"P28A"},"1DC":{"t":"PA44"},"1E1":{"t":"ST75"},"1E4":{"t":"C172"},"1E5":{"t":"C337"},"1E9":{"desc":"A1P"},"1EA":{"t":"C140"},"1EB":{"t":"C172"},"1EC":{"t":"BE35"},"1ED":{"t":"P28A"},"1F0":{"t":"P28A"},"1F1":{"t":"P28A"},"1F2":{"t":"P32R"},"1F5":{"t":"C152"},"1F6":{"t":"C172"},"1F8":{"t":"C337"},"1F9":{"t":"C172"},"1FA":{"desc":"L1P"},"1FB":{"t":"P32R"},"1FC":{"t":"P28A"},"1FE":{"t":"C172"},"200":{"t":"C337"},"202":{"t":"ST75"},"204":{"t":"P32R"},"20C":{"t":"C182"},"20D":{"t":"P32R"},"20E":{"t":"C180"},"20F":{"desc":"L1P"},"210":{"t":"P28A"},"211":{"desc":"L1P"},"212":{"t":"PA16"},"21A":{"t":"C172"},"21B":{"t":"C82T"},"21E":{"t":"UH12"},"222":{"t":"PA22"},"224":{"t":"PT22"},"225":{"t":"C172"},"227":{"t":"C337"},"22A":{"t":"C172"},"22D":{"t":"G164"},"22F":{"t":"C152"},"230":{"t":"C170"},"231":{"t":"C172"},"233":{"t":"C172"},"234":{"desc":"L1P"},"235":{"t":"C172"},"236":{"desc":"L1P"},"237":{"t":"C172"},"239":{"t":"C152"},"23C":{"t":"C150"},"23D":{"t":"C172"},"23E":{"t":"P28A"},"241":{"t":"PA34"},"242":{"t":"P32R"},"244":{"t":"PA27"},"246":{"t":"C172"},"247":{"t":"B739"},"248":{"t":"B739"},"24D":{"t":"P28A"},"24F":{"t":"C337"},"256":{"t":"P28A"},"25C":{"t":"C152"},"25D":{"t":"ST75"},"25F":{"t":"C150"},"262":{"t":"C172"},"263":{"t":"C182"},"265":{"t":"P28A"},"26E":{"t":"P32R"},"26F":{"t":"C172"},"270":{"desc":"L1P"},"272":{"t":"ST75"},"273":{"t":"G164"},"275":{"t":"C182"},"277":{"t":"C172"},"278":{"t":"C172"},"279":{"t":"P28A"},"27B":{"t":"PA16"},"27C":{"t":"C340"},"27D":{"t":"C172"},"27F":{"t":"C680"},"280":{"t":"C182"},"281":{"t":"PA24"},"282":{"t":"C150"},"285":{"t":"C172"},"286":{"t":"P28A"},"287":{"t":"C72R"},"288":{"desc":"L1P","t":"ULAC"},"28C":{"t":"C172"},"28F":{"t":"C172"},"290":{"t":"P32R"},"292":{"t":"ST75"},"294":{"t":"C172"},"29A":{"t":"SR20"},"29B":{"t":"BE35"},"29C":{"t":"P28R"},"29D":{"desc":"L1P"},"29E":{"t":"C172"},"2A1":{"t":"P28A"},"2A7":{"t":"BALL"},"2A8":{"t":"C172"},"2AA":{"t":"P46T"},"2AB":{"t":"T34P"},"2B2":{"t":"ST75"},"2B3":{"t":"C172"},"2B4":{"t":"C337"},"2B7":{"t":"ST75"},"2BB":{"t":"C152"},"2BD":{"t":"C172"},"2BE":{"t":"C182"},"2C4":{"t":"P28A"},"2C5":{"t":"SR22"},"2C6":{"t":"ST75"},"2C7":{"t":"PA24"},"2CB":{"t":"PA18"},"2CC":{"t":"T210"},"2CD":{"t":"C72R"},"2D0":{"t":"T210"},"2D1":{"t":"PA22"},"2D4":{"t":"ST75"},"2DA":{"t":"ST75"},"2DE":{"t":"BE36"},"2E0":{"t":"C172"},"2E1":{"t":"BE35"},"2E3":{"desc":"L1P"},"2E4":{"t":"C82S"},"2E5":{"desc":"L1P"},"2E6":{"t":"NAVI"},"2E7":{"t":"P28A"},"2E8":{"t":"P32R"},"2EC":{"t":"C172"},"2EF":{"desc":"L1P"},"2F2":{"desc":"L1P"},"2F6":{"t":"C172"},"2F8":{"t":"ST75"},"2F9":{"t":"C172"},"2FF":{"t":"C525"},"303":{"t":"ULAC"},"30A":{"t":"C206"},"311":{"t":"B738"},"312":{"desc":"H1T","t":"B505"},"318":{"desc":"L1P"},"31A":{"desc":"L1P"},"31B":{"t":"PC12"},"31C":{"t":"E55P"},"327":{"t":"C560"},"332":{"t":"M20P"},"333":{"t":"AC11"},"334":{"desc":"L1P"},"335":{"t":"S22T"},"336":{"t":"PRM1"},"33E":{"t":"TBM7"},"340":{"t":"SF50"},"342":{"t":"C414"},"343":{"t":"S22T"},"348":{"t":"BALL"},"34B":{"desc":"L1P"},"34D":{"t":"C150"},"34E":{"t":"C182"},"350":{"t":"EC35"},"353":{"desc":"L1T","t":"SS2P"},"354":{"desc":"L1P"},"355":{"desc":"L1P","t":"ULAC"},"356":{"t":"C25B"},"357":{"t":"TBM7"},"35D":{"t":"C25B"},"365":{"t":"CRJ7"},"36B":{"desc":"L2P"},"370":{"t":"T206"},"388":{"desc":"L1P"},"392":{"desc":"L1P"},"393":{"t":"CL30"},"398":{"t":"E55P"},"39D":{"t":"S22T"},"39F":{"desc":"L2J"},"3A6":{"t":"C560"},"3AA":{"t":"GLF5"},"3AB":{"t":"P28S"},"3AF":{"desc":"L1P"},"3B0":{"t":"UH12"},"3B2":{"t":"PC12"},"3B5":{"t":"C172"},"3C8":{"t":"S22T"},"3CA":{"t":"A320"},"3CE":{"t":"C25A"},"3D6":{"t":"SF50"},"3D8":{"t":"P46T"},"3E1":{"desc":"L1P"},"3F2":{"t":"C172"},"3F6":{"t":"C340"},"3FA":{"desc":"A1P"},"3FC":{"t":"SR22"},"405":{"t":"EC35"},"406":{"t":"R44"},"407":{"t":"EC35"},"414":{"t":"C56X"},"416":{"t":"AT8T"},"41C":{"t":"PC12"},"41D":{"t":"PC12"},"423":{"desc":"A1P"},"425":{"t":"EC35"},"428":{"t":"EC35"},"42C":{"desc":"L1P","t":"ULAC"},"436":{"t":"A319"},"43F":{"desc":"H4E"},"445":{"t":"BE35"},"448":{"t":"PC12"},"449":{"desc":"L1P"},"44C":{"t":"SR22"},"451":{"desc":"L1P","t":"ULAC"},"456":{"t":"LJ31"},"457":{"t":"PC12"},"45A":{"t":"BE36"},"45E":{"t":"BE55"},"46F":{"t":"C68A"},"477":{"t":"M20P"},"478":{"t":"BE55"},"479":{"t":"AEST"},"47C":{"t":"BALL"},"47F":{"desc":"L1P"},"482":{"desc":"G1P"},"489":{"t":"SR22"},"48B":{"t":"H25B"},"490":{"t":"SR22"},"492":{"t":"BE35"},"493":{"desc":"L1P"},"4A0":{"t":"SR22"},"4A2":{"desc":"L1P"},"4A9":{"t":"BE33"},"4AA":{"t":"SIRA"},"4AB":{"t":"B429"},"4AC":{"t":"PA12"},"4AE":{"desc":"L1P"},"4B3":{"t":"M7"},"4BE":{"t":"P28R"},"4BF":{"t":"BE35"},"4D3":{"t":"B752"},"4D7":{"t":"A321"},"4DB":{"t":"GLF5"},"4DD":{"t":"BE35"},"4E6":{"desc":"L2J","t":"A21N"},"4F0":{"t":"C172"},"4F4":{"t":"BE35"},"4F6":{"desc":"A1P"},"4F7":{"t":"C185"},"4FE":{"desc":"H2T"},"502":{"desc":"L1P"},"506":{"t":"C525"},"516":{"t":"CL30"},"554":{"desc":"L1P"},"55A":{"t":"C182"},"55B":{"t":"C140"},"55F":{"t":"PA34"},"562":{"t":"C172"},"563":{"t":"P28A"},"564":{"t":"C152"},"566":{"t":"C152"},"568":{"t":"C172"},"570":{"t":"PA22"},"571":{"t":"TAYB"},"574":{"desc":"L1P"},"575":{"t":"C337"},"578":{"t":"C172"},"57A":{"t":"P28R"},"57B":{"desc":"L1P"},"57E":{"t":"C140"},"57F":{"t":"C180"},"580":{"t":"BE35"},"583":{"t":"C172"},"586":{"t":"C152"},"588":{"desc":"L1P"},"589":{"t":"C152"},"58A":{"t":"C172"},"58D":{"t":"PA32"},"58E":{"t":"BALL"},"58F":{"t":"C172"},"593":{"t":"PA22"},"594":{"t":"C337"},"595":{"t":"SR22"},"596":{"t":"SR22"},"59A":{"t":"P46T"},"59B":{"t":"PA46"},"59D":{"t":"C337"},"5A0":{"t":"PA24"},"5A1":{"t":"C140"},"5A2":{"t":"P28R"},"5A3":{"desc":"L1P"},"5A5":{"t":"ULAC"},"5A8":{"t":"C172"},"5A9":{"t":"P28A"},"5AB":{"t":"C182"},"5AE":{"t":"C172"},"5AF":{"t":"C337"},"5B0":{"t":"C172"},"5B1":{"t":"C172"},"5B3":{"t":"P28A"},"5B6":{"t":"PA22"},"5B7":{"t":"C337"},"5B8":{"t":"P32R"},"5BC":{"t":"C337"},"5C1":{"t":"G164"},"5C2":{"t":"BALL"},"5C4":{"t":"C140"},"5C5":{"t":"C180"},"5C6":{"t":"BE35"},"5C7":{"t":"P28A"},"5C8":{"t":"P28R"},"5C9":{"t":"C152"},"5CB":{"t":"C172"},"5D0":{"t":"C150"},"5D1":{"t":"C172"},"5D2":{"t":"C337"},"5D3":{"t":"C172"},"5D4":{"t":"P32R"},"5D5":{"t":"P46T"},"5D6":{"t":"P28A"},"5DB":{"t":"C337"},"5DD":{"t":"P28A"},"5DE":{"t":"TAYD"},"5E6":{"t":"C182"},"5E8":{"t":"C172"},"5E9":{"t":"BE35"},"5EB":{"desc":"L1P"},"5EE":{"t":"PA32"},"5F1":{"t":"PA44"},"5F2":{"desc":"L1P"},"5F4":{"t":"C72R"},"5F5":{"t":"C82R"},"5F8":{"t":"P32R"},"5FB":{"t":"BALL"},"5FC":{"t":"PA22"},"5FD":{"t":"C172"},"5FE":{"t":"C172"},"601":{"t":"ST75"},"603":{"t":"ST75"},"604":{"desc":"L1P"},"606":{"t":"ST75"},"60A":{"t":"C140"},"60B":{"t":"C180"},"60D":{"t":"C172"},"610":{"t":"C421"},"611":{"t":"NAVI"},"612":{"t":"P28A"},"614":{"t":"C182"},"615":{"t":"C152"},"616":{"t":"C152"},"617":{"t":"C172"},"618":{"t":"P46T"},"61C":{"t":"C172"},"61F":{"t":"PA22"},"620":{"t":"P28A"},"625":{"t":"C337"},"628":{"t":"P28R"},"62B":{"t":"BALL"},"62D":{"t":"C140"},"62E":{"t":"C172"},"62F":{"t":"BE35"},"630":{"t":"P28A"},"632":{"t":"PA16"},"633":{"desc":"L1P"},"635":{"t":"P28A"},"637":{"t":"C182"},"638":{"t":"C172"},"63A":{"t":"C172"},"63C":{"t":"C172"},"63D":{"t":"PA44"},"63F":{"t":"P28A"},"640":{"t":"P28A"},"641":{"t":"P28A"},"647":{"t":"C172"},"64C":{"t":"C172"},"64D":{"desc":"L1P"},"64F":{"t":"C182"},"651":{"t":"P28A"},"652":{"t":"C172"},"655":{"t":"C152"},"656":{"t":"C172"},"657":{"t":"NAVI"},"65A":{"t":"P28A"},"65B":{"t":"C152"},"65E":{"t":"BALL"},"662":{"t":"P28A"},"663":{"t":"PA18"},"667":{"t":"C172"},"668":{"t":"P32R"},"669":{"t":"C337"},"66C":{"t":"C172"},"66D":{"t":"C172"},"672":{"t":"C182"},"674":{"t":"C172"},"676":{"t":"P32R"},"678":{"t":"PA16"},"679":{"t":"P46T"},"67A":{"t":"NAVI"},"67B":{"t":"P28A"},"67E":{"t":"PA24"},"680":{"t":"C172"},"682":{"t":"C82R"},"683":{"t":"T210"},"688":{"t":"ULAC"},"689":{"t":"P28R"},"68E":{"t":"C172"},"690":{"t":"C172"},"691":{"t":"C172"},"694":{"t":"T210"},"698":{"t":"BE35"},"699":{"t":"P28A"},"69C":{"t":"PA34"},"69D":{"t":"C172"},"69E":{"t":"P28A"},"6A0":{"t":"ST75"},"6A1":{"t":"PA24"},"6A2":{"t":"C150"},"6A4":{"t":"C82T"},"6A5":{"t":"C172"},"6AA":{"t":"PA27"},"6AB":{"t":"PA22"},"6AD":{"t":"C337"},"6AE":{"t":"P32R"},"6B0":{"desc":"L2P"},"6B6":{"t":"H500"},"6B7":{"t":"B14A"},"6B8":{"desc":"L1P"},"6BA":{"t":"ULAC"},"6C0":{"t":"SR22"},"6C8":{"t":"B738"},"6CB":{"t":"A320"},"6D0":{"t":"SF50"},"6D1":{"t":"BE36"},"6D2":{"t":"BE36"},"6D3":{"t":"BE36"},"6E5":{"t":"C68A"},"6EB":{"desc":"L1P"},"6EC":{"t":"PA18"},"6F7":{"t":"SR22"},"6FA":{"desc":"L1P","t":"ULAC"},"6FB":{"t":"FDCT"},"702":{"t":"BE50"},"703":{"desc":"H4E"},"704":{"desc":"L1P"},"705":{"t":"DV20"},"706":{"t":"C82S"},"708":{"desc":"L1P","t":"ULAC"},"717":{"desc":"L1P"},"71B":{"desc":"L1P"},"71C":{"t":"CRJ7"},"72E":{"t":"BE36"},"730":{"desc":"L1P","t":"ULAC"},"74A":{"t":"CL30"},"74E":{"t":"GALX"},"756":{"desc":"L2J"},"75D":{"t":"C182"},"75E":{"t":"BE36"},"75F":{"desc":"L1P"},"769":{"t":"PC12"},"76C":{"t":"C172"},"781":{"t":"A320"},"78F":{"t":"C172"},"790":{"t":"BT36"},"798":{"t":"BE36"},"79E":{"desc":"L1P"},"7B1":{"t":"C182"},"7B2":{"t":"B763"},"7B7":{"t":"A119"},"7BC":{"t":"ULAC"},"7C2":{"t":"GLID"},"7C6":{"t":"B412"},"7CB":{"t":"CH7B"},"7CD":{"t":"ULAC"},"7CF":{"t":"EC35"},"7D1":{"t":"LJ45"},"7D6":{"desc":"L1P"},"7DA":{"t":"B350"},"7E7":{"t":"C172"},"7ED":{"t":"A319"},"7FC":{"t":"BE36"},"7FF":{"t":"SR22"},"80F":{"t":"P28A"},"810":{"desc":"L1P"},"811":{"t":"B407"},"826":{"t":"C68A"},"82E":{"desc":"L1P"},"847":{"desc":"L1P"},"848":{"desc":"L2P"},"849":{"t":"PA46"},"84A":{"t":"P28A"},"84F":{"t":"R44"},"850":{"desc":"A1P"},"855":{"t":"C172"},"860":{"t":"B06"},"863":{"t":"BT36"},"868":{"t":"C172"},"88A":{"t":"B752"},"88E":{"t":"A321"},"89D":{"desc":"L2J","t":"A21N"},"8A1":{"desc":"L1P","t":"ULAC"},"8AB":{"t":"BE36"},"8AE":{"t":"C210"},"8B2":{"t":"BE33"},"8C4":{"t":"H269"},"8CD":{"t":"CL30"},"903":{"t":"H60"},"912":{"t":"C140"},"914":{"t":"BE35"},"917":{"t":"PA16"},"918":{"t":"C172"},"919":{"t":"P32R"},"91A":{"t":"P28A"},"91C":{"t":"ST75"},"91D":{"t":"PA24"},"91F":{"t":"C172"},"924":{"t":"P28A"},"925":{"t":"SF50"},"928":{"t":"C172"},"929":{"desc":"L1P"},"92A":{"t":"J3"},"92B":{"t":"C172"},"930":{"t":"GLID"},"933":{"t":"P46T"},"934":{"t":"C182"},"936":{"t":"C180"},"939":{"t":"T34P"},"93A":{"t":"PA16"},"93B":{"t":"P32R"},"93C":{"t":"C172"},"93F":{"t":"P28A"},"941":{"t":"C150"},"942":{"t":"PA34"},"944":{"t":"C172"},"946":{"t":"GLID"},"947":{"t":"P28A"},"94B":{"t":"C182"},"94C":{"t":"C172"},"94F":{"t":"C172"},"952":{"t":"C337"},"954":{"t":"GLID"},"956":{"t":"T210"},"95B":{"t":"PA32"},"95C":{"t":"GLID"},"95D":{"t":"C172"},"960":{"t":"P28A"},"963":{"desc":"L1P"},"964":{"t":"C150"},"965":{"t":"C172"},"967":{"t":"C82T"},"968":{"t":"P28A"},"96B":{"t":"PA18"},"96D":{"t":"PA22"},"970":{"t":"C172"},"973":{"t":"GLID"},"976":{"t":"C337"},"97B":{"t":"C140"},"980":{"t":"PA16"},"981":{"t":"P28A"},"982":{"t":"C172"},"983":{"t":"P28A"},"985":{"t":"ST75"},"987":{"t":"C82S"},"988":{"t":"C172"},"989":{"t":"P28A"},"98B":{"t":"T206"},"98C":{"t":"UH12"},"98F":{"t":"PA27"},"990":{"t":"C172"},"991":{"t":"C172"},"993":{"t":"C172"},"997":{"t":"C172"},"99C":{"t":"C172"},"99D":{"t":"C182"},"99E":{"t":"C140"},"9A0":{"t":"BE35"},"9A2":{"t":"GLID"},"9A5":{"t":"C172"},"9A9":{"t":"C152"},"9AD":{"t":"C172"},"9B0":{"t":"P28A"},"9B2":{"desc":"H1P"},"9B3":{"t":"PA22"},"9B4":{"t":"C337"},"9BA":{"t":"P32R"},"9BF":{"desc":"L1P"},"9C1":{"t":"C140"},"9C3":{"t":"BE35"},"9C5":{"t":"M20P"},"9C6":{"t":"PA16"},"9CB":{"t":"ST75"},"9CC":{"t":"PA24"},"9CD":{"t":"C172"},"9CE":{"t":"C172"},"9CF":{"t":"C337"},"9D0":{"t":"C172"},"9D2":{"desc":"L1P"},"9D3":{"t":"P28A"},"9D4":{"t":"C414"},"9D7":{"t":"O1"},"9D8":{"t":"P28A"},"9DD":{"t":"FA62"},"9E1":{"t":"G164"},"9E2":{"t":"C310"},"9E4":{"t":"PA34"},"9E5":{"t":"C180"},"9E7":{"t":"P28A"},"9E9":{"t":"PA16"},"9EA":{"t":"C172"},"9EB":{"t":"C172"},"9EC":{"t":"P28A"},"9ED":{"t":"C152"},"9EE":{"t":"ST75"},"9EF":{"t":"PA24"},"9F2":{"t":"C182"},"9F3":{"t":"C172"},"9F4":{"desc":"L1P"},"9F6":{"t":"P28A"},"9FD":{"t":"C172"},"9FE":{"t":"T50"},"A02":{"t":"PA32"},"A07":{"t":"C140"},"A08":{"t":"C180"},"A09":{"t":"BE35"},"A0A":{"t":"P28A"},"A0C":{"t":"C172"},"A0D":{"t":"P32R"},"A0E":{"t":"NAVI"},"A0F":{"t":"P28A"},"A12":{"t":"PA24"},"A13":{"t":"C150"},"A14":{"t":"C172"},"A15":{"t":"C337"},"A16":{"t":"C172"},"A1C":{"t":"PA22"},"A1D":{"t":"C337"},"A1E":{"t":"C337"},"A1F":{"t":"PA32"},"A23":{"t":"C337"},"A27":{"t":"G164"},"A28":{"t":"T210"},"A29":{"t":"C182"},"A2C":{"t":"BE35"},"A2F":{"t":"P28A"},"A30":{"t":"P28A"},"A33":{"t":"C152"},"A34":{"t":"ST75"},"A35":{"t":"PA24"},"A36":{"t":"C150"},"A37":{"t":"C172"},"A39":{"t":"P28A"},"A3A":{"t":"C210"},"A3C":{"t":"P28A"},"A3F":{"t":"PA22"},"A42":{"t":"P32R"},"A45":{"t":"PA32"},"A47":{"t":"C337"},"A48":{"t":"C337"},"A4A":{"t":"G164"},"A4B":{"t":"C210"},"A4D":{"t":"C140"},"A4E":{"t":"C180"},"A4F":{"t":"BE35"},"A50":{"t":"P28A"},"A52":{"t":"C152"},"A53":{"t":"PA32"},"A54":{"t":"NAVI"},"A57":{"t":"C182"},"A59":{"t":"C150"},"A5A":{"t":"C72R"},"A5B":{"t":"P32R"},"A60":{"desc":"L1P"},"A61":{"t":"T210"},"A68":{"t":"P68"},"A6E":{"t":"P28A"},"A70":{"t":"SR22"},"A71":{"t":"BL8"},"A7E":{"desc":"L2T"},"A7F":{"t":"B738"},"A87":{"t":"BE35"},"A8A":{"t":"R44"},"A97":{"desc":"L1P"},"AA0":{"t":"S108"},"AA1":{"t":"SR22"},"AA3":{"desc":"L1P"},"AA4":{"t":"SR22"},"AAB":{"t":"HUSK"},"AAE":{"t":"SR22"},"AB2":{"t":"FDCT"},"AB9":{"t":"BE35"},"ABF":{"t":"BE40"},"AC0":{"desc":"L1P"},"AC5":{"t":"PA30"},"AD3":{"t":"CRJ7"},"ADE":{"t":"BE20"},"AF6":{"t":"P28A"},"B0D":{"desc":"L2J"},"B15":{"t":"GA5C"},"B20":{"desc":"H1T"},"B23":{"t":"C172"},"B2B":{"t":"C182"},"B38":{"t":"R66"},"B3C":{"t":"PC12"},"B3E":{"t":"CH7B"},"B42":{"desc":"L1P","t":"ULAC"},"B48":{"t":"A320"},"B4F":{"desc":"L1P","t":"ULAC"},"B60":{"t":"C172"},"B6A":{"t":"SR22"},"B81":{"t":"R44"},"B82":{"t":"DA40"},"B86":{"t":"EC35"},"B8D":{"t":"HUSK"},"B8F":{"desc":"L1P"},"B9A":{"t":"PA38"},"B9E":{"t":"C172"},"BA1":{"t":"PC12"},"BAD":{"desc":"H4E"},"BB3":{"t":"B06"},"BBA":{"t":"SR20"},"BC5":{"desc":"L1P"},"BC7":{"desc":"L1P"},"BDD":{"t":"C68A"},"BE7":{"t":"PRM1"},"BF9":{"desc":"L1P"},"BFE":{"desc":"L1P"},"BFF":{"t":"C182"},"C0C":{"t":"C172"},"C13":{"t":"BE58"},"C17":{"t":"B06"},"C29":{"t":"C182"},"C2C":{"t":"P06T"},"C41":{"t":"B752"},"C45":{"t":"A321"},"C49":{"t":"SR22"},"C54":{"desc":"L2J","t":"A21N"},"C62":{"desc":"L1P"},"C65":{"t":"C750"},"C6E":{"t":"C182"},"C6F":{"desc":"H4E"},"C84":{"t":"CL30"},"C86":{"desc":"L1P","t":"XL2"},"C91":{"t":"LJ45"},"CCA":{"t":"C180"},"CCB":{"t":"C185"},"CCC":{"t":"P28R"},"CCE":{"t":"PA16"},"CCF":{"t":"C421"},"CD1":{"t":"P28A"},"CD4":{"t":"PA24"},"CD8":{"t":"P28R"},"CD9":{"t":"C206"},"CDB":{"t":"P28A"},"CE1":{"t":"B06"},"CE2":{"t":"C172"},"CE3":{"t":"C337"},"CE4":{"t":"C337"},"CE7":{"t":"C337"},"CE8":{"t":"TAYD"},"CE9":{"desc":"L2P"},"CEF":{"t":"PA32"},"CF0":{"desc":"L1P"},"CF1":{"t":"PA16"},"CF2":{"t":"C421"},"CF3":{"t":"C172"},"CF4":{"t":"C172"},"CF8":{"t":"C172"},"CF9":{"t":"C172"},"CFF":{"t":"C206"},"D02":{"t":"C337"},"D04":{"t":"TAYD"},"D05":{"t":"CH7B"},"D08":{"t":"C172"},"D09":{"t":"BL8"},"D0A":{"t":"CH7B"},"D0B":{"t":"CH7B"},"D0F":{"t":"C414"},"D10":{"t":"C180"},"D11":{"t":"BE35"},"D16":{"t":"NAVI"},"D1A":{"desc":"L1P","t":"ULAC"},"D1D":{"t":"SR22"},"D20":{"t":"C72R"},"D25":{"t":"C172"},"D28":{"t":"BL8"},"D29":{"t":"CH7B"},"D2A":{"t":"C172"},"D2B":{"t":"CH7B"},"D2C":{"t":"FA62"},"D2D":{"t":"CH7B"},"D31":{"desc":"L1P"},"D34":{"t":"BE35"},"D37":{"t":"PA16"},"D39":{"t":"NAVI"},"D3A":{"t":"P28A"},"D3E":{"t":"C150"},"D41":{"t":"P28A"},"D42":{"t":"B06"},"D45":{"t":"GLID"},"D46":{"t":"PA18"},"D48":{"t":"CH7B"},"D4D":{"t":"CH7B"},"D4F":{"t":"BL8"},"D50":{"t":"CH7B"},"D55":{"t":"C140"},"D56":{"t":"C180"},"D5B":{"t":"C172"},"D5C":{"t":"C172"},"D5D":{"t":"P28A"},"D5F":{"t":"ST75"},"D60":{"t":"PA24"},"D61":{"t":"C150"},"D64":{"t":"P28R"},"D65":{"t":"GLID"},"D66":{"t":"UH12"},"D6A":{"t":"PA22"},"D6B":{"desc":"L1P"},"D6D":{"t":"C172"},"D6F":{"t":"CH7B"},"D71":{"t":"CH7B"},"D72":{"t":"BL8"},"D75":{"t":"G164"},"D79":{"t":"C180"},"D7E":{"t":"C172"},"D7F":{"t":"NAVI"},"D80":{"t":"P28A"},"D85":{"t":"C172"},"D8A":{"t":"P28A"},"D8E":{"t":"ST75"},"D90":{"t":"CH7B"},"D92":{"t":"CH7B"},"D95":{"t":"BL8"},"D96":{"t":"CH7B"},"D97":{"t":"C172"},"D9B":{"t":"C140"},"DA1":{"t":"C172"},"DA2":{"t":"NAVI"},"DA5":{"t":"C182"},"DA6":{"t":"PA24"},"DB1":{"t":"TAYD"},"DB4":{"t":"CH7B"},"DB5":{"t":"CH7A"},"DB6":{"t":"TAYD"},"DB9":{"desc":"L1P"},"DBB":{"desc":"L1P","t":"ULAC"},"DBE":{"t":"C177"},"DBF":{"t":"C172"},"DC0":{"t":"BE35"},"DC3":{"t":"PA16"},"DC5":{"t":"NAVI"},"DC9":{"t":"PA24"},"DCC":{"t":"C82T"},"DCD":{"t":"C172"},"DCF":{"t":"C72R"},"DD0":{"t":"P28A"},"DD3":{"t":"PA22"},"DD6":{"t":"CH7B"},"DD7":{"t":"CH7A"},"DDB":{"t":"CH7B"},"DDC":{"t":"CH7B"},"DDD":{"desc":"L1P"},"DE0":{"t":"C152"},"DE2":{"t":"C172"},"DE3":{"t":"C172"},"DE5":{"desc":"L1P"},"DE6":{"t":"PA16"},"DE8":{"t":"C172"},"DE9":{"t":"P28A"},"DEC":{"t":"C206"},"DEE":{"t":"C172"},"DF3":{"t":"P28A"},"DF5":{"t":"PA18"},"DF8":{"t":"CH7A"},"DFA":{"t":"ST75"},"DFC":{"t":"CH7B"},"DFE":{"t":"BL8"},"DFF":{"t":"AR11"},"E02":{"t":"C210"},"E03":{"t":"C182"},"E06":{"t":"BE35"},"E07":{"t":"F2TH"},"E0B":{"t":"NAVI"},"E10":{"t":"C150"},"E12":{"t":"C82T"},"E13":{"t":"C172"},"E16":{"t":"SR20"},"E18":{"t":"PA18"},"E19":{"t":"PA22"},"E1B":{"t":"CH7B"},"E1D":{"t":"ST75"},"E1E":{"t":"C172"},"E21":{"t":"C172"},"E22":{"t":"TAYD"},"E24":{"desc":"L1P"},"E25":{"t":"B14A"},"E28":{"t":"UH12"},"E31":{"desc":"L1P"},"E36":{"t":"B738"},"E39":{"t":"A320"},"E46":{"t":"PC12"},"E57":{"t":"C172"},"E58":{"t":"CRJ9"},"E5A":{"t":"B734"},"E5B":{"t":"SR22"},"E5D":{"t":"C25A"},"E5F":{"desc":"L1P","t":"ULAC"},"E62":{"t":"E145"},"E65":{"t":"C82S"},"E69":{"t":"FDCT"},"E80":{"t":"ULAC"},"E90":{"t":"CRJ7"},"EB8":{"t":"CL30"},"EBD":{"desc":"L1P"},"EC4":{"desc":"L2J"},"ECC":{"desc":"L1P"},"EDA":{"t":"C172"},"EEE":{"desc":"L1P","t":"ULAC"},"EEF":{"t":"AR15"},"EF0":{"desc":"L1P","t":"ULAC"},"F11":{"t":"SW4"},"F17":{"t":"C172"},"F1F":{"desc":"H1P"},"F20":{"t":"B763"},"F38":{"t":"E135"},"F48":{"desc":"A1P"},"F49":{"desc":"L1P"},"F4A":{"t":"PC12"},"F4D":{"t":"B412"},"F51":{"t":"SR22"},"F55":{"t":"C172"},"F6A":{"t":"PA24"},"F6B":{"desc":"H6E"},"F6D":{"t":"C180"},"F71":{"desc":"L1P"},"F94":{"t":"C68A"},"F9C":{"t":"GALX"},"FA4":{"desc":"L1P"},"FAE":{"desc":"L1P"},"FB7":{"t":"P32R"},"FB8":{"t":"P28A"},"FBD":{"desc":"L1J"},"FC0":{"t":"CL30"},"FC1":{"desc":"A1P","t":"ULAC"},"FC3":{"t":"C172"},"FC5":{"t":"SR22"},"FCC":{"t":"S22T"},"FCE":{"t":"BE33"},"FD0":{"t":"C172"},"FD2":{"t":"B06"},"FDF":{"t":"CL60"},"FE8":{"desc":"L2E"},"FF8":{"t":"B752"},"FFC":{"t":"A321"}}