{"5007":{"t":"C172"},"5009":{"t":"GC1"},"5012":{"t":"BE35"},"5013":{"t":"A321"},"5015":{"desc":"L1P"},"502B":{"t":"P28R"},"502C":{"t":"C150"},"5039":{"t":"B744"},"5046":{"desc":"L1P"},"5052":{"t":"C560"},"5054":{"t":"DA62"},"505D":{"desc":"L1P"},"5061":{"desc":"H4E"},"5065":{"t":"R44"},"506A":{"t":"B737"},"5081":{"desc":"L1P"},"50C1":{"desc":"L1P","t":"ULAC"},"50C6":{"t":"C172"},"50C7":{"t":"P28A"},"50CB":{"t":"BE55"},"50CD":{"t":"C185"},"50CF":{"t":"PA24"},"50D1":{"t":"C172"},"50D2":{"t":"GLID"},"50D6":{"t":"P28A"},"50DD":{"t":"ST75"},"50DF":{"t":"ST75"},"50E0":{"t":"P28A"},"50E1":{"desc":"L1P"},"50E4":{"desc":"L1P"},"50E5":{"t":"C172"},"50EA":{"t":"P28A"},"50ED":{"t":"M20P"},"50EF":{"t":"AA1"},"50F0":{"t":"C310"},"50F3":{"t":"M20P"},"50F5":{"t":"GLID"},"50F7":{"t":"P28A"},"50F8":{"t":"BE55"},"50FA":{"t":"C320"},"50FB":{"t":"ULAC"},"50FD":{"t":"ULAC"},"5101":{"t":"PA32"},"5102":{"t":"PT22"},"5103":{"t":"B772"},"5106":{"t":"ULAC"},"5109":{"t":"M20P"},"510C":{"t":"C150"},"510D":{"t":"P28A"},"510E":{"t":"C150"},"510F":{"t":"PA16"},"5110":{"t":"T206"},"5115":{"t":"PA24"},"5116":{"t":"M20P"},"5118":{"t":"GLID"},"511A":{"t":"P28A"},"511E":{"t":"PA27"},"511F":{"t":"PA22"},"5120":{"t":"P28A"},"5126":{"t":"PT22"},"512D":{"t":"ULAC"},"5132":{"t":"PA16"},"5134":{"t":"BE35"},"513B":{"t":"GLID"},"513D":{"t":"P28A"},"513F":{"t":"P28A"},"5141":{"t":"M20T"},"5143":{"t":"BALL"},"5144":{"t":"ULAC"},"5145":{"t":"M20T"},"5146":{"t":"M20P"},"514B":{"t":"M20P"},"514C":{"t":"M20P"},"514E":{"t":"C172"},"514F":{"t":"C182"},"5153":{"t":"P28A"},"5155":{"t":"PA16"},"515A":{"desc":"L1P"},"515D":{"t":"C172"},"515E":{"t":"GLID"},"515F":{"t":"C172"},"5161":{"t":"BE35"},"5165":{"t":"PA22"},"5174":{"t":"PA22"},"5176":{"t":"P28A"},"517B":{"t":"AA1"},"517E":{"t":"PA24"},"517F":{"t":"M20P"},"5180":{"t":"C172"},"5181":{"t":"GLID"},"5184":{"t":"P28A"},"5185":{"t":"P28A"},"518E":{"t":"M20T"},"5191":{"t":"ULAC"},"5196":{"t":"C170"},"5197":{"t":"PA22"},"519B":{"t":"PA16"},"519C":{"t":"C206"},"51A1":{"t":"PA24"},"51A2":{"t":"M20P"},"51A3":{"t":"C182"},"51A6":{"t":"P28A"},"51A7":{"t":"BE35"},"51A8":{"t":"P28A"},"51AD":{"t":"FA62"},"51B9":{"t":"C170"},"51BA":{"t":"BALL"},"51BC":{"t":"P28A"},"51BE":{"t":"PA16"},"51C0":{"t":"BE35"},"51C6":{"t":"C172"},"51CC":{"t":"BALL"},"51DA":{"t":"C172"},"51DC":{"t":"C170"},"51DF":{"t":"P28A"},"51E0":{"t":"C188"},"51E1":{"t":"PA16"},"51E2":{"t":"M20P"},"51E6":{"t":"ST75"},"51E8":{"t":"M20P"},"51EA":{"t":"GLID"},"51EC":{"t":"P28A"},"51F1":{"t":"PA22"},"51F3":{"t":"PT22"},"51F4":{"t":"M20P"},"51F6":{"desc":"L2P"},"51F7":{"t":"PT22"},"51FD":{"t":"C172"},"51FF":{"t":"C170"},"5201":{"t":"C150"},"5204":{"t":"PA16"},"5208":{"t":"C310"},"520A":{"t":"PA24"},"520C":{"t":"C172"},"520D":{"t":"GLID"},"520F":{"t":"P28A"},"5211":{"t":"P28A"},"5214":{"t":"PA22"},"5215":{"t":"M20T"},"521C":{"t":"M20T"},"521F":{"desc":"L1P"},"522E":{"t":"C560"},"5232":{"t":"PA44"},"5235":{"t":"B350"},"5239":{"t":"BE35"},"523A":{"desc":"A1P","t":"ULAC"},"523B":{"t":"C25B"},"523C":{"t":"C56X"},"5245":{"t":"BL8"},"5252":{"t":"C180"},"5255":{"desc":"L1E"},"5256":{"t":"SR22"},"525A":{"t":"G280"},"525B":{"t":"B06"},"5260":{"desc":"L1P"},"5262":{"t":"P28B"},"526B":{"t":"BE55"},"526C":{"t":"B407"},"526E":{"desc":"L2P"},"526F":{"t":"HUSK"},"5271":{"desc":"L1P"},"5275":{"desc":"H1P"},"5277":{"t":"CH7B"},"527C":{"t":"DA40"},"527D":{"t":"C82S"},"5283":{"t":"A359"},"5290":{"desc":"L1J"},"52A2":{"t":"DC10"},"52A8":{"t":"P28A"},"52B3":{"t":"CL30"},"52BF":{"desc":"L2J"},"52C8":{"t":"C525"},"52CB":{"desc":"L1P"},"52CF":{"desc":"L1P"},"52D7":{"t":"H500"},"52E8":{"t":"GLID"},"52E9":{"t":"C172"},"52EA":{"t":"A320"},"52EB":{"t":"S22T"},"52FD":{"desc":"L1P"},"5308":{"t":"H25B"},"530B":{"desc":"L1J"},"530C":{"t":"SW4"},"531B":{"t":"AT5T"},"5320":{"t":"CH7B"},"5325":{"t":"M20T"},"5334":{"desc":"L4J"},"5336":{"t":"C182"},"5337":{"t":"P28A"},"533F":{"desc":"L1P"},"5345":{"t":"DA40"},"534D":{"desc":"L2J"},"5350":{"t":"C172"},"5359":{"t":"CRJ9"},"5366":{"desc":"H6E"},"5368":{"t":"PC12"},"5377":{"desc":"L2T"},"5378":{"t":"PA44"},"5381":{"t":"S76"},"538F":{"t":"C68A"},"5394":{"t":"EN48"},"53A3":{"t":"BE20"},"53A8":{"desc":"L1P"},"53AB":{"desc":"L1P"},"53B1":{"t":"BL8"},"53B3":{"t":"C208"},"53B8":{"t":"AS50"},"53BA":{"t":"S22T"},"53BE":{"t":"C172"},"53C9":{"t":"BE35"},"53CA":{"t":"S22T"},"53CC":{"t":"C206"},"53D5":{"t":"BE20"},"53DA":{"t":"CL60"},"53DE":{"t":"BE40"},"53DF":{"t":"BE33"},"53EB":{"desc":"G1P"},"53F0":{"t":"B744"},"53F7":{"t":"A321"},"541A":{"desc":"L1P"},"5437":{"desc":"G1P"},"5446":{"desc":"L1P"},"545F":{"t":"RV12"},"5470":{"desc":"H4E"},"5478":{"desc":"H1P"},"547A":{"t":"C182"},"547E":{"t":"P28A"},"5483":{"t":"AA1"},"5485":{"t":"ST75"},"5487":{"t":"M20P"},"5488":{"t":"C172"},"5489":{"t":"GLID"},"548A":{"t":"C172"},"548C":{"t":"BE35"},"5490":{"t":"PA22"},"5494":{"t":"BALL"},"549D":{"t":"C182"},"549E":{"t":"C170"},"549F":{"t":"PA22"},"54A0":{"t":"C150"},"54A1":{"t":"P28A"},"54A3":{"t":"M20P"},"54A7":{"t":"C310"},"54AC":{"t":"GLID"},"54AD":{"t":"C172"},"54AE":{"t":"P28A"},"54AF":{"t":"BE55"},"54B5":{"t":"B752"},"54B6":{"t":"AC90"},"54C1":{"t":"C170"},"54C2":{"t":"PA22"},"54C4":{"t":"P28A"},"54C7":{"t":"C206"},"54CA":{"t":"C310"},"54CC":{"t":"PA24"},"54CD":{"t":"M20P"},"54CE":{"t":"C172"},"54CF":{"t":"GLID"},"54D0":{"t":"C172"},"54D1":{"t":"P28A"},"54D6":{"t":"PA22"},"54D7":{"t":"ST75"},"54DA":{"t":"DC3"},"54E4":{"t":"C170"},"54E7":{"t":"P28A"},"54EB":{"t":"BE35"},"54F1":{"t":"C172"},"54F2":{"desc":"L1P"},"54F3":{"t":"C172"},"54F5":{"t":"BE55"},"54F8":{"t":"PA27"},"54FD":{"t":"T206"},"54FF":{"t":"M20P"},"5505":{"t":"C172"},"5507":{"t":"M20P"},"5508":{"t":"PA22"},"550A":{"t":"P28A"},"550E":{"t":"BE33"},"5517":{"t":"P28A"},"551A":{"t":"C320"},"551B":{"t":"PA27"},"551C":{"t":"PA22"},"551F":{"t":"M20T"},"5523":{"t":"M20T"},"5528":{"t":"C172"},"552B":{"t":"PA22"},"552E":{"t":"C150"},"552F":{"t":"PA16"},"5531":{"t":"BE35"},"5533":{"t":"C310"},"5537":{"t":"C182"},"5538":{"t":"GLID"},"5539":{"t":"C172"},"553C":{"t":"P28A"},"553F":{"t":"PA22"},"554B":{"t":"C172"},"554C":{"t":"C182"},"554E":{"t":"PA22"},"554F":{"t":"C150"},"5550":{"t":"P32R"},"5552":{"t":"PA16"},"5553":{"t":"C206"},"5557":{"t":"BALL"},"5559":{"t":"M20P"},"555A":{"t":"C172"},"555B":{"t":"GLID"},"555D":{"t":"P28A"},"5560":{"t":"C320"},"5561":{"t":"BALL"},"5562":{"t":"PA18"},"5568":{"t":"B06"},"5571":{"t":"PA22"},"5572":{"t":"C150"},"5573":{"t":"P28A"},"5575":{"t":"BALL"},"5577":{"t":"M20P"},"5578":{"t":"AA1"},"557B":{"t":"PA24"},"5581":{"t":"BE33"},"5582":{"t":"P28A"},"5585":{"t":"PA22"},"5589":{"t":"ST75"},"5592":{"t":"C182"},"5594":{"t":"PA22"},"5597":{"t":"C150"},"559D":{"t":"J3"},"55A1":{"t":"GLID"},"55A2":{"t":"C172"},"55A9":{"t":"C180"},"55AC":{"t":"M20P"},"55AD":{"t":"PT22"},"55AE":{"t":"PT22"},"55B0":{"t":"M20P"},"55B3":{"desc":"L1P"},"55B4":{"t":"C172"},"55B5":{"t":"C182"},"55BB":{"t":"PA16"},"55BD":{"t":"BE35"},"55C0":{"t":"J3"},"55C1":{"t":"PA24"},"55C2":{"t":"M20P"},"55C3":{"t":"C172"},"55C6":{"t":"P28A"},"55C7":{"t":"BE35"},"55C8":{"t":"P28A"},"55D0":{"t":"BALL"},"55D1":{"t":"M20T"},"55D5":{"t":"BALL"},"55DA":{"t":"EC25"},"55E0":{"desc":"L1J"},"55E1":{"t":"LJ45"},"55E3":{"t":"AS50"},"55E9":{"t":"PA44"},"55F0":{"desc":"L1P"},"55FE":{"t":"BE33"},"5600":{"desc":"L1P"},"5609":{"desc":"L1P"},"560C":{"desc":"L1E"},"560D":{"t":"SR22"},"5611":{"t":"B350"},"5617":{"t":"SR22"},"561B":{"t":"SR22"},"5623":{"t":"B407"},"5629":{"t":"SF50"},"562A":{"t":"C182"},"5633":{"t":"DA40"},"563A":{"t":"A359"},"563B":{"t":"C185"},"563E":{"t":"GLF4"},"5647":{"desc":"L1J"},"5659":{"t":"MD11"},"565B":{"t":"BE36"},"565F":{"t":"P28A"},"566A":{"t":"CL30"},"566D":{"t":"C182"},"5676":{"desc":"L2J"},"567F":{"t":"SR22"},"5682":{"t":"SW4"},"5686":{"desc":"H1P"},"56A0":{"t":"C172"},"56A1":{"t":"T28"},"56B8":{"t":"P28A"},"56E2":{"t":"RV12"},"56EA":{"t":"BE20"},"56EB":{"desc":"L4J"},"56ED":{"desc":"H1P"},"56FB":{"t":"GLF4"},"5707":{"t":"C172"},"5710":{"t":"CRJ9"},"571D":{"desc":"H6E"},"571F":{"t":"PC12"},"572D":{"desc":"L2J"},"572E":{"desc":"L2T"},"5746":{"t":"C68A"},"5757":{"t":"C172"},"576A":{"desc":"L1P","t":"ULAC"},"576E":{"desc":"A1T","t":"KODI"},"5775":{"t":"C172"},"5780":{"t":"BE35"},"5781":{"desc":"L1P"},"5782":{"desc":"L1P"},"578C":{"t":"BE36"},"578D":{"desc":"L2P"},"5792":{"t":"SR22"},"57A7":{"t":"B744"},"57AE":{"t":"A321"},"57B3":{"t":"C525"},"57CB":{"t":"P28A"},"57CE":{"t":"BE20"},"57EF":{"desc":"L1P"},"57F4":{"desc":"L1J"},"581C":{"desc":"H4E"},"5832":{"t":"C170"},"5834":{"t":"C172"},"5835":{"t":"P28A"},"5839":{"t":"BE35"},"583A":{"t":"AA1"},"583B":{"t":"C310"},"583D":{"t":"PA24"},"5841":{"t":"C172"},"5844":{"t":"P28A"},"5847":{"t":"PA22"},"585D":{"t":"AA1"},"585E":{"t":"C310"},"5861":{"t":"M20P"},"5864":{"t":"C172"},"5867":{"t":"P28A"},"5877":{"t":"C182"},"5878":{"t":"C170"},"587A":{"t":"C150"},"587B":{"t":"P28A"},"587C":{"t":"C150"},"587F":{"t":"BE55"},"5880":{"t":"AA1"},"5883":{"t":"PA24"},"5884":{"t":"M20P"},"5885":{"t":"C172"},"5886":{"t":"GLID"},"5888":{"t":"P28A"},"5889":{"t":"BE33"},"588E":{"t":"M20T"},"5895":{"t":"M20T"},"5897":{"t":"M20T"},"5899":{"t":"C172"},"589B":{"t":"C170"},"589E":{"t":"P28A"},"58A0":{"t":"PA16"},"58A1":{"t":"C182"},"58A3":{"t":"AA1"},"58A8":{"t":"C172"},"58A9":{"t":"GLID"},"58AA":{"t":"C172"},"58AD":{"t":"P28A"},"58B3":{"t":"M20T"},"58BB":{"t":"GLID"},"58BC":{"t":"BALL"},"58C0":{"t":"C150"},"58C1":{"t":"P28A"},"58C2":{"t":"C150"},"58C3":{"t":"PA16"},"58C4":{"t":"C172"},"58C6":{"desc":"L1P"},"58CB":{"t":"C172"},"58CF":{"t":"BE35"},"58D5":{"t":"M20T"},"58DB":{"t":"M20T"},"58DE":{"t":"GLID"},"58E1":{"desc":"L1P"},"58E6":{"t":"PA16"},"58EC":{"t":"PA24"},"58ED":{"t":"M20P"},"58F2":{"t":"BE33"},"58F3":{"t":"P28A"},"58F6":{"t":"PA22"},"58F7":{"t":"ST75"},"58F9":{"t":"M20P"},"58FE":{"t":"M20P"},"5900":{"t":"M20P"},"5901":{"desc":"L1P"},"5903":{"t":"C182"},"5904":{"t":"C170"},"590B":{"t":"BE35"},"590D":{"t":"M20P"},"590F":{"t":"M20T"},"5910":{"t":"M20P"},"5913":{"t":"C172"},"591C":{"t":"AC50"},"591E":{"t":"PT22"},"5920":{"desc":"L2P"},"5921":{"t":"M20P"},"5924":{"t":"BE10"},"5929":{"t":"C172"},"592A":{"t":"P28A"},"5935":{"t":"GLID"},"5938":{"t":"BE35"},"593A":{"t":"C320"},"593D":{"t":"ST75"},"593E":{"t":"ST75"},"5947":{"desc":"H1P"},"5948":{"t":"C172"},"5949":{"t":"C182"},"594C":{"t":"C150"},"594E":{"desc":"A1T","t":"KODI"},"594F":{"t":"PA16"},"5955":{"t":"PA24"},"5956":{"t":"M20P"},"595A":{"t":"P28A"},"595B":{"t":"BE33"},"595C":{"t":"P28A"},"5960":{"t":"M20P"},"5963":{"t":"M20P"},"5969":{"t":"ST75"},"596A":{"desc":"L1P"},"596B":{"t":"C172"},"596E":{"t":"PA22"},"596F":{"t":"C150"},"5972":{"t":"PA16"},"5976":{"t":"C340"},"5977":{"t":"ST75"},"5978":{"t":"PA24"},"597B":{"t":"GLID"},"597C":{"t":"C172"},"597D":{"t":"P28A"},"5984":{"t":"ST75"},"598B":{"t":"P28R"},"598F":{"t":"MD82"},"5990":{"desc":"A8E"},"5994":{"t":"G164"},"5995":{"t":"EC20"},"599A":{"t":"AS50"},"59A0":{"t":"PA44"},"59A7":{"t":"B350"},"59A8":{"t":"C208"},"59A9":{"t":"C25B"},"59AA":{"desc":"G1P"},"59C0":{"desc":"L1P"},"59C1":{"t":"B06"},"59C2":{"desc":"L1P"},"59C3":{"desc":"L1E"},"59C4":{"t":"SR22"},"59CC":{"t":"C525"},"59CE":{"t":"SR22"},"59D9":{"desc":"L1P"},"59DF":{"t":"R66"},"59E4":{"t":"E55P"},"59EA":{"t":"S22T"},"59F1":{"t":"A359"},"59FD":{"t":"HUSK"},"59FE":{"desc":"L1J"},"5A10":{"t":"MD11"},"5A21":{"t":"CL30"},"5A24":{"desc":"L2T"},"5A58":{"t":"GLID"},"5A59":{"t":"C185"},"5A5C":{"t":"C180"},"5A61":{"t":"GLID"},"5A66":{"t":"SR22"},"5A6F":{"desc":"L1P"},"5A89":{"t":"AT5T"},"5AA1":{"t":"C550"},"5AA2":{"desc":"L4J"},"5AB3":{"t":"DV20"},"5AB6":{"desc":"L1P"},"5ABA":{"desc":"L1P"},"5ABE":{"t":"C172"},"5AC7":{"t":"CRJ9"},"5ADF":{"desc":"L1P"},"5AE5":{"t":"GALX"},"5AEF":{"t":"S76"},"5AFD":{"t":"C56X"},"5B0B":{"t":"H60"},"5B11":{"desc":"L1P"},"5B1E":{"desc":"L1P"},"5B21":{"desc":"L1P","t":"ULAC"},"5B2E":{"t":"SR22"},"5B37":{"desc":"L1P","t":"ULAC"},"5B39":{"desc":"A1P"},"5B3A":{"t":"GLID"},"5B42":{"desc":"L1P","t":"TB0"},"5B43":{"desc":"L1P"},"5B47":{"t":"FA50"},"5B49":{"t":"SR22"},"5B51":{"t":"B763"},"5B5E":{"t":"B744"},"5B65":{"t":"A321"},"5B6E":{"t":"SR22"},"5B85":{"desc":"H4E"},"5BE6":{"desc":"L1P"},"5BE7":{"t":"C172"},"5BEC":{"t":"P28A"},"5BEE":{"t":"PA16"},"5BEF":{"t":"C172"},"5BFA":{"t":"BE35"},"5BFB":{"t":"P28A"},"5BFC":{"t":"SS2P"},"5C03":{"t":"P28A"},"5C04":{"t":"P28R"},"5C08":{"t":"P28A"},"5C0A":{"desc":"L1P"},"5C0C":{"t":"C170"},"5C0D":{"t":"PA22"},"5C12":{"t":"C206"},"5C15":{"t":"C310"},"5C18":{"t":"M20P"},"5C19":{"t":"C172"},"5C1B":{"t":"C172"},"5C1D":{"t":"BE95"},"5C1E":{"t":"P28A"},"5C1F":{"t":"C320"},"5C21":{"t":"PA22"},"5C23":{"t":"P28A"},"5C2F":{"t":"C170"},"5C30":{"t":"PA22"},"5C31":{"t":"C172"},"5C34":{"t":"PA16"},"5C36":{"t":"BE35"},"5C3B":{"t":"M20P"},"5C3F":{"t":"P28A"},"5C40":{"t":"BE35"},"5C45":{"t":"P28A"},"5C47":{"t":"P28A"},"5C48":{"t":"P28A"},"5C49":{"t":"P28R"},"5C4A":{"t":"P28R"},"5C51":{"t":"C182"},"5C52":{"t":"C170"},"5C55":{"t":"P28A"},"5C59":{"t":"B06"},"5C5D":{"t":"PA24"},"5C5E":{"t":"M20P"},"5C5F":{"t":"C172"},"5C61":{"t":"C172"},"5C62":{"t":"P28A"},"5C69":{"t":"P28A"},"5C6D":{"t":"P28A"},"5C6E":{"t":"M20P"},"5C70":{"t":"P28R"},"5C72":{"t":"H25B"},"5C73":{"t":"C172"},"5C74":{"t":"T34P"},"5C77":{"t":"C150"},"5C7B":{"t":"M20P"},"5C82":{"t":"C172"},"5C85":{"t":"P28A"},"5C86":{"t":"BE33"},"5C8E":{"t":"P28R"},"5C91":{"t":"P28B"},"5C92":{"t":"P28B"},"5C93":{"t":"ST75"},"5C95":{"desc":"L1P"},"5CA3":{"t":"M20P"},"5CA4":{"t":"M20P"},"5CA5":{"t":"C172"},"5CA9":{"t":"BE33"},"5CAA":{"t":"P28A"},"5CAD":{"t":"PA22"},"5CAE":{"t":"P28A"},"5CB0":{"t":"P28A"},"5CB1":{"t":"P28A"},"5CB3":{"t":"P28R"},"5CB6":{"t":"P28A"},"5CBF":{"t":"C150"},"5CC0":{"t":"PA16"},"5CC7":{"t":"M20P"},"5CC8":{"t":"C172"},"5CCA":{"t":"C172"},"5CCB":{"t":"P28A"},"5CCC":{"t":"BE35"},"5CCD":{"t":"P28A"},"5CD0":{"t":"PA22"},"5CD1":{"t":"P28A"},"5CD2":{"t":"P28A"},"5CD5":{"t":"P28A"},"5CDA":{"t":"P28A"},"5CE0":{"t":"C150"},"5CE4":{"t":"C182"},"5CE5":{"t":"BE35"},"5CE7":{"t":"M20T"},"5CE8":{"t":"M20P"},"5CEA":{"t":"M20P"},"5CEB":{"t":"C172"},"5CEC":{"t":"GLID"},"5CF0":{"t":"P28A"},"5CF4":{"t":"P28A"},"5CF5":{"t":"P28A"},"5CF8":{"t":"ST75"},"5CFA":{"t":"M20P"},"5CFC":{"t":"P28A"},"5D00":{"desc":"L1P"},"5D01":{"t":"C170"},"5D05":{"t":"C150"},"5D06":{"t":"PA16"},"5D09":{"t":"AA1"},"5D0B":{"t":"J3"},"5D0D":{"t":"M20P"},"5D0E":{"t":"C172"},"5D11":{"t":"P28A"},"5D12":{"t":"BE35"},"5D13":{"t":"P28A"},"5D18":{"t":"ST75"},"5D1A":{"t":"CH7A"},"5D1B":{"t":"M20P"},"5D1C":{"t":"CH7B"},"5D1D":{"t":"CH7B"},"5D1E":{"t":"VALI"},"5D22":{"t":"C172"},"5D24":{"t":"C170"},"5D25":{"t":"PA22"},"5D29":{"t":"PA16"},"5D2A":{"t":"M20P"},"5D2B":{"t":"BE35"},"5D2C":{"t":"AA1"},"5D2E":{"t":"J3"},"5D30":{"t":"M20P"},"5D31":{"t":"C172"},"5D32":{"t":"GLID"},"5D35":{"t":"B06"},"5D36":{"t":"P28A"},"5D3A":{"t":"BL8"},"5D3E":{"t":"BL8"},"5D3F":{"t":"CH7B"},"5D43":{"t":"BL8"},"5D44":{"t":"T34P"},"5D46":{"t":"MD82"},"5D48":{"t":"ULAC"},"5D4A":{"t":"B06"},"5D4C":{"desc":"H1P"},"5D4E":{"t":"C150"},"5D4F":{"desc":"A1P"},"5D51":{"t":"AS50"},"5D57":{"t":"PA44"},"5D5A":{"desc":"H2T"},"5D5E":{"desc":"L1P"},"5D60":{"t":"C25C"},"5D64":{"t":"P28A"},"5D6C":{"t":"C560"},"5D73":{"t":"C172"},"5D77":{"t":"S108"},"5D78":{"t":"C182"},"5D7B":{"t":"SR22"},"5D7F":{"t":"H25B"},"5D82":{"desc":"L1P","t":"TB0"},"5D83":{"desc":"L1P"},"5D85":{"t":"SR22"},"5D89":{"t":"FDCT"},"5D8F":{"desc":"L1P"},"5D95":{"t":"C172"},"5D97":{"desc":"L1P"},"5D9C":{"t":"SR20"},"5DA0":{"desc":"L1P"},"5DA1":{"t":"P28T"},"5DA8":{"t":"A359"},"5DB4":{"desc":"A1P"},"5DB5":{"desc":"L1J"},"5DC7":{"t":"MD11"},"5DCD":{"t":"P28A"},"5DD8":{"t":"CL30"},"5DF5":{"t":"BE58"},"5DF6":{"t":"M7"},"5DFA":{"t":"T206"},"5E0F":{"desc":"L2P"},"5E11":{"t":"PA34"},"5E1B":{"t":"BE35"},"5E1E":{"t":"E50P"},"5E26":{"t":"BE58"},"5E28":{"t":"M7"},"5E2D":{"desc":"L1P"},"5E36":{"t":"PA22"},"5E37":{"t":"GLID"},"5E41":{"t":"PA18"},"5E42":{"t":"HUSK"},"5E51":{"desc":"L1P","t":"ULAC"},"5E58":{"t":"C550"},"5E59":{"t":"P46T"},"5E5F":{"t":"P32T"},"5E6A":{"t":"C185"},"5E75":{"t":"C172"},"5E7E":{"t":"CRJ9"},"5E8E":{"t":"UH1"},"5E9A":{"t":"PA32"},"5E9C":{"desc":"L2T","t":"DC3"},"5EA3":{"desc":"A1P"},"5EB4":{"t":"C56X"},"5EBC":{"desc":"H4E"},"5EBE":{"t":"M7"},"5EC4":{"desc":"L1P"},"5EC6":{"t":"SR22"},"5EC8":{"desc":"L1P"},"5ED1":{"t":"RV12"},"5ED5":{"t":"SR22"},"5ED7":{"t":"BE36"},"5ED8":{"desc":"L1P","t":"ULAC"},"5EE7":{"t":"C206"},"5EEE":{"t":"BE35"},"5EEF":{"t":"C510"},"5EF0":{"t":"S22T"},"5EFA":{"t":"PA32"},"5F15":{"t":"B744"},"5F3B":{"t":"C182"},"5F3C":{"desc":"L1P"},"5F3D":{"t":"BE58"},"5F52":{"t":"PA18"},"5F9F":{"t":"C182"},"5FA3":{"t":"P28A"},"5FA4":{"t":"C150"},"5FA6":{"t":"C182"},"5FA7":{"t":"BE95"},"5FA9":{"t":"C310"},"5FAC":{"t":"M20P"},"5FAD":{"t":"C172"},"5FB0":{"t":"P28A"},"5FB2":{"t":"P28A"},"5FB5":{"t":"PA22"},"5FB7":{"t":"CH7B"},"5FB9":{"t":"M20T"},"5FBA":{"t":"CH7A"},"5FBB":{"t":"CH7B"},"5FBD":{"t":"CH7B"},"5FBE":{"t":"CH7B"},"5FC2":{"t":"C182"},"5FC4":{"t":"PA22"},"5FC5":{"t":"C150"},"5FC6":{"t":"P28A"},"5FCB":{"t":"AA1"},"5FCC":{"t":"C310"},"5FCD":{"t":"J3"},"5FD0":{"t":"C172"},"5FD2":{"t":"C172"},"5FD4":{"t":"BE35"},"5FD5":{"t":"P28A"},"5FD9":{"t":"CH7A"},"5FDA":{"t":"CH7B"},"5FDB":{"t":"CH7B"},"5FDC":{"t":"M20P"},"5FDD":{"t":"ST75"},"5FE1":{"t":"T6"},"5FE4":{"t":"C172"},"5FE7":{"t":"PA22"},"5FE8":{"t":"C150"},"5FED":{"t":"BE55"},"5FEE":{"t":"AA1"},"5FEF":{"t":"C310"},"5FF3":{"t":"C172"},"5FF5":{"t":"C172"},"5FF6":{"t":"P28A"},"5FF7":{"t":"BE35"},"5FF8":{"t":"P28A"},"5FFA":{"t":"PA27"},"5FFB":{"t":"M20P"},"5FFC":{"t":"CH7A"},"5FFD":{"t":"CH7B"},"5FFE":{"desc":"L1P"},"5FFF":{"t":"BL8"},"A004":{"t":"PA46"},"A006":{"t":"C172"},"A007":{"t":"C182"},"A00B":{"t":"C210"},"A010":{"t":"AA1"},"A014":{"t":"M20P"},"A015":{"t":"C172"},"A016":{"t":"BE35"},"A017":{"t":"C150"},"A01A":{"t":"P28A"},"A01D":{"t":"PA22"},"A029":{"t":"C172"},"A02A":{"t":"C182"},"A02B":{"t":"BE35"},"A035":{"t":"AC11"},"A036":{"t":"PA24"},"A037":{"t":"M20P"},"A03C":{"t":"P28A"},"A03D":{"t":"P28A"},"A042":{"t":"ST75"},"A049":{"desc":"L1P"},"A04C":{"t":"PC12"},"A04D":{"t":"C182"},"A051":{"t":"C210"},"A053":{"t":"PA16"},"A054":{"t":"C182"},"A056":{"t":"AA1"},"A05A":{"t":"M20P"},"A05E":{"t":"P28A"},"A060":{"t":"P28A"},"A064":{"t":"ST75"},"A065":{"t":"T210"},"A068":{"t":"ST75"},"A069":{"t":"T210"},"A06A":{"t":"T210"},"A06D":{"t":"T210"},"A076":{"t":"PA16"},"A077":{"t":"C182"},"A07D":{"t":"M20P"},"A07E":{"t":"C172"},"A07F":{"t":"BE35"},"A080":{"t":"C150"},"A08A":{"t":"B764"},"A092":{"t":"C172"},"A098":{"t":"C150"},"A09A":{"t":"C150"},"A09C":{"t":"AA1"},"A09F":{"t":"PA24"},"A0A1":{"t":"C172"},"A0A3":{"t":"C150"},"A0A5":{"t":"P28S"},"A0A6":{"t":"P28A"},"A0AA":{"t":"C210"},"A0B4":{"t":"SR22"},"A0B6":{"t":"C182"},"A0B7":{"t":"BE35"},"A0B9":{"t":"C172"},"A0BA":{"t":"C210"},"A0C2":{"t":"PA24"},"A0C4":{"t":"C172"},"A0C6":{"t":"C150"},"A0C8":{"t":"P28S"},"A0CB":{"t":"PA18"},"A0D0":{"t":"C210"},"A0D2":{"desc":"L1P"},"A0D6":{"t":"FA62"},"A0D9":{"t":"C182"},"A0DA":{"t":"BE35"},"A0DB":{"t":"PA22"},"A0DC":{"t":"C150"},"A0DD":{"t":"C210"},"A0DE":{"t":"C150"},"A0E5":{"t":"PA24"},"A0E6":{"t":"M20P"},"A0E8":{"t":"BE33"},"A0E9":{"t":"C150"},"A0EA":{"t":"P28A"},"A0EC":{"t":"P28A"},"A0F6":{"t":"CH7B"},"A0FB":{"t":"C172"},"A0FD":{"desc":"L1P"},"A0FF":{"t":"C172"},"A100":{"t":"C210"},"A102":{"t":"PA16"},"A107":{"t":"AC11"},"A108":{"t":"PA24"},"A10A":{"t":"C172"},"A10C":{"desc":"L1P"},"A10F":{"t":"P28A"},"A11E":{"desc":"L1P"},"A121":{"t":"EC25"},"A122":{"t":"BE55"},"A128":{"t":"S76"},"A12F":{"desc":"L1T"},"A133":{"t":"BE9L"},"A145":{"desc":"L1P"},"A150":{"t":"SR22"},"A151":{"t":"DA40"},"A156":{"t":"H25B"},"A15A":{"desc":"L1P"},"A15E":{"t":"C182"},"A162":{"t":"FDCT"},"A16B":{"desc":"L1T"},"A173":{"t":"C560"},"A182":{"t":"H500"},"A18D":{"t":"A318"},"A192":{"t":"DA42"},"A1A0":{"t":"MD11"},"A1B1":{"t":"CL30"},"A1B5":{"t":"GLF5"},"A1B8":{"t":"GA5C"},"A1C6":{"t":"S22T"},"A1E6":{"desc":"L1P","t":"ULAC"},"A1E8":{"t":"A320"},"A1F4":{"t":"AA5"},"A1FF":{"t":"J3"},"A232":{"t":"C56X"},"A233":{"t":"F2TH"},"A239":{"t":"GLID"},"A23D":{"t":"C525"},"A24D":{"t":"C180"},"A257":{"t":"CRJ9"},"A25F":{"t":"B753"},"A264":{"desc":"H6E"},"A266":{"desc":"L1P"},"A26B":{"t":"M20P"},"A26F":{"t":"PA46"},"A276":{"t":"SR20"},"A28D":{"t":"C68A"},"A290":{"desc":"H4E"},"A295":{"t":"BE55"},"A298":{"desc":"L1P"},"A2A6":{"t":"BE36"},"A2AF":{"t":"PA32"},"A2B0":{"t":"M7"},"A2B1":{"t":"SR22"},"A2B8":{"desc":"H4E"},"A2BF":{"t":"PC12"},"A2C1":{"t":"PC12"},"A2C6":{"t":"GLID"},"A2C8":{"t":"PA34"},"A2DD":{"desc":"L1P"},"A30C":{"desc":"L1P"},"A30E":{"desc":"L1P"},"A313":{"t":"SR22"},"A31C":{"desc":"L1P"},"A324":{"t":"BE36"},"A336":{"desc":"L1P"},"A344":{"t":"G164"},"A350":{"desc":"L1P"},"A377":{"t":"C172"},"A37A":{"t":"PA22"},"A37B":{"t":"C150"},"A382":{"t":"C340"},"A387":{"t":"BE35"},"A388":{"t":"T206"},"A38A":{"t":"P32R"},"A38B":{"t":"P28A"},"A38E":{"t":"PA22"},"A394":{"t":"C210"},"A399":{"t":"GLID"},"A39B":{"t":"C182"},"A39E":{"t":"C150"},"A39F":{"desc":"H4E"},"A3A2":{"t":"C182"},"A3A4":{"t":"PA44"},"A3A5":{"t":"C310"},"A3A8":{"t":"M20P"},"A3AC":{"t":"P28A"},"A3AE":{"t":"P28A"},"A3B0":{"t":"PA27"},"A3B1":{"t":"PA22"},"A3BC":{"t":"GLID"},"A3BE":{"t":"C182"},"A3BF":{"t":"BE35"},"A3C0":{"t":"PA22"},"A3C1":{"t":"C150"},"A3C8":{"t":"PA44"},"A3CA":{"t":"PA24"},"A3CB":{"t":"M20P"},"A3CD":{"t":"BE35"},"A3D2":{"desc":"H1P"},"A3D6":{"desc":"L1P"},"A3DA":{"t":"BALL"},"A3DF":{"desc":"L1P"},"A3E3":{"t":"PA22"},"A3E6":{"t":"C150"},"A3E7":{"t":"PA16"},"A3EB":{"t":"C310"},"A3ED":{"t":"PA24"},"A3EF":{"t":"C172"},"A3F0":{"desc":"L1P"},"A3FB":{"t":"CH7A"},"A404":{"t":"C182"},"A40A":{"t":"PA16"},"A40B":{"t":"C182"},"A40E":{"t":"C310"},"A410":{"t":"PA24"},"A412":{"t":"C172"},"A415":{"t":"P28A"},"A416":{"t":"P28A"},"A417":{"t":"P28A"},"A418":{"desc":"H1P"},"A41C":{"t":"C210"},"A41D":{"t":"ST75"},"A421":{"t":"C206"},"A424":{"t":"TAYB"},"A426":{"t":"C172"},"A427":{"t":"C182"},"A429":{"t":"PA22"},"A42B":{"t":"C210"},"A433":{"t":"PA24"},"A434":{"t":"M20P"},"A436":{"t":"BE35"},"A438":{"t":"P28A"},"A43A":{"t":"P28A"},"A43E":{"t":"C150"},"A442":{"t":"ST75"},"A44D":{"t":"C150"},"A44E":{"t":"C210"},"A450":{"t":"PA16"},"A451":{"t":"C172"},"A454":{"t":"C402"},"A457":{"t":"M20P"},"A459":{"t":"BE35"},"A45B":{"t":"P28A"},"A465":{"t":"C206"},"A46D":{"t":"C182"},"A46E":{"t":"BE35"},"A470":{"t":"C150"},"A476":{"t":"AA1"},"A478":{"t":"AC11"},"A479":{"t":"PA24"},"A47B":{"t":"C172"},"A47F":{"t":"P28A"},"A480":{"t":"P28A"},"A483":{"t":"PA22"},"A484":{"t":"AR11"},"A487":{"t":"T210"},"A489":{"t":"C175"},"A492":{"t":"C82S"},"A494":{"t":"ERCO"},"A495":{"t":"C82S"},"A496":{"t":"PA16"},"A497":{"t":"C150"},"A499":{"t":"AA1"},"A49D":{"t":"M20P"},"A4A0":{"t":"C150"},"A4A2":{"t":"P28A"},"A4A3":{"t":"P28A"},"A4A4":{"desc":"H1P"},"A4A6":{"t":"PA22"},"A4A7":{"t":"C180"},"A4A8":{"t":"C182"},"A4A9":{"t":"C182"},"A4AB":{"t":"ST75"},"A4AF":{"t":"T50"},"A4B2":{"t":"C172"},"A4B3":{"t":"C182"},"A4B6":{"t":"C150"},"A4B9":{"t":"PA16"},"A4BA":{"t":"C150"},"A4BC":{"t":"AA1"},"A4C0":{"t":"M20P"},"A4C4":{"t":"P28A"},"A4C6":{"t":"P28A"},"A4D4":{"desc":"L1P"},"A4D6":{"t":"MD83"},"A4D8":{"desc":"H2T"},"A4DA":{"t":"B350"},"A4E6":{"t":"B738"},"A4ED":{"desc":"H4E"},"A4EF":{"t":"SW4"},"A508":{"t":"DA40"},"A509":{"t":"BALL"},"A50A":{"t":"B738"},"A510":{"t":"P28A"},"A512":{"t":"F900"},"A515":{"t":"C172"},"A519":{"t":"SR20"},"A51E":{"desc":"H4E"},"A529":{"desc":"L1P"},"A530":{"t":"C25A"},"A539":{"desc":"L1P"},"A53D":{"t":"BE20"},"A549":{"t":"DA42"},"A555":{"t":"GLF4"},"A557":{"t":"MD11"},"A55D":{"t":"P28A"},"A568":{"t":"CL30"},"A56C":{"t":"GA5C"},"A56E":{"t":"C340"},"A584":{"desc":"L1P"},"A585":{"t":"B763"},"A587":{"t":"PRM1"},"A592":{"t":"C150"},"A59D":{"desc":"L1P","t":"ULAC"},"A59F":{"t":"A320"},"A5A0":{"desc":"H4E"},"A5A2":{"desc":"L1P","t":"ULAC"},"A5B6":{"t":"P28A"},"A5B7":{"desc":"H4E"},"A5D3":{"desc":"H4E"},"A5E8":{"desc":"L1P"},"A5E9":{"t":"C560"},"A5EA":{"desc":"L1P"},"A5EF":{"desc":"L1T"},"A5F8":{"desc":"L1P"},"A5FA":{"t":"DA40"},"A60E":{"t":"CRJ9"},"A616":{"t":"B753"},"A61B":{"desc":"H6E"},"A61E":{"t":"B407"},"A622":{"desc":"H1T","t":"S92"},"A62D":{"t":"SR20"},"A633":{"t":"C441"},"A644":{"t":"C56X"},"A64F":{"desc":"L1P","t":"ULAC"},"A655":{"t":"CH7A"},"A657":{"desc":"L1P"},"A65D":{"desc":"L1P"},"A665":{"desc":"L1P"},"A668":{"desc":"L1P"},"A671":{"t":"BE35"},"A698":{"t":"LJ35"},"A6BE":{"t":"C560"},"A6CA":{"desc":"L1P"},"A6CC":{"desc":"H4E"},"A6D7":{"t":"C500"},"A6DB":{"desc":"L2P"},"A6E5":{"desc":"H4E"},"A6ED":{"desc":"L1P"},"A714":{"desc":"L1P"},"A72E":{"t":"C172"},"A731":{"t":"PA22"},"A735":{"t":"PA16"},"A738":{"t":"AA1"},"A73C":{"t":"M20P"},"A73D":{"t":"C172"},"A73E":{"t":"BE35"},"A73F":{"t":"C150"},"A741":{"t":"P28S"},"A742":{"t":"P28A"},"A744":{"t":"PA27"},"A748":{"t":"EC20"},"A753":{"t":"BE35"},"A754":{"t":"PA22"},"A755":{"t":"C82R"},"A758":{"t":"PA16"},"A765":{"t":"P28A"},"A769":{"t":"C210"},"A773":{"desc":"H4E"},"A774":{"t":"C172"},"A775":{"t":"C182"},"A778":{"t":"C172"},"A779":{"t":"P28A"},"A77B":{"t":"PA16"},"A77C":{"t":"C182"},"A77D":{"desc":"L1P","t":"ULAC"},"A77E":{"t":"AA1"},"A781":{"t":"PA24"},"A784":{"t":"DV20"},"A785":{"t":"C150"},"A786":{"t":"P28A"},"A787":{"t":"P32R"},"A78A":{"t":"PA27"},"A78B":{"t":"PA22"},"A78D":{"t":"ST75"},"A78F":{"t":"ST75"},"A796":{"desc":"L1P"},"A797":{"t":"C172"},"A798":{"t":"C182"},"A799":{"t":"PA18"},"A7A1":{"t":"CH7B"},"A7AB":{"t":"P28A"},"A7B0":{"t":"ST75"},"A7B6":{"t":"C206"},"A7BB":{"t":"C182"},"A7BC":{"t":"BE35"},"A7BE":{"t":"C150"},"A7BF":{"t":"P28A"},"A7C0":{"t":"C150"},"A7C7":{"t":"PA24"},"A7C8":{"t":"M20P"},"A7CA":{"t":"BE33"},"A7CC":{"t":"P28A"},"A7CD":{"t":"P32R"},"A7CE":{"t":"P28A"},"A7D2":{"t":"C210"},"A7DB":{"t":"ST75"},"A7DF":{"t":"BE35"},"A7E1":{"t":"C150"},"A7E8":{"t":"C310"},"A7EE":{"t":"C150"},"A7F0":{"t":"PA34"},"A7F6":{"desc":"L1P"},"A7F7":{"t":"ST75"},"A7FB":{"t":"GLID"},"A7FD":{"t":"T210"},"A801":{"desc":"L1P"},"A802":{"t":"BE35"},"A803":{"t":"PA22"},"A804":{"t":"C150"},"A805":{"t":"P28A"},"A806":{"t":"C150"},"A808":{"t":"C182"},"A809":{"t":"AC90"},"A80E":{"t":"M20P"},"A811":{"t":"C150"},"A812":{"t":"P28A"},"A814":{"t":"P28A"},"A818":{"t":"ST75"},"A81A":{"desc":"A1P"},"A821":{"t":"ST75"},"A823":{"t":"C172"},"A824":{"t":"C182"},"A829":{"desc":"L1E"},"A82A":{"t":"PA16"},"A82D":{"t":"AA1"},"A830":{"t":"PA24"},"A832":{"t":"C172"},"A836":{"desc":"L1P"},"A837":{"t":"P28A"},"A83F":{"t":"ST75"},"A846":{"t":"C172"},"A847":{"t":"C182"},"A848":{"t":"BE35"},"A84A":{"t":"C172"},"A84B":{"t":"C210"},"A84E":{"t":"C150"},"A854":{"t":"M20P"},"A85D":{"desc":"L1P"},"A85E":{"t":"ST75"},"A85F":{"t":"ST75"},"A864":{"t":"T206"},"A868":{"desc":"L1P"},"A86A":{"t":"C182"},"A86D":{"t":"C150"},"A870":{"t":"PA16"},"A879":{"t":"BE35"},"A87D":{"t":"P28A"},"A880":{"desc":"L1P"},"A883":{"t":"C210"},"A884":{"t":"ST75"},"A885":{"t":"T206"},"A886":{"t":"ST75"},"A88A":{"t":"C210"},"A88C":{"desc":"L1P"},"A898":{"t":"M7"},"A89D":{"t":"B738"},"A8A6":{"desc":"L1P"},"A8B0":{"desc":"L1P","t":"ULAC"},"A8BE":{"desc":"H1T"},"A8C2":{"t":"SR22"},"A8C5":{"t":"A320"},"A8CC":{"t":"C182"},"A8DA":{"t":"H25B"},"A8E2":{"t":"A320"},"A8E3":{"t":"C402"},"A8F8":{"t":"SR20"},"A8FB":{"t":"A318"},"A900":{"t":"DA42"},"A906":{"t":"C208"},"A90D":{"t":"PC12"},"A90E":{"t":"MD11"},"A914":{"t":"P28A"},"A91F":{"t":"CL30"},"A923":{"t":"GA5C"},"A924":{"desc":"H6E"},"A929":{"t":"BE20"},"A932":{"t":"SR22"},"A93B":{"desc":"L1P"},"A94B":{"t":"CL30"},"A956":{"t":"A320"},"A95A":{"desc":"H4E"},"A95B":{"t":"CL60"},"A979":{"t":"R66"},"A987":{"desc":"A1P"},"A99F":{"t":"BE40"},"A9A0":{"t":"HUSK"},"A9A2":{"t":"SR22"},"A9AA":{"t":"CRJ2"},"A9B4":{"t":"SR22"},"A9BC":{"t":"PA44"},"A9C5":{"t":"CRJ9"},"A9CD":{"t":"B753"},"A9D2":{"desc":"H6E"},"A9D4":{"t":"PC12"},"A9E4":{"t":"SR20"},"A9F8":{"t":"ULAC"},"A9FB":{"t":"C68A"},"AA03":{"desc":"L1P"},"AA04":{"t":"BE58"},"AA0A":{"t":"PA34"},"AA0B":{"desc":"L1J"},"AA1F":{"t":"P28A"},"AA26":{"desc":"H4E"},"AA27":{"desc":"L1P"},"AA2A":{"t":"P28A"},"AA2E":{"t":"C172"},"AA32":{"desc":"L1P"},"AA36":{"desc":"L1P","t":"ULAC"},"AA37":{"desc":"L1P","t":"TB0"},"AA38":{"t":"C208"},"AA67":{"t":"PA12"},"AA92":{"t":"C525"},"AADC":{"t":"GLID"},"AAE5":{"t":"C172"},"AAE7":{"t":"BE35"},"AAEA":{"t":"C210"},"AAEF":{"t":"AA1"},"AAF4":{"t":"C172"},"AAF7":{"t":"P28A"},"AAF8":{"t":"J3"},"AAF9":{"t":"P28A"},"AAFB":{"t":"PA27"},"AAFC":{"t":"PA22"},"AB0A":{"t":"BE35"},"AB0B":{"t":"PA22"},"AB0E":{"t":"C150"},"AB12":{"t":"AA1"},"AB13":{"t":"C340"},"AB18":{"t":"BE35"},"AB19":{"t":"C150"},"AB1A":{"t":"P28A"},"AB1D":{"desc":"H1P"},"AB24":{"t":"DC3"},"AB2A":{"desc":"L1P"},"AB2B":{"t":"C172"},"AB2C":{"t":"C182"},"AB2F":{"t":"C150"},"AB30":{"t":"P28A"},"AB31":{"t":"C150"},"AB33":{"t":"C182"},"AB3B":{"t":"BE55"},"AB3C":{"t":"C150"},"AB3D":{"t":"P28A"},"AB3E":{"t":"P28R"},"AB3F":{"t":"P28A"},"AB42":{"t":"PA22"},"AB44":{"desc":"H1P"},"AB4A":{"t":"C337"},"AB4B":{"t":"GLID"},"AB4E":{"t":"C172"},"AB4F":{"t":"C182"},"AB50":{"t":"BE35"},"AB52":{"t":"C150"},"AB59":{"t":"C310"},"AB61":{"t":"J3"},"AB70":{"t":"ST75"},"AB71":{"t":"C172"},"AB72":{"t":"C182"},"AB73":{"t":"BE35"},"AB74":{"t":"PA22"},"AB78":{"t":"PA16"},"AB7C":{"t":"C310"},"AB80":{"t":"C172"},"AB85":{"t":"P28A"},"AB91":{"t":"BE35"},"AB93":{"t":"AT8T"},"AB94":{"t":"C172"},"AB99":{"t":"P28A"},"AB9A":{"t":"C150"},"AB9C":{"t":"C182"},"ABA1":{"t":"PA24"},"ABA3":{"t":"C172"},"ABA5":{"t":"C150"},"ABA7":{"t":"P28S"},"ABB2":{"desc":"L1P"},"ABB8":{"t":"C182"},"ABBA":{"t":"PA22"},"ABBB":{"t":"C150"},"ABBD":{"t":"BE36"},"ABC5":{"t":"M20P"},"ABCE":{"t":"PA22"},"ABD8":{"desc":"L1P"},"ABDF":{"t":"C210"},"ABE0":{"t":"C150"},"ABE1":{"t":"PA16"},"ABE7":{"t":"PA24"},"ABE8":{"t":"M20P"},"ABEA":{"t":"BE35"},"ABED":{"t":"P28B"},"ABEE":{"t":"P28A"},"ABF1":{"t":"PA22"},"ABFA":{"t":"ST75"},"ABFD":{"t":"C172"},"ABFE":{"t":"C182"},"AC07":{"t":"AA1"},"AC08":{"t":"C340"},"AC0B":{"t":"M20P"},"AC0E":{"t":"C150"},"AC0F":{"t":"P28A"},"AC10":{"t":"J3"},"AC11":{"t":"P28A"},"AC13":{"t":"PA27"},"AC14":{"t":"PA22"},"AC18":{"t":"B06"},"AC23":{"t":"PA22"},"AC24":{"t":"C82R"},"AC26":{"t":"C150"},"AC2D":{"t":"PA24"},"AC2F":{"t":"C172"},"AC30":{"t":"BE35"},"AC31":{"t":"C150"},"AC34":{"t":"P28A"},"AC46":{"t":"EC25"},"AC4F":{"t":"BL8"},"AC53":{"desc":"L1P"},"AC54":{"t":"B738"},"AC5C":{"t":"BE35"},"AC5D":{"desc":"A1P","t":"ULAC"},"AC61":{"desc":"A1P"},"AC6C":{"t":"BALL"},"AC70":{"t":"C340"},"AC76":{"t":"CL30"},"AC77":{"desc":"L1P"},"AC79":{"t":"SR20"},"AC7A":{"desc":"L1P"},"AC7B":{"t":"C182"},"AC81":{"t":"C82S"},"AC83":{"t":"C182"},"AC98":{"desc":"L1P"},"AC9F":{"t":"BE58"},"ACA7":{"desc":"L1P"},"ACAD":{"desc":"L1P"},"ACB7":{"t":"DA42"},"ACC5":{"t":"MD11"},"ACD6":{"t":"CL30"},"ACD9":{"desc":"L1P"},"ACDA":{"t":"GA5C"},"ACF2":{"t":"EN28"},"AD0B":{"desc":"L1P","t":"ULAC"},"AD0D":{"t":"A320"},"AD0F":{"desc":"L1P"},"AD15":{"t":"GLID"},"AD20":{"desc":"L1P"},"AD34":{"t":"R44"},"AD35":{"t":"GLID"},"AD3D":{"desc":"L1P"},"AD4B":{"t":"GLID"},"AD56":{"t":"SR20"},"AD57":{"t":"P06T"},"AD5A":{"desc":"L1P"},"AD68":{"t":"DA40"},"AD6B":{"t":"A660"},"AD7C":{"t":"CRJ9"},"AD84":{"t":"B753"},"AD89":{"t":"M20T"},"AD8E":{"t":"C150"},"AD9B":{"t":"SR20"},"ADA1":{"t":"T206"},"ADB2":{"t":"C56X"},"ADBA":{"desc":"L1P"},"ADBB":{"t":"H60"},"ADC3":{"t":"CL60"},"ADC5":{"t":"B407"},"ADCE":{"desc":"L1P"},"ADD6":{"t":"B350"},"ADDD":{"desc":"H4E"},"ADE1":{"t":"P28A"},"ADE3":{"desc":"A1P"},"ADE5":{"t":"PA46"},"ADE8":{"t":"CRJ2"},"ADEF":{"desc":"L1P","t":"ULAC"},"ADFD":{"t":"S22T"},"AE01":{"t":"BALL"},"AE11":{"desc":"H6E"},"AE36":{"t":"ULAC"},"AE38":{"t":"PC12"},"AE39":{"t":"C310"},"AE3A":{"desc":"H4E"},"AE45":{"t":"C550"},"AE47":{"desc":"L1P"},"AE48":{"desc":"L1P"},"AE50":{"desc":"L2P"},"AE93":{"desc":"L1P"},"AE9F":{"t":"PA22"},"AEA0":{"t":"C150"},"AEA1":{"t":"C210"},"AEA9":{"t":"PA24"},"AEAB":{"t":"C172"},"AEAE":{"t":"P28A"},"AEB3":{"t":"PA22"},"AEB6":{"t":"B47G"},"AEB7":{"t":"B47G"},"AEBE":{"desc":"L1P"},"AEC1":{"t":"RV12"},"AEC3":{"t":"C150"},"AECE":{"t":"C172"},"AECF":{"t":"BE35"},"AED2":{"t":"J3"},"AED3":{"t":"P28A"},"AED6":{"t":"PA22"},"AED7":{"t":"B47G"},"AED8":{"t":"PT22"},"AED9":{"desc":"L1P"},"AEE5":{"t":"PA22"},"AEE7":{"t":"P32R"},"AEE8":{"t":"C150"},"AEE9":{"t":"PA16"},"AEEC":{"t":"AA1"},"AEEF":{"t":"C501"},"AEF0":{"t":"M20P"},"AEF1":{"t":"C172"},"AEFA":{"desc":"L1P"},"AF01":{"t":"B06"},"AF04":{"t":"YK11"},"AF06":{"desc":"L1P"},"AF07":{"t":"BE35"},"AF09":{"t":"C172"},"AF0B":{"t":"C182"},"AF0C":{"t":"PA16"},"AF0F":{"t":"AA1"},"AF12":{"t":"PA24"},"AF13":{"t":"M20P"},"AF14":{"t":"C172"},"AF16":{"t":"C150"},"AF17":{"t":"P28A"},"AF2B":{"t":"PA22"},"AF2E":{"t":"C150"},"AF32":{"t":"AA1"},"AF35":{"t":"PA24"},"AF37":{"t":"C172"},"AF39":{"t":"C150"},"AF3A":{"t":"P28A"},"AF3C":{"t":"P28A"},"AF48":{"t":"ST75"},"AF4A":{"t":"GLID"},"AF4E":{"t":"PA22"},"AF4F":{"t":"C150"},"AF52":{"t":"PA16"},"AF54":{"t":"P28B"},"AF5A":{"t":"C172"},"AF5F":{"t":"P28A"},"AF60":{"desc":"H1P"},"AF62":{"t":"PA22"},"AF64":{"t":"AR11"},"AF6A":{"t":"ST75"},"AF6E":{"t":"C172"},"AF71":{"t":"PA22"},"AF76":{"t":"C182"},"AF7B":{"t":"PA24"},"AF7D":{"t":"C172"},"AF7F":{"t":"C150"},"AF80":{"t":"P28A"},"AF85":{"t":"PA22"},"AF89":{"t":"ST75"},"AF8C":{"t":"PT22"},"AF8F":{"t":"ST75"},"AF91":{"t":"C172"},"AF94":{"t":"PA22"},"AF96":{"t":"C210"},"AF98":{"t":"C172"},"AF9E":{"t":"PA24"},"AF9F":{"t":"M20P"},"AFA0":{"t":"C172"},"AFA1":{"t":"C185"},"AFA2":{"t":"C150"},"AFA5":{"t":"P28A"},"AFAB":{"t":"ST75"},"AFB2":{"t":"B06"},"AFB4":{"t":"C172"},"AFB7":{"t":"PA22"},"AFB8":{"t":"C172"},"AFB9":{"t":"C210"},"AFC1":{"t":"PA24"},"AFD2":{"desc":"L1P"},"AFDA":{"t":"PA22"},"AFDC":{"t":"C210"},"AFDE":{"t":"PA16"},"AFDF":{"t":"C150"},"AFE2":{"t":"C421"},"AFE4":{"t":"PA24"},"AFE7":{"t":"BE33"},"AFE8":{"t":"C150"},"AFE9":{"t":"P28A"},"AFEA":{"t":"C170"},"AFEB":{"t":"P28A"},"AFED":{"desc":"L1P"},"AFF4":{"t":"B06"},"AFF7":{"t":"J3"},"AFFA":{"t":"GLF5"},"AFFB":{"t":"MD83"},"AFFC":{"t":"C680"},"AFFD":{"t":"BL8"},"AFFE":{"desc":"L1P"},"AFFF":{"t":"B06"},"B000":{"t":"B06"},"B001":{"t":"C68A"},"B004":{"desc":"L1P"},"B00A":{"t":"EN28"},"B00B":{"t":"SR22"},"B00C":{"t":"S22T"},"B013":{"t":"GLF5"},"B014":{"t":"LJ35"},"B015":{"t":"PC12"},"B018":{"desc":"L1P"},"B01A":{"t":"GLID"},"B024":{"desc":"L1P"},"B02C":{"t":"BE55"},"B02E":{"t":"CL30"},"B02F":{"t":"B06"},"B030":{"t":"SR22"},"B032":{"t":"BE58"},"B034":{"t":"C25A"},"B038":{"desc":"L1P"},"B045":{"t":"C170"},"B047":{"t":"C172"},"B04E":{"desc":"L1P"},"B050":{"t":"S22T"},"B051":{"t":"C25A"},"B05A":{"desc":"L1P"},"B05C":{"desc":"L1P","t":"ULAC"},"B05E":{"t":"GLEX"},"B066":{"desc":"L1P"},"B069":{"t":"A318"},"B06E":{"t":"GLID"},"B071":{"t":"BE40"},"B07C":{"t":"MD11"},"B08D":{"t":"CL30"},"B090":{"t":"C56X"},"B091":{"t":"GA5C"},"B097":{"t":"R44"},"B09B":{"t":"DV20"},"B0A2":{"desc":"L1P"},"B0B7":{"t":"P32R"},"B0C4":{"t":"A320"},"B0C6":{"desc":"L1E"},"B0C9":{"t":"B427"},"B0CA":{"desc":"L1P"},"B0CE":{"t":"SR22"},"B0D3":{"t":"BE58"},"B0D7":{"t":"AT5T"},"B0DB":{"t":"C172"},"B0DF":{"desc":"H4E"},"B0ED":{"desc":"L1T"},"B0F0":{"t":"C560"},"B0F4":{"desc":"L1P","t":"ULAC"},"B0F5":{"t":"PC12"},"B100":{"desc":"L1P"},"B106":{"t":"P210"},"B10E":{"t":"P28R"},"B10F":{"t":"C25B"},"B119":{"desc":"L1P","t":"ULAC"},"B11B":{"t":"GLEX"},"B11F":{"t":"DA40"},"B121":{"t":"GLID"},"B122":{"t":"SR22"},"B12A":{"t":"PA44"},"B133":{"t":"CRJ9"},"B13B":{"t":"B753"},"B13F":{"t":"F2TH"},"B142":{"t":"C550"},"B143":{"t":"H25B"},"B144":{"t":"GLF4"},"B14A":{"t":"F900"},"B159":{"desc":"L2T"},"B15B":{"desc":"H4E"},"B169":{"t":"C68A"},"B174":{"desc":"H4E"},"B177":{"t":"BE20"},"B178":{"t":"M7"},"B179":{"t":"C56X"},"B17A":{"t":"M20P"},"B17C":{"t":"B407"},"B185":{"desc":"L1P"},"B186":{"t":"M20P"},"B194":{"desc":"H4E"},"B196":{"t":"PA46"},"B198":{"t":"C172"},"B19A":{"t":"SR22"},"B19C":{"t":"PA46"},"B1A3":{"desc":"L1P"},"B1A4":{"desc":"L1J"},"B1A6":{"t":"AC11"},"B1AA":{"t":"GLF6"},"B1AF":{"t":"BE9L"},"B1B4":{"t":"C172"},"B1B7":{"t":"SR22"},"B1BD":{"t":"B752"},"B1D5":{"t":"M20P"},"B1D6":{"desc":"H4E"},"B1EE":{"t":"BE33"},"B1FC":{"t":"SR22"},"B200":{"desc":"L1T"},"B213":{"desc":"H4E"},"B21D":{"t":"BE58"},"B220":{"desc":"L1P"},"B231":{"desc":"H4E"},"B239":{"t":"M7"},"B253":{"t":"C172"},"B255":{"t":"G150"},"B257":{"t":"CL60"},"B259":{"t":"C182"},"B25C":{"t":"P28A"},"B260":{"t":"PA24"},"B267":{"t":"P28A"},"B268":{"desc":"H1P"},"B26D":{"t":"PT22"},"B277":{"t":"AT6T"},"B279":{"t":"PA22"},"B27C":{"t":"C150"},"B27D":{"t":"PA16"},"B27F":{"desc":"H4E"},"B280":{"t":"AA1"},"B281":{"t":"C310"},"B285":{"t":"C172"},"B288":{"t":"P28A"},"B28D":{"t":"PA18"},"B294":{"t":"B06"},"B298":{"desc":"L1P"},"B299":{"t":"C172"},"B29D":{"t":"C150"},"B29E":{"t":"C210"},"B29F":{"t":"C150"},"B2A0":{"t":"PA16"},"B2A1":{"t":"C150"},"B2A3":{"t":"AA1"},"B2A6":{"t":"PA24"},"B2A7":{"t":"M20P"},"B2A9":{"t":"BE19"},"B2AA":{"t":"C150"},"B2AB":{"t":"P28A"},"B2AC":{"t":"GLID"},"B2B0":{"t":"PA22"},"B2BB":{"t":"SR22"},"B2BD":{"t":"C182"},"B2C2":{"t":"C150"},"B2C5":{"desc":"L1P"},"B2C6":{"t":"AA1"},"B2CA":{"t":"M20P"},"B2CC":{"t":"BE19"},"B2CD":{"t":"C150"},"B2CF":{"t":"AR11"},"B2D3":{"t":"PA22"},"B2E1":{"t":"BE35"},"B2E6":{"t":"PA16"},"B2ED":{"t":"M20P"},"B2EE":{"t":"C172"},"B2EF":{"t":"BE19"},"B2F0":{"t":"C150"},"B2F1":{"t":"P28A"},"B2F2":{"t":"C170"},"B2F3":{"t":"P28A"},"B2FF":{"t":"B06"},"B303":{"t":"C182"},"B306":{"t":"C172"},"B307":{"desc":"L1P"},"B308":{"t":"C150"},"B309":{"t":"PA16"},"B30B":{"t":"AC90"},"B30D":{"t":"PA27"},"B311":{"t":"PC12"},"B314":{"t":"P28A"},"B315":{"t":"P28A"},"B31C":{"t":"B06"},"B31D":{"t":"B06"},"B325":{"t":"C172"},"B326":{"t":"GLF4"},"B327":{"t":"BE35"},"B328":{"t":"PA22"},"B329":{"t":"C172"},"B32D":{"t":"C150"},"B32E":{"t":"AC90"},"B333":{"t":"M20P"},"B336":{"t":"C150"},"B337":{"t":"P28A"},"B338":{"t":"J3"},"B341":{"t":"B06"},"B348":{"t":"C172"},"B349":{"t":"C182"},"B34C":{"t":"C150"},"B362":{"t":"VALI"},"B368":{"t":"B06"},"B369":{"t":"B06"},"B36B":{"t":"C172"},"B36F":{"t":"C150"},"B372":{"t":"PA16"},"B379":{"t":"M20P"},"B37F":{"t":"P28A"},"B385":{"t":"B06"},"B388":{"t":"FA62"},"B38E":{"t":"SR20"},"B391":{"t":"PA22"},"B392":{"t":"C150"},"B393":{"t":"BE18"},"B395":{"t":"PA16"},"B396":{"desc":"L1P","t":"ULAC"},"B397":{"desc":"A1P"},"B398":{"desc":"L1J"},"B39F":{"t":"C150"},"B3A0":{"t":"P28A"},"B3A3":{"desc":"L1P"},"B3A5":{"desc":"L1P"},"B3AD":{"t":"FA62"},"B3AE":{"t":"ST75"},"B3B4":{"t":"SR22"},"B3C2":{"t":"B738"},"B3C3":{"desc":"L1P","t":"ULAC"},"B3E3":{"t":"S108"},"B3E6":{"t":"S22T"},"B3E7":{"t":"SR22"},"B3F1":{"t":"SR22"},"B3F4":{"t":"C172"},"B3FE":{"desc":"L1P"},"B3FF":{"t":"GLF4"},"B406":{"desc":"L1P"},"B407":{"t":"C182"},"B408":{"t":"C402"},"B40D":{"t":"BE36"},"B420":{"t":"A318"},"B423":{"t":"ULAC"},"B425":{"t":"DA42"},"B42A":{"desc":"L1P"},"B42F":{"t":"C172"},"B433":{"t":"MD11"},"B437":{"t":"LJ45"},"B43F":{"desc":"H8E"},"B444":{"t":"CL30"},"B448":{"t":"GA5C"},"B457":{"t":"H60"},"B46E":{"t":"P32R"},"B479":{"desc":"L1P","t":"ULAC"},"B487":{"desc":"H1T"},"B489":{"t":"CH7A"},"B48E":{"desc":"L1P"},"B4AB":{"t":"PA31"},"B4B1":{"t":"A119"},"B4BC":{"desc":"H4E"},"B4C4":{"desc":"L1P","t":"ULAC"},"B4C5":{"desc":"L1P"},"B4C7":{"t":"LJ60"},"B4D5":{"desc":"H1T"},"B4D6":{"t":"DA40"},"B4E1":{"t":"PA44"},"B4E2":{"desc":"L1P","t":"ULAC"},"B4EA":{"t":"CRJ9"},"B4EE":{"desc":"H4E"},"B4F2":{"t":"B753"},"B4F7":{"desc":"H6E"},"B4FE":{"t":"P28A"},"B507":{"desc":"L1P"},"B512":{"desc":"L1P"},"B520":{"t":"C68A"},"B53C":{"desc":"L1P"},"B541":{"desc":"L1P"},"B544":{"t":"P28A"},"B547":{"desc":"L1T"},"B54B":{"desc":"H4E"},"B551":{"t":"SR22"},"B553":{"t":"PA46"},"B557":{"desc":"L1P"},"B55A":{"t":"BE35"},"B55D":{"t":"PA32"},"B574":{"t":"B752"},"B577":{"desc":"H4E"},"B5A6":{"t":"AS50"},"B5B6":{"t":"SR22"},"B5B7":{"desc":"H1P"},"B5D3":{"desc":"H4E"},"B5D9":{"t":"H60"},"B60A":{"t":"C172"},"B60C":{"t":"BE35"},"B60E":{"t":"C150"},"B60F":{"t":"P28A"},"B612":{"t":"C150"},"B614":{"t":"AA1"},"B617":{"t":"PA24"},"B618":{"t":"M20P"},"B619":{"t":"C172"},"B61A":{"desc":"A1P"},"B61B":{"t":"C150"},"B61E":{"t":"P28A"},"B621":{"t":"PA18"},"B622":{"t":"B06"},"B626":{"t":"B06"},"B62D":{"t":"C172"},"B62E":{"t":"C182"},"B633":{"t":"C150"},"B637":{"t":"AA1"},"B63C":{"t":"C172"},"B63E":{"t":"C150"},"B643":{"t":"PA27"},"B650":{"t":"C172"},"B654":{"t":"C150"},"B656":{"t":"C150"},"B65D":{"t":"PA24"},"B65E":{"t":"M20P"},"B65F":{"t":"C172"},"B662":{"t":"P28A"},"B663":{"desc":"L1P"},"B664":{"t":"P28A"},"B667":{"t":"PA22"},"B66D":{"t":"J3"},"B672":{"desc":"H4E"},"B674":{"t":"C182"},"B679":{"t":"C150"},"B681":{"t":"M20P"},"B682":{"desc":"L1P"},"B684":{"t":"C150"},"B687":{"t":"P28A"},"B689":{"t":"PA27"},"B68A":{"t":"PA18"},"B68B":{"t":"B735"},"B68F":{"t":"ST75"},"B690":{"t":"ST75"},"B692":{"t":"ST75"},"B696":{"t":"C172"},"B697":{"t":"C182"},"B69B":{"t":"P28A"},"B6A0":{"t":"AA1"},"B6A3":{"t":"PA24"},"B6A4":{"t":"M20P"},"B6A7":{"t":"C150"},"B6A8":{"t":"P28A"},"B6B3":{"t":"PA18"},"B6B4":{"t":"ST75"},"B6BA":{"t":"C182"},"B6BB":{"t":"J3"},"B6BF":{"t":"C150"},"B6C1":{"t":"C150"},"B6C3":{"t":"AA5"},"B6C6":{"desc":"L1P"},"B6C9":{"t":"BE24"},"B6CA":{"t":"C150"},"B6CD":{"t":"P28A"},"B6D3":{"t":"PA36"},"B6DA":{"t":"ST75"},"B6DC":{"t":"C172"},"B6DD":{"t":"C182"},"B6E0":{"t":"C150"},"B6E1":{"t":"P28A"},"B6E3":{"t":"PA16"},"B6E4":{"t":"C182"},"B6E9":{"t":"PA24"},"B6EA":{"t":"M20P"},"B6F5":{"t":"PA36"},"B6FD":{"t":"PA36"},"B700":{"t":"C182"},"B703":{"t":"C150"},"B706":{"t":"PA16"},"B709":{"t":"AA1"},"B70A":{"t":"C421"},"B70C":{"t":"PA24"},"B712":{"t":"P28S"},"B713":{"t":"P28A"},"B716":{"t":"PA22"},"B71F":{"t":"PA36"},"B722":{"t":"C172"},"B723":{"t":"C182"},"B725":{"t":"PA22"},"B729":{"t":"PA16"},"B72A":{"t":"C150"},"B72F":{"t":"PA24"},"B730":{"t":"M20P"},"B736":{"t":"P28A"},"B73B":{"t":"PA36"},"B73D":{"t":"PA36"},"B742":{"t":"GLID"},"B745":{"t":"C172"},"B748":{"t":"PA22"},"B749":{"t":"C150"},"B74A":{"t":"C210"},"B74C":{"t":"COL4"},"B753":{"t":"M20P"},"B754":{"t":"C172"},"B758":{"t":"P32R"},"B75A":{"desc":"L1P"},"B75C":{"t":"PA22"},"B762":{"t":"ST75"},"B76A":{"desc":"L1P"},"B76B":{"t":"EC25"},"B76E":{"t":"C650"},"B779":{"t":"B738"},"B782":{"t":"BE20"},"B78C":{"desc":"L1P"},"B79A":{"t":"S108"},"B79B":{"t":"M20P"},"B79E":{"t":"SR22"},"B7A6":{"t":"BL8"},"B7B3":{"t":"C172"},"B7B4":{"t":"CL60"},"B7B6":{"desc":"L1P","t":"GLF4"},"B7BF":{"t":"C172"},"B7C9":{"t":"S22T"},"B7CC":{"t":"UH1"},"B7D7":{"t":"A318"},"B7DC":{"t":"DA42"},"B7DD":{"desc":"H6E"},"B7EA":{"t":"MD11"},"B7FB":{"t":"CL30"},"B7FF":{"t":"GA5C"},"B801":{"t":"CH7B"},"B80E":{"t":"H60"},"B81D":{"desc":"H4E"},"B830":{"desc":"L1P","t":"ULAC"},"B832":{"t":"A320"},"B833":{"t":"C180"},"B834":{"desc":"L1P"},"B836":{"t":"P28A"},"B837":{"t":"P28A"},"B849":{"t":"C195"},"B84C":{"t":"PA46"},"B862":{"t":"PA30"},"B867":{"t":"R22"},"B870":{"t":"S22T"},"B877":{"desc":"L1E"},"B87F":{"t":"GLID"},"B887":{"t":"BE20"},"B88D":{"t":"DA40"},"B898":{"t":"M20P"},"B899":{"t":"GALX"},"B89B":{"t":"PC12"},"B8A1":{"t":"CRJ9"},"B8AD":{"t":"BE9L"},"B8AE":{"desc":"H6E"},"B8CA":{"desc":"L1P"},"B8D7":{"t":"C68A"},"B8E0":{"t":"DA40"},"B8E1":{"t":"GALX"},"B8E5":{"desc":"H4E"},"B8F3":{"desc":"L1P"},"B8F8":{"desc":"L1P"},"B8F9":{"t":"R44"},"B8FB":{"t":"P28A"},"B8FE":{"t":"BE58"},"B902":{"desc":"H4E"},"B906":{"t":"C172"},"B908":{"t":"SR22"},"B90B":{"t":"R44"},"B911":{"t":"BE55"},"B919":{"desc":"L1P"},"B91A":{"t":"PTS2"},"B923":{"t":"C177"},"B92B":{"t":"B752"},"B93A":{"desc":"H8E"},"B949":{"t":"BE20"},"B95C":{"t":"P28A"},"B96E":{"desc":"H12E"},"B98E":{"desc":"L1P"},"B9B2":{"desc":"L1P","t":"ULAC"},"B9C0":{"desc":"L1P"},"B9C3":{"desc":"L1P"},"B9C4":{"t":"PA18"},"B9C5":{"t":"C150"},"B9C7":{"t":"C150"},"B9CE":{"t":"PA24"},"B9CF":{"t":"M20P"},"B9D2":{"t":"C150"},"B9D3":{"t":"P28A"},"B9D5":{"t":"P28A"},"B9D9":{"t":"BE17"},"B9DA":{"desc":"L1P"},"B9DB":{"t":"TAYD"},"B9E3":{"t":"SR22"},"B9E4":{"t":"C172"},"B9E5":{"t":"BALL"},"B9E6":{"t":"BE35"},"B9E7":{"t":"PA18"},"B9EA":{"desc":"H4E"},"B9EE":{"t":"AA1"},"B9F3":{"t":"C172"},"B9F6":{"t":"P28A"},"B9F8":{"t":"P28A"},"B9FB":{"t":"PA18"},"BA04":{"desc":"H4E"},"BA07":{"t":"C172"},"BA09":{"desc":"L1P"},"BA0A":{"t":"PA18"},"BA0B":{"t":"C150"},"BA0C":{"t":"P28A"},"BA0E":{"t":"PA16"},"BA19":{"t":"P28A"},"BA1D":{"t":"PA27"},"BA23":{"t":"ST75"},"BA26":{"t":"ST75"},"BA2E":{"t":"C150"},"BA37":{"t":"PA24"},"BA38":{"t":"M20P"},"BA39":{"t":"C172"},"BA3A":{"t":"BE24"},"BA3E":{"t":"P28A"},"BA41":{"t":"PA22"},"BA43":{"t":"ST75"},"BA47":{"t":"ST75"},"BA4F":{"t":"BE35"},"BA51":{"t":"C150"},"BA54":{"t":"PA16"},"BA57":{"t":"AA1"},"BA5A":{"t":"PA24"},"BA5B":{"t":"M20P"},"BA5D":{"t":"BE24"},"BA5F":{"t":"P28A"},"BA67":{"t":"ST75"},"BA6B":{"t":"ST75"},"BA70":{"t":"C172"},"BA72":{"t":"BE35"},"BA73":{"desc":"H4E"},"BA74":{"t":"C150"},"BA7A":{"t":"AA1"},"BA7F":{"t":"C172"},"BA8A":{"t":"PA31"},"BA8C":{"t":"ST75"},"BA90":{"t":"ST75"},"BA91":{"t":"ST75"},"BA93":{"t":"C172"},"BA94":{"desc":"L1P"},"BA97":{"t":"C172"},"BA9D":{"t":"AA1"},"BAA1":{"t":"M20P"},"BAA2":{"t":"C172"},"BAA4":{"t":"C150"},"BAA8":{"desc":"H1P"},"BAAF":{"t":"PA31"},"BAB2":{"t":"ST75"},"BAB3":{"t":"ST75"},"BAB9":{"t":"PA18"},"BABB":{"desc":"L1P"},"BABC":{"t":"C150"},"BABE":{"t":"C150"},"BABF":{"desc":"L1P"},"BAC3":{"t":"PA24"},"BAC6":{"t":"BE24"},"BAC7":{"t":"C150"},"BAC8":{"t":"P28A"},"BAC9":{"t":"P28A"},"BACC":{"t":"PA27"},"BACD":{"t":"PA18"},"BACE":{"t":"ST75"},"BAD6":{"t":"ST75"},"BAD8":{"desc":"L1P"},"BADC":{"t":"PA18"},"BAE1":{"t":"C150"},"BAE3":{"t":"AA1"},"BAE6":{"t":"PA24"},"BAE7":{"t":"M20P"},"BAFF":{"t":"PA18"},"BB00":{"t":"C150"},"BB01":{"t":"PA34"},"BB02":{"t":"C150"},"BB0A":{"t":"M20P"},"BB0C":{"t":"BE24"},"BB0E":{"t":"P28A"},"BB11":{"t":"YK52"},"BB13":{"t":"PA18"},"BB15":{"t":"ST75"},"BB1F":{"t":"P28A"},"BB21":{"t":"C185"},"BB2A":{"desc":"L1P"},"BB2C":{"desc":"H4E"},"BB30":{"t":"C414"},"BB31":{"t":"BE9L"},"BB38":{"t":"BE35"},"BB39":{"t":"AT3T"},"BB3F":{"t":"M20P"},"BB44":{"desc":"L1P"},"BB4A":{"desc":"H6E"},"BB52":{"t":"C550"},"BB55":{"t":"SR22"},"BB5A":{"t":"GLID"},"BB6C":{"t":"E550"},"BB6E":{"t":"SR20"},"BB76":{"t":"C402"},"BB7A":{"t":"BE40"},"BB84":{"t":"EA50"},"BB89":{"desc":"L1P"},"BB8E":{"t":"A318"},"BB93":{"t":"DA42"},"BB9C":{"t":"GLF5"},"BBA1":{"t":"MD11"},"BBA8":{"desc":"H4E"},"BBB2":{"t":"CL30"},"BBB6":{"t":"GA5C"},"BBB7":{"desc":"L2P"},"BBC6":{"t":"GLF4"},"BBC8":{"desc":"L1P"},"BBCC":{"desc":"H1T"},"BBDE":{"t":"H25B"},"BBE7":{"desc":"L1P","t":"ULAC"},"BBE9":{"t":"A320"},"BBEB":{"desc":"L1P"},"BBF2":{"t":"C56X"},"BBFB":{"desc":"H4E"},"BC15":{"t":"C550"},"BC18":{"t":"GLF5"},"BC1A":{"t":"AT5T"},"BC20":{"t":"E50P"},"BC33":{"t":"P32R"},"BC35":{"t":"C182"},"BC3E":{"t":"PC12"},"BC44":{"t":"DA40"},"BC4F":{"t":"PA44"},"BC52":{"t":"PC12"},"BC58":{"t":"CRJ9"},"BC5C":{"desc":"H4E"},"BC64":{"t":"P28R"},"BC65":{"t":"GLID"},"BC73":{"desc":"L1P"},"BC79":{"t":"GLID"},"BC8E":{"t":"C68A"},"BCA2":{"desc":"L1T"},"BCB2":{"t":"P28A"},"BCB3":{"desc":"L1P"},"BCBD":{"t":"C172"},"BCBF":{"t":"SR22"},"BCC8":{"t":"BE35"},"BCCE":{"t":"P46T"},"BCD6":{"t":"E55P"},"BCDD":{"desc":"H6E"},"BCE2":{"t":"B752"},"BD16":{"t":"F2TH"},"BD2C":{"desc":"L1P"},"BD5A":{"desc":"H4E"},"BD78":{"t":"C172"},"BD7C":{"t":"C150"},"BD7E":{"t":"C150"},"BD85":{"t":"PA24"},"BD87":{"t":"C172"},"BD8A":{"t":"P28A"},"BD8C":{"t":"P28A"},"BD8F":{"t":"PA18"},"BD96":{"desc":"H2T"},"BD99":{"t":"PA31"},"BD9C":{"t":"BE36"},"BD9D":{"t":"BE35"},"BD9E":{"t":"PA18"},"BDA5":{"t":"AA1"},"BDAA":{"t":"C172"},"BDAB":{"t":"BE19"},"BDAD":{"t":"P28A"},"BDAF":{"t":"P28A"},"BDB2":{"t":"PA18"},"BDB3":{"t":"ST75"},"BDB5":{"t":"AR11"},"BDBF":{"desc":"H4E"},"BDC1":{"desc":"S1P","t":"PA18"},"BDC2":{"t":"C150"},"BDC3":{"t":"C210"},"BDC5":{"t":"PA16"},"BDC9":{"desc":"L1T","t":"M600"},"BDCE":{"t":"BE19"},"BDCF":{"t":"C150"},"BDD0":{"t":"P28A"},"BDD1":{"t":"ULAC"},"BDD2":{"t":"P28A"},"BDD4":{"t":"PA27"},"BDD6":{"t":"PA31"},"BDDC":{"t":"PA31"},"BDDF":{"t":"PA31"},"BDE2":{"t":"C182"},"BDE4":{"t":"PA18"},"BDE5":{"t":"C182"},"BDE8":{"t":"PA16"},"BDE9":{"t":"C172"},"BDEB":{"t":"AA1"},"BDF3":{"t":"P28A"},"BDF4":{"t":"P28S"},"BDF5":{"t":"P28A"},"BDF7":{"t":"PA27"},"BE03":{"t":"C182"},"BE09":{"t":"C210"},"BE0A":{"t":"C150"},"BE0B":{"t":"PA16"},"BE0C":{"t":"C182"},"BE12":{"t":"M20P"},"BE14":{"t":"BE19"},"BE16":{"t":"P28A"},"BE18":{"t":"P28A"},"BE1C":{"t":"VALI"},"BE1E":{"t":"VALI"},"BE1F":{"desc":"L1P"},"BE24":{"t":"PA31"},"BE27":{"t":"C172"},"BE2B":{"t":"C150"},"BE2D":{"t":"C150"},"BE2F":{"t":"C182"},"BE34":{"t":"PA24"},"BE35":{"t":"M20P"},"BE3A":{"t":"J3"},"BE3B":{"t":"P28A"},"BE3C":{"desc":"H1P"},"BE3E":{"t":"PA18"},"BE4A":{"t":"C172"},"BE4C":{"t":"BE35"},"BE4F":{"t":"C210"},"BE54":{"t":"AA1"},"BE58":{"t":"M20P"},"BE5C":{"t":"P28A"},"BE5D":{"t":"PA32"},"BE5E":{"t":"P28A"},"BE5F":{"desc":"H1P"},"BE60":{"t":"PA27"},"BE67":{"t":"PA31"},"BE69":{"t":"PA31"},"BE6C":{"desc":"L1P"},"BE6D":{"t":"C172"},"BE6F":{"t":"BE35"},"BE73":{"t":"C188"},"BE74":{"t":"PA16"},"BE75":{"t":"C150"},"BE7B":{"t":"M20P"},"BE7F":{"t":"P28A"},"BE8C":{"t":"ST75"},"BE8E":{"t":"ST75"},"BE90":{"t":"C172"},"BE91":{"t":"C182"},"BE92":{"t":"BE35"},"BE93":{"desc":"S1P","t":"PA22"},"BE9B":{"t":"C421"},"BEA1":{"t":"C150"},"BEA2":{"t":"P28A"},"BEA4":{"t":"P28A"},"BEA7":{"t":"PA18"},"BEB3":{"t":"C172"},"BEB6":{"t":"PA22"},"BEB7":{"t":"C150"},"BEC1":{"t":"M20P"},"BEC4":{"t":"C150"},"BEC7":{"t":"P28A"},"BED5":{"desc":"L1P"},"BED8":{"desc":"A8E"},"BED9":{"desc":"L1P"},"BEE1":{"t":"BE30"},"BEE7":{"t":"C441"},"BEE9":{"desc":"H4E"},"BEEA":{"t":"A320"},"BEF0":{"t":"AT3T"},"BEF1":{"t":"BE9L"},"BEF2":{"t":"SR22"},"BEF6":{"t":"B350"},"BF04":{"desc":"L1P"},"BF08":{"desc":"L2P"},"BF09":{"t":"ULAC"},"BF0B":{"desc":"L1P","t":"ULAC"},"BF0C":{"t":"SR20"},"BF10":{"t":"GLEX"},"BF16":{"t":"C182"},"BF1A":{"t":"FDCT"},"BF1D":{"t":"RV12"},"BF20":{"desc":"L2T"},"BF21":{"desc":"L1P","t":"ULAC"},"BF23":{"t":"P32R"},"BF24":{"t":"DV20"},"BF25":{"desc":"A1P","t":"ULAC"},"BF2B":{"t":"CH7B"},"BF2C":{"desc":"L1P"},"BF2D":{"desc":"L1P"},"BF32":{"t":"BE33"},"BF33":{"desc":"L1P"},"BF38":{"desc":"L1P"},"BF3A":{"t":"BE35"},"BF3D":{"desc":"H4E"},"BF4A":{"t":"DA42"},"BF52":{"desc":"L1P"},"BF58":{"t":"MD11"},"BF69":{"t":"CL30"},"BF6C":{"t":"TBM7"},"BF6E":{"t":"C680"},"BF70":{"t":"GA5C"},"BF76":{"t":"GLID"},"BF7C":{"desc":"L1P"},"BF85":{"t":"GLF5"},"BF86":{"t":"CL30"},"BF8B":{"desc":"H1T"},"BF90":{"t":"BE9L"},"BF96":{"desc":"L1E"},"BF9E":{"t":"AA5"},"BFA0":{"t":"A320"},"BFA2":{"desc":"L1P"},"BFA5":{"desc":"L1P"},"BFA6":{"t":"GLID"},"BFAE":{"desc":"L1P"},"BFAF":{"desc":"L1P","t":"ULAC"},"BFB0":{"t":"CL30"},"BFB3":{"desc":"L1P"},"BFB7":{"t":"COL4"},"BFBB":{"t":"C560"},"BFC3":{"desc":"L1P"},"BFDE":{"t":"H25B"},"BFE6":{"desc":"H4E"},"BFEB":{"t":"C208"},"BFEE":{"t":"SR22"},"BFF0":{"t":"SR22"},"BFF9":{"t":"SR22"},"BFFB":{"t":"DA40"},"children":["A70","A71","A72","A73","A74","A76","A77","A78","A79","A7C","A7D","A7E","A7F"]}