{"004":{"t":"P28R"},"005":{"t":"P28A"},"00B":{"t":"BE35"},"00D":{"t":"P28A"},"00F":{"t":"PA20"},"010":{"t":"PA32"},"012":{"desc":"H1P"},"015":{"t":"PA24"},"016":{"t":"M20P"},"019":{"t":"C172"},"01C":{"t":"P28A"},"020":{"t":"P28A"},"022":{"t":"P28A"},"024":{"t":"P28A"},"02A":{"t":"GLF5"},"02D":{"desc":"L1P"},"030":{"t":"P28A"},"033":{"t":"PA32"},"034":{"t":"BE33"},"038":{"t":"PA24"},"039":{"t":"M20P"},"03F":{"t":"P28A"},"040":{"desc":"L1P"},"041":{"t":"BE33"},"042":{"t":"PA22"},"045":{"t":"P28A"},"047":{"t":"P28A"},"048":{"t":"P28R"},"049":{"t":"PA32"},"050":{"t":"C170"},"051":{"t":"P28R"},"053":{"t":"P28A"},"055":{"t":"PA20"},"05D":{"t":"C172"},"05F":{"t":"C172"},"060":{"t":"P28A"},"061":{"t":"P28A"},"065":{"t":"PA22"},"06E":{"t":"ST75"},"071":{"t":"NAVI"},"07B":{"desc":"L1P"},"07F":{"t":"M20P"},"082":{"t":"C172"},"084":{"t":"P28A"},"088":{"t":"PA22"},"08A":{"t":"PA18"},"08C":{"t":"P28A"},"092":{"t":"P28A"},"096":{"t":"C170"},"097":{"t":"BE35"},"098":{"t":"C150"},"099":{"t":"P28A"},"09A":{"t":"C150"},"09F":{"desc":"L1P"},"0A0":{"desc":"L1P"},"0A1":{"t":"PA24"},"0A5":{"t":"C172"},"0A6":{"t":"P28A"},"0A8":{"t":"P28A"},"0AA":{"t":"PA27"},"0AB":{"t":"PA22"},"0AC":{"t":"P28A"},"0AD":{"t":"P28A"},"0AF":{"desc":"L1P"},"0B0":{"t":"P28A"},"0B1":{"t":"P28R"},"0B4":{"desc":"L1P"},"0B8":{"t":"BALL"},"0BA":{"t":"BE35"},"0BC":{"t":"P28A"},"0BE":{"t":"PA20"},"0BF":{"t":"PA18"},"0C4":{"t":"PA24"},"0C6":{"t":"C172"},"0C8":{"t":"BALL"},"0C9":{"t":"P28A"},"0CA":{"t":"P28A"},"0CB":{"t":"BALL"},"0CC":{"desc":"L1P"},"0CE":{"t":"PA22"},"0CF":{"t":"P28A"},"0D2":{"desc":"A1P","t":"ULAC"},"0D4":{"t":"ST75"},"0D6":{"t":"T6"},"0D8":{"t":"P28A"},"0DA":{"desc":"L1P"},"0DD":{"t":"SR22"},"0DF":{"t":"B06"},"0E3":{"t":"PC12"},"0E6":{"t":"FA7X"},"0EB":{"t":"B738"},"0EF":{"desc":"A1P","t":"ULAC"},"0F6":{"t":"BL8"},"0F7":{"t":"R44"},"0FD":{"t":"SF50"},"0FF":{"t":"C560"},"10C":{"t":"PA34"},"10D":{"t":"TBM7"},"10E":{"t":"CL60"},"113":{"t":"AC90"},"11C":{"desc":"H1T"},"11E":{"t":"FDCT"},"127":{"t":"C182"},"128":{"desc":"H1P"},"129":{"t":"R22"},"12F":{"desc":"L1P"},"131":{"t":"H25B"},"136":{"t":"DA40"},"13E":{"t":"P28A"},"14A":{"desc":"L1J"},"157":{"t":"FH11"},"15C":{"t":"DC10"},"15D":{"t":"GLF6"},"162":{"t":"P28A"},"170":{"t":"GLF5"},"179":{"desc":"L2J"},"18B":{"t":"PA38"},"18F":{"t":"C56X"},"1A4":{"t":"A320"},"1A8":{"desc":"L1P"},"1B0":{"t":"P32T"},"1B2":{"t":"C82S"},"1B3":{"desc":"A1P"},"1B4":{"t":"PA27"},"1BE":{"t":"FDCT"},"1C7":{"t":"C182"},"1D0":{"desc":"L1P"},"1D5":{"t":"B350"},"1D7":{"t":"GLF4"},"1E5":{"t":"FDCT"},"1ED":{"desc":"L1P"},"1EE":{"t":"P32R"},"1EF":{"t":"P28R"},"1F0":{"t":"C185"},"1F7":{"t":"BE76"},"1F9":{"t":"SR22"},"202":{"desc":"L1P"},"206":{"desc":"L1P"},"20A":{"t":"C172"},"213":{"t":"CRJ9"},"219":{"desc":"H8E"},"21F":{"desc":"L1P"},"221":{"t":"PC12"},"223":{"desc":"L1P"},"232":{"t":"P28A"},"23B":{"t":"S76"},"249":{"t":"C68A"},"252":{"t":"LJ55"},"255":{"desc":"H1P"},"25B":{"t":"R44"},"261":{"t":"S22T"},"265":{"desc":"L1P"},"26B":{"t":"C25C"},"26C":{"t":"PA38"},"26D":{"desc":"L1P","t":"ULAC"},"270":{"t":"C560"},"271":{"t":"AC11"},"272":{"t":"AS50"},"275":{"t":"BE20"},"278":{"t":"C172"},"27A":{"t":"SR22"},"283":{"t":"BE55"},"28C":{"t":"C182"},"294":{"t":"C208"},"295":{"t":"T210"},"29D":{"t":"B752"},"2B1":{"t":"A321"},"2CE":{"desc":"L1P"},"2D7":{"t":"C550"},"2D8":{"desc":"L1P"},"2DA":{"t":"S22T"},"2DB":{"t":"B737"},"2DF":{"desc":"L1P"},"2E0":{"t":"S22T"},"2E7":{"t":"GLF5"},"334":{"t":"C182"},"338":{"t":"P28A"},"339":{"t":"C150"},"33A":{"t":"PA20"},"33B":{"t":"PA32"},"340":{"t":"PA24"},"344":{"t":"C172"},"348":{"t":"SS2P"},"34A":{"t":"PA22"},"34B":{"t":"ST75"},"34D":{"t":"ST75"},"34E":{"desc":"L1P"},"350":{"t":"P28A"},"351":{"t":"P28R"},"352":{"t":"P28R"},"353":{"t":"PA34"},"355":{"desc":"A1P"},"356":{"t":"BE58"},"357":{"t":"C182"},"359":{"t":"BE35"},"35A":{"t":"C150"},"364":{"t":"M20P"},"367":{"t":"C172"},"369":{"t":"BE36"},"36A":{"t":"P28A"},"371":{"t":"P28A"},"373":{"t":"P28A"},"377":{"t":"P28R"},"378":{"desc":"L1P"},"37A":{"t":"C182"},"37B":{"t":"C170"},"37E":{"t":"P28A"},"37F":{"t":"C150"},"381":{"t":"PA32"},"382":{"desc":"L1P","t":"ULAC"},"386":{"t":"PA24"},"387":{"t":"M20P"},"388":{"t":"C172"},"38C":{"t":"P28A"},"38E":{"desc":"H8E"},"396":{"t":"P28A"},"397":{"desc":"L1P"},"39D":{"t":"C182"},"39E":{"t":"BE36"},"39F":{"t":"BE35"},"3A2":{"t":"C150"},"3A3":{"t":"PA20"},"3A7":{"t":"C170"},"3A8":{"desc":"H1T"},"3A9":{"t":"PA24"},"3AA":{"t":"M20P"},"3AB":{"t":"C172"},"3B3":{"t":"PA22"},"3B4":{"t":"P28A"},"3B6":{"t":"P28A"},"3B7":{"t":"P28A"},"3B8":{"t":"P28A"},"3B9":{"t":"P28R"},"3BC":{"t":"P28A"},"3BD":{"desc":"L1P"},"3BF":{"t":"NAVI"},"3C0":{"t":"C182"},"3C1":{"t":"BE36"},"3C5":{"t":"C150"},"3C7":{"t":"PA32"},"3CC":{"t":"PA24"},"3D5":{"t":"H269"},"3D7":{"t":"P28A"},"3D8":{"t":"T6"},"3D9":{"t":"P28A"},"3DA":{"desc":"L1P"},"3DF":{"t":"P28R"},"3E0":{"t":"ST75"},"3E3":{"t":"C182"},"3E6":{"t":"C172"},"3E7":{"t":"P28A"},"3E8":{"t":"C150"},"3E9":{"t":"PA20"},"3EC":{"t":"BALL"},"3ED":{"desc":"L1P"},"3EF":{"t":"PA24"},"3F0":{"t":"M20P"},"3F1":{"t":"C172"},"3F5":{"t":"P28S"},"3FE":{"t":"P28A"},"3FF":{"t":"P28A"},"401":{"t":"PA32"},"402":{"t":"P28R"},"403":{"t":"ST75"},"406":{"t":"C182"},"407":{"t":"C170"},"408":{"t":"BE35"},"409":{"t":"C150"},"40C":{"t":"PA20"},"40D":{"t":"PA32"},"40E":{"desc":"L1P"},"414":{"t":"C172"},"415":{"t":"GLID"},"417":{"t":"P28A"},"418":{"desc":"L1P","t":"ULAC"},"41A":{"desc":"L1T","t":"SS2P"},"41C":{"t":"PA22"},"41D":{"t":"P28R"},"420":{"desc":"H1T"},"422":{"t":"P28A"},"424":{"t":"P28A"},"425":{"desc":"L1P"},"426":{"t":"ST75"},"427":{"desc":"L1P"},"428":{"t":"GLID"},"429":{"t":"C182"},"42A":{"t":"C170"},"42B":{"t":"BE35"},"42C":{"t":"C172"},"42D":{"t":"P28A"},"42E":{"t":"C150"},"433":{"desc":"L1P"},"434":{"desc":"S1P"},"437":{"t":"C172"},"43A":{"t":"P28A"},"43C":{"t":"P28A"},"43D":{"desc":"L1T","t":"SS2P"},"440":{"t":"PA34"},"443":{"t":"P28A"},"445":{"t":"P28A"},"447":{"t":"P28A"},"449":{"t":"P28R"},"44A":{"desc":"L1P"},"44C":{"desc":"L1P"},"450":{"t":"P28A"},"451":{"t":"BT36"},"453":{"t":"PA32"},"45A":{"t":"C172"},"45D":{"t":"P28A"},"45F":{"t":"P28A"},"460":{"t":"SS2P"},"462":{"t":"PA22"},"465":{"t":"ST75"},"469":{"t":"P28R"},"46B":{"t":"P28A"},"46D":{"desc":"L1P"},"46F":{"desc":"L1P"},"470":{"t":"C170"},"471":{"t":"BE35"},"477":{"t":"C82T"},"478":{"t":"T6"},"479":{"t":"TAYB"},"47A":{"desc":"L1P","t":"ULAC"},"47B":{"t":"BE33"},"47C":{"t":"M20P"},"482":{"t":"P28A"},"483":{"t":"SS2P"},"486":{"t":"P28R"},"489":{"t":"PA36"},"48B":{"t":"ULAC"},"48C":{"t":"P28R"},"490":{"t":"LJ60"},"491":{"t":"BE20"},"492":{"desc":"L1P"},"494":{"t":"C172"},"495":{"t":"PA27"},"499":{"t":"SR22"},"49B":{"t":"C206"},"49C":{"t":"B06"},"49D":{"desc":"L1P"},"49F":{"t":"SR22"},"4A2":{"t":"GLID"},"4A3":{"desc":"L1P"},"4A4":{"t":"DA42"},"4A6":{"t":"BE55"},"4A8":{"t":"C25C"},"4A9":{"t":"B407"},"4AA":{"t":"BE58"},"4AB":{"t":"CL30"},"4AF":{"t":"R44"},"4B0":{"desc":"L1P"},"4B1":{"desc":"L1P"},"4B2":{"t":"B06"},"4B3":{"desc":"L1P"},"4B5":{"t":"B06"},"4B6":{"t":"SR22"},"4B7":{"t":"WW24"},"4B8":{"t":"P210"},"4BB":{"desc":"L1P"},"4BD":{"t":"GLF5"},"4BE":{"t":"AA5"},"4BF":{"t":"BE55"},"4C2":{"desc":"L1P"},"4C5":{"t":"BALL"},"4C6":{"t":"PA24"},"4C7":{"t":"BE20"},"4C8":{"desc":"L1P"},"4C9":{"t":"UH1"},"4CA":{"desc":"L1P"},"4CB":{"t":"E550"},"4CC":{"desc":"L1P"},"4CD":{"t":"C210"},"4CE":{"t":"FA7X"},"4CF":{"t":"C310"},"4D1":{"t":"M20P"},"4D3":{"desc":"L1P","t":"ULAC"},"4D4":{"t":"P180"},"4D6":{"t":"T6"},"4D7":{"t":"AC11"},"4D9":{"t":"PA46"},"4DC":{"t":"GLF4"},"4DD":{"t":"BE20"},"4DF":{"t":"T210"},"4E0":{"desc":"L1P"},"4E1":{"desc":"L1P"},"4E2":{"t":"PA44"},"4E3":{"t":"C172"},"4E6":{"t":"EN48"},"4E8":{"t":"C210"},"4ED":{"t":"P337"},"4EE":{"t":"GLID"},"4F1":{"t":"PA18"},"4F5":{"desc":"L1P"},"4F7":{"t":"P28R"},"4F8":{"t":"C172"},"4F9":{"desc":"L1P"},"4FA":{"t":"BE35"},"4FB":{"desc":"L1P"},"4FE":{"desc":"L1P"},"4FF":{"t":"P28A"},"500":{"t":"GA5C"},"503":{"t":"C172"},"505":{"t":"AA5"},"50B":{"desc":"L1P"},"50E":{"t":"C172"},"511":{"desc":"L1T"},"513":{"desc":"L1P"},"514":{"desc":"L1P"},"519":{"t":"GLID"},"51C":{"desc":"L1P","t":"ULAC"},"51E":{"desc":"L2P"},"51F":{"t":"C560"},"527":{"t":"C170"},"529":{"desc":"A1P"},"52A":{"desc":"L1P"},"52B":{"t":"M20T"},"52D":{"desc":"L2P"},"52E":{"t":"BALL"},"52F":{"desc":"L1P"},"530":{"t":"CL60"},"532":{"t":"BT36"},"533":{"t":"BE20"},"535":{"t":"GLID"},"537":{"desc":"L1P"},"538":{"t":"P32R"},"539":{"t":"AA5"},"53C":{"t":"GLID"},"53E":{"t":"SF50"},"53F":{"desc":"L1P"},"540":{"t":"C414"},"542":{"t":"M4"},"543":{"desc":"L1P"},"545":{"desc":"L1P"},"546":{"t":"AT3T"},"548":{"t":"R66"},"549":{"desc":"L1P"},"54C":{"t":"BE58"},"54E":{"t":"SF50"},"550":{"desc":"L1P"},"552":{"t":"BE9L"},"554":{"t":"PC12"},"557":{"t":"HUSK"},"558":{"t":"BALL"},"559":{"desc":"L1P"},"55A":{"t":"LJ35"},"55B":{"t":"ERCO"},"55C":{"desc":"L1P"},"55D":{"desc":"L1P"},"55E":{"desc":"L1P"},"55F":{"desc":"L1P"},"563":{"t":"BE55"},"564":{"t":"BE35"},"565":{"t":"P28T"},"567":{"t":"LJ45"},"569":{"t":"C172"},"56A":{"desc":"L1P"},"56D":{"desc":"L1P"},"56E":{"t":"PC12"},"570":{"desc":"L1P"},"573":{"t":"BE20"},"575":{"desc":"L1P"},"576":{"t":"DA42"},"578":{"desc":"L1P"},"579":{"t":"C560"},"57C":{"t":"GLID"},"57D":{"desc":"L1P"},"57E":{"t":"BE58"},"580":{"t":"C525"},"582":{"desc":"L1P","t":"ULAC"},"584":{"desc":"A2P"},"58B":{"t":"GLF4"},"58C":{"desc":"L1P","t":"LA4"},"58D":{"t":"BE95"},"58E":{"desc":"L1P","t":"ULAC"},"58F":{"desc":"L1P"},"590":{"t":"LJ45"},"592":{"t":"PA18"},"593":{"t":"CH7A"},"595":{"desc":"L1P"},"596":{"t":"SR22"},"597":{"t":"E55P"},"598":{"t":"FA50"},"59B":{"desc":"L1P"},"59C":{"t":"GLID"},"59D":{"t":"FA50"},"59E":{"t":"C172"},"5A0":{"t":"C501"},"5A4":{"t":"C182"},"5A5":{"t":"C340"},"5A6":{"t":"COL4"},"5A7":{"t":"SF50"},"5A9":{"t":"C340"},"5AB":{"desc":"L1P"},"5AC":{"t":"PA31"},"5AD":{"t":"PA31"},"5AE":{"t":"C560"},"5AF":{"desc":"L1P"},"5B0":{"t":"LJ24"},"5B4":{"desc":"L1P"},"5B8":{"t":"EC55"},"5B9":{"t":"C172"},"5BA":{"desc":"L1P"},"5C4":{"t":"PC12"},"5C5":{"t":"HUSK"},"5C8":{"t":"C82R"},"5C9":{"t":"T34P"},"5CF":{"t":"T34P"},"5D7":{"t":"LJ35"},"5D8":{"t":"C501"},"5D9":{"t":"PA31"},"5DA":{"t":"PA46"},"5DB":{"t":"SR22"},"5DC":{"t":"SR22"},"5DD":{"t":"P32R"},"5E1":{"desc":"L1P","t":"ULAC"},"5E3":{"t":"S22T"},"5E4":{"desc":"L1P"},"5E6":{"desc":"L1P"},"5E7":{"t":"PTS2"},"5EA":{"desc":"L1T","t":"M600"},"5EE":{"t":"C510"},"5EF":{"desc":"L1P"},"5F2":{"desc":"L1P"},"604":{"t":"C150"},"60A":{"t":"M20P"},"60B":{"desc":"L1P"},"60E":{"desc":"L2T"},"60F":{"desc":"L1P"},"610":{"desc":"L1P"},"611":{"t":"PC12"},"612":{"desc":"L1P"},"613":{"desc":"A1P"},"616":{"desc":"L1P"},"61A":{"desc":"H2T"},"61C":{"desc":"L1P"},"61D":{"desc":"L1P"},"61E":{"t":"C421"},"621":{"t":"P337"},"623":{"t":"E50P"},"624":{"t":"AA5"},"626":{"desc":"L1P"},"628":{"desc":"L1P"},"62A":{"t":"CH7B"},"62B":{"desc":"L1P"},"62C":{"desc":"H1T"},"62E":{"t":"GLID"},"62F":{"desc":"L1P"},"631":{"desc":"L1P"},"632":{"desc":"L1P"},"636":{"desc":"L1P"},"637":{"desc":"L1P"},"639":{"t":"GLID"},"63B":{"t":"HUSK"},"63C":{"desc":"L1P","t":"TB0"},"63D":{"desc":"A1P"},"63E":{"desc":"L1P"},"641":{"desc":"L2P"},"643":{"t":"C414"},"645":{"t":"BE58"},"646":{"t":"BE55"},"64B":{"desc":"L1P"},"64C":{"desc":"L1P"},"64E":{"t":"C182"},"64F":{"t":"H500"},"650":{"t":"BALL"},"65B":{"t":"GLF5"},"65D":{"t":"BALL"},"665":{"t":"GLID"},"66C":{"t":"DC3"},"66D":{"desc":"L1P"},"673":{"t":"SR20"},"675":{"desc":"L2J"},"677":{"desc":"L1P"},"67A":{"t":"C320"},"67E":{"t":"BE35"},"680":{"desc":"L2P"},"685":{"t":"C190"},"686":{"desc":"L1P"},"687":{"t":"P28A"},"689":{"t":"BE36"},"68A":{"t":"C501"},"68B":{"t":"TBM7"},"68C":{"t":"CH7B"},"68D":{"t":"BE35"},"691":{"desc":"L1P"},"692":{"t":"BE20"},"693":{"t":"C550"},"697":{"t":"GLID"},"69C":{"desc":"L1P"},"69D":{"t":"C56X"},"69E":{"t":"CL30"},"6A1":{"desc":"L1P"},"6AF":{"t":"BALL"},"6B7":{"desc":"L1P"},"6B8":{"desc":"L1P"},"6C1":{"desc":"L1P"},"6CE":{"desc":"L1P"},"6D9":{"t":"GLID"},"6DB":{"t":"BALL"},"6E8":{"desc":"L1P"},"6E9":{"t":"P337"},"6EA":{"t":"P28A"},"6EB":{"t":"MD82"},"6EC":{"t":"C182"},"6EE":{"t":"C56X"},"6F0":{"t":"C560"},"6F4":{"t":"C56X"},"6FA":{"t":"C56X"},"6FB":{"t":"B738"},"6FE":{"t":"C560"},"6FF":{"t":"C56X"},"704":{"desc":"H1T","t":"B505"},"705":{"t":"BT36"},"706":{"t":"C560"},"709":{"t":"C560"},"70A":{"t":"C56X"},"70B":{"t":"BALL"},"70E":{"t":"C560"},"70F":{"t":"C560"},"711":{"t":"C560"},"715":{"t":"C56X"},"71A":{"t":"P28R"},"71C":{"t":"C560"},"71D":{"t":"PA46"},"71F":{"t":"C560"},"720":{"t":"SR22"},"721":{"t":"C560"},"722":{"t":"C560"},"723":{"t":"C56X"},"725":{"t":"C560"},"727":{"t":"C560"},"72A":{"desc":"A1P"},"72D":{"t":"C560"},"730":{"t":"C560"},"732":{"t":"C560"},"734":{"t":"C560"},"735":{"t":"BE35"},"736":{"t":"C56X"},"737":{"t":"PA27"},"738":{"t":"C56X"},"740":{"t":"C560"},"741":{"t":"GLF5"},"743":{"t":"C56X"},"745":{"t":"C56X"},"746":{"t":"DA40"},"747":{"t":"C56X"},"756":{"t":"R44"},"75F":{"t":"C56X"},"768":{"t":"C172"},"76C":{"t":"DC10"},"76D":{"t":"C560"},"76F":{"t":"C56X"},"772":{"t":"P28A"},"775":{"t":"C560"},"778":{"t":"C56X"},"780":{"t":"C560"},"782":{"t":"C56X"},"783":{"t":"C56X"},"787":{"t":"C560"},"789":{"t":"C56X"},"790":{"t":"C56X"},"791":{"t":"C560"},"799":{"t":"C560"},"79A":{"t":"PC12"},"79C":{"t":"C560"},"7A2":{"t":"C56X"},"7A4":{"t":"C560"},"7A5":{"t":"C560"},"7A6":{"t":"C56X"},"7A7":{"t":"P46T"},"7AA":{"t":"C560"},"7AF":{"t":"C56X"},"7B3":{"t":"C550"},"7B5":{"t":"C56X"},"7B6":{"t":"C560"},"7BA":{"desc":"L1P"},"7BB":{"t":"C560"},"7BC":{"t":"C560"},"7BD":{"t":"C560"},"7BE":{"t":"C560"},"7C0":{"desc":"L1T","t":"PA46"},"7C3":{"t":"C560"},"7C7":{"t":"C560"},"7CA":{"t":"C560"},"7CE":{"t":"C56X"},"7D1":{"desc":"L1P"},"7D5":{"desc":"L1J"},"7DC":{"t":"C56X"},"7E5":{"t":"C56X"},"7E6":{"desc":"L2P"},"7E7":{"t":"C560"},"7E8":{"t":"C56X"},"7EA":{"t":"C560"},"7F5":{"t":"C56X"},"7F6":{"t":"C560"},"7F9":{"t":"C560"},"7FE":{"t":"C150"},"7FF":{"t":"CH7A"},"800":{"t":"C56X"},"803":{"t":"C560"},"804":{"t":"C560"},"805":{"t":"C560"},"808":{"t":"C56X"},"809":{"t":"C560"},"80A":{"t":"BALL"},"80B":{"t":"PA46"},"80D":{"t":"C560"},"80F":{"t":"BE40"},"810":{"t":"C56X"},"812":{"desc":"L1P"},"816":{"t":"C56X"},"81D":{"t":"PC12"},"823":{"t":"CRJ9"},"82F":{"t":"B06"},"830":{"t":"C560"},"832":{"t":"C152"},"833":{"t":"C56X"},"834":{"t":"C560"},"836":{"t":"C56X"},"837":{"t":"C560"},"839":{"t":"C560"},"83A":{"t":"C56X"},"83D":{"t":"C560"},"840":{"t":"C56X"},"841":{"desc":"L2T","t":"DC3"},"842":{"t":"P28A"},"844":{"t":"C560"},"848":{"desc":"L1E"},"859":{"t":"C68A"},"861":{"t":"GLID"},"868":{"t":"S22T"},"869":{"t":"C560"},"86A":{"desc":"L1P"},"86B":{"t":"C560"},"86D":{"t":"C560"},"86F":{"t":"C560"},"871":{"t":"C560"},"873":{"t":"C560"},"876":{"t":"C560"},"87B":{"t":"C560"},"87D":{"t":"C56X"},"880":{"t":"C150"},"881":{"t":"C56X"},"882":{"t":"GLF3"},"883":{"t":"C56X"},"885":{"t":"C210"},"886":{"t":"C560"},"888":{"t":"BE20"},"88A":{"t":"SR22"},"88F":{"t":"E120"},"893":{"t":"BE33"},"894":{"t":"C560"},"896":{"desc":"L1P"},"897":{"t":"C56X"},"898":{"t":"C56X"},"899":{"t":"C560"},"89B":{"t":"C172"},"89D":{"t":"C56X"},"89E":{"t":"C560"},"8A0":{"t":"C56X"},"8A1":{"t":"C560"},"8A3":{"desc":"L1T"},"8A7":{"t":"C56X"},"8A8":{"t":"C56X"},"8A9":{"t":"C560"},"8AC":{"t":"GL5T"},"8AD":{"t":"B752"},"8BA":{"desc":"L2T"},"8BD":{"t":"F2TH"},"8C1":{"t":"A321"},"8C5":{"desc":"L1P"},"8C6":{"t":"C56X"},"8CA":{"t":"C56X"},"8D1":{"t":"C56X"},"8D6":{"t":"C56X"},"8DB":{"t":"C560"},"8DE":{"t":"BALL"},"8E0":{"t":"C56X"},"8E2":{"t":"C560"},"8E3":{"t":"C56X"},"8E6":{"t":"C560"},"8E8":{"t":"DH8C"},"8E9":{"t":"C56X"},"8EB":{"t":"B737"},"8EE":{"t":"C560"},"8F0":{"t":"C560"},"8F3":{"t":"C560"},"8F7":{"t":"BE55"},"902":{"t":"C56X"},"90D":{"desc":"L1P"},"929":{"t":"C172"},"93A":{"t":"C560"},"943":{"t":"C172"},"944":{"t":"C182"},"945":{"desc":"L1P"},"946":{"t":"BE18"},"947":{"t":"C150"},"948":{"t":"ERCO"},"949":{"t":"C150"},"94A":{"t":"PA16"},"94B":{"desc":"L1P"},"94C":{"t":"BE35"},"94D":{"desc":"L1P"},"94E":{"desc":"L1P"},"950":{"t":"PA24"},"951":{"t":"M20P"},"952":{"t":"C172"},"955":{"t":"P28A"},"957":{"t":"P28A"},"959":{"desc":"L1P"},"95B":{"t":"PA34"},"95C":{"desc":"L1P"},"95D":{"desc":"L1P"},"961":{"t":"ULAC"},"962":{"t":"P28A"},"963":{"t":"P28A"},"964":{"desc":"L2P"},"966":{"t":"C172"},"967":{"desc":"L1P"},"96A":{"t":"C182"},"96B":{"t":"O1"},"96C":{"desc":"L1P"},"96D":{"t":"PA16"},"96E":{"t":"C182"},"970":{"t":"AA1"},"971":{"desc":"L1P"},"973":{"t":"PA24"},"974":{"t":"M20P"},"976":{"t":"BE35"},"979":{"desc":"H6E"},"97A":{"t":"P28A"},"983":{"t":"P28A"},"985":{"t":"PT22"},"987":{"t":"ST75"},"989":{"t":"C172"},"98A":{"desc":"L1P","t":"ULAC"},"98B":{"desc":"H6E"},"98C":{"t":"GLID"},"98D":{"t":"ULAC"},"98F":{"desc":"L1P","t":"ULAC"},"990":{"desc":"G1P","t":"GYRO"},"994":{"t":"TAYB"},"997":{"t":"M20P"},"999":{"t":"BE35"},"99A":{"t":"C172"},"99C":{"t":"P32R"},"99D":{"t":"P28A"},"99F":{"t":"ULAC"},"9A3":{"t":"ST75"},"9A4":{"t":"P28R"},"9A6":{"desc":"L1P"},"9A7":{"t":"PT22"},"9A8":{"t":"M20P"},"9AB":{"t":"ULAC"},"9AE":{"t":"C140"},"9AF":{"t":"ULAC"},"9B0":{"t":"C150"},"9B1":{"t":"ERCO"},"9B4":{"t":"C182"},"9B6":{"desc":"L1P"},"9B9":{"t":"PA24"},"9BB":{"t":"C172"},"9BD":{"t":"ULAC"},"9BF":{"desc":"H6E"},"9C0":{"t":"P28A"},"9C1":{"t":"SS2P"},"9C3":{"t":"PA22"},"9C4":{"t":"PT22"},"9C5":{"t":"P28R"},"9C6":{"t":"P28R"},"9C7":{"t":"P28B"},"9C8":{"t":"PT22"},"9C9":{"t":"BL8"},"9D3":{"t":"C150"},"9D4":{"t":"ERCO"},"9D5":{"t":"ULAC"},"9D7":{"t":"C182"},"9D8":{"t":"BE35"},"9DA":{"t":"TAYB"},"9DC":{"t":"ULAC"},"9DD":{"t":"M20P"},"9DE":{"t":"C172"},"9DF":{"t":"BE35"},"9E0":{"t":"C172"},"9E1":{"t":"P28A"},"9E2":{"t":"DG15"},"9E3":{"t":"P28A"},"9E4":{"desc":"L1P","t":"ULAC"},"9E8":{"t":"P28A"},"9EA":{"t":"ULAC"},"9EB":{"desc":"L1P","t":"ULAC"},"9EC":{"desc":"L1P","t":"ULAC"},"9ED":{"t":"PT22"},"9EE":{"t":"PT22"},"9EF":{"t":"PT22"},"9F1":{"t":"DG15"},"9F8":{"t":"C150"},"9FA":{"t":"C172"},"9FE":{"t":"ULAC"},"9FF":{"t":"PA24"},"A00":{"t":"M20P"},"A01":{"t":"C172"},"A02":{"t":"BE35"},"A04":{"t":"P28A"},"A06":{"t":"P28A"},"A08":{"desc":"L1P","t":"ULAC"},"A0A":{"t":"P28R"},"A0B":{"t":"ULAC"},"A0F":{"t":"P28A"},"A17":{"t":"C140"},"A1A":{"t":"ERCO"},"A1B":{"t":"C150"},"A1C":{"desc":"L1P","t":"ULAC"},"A1E":{"t":"ULAC"},"A1F":{"t":"AA1"},"A20":{"t":"TAYB"},"A30":{"t":"P28R"},"A33":{"t":"P28R"},"A35":{"desc":"L1P","t":"ULAC"},"A38":{"t":"C172"},"A41":{"t":"ULAC"},"A43":{"t":"ULAC"},"A44":{"desc":"L1P"},"A47":{"t":"ULAC"},"A48":{"desc":"L1P","t":"ULAC"},"A4A":{"t":"P28A"},"A4B":{"desc":"L1P"},"A4C":{"t":"P28A"},"A4F":{"t":"PA22"},"A55":{"desc":"A1P","t":"ULAC"},"A56":{"t":"PT22"},"A5D":{"t":"C140"},"A5F":{"t":"C150"},"A64":{"t":"BE33"},"A68":{"t":"ULAC"},"A6D":{"t":"P28A"},"A71":{"t":"M20P"},"A72":{"t":"PA22"},"A73":{"t":"ULAC"},"A74":{"t":"PT22"},"A76":{"t":"P28A"},"A78":{"t":"P28R"},"A79":{"t":"P28R"},"A7B":{"t":"PA32"},"A7F":{"t":"C182"},"A81":{"t":"BE18"},"A83":{"t":"ERCO"},"A85":{"t":"ULAC"},"A87":{"t":"BE33"},"A88":{"t":"AA5"},"A89":{"t":"TAYB"},"A8E":{"t":"BE33"},"A8F":{"t":"C172"},"A90":{"t":"P28A"},"A95":{"t":"PA22"},"A96":{"t":"P28A"},"A9A":{"t":"ULAC"},"A9B":{"t":"PA32"},"A9E":{"t":"P28A"},"AA0":{"t":"BE55"},"AA1":{"t":"B350"},"AA2":{"t":"MD82"},"AA3":{"t":"LJ60"},"AA4":{"t":"EC25"},"AAA":{"desc":"H2T"},"AAF":{"desc":"L1P"},"AB2":{"t":"R66"},"AB3":{"t":"C180"},"AB5":{"t":"CRJ2"},"ABD":{"t":"C525"},"AC2":{"desc":"L1P"},"ACF":{"desc":"L1P"},"AD3":{"t":"PA46"},"AD6":{"t":"C560"},"AD7":{"t":"SR22"},"AD8":{"t":"C56X"},"AD9":{"t":"C560"},"AE1":{"t":"SR22"},"AEC":{"t":"C172"},"AED":{"t":"C560"},"AEE":{"desc":"L1P","t":"ULAC"},"AF0":{"desc":"A1P"},"AF1":{"t":"C172"},"AF5":{"t":"S22T"},"AF8":{"t":"BL8"},"B11":{"desc":"L1J"},"B19":{"desc":"L1P"},"B1E":{"t":"C170"},"B29":{"t":"P28A"},"B2F":{"desc":"L1P"},"B34":{"t":"CL30"},"B3E":{"t":"PC12"},"B40":{"desc":"L2J"},"B48":{"t":"C150"},"B5C":{"t":"C208"},"B69":{"t":"C25B"},"B6B":{"t":"A320"},"B74":{"t":"C56X"},"B7A":{"t":"C560"},"B7E":{"desc":"L1P"},"B87":{"desc":"L2P"},"B92":{"desc":"H1P"},"B9D":{"t":"GLID"},"BAC":{"t":"C56X"},"BB4":{"desc":"L1P"},"BB5":{"t":"P28A"},"BB8":{"desc":"L1P"},"BBC":{"t":"P28A"},"BBD":{"t":"EA50"},"BC6":{"t":"C560"},"BC9":{"t":"P46T"},"BCD":{"desc":"L1P"},"BD1":{"t":"C172"},"BDA":{"t":"CRJ9"},"BE6":{"t":"BL8"},"BE7":{"t":"C560"},"BE8":{"desc":"L1P"},"BE9":{"t":"PA31"},"BEC":{"t":"C560"},"BED":{"t":"C56X"},"BF0":{"t":"PA32"},"BF7":{"t":"H25B"},"BF8":{"t":"DC3"},"BF9":{"t":"P28A"},"C10":{"t":"C68A"},"C2A":{"t":"S22T"},"C2C":{"t":"A139"},"C31":{"t":"SR22"},"C32":{"t":"C172"},"C34":{"t":"P28A"},"C35":{"t":"BL8"},"C37":{"t":"B407"},"C38":{"desc":"L1P"},"C3B":{"t":"GLF5"},"C41":{"t":"C560"},"C42":{"t":"BE20"},"C43":{"t":"PC12"},"C46":{"t":"E120"},"C4A":{"t":"BE35"},"C4B":{"desc":"L1P"},"C4C":{"t":"TBM7"},"C58":{"t":"M7"},"C71":{"desc":"L2T"},"C78":{"t":"A321"},"C7E":{"desc":"L1P"},"C88":{"desc":"L2J"},"C95":{"desc":"L1P"},"C9B":{"t":"C560"},"C9D":{"desc":"L1P"},"CA2":{"t":"B737"},"CAE":{"t":"T206"},"CB4":{"desc":"H4E"},"CE0":{"t":"C172"},"CF9":{"t":"BE35"},"CFA":{"t":"C172"},"CFC":{"t":"BALL"},"CFE":{"t":"C150"},"D00":{"t":"C150"},"D01":{"t":"PA16"},"D02":{"t":"C182"},"D03":{"t":"BE35"},"D07":{"t":"ULAC"},"D08":{"t":"M20P"},"D0A":{"t":"BE35"},"D0C":{"t":"P28A"},"D0E":{"t":"P28A"},"D0F":{"desc":"L1T","t":"SS2P"},"D11":{"t":"PA22"},"D12":{"t":"M20P"},"D13":{"t":"P28R"},"D17":{"t":"P28A"},"D18":{"t":"FA62"},"D1D":{"t":"C172"},"D1E":{"desc":"L1P"},"D22":{"t":"M20T"},"D24":{"desc":"L1P","t":"ULAC"},"D25":{"t":"C182"},"D29":{"t":"ST75"},"D2A":{"t":"PA24"},"D2B":{"t":"M20P"},"D2C":{"t":"C172"},"D2D":{"t":"BE35"},"D2E":{"t":"C172"},"D2F":{"t":"ULAC"},"D30":{"desc":"L1P","t":"ULAC"},"D32":{"desc":"L1P"},"D39":{"t":"P28R"},"D3A":{"t":"P28R"},"D3C":{"t":"ULAC"},"D3E":{"t":"P28A"},"D43":{"t":"M20P"},"D46":{"t":"C150"},"D48":{"t":"C182"},"D49":{"t":"BE55"},"D4A":{"t":"AA1"},"D4B":{"t":"TAYB"},"D4D":{"t":"PA24"},"D4E":{"t":"M20P"},"D4F":{"t":"C172"},"D51":{"t":"C172"},"D54":{"t":"M20T"},"D56":{"desc":"H1P"},"D5D":{"t":"P28A"},"D5E":{"t":"P28A"},"D5F":{"t":"ULAC"},"D60":{"t":"ULAC"},"D61":{"t":"P28R"},"D62":{"t":"C56X"},"D63":{"t":"ULAC"},"D64":{"t":"ULAC"},"D65":{"t":"C140"},"D66":{"desc":"L1P","t":"ULAC"},"D67":{"t":"C150"},"D68":{"t":"ULAC"},"D6B":{"t":"C182"},"D6C":{"t":"ULAC"},"D6D":{"desc":"L1P"},"D6E":{"desc":"L1P"},"D6F":{"t":"ULAC"},"D71":{"t":"M20P"},"D74":{"t":"C172"},"D75":{"t":"P28A"},"D76":{"t":"P28A"},"D77":{"t":"P28A"},"D78":{"t":"SS2P"},"D79":{"t":"ULAC"},"D7A":{"t":"PA22"},"D7B":{"t":"P28R"},"D7C":{"t":"PA32"},"D7E":{"desc":"L1P","t":"ULAC"},"D7F":{"t":"P28A"},"D81":{"t":"P28A"},"D82":{"t":"ST75"},"D83":{"t":"TAYD"},"D84":{"t":"ULAC"},"D86":{"t":"ULAC"},"D8D":{"t":"ULAC"},"D8E":{"t":"M20T"},"D8F":{"t":"BE35"},"D90":{"t":"AA1"},"D91":{"t":"TAYB"},"D92":{"desc":"L1P","t":"ULAC"},"D93":{"t":"PA24"},"D95":{"t":"BE33"},"D96":{"t":"BE33"},"D97":{"t":"C172"},"D9A":{"t":"P28A"},"D9E":{"t":"P28A"},"D9F":{"t":"P28R"},"DA1":{"t":"PA32"},"DA4":{"desc":"L1P","t":"ULAC"},"DA7":{"t":"P28A"},"DAA":{"desc":"L1P","t":"ULAC"},"DAB":{"t":"T6"},"DAD":{"t":"C150"},"DAE":{"t":"ERCO"},"DAF":{"t":"C172"},"DB2":{"t":"BE35"},"DB3":{"t":"AA1"},"DB7":{"t":"M20P"},"DB8":{"t":"C172"},"DB9":{"t":"BE33"},"DBB":{"desc":"L1P","t":"ULAC"},"DBD":{"t":"P28A"},"DC0":{"t":"PA22"},"DC6":{"t":"PA32"},"DC9":{"t":"P28A"},"DCB":{"t":"GLF5"},"DCC":{"t":"C172"},"DCD":{"t":"C182"},"DCE":{"desc":"L1P","t":"ULAC"},"DCF":{"desc":"L1P","t":"ULAC"},"DD0":{"t":"C172"},"DD1":{"t":"ERCO"},"DD5":{"t":"BE33"},"DD8":{"t":"CJ6"},"DD9":{"t":"PA24"},"DDC":{"t":"BE35"},"DDD":{"t":"GC1"},"DE2":{"t":"PA18"},"DE4":{"t":"P28A"},"DE5":{"t":"P28A"},"DE7":{"desc":"L1P","t":"ULAC"},"DE8":{"desc":"L1P","t":"ULAC"},"DEE":{"desc":"L1P"},"DF0":{"t":"C182"},"DF1":{"t":"BE33"},"DF4":{"t":"ERCO"},"DF7":{"t":"C172"},"DFA":{"t":"ULAC"},"DFC":{"t":"PA24"},"DFD":{"t":"M20P"},"E01":{"t":"P28A"},"E03":{"t":"P28A"},"E04":{"t":"ULAC"},"E0E":{"t":"PA32"},"E0F":{"t":"ST75"},"E10":{"desc":"L1P"},"E13":{"t":"ULAC"},"E14":{"t":"C140"},"E16":{"t":"ULAC"},"E17":{"t":"ERCO"},"E1B":{"t":"BE35"},"E1D":{"t":"TAYB"},"E1E":{"desc":"L1P","t":"ULAC"},"E20":{"t":"M20P"},"E21":{"t":"C172"},"E22":{"t":"BE55"},"E23":{"t":"C172"},"E28":{"t":"T206"},"E29":{"t":"PA22"},"E2A":{"t":"C180"},"E2B":{"t":"ULAC"},"E2C":{"t":"P28A"},"E2F":{"t":"ULAC"},"E39":{"t":"C172"},"E3C":{"t":"PA16"},"E3E":{"t":"BE35"},"E3F":{"t":"AA1"},"E40":{"t":"TAYB"},"E41":{"t":"ULAC"},"E47":{"t":"ULAC"},"E49":{"t":"P28A"},"E4D":{"t":"P28A"},"E4E":{"t":"P28R"},"E51":{"t":"PA32"},"E55":{"t":"P28A"},"E57":{"t":"ST75"},"E5A":{"t":"C172"},"E5B":{"t":"C172"},"E5D":{"t":"C172"},"E5E":{"t":"C172"},"E60":{"t":"AS50"},"E61":{"desc":"H2T"},"E64":{"t":"ST75"},"E68":{"desc":"H4E"},"E69":{"t":"B738"},"E6A":{"t":"C182"},"E6C":{"t":"A320"},"E6D":{"t":"TBM7"},"E72":{"t":"BL8"},"E74":{"t":"F900"},"E78":{"t":"M20T"},"E79":{"desc":"L1P"},"E7C":{"t":"GLID"},"E89":{"desc":"L1P"},"E8A":{"desc":"L1P"},"E8B":{"t":"PA32"},"E8C":{"t":"C182"},"E8D":{"t":"TBM8"},"E8E":{"t":"SR22"},"E95":{"t":"C560"},"E98":{"desc":"L2T"},"EA3":{"t":"BE36"},"EA6":{"t":"P46T"},"EA7":{"t":"C56X"},"EAB":{"t":"HDJT"},"EBC":{"t":"RV12"},"EBE":{"t":"H60"},"EC1":{"t":"E55P"},"EC7":{"t":"BE35"},"EC8":{"desc":"L1J"},"ED5":{"t":"C172"},"EDA":{"t":"DC10"},"EEB":{"t":"CL30"},"EEF":{"t":"GLF5"},"EF7":{"desc":"L2J"},"EF8":{"t":"C82S"},"EFF":{"t":"C150"},"F00":{"desc":"L1P"},"F04":{"t":"GLEX"},"F0A":{"t":"C56X"},"F15":{"t":"P46T"},"F20":{"desc":"L1P"},"F22":{"t":"A320"},"F27":{"t":"GLID"},"F39":{"desc":"H1P"},"F4E":{"desc":"L1P"},"F52":{"t":"T34P"},"F53":{"t":"AT8T"},"F56":{"t":"C56X"},"F58":{"t":"BE33"},"F6C":{"t":"HUSK"},"F74":{"t":"EA50"},"F77":{"t":"AA5"},"F85":{"t":"PC12"},"F88":{"t":"C172"},"F91":{"t":"CRJ9"},"F9D":{"t":"C56X"},"FA0":{"t":"C525"},"FA4":{"t":"SR22"},"FA5":{"t":"S22T"},"FAF":{"t":"DC3"},"FB0":{"t":"P28A"},"FB2":{"desc":"L1P"},"FC7":{"t":"C68A"},"FDB":{"t":"C550"},"FDD":{"t":"E145"},"FE1":{"t":"CL60"},"FE9":{"t":"DA40"},"FEB":{"desc":"L1P"},"FED":{"t":"C510"},"FEE":{"desc":"L1P"},"FF1":{"desc":"H4E"},"FF6":{"desc":"A1P","t":"ULAC"},"FFC":{"t":"C182"}}