{"000":{"t":"AA1"},"002":{"t":"M7"},"004":{"t":"M20P"},"009":{"t":"P28A"},"00A":{"t":"P28A"},"00B":{"t":"SS2P"},"00C":{"t":"M7"},"00F":{"t":"PA32"},"012":{"t":"M20T"},"013":{"t":"PA36"},"015":{"t":"P28A"},"017":{"t":"P28R"},"019":{"t":"C172"},"01A":{"t":"M20T"},"020":{"t":"PA16"},"022":{"t":"BE33"},"023":{"desc":"L1P","t":"ULAC"},"025":{"t":"M7"},"028":{"t":"M7"},"02A":{"t":"M5"},"02C":{"t":"P28A"},"02F":{"t":"M7"},"033":{"t":"VALI"},"034":{"t":"M5"},"03A":{"t":"P28B"},"03E":{"t":"C140"},"043":{"t":"PA16"},"044":{"t":"C188"},"04B":{"t":"C172"},"04E":{"t":"P28A"},"04F":{"t":"P28A"},"053":{"t":"PA22"},"055":{"t":"P28A"},"056":{"t":"P28R"},"059":{"t":"PA32"},"05A":{"t":"ST75"},"05C":{"t":"PA34"},"05D":{"t":"P28A"},"05F":{"t":"C172"},"060":{"t":"C182"},"061":{"t":"C140"},"062":{"t":"M7"},"063":{"t":"C150"},"06C":{"t":"PA24"},"06E":{"t":"C172"},"071":{"t":"P28A"},"072":{"t":"P28S"},"073":{"t":"ULAC"},"076":{"t":"PA22"},"07F":{"t":"P28R"},"081":{"desc":"L1P"},"083":{"t":"C182"},"084":{"t":"C140"},"085":{"t":"M7"},"086":{"t":"C150"},"089":{"t":"PA16"},"08A":{"t":"M5"},"08B":{"t":"C172"},"090":{"t":"M20P"},"091":{"t":"C172"},"092":{"t":"BE19"},"093":{"t":"M7"},"096":{"t":"P28A"},"098":{"t":"M7"},"09B":{"t":"P28B"},"09D":{"t":"P28B"},"0A0":{"t":"PA34"},"0A3":{"t":"P28A"},"0A4":{"t":"GLID"},"0A7":{"t":"C140"},"0A8":{"t":"BE18"},"0A9":{"t":"C150"},"0AC":{"desc":"L1P"},"0AE":{"t":"BE35"},"0B2":{"t":"M5"},"0B3":{"t":"M20P"},"0B6":{"t":"C172"},"0B8":{"t":"PA32"},"0BD":{"t":"P28R"},"0BE":{"t":"M7"},"0BF":{"t":"P28R"},"0C1":{"t":"PA32"},"0C3":{"t":"PA34"},"0C8":{"t":"C172"},"0CA":{"t":"C140"},"0CB":{"t":"M7"},"0CD":{"t":"ERCO"},"0CF":{"t":"PA16"},"0D0":{"t":"C182"},"0D1":{"t":"BE35"},"0D2":{"t":"AA1"},"0D4":{"t":"M7"},"0D5":{"t":"M5"},"0D6":{"t":"M20P"},"0D7":{"t":"C172"},"0D9":{"t":"C172"},"0DA":{"t":"P28A"},"0DB":{"t":"P32R"},"0DD":{"t":"M7"},"0E0":{"t":"P28R"},"0E1":{"t":"P28B"},"0E4":{"t":"P28A"},"0E5":{"t":"P28A"},"0E6":{"t":"P28R"},"0EA":{"t":"C310"},"0EB":{"desc":"L1P"},"0ED":{"t":"SR22"},"0EE":{"desc":"L2T"},"0F0":{"t":"B06"},"0F1":{"t":"PC12"},"0F3":{"desc":"H4E"},"0F4":{"desc":"L1P"},"0FD":{"t":"SR22"},"0FF":{"t":"A320"},"103":{"desc":"L1P"},"107":{"t":"BE33"},"10C":{"t":"C180"},"114":{"t":"C182"},"119":{"t":"C525"},"11D":{"t":"S108"},"11E":{"t":"B752"},"11F":{"t":"T206"},"120":{"desc":"H1P"},"121":{"desc":"L1P"},"123":{"desc":"H1T"},"125":{"desc":"L1P"},"128":{"desc":"L2J"},"12B":{"t":"C182"},"12E":{"t":"R44"},"12F":{"t":"SR22"},"132":{"t":"C340"},"136":{"t":"P210"},"138":{"t":"C210"},"139":{"desc":"H1T"},"13A":{"t":"C172"},"13D":{"t":"C182"},"13E":{"desc":"L1P"},"142":{"t":"SR22"},"147":{"t":"P28S"},"148":{"t":"T210"},"151":{"t":"BE36"},"152":{"t":"CH7A"},"159":{"t":"BE35"},"15B":{"desc":"L1J"},"15F":{"t":"PC12"},"161":{"t":"BE55"},"16D":{"t":"DC10"},"181":{"t":"GLF5"},"182":{"desc":"L1P"},"184":{"desc":"L1P"},"185":{"t":"C320"},"18A":{"t":"BE9L"},"192":{"t":"C150"},"19B":{"t":"R44"},"19C":{"t":"A109"},"19D":{"desc":"L1P"},"1AF":{"t":"M7"},"1B3":{"desc":"L1P"},"1B4":{"desc":"L1P"},"1B5":{"t":"C182"},"1B6":{"t":"G164"},"1B7":{"desc":"L1P"},"1BA":{"t":"C206"},"1BC":{"desc":"L1P"},"1BD":{"desc":"L2J"},"1BE":{"t":"BE55"},"1BF":{"desc":"L1P"},"1C0":{"t":"M20T"},"1C8":{"t":"C172"},"1CF":{"t":"PA46"},"1D6":{"desc":"L1P"},"1E5":{"desc":"L1P"},"1F3":{"t":"LJ45"},"1F7":{"t":"AEST"},"1FE":{"t":"BE33"},"1FF":{"t":"B190"},"200":{"desc":"L1P"},"201":{"t":"C56X"},"202":{"t":"BE9L"},"205":{"t":"SR22"},"20A":{"t":"P28A"},"20F":{"desc":"L1P"},"210":{"t":"DA40"},"212":{"t":"C185"},"217":{"t":"PA38"},"218":{"t":"AS50"},"21B":{"t":"C172"},"224":{"t":"CRJ9"},"22C":{"t":"ULAC"},"231":{"t":"SR22"},"233":{"t":"CH7B"},"236":{"t":"S22T"},"238":{"desc":"H4E"},"239":{"desc":"L1P"},"23A":{"desc":"L1P"},"23C":{"t":"S22T"},"241":{"desc":"L1P"},"242":{"desc":"L2P"},"24D":{"t":"PC12"},"25A":{"t":"C68A"},"263":{"t":"FA10"},"264":{"t":"C25B"},"266":{"t":"M20P"},"26B":{"t":"B407"},"26E":{"t":"BT36"},"273":{"t":"BE35"},"276":{"desc":"L1P"},"277":{"t":"C560"},"27D":{"desc":"L1P"},"27F":{"t":"C182"},"289":{"t":"C172"},"28B":{"t":"SR22"},"290":{"t":"E120"},"294":{"t":"PRM1"},"295":{"t":"A321"},"296":{"desc":"L1P","t":"TB0"},"297":{"t":"PA30"},"29E":{"desc":"H1P"},"2A0":{"t":"BE36"},"2A4":{"t":"SW4"},"2A5":{"t":"BE36"},"2AA":{"t":"C182"},"2AD":{"t":"P208"},"2AE":{"desc":"H8E"},"2BB":{"t":"BE35"},"2BE":{"desc":"H4E"},"2C2":{"t":"A321"},"2C8":{"desc":"L1P"},"2CC":{"desc":"H1T"},"2D8":{"desc":"H1T"},"2DF":{"t":"BE9L"},"2E9":{"t":"DH8C"},"2EB":{"desc":"H4E"},"2EC":{"t":"B737"},"2F4":{"desc":"L2T"},"2F8":{"t":"C182"},"306":{"t":"BE40"},"322":{"desc":"H6E"},"327":{"t":"CL60"},"343":{"t":"C182"},"345":{"t":"C182"},"347":{"t":"M7"},"34B":{"t":"M5"},"34C":{"t":"C188"},"34E":{"t":"AA1"},"351":{"t":"PA24"},"352":{"t":"M20P"},"355":{"t":"M6"},"356":{"t":"P28A"},"358":{"t":"M7"},"360":{"t":"P28A"},"361":{"t":"P28A"},"365":{"t":"PA32"},"367":{"t":"C172"},"368":{"t":"C182"},"369":{"t":"C140"},"36D":{"t":"M5"},"371":{"t":"AA1"},"377":{"t":"BE19"},"37C":{"desc":"L1P"},"37D":{"t":"PA27"},"37E":{"t":"PA22"},"380":{"t":"PT22"},"382":{"t":"P28A"},"383":{"t":"P28A"},"386":{"t":"P28A"},"387":{"t":"ULAC"},"388":{"t":"ST75"},"38B":{"t":"C182"},"38F":{"t":"ERCO"},"390":{"t":"C150"},"391":{"t":"PA16"},"393":{"t":"ULAC"},"396":{"desc":"L1P"},"39A":{"t":"BE24"},"39C":{"t":"P28A"},"39D":{"t":"B25"},"3A2":{"t":"P28R"},"3A5":{"t":"P28A"},"3A6":{"t":"P28A"},"3AA":{"t":"PA32"},"3AC":{"t":"WACO"},"3AE":{"t":"O1"},"3B1":{"t":"C150"},"3B6":{"t":"BE33"},"3B9":{"t":"BALL"},"3BB":{"t":"M20P"},"3C8":{"t":"AR11"},"3C9":{"t":"P28A"},"3CA":{"t":"P28A"},"3CB":{"t":"P28A"},"3CC":{"t":"T6"},"3D0":{"t":"C172"},"3D1":{"desc":"L1P"},"3D5":{"t":"ERCO"},"3D7":{"t":"PA16"},"3D9":{"t":"BE95"},"3DD":{"t":"PA24"},"3DE":{"t":"M20P"},"3DF":{"t":"C172"},"3E1":{"t":"C172"},"3E4":{"t":"P28A"},"3E8":{"t":"AR11"},"3EF":{"t":"ST75"},"3F1":{"t":"ST75"},"3F3":{"t":"C172"},"3F4":{"t":"C182"},"3F8":{"t":"ERCO"},"3F9":{"t":"C150"},"3FA":{"t":"PA16"},"400":{"t":"PA24"},"401":{"t":"M20P"},"402":{"t":"C172"},"404":{"t":"C172"},"407":{"t":"P28A"},"40B":{"t":"P28A"},"40C":{"t":"P28A"},"40E":{"t":"P28B"},"40F":{"t":"ULAC"},"410":{"t":"PA34"},"411":{"t":"P28A"},"412":{"t":"B06"},"416":{"t":"C172"},"418":{"t":"C140"},"41B":{"t":"ERCO"},"41C":{"t":"C150"},"41D":{"t":"PA16"},"41E":{"t":"C182"},"41F":{"t":"BE35"},"428":{"t":"P28A"},"429":{"t":"P28A"},"42B":{"t":"P28R"},"42D":{"t":"PA22"},"42E":{"t":"ST75"},"433":{"t":"P28B"},"434":{"t":"PA32"},"437":{"t":"ST75"},"43A":{"t":"C182"},"43E":{"t":"ERCO"},"43F":{"t":"C150"},"441":{"t":"C182"},"443":{"t":"AA1"},"446":{"t":"PA24"},"447":{"t":"M20P"},"44B":{"t":"P28A"},"44C":{"t":"P32R"},"44D":{"t":"P28A"},"44E":{"t":"BE36"},"452":{"t":"P28A"},"453":{"t":"ST75"},"458":{"t":"P28A"},"45B":{"t":"AEST"},"45C":{"t":"C172"},"45E":{"desc":"L1P"},"460":{"t":"C150"},"461":{"t":"ERCO"},"464":{"t":"R44"},"467":{"t":"ULAC"},"468":{"desc":"L1P"},"469":{"t":"PA24"},"46A":{"t":"M20P"},"46E":{"t":"P28A"},"470":{"t":"P28A"},"472":{"t":"PA18"},"473":{"t":"PA22"},"474":{"t":"P28R"},"476":{"t":"PA34"},"477":{"t":"P28A"},"47A":{"t":"P28A"},"47C":{"t":"P28A"},"47F":{"t":"C172"},"482":{"t":"BE95"},"484":{"t":"ERCO"},"487":{"t":"C182"},"488":{"t":"BE33"},"48C":{"t":"PA24"},"48D":{"t":"M20P"},"48E":{"t":"C172"},"48F":{"t":"BE19"},"490":{"t":"C172"},"491":{"t":"P28A"},"492":{"t":"P28A"},"494":{"t":"SS2P"},"497":{"t":"P28R"},"498":{"t":"P28R"},"49A":{"t":"PA32"},"49F":{"t":"P28A"},"4A7":{"t":"AS50"},"4AD":{"desc":"L1P"},"4AE":{"t":"AS50"},"4B3":{"t":"B738"},"4B7":{"t":"DH8C"},"4BB":{"t":"C560"},"4C6":{"desc":"L1P","t":"ULAC"},"4CC":{"desc":"L1P"},"4D4":{"t":"P32R"},"4D5":{"t":"DA40"},"4D7":{"t":"CRJ2"},"4E0":{"t":"C25B"},"4E2":{"t":"C182"},"4E5":{"t":"A109"},"4ED":{"desc":"L1P"},"4F0":{"t":"DV20"},"4FB":{"desc":"L1P"},"4FD":{"t":"B350"},"512":{"desc":"L1J"},"523":{"desc":"H4E"},"52A":{"t":"P28A"},"539":{"t":"GLF5"},"541":{"desc":"L2J"},"544":{"desc":"L1P"},"553":{"t":"T210"},"55F":{"t":"P46T"},"56C":{"t":"A320"},"56D":{"t":"C560"},"571":{"t":"GLID"},"574":{"t":"C182"},"575":{"t":"GLF5"},"57F":{"t":"ULAC"},"583":{"t":"P28A"},"5AE":{"desc":"L1P"},"5B5":{"t":"GLEX"},"5B8":{"t":"C82S"},"5C6":{"t":"A320"},"5C7":{"t":"DA40"},"5D2":{"t":"C172"},"5DB":{"t":"CRJ9"},"5E7":{"t":"BE55"},"5E8":{"t":"LJ35"},"5E9":{"t":"EA50"},"5EA":{"t":"C551"},"5F9":{"desc":"L2P"},"601":{"t":"C182"},"611":{"t":"C56X"},"62A":{"t":"SR20"},"62D":{"desc":"L1P"},"635":{"desc":"L1P","t":"ULAC"},"640":{"desc":"A1P","t":"ULAC"},"642":{"t":"SR22"},"644":{"t":"C550"},"647":{"t":"E120"},"648":{"desc":"L1P"},"64B":{"desc":"L1P"},"64C":{"t":"A321"},"64D":{"t":"B47G"},"65D":{"t":"BE20"},"660":{"t":"C340"},"661":{"t":"C560"},"665":{"t":"B752"},"679":{"t":"A321"},"67E":{"t":"C680"},"697":{"t":"P28A"},"69C":{"t":"P32R"},"6A3":{"t":"B737"},"6C8":{"desc":"L1P"},"6C9":{"desc":"L1P","t":"ULAC"},"6FB":{"t":"C172"},"6FC":{"t":"C182"},"6FD":{"t":"C414"},"6FF":{"t":"C150"},"700":{"t":"ERCO"},"702":{"t":"PA16"},"703":{"t":"C188"},"704":{"t":"BE33"},"705":{"t":"AA1"},"708":{"t":"C150"},"70A":{"t":"C172"},"70E":{"t":"P28A"},"70F":{"t":"P28A"},"710":{"t":"SS2P"},"711":{"t":"PA18"},"71C":{"t":"P28A"},"71D":{"t":"GLID"},"720":{"t":"M20P"},"72C":{"t":"M20P"},"72E":{"t":"BE24"},"731":{"t":"P28A"},"735":{"t":"PA22"},"740":{"desc":"L1P"},"741":{"t":"C172"},"74B":{"t":"AA1"},"74F":{"t":"M20P"},"754":{"t":"P28A"},"755":{"t":"P28A"},"756":{"desc":"L1T","t":"SS2P"},"75A":{"t":"P28A"},"75B":{"t":"P28R"},"75C":{"t":"P28R"},"75D":{"t":"PA32"},"75E":{"t":"ULAC"},"760":{"t":"FA62"},"761":{"t":"P28A"},"762":{"t":"M20T"},"763":{"desc":"L1P"},"764":{"t":"B738"},"766":{"t":"C140"},"767":{"t":"L39"},"769":{"t":"ERCO"},"76A":{"t":"C150"},"773":{"t":"C172"},"775":{"t":"C172"},"776":{"t":"BL17"},"778":{"t":"P28A"},"77A":{"t":"PA27"},"77B":{"t":"PA22"},"77D":{"t":"P28A"},"780":{"t":"P28R"},"781":{"desc":"L1P","t":"ULAC"},"782":{"t":"PA32"},"783":{"t":"ST75"},"784":{"t":"ULAC"},"785":{"desc":"L1P","t":"ULAC"},"787":{"t":"C172"},"78C":{"t":"ERCO"},"791":{"desc":"L1P","t":"ULAC"},"794":{"t":"PA24"},"796":{"t":"C172"},"798":{"t":"C172"},"79A":{"t":"P28S"},"79B":{"t":"P28A"},"79E":{"t":"PA22"},"7A1":{"t":"ST75"},"7A2":{"t":"ST75"},"7A3":{"t":"PA36"},"7A6":{"t":"P28A"},"7A8":{"t":"P28A"},"7AA":{"t":"C172"},"7AC":{"t":"M20P"},"7AF":{"t":"ERCO"},"7B2":{"t":"C188"},"7B4":{"t":"AA1"},"7B7":{"t":"PA24"},"7B8":{"t":"ULAC"},"7BA":{"t":"BE19"},"7BB":{"t":"C172"},"7BC":{"t":"P28A"},"7BE":{"t":"P28A"},"7C3":{"desc":"L1P"},"7C5":{"t":"P28R"},"7CA":{"t":"P28A"},"7CB":{"t":"B753"},"7CC":{"desc":"L1J"},"7D2":{"t":"ERCO"},"7D7":{"t":"AA1"},"7DA":{"t":"PA24"},"7DB":{"t":"M20P"},"7DC":{"t":"C172"},"7DF":{"t":"P28A"},"7E0":{"t":"P32R"},"7E1":{"t":"P28A"},"7E2":{"desc":"L1P"},"7E5":{"t":"P28A"},"7E6":{"t":"P28A"},"7E8":{"t":"ULAC"},"7E9":{"t":"P28R"},"7EB":{"t":"PA32"},"7EC":{"desc":"L1P"},"7F1":{"t":"C182"},"7F4":{"t":"C150"},"7F6":{"t":"C150"},"7FA":{"t":"AA1"},"7FD":{"t":"EN28"},"7FE":{"t":"M20P"},"7FF":{"t":"C172"},"800":{"t":"BE19"},"801":{"t":"C172"},"802":{"t":"M20P"},"803":{"t":"PA34"},"805":{"desc":"L1P"},"806":{"t":"PA27"},"808":{"t":"P28A"},"80C":{"desc":"H1P"},"810":{"t":"ST75"},"813":{"t":"C172"},"814":{"t":"C182"},"815":{"t":"C414"},"817":{"t":"C150"},"819":{"t":"C150"},"81A":{"t":"PA16"},"81B":{"t":"C188"},"81C":{"t":"BE55"},"81D":{"t":"AA1"},"822":{"desc":"H1P"},"823":{"t":"BE19"},"824":{"desc":"H1P"},"827":{"t":"P28A"},"829":{"t":"PA27"},"82B":{"desc":"L1P"},"82D":{"desc":"L1P"},"832":{"t":"P28A"},"833":{"t":"P28R"},"834":{"t":"P28R"},"836":{"t":"C172"},"83B":{"t":"ERCO"},"83D":{"t":"PA16"},"83F":{"t":"M20P"},"840":{"t":"AA1"},"841":{"t":"C162"},"842":{"desc":"H1P"},"843":{"t":"PA24"},"844":{"t":"M20P"},"848":{"t":"P28A"},"849":{"t":"P28A"},"84D":{"t":"PA22"},"84E":{"t":"P28B"},"84F":{"t":"ST75"},"856":{"t":"P28A"},"857":{"t":"P28A"},"859":{"t":"C150"},"86A":{"t":"B738"},"86B":{"desc":"A1P"},"86E":{"t":"DH8C"},"871":{"t":"B763"},"872":{"desc":"L1P"},"873":{"desc":"A1P","t":"ULAC"},"877":{"desc":"A1P"},"883":{"desc":"A1P"},"887":{"t":"FA50"},"88E":{"t":"C550"},"88F":{"t":"R44"},"892":{"t":"C680"},"899":{"t":"C182"},"89C":{"t":"GLID"},"89D":{"t":"FDCT"},"8A6":{"desc":"L1P"},"8A7":{"t":"GL5T"},"8AF":{"t":"ULAC"},"8B0":{"t":"C25A"},"8B1":{"t":"C560"},"8B2":{"desc":"L1P"},"8B5":{"t":"DA40"},"8B8":{"t":"C82S"},"8C2":{"t":"E55P"},"8C9":{"desc":"L1J"},"8DB":{"t":"DC10"},"8DD":{"t":"C172"},"8E1":{"t":"P28A"},"8F8":{"t":"CRJ7"},"8FA":{"desc":"L1P"},"900":{"t":"C150"},"909":{"t":"H25B"},"921":{"desc":"L1P"},"923":{"t":"A320"},"924":{"desc":"L1P"},"92D":{"t":"C414"},"93A":{"t":"M20P"},"946":{"desc":"L1P"},"954":{"t":"AT8T"},"956":{"desc":"L1J"},"957":{"desc":"L1T","t":"PA46"},"95A":{"t":"C208"},"95F":{"t":"C560"},"96B":{"desc":"L1P"},"96C":{"desc":"L1P"},"96D":{"desc":"L4J"},"976":{"t":"C56X"},"97D":{"t":"A320"},"97E":{"t":"DA40"},"989":{"t":"C172"},"98A":{"t":"C152"},"992":{"t":"CRJ9"},"99F":{"t":"C414"},"9A1":{"desc":"L1P"},"9A5":{"t":"SR22"},"9A8":{"t":"R44"},"9B0":{"desc":"L2P"},"9B7":{"desc":"L1P"},"9C8":{"t":"C68A"},"9D8":{"desc":"L1P"},"9D9":{"t":"C172"},"9E1":{"t":"CL60"},"9E4":{"desc":"L1P"},"9EA":{"desc":"A1P"},"9ED":{"t":"ULAC"},"9EF":{"t":"SR22"},"9F0":{"t":"C25C"},"9F7":{"t":"C172"},"9FA":{"t":"UH1"},"9FB":{"t":"PA46"},"9FF":{"desc":"L1P"},"A02":{"t":"B06"},"A03":{"t":"C560"},"A05":{"desc":"L1P"},"A0A":{"t":"H60"},"A0B":{"desc":"L1P"},"A0D":{"t":"R44"},"A14":{"t":"RV12"},"A29":{"desc":"L2T"},"A30":{"t":"A321"},"A4D":{"desc":"L1P"},"A4E":{"t":"C208"},"A50":{"t":"UH1"},"A55":{"t":"PA18"},"A5A":{"t":"B737"},"A66":{"desc":"A1P","t":"ULAC"},"A7F":{"desc":"L1P"},"AB3":{"t":"EN28"},"AB4":{"t":"C414"},"AB5":{"t":"EN28"},"AB6":{"t":"EN28"},"AB9":{"t":"PA16"},"ABB":{"desc":"H1P"},"ABE":{"desc":"H4E"},"ABF":{"desc":"H1P"},"AC1":{"t":"C172"},"AC3":{"t":"C172"},"AC4":{"t":"P28A"},"AC6":{"t":"P28A"},"AC9":{"t":"BE58"},"ACA":{"t":"P28A"},"ACC":{"t":"P28A"},"ACE":{"t":"M20P"},"ACF":{"t":"ST75"},"AD1":{"t":"ST75"},"AD2":{"t":"ULAC"},"AD3":{"t":"ST75"},"AD7":{"t":"C140"},"ADA":{"t":"ERCO"},"ADE":{"t":"BE35"},"AE0":{"desc":"H1P"},"AE2":{"t":"PA24"},"AE4":{"t":"C172"},"AE6":{"t":"C172"},"AEB":{"desc":"H1P"},"AEC":{"t":"PA22"},"AED":{"t":"ULAC"},"AEF":{"t":"ULAC"},"AF1":{"t":"ST75"},"AF2":{"desc":"L1P"},"AF5":{"t":"P28A"},"AF8":{"t":"C172"},"AFD":{"t":"ERCO"},"AFF":{"t":"PA16"},"B00":{"t":"C182"},"B01":{"t":"BE35"},"B06":{"t":"M20P"},"B09":{"t":"C172"},"B0B":{"t":"P32R"},"B0C":{"t":"P28A"},"B0D":{"t":"M20T"},"B0E":{"desc":"H1P"},"B10":{"desc":"L1P","t":"ULAC"},"B15":{"desc":"L1P"},"B16":{"t":"EN28"},"B18":{"t":"M20P"},"B1B":{"t":"B738"},"B1D":{"t":"C140"},"B21":{"t":"C150"},"B22":{"t":"PA16"},"B24":{"t":"BE35"},"B28":{"t":"PA24"},"B29":{"t":"M20P"},"B2B":{"t":"BE24"},"B31":{"t":"PA27"},"B32":{"t":"PA22"},"B34":{"t":"ULAC"},"B35":{"t":"ULAC"},"B37":{"t":"PA32"},"B3A":{"t":"P28B"},"B3B":{"t":"ST75"},"B3C":{"t":"ULAC"},"B3E":{"desc":"H1P"},"B3F":{"t":"C182"},"B40":{"t":"C140"},"B42":{"t":"C150"},"B43":{"t":"ERCO"},"B44":{"t":"C150"},"B45":{"t":"BE95"},"B4A":{"t":"EN28"},"B50":{"t":"P28A"},"B52":{"t":"P28A"},"B57":{"t":"ST75"},"B58":{"t":"P28B"},"B59":{"t":"P28A"},"B5A":{"t":"ST75"},"B5B":{"t":"ULAC"},"B5D":{"t":"P28A"},"B5F":{"t":"ST75"},"B61":{"t":"EN28"},"B62":{"t":"LJ31"},"B63":{"t":"M20P"},"B65":{"t":"C150"},"B66":{"t":"ERCO"},"B6A":{"t":"M20P"},"B6F":{"t":"M20P"},"B72":{"t":"C172"},"B75":{"t":"P28A"},"B79":{"t":"P28A"},"B7A":{"t":"P28R"},"B7C":{"t":"ULAC"},"B80":{"t":"P28A"},"B81":{"t":"P28A"},"B84":{"t":"C172"},"B85":{"t":"C182"},"B8A":{"t":"C150"},"B8B":{"t":"PA16"},"B8D":{"t":"BE35"},"B8F":{"desc":"H1P"},"B92":{"t":"M20P"},"B93":{"t":"C172"},"B94":{"t":"BE24"},"B98":{"t":"P28A"},"B99":{"desc":"L1T","t":"SS2P"},"BA0":{"t":"P28A"},"BA1":{"t":"P28B"},"BA2":{"t":"P28A"},"BA4":{"desc":"L1P","t":"ULAC"},"BA7":{"t":"C172"},"BAB":{"t":"C172"},"BAC":{"t":"ERCO"},"BAF":{"t":"C188"},"BB0":{"t":"BE35"},"BB2":{"t":"EN28"},"BB5":{"t":"M20P"},"BB7":{"t":"M20P"},"BB9":{"t":"ULAC"},"BBA":{"t":"P28A"},"BBB":{"desc":"H1P"},"BBE":{"t":"PA22"},"BBF":{"t":"P28A"},"BC0":{"t":"ULAC"},"BC1":{"t":"P28R"},"BC2":{"t":"P28B"},"BC5":{"t":"P28A"},"BC6":{"t":"P28A"},"BC7":{"t":"P28A"},"BCA":{"t":"C172"},"BCB":{"t":"C182"},"BCD":{"t":"M20P"},"BCE":{"desc":"H1P"},"BCF":{"t":"ERCO"},"BD3":{"t":"BE35"},"BD4":{"desc":"L1P","t":"ULAC"},"BD6":{"desc":"L1P","t":"ULAC"},"BD8":{"t":"M20P"},"BD9":{"desc":"H1P"},"BDA":{"t":"BE24"},"BDB":{"desc":"G1P","t":"GYRO"},"BDC":{"t":"P28A"},"BDE":{"t":"P28A"},"BE2":{"t":"ULAC"},"BE3":{"desc":"L1P","t":"ULAC"},"BE4":{"desc":"L1P","t":"ULAC"},"BE7":{"t":"VALI"},"BE8":{"t":"P28A"},"BE9":{"t":"P28A"},"BEA":{"t":"P28A"},"BEB":{"t":"P28A"},"BED":{"t":"C172"},"BF0":{"desc":"H1P"},"BF2":{"t":"ERCO"},"BF4":{"t":"PA16"},"BF6":{"t":"BE35"},"BF9":{"t":"EN28"},"BFA":{"t":"PA24"},"BFC":{"t":"C172"},"BFF":{"desc":"H1P"},"C00":{"desc":"H1P"},"C03":{"t":"M20T"},"C06":{"t":"P28R"},"C07":{"t":"P28R"},"C08":{"t":"P28B"},"C09":{"t":"PA32"},"C0A":{"desc":"L1P","t":"ULAC"},"C0B":{"t":"P28A"},"C0C":{"t":"P28A"},"C0E":{"desc":"H1P"},"C10":{"t":"P210"},"C11":{"t":"PA24"},"C13":{"desc":"H1P"},"C17":{"t":"BE9L"},"C18":{"t":"HUSK"},"C19":{"desc":"L1P"},"C1A":{"desc":"L1P"},"C1D":{"desc":"H1P"},"C1E":{"t":"PA23"},"C20":{"desc":"H1P"},"C26":{"desc":"L1P"},"C28":{"desc":"L1P"},"C29":{"t":"BE20"},"C2C":{"t":"PTS2"},"C31":{"t":"AC11"},"C32":{"t":"C550"},"C35":{"t":"C172"},"C37":{"t":"M20T"},"C39":{"t":"C182"},"C3B":{"t":"ULAC"},"C3D":{"desc":"L1P"},"C3E":{"t":"C310"},"C41":{"desc":"L1P"},"C42":{"t":"P337"},"C43":{"t":"C185"},"C44":{"t":"AEST"},"C45":{"desc":"L1P"},"C46":{"t":"UH12"},"C47":{"desc":"L1P","t":"ULAC"},"C48":{"t":"BE35"},"C49":{"t":"GLID"},"C4B":{"t":"S22T"},"C4C":{"t":"P28R"},"C4D":{"desc":"L1P"},"C4E":{"desc":"L1P"},"C4F":{"desc":"L1P"},"C50":{"t":"M20P"},"C51":{"desc":"L1P"},"C56":{"t":"M20P"},"C57":{"desc":"L1P"},"C58":{"t":"PA46"},"C5B":{"desc":"H1P"},"C5C":{"t":"C208"},"C5D":{"t":"SR22"},"C5F":{"desc":"S2P"},"C61":{"desc":"L1P"},"C62":{"t":"S22T"},"C63":{"desc":"L1P"},"C64":{"t":"PA30"},"C65":{"desc":"L1P"},"C66":{"t":"C182"},"C67":{"t":"M20P"},"C6B":{"t":"P28A"},"C6D":{"t":"T206"},"C6F":{"t":"P28R"},"C70":{"desc":"L1T"},"C72":{"t":"BL17"},"C74":{"desc":"L1P"},"C75":{"t":"C77R"},"C77":{"t":"C525"},"C78":{"t":"BE35"},"C79":{"desc":"L1P"},"C7A":{"t":"B06"},"C7B":{"desc":"A1P"},"C7C":{"desc":"L1P"},"C7D":{"t":"H25B"},"C7E":{"desc":"L1P"},"C7F":{"t":"GA5C"},"C84":{"t":"AA5"},"C85":{"t":"M7"},"C88":{"desc":"L1P"},"C8C":{"desc":"L1P"},"C8D":{"t":"BE35"},"C8E":{"t":"C172"},"C90":{"t":"C501"},"C91":{"t":"UH12"},"C92":{"t":"SR22"},"C94":{"desc":"L1P"},"C96":{"desc":"L1P"},"C98":{"t":"C25A"},"C99":{"t":"M20P"},"C9A":{"desc":"L1P"},"C9E":{"t":"C650"},"C9F":{"t":"BE20"},"CA2":{"t":"GLID"},"CA3":{"desc":"A1P"},"CA7":{"t":"BE20"},"CA8":{"t":"P28R"},"CAA":{"desc":"L1P"},"CAB":{"t":"GLID"},"CAC":{"desc":"L1P"},"CAD":{"t":"BE36"},"CB0":{"desc":"L1P"},"CB1":{"desc":"L1P"},"CB2":{"t":"P28A"},"CB4":{"t":"PA31"},"CB6":{"desc":"L1P"},"CB7":{"desc":"L1J"},"CB8":{"t":"B350"},"CBB":{"t":"BE33"},"CBC":{"t":"M20P"},"CBF":{"t":"C180"},"CC2":{"t":"C25C"},"CC5":{"t":"PA18"},"CC7":{"desc":"L1P"},"CC8":{"t":"GLF4"},"CCB":{"desc":"H1P"},"CCD":{"t":"HDJT"},"CD0":{"t":"M7"},"CD4":{"desc":"A1P"},"CD6":{"t":"HUSK"},"CD9":{"t":"P28A"},"CDA":{"desc":"L1P"},"CDD":{"t":"PA27"},"CDF":{"t":"GLID"},"CE0":{"desc":"L1P"},"CE1":{"t":"P32R"},"CE6":{"desc":"L1P"},"CE8":{"t":"BALL"},"CE9":{"desc":"L1P"},"CEA":{"t":"BL8"},"CED":{"t":"SR20"},"CF1":{"desc":"L1P"},"CF2":{"t":"UH1"},"CF3":{"desc":"L1P"},"CF8":{"desc":"L1P"},"CF9":{"desc":"L1P"},"CFD":{"desc":"L1P"},"D02":{"desc":"L1P"},"D03":{"t":"F900"},"D06":{"t":"PC12"},"D0A":{"t":"GLID"},"D0B":{"desc":"L1P"},"D0C":{"t":"T206"},"D0E":{"t":"TBM7"},"D0F":{"t":"GLEX"},"D11":{"desc":"L1P"},"D12":{"desc":"L1P"},"D13":{"desc":"L1P"},"D14":{"t":"GLID"},"D19":{"t":"GLF4"},"D1C":{"t":"PC12"},"D1E":{"desc":"L1P"},"D1F":{"desc":"L1P"},"D20":{"t":"E300"},"D25":{"desc":"L1P"},"D26":{"t":"LJ45"},"D27":{"t":"AS65"},"D28":{"t":"C550"},"D2B":{"t":"CL60"},"D2C":{"t":"C182"},"D2D":{"t":"FA50"},"D2E":{"t":"M20T"},"D31":{"t":"BE55"},"D32":{"t":"BE40"},"D33":{"t":"T206"},"D34":{"desc":"L1P"},"D35":{"t":"C210"},"D37":{"t":"LJ55"},"D38":{"t":"C172"},"D3C":{"t":"C120"},"D3D":{"t":"T6"},"D43":{"t":"M20T"},"D44":{"t":"HUSK"},"D50":{"desc":"L1P"},"D53":{"desc":"L1P"},"D55":{"t":"BE58"},"D56":{"t":"BE20"},"D57":{"t":"C402"},"D58":{"t":"GC1"},"D59":{"t":"UH12"},"D5A":{"t":"B350"},"D5B":{"t":"ULAC"},"D5C":{"t":"SR22"},"D5F":{"desc":"L1P"},"D60":{"t":"BE36"},"D61":{"desc":"A1P"},"D63":{"t":"GLID"},"D68":{"t":"DA40"},"D6A":{"desc":"L1P"},"D6B":{"t":"SR20"},"D6E":{"desc":"L1P"},"D87":{"t":"BE35"},"D89":{"t":"BE36"},"D8A":{"desc":"L1P"},"D8B":{"t":"RV12"},"D8C":{"desc":"L1P"},"D8D":{"desc":"L2T"},"D8E":{"desc":"L2J"},"D8F":{"t":"GLID"},"D90":{"t":"SR22"},"D91":{"t":"PA32"},"D93":{"desc":"L1P"},"D97":{"t":"P28R"},"D98":{"t":"AC90"},"D99":{"t":"BE76"},"D9B":{"desc":"L1P"},"D9C":{"desc":"L1P"},"D9F":{"t":"SR22"},"DA2":{"t":"BE36"},"DA3":{"t":"E550"},"DA4":{"t":"PTS2"},"DA5":{"desc":"L1P"},"DA6":{"desc":"H4E"},"DA7":{"t":"PC12"},"DAD":{"t":"FA7X"},"DAE":{"desc":"L1P"},"DB0":{"t":"GLID"},"DB3":{"desc":"L1P"},"DB5":{"t":"BALL"},"DB6":{"desc":"L1P"},"DB9":{"t":"GLID"},"DBA":{"desc":"L1P"},"DBC":{"t":"BE35"},"DBD":{"desc":"L1P"},"DBF":{"t":"M20T"},"DC0":{"desc":"L1P"},"DC1":{"t":"ST75"},"DC2":{"desc":"A1P"},"DC4":{"desc":"L1P"},"DC5":{"desc":"L1P"},"DCA":{"t":"LJ31"},"DCC":{"t":"SR22"},"DCE":{"t":"BT36"},"DCF":{"t":"B350"},"DD2":{"t":"UH12"},"DD6":{"t":"C172"},"DDA":{"t":"GLF5"},"DEC":{"t":"B350"},"DED":{"t":"C172"},"DF0":{"t":"PAY4"},"DF3":{"desc":"L1P"},"E04":{"desc":"L1P"},"E05":{"t":"C421"},"E06":{"t":"P32R"},"E07":{"desc":"L1P"},"E08":{"t":"P28A"},"E0C":{"t":"C172"},"E0D":{"t":"J3"},"E0E":{"desc":"L1P","t":"ULAC"},"E0F":{"desc":"L1P"},"E14":{"t":"ULAC"},"E15":{"t":"PA18"},"E16":{"desc":"L1P"},"E19":{"desc":"L1P"},"E1B":{"t":"HUSK"},"E26":{"t":"L39"},"E28":{"desc":"L1P"},"E2B":{"desc":"L1P"},"E33":{"t":"L39"},"E36":{"t":"GLID"},"E47":{"desc":"A1P"},"E4D":{"desc":"L1P"},"E4F":{"t":"B06"},"E67":{"t":"T34P"},"E68":{"desc":"L1P"},"E6B":{"desc":"A8E"},"E6C":{"t":"EC25"},"E6E":{"t":"AS50"},"E75":{"t":"LJ45"},"E7A":{"t":"B738"},"E7E":{"t":"DH8C"},"E98":{"t":"FDCT"},"E99":{"t":"GLF4"},"E9B":{"t":"PA18"},"E9C":{"t":"BL8"},"E9E":{"t":"CRJ2"},"E9F":{"t":"SR22"},"EA4":{"t":"C525"},"EA9":{"t":"SR22"},"EB4":{"t":"F2TH"},"EB6":{"t":"C182"},"EB7":{"t":"GLF4"},"EC0":{"t":"C525"},"EC5":{"t":"C180"},"ECC":{"t":"A359"},"ECD":{"t":"C310"},"ECE":{"t":"EA50"},"ED0":{"t":"C82R"},"ED3":{"desc":"L2T"},"ED9":{"desc":"L1J"},"EDE":{"desc":"L1P"},"EE6":{"desc":"H1P"},"EEB":{"t":"DC10"},"EFC":{"t":"CL30"},"F06":{"t":"R44"},"F18":{"t":"R44"},"F1A":{"t":"C140"},"F1F":{"desc":"H4E"},"F26":{"t":"PA46"},"F32":{"t":"C172"},"F33":{"t":"A320"},"F35":{"desc":"L1P"},"F42":{"t":"C180"},"F43":{"t":"HDJT"},"F5A":{"t":"BALL"},"F75":{"t":"C510"},"F7D":{"t":"CH7B"},"F8A":{"t":"LJ45"},"F8B":{"t":"B738"},"F8E":{"t":"DA40"},"F99":{"t":"C172"},"FA2":{"t":"CRJ9"},"FBA":{"t":"P46T"},"FC0":{"desc":"L2T"},"FC1":{"t":"PA44"},"FD8":{"t":"C68A"},"FE0":{"t":"SBR1"},"FE7":{"t":"EA50"},"FE9":{"t":"S22T"},"FEB":{"t":"B06"},"FF0":{"t":"LJ60"},"FF4":{"desc":"L1P"},"FF9":{"desc":"L2P"},"FFC":{"t":"P28A"}}