{"003":{"t":"S76"},"005":{"t":"C172"},"007":{"t":"S76"},"009":{"t":"BE35"},"00A":{"t":"C182"},"00B":{"t":"C150"},"00C":{"t":"J3"},"00D":{"t":"BALL"},"00F":{"t":"BALL"},"013":{"t":"M20P"},"014":{"t":"BALL"},"016":{"t":"C182"},"01E":{"t":"C150"},"01F":{"t":"C150"},"020":{"t":"ST75"},"021":{"t":"C150"},"023":{"t":"C172"},"024":{"t":"C210"},"026":{"desc":"L2T"},"027":{"t":"ULAC"},"028":{"t":"PA18"},"02B":{"t":"PA22"},"02D":{"t":"C182"},"02E":{"t":"C82S"},"032":{"t":"AA5"},"035":{"t":"PA24"},"039":{"t":"ULAC"},"03A":{"t":"ULAC"},"03B":{"t":"B350"},"03E":{"t":"PA27"},"044":{"t":"C150"},"048":{"t":"C150"},"049":{"t":"FA62"},"04C":{"desc":"L1P"},"04F":{"t":"C172"},"052":{"t":"P28A"},"054":{"t":"T206"},"055":{"desc":"L1P"},"056":{"t":"S108"},"057":{"t":"BE19"},"059":{"t":"M20P"},"05A":{"t":"C172"},"05C":{"t":"C150"},"05D":{"desc":"L1P"},"063":{"t":"C150"},"065":{"t":"C150"},"066":{"t":"C150"},"067":{"desc":"L1P"},"069":{"t":"T210"},"06B":{"t":"UH1"},"06C":{"t":"C150"},"06E":{"t":"BALL"},"071":{"t":"PA22"},"072":{"t":"BE35"},"075":{"desc":"H1T","t":"B47G"},"076":{"t":"C150"},"078":{"t":"AA5"},"079":{"t":"C82S"},"07B":{"t":"C82S"},"07C":{"t":"M20P"},"07D":{"t":"C172"},"07E":{"t":"BE35"},"07F":{"t":"C150"},"087":{"t":"C150"},"08B":{"t":"T6"},"08F":{"t":"C150"},"091":{"t":"C172"},"092":{"t":"AA1"},"095":{"t":"C172"},"096":{"t":"GLID"},"098":{"t":"P28A"},"099":{"t":"C150"},"09A":{"t":"C150"},"09B":{"t":"C172"},"09C":{"t":"C172"},"09E":{"t":"C172"},"09F":{"t":"M20P"},"0A0":{"t":"C82S"},"0A1":{"t":"BE33"},"0A3":{"t":"C182"},"0A4":{"t":"BALL"},"0A5":{"t":"P28A"},"0A8":{"desc":"L1P"},"0A9":{"t":"C150"},"0AA":{"t":"FA62"},"0AB":{"t":"C150"},"0AC":{"t":"C150"},"0AD":{"t":"ST75"},"0AF":{"t":"C150"},"0B0":{"t":"ST75"},"0B1":{"desc":"L1P"},"0B3":{"desc":"L1P","t":"ULAC"},"0B4":{"t":"C172"},"0B7":{"t":"PA22"},"0B8":{"t":"BE35"},"0B9":{"t":"C182"},"0BA":{"t":"C150"},"0BB":{"t":"P28A"},"0BC":{"t":"C182"},"0BD":{"desc":"L1P"},"0BE":{"t":"AA5"},"0BF":{"t":"S108"},"0C0":{"t":"BE19"},"0C2":{"t":"M20P"},"0C5":{"t":"C150"},"0C8":{"t":"P28A"},"0CC":{"t":"C170"},"0CE":{"t":"AT3T"},"0D5":{"t":"C162"},"0D6":{"desc":"L1P"},"0DB":{"t":"B748"},"0DC":{"t":"C182"},"0DD":{"t":"C150"},"0DE":{"t":"P28R"},"0DF":{"t":"C150"},"0E3":{"t":"BE19"},"0E4":{"t":"PA24"},"0E5":{"t":"M20P"},"0E6":{"t":"C172"},"0E7":{"t":"BE33"},"0E8":{"t":"BE36"},"0F0":{"t":"AEST"},"0F1":{"t":"C150"},"0F2":{"t":"C150"},"0F8":{"t":"AT3T"},"0FA":{"t":"C172"},"0FF":{"t":"C182"},"100":{"t":"C150"},"102":{"t":"C182"},"106":{"t":"BE19"},"107":{"t":"PA24"},"108":{"t":"M20P"},"109":{"t":"AEST"},"10A":{"desc":"H2T"},"10E":{"t":"P28A"},"113":{"t":"C150"},"114":{"t":"C150"},"115":{"desc":"H1T"},"116":{"t":"C150"},"117":{"t":"C150"},"118":{"t":"ST75"},"119":{"t":"C150"},"11A":{"t":"ST75"},"11D":{"t":"BE20"},"11E":{"t":"C182"},"128":{"t":"S108"},"129":{"t":"AEST"},"12A":{"t":"P210"},"12D":{"t":"BE35"},"12E":{"desc":"H2T"},"133":{"t":"PA27"},"137":{"t":"C150"},"138":{"t":"C150"},"139":{"t":"C150"},"13A":{"desc":"L1P"},"13B":{"desc":"H1T"},"13F":{"t":"FA24"},"141":{"desc":"L1P"},"142":{"desc":"H8E"},"145":{"t":"E145"},"148":{"t":"PC12"},"14A":{"desc":"L1P"},"14C":{"t":"B752"},"14E":{"t":"HUSK"},"151":{"t":"B737"},"152":{"t":"B712"},"156":{"desc":"L1J"},"159":{"t":"BE35"},"15F":{"t":"LJ45"},"161":{"desc":"H1T"},"172":{"t":"PA46"},"173":{"desc":"L1T","t":"M600"},"178":{"t":"SBR1"},"17A":{"t":"GLF5"},"180":{"desc":"L1P"},"184":{"desc":"L1P"},"186":{"t":"GLF5"},"18A":{"t":"E75L"},"18B":{"t":"GLF4"},"18D":{"t":"C525"},"18E":{"desc":"L1P"},"197":{"t":"C82S"},"19C":{"t":"DA40"},"19D":{"t":"SR22"},"1A0":{"desc":"L1P"},"1A5":{"t":"P28A"},"1A7":{"t":"CH7A"},"1A8":{"t":"PA46"},"1BD":{"t":"HUSK"},"1C0":{"desc":"H4E"},"1C2":{"t":"MD11"},"1C6":{"t":"BE20"},"1E0":{"t":"AT6T"},"1E7":{"t":"BE58"},"1E8":{"desc":"L1P"},"1EB":{"desc":"L1P"},"1EF":{"desc":"L1P"},"204":{"desc":"L1P"},"208":{"desc":"L1P","t":"ULAC"},"20A":{"t":"A320"},"210":{"t":"RV12"},"214":{"t":"TBM7"},"21D":{"t":"P32R"},"221":{"t":"C310"},"236":{"t":"P32R"},"23B":{"desc":"L1P"},"23D":{"desc":"L1P","t":"ULAC"},"241":{"t":"SHIP"},"246":{"t":"EA50"},"24A":{"t":"CRJ9"},"24C":{"desc":"L1P"},"253":{"desc":"L1P"},"254":{"t":"P46T"},"256":{"t":"T206"},"25E":{"t":"C182"},"25F":{"desc":"L2P"},"26D":{"desc":"L2T"},"270":{"t":"P28A"},"276":{"t":"A320"},"279":{"t":"CRJ9"},"27F":{"desc":"H4E"},"283":{"t":"BALL"},"286":{"t":"DA42"},"288":{"t":"SR22"},"28D":{"t":"CL60"},"28E":{"desc":"L1P"},"291":{"t":"GLF5"},"297":{"t":"P28A"},"2AF":{"t":"C68A"},"2B7":{"desc":"L1P"},"2B9":{"desc":"L1P"},"2C0":{"t":"FA50"},"2C5":{"t":"CL30"},"2CB":{"desc":"L1P"},"2D0":{"desc":"L1P"},"2D3":{"desc":"L1P"},"2D6":{"desc":"L2P"},"2DA":{"t":"CRJ7"},"2DD":{"desc":"L1P"},"2DE":{"desc":"H2T"},"2E0":{"t":"SR22"},"2E2":{"desc":"L1T","t":"M600"},"2E6":{"desc":"L1P","t":"ULAC"},"2EC":{"t":"C208"},"2EE":{"desc":"G1P"},"2F6":{"t":"C525"},"2FE":{"desc":"H4E"},"2FF":{"t":"C56X"},"310":{"desc":"L4J"},"318":{"desc":"L2J"},"31B":{"t":"BE33"},"398":{"desc":"L1P"},"39A":{"t":"C182"},"39B":{"t":"AEST"},"39D":{"t":"BE35"},"39E":{"t":"C182"},"39F":{"t":"C150"},"3A1":{"t":"C182"},"3A3":{"t":"AA5"},"3A5":{"t":"BE23"},"3A6":{"t":"PA24"},"3A7":{"t":"M20P"},"3A8":{"t":"C172"},"3A9":{"t":"BE35"},"3AB":{"t":"GLID"},"3AD":{"t":"P28A"},"3AF":{"t":"PA27"},"3B1":{"t":"BALL"},"3B2":{"t":"C150"},"3B8":{"t":"AT5T"},"3B9":{"t":"C150"},"3BC":{"t":"C172"},"3BD":{"t":"SR22"},"3BF":{"t":"PA22"},"3C0":{"t":"BE35"},"3C1":{"t":"C182"},"3C3":{"t":"P28S"},"3C5":{"t":"C150"},"3C8":{"t":"C182"},"3C9":{"t":"PA24"},"3CA":{"t":"M20P"},"3CB":{"t":"AEST"},"3CE":{"desc":"H2T"},"3D0":{"t":"P28A"},"3D3":{"t":"AC11"},"3D4":{"t":"C180"},"3D7":{"t":"AT5T"},"3D8":{"t":"C150"},"3DA":{"t":"C150"},"3DB":{"t":"AEST"},"3E0":{"t":"C182"},"3E1":{"t":"FA62"},"3E3":{"t":"BE35"},"3E4":{"desc":"H2T"},"3E6":{"t":"J3"},"3E7":{"t":"P46T"},"3E8":{"t":"RC3"},"3E9":{"t":"AA5"},"3EB":{"t":"BE23"},"3ED":{"t":"M20P"},"3EF":{"t":"BE35"},"3F0":{"t":"C82S"},"3F2":{"t":"AEST"},"3F3":{"t":"P28A"},"3F4":{"t":"AT5T"},"3F5":{"t":"AT3T"},"3F7":{"t":"C150"},"3FC":{"t":"C150"},"3FE":{"t":"FA62"},"3FF":{"t":"AEST"},"400":{"t":"C150"},"401":{"desc":"L1P"},"402":{"t":"AEST"},"405":{"t":"PA22"},"407":{"t":"BE33"},"409":{"t":"PA32"},"40A":{"t":"AT5T"},"40C":{"t":"AA5"},"40D":{"t":"S108"},"40E":{"t":"BE23"},"40F":{"t":"PA24"},"411":{"desc":"L1P"},"412":{"t":"BE36"},"418":{"desc":"H2T"},"41D":{"t":"PA18"},"41E":{"t":"T6"},"41F":{"t":"C150"},"422":{"t":"C150"},"425":{"t":"PA46"},"426":{"t":"C182"},"429":{"desc":"H2T"},"42A":{"t":"C172"},"42D":{"t":"P46T"},"431":{"t":"BE23"},"432":{"t":"PA24"},"433":{"t":"M20P"},"434":{"t":"C172"},"435":{"t":"BE36"},"436":{"t":"C150"},"437":{"t":"BALL"},"438":{"t":"GC1"},"439":{"t":"P28A"},"43A":{"t":"BALL"},"43F":{"t":"C150"},"440":{"t":"C150"},"442":{"t":"C162"},"445":{"t":"C150"},"446":{"t":"C150"},"44A":{"t":"BALL"},"44C":{"t":"BE35"},"44D":{"t":"C182"},"44E":{"t":"C150"},"44F":{"t":"BALL"},"450":{"t":"C150"},"451":{"t":"C172"},"452":{"desc":"L1P"},"453":{"t":"T206"},"455":{"t":"PA24"},"457":{"t":"C172"},"458":{"t":"BE36"},"45B":{"desc":"L1P"},"45C":{"t":"P28A"},"45E":{"t":"PA27"},"45F":{"t":"AEST"},"460":{"t":"FA62"},"462":{"t":"P51"},"465":{"desc":"L1P"},"466":{"t":"C150"},"467":{"t":"C150"},"468":{"t":"C162"},"46B":{"t":"C172"},"46C":{"t":"C182"},"46D":{"t":"C162"},"46E":{"t":"PA22"},"470":{"t":"C182"},"471":{"t":"C150"},"473":{"t":"PTS2"},"476":{"t":"HUSK"},"47A":{"t":"C172"},"47B":{"desc":"L1P"},"47C":{"t":"C82S"},"47D":{"t":"PA46"},"481":{"t":"C82S"},"482":{"t":"C162"},"484":{"t":"C150"},"489":{"t":"C206"},"48A":{"t":"C150"},"48B":{"t":"C206"},"48C":{"t":"C150"},"48E":{"t":"C172"},"490":{"desc":"L1P"},"491":{"t":"PA22"},"493":{"t":"C162"},"496":{"t":"C182"},"497":{"t":"C150"},"499":{"t":"S108"},"49A":{"t":"BE23"},"49C":{"t":"P46T"},"49E":{"t":"BE36"},"49F":{"t":"AEST"},"4A0":{"t":"C162"},"4A2":{"t":"P28A"},"4A3":{"t":"BE9L"},"4A4":{"t":"AEST"},"4A8":{"t":"AEST"},"4A9":{"t":"C150"},"4AF":{"t":"C162"},"4B1":{"t":"C172"},"4B3":{"t":"C82R"},"4B4":{"t":"PA22"},"4BB":{"t":"AA5"},"4C0":{"t":"C172"},"4C1":{"t":"BE58"},"4C2":{"t":"C82S"},"4C5":{"t":"AT3T"},"4CA":{"t":"C150"},"4D0":{"t":"C150"},"4D1":{"t":"BALL"},"4D2":{"desc":"L1P"},"4D3":{"desc":"L1P"},"4D4":{"t":"C172"},"4D5":{"t":"C182"},"4D6":{"t":"C82R"},"4D7":{"t":"PA46"},"4D8":{"t":"C162"},"4D9":{"t":"C182"},"4DA":{"t":"BALL"},"4DC":{"t":"C150"},"4DF":{"t":"S108"},"4E1":{"t":"PA24"},"4E4":{"t":"BE55"},"4E8":{"t":"P28A"},"4EA":{"t":"PTS2"},"4EB":{"t":"PA25"},"4EC":{"t":"C150"},"4EE":{"t":"AT5T"},"4EF":{"t":"C150"},"4F0":{"desc":"L1P"},"4F1":{"t":"VALI"},"4F2":{"t":"C150"},"4F3":{"t":"C150"},"4F4":{"t":"C150"},"4F5":{"t":"VALI"},"4F7":{"t":"GLID"},"4F8":{"t":"B752"},"4F9":{"t":"LJ45"},"4FA":{"t":"P28A"},"4FC":{"t":"SR22"},"4FE":{"t":"AT8T"},"503":{"desc":"L1P"},"505":{"desc":"L1P"},"509":{"t":"B712"},"50D":{"desc":"L1J"},"510":{"t":"BE35"},"512":{"desc":"L1P","t":"ULAC"},"513":{"t":"C560"},"517":{"t":"GLF3"},"520":{"t":"SR20"},"52D":{"t":"SR22"},"52E":{"t":"C560"},"52F":{"t":"A119"},"531":{"t":"GLF4"},"534":{"t":"GLF5"},"537":{"desc":"L1P"},"53B":{"t":"C560"},"53E":{"t":"PRM1"},"542":{"t":"GLF4"},"543":{"t":"B752"},"544":{"t":"C525"},"545":{"t":"ASTR"},"546":{"t":"ULAC"},"548":{"desc":"L1P"},"54B":{"desc":"L1P"},"54D":{"t":"C172"},"54E":{"desc":"L1P"},"553":{"t":"DA40"},"55C":{"t":"C152"},"55D":{"t":"BE36"},"55F":{"desc":"H4E"},"56B":{"t":"C172"},"576":{"t":"BE9L"},"578":{"t":"T210"},"579":{"t":"MD11"},"57B":{"t":"C182"},"580":{"t":"C152"},"584":{"t":"S22T"},"586":{"t":"P28A"},"587":{"desc":"L1P"},"58D":{"t":"P28A"},"58F":{"t":"R44"},"59F":{"desc":"L1P"},"5AC":{"t":"AS50"},"5AD":{"t":"RV12"},"5B6":{"t":"R44"},"5BF":{"desc":"L1P"},"5C1":{"t":"A320"},"5CF":{"t":"C56X"},"5F2":{"t":"AT5T"},"5F3":{"t":"BALL"},"5F5":{"t":"C180"},"5F6":{"t":"P28B"},"5FD":{"t":"E145"},"60A":{"desc":"L1P"},"60B":{"desc":"L1P"},"60C":{"t":"C56X"},"60D":{"t":"T206"},"616":{"t":"C525"},"623":{"t":"WACO"},"627":{"t":"C172"},"62D":{"t":"A320"},"630":{"t":"CRJ9"},"63D":{"t":"AT6T"},"63E":{"t":"C208"},"648":{"t":"GLF4"},"655":{"t":"BE35"},"666":{"t":"C68A"},"66F":{"t":"B06"},"676":{"t":"AT5T"},"67C":{"t":"CL30"},"687":{"desc":"L1P"},"689":{"desc":"L1P"},"68A":{"t":"SHIP"},"68B":{"t":"UH1"},"68E":{"t":"C25B"},"68F":{"t":"C182"},"690":{"t":"BALL"},"691":{"t":"CRJ7"},"692":{"desc":"L1E"},"693":{"t":"PC12"},"697":{"t":"SR22"},"6A0":{"t":"AS50"},"6AC":{"t":"PA32"},"6B1":{"desc":"L1P"},"6B3":{"desc":"H6E"},"6B9":{"t":"G164"},"6C7":{"desc":"L4J"},"6CE":{"desc":"H2T"},"6CF":{"desc":"L2J"},"6D2":{"t":"BE33"},"6E3":{"desc":"L1P"},"6ED":{"t":"GLF5"},"6F7":{"t":"EC35"},"704":{"desc":"L1P"},"70F":{"desc":"L1P"},"72C":{"desc":"H4E"},"740":{"desc":"H4E"},"74F":{"desc":"L2P"},"757":{"t":"P28A"},"758":{"t":"C150"},"75A":{"t":"AA5"},"75B":{"desc":"L1P"},"75C":{"t":"BE23"},"75E":{"t":"M20P"},"75F":{"t":"AS50"},"765":{"t":"BALL"},"768":{"t":"C150"},"76D":{"t":"PT22"},"770":{"t":"C150"},"771":{"t":"C182"},"774":{"desc":"L1P"},"775":{"t":"C82R"},"777":{"t":"P46T"},"778":{"t":"AC11"},"779":{"t":"AEST"},"77A":{"t":"P28A"},"77B":{"t":"BALL"},"77F":{"t":"BE23"},"781":{"t":"AT3T"},"782":{"t":"C172"},"783":{"t":"BE55"},"784":{"t":"BALL"},"785":{"t":"PTS2"},"788":{"t":"AEST"},"78B":{"t":"ST75"},"78D":{"t":"ST75"},"78F":{"t":"C162"},"793":{"t":"C150"},"795":{"desc":"L2P"},"798":{"desc":"L1P"},"79B":{"t":"AT3T"},"79C":{"t":"C150"},"79F":{"t":"C150"},"7A1":{"t":"S108"},"7A2":{"t":"BE23"},"7A3":{"t":"AT5T"},"7A4":{"t":"M20P"},"7A5":{"t":"AEST"},"7A6":{"t":"BE55"},"7A8":{"t":"PTS2"},"7A9":{"desc":"L1P","t":"LA4"},"7AB":{"desc":"L1P"},"7AC":{"t":"AT3T"},"7AF":{"t":"ST75"},"7B0":{"t":"C150"},"7B1":{"t":"PTS2"},"7B3":{"t":"C150"},"7B5":{"t":"PTS2"},"7B8":{"desc":"L1P"},"7B9":{"t":"PA18"},"7BA":{"t":"T210"},"7BB":{"t":"BALL"},"7BD":{"t":"BE35"},"7BE":{"t":"C182"},"7BF":{"t":"AT5T"},"7C0":{"t":"P28R"},"7C1":{"t":"C172"},"7C3":{"t":"AA5"},"7C7":{"t":"M20P"},"7C8":{"t":"C172"},"7CB":{"t":"HUSK"},"7CC":{"t":"C72R"},"7D1":{"t":"C150"},"7D2":{"t":"C150"},"7D3":{"t":"C150"},"7D4":{"t":"T6"},"7D6":{"t":"C150"},"7D7":{"t":"C150"},"7D9":{"t":"T206"},"7DB":{"desc":"L1P"},"7DD":{"t":"T210"},"7DE":{"t":"PA44"},"7DF":{"t":"PA22"},"7E0":{"t":"BE35"},"7E1":{"t":"CJ6"},"7E4":{"t":"C150"},"7E5":{"t":"AT6T"},"7E6":{"t":"AA5"},"7E7":{"t":"C152"},"7E8":{"t":"BE23"},"7EA":{"t":"M20P"},"7EB":{"t":"C172"},"7EC":{"t":"BE55"},"7ED":{"t":"C150"},"7EF":{"t":"CH7A"},"7F0":{"t":"AS50"},"7F8":{"t":"C185"},"7FD":{"t":"CJ6"},"7FE":{"desc":"L1P"},"802":{"desc":"L1P","t":"ULAC"},"803":{"desc":"L1P"},"806":{"t":"J3"},"809":{"t":"AA5"},"80A":{"t":"C152"},"80B":{"t":"BE23"},"80F":{"t":"HUSK"},"810":{"t":"C150"},"812":{"t":"CH7A"},"814":{"t":"M20P"},"815":{"t":"PA27"},"816":{"t":"PA46"},"817":{"desc":"L1P"},"81C":{"t":"C150"},"822":{"t":"C172"},"823":{"t":"PA46"},"827":{"t":"C182"},"828":{"t":"C172"},"82A":{"t":"C182"},"82B":{"desc":"L1P"},"82E":{"desc":"L1P"},"831":{"desc":"L1P"},"832":{"t":"C82R"},"833":{"t":"C150"},"834":{"t":"HUSK"},"836":{"t":"P28A"},"83A":{"t":"C150"},"83B":{"t":"C150"},"83E":{"t":"BE58"},"83F":{"t":"C150"},"845":{"t":"C172"},"846":{"t":"C182"},"847":{"t":"AS50"},"848":{"t":"AT5T"},"849":{"t":"PTS2"},"84A":{"t":"C182"},"84D":{"t":"C150"},"84F":{"t":"AA5"},"850":{"t":"S108"},"852":{"t":"PA24"},"853":{"t":"M20P"},"854":{"t":"C172"},"855":{"t":"BE36"},"856":{"t":"C150"},"857":{"t":"HUSK"},"85D":{"t":"C150"},"85E":{"t":"C185"},"862":{"t":"C150"},"864":{"t":"AT5T"},"865":{"t":"C150"},"868":{"t":"C172"},"869":{"t":"AS50"},"86B":{"t":"PA22"},"86C":{"t":"C182"},"86D":{"t":"AC11"},"86E":{"t":"C150"},"86F":{"t":"C152"},"871":{"t":"AT5T"},"872":{"t":"AA5"},"875":{"t":"P210"},"876":{"t":"M20P"},"877":{"t":"C172"},"87A":{"t":"HUSK"},"87E":{"t":"BALL"},"880":{"t":"C150"},"883":{"t":"C150"},"884":{"t":"C150"},"888":{"t":"C150"},"889":{"t":"C150"},"88B":{"desc":"A1P"},"88C":{"t":"C182"},"88D":{"t":"C82R"},"88E":{"t":"PA22"},"892":{"t":"P28S"},"894":{"t":"C172"},"896":{"t":"C152"},"898":{"t":"PA24"},"899":{"t":"M20P"},"89A":{"t":"C172"},"89B":{"t":"BE33"},"89D":{"t":"PTS2"},"89F":{"t":"P28A"},"8A0":{"desc":"L1P"},"8A1":{"t":"PA27"},"8A3":{"desc":"L1P"},"8A5":{"t":"C150"},"8A8":{"t":"C150"},"8AC":{"t":"C150"},"8AE":{"desc":"L1P"},"8AF":{"t":"B752"},"8B3":{"t":"SR22"},"8BF":{"t":"B737"},"8C0":{"t":"AT6T"},"8C4":{"desc":"L1J"},"8CA":{"desc":"L1P","t":"ULAC"},"8CE":{"t":"B350"},"8D0":{"desc":"L1P"},"8D8":{"desc":"L1E"},"8DC":{"desc":"L1P"},"8E0":{"t":"SR22"},"8E1":{"t":"DA40"},"8E4":{"t":"SR22"},"8E6":{"t":"A119"},"8EE":{"desc":"L1P"},"8F1":{"desc":"L1P"},"8F2":{"t":"SR20"},"8FA":{"t":"SR20"},"8FD":{"t":"M6"},"905":{"desc":"L1P"},"907":{"t":"E145"},"90A":{"t":"C303"},"914":{"desc":"H4E"},"930":{"t":"MD11"},"934":{"t":"C172"},"93D":{"t":"P28A"},"944":{"t":"BE58"},"952":{"desc":"L1P"},"964":{"t":"BALL"},"96E":{"t":"SS2T"},"975":{"desc":"L1P"},"977":{"desc":"L1P","t":"ULAC"},"978":{"desc":"L1P","t":"ULAC"},"986":{"t":"C551"},"996":{"t":"SR22"},"9A6":{"t":"C172"},"9AA":{"t":"BALL"},"9B0":{"desc":"H2T"},"9B9":{"t":"F2TH"},"9C0":{"desc":"L1P"},"9C2":{"t":"PA34"},"9C3":{"desc":"L1T"},"9C6":{"desc":"L1P"},"9C8":{"desc":"H1P"},"9C9":{"t":"P180"},"9CA":{"desc":"L1P","t":"ULAC"},"9CB":{"t":"AS50"},"9D1":{"t":"SR22"},"9DA":{"desc":"L1P"},"9DE":{"t":"P28A"},"9E4":{"t":"A320"},"9E7":{"t":"CRJ9"},"9F4":{"desc":"H2T"},"9F6":{"t":"C182"},"9FB":{"desc":"H2T"},"9FF":{"t":"GLF5"},"A1D":{"t":"C56X"},"A27":{"t":"H25B"},"A28":{"t":"H25B"},"A30":{"t":"T210"},"A33":{"desc":"H1T"},"A36":{"t":"COL4"},"A39":{"desc":"L1P"},"A3E":{"t":"SR22"},"A42":{"desc":"L1P"},"A44":{"desc":"G1P"},"A47":{"t":"RV12"},"A48":{"t":"CRJ7"},"A49":{"desc":"L1E"},"A4A":{"t":"C525"},"A53":{"t":"B733"},"A67":{"desc":"H2T"},"A68":{"t":"CL60"},"A6D":{"t":"AS50"},"A7E":{"desc":"L4J"},"A86":{"desc":"L2J"},"A89":{"t":"BE33"},"A97":{"desc":"H4E"},"AA3":{"desc":"L1P"},"AA5":{"desc":"L1P"},"AB0":{"desc":"H4E"},"AED":{"desc":"L1P"},"AEE":{"desc":"H4E"},"B07":{"t":"C172"},"B08":{"desc":"L1P"},"B0A":{"t":"PA18"},"B0E":{"t":"J3"},"B11":{"t":"AA5"},"B12":{"desc":"L1P"},"B14":{"t":"PA24"},"B16":{"t":"C172"},"B1A":{"t":"C72R"},"B1C":{"t":"M20P"},"B1F":{"t":"C162"},"B20":{"desc":"H1T"},"B22":{"t":"C150"},"B2A":{"t":"C172"},"B2B":{"t":"C182"},"B2C":{"desc":"L1P"},"B2D":{"t":"C172"},"B30":{"t":"C150"},"B33":{"t":"BALL"},"B34":{"t":"AA5"},"B35":{"desc":"L1P"},"B38":{"t":"M20P"},"B3A":{"t":"BE36"},"B3B":{"t":"C150"},"B3D":{"t":"C72R"},"B3E":{"t":"P28A"},"B44":{"t":"C150"},"B46":{"t":"BALL"},"B48":{"t":"C150"},"B4B":{"t":"C150"},"B4C":{"desc":"L1P"},"B4E":{"t":"C182"},"B50":{"t":"PA18"},"B51":{"t":"BE35"},"B52":{"t":"C172"},"B53":{"t":"C150"},"B54":{"t":"J3"},"B55":{"t":"BALL"},"B56":{"t":"BALL"},"B58":{"t":"C152"},"B5B":{"t":"C162"},"B5C":{"t":"C172"},"B5D":{"t":"BE35"},"B5E":{"t":"C150"},"B60":{"t":"C72R"},"B61":{"t":"P28A"},"B63":{"t":"PA27"},"B6B":{"t":"C150"},"B6F":{"desc":"L1P"},"B70":{"t":"C172"},"B72":{"t":"CH7A"},"B74":{"t":"PA46"},"B75":{"t":"C182"},"B76":{"t":"C150"},"B77":{"t":"P32R"},"B78":{"t":"C172"},"B79":{"t":"AS50"},"B7B":{"t":"S108"},"B7C":{"t":"BALL"},"B7E":{"t":"BALL"},"B7F":{"t":"BALL"},"B80":{"t":"BE35"},"B81":{"desc":"H1P"},"B84":{"t":"P28A"},"B88":{"t":"C150"},"B8A":{"desc":"H1P"},"B90":{"t":"C150"},"B92":{"desc":"L1P"},"B93":{"t":"C172"},"B94":{"t":"T210"},"B96":{"t":"PA18"},"B97":{"desc":"H1T"},"B98":{"t":"C172"},"B9A":{"t":"AS50"},"B9B":{"t":"C150"},"B9C":{"t":"C150"},"B9E":{"t":"S108"},"B9F":{"t":"BE24"},"BA1":{"t":"M20P"},"BA2":{"t":"BE23"},"BA3":{"desc":"H1T"},"BA5":{"t":"AS50"},"BAB":{"t":"C150"},"BAC":{"t":"C150"},"BAE":{"t":"C150"},"BAF":{"t":"C150"},"BB0":{"t":"C185"},"BB6":{"t":"AC11"},"BBA":{"t":"C185"},"BBB":{"t":"C182"},"BBD":{"t":"J3"},"BBE":{"t":"C150"},"BC4":{"t":"J3"},"BC5":{"t":"C172"},"BC6":{"t":"P28A"},"BC8":{"t":"AS50"},"BC9":{"t":"C170"},"BCB":{"t":"AC11"},"BCD":{"t":"AC11"},"BCE":{"t":"C150"},"BD1":{"t":"BALL"},"BD3":{"t":"ST75"},"BD4":{"t":"C185"},"BD7":{"t":"C150"},"BDD":{"t":"BE35"},"BDE":{"t":"CH7A"},"BDF":{"t":"C150"},"BE0":{"t":"J3"},"BE1":{"t":"C150"},"BE3":{"t":"AA5"},"BE4":{"t":"S108"},"BE5":{"desc":"L1P"},"BE7":{"t":"ULAC"},"BE8":{"desc":"H1T"},"BE9":{"t":"BE58"},"BEC":{"desc":"L1P","t":"LA4"},"BEF":{"desc":"L1P"},"BF0":{"t":"P28A"},"BF2":{"t":"ST75"},"BF3":{"t":"C150"},"BF4":{"t":"AC11"},"BF6":{"t":"ST75"},"BF9":{"t":"C150"},"BFA":{"t":"C185"},"BFB":{"desc":"L1P"},"BFC":{"desc":"L1P"},"BFD":{"t":"C182"},"BFE":{"t":"AT5T"},"BFF":{"t":"PA18"},"C00":{"t":"BE35"},"C02":{"t":"C172"},"C03":{"t":"BALL"},"C04":{"desc":"L1P"},"C05":{"desc":"A1P"},"C06":{"t":"AA5"},"C07":{"t":"C152"},"C09":{"t":"PA24"},"C0B":{"t":"C172"},"C0C":{"t":"BE36"},"C0D":{"t":"C82T"},"C0F":{"t":"AT5T"},"C10":{"t":"P28A"},"C14":{"t":"C150"},"C16":{"t":"CJ6"},"C1B":{"desc":"L1P"},"C1F":{"t":"C180"},"C20":{"t":"C182"},"C22":{"t":"C172"},"C23":{"t":"PA46"},"C27":{"t":"C150"},"C29":{"desc":"L1P"},"C2A":{"t":"S108"},"C2B":{"t":"BE19"},"C2C":{"t":"BALL"},"C30":{"desc":"H2T"},"C31":{"t":"AS50"},"C34":{"t":"C310"},"C39":{"t":"C150"},"C3A":{"t":"C150"},"C3B":{"t":"BALL"},"C3D":{"t":"C82S"},"C3F":{"t":"C150"},"C42":{"t":"C172"},"C43":{"t":"C182"},"C44":{"desc":"L1P"},"C47":{"t":"C182"},"C49":{"t":"J3"},"C4A":{"t":"C150"},"C4D":{"t":"S108"},"C4F":{"t":"PA46"},"C50":{"t":"M20P"},"C53":{"desc":"L1T"},"C55":{"desc":"L1P"},"C56":{"t":"P210"},"C57":{"t":"M20P"},"C59":{"t":"SR22"},"C5F":{"t":"C150"},"C62":{"t":"AT3T"},"C65":{"t":"C337"},"C66":{"desc":"H1T","t":"H60"},"C67":{"desc":"L1P"},"C68":{"t":"ULAC"},"C69":{"desc":"L1P"},"C6C":{"t":"GLID"},"C6D":{"t":"HUSK"},"C6E":{"t":"C421"},"C6F":{"desc":"L1P"},"C70":{"t":"CH7A"},"C71":{"t":"AEST"},"C73":{"t":"BE20"},"C77":{"desc":"L1P"},"C7A":{"desc":"L1P"},"C7B":{"desc":"L1P"},"C7C":{"t":"BE20"},"C7F":{"desc":"L2T"},"C80":{"t":"PA30"},"C82":{"t":"BL8"},"C84":{"desc":"L1P"},"C89":{"t":"P28T"},"C8A":{"desc":"L1P"},"C8D":{"t":"T210"},"C8E":{"t":"GLID"},"C8F":{"t":"BT36"},"C90":{"desc":"L1P"},"C93":{"desc":"L1P"},"C94":{"t":"C82S"},"C98":{"t":"P28A"},"C99":{"t":"S22T"},"C9B":{"t":"SR20"},"C9C":{"t":"C182"},"C9D":{"desc":"L1P","t":"ULAC"},"CA0":{"t":"CJ6"},"CA1":{"desc":"A1P"},"CA2":{"t":"B06"},"CA3":{"t":"C182"},"CA5":{"t":"SR22"},"CA8":{"t":"C550"},"CA9":{"t":"BALL"},"CAB":{"t":"AS50"},"CAE":{"desc":"L1P"},"CAF":{"t":"S22T"},"CB1":{"t":"CH7A"},"CB2":{"t":"BE35"},"CB3":{"desc":"L1P"},"CB4":{"t":"C340"},"CB5":{"t":"PA32"},"CB7":{"desc":"L1P"},"CB9":{"t":"S76"},"CBA":{"desc":"L1P"},"CBD":{"t":"BE20"},"CBE":{"t":"PA34"},"CC0":{"desc":"L1P"},"CC1":{"t":"C310"},"CC2":{"t":"EA50"},"CC4":{"desc":"L1P"},"CC5":{"t":"T206"},"CC6":{"desc":"L1P"},"CCC":{"t":"C185"},"CCD":{"desc":"L1P"},"CCE":{"t":"BE33"},"CCF":{"desc":"L1P"},"CD0":{"desc":"L1P"},"CD4":{"t":"C182"},"CD7":{"t":"DA42"},"CD9":{"desc":"L1P"},"CDA":{"t":"BE55"},"CDB":{"desc":"L1P"},"CDE":{"t":"SR20"},"CDF":{"t":"BALL"},"CE1":{"desc":"L1P"},"CE3":{"t":"S22T"},"CE6":{"desc":"L1P"},"CE8":{"t":"CL60"},"CEA":{"t":"PA34"},"CED":{"t":"PA46"},"CEE":{"desc":"H2T"},"CF2":{"t":"BE35"},"CF3":{"desc":"L1P"},"CFB":{"desc":"L1P"},"CFC":{"t":"C172"},"CFD":{"t":"BE40"},"CFF":{"t":"LJ60"},"D00":{"t":"SR22"},"D02":{"t":"EN28"},"D04":{"desc":"L2T"},"D05":{"t":"C560"},"D06":{"desc":"L1P"},"D07":{"t":"BE35"},"D08":{"t":"BE9L"},"D09":{"t":"ST75"},"D0A":{"desc":"L1P"},"D0B":{"t":"B06"},"D0C":{"t":"C152"},"D0D":{"t":"SR22"},"D10":{"desc":"L1P"},"D16":{"t":"PA34"},"D1A":{"t":"EA50"},"D1C":{"t":"C510"},"D1F":{"desc":"H1T"},"D20":{"t":"BE35"},"D22":{"desc":"L1P"},"D23":{"t":"H25B"},"D24":{"desc":"A1P"},"D25":{"t":"C182"},"D26":{"t":"C550"},"D2B":{"t":"HUSK"},"D2E":{"desc":"L1P"},"D2F":{"desc":"L2T"},"D30":{"t":"BE35"},"D31":{"t":"C68A"},"D32":{"t":"F2TH"},"D33":{"desc":"L1P"},"D34":{"t":"CH7A"},"D35":{"t":"R22"},"D36":{"t":"GLID"},"D38":{"t":"BE35"},"D39":{"t":"SR22"},"D3B":{"t":"ST75"},"D3D":{"t":"C182"},"D3E":{"t":"SR22"},"D41":{"t":"C421"},"D42":{"t":"P32R"},"D47":{"t":"B350"},"D48":{"t":"PA31"},"D4C":{"desc":"L1P"},"D4D":{"t":"R44"},"D4E":{"t":"B06"},"D4F":{"t":"B06"},"D51":{"t":"GLID"},"D52":{"t":"DA40"},"D57":{"t":"WACC"},"D58":{"desc":"L1P","t":"C680"},"D5B":{"desc":"L1P"},"D5F":{"t":"C180"},"D61":{"desc":"L1P"},"D62":{"desc":"L1P","t":"ULAC"},"D63":{"desc":"L1P"},"D66":{"desc":"L1P"},"D67":{"t":"DA40"},"D68":{"desc":"L1P"},"D6A":{"desc":"L1P"},"D6B":{"t":"PA34"},"D6D":{"t":"BE36"},"D6F":{"desc":"L1P"},"D71":{"desc":"L1P"},"D73":{"t":"C172"},"D74":{"t":"BE33"},"D75":{"t":"BE33"},"D78":{"t":"AEST"},"D7A":{"desc":"L1P"},"D7C":{"desc":"H1T","t":"AS65"},"D7D":{"desc":"L1P"},"D7E":{"t":"T210"},"D7F":{"t":"PA27"},"D80":{"t":"T6"},"D81":{"t":"H269"},"D83":{"desc":"L1P"},"D84":{"t":"R44"},"D85":{"t":"E550"},"D88":{"t":"C510"},"D89":{"desc":"L1P"},"D8A":{"desc":"A1P"},"D8D":{"t":"C310"},"D8E":{"t":"R44"},"D91":{"desc":"L1P"},"D94":{"t":"PA27"},"D97":{"t":"HUSK"},"D99":{"t":"S61"},"DA1":{"t":"B06"},"DA6":{"t":"S61"},"DA7":{"desc":"L1P"},"DAA":{"t":"ST75"},"DAC":{"t":"CH7A"},"DB2":{"t":"B06"},"DB3":{"desc":"H1P"},"DB4":{"t":"GC1"},"DB5":{"t":"AEST"},"DB6":{"desc":"L1P"},"DBA":{"desc":"L1P"},"DBB":{"t":"PTS2"},"DBC":{"t":"C206"},"DBF":{"desc":"L1P"},"DC2":{"t":"BE58"},"DC3":{"t":"U21"},"DC6":{"desc":"L1P"},"DDC":{"desc":"L1P"},"DDE":{"t":"C210"},"DE0":{"desc":"A1P"},"DE1":{"t":"CH7B"},"DE2":{"desc":"L1P"},"DE3":{"t":"AEST"},"DE6":{"t":"AS50"},"DE8":{"desc":"L1P"},"DEA":{"t":"BE35"},"DEC":{"t":"T206"},"DF0":{"desc":"L1P"},"DF1":{"t":"C320"},"DF2":{"t":"AS50"},"DF5":{"desc":"L1P"},"DF6":{"t":"SR22"},"DF8":{"desc":"L1P"},"DF9":{"t":"B47G"},"DFA":{"t":"CH7B"},"DFC":{"t":"C525"},"DFE":{"t":"LJ55"},"E00":{"desc":"L1P"},"E01":{"t":"BE36"},"E03":{"t":"UH1"},"E04":{"t":"ULAC"},"E05":{"t":"M7"},"E07":{"desc":"L1P"},"E0A":{"t":"TBM7"},"E0E":{"t":"SF50"},"E0F":{"t":"P28A"},"E12":{"desc":"L1P"},"E14":{"t":"CL30"},"E18":{"desc":"L1P"},"E1B":{"desc":"L2P"},"E1C":{"t":"PA22"},"E20":{"t":"BE33"},"E25":{"t":"C525"},"E27":{"t":"PA30"},"E2A":{"t":"B190"},"E35":{"t":"EC45"},"E38":{"t":"C182"},"E40":{"t":"ST75"},"E41":{"t":"C82T"},"E42":{"desc":"L1P"},"E43":{"t":"BE40"},"E47":{"desc":"L1P"},"E4B":{"desc":"L1P"},"E4C":{"t":"RV12"},"E51":{"t":"EC35"},"E55":{"t":"LJ31"},"E59":{"t":"ST75"},"E5A":{"t":"S22T"},"E5C":{"t":"P180"},"E5D":{"desc":"L1P"},"E5F":{"t":"LJ60"},"E61":{"t":"E300"},"E64":{"t":"AS50"},"E65":{"t":"P32T"},"E69":{"t":"DV20"},"E6A":{"t":"GLF4"},"E6B":{"t":"C172"},"E6E":{"t":"C340"},"E70":{"t":"HUSK"},"E71":{"t":"GLF5"},"E74":{"desc":"L1P"},"E75":{"t":"GLID"},"E7D":{"t":"C56X"},"E80":{"t":"BE20"},"E88":{"t":"L39"},"E8B":{"t":"C182"},"E98":{"t":"M20P"},"E99":{"t":"C525"},"EA6":{"desc":"L1P"},"EA9":{"desc":"L1P"},"EB2":{"t":"SR22"},"EBD":{"t":"NAVI"},"EBE":{"t":"B350"},"EC0":{"t":"GLF3"},"EC2":{"t":"M6"},"EC3":{"t":"E145"},"EC4":{"desc":"H1P"},"EC5":{"t":"C206"},"EC6":{"t":"AS50"},"EC8":{"t":"C310"},"ECA":{"t":"C172"},"ED0":{"desc":"L1T","t":"TEX2"},"ED3":{"t":"GLEX"},"ED4":{"desc":"L1J"},"ED8":{"t":"C208"},"EDA":{"t":"COL4"},"EDB":{"t":"C501"},"EE3":{"t":"ULAC"},"EE4":{"desc":"L1P"},"EE8":{"desc":"L1P"},"EEC":{"desc":"L2P"},"EF0":{"t":"S108"},"EF2":{"t":"C550"},"EF3":{"t":"P28A"},"EF4":{"t":"SR22"},"EF6":{"t":"S22T"},"EF7":{"t":"CL30"},"EF9":{"t":"C25B"},"EFB":{"t":"C525"},"EFC":{"desc":"L1P"},"EFE":{"desc":"L1P"},"F00":{"t":"LJ60"},"F02":{"t":"BE58"},"F06":{"t":"GLEX"},"F08":{"t":"E75L"},"F0B":{"t":"C82S"},"F12":{"desc":"L1P"},"F17":{"t":"G280"},"F22":{"desc":"L1P"},"F23":{"t":"BE55"},"F2D":{"desc":"L1P"},"F30":{"t":"E55P"},"F32":{"t":"C172"},"F33":{"t":"H500"},"F40":{"t":"MD11"},"F46":{"t":"P28A"},"F49":{"t":"LJ60"},"F54":{"t":"B752"},"F56":{"t":"S22T"},"F58":{"t":"C560"},"F5B":{"t":"C501"},"F5C":{"t":"PC12"},"F64":{"t":"C750"},"F69":{"t":"GLF4"},"F6D":{"desc":"L1P","t":"ULAC"},"F70":{"t":"C750"},"F71":{"desc":"H8E"},"F79":{"t":"C182"},"F7B":{"t":"C72R"},"F7D":{"t":"SR22"},"F86":{"desc":"L1P"},"F89":{"t":"C550"},"F8E":{"desc":"L1P"},"F96":{"t":"LJ55"},"F9F":{"desc":"L1P","t":"ULAC"},"FA2":{"t":"T210"},"FA6":{"t":"BE35"},"FB8":{"t":"CL60"},"FB9":{"t":"C208"},"FBA":{"t":"P32R"},"FC1":{"t":"LJ35"},"FC3":{"t":"BE9L"},"FC9":{"t":"CL30"},"FD1":{"desc":"L1P"},"FD2":{"t":"PA32"},"FD6":{"desc":"L1P"},"FDF":{"t":"R44"},"FE3":{"t":"M20P"},"FE5":{"t":"C182"},"FEA":{"t":"WACO"},"FEE":{"t":"P28A"},"FF7":{"t":"CRJ9"}}