{"005":{"desc":"A1P"},"00A":{"t":"C25B"},"014":{"desc":"L1P","t":"ULAC"},"015":{"t":"C510"},"018":{"t":"EA50"},"01C":{"t":"BE35"},"02D":{"t":"C68A"},"032":{"t":"CRJ7"},"038":{"t":"C310"},"039":{"desc":"H1P"},"03C":{"desc":"L1P"},"040":{"t":"F900"},"043":{"desc":"L1P","t":"ULAC"},"046":{"t":"C560"},"047":{"t":"C750"},"049":{"desc":"L1P"},"04A":{"t":"C750"},"04C":{"desc":"L1P"},"04E":{"desc":"L1P"},"055":{"t":"BE9L"},"056":{"t":"P28A"},"058":{"t":"SHIP"},"05A":{"t":"ASTR"},"05B":{"t":"F2TH"},"05C":{"t":"C172"},"05E":{"desc":"A1P","t":"ULAC"},"060":{"desc":"L1P"},"063":{"t":"GLEX"},"067":{"desc":"L1P"},"068":{"t":"BE20"},"06A":{"t":"BE36"},"06C":{"desc":"L1P"},"075":{"t":"B06"},"07C":{"desc":"L1P"},"07D":{"t":"C56X"},"08E":{"desc":"L4J"},"096":{"desc":"L2J"},"099":{"t":"BE33"},"09C":{"desc":"L2P"},"0AB":{"desc":"H6E"},"0B0":{"desc":"L9E"},"0B2":{"t":"C310"},"0B5":{"desc":"H4E"},"0B8":{"desc":"L1T","t":"M600"},"0BF":{"t":"B733"},"0C7":{"desc":"H1T"},"0CB":{"desc":"H1P"},"116":{"t":"EA50"},"118":{"t":"C210"},"119":{"desc":"L2P"},"11A":{"t":"PA22"},"11C":{"t":"C210"},"11D":{"t":"C150"},"11E":{"t":"J3"},"11F":{"t":"P28A"},"120":{"t":"C162"},"122":{"t":"S108"},"124":{"t":"PA24"},"129":{"t":"BALL"},"12A":{"t":"BE35"},"12D":{"t":"T210"},"130":{"t":"C150"},"134":{"t":"PT22"},"136":{"t":"BALL"},"138":{"t":"C150"},"13A":{"t":"BALL"},"13B":{"t":"C182"},"13C":{"t":"BALL"},"13D":{"t":"PA22"},"13E":{"t":"C172"},"140":{"t":"P46T"},"142":{"t":"T206"},"144":{"t":"AA1"},"145":{"t":"M6"},"147":{"t":"PA24"},"14D":{"t":"BE33"},"14E":{"t":"P28A"},"150":{"t":"BALL"},"152":{"t":"C150"},"153":{"t":"P28R"},"154":{"t":"FA62"},"15A":{"t":"BE24"},"15B":{"t":"C150"},"15D":{"t":"PA18"},"15F":{"t":"BALL"},"161":{"t":"BALL"},"164":{"t":"C152"},"166":{"t":"RC3"},"167":{"t":"BALL"},"168":{"desc":"L1P"},"16A":{"t":"PA24"},"16C":{"t":"C72R"},"16F":{"t":"AT5T"},"170":{"t":"BE33"},"171":{"t":"P210"},"174":{"t":"AT5T"},"175":{"t":"C150"},"176":{"t":"TAYD"},"17A":{"t":"C185"},"17B":{"t":"C150"},"17D":{"t":"C150"},"180":{"t":"PA18"},"184":{"t":"C172"},"186":{"t":"PA46"},"187":{"t":"J3"},"188":{"t":"P28B"},"18C":{"desc":"L1P"},"18F":{"t":"T210"},"190":{"t":"C82R"},"191":{"t":"C150"},"193":{"t":"BE33"},"195":{"t":"AS50"},"196":{"t":"SR22"},"198":{"t":"C150"},"199":{"t":"C150"},"19B":{"t":"C150"},"1A0":{"t":"C150"},"1A2":{"t":"GLID"},"1A5":{"t":"BALL"},"1A6":{"t":"PA22"},"1A8":{"desc":"L1P"},"1A9":{"desc":"H4E"},"1AD":{"t":"AA1"},"1B0":{"t":"PA24"},"1B1":{"t":"C152"},"1B5":{"t":"T210"},"1B8":{"t":"C310"},"1BB":{"t":"BALL"},"1BC":{"t":"C150"},"1C3":{"t":"ULAC"},"1C5":{"desc":"L1P"},"1C8":{"t":"BE33"},"1C9":{"t":"P46T"},"1CA":{"t":"PA46"},"1CB":{"t":"C210"},"1CD":{"t":"J3"},"1CE":{"t":"T206"},"1D1":{"t":"S108"},"1D4":{"t":"C152"},"1D6":{"t":"C82R"},"1D8":{"t":"AC11"},"1D9":{"t":"C72R"},"1DA":{"t":"P28A"},"1DB":{"t":"SR22"},"1DC":{"t":"AT5T"},"1DF":{"t":"C150"},"1E0":{"t":"C150"},"1E3":{"t":"C150"},"1E5":{"t":"C150"},"1E7":{"t":"C162"},"1E8":{"desc":"L1P"},"1E9":{"t":"M5"},"1EA":{"t":"C182"},"1EB":{"t":"SR22"},"1ED":{"t":"C172"},"1EE":{"t":"C162"},"1EF":{"t":"C162"},"1F6":{"t":"PA24"},"1F7":{"t":"C152"},"1F8":{"t":"T210"},"1F9":{"t":"AC11"},"1FB":{"t":"AT3P"},"1FC":{"t":"BE35"},"1FE":{"desc":"L2P"},"1FF":{"t":"M7"},"200":{"t":"PA25"},"202":{"t":"C150"},"203":{"t":"C150"},"204":{"desc":"L1P"},"205":{"t":"C150"},"208":{"t":"C150"},"20B":{"desc":"L1P"},"20C":{"t":"PAY2"},"20F":{"t":"PA22"},"210":{"t":"C182"},"212":{"t":"C150"},"213":{"t":"J3"},"218":{"t":"BE23"},"21A":{"t":"SR22"},"21F":{"desc":"L1P","t":"LA4"},"220":{"t":"AT5T"},"224":{"t":"TAYD"},"22C":{"t":"C150"},"230":{"t":"C182"},"233":{"t":"BE36"},"234":{"t":"P46T"},"235":{"t":"C150"},"236":{"t":"J3"},"237":{"t":"GLID"},"238":{"t":"RC3"},"239":{"t":"AT5T"},"23A":{"t":"S108"},"23C":{"t":"PA24"},"23D":{"desc":"H4E"},"23F":{"t":"BE36"},"240":{"t":"C150"},"242":{"t":"BE35"},"244":{"t":"PA46"},"247":{"t":"TAYD"},"248":{"t":"C150"},"24D":{"desc":"L1P","t":"ULAC"},"253":{"t":"C182"},"255":{"desc":"L1P","t":"ULAC"},"256":{"t":"C172"},"258":{"t":"C150"},"259":{"t":"J3"},"25A":{"t":"P28A"},"25B":{"t":"C150"},"25C":{"t":"AA1"},"25D":{"t":"S108"},"25F":{"desc":"L1P"},"261":{"t":"T210"},"262":{"desc":"L1P"},"263":{"t":"C150"},"266":{"t":"P28A"},"267":{"t":"C310"},"269":{"desc":"L1P","t":"ULAC"},"26A":{"desc":"L1P","t":"ULAC"},"26B":{"t":"C150"},"26C":{"t":"C185"},"26E":{"t":"C150"},"271":{"t":"C150"},"272":{"t":"C150"},"275":{"t":"BE35"},"276":{"desc":"L1P"},"277":{"t":"CL60"},"278":{"t":"B407"},"279":{"t":"C82S"},"27A":{"t":"E145"},"27B":{"desc":"L1P"},"27C":{"t":"BE36"},"27E":{"t":"P28B"},"27F":{"t":"P46T"},"280":{"desc":"L1P"},"281":{"desc":"L1P"},"283":{"t":"BL8"},"286":{"t":"B737"},"289":{"t":"CL30"},"28D":{"t":"CL60"},"28E":{"t":"PAY2"},"28F":{"t":"SW4"},"291":{"t":"SF34"},"292":{"t":"C172"},"294":{"t":"GLEX"},"29E":{"t":"M20P"},"2A2":{"t":"E35L"},"2A5":{"t":"M7"},"2A6":{"desc":"L1P"},"2A7":{"t":"C170"},"2A8":{"t":"C172"},"2A9":{"t":"RV12"},"2AA":{"t":"T210"},"2AB":{"t":"SR22"},"2B1":{"desc":"H2T"},"2B3":{"t":"P28R"},"2B5":{"desc":"L1P"},"2B7":{"t":"BE9L"},"2B9":{"t":"SR22"},"2BB":{"t":"R22"},"2BF":{"desc":"L1P"},"2C1":{"t":"SR20"},"2C7":{"t":"M20T"},"2CB":{"desc":"H1P"},"2CC":{"desc":"L1P"},"2CE":{"t":"PA31"},"2D0":{"t":"BE50"},"2D1":{"desc":"L2J"},"2D5":{"desc":"L2P"},"2D6":{"t":"CH7B"},"2D9":{"desc":"L1P"},"2DA":{"t":"C172"},"2DC":{"t":"E50P"},"2DF":{"t":"AEST"},"2E3":{"t":"C172"},"2EA":{"t":"SR22"},"2ED":{"desc":"L1P"},"2F2":{"t":"T6"},"2FD":{"t":"P28A"},"304":{"t":"P28A"},"305":{"desc":"L1P"},"30B":{"t":"C182"},"30D":{"desc":"L1P"},"30E":{"t":"ERCO"},"30F":{"t":"GLF6"},"312":{"t":"C172"},"316":{"t":"P46T"},"31C":{"t":"C560"},"31D":{"t":"P180"},"324":{"t":"NAVI"},"330":{"t":"AEST"},"332":{"t":"C182"},"341":{"t":"PA31"},"343":{"t":"C150"},"345":{"desc":"L1P"},"349":{"t":"GLF4"},"34B":{"t":"P28A"},"34D":{"desc":"L1J"},"352":{"t":"F900"},"356":{"t":"CH7A"},"358":{"desc":"A1P"},"359":{"t":"PA46"},"35D":{"t":"SR22"},"35E":{"t":"C150"},"35F":{"desc":"L1P"},"362":{"desc":"L1P"},"368":{"desc":"H4E"},"370":{"t":"AT5T"},"371":{"t":"BALL"},"372":{"t":"AEST"},"37A":{"desc":"H1T","t":"AS65"},"37B":{"desc":"L1P"},"388":{"t":"BE35"},"389":{"t":"HUSK"},"38B":{"t":"H25B"},"38F":{"desc":"L2P"},"390":{"t":"DA40"},"391":{"desc":"L1P"},"394":{"t":"CL60"},"396":{"t":"C560"},"398":{"t":"C56X"},"399":{"t":"M20T"},"39C":{"t":"PC12"},"3A3":{"t":"B429"},"3A4":{"t":"G150"},"3AA":{"t":"C680"},"3AB":{"t":"A320"},"3AC":{"desc":"H4E"},"3AE":{"t":"CRJ9"},"3BB":{"t":"B407"},"3C1":{"t":"T210"},"3C6":{"desc":"L1P"},"3CC":{"t":"C82S"},"3CF":{"desc":"L1P"},"3D2":{"desc":"L1P"},"3D3":{"t":"BE35"},"3E4":{"t":"C56X"},"3ED":{"t":"S22T"},"3EF":{"desc":"L1P"},"3F0":{"t":"RV12"},"3F2":{"desc":"L1P"},"3F3":{"desc":"H1P"},"3F4":{"desc":"L2T"},"3F7":{"desc":"L1P","t":"ULAC"},"3F8":{"t":"SR22"},"3FA":{"t":"S22T"},"3FD":{"t":"BE36"},"3FE":{"t":"SR22"},"400":{"desc":"L1P"},"405":{"desc":"L1P"},"406":{"t":"C182"},"409":{"t":"BE20"},"40A":{"desc":"L1P"},"40C":{"t":"PA27"},"40E":{"t":"EC45"},"40F":{"t":"CRJ7"},"410":{"desc":"L1P"},"413":{"desc":"L1P","t":"ULAC"},"415":{"desc":"L1P"},"416":{"desc":"A2P"},"417":{"desc":"L1P"},"418":{"desc":"L1P"},"420":{"desc":"L1T","t":"M600"},"421":{"desc":"H1T"},"422":{"t":"ULAC"},"426":{"t":"R44"},"428":{"t":"C25C"},"42A":{"t":"C210"},"42B":{"desc":"L1P"},"430":{"desc":"L1P"},"432":{"t":"R66"},"434":{"t":"F900"},"441":{"desc":"L1P"},"445":{"desc":"L4J"},"44D":{"desc":"L2J"},"450":{"t":"PA24"},"451":{"t":"SR20"},"452":{"t":"RV12"},"45C":{"t":"P28A"},"460":{"t":"SR22"},"461":{"t":"BE33"},"465":{"t":"P28A"},"467":{"desc":"L9E"},"469":{"t":"BE55"},"46E":{"desc":"L1P"},"472":{"t":"C182"},"474":{"t":"P32T"},"477":{"desc":"L2T","t":"BE18"},"47A":{"t":"T210"},"47B":{"desc":"L1P"},"47E":{"t":"PA27"},"482":{"t":"R44"},"48D":{"desc":"L1P"},"4CD":{"t":"C650"},"4CE":{"t":"PA18"},"4CF":{"t":"C182"},"4D0":{"t":"M7"},"4D3":{"t":"C210"},"4D4":{"t":"C150"},"4D5":{"t":"J3"},"4D7":{"t":"C82S"},"4D8":{"t":"AA1"},"4DD":{"desc":"L1P"},"4E1":{"t":"BALL"},"4E2":{"t":"P28A"},"4E3":{"t":"BE23"},"4E4":{"t":"AT5T"},"4E8":{"t":"C185"},"4EA":{"t":"C150"},"4EB":{"t":"C206"},"4ED":{"desc":"L1P","t":"ULAC"},"4EE":{"t":"C150"},"4F4":{"t":"PA22"},"4F7":{"t":"L39"},"4FB":{"t":"AA1"},"4FC":{"t":"BE35"},"4FD":{"t":"C182"},"4FF":{"t":"C152"},"502":{"t":"C150"},"504":{"t":"BE9L"},"505":{"t":"P28A"},"509":{"t":"C150"},"50B":{"t":"C150"},"50D":{"t":"C150"},"50F":{"t":"ST75"},"511":{"desc":"L1P","t":"ULAC"},"512":{"t":"C185"},"514":{"t":"T210"},"516":{"t":"BALL"},"518":{"t":"C172"},"519":{"t":"C210"},"51A":{"t":"B350"},"51B":{"t":"J3"},"51C":{"t":"P28A"},"51D":{"t":"C150"},"51E":{"t":"AA1"},"521":{"t":"PA24"},"522":{"desc":"L1P","t":"ULAC"},"524":{"t":"C82R"},"525":{"t":"C150"},"527":{"t":"BE35"},"528":{"t":"P28A"},"52A":{"desc":"L1P","t":"ULAC"},"52B":{"t":"PA25"},"52C":{"t":"C150"},"52F":{"t":"C150"},"532":{"t":"C150"},"533":{"t":"C150"},"535":{"t":"C150"},"536":{"desc":"L1P"},"537":{"t":"BE36"},"539":{"t":"AT5T"},"53A":{"t":"BE36"},"53B":{"t":"C172"},"53C":{"t":"C182"},"53D":{"t":"C150"},"53E":{"t":"J3"},"53F":{"t":"P28A"},"541":{"t":"AA1"},"543":{"t":"BE23"},"546":{"t":"C72R"},"54A":{"t":"C72R"},"54B":{"t":"P28A"},"54F":{"t":"C150"},"550":{"t":"C150"},"551":{"t":"C150"},"559":{"desc":"L1P"},"561":{"t":"J3"},"566":{"t":"BE23"},"567":{"t":"PA24"},"568":{"t":"C152"},"56A":{"t":"C82T"},"56B":{"t":"C150"},"56C":{"desc":"L1P"},"56D":{"t":"BE35"},"56E":{"t":"P28A"},"56F":{"desc":"L2P"},"570":{"t":"M7"},"572":{"t":"C150"},"573":{"t":"C150"},"575":{"t":"C150"},"576":{"t":"C150"},"577":{"t":"C150"},"57C":{"desc":"L1P"},"57F":{"t":"C421"},"580":{"t":"PA22"},"582":{"t":"C210"},"583":{"t":"BALL"},"584":{"t":"J3"},"585":{"t":"ULAC"},"586":{"t":"AC11"},"587":{"t":"AA1"},"589":{"t":"C82S"},"58A":{"desc":"A1P"},"58D":{"t":"C82T"},"590":{"t":"BE35"},"593":{"desc":"L1P","t":"ULAC"},"597":{"t":"C150"},"59B":{"t":"C150"},"59C":{"t":"C150"},"59D":{"t":"C185"},"59E":{"t":"C150"},"59F":{"desc":"L1P"},"5A0":{"desc":"L1T"},"5A2":{"t":"C310"},"5A6":{"t":"C150"},"5A8":{"t":"P28R"},"5AB":{"t":"S108"},"5AF":{"t":"T210"},"5B2":{"desc":"L1P","t":"ULAC"},"5B3":{"t":"BE35"},"5B4":{"t":"P28A"},"5B5":{"t":"B25"},"5B6":{"t":"T210"},"5B7":{"desc":"L1P","t":"ULAC"},"5B8":{"t":"M7"},"5BB":{"t":"C150"},"5BC":{"t":"C185"},"5BE":{"t":"C150"},"5BF":{"t":"AR11"},"5C0":{"t":"C150"},"5C2":{"desc":"L1P"},"5C7":{"t":"C182"},"5C8":{"t":"C210"},"5CA":{"t":"J3"},"5CD":{"t":"AA1"},"5CE":{"t":"C152"},"5CF":{"t":"C182"},"5D0":{"t":"PA24"},"5D4":{"t":"ULAC"},"5D5":{"t":"BALL"},"5D7":{"t":"P28A"},"5D8":{"desc":"L1T"},"5DB":{"t":"T210"},"5DC":{"t":"ULAC"},"5DD":{"t":"C150"},"5E0":{"t":"AT5T"},"5E1":{"t":"C150"},"5E2":{"t":"C150"},"5E3":{"t":"C150"},"5E9":{"t":"PA22"},"5EB":{"desc":"L1P"},"5EE":{"t":"ULAC"},"5EF":{"t":"RC3"},"5F1":{"t":"S108"},"5F2":{"desc":"L1P","t":"ULAC"},"5F3":{"t":"PA24"},"5FA":{"t":"P28A"},"5FD":{"desc":"H1P"},"600":{"t":"C150"},"604":{"t":"C150"},"605":{"t":"C150"},"607":{"t":"C150"},"609":{"t":"T210"},"60A":{"t":"C182"},"60C":{"t":"PA22"},"613":{"t":"AA1"},"614":{"t":"S108"},"616":{"t":"PA24"},"618":{"desc":"L1P"},"61B":{"t":"BE36"},"61C":{"t":"AC11"},"61F":{"t":"BALL"},"621":{"t":"C150"},"623":{"t":"C150"},"625":{"t":"ST75"},"628":{"desc":"L1P","t":"ULAC"},"62A":{"desc":"L1P","t":"ULAC"},"62B":{"t":"B06"},"62C":{"desc":"L3P"},"62E":{"t":"PA46"},"62F":{"t":"C68A"},"630":{"t":"C182"},"631":{"t":"E145"},"632":{"t":"GLF4"},"639":{"desc":"L1P","t":"ULAC"},"63A":{"t":"BL8"},"63D":{"t":"B737"},"63E":{"t":"B737"},"641":{"desc":"L1P"},"642":{"t":"DC10"},"649":{"desc":"L1P"},"64A":{"t":"HUSK"},"64B":{"t":"ULAC"},"64F":{"t":"C206"},"653":{"t":"PA18"},"655":{"t":"B06"},"65A":{"desc":"L1P"},"65D":{"t":"C172"},"65E":{"t":"MITE"},"65F":{"t":"C152"},"661":{"t":"PA18"},"662":{"t":"SR20"},"668":{"desc":"H2T"},"669":{"desc":"A1P"},"66A":{"desc":"L1P","t":"ULAC"},"66C":{"desc":"L1P"},"66E":{"t":"PC12"},"670":{"t":"SR22"},"677":{"desc":"L1P"},"678":{"t":"SR20"},"67A":{"desc":"L1P"},"67B":{"t":"ULAC"},"67E":{"desc":"L1P"},"67F":{"desc":"L1P"},"683":{"t":"C77R"},"685":{"t":"C182"},"689":{"desc":"L2T"},"68C":{"desc":"L1P"},"693":{"t":"SF50"},"698":{"t":"PA27"},"69C":{"t":"C750"},"6A0":{"desc":"L1P"},"6A1":{"t":"C182"},"6A8":{"t":"SR22"},"6A9":{"t":"BE9L"},"6AA":{"desc":"L2J"},"6AE":{"t":"MD11"},"6B0":{"t":"GLEX"},"6C2":{"t":"P28A"},"6C5":{"t":"DC10"},"6C9":{"t":"R44"},"6D0":{"desc":"L1P"},"6D4":{"desc":"L1P"},"6D7":{"desc":"A2P"},"6DB":{"t":"BE55"},"6DC":{"t":"F2TH"},"6E5":{"t":"C77R"},"6E7":{"t":"AEST"},"6E9":{"t":"C172"},"6ED":{"t":"F2TH"},"6F4":{"t":"PC12"},"6F6":{"t":"A320"},"6F7":{"t":"C25A"},"6F8":{"t":"C680"},"6FB":{"t":"GLEX"},"6FF":{"t":"PA18"},"700":{"t":"SR22"},"702":{"t":"C310"},"704":{"t":"C340"},"705":{"t":"PA32"},"708":{"t":"RV12"},"709":{"t":"SF50"},"70D":{"desc":"L1P"},"70E":{"t":"T206"},"710":{"t":"PC12"},"711":{"t":"BALL"},"712":{"desc":"L1P","t":"ULAC"},"714":{"t":"B06"},"715":{"desc":"L1P"},"716":{"desc":"L1T","t":"M600"},"71B":{"t":"BE58"},"722":{"desc":"L1P"},"726":{"desc":"L1P","t":"ULAC"},"727":{"t":"AT8T"},"729":{"t":"P28A"},"72D":{"t":"SHIP"},"732":{"t":"B350"},"740":{"t":"BE58"},"742":{"desc":"L1P"},"746":{"t":"GLID"},"748":{"t":"GLF5"},"74F":{"t":"PA27"},"751":{"t":"S22T"},"754":{"desc":"H1P"},"75B":{"desc":"L1P"},"75F":{"t":"PC12"},"762":{"t":"A320"},"764":{"desc":"H4E"},"765":{"t":"CRJ9"},"766":{"desc":"L1P","t":"TB0"},"772":{"t":"P28A"},"773":{"t":"SR22"},"774":{"t":"RV12"},"775":{"t":"C172"},"778":{"t":"DG15"},"779":{"t":"B407"},"77D":{"t":"ULAC"},"781":{"t":"HDJT"},"785":{"t":"BALL"},"786":{"desc":"L1P"},"789":{"t":"BE36"},"78A":{"t":"BE35"},"79B":{"t":"C68A"},"7A0":{"t":"CRJ7"},"7A3":{"t":"C172"},"7A4":{"desc":"L1P"},"7A6":{"t":"S22T"},"7AC":{"desc":"L1P"},"7AD":{"t":"C172"},"7B5":{"desc":"L1P"},"7B7":{"t":"RV12"},"7B8":{"t":"T206"},"7B9":{"t":"AS50"},"7BC":{"desc":"L1P","t":"ULAC"},"7BE":{"desc":"L1P"},"7BF":{"desc":"L1P"},"7C0":{"t":"F2TH"},"7C2":{"t":"T210"},"7CC":{"t":"HDJT"},"7D0":{"desc":"L1P"},"7D5":{"t":"BE35"},"7D6":{"t":"B212"},"7D9":{"desc":"A1P"},"7DE":{"desc":"L1P"},"7DF":{"desc":"L1P"},"7E1":{"desc":"A1P"},"7E2":{"t":"BE58"},"7E6":{"desc":"L1P","t":"ULAC"},"7E7":{"t":"BE33"},"7EB":{"t":"PC12"},"7FC":{"desc":"L4J"},"804":{"desc":"L2J"},"808":{"t":"RV12"},"80F":{"desc":"H1T"},"817":{"t":"C551"},"819":{"t":"GLID"},"81E":{"desc":"L9E"},"821":{"desc":"H4E"},"826":{"desc":"A1P"},"82C":{"desc":"L1P"},"82E":{"t":"T210"},"832":{"t":"P28A"},"835":{"t":"PA27"},"839":{"t":"C82S"},"844":{"desc":"L1P"},"85A":{"desc":"H4E"},"85E":{"t":"LJ45"},"866":{"t":"BE36"},"885":{"t":"H269"},"886":{"t":"C182"},"887":{"desc":"L1P"},"888":{"t":"PA22"},"889":{"t":"C172"},"88A":{"t":"C150"},"88E":{"t":"C150"},"890":{"t":"C152"},"892":{"t":"PA24"},"895":{"t":"C82R"},"896":{"t":"C150"},"898":{"t":"BE35"},"899":{"desc":"L1P"},"89C":{"t":"PA25"},"89E":{"desc":"L1P","t":"ULAC"},"8A2":{"t":"C150"},"8A3":{"t":"C150"},"8A5":{"t":"C150"},"8A6":{"desc":"L1P","t":"ULAC"},"8A8":{"t":"AC11"},"8AC":{"t":"C172"},"8AE":{"t":"C150"},"8AF":{"t":"P28A"},"8B2":{"t":"AA1"},"8B3":{"t":"S108"},"8B5":{"t":"PA24"},"8B9":{"t":"C82T"},"8BA":{"desc":"L1P"},"8BB":{"t":"C72R"},"8BC":{"t":"P28A"},"8BD":{"t":"S22T"},"8BE":{"t":"PA27"},"8C2":{"t":"C150"},"8C3":{"t":"C150"},"8C5":{"t":"C150"},"8CB":{"t":"P210"},"8CC":{"t":"C182"},"8CE":{"t":"C172"},"8CF":{"t":"C172"},"8D0":{"t":"ULAC"},"8D2":{"t":"J3"},"8D3":{"t":"P28A"},"8D4":{"t":"C150"},"8D7":{"t":"C182"},"8DB":{"t":"C82R"},"8DC":{"t":"C150"},"8DD":{"desc":"H1P"},"8DE":{"desc":"G1P"},"8DF":{"t":"P28A"},"8E0":{"t":"M5"},"8E3":{"desc":"L1T"},"8E4":{"t":"C150"},"8E7":{"desc":"H4E"},"8EB":{"t":"BE9T"},"8EC":{"t":"C150"},"8ED":{"t":"R66"},"8EE":{"desc":"L1P"},"8EF":{"t":"C182"},"8F0":{"t":"B25"},"8F1":{"t":"PA22"},"8F2":{"desc":"L1P","t":"ULAC"},"8F3":{"t":"C172"},"8F4":{"t":"C150"},"8F5":{"t":"J3"},"8F6":{"t":"P28A"},"8F9":{"t":"S108"},"8FA":{"t":"BE19"},"8FC":{"t":"P28A"},"8FD":{"t":"ULAC"},"8FF":{"t":"C82T"},"901":{"t":"BE95"},"903":{"t":"BE35"},"904":{"t":"BALL"},"906":{"desc":"L1P"},"907":{"t":"C150"},"908":{"t":"C150"},"909":{"t":"C150"},"90A":{"t":"C150"},"90D":{"t":"C172"},"911":{"desc":"L1P","t":"ULAC"},"912":{"t":"C182"},"914":{"t":"C172"},"915":{"t":"C172"},"917":{"desc":"L1T"},"919":{"t":"P28A"},"91A":{"t":"RC3"},"91C":{"t":"P32R"},"91D":{"t":"BE19"},"91F":{"t":"M7"},"922":{"t":"C82R"},"924":{"t":"BE33"},"927":{"desc":"L1T"},"92A":{"desc":"L1P"},"92C":{"t":"C150"},"92D":{"t":"C150"},"931":{"t":"ST75"},"933":{"desc":"L1P","t":"ULAC"},"934":{"t":"GLID"},"935":{"t":"C152"},"937":{"t":"PA22"},"938":{"t":"C172"},"939":{"t":"C210"},"93B":{"t":"J3"},"93C":{"t":"BE36"},"93D":{"desc":"A1P"},"941":{"t":"C182"},"942":{"t":"ULAC"},"947":{"t":"BE33"},"94A":{"t":"PA27"},"94B":{"t":"PA25"},"94C":{"t":"ST75"},"94D":{"t":"C150"},"94E":{"desc":"L1T"},"94F":{"t":"C150"},"950":{"desc":"L1P"},"953":{"t":"AT5T"},"955":{"t":"C150"},"957":{"desc":"L1P"},"958":{"t":"ULAC"},"959":{"t":"C310"},"95A":{"t":"PA22"},"95C":{"t":"C210"},"962":{"t":"M5"},"963":{"t":"C182"},"964":{"t":"PA24"},"965":{"desc":"L1P"},"967":{"desc":"H1P"},"968":{"t":"H269"},"969":{"t":"AT5T"},"96A":{"t":"BE33"},"96B":{"t":"P28A"},"96C":{"t":"ULAC"},"96D":{"t":"T210"},"96E":{"t":"PA25"},"96F":{"t":"P28R"},"975":{"t":"C180"},"977":{"t":"ST75"},"97A":{"t":"PA18"},"97D":{"t":"ULAC"},"97E":{"t":"C172"},"97F":{"t":"C210"},"980":{"t":"C150"},"981":{"t":"P28A"},"984":{"desc":"L1P"},"985":{"t":"M5"},"987":{"desc":"L1P"},"989":{"t":"T210"},"98B":{"t":"C150"},"98D":{"t":"C72R"},"98E":{"t":"P28A"},"98F":{"desc":"L2P"},"991":{"t":"PA25"},"995":{"t":"C206"},"997":{"t":"T210"},"998":{"t":"C206"},"99A":{"t":"BE17"},"99D":{"desc":"L1P"},"99E":{"t":"BALL"},"9A1":{"t":"C172"},"9A4":{"t":"J3"},"9A8":{"t":"S108"},"9A9":{"t":"C182"},"9AA":{"t":"M7"},"9AB":{"desc":"L1P"},"9AC":{"t":"T210"},"9AE":{"t":"C82R"},"9AF":{"t":"H269"},"9B0":{"t":"BE33"},"9B1":{"t":"AT3T"},"9B7":{"t":"C150"},"9BB":{"t":"C150"},"9BD":{"t":"C150"},"9BE":{"desc":"L1P"},"9C2":{"t":"M7"},"9C6":{"t":"C150"},"9C7":{"t":"P28A"},"9C8":{"t":"P28A"},"9C9":{"t":"C150"},"9CA":{"t":"AA1"},"9CC":{"t":"R44"},"9CE":{"t":"ULAC"},"9CF":{"t":"T210"},"9D1":{"t":"M7"},"9D2":{"t":"ULAC"},"9D3":{"t":"BE33"},"9D4":{"t":"P28A"},"9D5":{"t":"AT5T"},"9DA":{"desc":"L1P"},"9DB":{"t":"T34P"},"9DC":{"t":"M7"},"9DE":{"t":"C150"},"9DF":{"t":"C150"},"9E0":{"t":"C185"},"9E3":{"t":"C172"},"9E5":{"desc":"L1P"},"9E6":{"t":"P28A"},"9E8":{"t":"E145"},"9EB":{"desc":"H2T"},"9ED":{"t":"C182"},"9EE":{"desc":"L1T"},"9EF":{"desc":"L1P"},"9F1":{"t":"BL8"},"9F4":{"t":"B737"},"9F5":{"desc":"H8E"},"9F8":{"t":"BE23"},"9F9":{"desc":"L1J"},"9FC":{"t":"BE35"},"9FE":{"t":"C56X"},"9FF":{"t":"S22T"},"A00":{"t":"F2TH"},"A06":{"t":"S108"},"A07":{"t":"BE58"},"A08":{"t":"YK50"},"A12":{"desc":"L1P"},"A16":{"t":"NAVI"},"A1D":{"desc":"L1P"},"A1F":{"desc":"H2T"},"A20":{"t":"C68A"},"A21":{"desc":"H1T"},"A23":{"desc":"L1P"},"A26":{"t":"F2TH"},"A2D":{"t":"E75L"},"A2E":{"t":"BE35"},"A2F":{"t":"SR20"},"A30":{"t":"P32R"},"A32":{"desc":"L1P","t":"ULAC"},"A37":{"desc":"L1P"},"A3E":{"t":"M20P"},"A40":{"desc":"L1P"},"A47":{"desc":"L1P"},"A58":{"t":"C82S"},"A5B":{"desc":"L1P","t":"ULAC"},"A5F":{"desc":"L1P"},"A60":{"t":"PA30"},"A61":{"t":"SF50"},"A65":{"t":"MD11"},"A6B":{"t":"P28A"},"A6E":{"t":"BALL"},"A72":{"t":"P28A"},"A79":{"desc":"L1P"},"A7A":{"t":"BE20"},"A7D":{"desc":"L2J"},"A80":{"t":"BE9L"},"A87":{"desc":"A1P"},"A8A":{"desc":"L1P"},"A8B":{"desc":"L1P","t":"ULAC"},"A93":{"t":"LJ60"},"A9A":{"desc":"L1P"},"A9D":{"t":"UH12"},"AAD":{"t":"A320"},"AB2":{"t":"C525"},"AB5":{"desc":"L1P"},"AB6":{"t":"PA18"},"AB7":{"t":"COL4"},"AB9":{"desc":"L1P"},"ABC":{"t":"GLID"},"AC6":{"t":"BL8"},"ACD":{"t":"C25B"},"AD6":{"desc":"L1P"},"ADD":{"desc":"L1P"},"AE0":{"desc":"L1P","t":"LA4"},"AE1":{"desc":"S1P"},"AE3":{"t":"GLF5"},"AE4":{"t":"C172"},"AE5":{"t":"B06"},"AF6":{"desc":"L1P"},"AF7":{"desc":"L2P"},"AF8":{"t":"C82S"},"AFA":{"desc":"L1P"},"AFB":{"desc":"L1P"},"AFC":{"t":"BE36"},"B00":{"t":"SR22"},"B02":{"t":"SR22"},"B06":{"t":"E300"},"B07":{"t":"GLF4"},"B0B":{"t":"BE36"},"B0F":{"t":"WACO"},"B19":{"t":"A320"},"B1C":{"t":"CRJ9"},"B29":{"t":"B407"},"B2B":{"t":"CH7B"},"B2E":{"t":"C182"},"B2F":{"desc":"L1P","t":"ULAC"},"B3A":{"desc":"L1P"},"B52":{"t":"C56X"},"B5A":{"t":"E55P"},"B5B":{"t":"PA27"},"B5C":{"desc":"A1P"},"B5D":{"desc":"L1J"},"B5E":{"desc":"L1P"},"B60":{"t":"BE9L"},"B65":{"t":"C208"},"B66":{"desc":"H4E"},"B6E":{"desc":"L1P"},"B6F":{"t":"P32R"},"B70":{"t":"AS50"},"B73":{"t":"ST75"},"B74":{"desc":"L1P","t":"ULAC"},"B75":{"t":"CL60"},"B76":{"desc":"L1P"},"B77":{"desc":"L1T","t":"C206"},"B7D":{"t":"CRJ7"},"B7F":{"t":"P32R"},"B81":{"t":"C172"},"B84":{"t":"B06"},"B8C":{"t":"BE35"},"B8D":{"t":"BE20"},"B8F":{"t":"AS50"},"B95":{"desc":"L1P"},"B96":{"desc":"L1P","t":"ULAC"},"B97":{"t":"C182"},"B9E":{"t":"DIMO"},"BA1":{"desc":"H4E"},"BA2":{"desc":"L1T"},"BA5":{"t":"G164"},"BB1":{"t":"BALL"},"BB3":{"desc":"L4J"},"BBB":{"desc":"L2J"},"BBE":{"t":"BE33"},"BC5":{"desc":"L1P"},"BCC":{"desc":"H4E"},"BD0":{"desc":"L1P"},"BD5":{"desc":"L9E"},"BD7":{"t":"SR20"},"BD8":{"desc":"G1P"},"BDA":{"t":"C337"},"BDB":{"t":"C182"},"BDD":{"t":"GLEX"},"BE1":{"t":"PA27"},"BE3":{"t":"C56X"},"BF0":{"t":"S22T"},"BF5":{"desc":"L1P"},"C11":{"t":"C207"},"C3C":{"desc":"L1P","t":"ULAC"},"C3D":{"t":"C182"},"C3E":{"t":"C210"},"C3F":{"t":"C172"},"C40":{"t":"C172"},"C41":{"t":"C210"},"C44":{"t":"P28A"},"C47":{"t":"C152"},"C49":{"t":"PA24"},"C4B":{"t":"T210"},"C4F":{"t":"BE35"},"C51":{"t":"M6"},"C53":{"desc":"L1J"},"C54":{"desc":"L1J"},"C55":{"t":"C185"},"C56":{"t":"ST75"},"C5B":{"desc":"L1P","t":"ULAC"},"C5F":{"t":"T210"},"C60":{"t":"C182"},"C63":{"t":"C172"},"C64":{"t":"C210"},"C65":{"t":"C150"},"C66":{"t":"J3"},"C67":{"t":"P28A"},"C68":{"t":"AT8T"},"C6A":{"desc":"L1T"},"C6E":{"t":"T210"},"C6F":{"desc":"H1P"},"C71":{"desc":"L1P"},"C72":{"t":"BE33"},"C74":{"t":"C310"},"C78":{"t":"C150"},"C7C":{"t":"AT5T"},"C7F":{"t":"GLF5"},"C82":{"t":"AT5T"},"C84":{"desc":"L1P"},"C88":{"t":"C172"},"C8A":{"t":"P28A"},"C8C":{"t":"AA1"},"C8D":{"t":"S108"},"C8E":{"t":"UH1"},"C8F":{"t":"C152"},"C90":{"t":"C152"},"C95":{"t":"C72R"},"C96":{"t":"AT5T"},"C97":{"t":"BE36"},"C9C":{"t":"ST75"},"C9D":{"t":"C185"},"C9E":{"t":"C150"},"C9F":{"t":"C150"},"CA3":{"t":"C150"},"CA5":{"t":"M7"},"CA7":{"t":"B06"},"CA8":{"t":"C172"},"CAB":{"t":"C188"},"CAC":{"t":"CH7B"},"CAD":{"t":"P28A"},"CAF":{"t":"AA1"},"CB0":{"desc":"L1P"},"CB1":{"t":"BE23"},"CB2":{"t":"SR22"},"CB4":{"t":"AT5T"},"CB5":{"t":"ULAC"},"CB8":{"t":"BE33"},"CBA":{"desc":"L1T"},"CBC":{"desc":"L1T"},"CBD":{"t":"M7"},"CC0":{"t":"C150"},"CC3":{"t":"C150"},"CC4":{"desc":"L1P"},"CC5":{"t":"C150"},"CC6":{"t":"M7"},"CC7":{"desc":"L2P"},"CC8":{"t":"ULAC"},"CCA":{"desc":"L1P"},"CCB":{"t":"PA22"},"CCC":{"t":"P210"},"CCD":{"t":"GLID"},"CCE":{"t":"C172"},"CCF":{"t":"J3"},"CD0":{"desc":"L1P"},"CD1":{"t":"C150"},"CD2":{"t":"C152"},"CD5":{"t":"PA24"},"CD6":{"t":"AT5T"},"CD8":{"desc":"H1P"},"CDB":{"t":"BE33"},"CDC":{"t":"P28A"},"CDE":{"t":"AT5T"},"CDF":{"t":"BE36"},"CE0":{"desc":"L1T"},"CE2":{"desc":"L1P"},"CE3":{"desc":"L1P","t":"ULAC"},"CE5":{"t":"C150"},"CE8":{"t":"C310"},"CE9":{"desc":"A1P"},"CEC":{"desc":"L1P"},"CED":{"t":"BE36"},"CEE":{"t":"PA22"},"CEF":{"t":"C185"},"CF0":{"t":"C150"},"CF4":{"desc":"L1P","t":"ULAC"},"CFA":{"t":"C72R"},"CFC":{"t":"C150"},"CFD":{"desc":"L1T"},"CFE":{"t":"BE35"},"CFF":{"t":"P28A"},"D03":{"t":"M7"},"D05":{"t":"AT5T"},"D07":{"t":"C150"},"D08":{"desc":"L1P"},"D0A":{"t":"C185"},"D0B":{"t":"ST75"},"D0C":{"t":"ST75"},"D10":{"desc":"L1P"},"D12":{"t":"C172"},"D15":{"t":"AT8T"},"D16":{"t":"P28R"},"D17":{"t":"H269"},"D18":{"t":"AA1"},"D19":{"t":"AT5T"},"D1B":{"t":"PA24"},"D20":{"t":"BE36"},"D21":{"t":"BE35"},"D23":{"desc":"L2P"},"D24":{"desc":"L1P","t":"ULAC"},"D25":{"desc":"L1T"},"D29":{"t":"C150"},"D2B":{"t":"C150"},"D2C":{"t":"AT5T"},"D2E":{"t":"C185"},"D34":{"t":"PA22"},"D35":{"t":"C172"},"D36":{"t":"C210"},"D37":{"t":"C150"},"D39":{"t":"P32R"},"D3F":{"t":"C172"},"D40":{"t":"PA18"},"D41":{"desc":"H1P"},"D42":{"t":"C82R"},"D44":{"t":"BE35"},"D45":{"t":"P28A"},"D46":{"t":"C310"},"D49":{"desc":"L1P"},"D4B":{"t":"VALI"},"D4C":{"desc":"L1T"},"D4D":{"desc":"L1T"},"D4E":{"t":"M5"},"D59":{"t":"C210"},"D5A":{"t":"C150"},"D5B":{"t":"J3"},"D5C":{"t":"P32R"},"D5D":{"t":"RC3"},"D5E":{"t":"AA1"},"D67":{"t":"P28A"},"D6B":{"desc":"L1P"},"D6C":{"t":"ULAC"},"D70":{"t":"PA31"},"D71":{"t":"M7"},"D73":{"t":"C185"},"D74":{"t":"C185"},"D77":{"t":"M7"},"D78":{"t":"T210"},"D79":{"desc":"L1P"},"D7A":{"desc":"L1P","t":"ULAC"},"D7B":{"t":"C172"},"D7E":{"t":"J3"},"D80":{"t":"C150"},"D81":{"t":"AA1"},"D82":{"t":"C152"},"D83":{"desc":"L1P","t":"ULAC"},"D85":{"t":"B06"},"D88":{"t":"C150"},"D89":{"desc":"L1P"},"D8A":{"t":"AT3T"},"D8B":{"t":"P28A"},"D97":{"t":"C182"},"D98":{"t":"M7"},"D99":{"t":"B06"},"D9A":{"desc":"L1P"},"D9C":{"t":"GLID"},"D9D":{"t":"CH7B"},"D9E":{"t":"AS65"},"D9F":{"t":"E145"},"DA0":{"t":"CL60"},"DA1":{"desc":"L1P","t":"ULAC"},"DA3":{"t":"C550"},"DA4":{"t":"RV12"},"DA8":{"t":"H25B"},"DAA":{"desc":"L2T"},"DAB":{"t":"B737"},"DAC":{"t":"B47G"},"DB0":{"desc":"L1J"},"DB2":{"t":"C172"},"DB3":{"t":"C25B"},"DB4":{"t":"CL60"},"DB7":{"t":"BALL"},"DBA":{"t":"C152"},"DBC":{"desc":"L1P"},"DC3":{"desc":"L1P"},"DC4":{"t":"BE55"},"DCC":{"t":"SR22"},"DCD":{"t":"CL30"},"DD1":{"t":"RV12"},"DD3":{"desc":"A1P","t":"PA18"},"DD4":{"desc":"L1P"},"DD6":{"t":"S61"},"DD8":{"t":"GLF5"},"DDA":{"desc":"L1P"},"DDB":{"t":"C310"},"DDC":{"desc":"H1P"},"DDD":{"t":"C240"},"DE1":{"t":"B350"},"DE3":{"t":"SR22"},"DE4":{"t":"E75L"},"DE5":{"t":"BE35"},"DE8":{"desc":"L1P"},"DEC":{"t":"GLID"},"DED":{"desc":"L1P"},"DF1":{"t":"P32R"},"DF6":{"t":"DA40"},"DF7":{"desc":"L1P"},"E01":{"desc":"L1P"},"E02":{"desc":"L1P"},"E04":{"desc":"L1P"},"E0C":{"t":"C56X"},"E0E":{"t":"C172"},"E17":{"t":"R66"},"E18":{"t":"C172"},"E1C":{"t":"MD11"},"E1E":{"desc":"H4E"},"E22":{"t":"P28A"},"E30":{"t":"EC35"},"E31":{"desc":"L2J"},"E33":{"t":"DC10"},"E37":{"t":"C525"},"E3A":{"t":"NAVI"},"E44":{"desc":"L1P"},"E49":{"desc":"L1P"},"E51":{"t":"AS50"},"E55":{"t":"AEST"},"E57":{"desc":"L1P"},"E62":{"desc":"L1P"},"E64":{"desc":"L1P"},"E65":{"desc":"H2T"},"E66":{"t":"PA30"},"E6C":{"t":"C550"},"E6E":{"desc":"L1P"},"E72":{"t":"BALL"},"E73":{"desc":"L1P"},"E74":{"desc":"L1P"},"E7B":{"desc":"L1P"},"E7C":{"t":"J3"},"E7E":{"t":"S22T"},"E7F":{"desc":"L1P"},"E81":{"t":"PA31"},"E8C":{"t":"C82S"},"E8D":{"desc":"L1P"},"E94":{"t":"BE35"},"E95":{"t":"AT8T"},"E96":{"t":"BALL"},"E97":{"desc":"L1P"},"EAD":{"desc":"L1P"},"EAE":{"t":"BL8"},"EAF":{"t":"C82R"},"EB0":{"desc":"L1P"},"EB9":{"t":"BE36"},"EBF":{"desc":"L1P"},"EC2":{"t":"AT5T"},"ED0":{"t":"A320"},"ED3":{"t":"CRJ9"},"EE2":{"t":"S22T"},"EE9":{"t":"BE35"},"EF0":{"t":"P28A"},"EF4":{"t":"BE23"},"F09":{"t":"C56X"},"F0E":{"t":"CRJ7"},"F11":{"t":"PA30"},"F12":{"desc":"L1E"},"F14":{"t":"SR22"},"F15":{"t":"GLF4"},"F17":{"desc":"L1P"},"F18":{"desc":"L1P"},"F1B":{"desc":"L1P"},"F25":{"desc":"L1P"},"F29":{"t":"SR22"},"F2A":{"desc":"H1P"},"F2E":{"desc":"H1T"},"F31":{"t":"LJ60"},"F34":{"t":"CRJ7"},"F3A":{"t":"SR22"},"F3C":{"t":"PA46"},"F43":{"t":"BE35"},"F45":{"desc":"L1P"},"F46":{"t":"AS50"},"F49":{"t":"M20P"},"F4B":{"t":"E550"},"F54":{"desc":"L1P"},"F57":{"t":"H269"},"F59":{"t":"C56X"},"F6A":{"desc":"L4J"},"F6D":{"desc":"L1P"},"F72":{"desc":"L2J"},"F75":{"t":"V10"},"F77":{"t":"BE20"},"F78":{"desc":"L1P"},"F7A":{"desc":"H4E"},"F81":{"t":"C25B"},"F83":{"t":"C25B"},"F8E":{"desc":"H1T"},"F90":{"desc":"L1P"},"F92":{"t":"CL30"},"F9A":{"t":"C82R"},"FA0":{"t":"P28A"},"FA7":{"t":"R66"},"FAE":{"t":"P28S"},"FC0":{"t":"AT6T"},"FE5":{"t":"DA42"},"FE7":{"desc":"H4E"},"FF3":{"desc":"L1P","t":"ULAC"},"FF4":{"t":"M6"},"FF5":{"t":"B47G"},"FF7":{"t":"C172"},"FF8":{"t":"C150"},"FF9":{"t":"C150"},"FFA":{"t":"P28S"},"FFB":{"t":"P28A"},"FFC":{"t":"C172"},"FFF":{"t":"BE55"}}