{"000":{"t":"B739"},"001":{"t":"B739"},"003":{"t":"C172"},"004":{"t":"C185"},"005":{"t":"B739"},"006":{"t":"B739"},"008":{"t":"C172"},"00E":{"t":"C172"},"010":{"t":"C150"},"014":{"t":"AA1"},"015":{"t":"S108"},"018":{"t":"C172"},"01B":{"t":"C150"},"01D":{"desc":"L1P","t":"LA4"},"020":{"t":"PA27"},"021":{"t":"PA25"},"022":{"t":"C172"},"023":{"t":"C172"},"024":{"t":"C172"},"025":{"desc":"A1P"},"02A":{"t":"B739"},"02C":{"t":"B06"},"02D":{"t":"GLF4"},"02F":{"desc":"L2P"},"030":{"t":"C421"},"032":{"t":"E145"},"034":{"t":"P28A"},"036":{"t":"P28A"},"038":{"t":"SR22"},"03B":{"t":"S22T"},"03E":{"t":"B737"},"043":{"desc":"L1J"},"046":{"t":"BE35"},"047":{"t":"SW4"},"04D":{"desc":"L1P"},"04E":{"desc":"H1P"},"050":{"desc":"L1T"},"051":{"desc":"L2P"},"054":{"t":"SR20"},"05E":{"t":"R44"},"05F":{"t":"S108"},"061":{"t":"T206"},"062":{"t":"PA18"},"063":{"t":"SR22"},"067":{"t":"C206"},"069":{"t":"S61"},"06D":{"desc":"H1E"},"070":{"t":"BRAV"},"071":{"t":"C172"},"074":{"desc":"L1P","t":"ULAC"},"07B":{"t":"PA34"},"07C":{"t":"BE10"},"07D":{"t":"B407"},"07F":{"t":"GLID"},"080":{"t":"SF50"},"081":{"desc":"H1P"},"083":{"t":"BALL"},"084":{"t":"ULAC"},"08A":{"t":"P337"},"099":{"desc":"L1P"},"0A1":{"t":"C172"},"0A5":{"desc":"L1P","t":"ULAC"},"0A7":{"t":"C208"},"0AC":{"t":"PC12"},"0AF":{"t":"MD11"},"0BC":{"t":"P28A"},"0C3":{"t":"BE40"},"0C8":{"desc":"H2T"},"0CD":{"t":"SF50"},"0D7":{"t":"GLF5"},"0E5":{"t":"R44"},"0EA":{"t":"C560"},"0F5":{"desc":"L1P","t":"ULAC"},"0F7":{"t":"O1"},"0FA":{"t":"SR20"},"0FC":{"desc":"L1P","t":"ULAC"},"0FD":{"desc":"L1P"},"101":{"t":"GC1"},"106":{"desc":"L1P"},"10E":{"desc":"L1P"},"10F":{"desc":"L1P"},"110":{"desc":"L1P"},"11F":{"t":"GALX"},"127":{"t":"AEST"},"128":{"t":"AT8T"},"12D":{"t":"SS2T"},"12F":{"desc":"H1T"},"133":{"t":"SIRA"},"135":{"t":"ULAC"},"140":{"desc":"L1P"},"141":{"t":"C208"},"142":{"desc":"L1P"},"143":{"t":"S22T"},"14B":{"t":"GLF4"},"151":{"desc":"L1P"},"152":{"t":"S22T"},"155":{"t":"C82T"},"159":{"desc":"L1P"},"15D":{"t":"P28A"},"163":{"t":"A320"},"16B":{"desc":"L1P"},"173":{"t":"BE20"},"178":{"t":"AT8T"},"17E":{"t":"SR22"},"182":{"t":"PA31"},"183":{"t":"S22T"},"187":{"desc":"H4E"},"18B":{"t":"BE35"},"19B":{"desc":"H4E"},"19C":{"t":"C56X"},"1A5":{"desc":"L1J"},"1A6":{"t":"R44"},"1AA":{"t":"R44"},"1AD":{"t":"EA50"},"1AF":{"t":"SR22"},"1B0":{"desc":"L1P"},"1B2":{"t":"BE33"},"1B4":{"desc":"H4E"},"1B5":{"desc":"L1P"},"1B9":{"desc":"A1P"},"1BE":{"t":"BL8"},"1BF":{"desc":"H4E"},"1C0":{"t":"P28A"},"1C1":{"desc":"H4E"},"1C6":{"desc":"L1P"},"1C9":{"t":"F2TH"},"1CB":{"t":"C172"},"1CE":{"t":"SR20"},"1D2":{"t":"B733"},"1D3":{"desc":"L1P"},"1D7":{"desc":"L2J"},"1D8":{"t":"BALL"},"1D9":{"t":"C525"},"1DB":{"t":"ECHO"},"1DD":{"desc":"H1P"},"1DE":{"t":"C172"},"1E0":{"t":"P46T"},"1E2":{"t":"P28A"},"1E4":{"t":"S22T"},"1E7":{"desc":"L2J"},"1EA":{"t":"R44"},"1EB":{"desc":"L1P"},"1EC":{"t":"S22T"},"1FD":{"t":"BALL"},"205":{"desc":"L2J"},"20A":{"t":"COL4"},"214":{"t":"C185"},"222":{"t":"C82S"},"224":{"t":"C182"},"228":{"t":"ULAC"},"22D":{"t":"SR22"},"253":{"t":"WACF"},"26C":{"t":"C182"},"288":{"t":"C172"},"289":{"t":"C172"},"28C":{"desc":"A1P"},"28E":{"t":"P32R"},"28F":{"t":"RC3"},"293":{"desc":"L1P"},"295":{"t":"C72R"},"296":{"t":"BE9L"},"298":{"t":"PA31"},"29A":{"t":"P28A"},"29D":{"desc":"L1P"},"29F":{"t":"C172"},"2A1":{"t":"J3"},"2A2":{"t":"C82S"},"2A5":{"t":"C82S"},"2A6":{"t":"PRM1"},"2A8":{"t":"GLID"},"2A9":{"t":"C82S"},"2AA":{"t":"C182"},"2AC":{"t":"PA18"},"2B0":{"desc":"L1P"},"2B9":{"t":"C82T"},"2BB":{"desc":"L1P"},"2BD":{"t":"P28A"},"2BF":{"t":"BE35"},"2C6":{"t":"C172"},"2C7":{"desc":"L1P"},"2CA":{"t":"C185"},"2CB":{"desc":"L1P"},"2CD":{"t":"GLEX"},"2D0":{"t":"C172"},"2D4":{"t":"P28A"},"2D5":{"t":"C172"},"2D6":{"t":"AA1"},"2D8":{"t":"T210"},"2D9":{"t":"PA24"},"2DB":{"t":"T210"},"2DD":{"t":"C150"},"2DE":{"t":"T206"},"2DF":{"desc":"L1P","t":"LA4"},"2E1":{"t":"C310"},"2E5":{"desc":"L1P"},"2E6":{"t":"C172"},"2E7":{"t":"C172"},"2E9":{"t":"C172"},"2EB":{"t":"ST75"},"2EC":{"t":"C172"},"2F0":{"t":"C182"},"2F1":{"t":"C182"},"2F2":{"t":"C182"},"2F3":{"t":"C172"},"2F4":{"t":"C210"},"2F5":{"t":"C150"},"2F9":{"t":"C152"},"2FA":{"t":"C182"},"2FB":{"desc":"L2P"},"2FC":{"t":"PA24"},"2FD":{"t":"C320"},"2FE":{"t":"C182"},"300":{"t":"C150"},"305":{"t":"PA27"},"306":{"desc":"L2P"},"308":{"t":"ST75"},"30A":{"t":"C172"},"30D":{"t":"C172"},"30E":{"t":"C172"},"30F":{"t":"C180"},"313":{"t":"C182"},"315":{"t":"C172"},"316":{"t":"C172"},"319":{"t":"P28S"},"31A":{"t":"P28A"},"31F":{"t":"PA24"},"320":{"t":"C152"},"323":{"t":"C150"},"325":{"t":"C172"},"326":{"t":"P28A"},"329":{"t":"C310"},"32B":{"desc":"L1P"},"32C":{"t":"C172"},"32D":{"t":"C172"},"32E":{"t":"T206"},"330":{"t":"C180"},"331":{"t":"C172"},"332":{"t":"T206"},"336":{"t":"T210"},"337":{"t":"T206"},"338":{"t":"PA18"},"339":{"t":"C172"},"33A":{"t":"C210"},"33C":{"t":"J3"},"33D":{"t":"P28A"},"343":{"t":"C320"},"344":{"t":"T210"},"345":{"t":"C82S"},"346":{"t":"C150"},"348":{"desc":"L1P"},"349":{"t":"P28A"},"34A":{"t":"C310"},"34E":{"t":"C172"},"350":{"t":"C172"},"352":{"t":"C185"},"353":{"desc":"L1J"},"355":{"t":"C172"},"356":{"t":"C172"},"35B":{"t":"C172"},"35C":{"t":"C172"},"35E":{"t":"C182"},"360":{"t":"P28A"},"362":{"desc":"L1P"},"364":{"t":"T210"},"365":{"t":"C172"},"36B":{"desc":"L1P","t":"LA4"},"36C":{"t":"P28A"},"36D":{"t":"C82S"},"36F":{"t":"PA25"},"370":{"t":"C172"},"372":{"t":"C172"},"373":{"t":"C185"},"379":{"t":"C172"},"37A":{"desc":"L1P"},"37B":{"desc":"L1P"},"37C":{"t":"C182"},"37E":{"t":"C510"},"37F":{"t":"C172"},"380":{"t":"C82S"},"381":{"t":"C150"},"383":{"t":"P28R"},"385":{"desc":"L1P"},"38D":{"t":"BE33"},"38E":{"t":"BE9L"},"392":{"t":"C182"},"393":{"t":"PA24"},"394":{"t":"C172"},"395":{"t":"C172"},"396":{"t":"C172"},"397":{"t":"C172"},"398":{"t":"C172"},"39A":{"t":"C172"},"39C":{"t":"C172"},"39D":{"t":"GLID"},"39E":{"t":"BE36"},"39F":{"t":"C182"},"3A3":{"t":"C172"},"3A5":{"t":"PA27"},"3A6":{"t":"PA32"},"3A7":{"t":"C150"},"3A9":{"t":"M5"},"3AA":{"t":"C172"},"3AF":{"t":"C150"},"3B0":{"t":"BE35"},"3B2":{"t":"P28A"},"3B7":{"t":"DC3"},"3B8":{"t":"C172"},"3BA":{"t":"C82S"},"3BB":{"t":"C172"},"3BC":{"t":"YK55"},"3C1":{"desc":"L1P"},"3C2":{"t":"P28A"},"3C6":{"t":"C210"},"3C7":{"t":"C150"},"3C8":{"t":"P32R"},"3C9":{"t":"P32R"},"3CB":{"desc":"L1P"},"3CC":{"t":"S108"},"3CD":{"desc":"L1P"},"3CF":{"t":"C152"},"3D1":{"t":"C82S"},"3D3":{"t":"YK55"},"3D4":{"t":"C82S"},"3D6":{"t":"BE76"},"3D9":{"t":"C172"},"3DA":{"t":"C172"},"3DD":{"t":"C172"},"3E2":{"t":"C180"},"3E4":{"t":"NAVI"},"3E5":{"t":"BE36"},"3E7":{"t":"C182"},"3E8":{"t":"PA27"},"3E9":{"t":"G280"},"3EC":{"desc":"L1P","t":"ULAC"},"3ED":{"desc":"H1J"},"3EF":{"desc":"L1P"},"3F0":{"desc":"A1P"},"3F1":{"desc":"L1P"},"3F4":{"t":"AS50"},"3F6":{"desc":"L1P"},"3F7":{"t":"BT36"},"3F9":{"t":"C172"},"3FA":{"desc":"L1P"},"3FD":{"t":"SF50"},"3FF":{"t":"BE58"},"402":{"desc":"L1P"},"403":{"desc":"L1P"},"404":{"t":"GLID"},"405":{"desc":"L1P"},"406":{"t":"BE35"},"407":{"desc":"L1P"},"409":{"desc":"L1T"},"40B":{"t":"PA32"},"40D":{"desc":"L1P"},"40E":{"t":"BE35"},"40F":{"desc":"L1P"},"411":{"t":"BE24"},"412":{"desc":"L1P","t":"ULAC"},"415":{"desc":"L1P"},"417":{"t":"PA46"},"418":{"desc":"L1P"},"419":{"desc":"L2T","t":"DC3"},"41A":{"t":"R44"},"41C":{"t":"M20P"},"41D":{"t":"C150"},"41E":{"t":"SR22"},"41F":{"t":"BE18"},"420":{"t":"GLID"},"421":{"t":"AA5"},"422":{"t":"GLID"},"423":{"desc":"L2T"},"424":{"t":"ULAC"},"426":{"t":"GLID"},"429":{"t":"H60"},"42A":{"t":"BE58"},"42B":{"desc":"L1P"},"42C":{"desc":"L1P"},"42F":{"t":"ST75"},"430":{"t":"HUSK"},"431":{"desc":"L1T"},"432":{"desc":"L1P"},"433":{"desc":"L1P"},"434":{"t":"C310"},"435":{"t":"HUSK"},"436":{"t":"AEST"},"438":{"t":"PA32"},"43A":{"t":"DA42"},"43B":{"desc":"L1T"},"43D":{"desc":"L1P"},"43F":{"desc":"L1P"},"440":{"desc":"L1P"},"441":{"t":"FA50"},"443":{"t":"DA62"},"444":{"t":"C421"},"445":{"t":"M20P"},"446":{"desc":"L1P"},"449":{"desc":"L1P"},"44A":{"desc":"L1P"},"44B":{"t":"C185"},"44D":{"desc":"L1P"},"44E":{"desc":"A1P"},"450":{"t":"B06"},"451":{"desc":"L1P","t":"ULAC"},"453":{"t":"SF50"},"454":{"t":"BE35"},"458":{"t":"AA5"},"459":{"desc":"L1P"},"45A":{"desc":"L1P","t":"ULAC"},"45E":{"t":"BALL"},"460":{"t":"GLID"},"461":{"t":"B06"},"465":{"desc":"L1P"},"466":{"t":"BL8"},"467":{"t":"GLF5"},"469":{"desc":"L1P"},"46A":{"t":"C510"},"46D":{"t":"B06"},"471":{"t":"PA30"},"473":{"t":"BL8"},"47B":{"t":"PC12"},"47C":{"t":"BE35"},"481":{"desc":"L1P"},"482":{"t":"M20P"},"484":{"t":"C172"},"486":{"t":"BE36"},"48A":{"desc":"L1T"},"48C":{"t":"BE20"},"48F":{"t":"P32R"},"490":{"t":"PC12"},"493":{"desc":"L1P"},"497":{"desc":"H1T"},"499":{"desc":"A2P"},"4A1":{"t":"B06"},"4A2":{"t":"B350"},"4A3":{"desc":"L1P"},"4A5":{"t":"R44"},"4A6":{"desc":"L1P"},"4A8":{"t":"M20P"},"4AA":{"t":"HUSK"},"4AC":{"desc":"L1P"},"4AD":{"desc":"L1P"},"4AE":{"t":"BE36"},"4AF":{"t":"C421"},"4B0":{"desc":"L1P"},"4B2":{"t":"R22"},"4B3":{"desc":"L1P"},"4B5":{"t":"GLID"},"4B6":{"desc":"L1P"},"4B7":{"t":"C182"},"4B8":{"t":"C82R"},"4BD":{"desc":"L2P"},"4BE":{"desc":"L1J"},"4C1":{"desc":"A1P"},"4C5":{"t":"C180"},"4C6":{"desc":"L1P"},"4C8":{"desc":"L1P"},"4C9":{"t":"SR22"},"4CB":{"t":"BALL"},"4CD":{"t":"BE36"},"4CE":{"t":"C180"},"4CF":{"t":"C206"},"4D1":{"desc":"L1P"},"4D5":{"desc":"L1P"},"4D7":{"t":"GLID"},"4DD":{"t":"DA62"},"4E0":{"t":"BALL"},"4E1":{"desc":"L1P"},"4E2":{"t":"P46T"},"4E3":{"t":"BE36"},"4E5":{"t":"C182"},"4E7":{"t":"LJ55"},"4E9":{"desc":"L2P"},"4EA":{"t":"TBM7"},"4EB":{"t":"PA46"},"4EC":{"t":"P32R"},"4EF":{"desc":"L1P"},"4F0":{"t":"P46T"},"4F1":{"t":"C172"},"4F2":{"desc":"L2J"},"4F3":{"desc":"H1P"},"4F4":{"t":"F2TH"},"4F9":{"t":"LJ35"},"4FA":{"t":"DA62"},"4FB":{"t":"P28R"},"4FE":{"desc":"L1P"},"4FF":{"desc":"L1P"},"502":{"desc":"L1P","t":"ULAC"},"505":{"t":"PA34"},"508":{"desc":"H1T","t":"GLF5"},"509":{"desc":"L1P"},"50F":{"desc":"L1P","t":"ULAC"},"511":{"t":"P337"},"513":{"t":"DA62"},"517":{"t":"PC12"},"51D":{"t":"DA62"},"522":{"desc":"H1P"},"525":{"t":"F900"},"52A":{"t":"DV20"},"52B":{"t":"C172"},"52C":{"t":"P337"},"52E":{"t":"C510"},"530":{"t":"LJ35"},"533":{"t":"BE58"},"534":{"t":"BE58"},"535":{"t":"M20P"},"537":{"desc":"L1P","t":"ULAC"},"539":{"desc":"L1P"},"53A":{"t":"PTS2"},"542":{"t":"P28B"},"55C":{"t":"LJ35"},"55E":{"t":"EA50"},"55F":{"t":"J3"},"563":{"t":"CH7A"},"564":{"t":"BE33"},"565":{"t":"R44"},"567":{"t":"P28A"},"56F":{"desc":"L1P"},"570":{"desc":"L1P"},"571":{"t":"AS50"},"574":{"t":"P337"},"575":{"t":"BE9L"},"576":{"t":"P28B"},"57A":{"desc":"L1P"},"57B":{"desc":"L1P"},"57C":{"t":"C25B"},"57F":{"desc":"L1P"},"580":{"t":"C172"},"585":{"desc":"L1P"},"586":{"desc":"L2P"},"589":{"desc":"L1P"},"58A":{"desc":"L1P"},"58D":{"desc":"L1P"},"58F":{"desc":"L1P","t":"TB0"},"590":{"t":"BE36"},"591":{"desc":"L1P"},"592":{"t":"EA50"},"593":{"t":"M20P"},"595":{"t":"E300"},"598":{"t":"C550"},"599":{"t":"GLID"},"59A":{"desc":"L1P"},"59B":{"t":"BE35"},"59D":{"desc":"L1P"},"59E":{"t":"ST75"},"59F":{"desc":"L1P"},"5A1":{"t":"B06"},"5A3":{"desc":"L1P"},"5BF":{"t":"U21"},"5C0":{"t":"EN28"},"5C4":{"desc":"L1P"},"5C6":{"t":"LJ60"},"5CB":{"t":"PA46"},"5D3":{"t":"DA62"},"5D9":{"t":"C56X"},"5DA":{"t":"GLID"},"5DB":{"t":"BE20"},"5DD":{"desc":"L2P"},"5DE":{"t":"AEST"},"5DF":{"desc":"L1P","t":"ULAC"},"5E0":{"desc":"L1T"},"5E2":{"desc":"L1P"},"5E3":{"desc":"L1P"},"5E4":{"t":"C510"},"5E6":{"t":"C172"},"5E8":{"t":"SR20"},"5EA":{"t":"BE55"},"5ED":{"t":"BL8"},"5EF":{"t":"HUSK"},"5F0":{"desc":"L1P"},"5F4":{"desc":"L1P"},"5FC":{"t":"AEST"},"601":{"t":"LJ60"},"602":{"desc":"L1P"},"603":{"desc":"L1P","t":"ULAC"},"607":{"desc":"L1P"},"60A":{"desc":"L1P"},"60D":{"t":"F2TH"},"614":{"t":"CJ6"},"61A":{"t":"M20P"},"620":{"desc":"L1P"},"624":{"t":"B407"},"62F":{"t":"P46T"},"63B":{"desc":"L1P"},"63D":{"t":"P28A"},"63E":{"t":"S22T"},"640":{"t":"P28A"},"642":{"t":"E145"},"646":{"t":"T6"},"647":{"desc":"L1P"},"649":{"t":"WACF"},"64D":{"desc":"L2T"},"64E":{"t":"E50P"},"653":{"desc":"L1J"},"658":{"t":"C525"},"659":{"t":"PA32"},"65D":{"t":"ULAC"},"663":{"desc":"L1P"},"66F":{"t":"GLID"},"670":{"t":"C414"},"671":{"t":"P180"},"672":{"t":"PA18"},"675":{"desc":"L1P"},"679":{"desc":"H2T"},"67B":{"t":"C510"},"67D":{"desc":"H1P"},"67F":{"desc":"L1P"},"680":{"desc":"L1P"},"681":{"desc":"L1P","t":"ULAC"},"688":{"t":"BE35"},"689":{"t":"SR20"},"68A":{"t":"PAY2"},"68D":{"t":"B407"},"68E":{"t":"SR22"},"68F":{"t":"BE36"},"693":{"t":"B752"},"694":{"t":"CJ6"},"699":{"t":"RV12"},"69E":{"t":"F900"},"6A3":{"desc":"L1P"},"6A4":{"t":"SR22"},"6BA":{"desc":"L1P","t":"ULAC"},"6BC":{"t":"PC12"},"6BF":{"t":"MD11"},"6C8":{"desc":"L1P"},"6CB":{"desc":"L1P"},"6CC":{"t":"AA5"},"6D3":{"t":"BE55"},"6D4":{"desc":"L1P"},"6D5":{"t":"C25C"},"6DA":{"t":"R44"},"6E8":{"t":"C172"},"6ED":{"t":"S22T"},"6EE":{"desc":"H4E"},"6F7":{"t":"P28B"},"6FA":{"t":"T206"},"705":{"t":"P28A"},"706":{"t":"C172"},"707":{"desc":"L1P"},"709":{"desc":"H4E"},"70B":{"t":"CL30"},"70D":{"t":"GLF5"},"70E":{"t":"GLID"},"713":{"t":"C310"},"716":{"t":"P28A"},"71E":{"t":"GLEX"},"71F":{"desc":"H4E"},"723":{"t":"ASTR"},"726":{"t":"GLID"},"727":{"desc":"L1P","t":"ULAC"},"729":{"t":"ULAC"},"72A":{"desc":"L1P"},"737":{"desc":"L1P"},"73D":{"desc":"L1T","t":"M600"},"73E":{"t":"SHIP"},"73F":{"t":"B06"},"74C":{"desc":"H4E"},"750":{"desc":"L1P","t":"GLF4"},"751":{"t":"C560"},"75A":{"desc":"L1P","t":"ULAC"},"75B":{"t":"C525"},"75C":{"t":"C180"},"75E":{"desc":"L1P","t":"ULAC"},"761":{"t":"F2TH"},"762":{"t":"DA62"},"764":{"t":"SR22"},"769":{"desc":"L1P"},"770":{"t":"PC12"},"773":{"t":"A320"},"785":{"t":"DV20"},"788":{"desc":"L1J"},"78A":{"t":"BALL"},"78B":{"t":"CL60"},"78E":{"t":"P46T"},"790":{"desc":"H4E"},"7AC":{"t":"C68A"},"7B1":{"t":"E75L"},"7B4":{"desc":"L1P"},"7B6":{"t":"FA20"},"7B8":{"desc":"L2P"},"7B9":{"desc":"L1P"},"7BC":{"desc":"L1P","t":"ULAC"},"7BD":{"t":"S22T"},"7C0":{"t":"PA31"},"7C5":{"desc":"L1P"},"7CD":{"t":"CL60"},"7CE":{"desc":"L1P"},"7D1":{"desc":"L1P"},"7D5":{"desc":"L1P"},"7DB":{"t":"C172"},"7DE":{"t":"BE24"},"7E4":{"t":"GLEX"},"7E9":{"t":"C525"},"7EE":{"desc":"L1P","t":"ULAC"},"7EF":{"desc":"H2T"},"7F7":{"desc":"L1P"},"7FC":{"t":"C56X"},"80D":{"desc":"L4J"},"815":{"desc":"L2J"},"818":{"t":"F2TH"},"81A":{"t":"COL4"},"81B":{"desc":"H4E"},"832":{"t":"PC12"},"833":{"t":"C510"},"834":{"desc":"L1P"},"836":{"t":"BE9L"},"837":{"t":"PA31"},"838":{"t":"TBM7"},"842":{"desc":"L1P"},"843":{"t":"C182"},"84A":{"t":"F900"},"84D":{"desc":"H4E"},"85B":{"t":"BALL"},"863":{"desc":"L1P","t":"ULAC"},"87C":{"t":"BE58"},"885":{"t":"C82S"},"897":{"t":"T206"},"899":{"t":"C82S"},"89A":{"t":"C172"},"89D":{"t":"H25B"},"89F":{"t":"RC3"},"8A5":{"t":"C72R"},"8A6":{"t":"C150"},"8A8":{"t":"M20P"},"8A9":{"t":"BE35"},"8AA":{"t":"P28A"},"8AD":{"t":"PA25"},"8B0":{"t":"M5"},"8B1":{"t":"M5"},"8B5":{"t":"M5"},"8B8":{"desc":"L1P"},"8B9":{"t":"C82S"},"8BE":{"t":"M20P"},"8BF":{"t":"C150"},"8C1":{"t":"P32R"},"8C2":{"t":"RC3"},"8C4":{"t":"M5"},"8C6":{"t":"PA24"},"8CA":{"t":"C150"},"8CB":{"t":"T206"},"8CC":{"t":"BE35"},"8CD":{"t":"P28A"},"8CF":{"t":"M20P"},"8D3":{"t":"SS2T"},"8D4":{"t":"M5"},"8D6":{"t":"M5"},"8D8":{"t":"M5"},"8DD":{"t":"T210"},"8E5":{"desc":"A1P"},"8E8":{"desc":"L1P"},"8ED":{"desc":"L1P"},"8EE":{"t":"M20P"},"8EF":{"t":"BE33"},"8F1":{"desc":"L1P"},"8F4":{"t":"M5"},"8F5":{"t":"M5"},"8FA":{"t":"M5"},"8FB":{"t":"M5"},"8FE":{"desc":"L1P"},"902":{"t":"SS2T"},"903":{"t":"C172"},"906":{"t":"J3"},"907":{"t":"P28A"},"908":{"t":"BL8"},"909":{"t":"AA1"},"90B":{"t":"B47G"},"90C":{"t":"PA24"},"90E":{"t":"C150"},"913":{"t":"P28A"},"915":{"desc":"L1P"},"916":{"t":"PA25"},"917":{"t":"C182"},"919":{"desc":"L1P"},"91A":{"t":"M5"},"91B":{"t":"M5"},"91E":{"t":"M5"},"920":{"t":"M5"},"922":{"t":"PA38"},"927":{"t":"C172"},"928":{"t":"BALL"},"929":{"desc":"L1J"},"92A":{"t":"P28A"},"92B":{"t":"RC3"},"92D":{"t":"SS2T"},"92F":{"t":"C152"},"932":{"t":"C150"},"933":{"t":"C150"},"935":{"t":"BE35"},"936":{"t":"P28A"},"938":{"t":"ERCO"},"93A":{"t":"M5"},"93D":{"t":"M5"},"93E":{"t":"M5"},"93F":{"t":"M5"},"942":{"t":"T206"},"943":{"t":"C172"},"944":{"desc":"L1P"},"945":{"t":"PA38"},"949":{"t":"C172"},"94A":{"desc":"L1P"},"94B":{"t":"C150"},"94C":{"t":"C182"},"94D":{"t":"P28A"},"94F":{"t":"AA1"},"952":{"t":"PA24"},"954":{"t":"C150"},"955":{"t":"C150"},"956":{"t":"C82R"},"957":{"t":"M20P"},"958":{"t":"C72R"},"959":{"t":"P28A"},"95B":{"t":"PA27"},"95E":{"t":"M5"},"95F":{"t":"PA24"},"960":{"t":"J3"},"962":{"t":"M5"},"965":{"t":"C172"},"968":{"t":"C182"},"96B":{"t":"C172"},"96F":{"t":"PA34"},"970":{"t":"P28A"},"973":{"t":"S108"},"977":{"t":"C150"},"978":{"t":"C150"},"979":{"t":"BALL"},"97B":{"t":"BE55"},"97D":{"t":"T206"},"982":{"t":"M5"},"983":{"t":"M5"},"985":{"t":"J3"},"986":{"t":"M5"},"987":{"t":"M5"},"989":{"desc":"L2P"},"98B":{"t":"C182"},"98F":{"t":"C172"},"990":{"t":"BE9L"},"991":{"desc":"L1T"},"992":{"t":"C207"},"994":{"t":"C150"},"996":{"t":"C180"},"997":{"t":"PA34"},"998":{"t":"PA24"},"999":{"desc":"L1P"},"99B":{"desc":"L1P"},"99D":{"t":"M20P"},"99E":{"desc":"L1P","t":"LA4"},"99F":{"t":"P28A"},"9A3":{"t":"M5"},"9A5":{"t":"AA5"},"9A7":{"t":"J5"},"9AC":{"desc":"L1P"},"9B0":{"t":"C172"},"9B2":{"t":"C172"},"9B3":{"t":"C120"},"9B4":{"t":"C150"},"9B6":{"t":"P28R"},"9B7":{"t":"RC3"},"9B8":{"t":"CH7B"},"9BF":{"t":"C82R"},"9C0":{"t":"M20P"},"9C5":{"t":"PA25"},"9CE":{"t":"J3"},"9D3":{"t":"T210"},"9D4":{"desc":"L1P"},"9D5":{"t":"C172"},"9DA":{"t":"RC3"},"9DB":{"t":"AA1"},"9DC":{"t":"S108"},"9DD":{"t":"C182"},"9DE":{"t":"P210"},"9E2":{"t":"C82T"},"9E3":{"t":"T210"},"9E6":{"t":"C310"},"9EC":{"t":"C172"},"9ED":{"t":"J3"},"9EF":{"desc":"A2P"},"9F1":{"t":"C172"},"9F2":{"t":"J3"},"9F3":{"t":"PA16"},"9F4":{"t":"T210"},"9F6":{"desc":"L2J"},"9F7":{"t":"P28A"},"9F8":{"t":"C525"},"9F9":{"t":"E145"},"A02":{"t":"C150"},"A04":{"desc":"L2T"},"A05":{"t":"GLID"},"A06":{"t":"ULAC"},"A0A":{"t":"DC10"},"A0C":{"t":"B722"},"A0D":{"t":"BE35"},"A0E":{"t":"C152"},"A11":{"desc":"L1P"},"A15":{"desc":"G1P"},"A1E":{"desc":"L1P"},"A26":{"t":"S108"},"A27":{"t":"PA46"},"A28":{"t":"M20P"},"A29":{"desc":"A1P"},"A2A":{"t":"C560"},"A2C":{"t":"SR22"},"A2D":{"t":"GLID"},"A2F":{"t":"CJ6"},"A30":{"t":"S61"},"A31":{"t":"C182"},"A32":{"desc":"L1P"},"A33":{"t":"BE20"},"A34":{"t":"GLID"},"A38":{"t":"FDCT"},"A3F":{"t":"C82S"},"A41":{"t":"P32T"},"A42":{"t":"C72R"},"A44":{"t":"BE58"},"A45":{"desc":"L1P"},"A46":{"t":"S22T"},"A47":{"t":"C82R"},"A48":{"t":"CL60"},"A58":{"t":"CH7B"},"A59":{"t":"ULAC"},"A5C":{"t":"PA34"},"A64":{"t":"BE9T"},"A6D":{"t":"C172"},"A73":{"t":"AS50"},"A76":{"t":"MD11"},"A78":{"desc":"L1T","t":"M600"},"A7A":{"t":"P28A"},"A7C":{"t":"P28A"},"A7F":{"t":"C750"},"A83":{"t":"P28A"},"A86":{"t":"SR22"},"A8A":{"t":"BE55"},"A8C":{"t":"SR20"},"A95":{"desc":"L1P"},"A9C":{"t":"C337"},"AA2":{"t":"B350"},"AA3":{"desc":"L1P"},"AA7":{"t":"F2TH"},"AAB":{"t":"GLID"},"AB4":{"t":"P28A"},"ABC":{"desc":"L1P"},"ABD":{"t":"C525"},"ABE":{"t":"A320"},"AC0":{"desc":"L1P","t":"ULAC"},"AC1":{"t":"SR22"},"AC3":{"t":"BE20"},"AC4":{"t":"GLF4"},"ACC":{"desc":"L1P"},"AD5":{"t":"SR22"},"AD8":{"t":"E110"},"ADB":{"t":"SR22"},"ADD":{"t":"P32T"},"AE1":{"t":"C550"},"AE6":{"t":"TBM7"},"AE7":{"t":"C208"},"AE9":{"desc":"L1P","t":"ULAC"},"AF1":{"t":"SF50"},"AF2":{"desc":"L1P"},"AF5":{"t":"PA34"},"AFC":{"t":"PA32"},"AFF":{"t":"EC20"},"B00":{"t":"M20P"},"B07":{"desc":"L1P"},"B08":{"t":"C150"},"B09":{"t":"R66"},"B0A":{"t":"C82S"},"B0B":{"t":"F900"},"B0E":{"t":"GLID"},"B10":{"t":"B350"},"B13":{"t":"FA7X"},"B14":{"t":"PC24"},"B15":{"desc":"A1P","t":"ULAC"},"B17":{"t":"C150"},"B18":{"desc":"L1P"},"B1D":{"desc":"H4E"},"B20":{"t":"P46T"},"B24":{"t":"P28A"},"B26":{"desc":"H4E"},"B2A":{"t":"A320"},"B2C":{"t":"BE58"},"B32":{"t":"SR20"},"B39":{"t":"M7"},"B3A":{"t":"C152"},"B3C":{"t":"DV20"},"B40":{"t":"PA31"},"B41":{"desc":"H4E"},"B45":{"t":"C172"},"B49":{"t":"C25C"},"B4A":{"desc":"H4E"},"B4B":{"desc":"L1P"},"B4E":{"t":"C177"},"B52":{"t":"BE35"},"B63":{"t":"C68A"},"B6B":{"t":"PA18"},"B70":{"desc":"L1P"},"B72":{"desc":"L1P"},"B73":{"t":"BE36"},"B74":{"t":"SR22"},"B77":{"t":"P32R"},"B84":{"desc":"H1P"},"B86":{"t":"H25B"},"B87":{"t":"A109"},"B88":{"t":"GLF5"},"B8C":{"t":"AS50"},"B8D":{"t":"C182"},"B8E":{"desc":"L1P"},"B8F":{"desc":"L1P"},"B92":{"t":"C310"},"B94":{"t":"ST75"},"B95":{"desc":"L1T"},"B9D":{"t":"C172"},"B9E":{"desc":"L2T"},"BA4":{"t":"PA32"},"BA9":{"desc":"L1P"},"BAD":{"desc":"L1P"},"BB2":{"desc":"L1P"},"BB3":{"desc":"A1T","t":"KODI"},"BBE":{"desc":"H4E"},"BC4":{"desc":"L4J"},"BC7":{"t":"BALL"},"BCC":{"desc":"L2J"},"BCF":{"desc":"L1P"},"BD0":{"t":"A320"},"BD8":{"desc":"H1P"},"BE0":{"t":"LJ45"},"BE6":{"desc":"L9E"},"BEB":{"desc":"H1P"},"BEC":{"desc":"L1P"},"BF6":{"t":"H25B"},"BF9":{"t":"GLID"},"BFA":{"desc":"L1P"},"BFC":{"desc":"L1P"},"BFF":{"t":"SR22"},"C01":{"desc":"L1P"},"C13":{"desc":"L1P"},"C17":{"desc":"L1P","t":"ULAC"},"C36":{"t":"DA42"},"C4D":{"t":"C182"},"C51":{"t":"C172"},"C52":{"t":"C182"},"C53":{"t":"C150"},"C54":{"t":"J3"},"C56":{"t":"RC3"},"C57":{"t":"AA1"},"C5A":{"t":"PA24"},"C5B":{"t":"C152"},"C5E":{"t":"C82R"},"C60":{"t":"C82S"},"C63":{"t":"T206"},"C64":{"t":"T206"},"C69":{"t":"C172"},"C6A":{"t":"ST75"},"C6F":{"t":"AS50"},"C70":{"t":"C182"},"C71":{"t":"T210"},"C73":{"t":"C172"},"C76":{"desc":"L1P"},"C77":{"t":"SS2T"},"C78":{"t":"BE9L"},"C79":{"t":"C150"},"C7A":{"t":"AA1"},"C7B":{"t":"M5"},"C7D":{"t":"PA24"},"C7E":{"desc":"L1P"},"C81":{"t":"C150"},"C83":{"t":"AC11"},"C84":{"t":"P28A"},"C8A":{"t":"C172"},"C8D":{"t":"YK55"},"C8E":{"t":"P28A"},"C90":{"desc":"H1P"},"C91":{"t":"BE55"},"C92":{"desc":"L1P"},"C95":{"t":"SR22"},"C98":{"t":"C172"},"C99":{"t":"C172"},"C9A":{"t":"J3"},"C9D":{"t":"AA1"},"CA0":{"t":"PA24"},"CA2":{"t":"C72R"},"CA4":{"t":"C82R"},"CA5":{"t":"M20P"},"CA6":{"t":"BE55"},"CA7":{"t":"P28A"},"CA8":{"desc":"L2P"},"CA9":{"t":"C150"},"CAA":{"t":"M20P"},"CAE":{"desc":"L1P"},"CAF":{"desc":"H1P"},"CB3":{"t":"C172"},"CB5":{"desc":"L1P"},"CB6":{"t":"C182"},"CB8":{"t":"T206"},"CBA":{"t":"C172"},"CBD":{"t":"J3"},"CBF":{"t":"YK52"},"CC0":{"t":"C82S"},"CC5":{"t":"C72R"},"CC8":{"t":"M20P"},"CC9":{"desc":"L1P","t":"LA4"},"CCA":{"t":"P28A"},"CCE":{"t":"PT22"},"CD2":{"t":"ST75"},"CD3":{"t":"SS2T"},"CD4":{"t":"PA11"},"CD6":{"t":"ST75"},"CD7":{"t":"SS2T"},"CD8":{"desc":"H1P"},"CD9":{"t":"C182"},"CDE":{"t":"SS2T"},"CE2":{"t":"C150"},"CE5":{"t":"C82S"},"CE9":{"t":"C150"},"CEC":{"t":"T206"},"CF1":{"t":"BE33"},"CF3":{"t":"C172"},"CF4":{"desc":"L1P"},"CF5":{"t":"C172"},"CF7":{"t":"ST75"},"CF8":{"t":"P28A"},"CFC":{"t":"C182"},"CFD":{"t":"C182"},"D00":{"t":"C172"},"D04":{"t":"BALL"},"D07":{"t":"SS2T"},"D0A":{"desc":"L1P"},"D0C":{"t":"C150"},"D10":{"t":"P210"},"D11":{"desc":"L2P"},"D12":{"desc":"L1P"},"D17":{"t":"YK55"},"D1B":{"t":"CJ6"},"D1C":{"desc":"L1P"},"D1D":{"t":"ST75"},"D1F":{"t":"C182"},"D22":{"t":"SS2T"},"D23":{"t":"C172"},"D27":{"t":"P28A"},"D28":{"t":"SS2T"},"D2A":{"t":"SS2T"},"D2B":{"t":"C82S"},"D2C":{"t":"PA24"},"D2E":{"t":"C72R"},"D2F":{"t":"C150"},"D30":{"desc":"L1J"},"D31":{"t":"SS2T"},"D32":{"t":"BE35"},"D34":{"t":"PA25"},"D3A":{"t":"B25"},"D3E":{"t":"ST75"},"D41":{"desc":"L1P"},"D44":{"t":"P28B"},"D45":{"desc":"L2P"},"D46":{"t":"C172"},"D49":{"t":"P28A"},"D4A":{"t":"P28A"},"D4B":{"t":"C150"},"D4C":{"t":"AA1"},"D4F":{"t":"PA24"},"D50":{"t":"C182"},"D51":{"t":"C150"},"D52":{"t":"C150"},"D5B":{"desc":"H1P"},"D63":{"t":"J3"},"D66":{"t":"C182"},"D69":{"t":"C172"},"D6B":{"t":"C172"},"D6D":{"t":"P28A"},"D72":{"t":"PA24"},"D73":{"desc":"L1P"},"D74":{"t":"C150"},"D77":{"t":"M20P"},"D78":{"t":"BE35"},"D7A":{"t":"BE33"},"D7B":{"t":"T210"},"D7C":{"t":"PA25"},"D7F":{"t":"ST75"},"D86":{"t":"BE24"},"D88":{"t":"PA38"},"D8A":{"t":"C340"},"D8C":{"t":"C172"},"D8D":{"t":"C182"},"D91":{"t":"C150"},"D92":{"t":"AA1"},"D93":{"desc":"L1P"},"D94":{"t":"C182"},"D97":{"t":"C150"},"D99":{"t":"C150"},"D9A":{"t":"C180"},"D9B":{"t":"BE33"},"D9E":{"t":"PA27"},"DA5":{"t":"C172"},"DA7":{"desc":"L1P"},"DA9":{"t":"C172"},"DAA":{"t":"R44"},"DAD":{"t":"S22T"},"DAE":{"t":"BL8"},"DAF":{"t":"SR22"},"DB0":{"t":"E145"},"DB1":{"t":"PC12"},"DB2":{"t":"G164"},"DB4":{"t":"PA31"},"DB7":{"desc":"L1P"},"DB9":{"t":"C150"},"DBC":{"t":"B737"},"DBD":{"t":"C500"},"DC1":{"desc":"L1J"},"DC4":{"t":"PA30"},"DC9":{"desc":"L1P"},"DCC":{"desc":"L1P"},"DD0":{"t":"E300"},"DDD":{"t":"SR22"},"DDE":{"t":"PA24"},"DDF":{"t":"BL8"},"DE1":{"t":"CJ6"},"DE3":{"t":"HUSK"},"DE7":{"t":"GL5T"},"DE9":{"t":"C172"},"DEB":{"t":"SR20"},"DF1":{"desc":"L1P"},"DF6":{"t":"CL60"},"DF7":{"t":"SR20"},"DF8":{"t":"SS2T"},"DF9":{"t":"C185"},"DFB":{"desc":"L1P"},"DFD":{"t":"HUSK"},"E02":{"t":"SR22"},"E07":{"t":"DA40"},"E08":{"t":"SR20"},"E0C":{"t":"M20P"},"E0F":{"t":"C172"},"E10":{"desc":"L1P"},"E17":{"desc":"H6E"},"E1D":{"desc":"L1P"},"E25":{"desc":"L1P"},"E2A":{"t":"AS50"},"E2D":{"t":"C182"},"E30":{"t":"C182"},"E33":{"t":"P28A"},"E34":{"desc":"H4E"},"E3A":{"t":"AA5"},"E41":{"desc":"L1P"},"E48":{"t":"DA42"},"E4B":{"t":"GLF4"},"E53":{"desc":"L1P"},"E5A":{"desc":"L1P"},"E63":{"t":"SR20"},"E6B":{"desc":"L1P"},"E73":{"desc":"L1P"},"E74":{"t":"AT5T"},"E75":{"t":"PA44"},"E76":{"desc":"L1P"},"E77":{"t":"CL60"},"E7A":{"desc":"L2P"},"E7B":{"t":"S22T"},"E81":{"desc":"L1P"},"E84":{"desc":"L1P"},"E89":{"desc":"H1T"},"E8C":{"t":"PA27"},"E8E":{"desc":"H1P"},"E8F":{"t":"C182"},"E98":{"t":"BE20"},"E9C":{"t":"H25B"},"E9D":{"desc":"L1P"},"EAD":{"t":"M7"},"EB0":{"desc":"L1P"},"EB3":{"t":"C310"},"EB5":{"desc":"H4E"},"EB6":{"desc":"L1P"},"EB7":{"desc":"H1T"},"EBF":{"t":"TBM7"},"EC2":{"t":"PA46"},"EC5":{"t":"C25B"},"EC7":{"desc":"L1P"},"ECC":{"t":"R22"},"ECE":{"desc":"L1P","t":"ULAC"},"ED7":{"t":"CL30"},"EDB":{"t":"P28A"},"EE1":{"t":"A320"},"EE2":{"t":"R22"},"EE5":{"desc":"H4E"},"EF0":{"t":"SF50"},"EF2":{"t":"H500"},"EF7":{"t":"C550"},"EF8":{"desc":"H4E"},"EFA":{"t":"TBM7"},"EFC":{"t":"C650"},"EFE":{"t":"EC35"},"F1A":{"t":"C68A"},"F1B":{"t":"C310"},"F1F":{"t":"E75L"},"F22":{"t":"BE60"},"F23":{"desc":"H1P"},"F25":{"t":"S22T"},"F28":{"t":"C152"},"F29":{"t":"HUSK"},"F34":{"t":"GLID"},"F37":{"desc":"L1P"},"F3B":{"t":"ST75"},"F3C":{"t":"R22"},"F3E":{"desc":"L1P"},"F3F":{"desc":"L1P"},"F41":{"t":"G150"},"F43":{"desc":"H1P"},"F45":{"t":"S22T"},"F46":{"t":"C525"},"F54":{"t":"BE58"},"F56":{"t":"PA27"},"F57":{"t":"R22"},"F58":{"t":"SR22"},"F5A":{"t":"C560"},"F5B":{"desc":"L1P","t":"ULAC"},"F5C":{"desc":"H1P"},"F5F":{"desc":"L1P"},"F60":{"t":"TBM8"},"F62":{"t":"C208"},"F64":{"t":"C421"},"F66":{"desc":"L1P"},"F69":{"t":"FDCT"},"F7B":{"desc":"L4J"},"F83":{"desc":"L2J"},"F86":{"t":"BE33"},"F87":{"t":"A320"},"F8E":{"desc":"A1P","t":"ULAC"},"F94":{"desc":"L1P"},"F9D":{"desc":"L5E"},"F9F":{"t":"GLID"},"FA1":{"t":"T206"},"FA3":{"desc":"L1P"},"FAB":{"t":"F900"},"FAF":{"desc":"L1P"},"FB4":{"t":"S76"},"FEA":{"t":"BE35"}}