{"003":{"desc":"G1P","t":"GYRO"},"008":{"t":"C172"},"009":{"t":"C337"},"00A":{"t":"C150"},"00B":{"t":"J3"},"00C":{"t":"P28B"},"00D":{"t":"C150"},"010":{"t":"C182"},"014":{"desc":"L1P"},"015":{"t":"C150"},"016":{"t":"M20P"},"018":{"t":"P28A"},"01D":{"t":"ST75"},"022":{"t":"S55P"},"024":{"t":"S55P"},"025":{"t":"C172"},"026":{"desc":"L1P"},"027":{"t":"C182"},"028":{"t":"C152"},"029":{"t":"C340"},"02B":{"t":"C172"},"02F":{"t":"P32R"},"030":{"t":"C150"},"031":{"t":"AA1"},"032":{"t":"S108"},"034":{"t":"PA24"},"039":{"t":"M20P"},"03B":{"t":"P28A"},"03C":{"t":"P28A"},"046":{"t":"C172"},"047":{"t":"C172"},"04A":{"t":"C182"},"04C":{"t":"J3"},"04E":{"t":"C172"},"04F":{"t":"C182"},"050":{"t":"C150"},"051":{"t":"P28R"},"052":{"t":"P32R"},"053":{"t":"RC3"},"054":{"t":"BALL"},"057":{"t":"PA24"},"059":{"t":"C150"},"05A":{"t":"P28R"},"063":{"t":"B47G"},"06E":{"t":"T210"},"06F":{"desc":"L1P"},"073":{"t":"C150"},"075":{"t":"P28A"},"078":{"t":"M5"},"07C":{"t":"C150"},"07D":{"t":"C150"},"07F":{"t":"M20P"},"080":{"t":"C72R"},"082":{"t":"YK52"},"083":{"t":"PA25"},"085":{"desc":"L1P"},"090":{"t":"C182"},"095":{"t":"C182"},"098":{"t":"P28A"},"099":{"t":"RC3"},"09A":{"t":"AA1"},"09B":{"t":"M5"},"0A2":{"t":"M20P"},"0A3":{"t":"BE33"},"0A5":{"desc":"L2P"},"0A9":{"t":"ST75"},"0AC":{"t":"C172"},"0AD":{"t":"C172"},"0B3":{"t":"C182"},"0B8":{"desc":"L1P"},"0BB":{"t":"P28A"},"0BE":{"t":"M5"},"0C0":{"t":"PA24"},"0C1":{"t":"C180"},"0C2":{"t":"C72R"},"0C4":{"t":"C150"},"0C8":{"t":"C340"},"0CA":{"t":"PA25"},"0CF":{"t":"BE58"},"0D5":{"t":"C172"},"0D6":{"t":"C182"},"0D9":{"desc":"L2P"},"0DB":{"t":"C182"},"0DD":{"t":"UH1"},"0DE":{"t":"P28A"},"0DF":{"t":"C150"},"0E3":{"t":"PA24"},"0E9":{"t":"BE55"},"0EA":{"t":"P28A"},"0F4":{"t":"C172"},"0F7":{"t":"H269"},"0F8":{"t":"AS50"},"0F9":{"t":"C182"},"0FE":{"t":"C182"},"102":{"t":"C150"},"103":{"t":"AA1"},"108":{"t":"C150"},"10A":{"t":"C82T"},"10B":{"t":"M20P"},"10F":{"t":"T210"},"110":{"t":"M20P"},"114":{"t":"H269"},"116":{"t":"UH12"},"117":{"t":"C82S"},"121":{"t":"C337"},"122":{"desc":"A1P"},"123":{"t":"J3"},"124":{"t":"PA32"},"125":{"t":"C172"},"127":{"t":"S108"},"128":{"t":"C172"},"12B":{"t":"C150"},"12C":{"t":"C150"},"12D":{"desc":"L1P"},"12F":{"t":"BE33"},"130":{"t":"P28A"},"131":{"t":"C340"},"135":{"t":"C172"},"137":{"t":"C172"},"13A":{"desc":"L1P","t":"TB0"},"13B":{"t":"C172"},"13F":{"t":"C182"},"141":{"t":"T210"},"143":{"t":"C182"},"144":{"t":"C182"},"147":{"t":"P32R"},"14A":{"t":"M5"},"14B":{"t":"C82S"},"14C":{"t":"PA24"},"14D":{"t":"C172"},"151":{"t":"M20P"},"152":{"desc":"L2P"},"153":{"t":"P28A"},"157":{"desc":"L1P"},"159":{"t":"S58P"},"15A":{"t":"H269"},"15D":{"t":"C172"},"160":{"t":"C140"},"161":{"t":"GLID"},"162":{"t":"PA22"},"165":{"t":"PC12"},"166":{"t":"S22T"},"167":{"t":"E145"},"168":{"t":"C152"},"16E":{"t":"BL17"},"170":{"t":"C150"},"173":{"t":"GLID"},"178":{"desc":"L1J"},"17B":{"desc":"L1P"},"17C":{"t":"PC12"},"17D":{"t":"U21"},"17E":{"t":"B773"},"181":{"t":"AT8T"},"182":{"t":"C550"},"189":{"desc":"L1P"},"196":{"desc":"L1P","t":"ULAC"},"197":{"t":"P28B"},"198":{"t":"SR22"},"19E":{"t":"S61"},"1A2":{"t":"SR20"},"1A5":{"t":"BE35"},"1A6":{"t":"F2TH"},"1AD":{"t":"P46T"},"1AE":{"t":"SR20"},"1B0":{"t":"T6"},"1BD":{"desc":"L1P","t":"ULAC"},"1BE":{"t":"DA40"},"1BF":{"t":"E50P"},"1C2":{"t":"C182"},"1C6":{"t":"PC12"},"1D1":{"desc":"L1P"},"1D2":{"t":"ULAC"},"1D4":{"t":"C180"},"1D7":{"t":"SR22"},"1E2":{"t":"LJ45"},"1E4":{"t":"MD11"},"1E6":{"t":"P46T"},"1F1":{"t":"P28A"},"1F8":{"desc":"L1P"},"213":{"t":"C172"},"214":{"t":"B06"},"215":{"t":"F2TH"},"226":{"desc":"H4E"},"22A":{"desc":"L1P","t":"ULAC"},"22C":{"t":"A320"},"22D":{"desc":"L1P"},"22F":{"t":"PA18"},"230":{"desc":"L1P"},"232":{"desc":"L1P"},"234":{"desc":"H4E"},"237":{"t":"PA44"},"243":{"desc":"L1P","t":"ULAC"},"24E":{"t":"BALL"},"24F":{"t":"LJ35"},"255":{"t":"SF50"},"258":{"t":"C172"},"25D":{"t":"AT3T"},"25F":{"desc":"L1P","t":"ULAC"},"260":{"desc":"L1P"},"265":{"desc":"L1P"},"26E":{"desc":"L1P","t":"ULAC"},"273":{"desc":"L1P","t":"ULAC"},"275":{"t":"GLID"},"277":{"t":"DA62"},"27D":{"t":"BE33"},"27E":{"desc":"L1P"},"283":{"t":"PA18"},"286":{"t":"GLF5"},"28A":{"desc":"L1P"},"298":{"t":"A320"},"2A4":{"t":"GLID"},"2A8":{"t":"C152"},"2A9":{"t":"UH1"},"2AA":{"t":"ULAC"},"2AB":{"t":"AS50"},"2AE":{"t":"C421"},"2AF":{"desc":"H4E"},"2B3":{"t":"C650"},"2B9":{"t":"PA46"},"2C0":{"t":"B06"},"2D1":{"t":"C68A"},"2D5":{"t":"F2TH"},"2D6":{"t":"E75L"},"2DA":{"t":"B190"},"2DB":{"t":"AT6T"},"2DC":{"desc":"L1P"},"2E1":{"t":"B703"},"2E3":{"t":"BALL"},"2EA":{"desc":"L1P"},"2ED":{"t":"RV12"},"2F2":{"desc":"L1P"},"2F5":{"t":"AA5"},"2F6":{"t":"SR22"},"300":{"t":"C172"},"302":{"t":"SR22"},"307":{"t":"B733"},"308":{"desc":"L1P","t":"ULAC"},"30B":{"t":"BE35"},"30C":{"t":"GLF5"},"30D":{"desc":"L1P"},"30E":{"t":"AC11"},"313":{"t":"COL4"},"317":{"desc":"H2T"},"31C":{"t":"C25B"},"320":{"desc":"L1P"},"332":{"desc":"L4J"},"335":{"t":"B742"},"33A":{"desc":"L2J"},"33E":{"t":"A320"},"34E":{"t":"SR22"},"356":{"t":"AA1"},"359":{"t":"P28U"},"35F":{"t":"P28R"},"362":{"t":"SR22"},"368":{"t":"C205"},"36F":{"t":"GLID"},"372":{"desc":"H4E"},"385":{"t":"GLID"},"38A":{"t":"GLID"},"39A":{"desc":"L1P"},"3BA":{"t":"C150"},"3BD":{"desc":"H4E"},"3BE":{"t":"C172"},"3BF":{"t":"C172"},"3C2":{"t":"PA34"},"3C3":{"t":"P32R"},"3C4":{"t":"RC3"},"3C5":{"t":"GLID"},"3C9":{"t":"C152"},"3CB":{"t":"C150"},"3CD":{"t":"M20P"},"3CE":{"t":"BALL"},"3D0":{"desc":"L1P","t":"ULAC"},"3D1":{"t":"PA27"},"3D3":{"t":"BE9L"},"3D4":{"t":"GLID"},"3DA":{"desc":"L1P"},"3DE":{"t":"BE36"},"3DF":{"desc":"L1P"},"3E2":{"t":"C172"},"3E3":{"t":"C172"},"3E5":{"t":"P28A"},"3E8":{"t":"CH7B"},"3ED":{"t":"C150"},"3F2":{"t":"P28A"},"3FA":{"desc":"L1T"},"400":{"t":"E55P"},"401":{"t":"C182"},"404":{"t":"C172"},"408":{"t":"P28A"},"409":{"desc":"L1P"},"40A":{"t":"RC3"},"410":{"t":"C150"},"412":{"t":"C150"},"414":{"t":"BE36"},"415":{"t":"P28A"},"422":{"t":"UH12"},"424":{"t":"C182"},"427":{"t":"C172"},"429":{"t":"C182"},"42A":{"t":"BE36"},"42B":{"t":"J3"},"42D":{"desc":"L1P"},"42F":{"t":"S108"},"430":{"desc":"L1P"},"434":{"t":"C150"},"436":{"t":"M20P"},"437":{"desc":"L1P"},"439":{"t":"BE36"},"43B":{"t":"T206"},"43E":{"t":"C172"},"444":{"desc":"L1P"},"445":{"t":"LAMA"},"447":{"t":"C182"},"448":{"t":"T210"},"449":{"t":"P28A"},"44E":{"t":"J3"},"44F":{"t":"P28A"},"450":{"t":"RC3"},"451":{"desc":"L1P"},"453":{"desc":"L1P"},"456":{"t":"C150"},"457":{"t":"C150"},"459":{"t":"M20P"},"45A":{"desc":"L1P"},"45B":{"t":"P28A"},"45C":{"desc":"L1P"},"45E":{"t":"BE36"},"45F":{"desc":"L1P"},"466":{"t":"UH12"},"467":{"t":"C172"},"46A":{"t":"C182"},"46E":{"t":"C172"},"471":{"t":"P28A"},"472":{"t":"P28A"},"473":{"t":"C150"},"475":{"desc":"L1J"},"47A":{"t":"C150"},"47B":{"t":"C172"},"480":{"t":"PA27"},"481":{"desc":"L1P"},"482":{"t":"C172"},"485":{"desc":"L1P"},"486":{"t":"C172"},"487":{"desc":"L1P"},"489":{"desc":"L1P"},"48A":{"desc":"L1P"},"48F":{"t":"P28R"},"494":{"t":"J3"},"495":{"t":"P28A"},"498":{"t":"C182"},"49A":{"t":"PA24"},"49F":{"t":"C140"},"4A0":{"t":"BE36"},"4A3":{"t":"BE55"},"4A5":{"t":"GLID"},"4A6":{"desc":"H1T","t":"UH12"},"4A8":{"t":"C172"},"4A9":{"t":"O1"},"4AC":{"t":"PA18"},"4AD":{"t":"C310"},"4B4":{"t":"C172"},"4B5":{"t":"C182"},"4B6":{"desc":"L1P"},"4B8":{"t":"P28A"},"4BA":{"t":"AA1"},"4BE":{"desc":"L1P"},"4BF":{"t":"C150"},"4C1":{"t":"C150"},"4C2":{"t":"M20P"},"4C6":{"t":"T210"},"4C8":{"t":"AT8T"},"4CA":{"t":"UH12"},"4CD":{"desc":"L1P"},"4D1":{"t":"BE36"},"4D3":{"t":"C172"},"4D5":{"desc":"L1P"},"4DB":{"t":"P28R"},"4DD":{"t":"AA1"},"4E2":{"t":"C150"},"4E4":{"t":"C150"},"4E5":{"t":"C206"},"4E6":{"t":"BE35"},"4E7":{"t":"P28A"},"4E9":{"t":"PA27"},"4EA":{"t":"PA25"},"4EF":{"t":"BE35"},"4F6":{"t":"C182"},"4F9":{"t":"C172"},"4FA":{"t":"C172"},"4FB":{"t":"C172"},"4FE":{"t":"P28R"},"500":{"desc":"L1P"},"501":{"t":"M5"},"502":{"desc":"L1P"},"505":{"t":"C150"},"506":{"desc":"L1P"},"508":{"desc":"L1P"},"50A":{"desc":"L1P"},"50C":{"t":"T210"},"50D":{"t":"PA25"},"50E":{"t":"GLID"},"510":{"t":"UH12"},"512":{"t":"ST75"},"518":{"desc":"L1P","t":"ULAC"},"519":{"t":"PA22"},"51C":{"desc":"L1P"},"51D":{"t":"AS55"},"51E":{"t":"E145"},"520":{"t":"B752"},"524":{"t":"C208"},"525":{"desc":"H2T"},"527":{"t":"BL8"},"528":{"t":"P28A"},"52F":{"desc":"L1J"},"533":{"t":"BE20"},"534":{"t":"AC11"},"535":{"t":"C337"},"536":{"desc":"L1P"},"538":{"t":"AT8T"},"539":{"t":"GLID"},"540":{"t":"GLEX"},"542":{"t":"GLEX"},"543":{"desc":"L1P"},"544":{"desc":"L1P"},"54B":{"t":"BE36"},"54C":{"t":"C402"},"54D":{"t":"C441"},"54F":{"t":"SR22"},"550":{"desc":"H1P"},"551":{"t":"C182"},"552":{"t":"C182"},"555":{"t":"S61"},"557":{"t":"SR22"},"559":{"t":"SR20"},"55C":{"t":"S22T"},"560":{"t":"PA32"},"564":{"t":"BE35"},"567":{"desc":"L1P","t":"ULAC"},"568":{"t":"J3"},"56B":{"desc":"L1P"},"56C":{"desc":"L1P"},"56E":{"t":"BE35"},"571":{"t":"LJ60"},"572":{"t":"PA32"},"574":{"t":"C207"},"575":{"t":"DA40"},"588":{"desc":"H1T"},"58D":{"t":"C207"},"58E":{"t":"RV12"},"58F":{"desc":"L1P"},"59B":{"t":"MD11"},"5A8":{"t":"P28A"},"5AF":{"desc":"L1P"},"5B1":{"desc":"L1P","t":"ULAC"},"5B5":{"t":"C56X"},"5B7":{"desc":"L1P"},"5B8":{"t":"GLF4"},"5C1":{"t":"P32T"},"5C4":{"t":"M20T"},"5C8":{"t":"EN28"},"5CE":{"t":"UH1"},"5D9":{"t":"S22T"},"5E2":{"t":"C170"},"5E3":{"t":"A320"},"5E4":{"desc":"L1P"},"5F1":{"t":"C208"},"5FA":{"t":"B06"},"5FD":{"t":"S22T"},"5FE":{"t":"CL30"},"60A":{"t":"SR20"},"60B":{"t":"AS50"},"617":{"desc":"L1P"},"61E":{"desc":"L1P","t":"TB0"},"62C":{"t":"C182"},"62D":{"t":"T206"},"62F":{"desc":"L1P"},"631":{"t":"PA31"},"638":{"desc":"L1P"},"63A":{"desc":"L2J"},"63D":{"desc":"L1P"},"63E":{"t":"C210"},"643":{"t":"CL60"},"644":{"desc":"L1P"},"645":{"t":"GLF5"},"646":{"desc":"L1P"},"649":{"desc":"L1P"},"64F":{"t":"A320"},"653":{"t":"BE35"},"65F":{"t":"C152"},"662":{"t":"GLF4"},"664":{"t":"C82S"},"666":{"desc":"H4E"},"668":{"t":"C421"},"669":{"t":"C550"},"670":{"desc":"L1P"},"676":{"desc":"L1P"},"677":{"t":"BE35"},"67A":{"desc":"H12E"},"688":{"t":"C68A"},"68D":{"t":"E75L"},"690":{"desc":"L1P"},"693":{"desc":"L1P"},"698":{"t":"B703"},"699":{"desc":"L1P"},"69C":{"t":"GLID"},"69E":{"t":"SR22"},"6A1":{"t":"SR22"},"6A5":{"desc":"L1P"},"6A9":{"desc":"L1P"},"6AA":{"t":"S22T"},"6AC":{"t":"SR22"},"6AD":{"t":"AS50"},"6AE":{"t":"PA18"},"6B0":{"desc":"L1P"},"6B9":{"t":"SR22"},"6BD":{"t":"C680"},"6BF":{"desc":"L1P"},"6C2":{"t":"BE35"},"6C3":{"t":"C172"},"6C4":{"t":"PA44"},"6C6":{"desc":"H2T"},"6C7":{"t":"BE58"},"6C8":{"desc":"L1P"},"6CE":{"t":"C82S"},"6E1":{"t":"ULAC"},"6E9":{"desc":"L4J"},"6EC":{"t":"B742"},"6F1":{"desc":"L2J"},"6F5":{"t":"A320"},"70D":{"t":"C182"},"710":{"t":"R44"},"713":{"desc":"L1P"},"71B":{"t":"C56X"},"71F":{"desc":"L1P","t":"ULAC"},"726":{"t":"GLID"},"727":{"t":"B738"},"734":{"desc":"L1P"},"740":{"desc":"L1E"},"759":{"desc":"L1E"},"772":{"t":"PA38"},"773":{"t":"T210"},"774":{"t":"P32T"},"776":{"t":"C172"},"778":{"desc":"L1P"},"779":{"t":"P28A"},"77A":{"t":"C82S"},"77B":{"t":"RC3"},"77C":{"t":"AA1"},"77D":{"t":"S108"},"77E":{"desc":"L1P"},"77F":{"t":"PA24"},"781":{"desc":"L1P"},"783":{"desc":"L1P"},"784":{"t":"M20P"},"785":{"t":"BE35"},"787":{"t":"C340"},"78A":{"t":"C182"},"78E":{"t":"C82S"},"78F":{"t":"C172"},"791":{"t":"C172"},"793":{"t":"UH12"},"795":{"t":"C182"},"796":{"t":"T206"},"797":{"t":"PA34"},"798":{"t":"ST75"},"799":{"t":"C172"},"79A":{"t":"C182"},"7A0":{"t":"M5"},"7A4":{"t":"C150"},"7A6":{"t":"C150"},"7A7":{"t":"M20P"},"7A9":{"t":"P28A"},"7AC":{"t":"T206"},"7AF":{"t":"ST75"},"7B3":{"t":"ST75"},"7B5":{"desc":"L1P"},"7B7":{"desc":"L1P"},"7BA":{"t":"P28A"},"7BC":{"t":"C172"},"7BD":{"t":"C172"},"7BE":{"t":"C150"},"7C0":{"t":"P28A"},"7C2":{"t":"AA1"},"7C3":{"t":"S108"},"7C9":{"t":"C150"},"7CC":{"t":"P28A"},"7D0":{"t":"ST75"},"7D5":{"t":"C172"},"7D6":{"t":"ST75"},"7D7":{"desc":"L1P"},"7D9":{"t":"C172"},"7DB":{"t":"C182"},"7DD":{"t":"C210"},"7DE":{"desc":"L1P"},"7E0":{"t":"C337"},"7E1":{"t":"C150"},"7E2":{"t":"J3"},"7E4":{"t":"C172"},"7E9":{"t":"C152"},"7EB":{"t":"C150"},"7EC":{"t":"C150"},"7EE":{"t":"BE35"},"7F0":{"desc":"L1P"},"7F2":{"t":"C206"},"7F7":{"t":"GLID"},"7F8":{"desc":"L1P"},"7FD":{"desc":"L1P"},"7FE":{"t":"C182"},"802":{"t":"C172"},"803":{"t":"C337"},"806":{"t":"P28A"},"807":{"desc":"L1P"},"80B":{"t":"PA24"},"80D":{"t":"C150"},"80F":{"t":"C150"},"810":{"t":"M20P"},"811":{"desc":"L1P","t":"LA4"},"812":{"t":"P28A"},"81A":{"t":"C172"},"81D":{"t":"C172"},"821":{"t":"C182"},"824":{"t":"C172"},"826":{"t":"C337"},"827":{"t":"C150"},"828":{"t":"J3"},"82D":{"t":"C182"},"82E":{"t":"PA24"},"831":{"t":"C82R"},"832":{"t":"C150"},"836":{"t":"C182"},"83A":{"desc":"L1P"},"83E":{"desc":"H1T","t":"UH12"},"840":{"t":"C172"},"841":{"t":"UH12"},"844":{"t":"C182"},"845":{"t":"T210"},"849":{"t":"C337"},"84A":{"t":"C150"},"84D":{"t":"C150"},"84E":{"desc":"L1P"},"851":{"t":"C152"},"853":{"t":"C150"},"861":{"t":"ST75"},"862":{"desc":"L1P"},"865":{"desc":"L1P"},"867":{"desc":"L1P"},"869":{"t":"C82S"},"86B":{"t":"C172"},"86D":{"t":"C150"},"871":{"desc":"L1P"},"879":{"t":"M20P"},"87A":{"t":"BE35"},"880":{"desc":"L1P"},"881":{"desc":"L1P"},"884":{"t":"C172"},"885":{"t":"FA62"},"887":{"t":"PA27"},"888":{"t":"ST75"},"889":{"t":"H500"},"88B":{"t":"C152"},"88C":{"t":"P28A"},"88D":{"t":"C172"},"891":{"t":"J3"},"895":{"t":"M5"},"898":{"t":"C310"},"89A":{"t":"C82S"},"89B":{"t":"C150"},"8A5":{"desc":"H1P"},"8A8":{"t":"C172"},"8AA":{"t":"C172"},"8AB":{"t":"ST75"},"8AD":{"desc":"L1P"},"8B1":{"t":"C172"},"8B3":{"t":"C150"},"8B5":{"t":"P32R"},"8BA":{"t":"PA24"},"8BB":{"t":"C402"},"8BC":{"t":"C150"},"8BD":{"t":"C150"},"8C0":{"t":"C72R"},"8C1":{"t":"P28A"},"8C3":{"t":"PA27"},"8C6":{"t":"PA18"},"8C7":{"t":"PA18"},"8C9":{"t":"PA27"},"8CA":{"t":"PA27"},"8CD":{"t":"PA27"},"8D3":{"t":"C560"},"8D5":{"t":"E145"},"8DE":{"t":"BL8"},"8DF":{"t":"GLID"},"8E1":{"t":"B737"},"8E2":{"t":"C56X"},"8E6":{"desc":"L1J"},"8E8":{"desc":"L1P"},"8EA":{"t":"GLF4"},"8EC":{"t":"CH7B"},"8EE":{"t":"ASTR"},"8F0":{"t":"P28B"},"8FE":{"t":"BE20"},"902":{"t":"S108"},"903":{"t":"CRJ7"},"904":{"t":"SR22"},"905":{"desc":"L1P","t":"ULAC"},"906":{"t":"SR22"},"908":{"t":"AS65"},"90C":{"t":"S61"},"910":{"desc":"L1E"},"914":{"t":"AA5"},"917":{"t":"GLID"},"919":{"t":"LJ35"},"91B":{"t":"BE35"},"91C":{"desc":"L1E"},"91D":{"desc":"L1P"},"91E":{"t":"DV20"},"920":{"t":"PA22"},"923":{"t":"BALL"},"925":{"desc":"L1P"},"927":{"t":"CH7B"},"92C":{"t":"DA40"},"930":{"t":"C172"},"93F":{"t":"CL30"},"952":{"t":"MD11"},"953":{"t":"BALL"},"958":{"t":"P28A"},"959":{"t":"C25B"},"95F":{"t":"P28A"},"968":{"desc":"L1P"},"973":{"t":"GLF5"},"977":{"t":"PA18"},"980":{"t":"C82S"},"98F":{"t":"B763"},"994":{"t":"BE58"},"99A":{"t":"A320"},"99C":{"t":"P46T"},"99F":{"desc":"L1P","t":"ULAC"},"9A1":{"desc":"H4E"},"9A2":{"t":"GLF5"},"9A3":{"t":"C414"},"9A4":{"desc":"L1P"},"9A6":{"t":"BE33"},"9AA":{"desc":"L1P"},"9B3":{"t":"CH7A"},"9C3":{"desc":"L1P"},"9C6":{"t":"C206"},"9CB":{"t":"PA18"},"9CF":{"t":"S22T"},"9D5":{"t":"BALL"},"9D6":{"t":"BE33"},"9DA":{"t":"CL60"},"9DB":{"t":"C182"},"9E3":{"t":"BE58"},"9E4":{"t":"C150"},"9E5":{"desc":"L1P"},"9E6":{"t":"PC12"},"9ED":{"t":"PA18"},"9EE":{"t":"BL8"},"9EF":{"t":"C180"},"9F4":{"desc":"L1P"},"9F5":{"t":"M20P"},"9FC":{"t":"WACO"},"A00":{"t":"P28A"},"A06":{"t":"A320"},"A16":{"t":"B407"},"A17":{"t":"PA32"},"A18":{"desc":"L1T"},"A1C":{"t":"C525"},"A1E":{"desc":"H6E"},"A1F":{"desc":"L1P"},"A20":{"t":"T206"},"A21":{"t":"C82T"},"A27":{"desc":"L1P"},"A2A":{"desc":"L1P","t":"ULAC"},"A3A":{"desc":"H8E"},"A3F":{"t":"C68A"},"A44":{"t":"E75L"},"A4B":{"t":"C172"},"A4C":{"desc":"L1P"},"A4D":{"desc":"L1P"},"A51":{"desc":"L1P"},"A52":{"t":"BL17"},"A55":{"desc":"L1P"},"A57":{"desc":"L1P"},"A58":{"t":"P28T"},"A5C":{"t":"PA32"},"A60":{"t":"BE55"},"A63":{"t":"GL5T"},"A66":{"t":"SR20"},"A68":{"desc":"L1P"},"A6B":{"t":"BALL"},"A6C":{"t":"S22T"},"A6E":{"t":"C172"},"A75":{"t":"B733"},"A79":{"t":"BL8"},"A7A":{"t":"T206"},"A7B":{"t":"M20P"},"A7D":{"desc":"L1P"},"A7F":{"t":"GLF5"},"A80":{"t":"BALL"},"A89":{"t":"SR22"},"A8F":{"t":"C510"},"A9F":{"t":"BALL"},"AA0":{"desc":"L4J"},"AA8":{"desc":"L2J"},"AAB":{"desc":"L1P"},"AAC":{"t":"A320"},"ABC":{"t":"SR22"},"AC4":{"t":"BE40"},"AC5":{"t":"C560"},"AC9":{"t":"C170"},"ADC":{"desc":"L1P"},"ADD":{"desc":"L1P"},"AE8":{"t":"C56X"},"AEF":{"desc":"L1P"},"AF9":{"t":"PA23"},"B12":{"desc":"H4E"},"B2B":{"t":"P28A"},"B2D":{"t":"C172"},"B2E":{"t":"C337"},"B32":{"t":"C150"},"B35":{"t":"B47G"},"B38":{"t":"C150"},"B3A":{"t":"C150"},"B3B":{"t":"M20P"},"B3C":{"t":"BE33"},"B3D":{"t":"P28A"},"B40":{"desc":"L1P"},"B43":{"t":"C172"},"B44":{"t":"C172"},"B46":{"desc":"L1P"},"B47":{"desc":"L1P"},"B48":{"t":"C172"},"B49":{"t":"PA27"},"B4C":{"t":"C82S"},"B4E":{"desc":"L2P"},"B52":{"t":"B06"},"B54":{"t":"P28A"},"B55":{"t":"T206"},"B56":{"t":"AA1"},"B58":{"desc":"L1P"},"B59":{"t":"PA24"},"B5A":{"t":"C152"},"B5B":{"t":"C182"},"B5D":{"t":"C150"},"B65":{"t":"C172"},"B67":{"t":"GLID"},"B6A":{"t":"GLID"},"B6E":{"desc":"L2P"},"B72":{"t":"C172"},"B73":{"t":"C172"},"B74":{"t":"H500"},"B75":{"t":"C150"},"B76":{"t":"J3"},"B79":{"t":"AA1"},"B7A":{"t":"S108"},"B80":{"t":"C82T"},"B81":{"desc":"L1P"},"B82":{"desc":"L2P"},"B83":{"t":"P28A"},"B84":{"desc":"L2P"},"B8E":{"t":"C172"},"B90":{"t":"C172"},"B92":{"t":"C182"},"B94":{"t":"T6"},"B95":{"desc":"L1P"},"B96":{"t":"C172"},"B9B":{"t":"C150"},"BA1":{"t":"C72R"},"BA2":{"t":"C150"},"BA3":{"desc":"L1P"},"BA7":{"desc":"L2P"},"BA8":{"t":"PA27"},"BAA":{"t":"C172"},"BAB":{"t":"C172"},"BAE":{"desc":"L1P"},"BB0":{"t":"C172"},"BB8":{"t":"C172"},"BBD":{"t":"P28A"},"BC1":{"t":"BE36"},"BC2":{"t":"PA24"},"BC6":{"t":"C150"},"BC7":{"t":"M20P"},"BC8":{"t":"C72R"},"BC9":{"t":"P28A"},"BD1":{"t":"RC3"},"BD2":{"desc":"L1P"},"BD3":{"t":"T206"},"BD4":{"t":"C172"},"BD8":{"t":"C182"},"BD9":{"t":"BE36"},"BDB":{"t":"C172"},"BDC":{"t":"C172"},"BDD":{"desc":"L1P"},"BDE":{"t":"C150"},"BDF":{"t":"C207"},"BE0":{"t":"BE36"},"BE3":{"t":"S108"},"BE4":{"t":"B06"},"BE6":{"t":"C402"},"BEA":{"t":"M20P"},"BEC":{"t":"P28A"},"BF0":{"t":"C172"},"BF1":{"desc":"L1P"},"BF2":{"t":"ST75"},"BF3":{"t":"PA27"},"BF7":{"t":"PA27"},"BFD":{"t":"P28R"},"BFF":{"t":"C172"},"C01":{"t":"C172"},"C02":{"t":"J3"},"C04":{"t":"RC3"},"C06":{"t":"S108"},"C08":{"t":"PA24"},"C0C":{"t":"C150"},"C0D":{"t":"M20P"},"C0E":{"t":"BE33"},"C17":{"t":"PA27"},"C1B":{"t":"C172"},"C1E":{"t":"C182"},"C21":{"t":"C172"},"C25":{"t":"PA27"},"C28":{"t":"AA1"},"C29":{"t":"S108"},"C2B":{"desc":"H1T"},"C2E":{"t":"C150"},"C2F":{"t":"GLID"},"C30":{"t":"M20P"},"C37":{"desc":"L1P"},"C38":{"t":"PA18"},"C3D":{"t":"ST75"},"C42":{"t":"H269"},"C43":{"t":"CH7B"},"C48":{"t":"J3"},"C4A":{"t":"C172"},"C4B":{"t":"AA1"},"C4C":{"t":"M5"},"C4D":{"t":"C340"},"C4F":{"t":"C310"},"C53":{"t":"M20P"},"C56":{"desc":"L2P"},"C5E":{"t":"ST75"},"C5F":{"t":"ST75"},"C62":{"t":"GLID"},"C66":{"t":"B06"},"C68":{"t":"C182"},"C6A":{"t":"C150"},"C71":{"t":"PA24"},"C73":{"t":"C177"},"C74":{"t":"C150"},"C75":{"t":"C82S"},"C78":{"t":"P28A"},"C7C":{"t":"C172"},"C7E":{"desc":"L1P"},"C7F":{"t":"PA27"},"C84":{"t":"ST75"},"C85":{"t":"PA27"},"C86":{"t":"B06"},"C87":{"t":"PA22"},"C8A":{"desc":"H4E"},"C8C":{"t":"E145"},"C8D":{"t":"C72R"},"C8E":{"desc":"L1P"},"C92":{"desc":"L1P"},"C95":{"t":"BL8"},"C98":{"t":"B737"},"C9D":{"desc":"L1J"},"CA0":{"t":"P28A"},"CA1":{"desc":"L1P"},"CA3":{"desc":"L1P"},"CA6":{"t":"PA27"},"CA7":{"t":"S22T"},"CAB":{"desc":"L2T"},"CAC":{"t":"LJ35"},"CAE":{"t":"P28A"},"CB1":{"t":"H25B"},"CB9":{"t":"S108"},"CBA":{"t":"GLID"},"CBB":{"t":"C172"},"CC1":{"desc":"L1P"},"CC3":{"t":"S61"},"CC4":{"t":"CL30"},"CC7":{"t":"P28A"},"CC9":{"t":"BE36"},"CCB":{"t":"C750"},"CCD":{"t":"C525"},"CCE":{"desc":"L1P"},"CD4":{"t":"T206"},"CD5":{"t":"PA18"},"CD6":{"desc":"L1P"},"CD7":{"desc":"L1P"},"CD9":{"desc":"L1P"},"CDB":{"t":"GL5T"},"CE4":{"t":"C182"},"CE7":{"t":"PA30"},"CF0":{"t":"S22T"},"CF4":{"desc":"L1P"},"CFB":{"t":"COL4"},"D01":{"desc":"H1T"},"D04":{"t":"SR22"},"D0A":{"desc":"L1P"},"D10":{"t":"PA34"},"D12":{"desc":"L1P"},"D16":{"t":"AA5"},"D1A":{"t":"LJ45"},"D25":{"t":"T206"},"D28":{"desc":"L1P"},"D29":{"t":"C172"},"D36":{"t":"BE55"},"D3E":{"t":"S22T"},"D3F":{"t":"FA50"},"D42":{"t":"C340"},"D50":{"desc":"L1P"},"D52":{"t":"LJ45"},"D54":{"t":"GLF5"},"D56":{"t":"PA34"},"D5A":{"desc":"L1P"},"D60":{"t":"GLEX"},"D61":{"desc":"L1P"},"D68":{"desc":"L1P"},"D6A":{"t":"C441"},"D74":{"desc":"L1P"},"D76":{"desc":"L1P"},"D79":{"t":"CL60"},"D7A":{"t":"C206"},"D7D":{"desc":"L1P","t":"ULAC"},"D81":{"desc":"H1P"},"D82":{"t":"C68A"},"D83":{"t":"C182"},"D85":{"t":"C77R"},"D87":{"t":"A119"},"D89":{"t":"H269"},"D8D":{"t":"C208"},"D8F":{"t":"CL60"},"D92":{"t":"C82S"},"D9A":{"desc":"L1P"},"D9B":{"t":"P28A"},"DA3":{"t":"P28A"},"DA4":{"desc":"L1P"},"DA6":{"desc":"A1T","t":"KODI"},"DB0":{"desc":"L1P"},"DB3":{"t":"BE60"},"DB9":{"t":"TAYB"},"DBC":{"t":"P28A"},"DBD":{"t":"A320"},"DC1":{"t":"AEST"},"DC3":{"t":"PA30"},"DC5":{"t":"F2TH"},"DCC":{"t":"BE36"},"DCD":{"t":"C152"},"DCE":{"desc":"L1P"},"DD0":{"t":"C82S"},"DD5":{"desc":"L1P"},"DD6":{"desc":"L1P"},"DDD":{"t":"CL30"},"DDE":{"t":"S22T"},"DE5":{"t":"DA40"},"DF6":{"t":"C68A"},"DFB":{"t":"E75L"},"E00":{"t":"C560"},"E01":{"desc":"L1P"},"E03":{"t":"SR22"},"E05":{"t":"SS2P"},"E0A":{"t":"C525"},"E0B":{"t":"PA32"},"E0C":{"t":"C180"},"E0F":{"desc":"L1P"},"E12":{"desc":"L1P"},"E17":{"t":"BE35"},"E19":{"t":"PAY2"},"E1D":{"t":"L39"},"E1F":{"desc":"L2P"},"E22":{"desc":"L1P","t":"ULAC"},"E25":{"t":"PA27"},"E27":{"t":"SR22"},"E2C":{"t":"B733"},"E30":{"t":"DA40"},"E33":{"desc":"L1P"},"E36":{"t":"RV12"},"E3C":{"t":"C525"},"E3D":{"t":"C56X"},"E40":{"t":"SR22"},"E41":{"t":"AT6T"},"E57":{"desc":"L4J"},"E5B":{"t":"GLF5"},"E63":{"t":"A320"},"E7C":{"t":"PA34"},"E7F":{"desc":"L1P","t":"ULAC"},"E87":{"desc":"L1P"},"E89":{"desc":"L1P","t":"ULAC"},"EB0":{"desc":"L1P"},"EC6":{"t":"FA7X"},"EC9":{"desc":"H4E"},"EDB":{"desc":"H4E"},"EDE":{"t":"PC12"},"EE2":{"t":"B47G"},"EE7":{"t":"B06"},"EE9":{"t":"C150"},"EEA":{"t":"AA1"},"EEB":{"desc":"H1T"},"EEC":{"t":"C182"},"EED":{"t":"PA24"},"EEF":{"t":"C150"},"EF0":{"t":"C150"},"EF3":{"t":"BE35"},"EF7":{"t":"PA25"},"EFE":{"t":"PA18"},"EFF":{"t":"PA27"},"F01":{"t":"PA27"},"F03":{"t":"C182"},"F05":{"desc":"H1T"},"F07":{"t":"C172"},"F08":{"t":"C182"},"F09":{"t":"C150"},"F0C":{"t":"BE36"},"F0D":{"t":"C82S"},"F10":{"t":"PA24"},"F11":{"t":"C172"},"F12":{"t":"C82S"},"F13":{"t":"C150"},"F14":{"t":"C150"},"F16":{"t":"BE35"},"F17":{"t":"P28A"},"F18":{"t":"C82S"},"F1B":{"desc":"L1P"},"F20":{"t":"C82S"},"F24":{"t":"UH1"},"F27":{"t":"P32R"},"F29":{"desc":"L1P"},"F2A":{"t":"C172"},"F2C":{"t":"C150"},"F2D":{"t":"PA27"},"F2F":{"t":"P210"},"F30":{"desc":"L1P"},"F31":{"desc":"H1P"},"F34":{"t":"C152"},"F36":{"t":"C150"},"F39":{"t":"BE35"},"F3A":{"t":"P28A"},"F3B":{"t":"R22"},"F41":{"desc":"L1P"},"F43":{"t":"PA27"},"F45":{"desc":"L1P"},"F46":{"t":"H500"},"F48":{"desc":"L1P"},"F49":{"t":"C182"},"F4B":{"t":"P28S"},"F4F":{"t":"C172"},"F50":{"t":"J3"},"F51":{"t":"P32R"},"F52":{"t":"C150"},"F53":{"t":"AA1"},"F54":{"t":"S108"},"F56":{"t":"PA24"},"F58":{"desc":"L1P","t":"ULAC"},"F5C":{"t":"BE35"},"F63":{"desc":"L1P"},"F64":{"t":"PA18"},"F65":{"t":"PA18"},"F6C":{"t":"C182"},"F6D":{"t":"BE33"},"F72":{"t":"C150"},"F73":{"t":"J3"},"F74":{"desc":"H4E"},"F76":{"t":"AA1"},"F77":{"t":"S108"},"F7B":{"t":"C150"},"F7C":{"t":"C150"},"F7F":{"t":"BE35"},"F83":{"t":"PA25"},"F84":{"t":"C172"},"F85":{"t":"PA27"},"F8B":{"t":"PA27"},"F8D":{"desc":"H1P"},"F8F":{"t":"PA38"},"F92":{"t":"C172"},"F94":{"t":"C182"},"F95":{"t":"C150"},"F98":{"t":"RC3"},"F9A":{"t":"S108"},"F9F":{"t":"C150"},"FA0":{"t":"C172"},"FA2":{"t":"BE35"},"FA6":{"t":"PA25"},"FA7":{"t":"PA27"},"FAB":{"t":"PA27"},"FAF":{"t":"ST75"},"FB0":{"t":"ST75"},"FB1":{"t":"C150"},"FB2":{"t":"PA38"},"FB4":{"t":"T210"},"FB6":{"t":"C182"},"FB7":{"t":"C182"},"FB8":{"t":"C150"},"FB9":{"t":"C207"},"FBB":{"t":"C150"},"FBD":{"desc":"L1P"},"FBE":{"t":"BE36"},"FC0":{"t":"C402"},"FC1":{"t":"CJ6"},"FC5":{"t":"C72R"},"FC7":{"desc":"L2P"},"FC9":{"t":"PA25"},"FCA":{"t":"C172"},"FCD":{"t":"ST75"},"FCF":{"t":"PA27"},"FD1":{"desc":"L1P"},"FD3":{"t":"CH7A"},"FD5":{"t":"CJ6"},"FD6":{"desc":"L2P"},"FD7":{"t":"C170"},"FD9":{"t":"C172"},"FDC":{"t":"C82S"},"FDE":{"t":"RC3"},"FE2":{"t":"PA24"},"FE5":{"desc":"L1P"},"FE6":{"t":"C150"},"FE8":{"t":"BE33"},"FEA":{"t":"BE35"},"FEB":{"t":"T210"},"FEC":{"t":"PA25"},"FED":{"t":"PA27"},"FEF":{"t":"PA18"},"FF4":{"t":"PA27"},"FF8":{"t":"C182"},"FFB":{"t":"C172"},"FFC":{"t":"C172"}}