{"000":{"t":"C150"},"004":{"t":"P51"},"005":{"t":"BE17"},"007":{"t":"C150"},"009":{"t":"C182"},"00A":{"t":"C152"},"00E":{"t":"C182"},"010":{"t":"BALL"},"011":{"t":"P28A"},"015":{"t":"CH7B"},"016":{"t":"PA24"},"017":{"t":"M20P"},"019":{"t":"C150"},"01D":{"t":"P28A"},"01E":{"t":"BALL"},"020":{"t":"BALL"},"021":{"t":"ST75"},"024":{"t":"C172"},"025":{"t":"BALL"},"026":{"t":"CJ6"},"027":{"t":"CH7A"},"028":{"t":"C150"},"029":{"t":"CH7A"},"02B":{"desc":"L1P"},"02E":{"t":"BE23"},"02F":{"t":"C172"},"031":{"t":"C182"},"032":{"t":"C150"},"034":{"t":"C172"},"035":{"t":"C150"},"036":{"t":"AA1"},"037":{"t":"C152"},"038":{"t":"CH7A"},"03C":{"t":"C150"},"03E":{"t":"BT36"},"041":{"t":"BALL"},"042":{"t":"BALL"},"045":{"t":"C150"},"046":{"t":"T34P"},"049":{"t":"ST75"},"04A":{"t":"C150"},"04C":{"t":"BALL"},"04D":{"desc":"L1P"},"04E":{"desc":"L1P"},"052":{"desc":"L4J"},"054":{"t":"E145"},"056":{"desc":"H4E"},"05D":{"t":"BE35"},"061":{"t":"DA40"},"065":{"desc":"L1J"},"067":{"desc":"H4E"},"068":{"t":"BE20"},"06A":{"t":"GLID"},"06B":{"desc":"H1P"},"06C":{"t":"P32R"},"072":{"t":"C172"},"079":{"desc":"H4E"},"082":{"t":"GLID"},"084":{"desc":"A1P"},"088":{"t":"C182"},"08A":{"t":"C25B"},"08B":{"desc":"H2T"},"08F":{"t":"C182"},"093":{"t":"FDCT"},"09A":{"t":"BE35"},"0A2":{"t":"EC35"},"0AB":{"t":"DA40"},"0B3":{"t":"GLF4"},"0C3":{"t":"C172"},"0DE":{"t":"P28A"},"0FF":{"desc":"L2J"},"119":{"t":"A320"},"133":{"t":"P28A"},"154":{"desc":"L1P"},"158":{"t":"A139"},"162":{"t":"C172"},"163":{"t":"C402"},"16E":{"t":"C82T"},"17F":{"t":"C172"},"185":{"t":"A320"},"194":{"desc":"L1P"},"19B":{"t":"BE58"},"1A2":{"t":"BE35"},"1B3":{"desc":"L1P"},"1BE":{"t":"C68A"},"1C3":{"t":"E75L"},"1C6":{"t":"C310"},"1CB":{"desc":"L1P"},"1CF":{"t":"LJ35"},"1DB":{"t":"E170"},"1E0":{"t":"BE36"},"1E1":{"t":"AS50"},"1E2":{"t":"P28A"},"1E3":{"desc":"H6E"},"1E5":{"t":"G280"},"1E6":{"t":"R66"},"1ED":{"t":"C172"},"1F8":{"t":"BE35"},"1F9":{"desc":"L2T"},"1FA":{"desc":"L1P"},"20A":{"t":"DIMO"},"22A":{"t":"BE35"},"22B":{"t":"A320"},"230":{"desc":"H4E"},"247":{"desc":"H4E"},"253":{"desc":"L1P","t":"ULAC"},"258":{"desc":"L1P"},"265":{"t":"CL60"},"267":{"t":"C56X"},"26E":{"desc":"H4E"},"272":{"desc":"L1P"},"292":{"desc":"H6E"},"2A9":{"t":"C182"},"2AA":{"t":"BALL"},"2AB":{"t":"C172"},"2AC":{"t":"C172"},"2AE":{"t":"C150"},"2AF":{"t":"BALL"},"2B0":{"t":"P28A"},"2B2":{"t":"BE20"},"2B3":{"t":"C152"},"2B4":{"t":"CH7B"},"2B5":{"t":"PA24"},"2B6":{"t":"C152"},"2B7":{"t":"P28A"},"2B9":{"t":"C82T"},"2BA":{"desc":"L2P"},"2BE":{"t":"BALL"},"2C0":{"t":"C150"},"2C1":{"t":"C150"},"2C2":{"t":"ST75"},"2C3":{"t":"BE23"},"2C4":{"t":"C150"},"2C7":{"t":"C150"},"2C8":{"t":"C150"},"2CA":{"desc":"L1P"},"2CC":{"t":"C182"},"2CE":{"t":"C172"},"2CF":{"t":"C172"},"2D1":{"t":"C150"},"2D6":{"t":"S108"},"2D7":{"t":"BE20"},"2D9":{"t":"M20P"},"2E0":{"t":"BE58"},"2E5":{"t":"C172"},"2E8":{"t":"C150"},"2EE":{"t":"BALL"},"2F1":{"t":"BALL"},"2F2":{"t":"C172"},"2F3":{"t":"C337"},"2F4":{"t":"C150"},"2F5":{"t":"J3"},"2F7":{"t":"RC3"},"2F8":{"t":"AA1"},"2FA":{"t":"CH7A"},"2FB":{"t":"PA24"},"2FE":{"desc":"L1P"},"2FF":{"t":"P28A"},"301":{"t":"C72R"},"302":{"t":"P28A"},"305":{"t":"T206"},"307":{"desc":"L1P"},"30A":{"t":"C150"},"30B":{"t":"C180"},"30C":{"t":"C150"},"30F":{"t":"ST75"},"311":{"t":"C182"},"313":{"desc":"L4P"},"314":{"t":"C172"},"318":{"t":"J3"},"31C":{"t":"C182"},"31E":{"t":"PA24"},"321":{"t":"BALL"},"322":{"t":"BALL"},"323":{"t":"T210"},"324":{"t":"ERCO"},"325":{"t":"P28A"},"327":{"t":"PA27"},"329":{"t":"ST75"},"32B":{"t":"C150"},"32C":{"t":"C150"},"32D":{"t":"C180"},"32E":{"desc":"L1T"},"32F":{"t":"CJ6"},"331":{"t":"ST75"},"332":{"t":"ST75"},"335":{"t":"C182"},"33C":{"t":"P28A"},"33D":{"t":"C150"},"33E":{"t":"AA1"},"341":{"t":"PA24"},"342":{"t":"M20P"},"343":{"t":"P28A"},"345":{"desc":"A2P"},"347":{"t":"ERCO"},"348":{"t":"P28A"},"34F":{"t":"C150"},"353":{"t":"C150"},"354":{"t":"C150"},"355":{"t":"BE17"},"356":{"t":"B47G"},"359":{"t":"T210"},"35B":{"t":"C172"},"35D":{"t":"BALL"},"35F":{"t":"P28A"},"360":{"t":"C150"},"361":{"t":"AA1"},"362":{"t":"S108"},"365":{"t":"M20P"},"367":{"t":"C150"},"368":{"t":"C82R"},"36A":{"t":"ERCO"},"36B":{"t":"P28A"},"36D":{"t":"PA27"},"36E":{"t":"PA25"},"36F":{"t":"C150"},"373":{"t":"C180"},"374":{"t":"ST75"},"375":{"t":"C150"},"376":{"desc":"L1P"},"378":{"t":"J3"},"379":{"t":"B47G"},"37A":{"t":"C182"},"37B":{"t":"C182"},"37E":{"t":"C172"},"380":{"t":"C150"},"381":{"t":"J3"},"382":{"t":"P28A"},"383":{"t":"RC3"},"385":{"t":"S108"},"387":{"t":"BALL"},"388":{"t":"M20P"},"38A":{"t":"C150"},"38B":{"t":"BE33"},"38E":{"t":"BALL"},"38F":{"desc":"H1P"},"394":{"desc":"L1P"},"397":{"t":"C150"},"399":{"t":"DG15"},"39A":{"t":"FA62"},"39B":{"t":"C172"},"3A0":{"t":"C172"},"3A4":{"t":"J3"},"3A5":{"t":"BALL"},"3A7":{"t":"AA1"},"3A9":{"t":"CH7B"},"3AA":{"t":"PA24"},"3AB":{"t":"C152"},"3AC":{"t":"P28A"},"3B0":{"t":"ERCO"},"3B2":{"t":"C206"},"3BA":{"t":"C150"},"3BB":{"t":"BE24"},"3BE":{"t":"C180"},"3C0":{"t":"C182"},"3C2":{"t":"P28A"},"3C4":{"t":"C172"},"3C5":{"t":"C182"},"3C7":{"t":"J3"},"3C8":{"t":"P28A"},"3CA":{"t":"AA1"},"3CC":{"t":"CH7B"},"3CE":{"t":"M20P"},"3CF":{"t":"P28A"},"3D0":{"t":"C206"},"3D3":{"t":"ERCO"},"3D4":{"t":"P28A"},"3D6":{"t":"BALL"},"3D8":{"t":"C150"},"3DD":{"t":"ST75"},"3E0":{"t":"ST75"},"3E2":{"t":"J3"},"3E3":{"t":"C182"},"3E4":{"t":"T210"},"3E5":{"t":"P28A"},"3E6":{"t":"C172"},"3EB":{"t":"P28A"},"3EC":{"t":"C150"},"3ED":{"t":"AA1"},"3EF":{"desc":"L1P"},"3F1":{"t":"M20P"},"3F7":{"t":"P210"},"3F8":{"t":"B47G"},"3FB":{"t":"ST75"},"3FE":{"t":"BE20"},"400":{"t":"C180"},"401":{"t":"C150"},"402":{"t":"DG15"},"403":{"t":"C150"},"404":{"t":"C150"},"406":{"t":"PA22"},"40B":{"t":"E145"},"418":{"t":"DA40"},"41C":{"desc":"L1J"},"41F":{"t":"BE20"},"420":{"t":"BE36"},"422":{"t":"C680"},"424":{"t":"BE36"},"430":{"t":"P28A"},"431":{"t":"C340"},"438":{"t":"SR22"},"439":{"t":"GLID"},"43A":{"t":"C172"},"43B":{"desc":"L1P"},"440":{"t":"BE36"},"441":{"t":"CJ6"},"444":{"t":"C172"},"446":{"t":"C182"},"449":{"t":"C240"},"44A":{"t":"SR22"},"44E":{"t":"C172"},"451":{"t":"BE35"},"452":{"desc":"H4E"},"454":{"t":"DV20"},"455":{"t":"R44"},"45B":{"t":"E55P"},"462":{"t":"C25C"},"466":{"desc":"L1P"},"46A":{"t":"BE36"},"46C":{"t":"PA32"},"473":{"t":"C56X"},"47A":{"t":"C172"},"494":{"desc":"H4E"},"495":{"t":"P28A"},"49C":{"t":"BE36"},"4AE":{"desc":"L1P","t":"TB0"},"4B5":{"desc":"L1P"},"4CE":{"desc":"L1P","t":"ULAC"},"4D0":{"t":"A320"},"4D1":{"t":"P28A"},"4D6":{"t":"BE36"},"4DA":{"t":"DA62"},"4DF":{"t":"GL5T"},"4E9":{"t":"SR22"},"4F9":{"desc":"L1T"},"4FC":{"desc":"L1P"},"500":{"desc":"L1P","t":"ULAC"},"506":{"t":"A119"},"511":{"t":"C172"},"519":{"desc":"L1P"},"51A":{"t":"TBM7"},"51C":{"desc":"H2T"},"51F":{"t":"GLF5"},"520":{"t":"T6"},"525":{"desc":"L1P"},"529":{"t":"BE36"},"52E":{"t":"P46T"},"532":{"t":"C501"},"536":{"t":"P28A"},"53C":{"t":"A320"},"54B":{"t":"PA18"},"54E":{"desc":"H4E"},"557":{"desc":"L1P","t":"ULAC"},"564":{"t":"BE35"},"575":{"t":"C68A"},"57A":{"t":"E75L"},"57E":{"t":"BE36"},"57F":{"desc":"L1P"},"582":{"desc":"L1P"},"586":{"t":"C182"},"58B":{"t":"BE36"},"591":{"desc":"L1P"},"592":{"t":"E170"},"597":{"t":"C172"},"599":{"desc":"L1P","t":"ULAC"},"59A":{"t":"E50P"},"59B":{"t":"LJ31"},"59C":{"desc":"L2J"},"59E":{"t":"B763"},"5A7":{"desc":"L1P"},"5A8":{"t":"SR22"},"5AB":{"t":"PA24"},"5AD":{"desc":"L2J"},"5AF":{"t":"BE35"},"5B2":{"t":"BT36"},"5BA":{"t":"SR22"},"5E1":{"t":"BE33"},"5E2":{"t":"A320"},"5FA":{"t":"BE36"},"5FD":{"t":"C182"},"606":{"desc":"H4E"},"60C":{"t":"A321"},"613":{"desc":"L2P"},"61C":{"t":"CL60"},"65F":{"t":"C182"},"667":{"t":"P28A"},"66B":{"t":"C82S"},"66C":{"t":"PA24"},"672":{"t":"ERCO"},"678":{"t":"J3"},"67A":{"t":"BALL"},"67C":{"t":"C150"},"67F":{"t":"C150"},"680":{"t":"C172"},"684":{"t":"BE35"},"687":{"t":"C337"},"688":{"t":"C150"},"68C":{"t":"AA1"},"68D":{"t":"S108"},"68F":{"t":"PA24"},"692":{"t":"C150"},"695":{"t":"ERCO"},"69A":{"t":"C150"},"69C":{"t":"C172"},"69D":{"t":"C150"},"6A1":{"t":"C150"},"6A3":{"t":"C150"},"6A5":{"t":"T210"},"6A6":{"t":"C182"},"6A9":{"t":"C172"},"6AA":{"t":"C337"},"6AC":{"t":"J3"},"6B0":{"t":"C152"},"6B1":{"t":"CH7B"},"6B2":{"t":"PA24"},"6B3":{"t":"M20P"},"6B4":{"t":"P28A"},"6B5":{"t":"C150"},"6B7":{"t":"BE23"},"6B8":{"t":"ERCO"},"6BE":{"t":"C150"},"6C1":{"t":"ST75"},"6C2":{"t":"BALL"},"6C5":{"t":"C172"},"6C8":{"t":"C182"},"6CB":{"desc":"L1T"},"6CC":{"t":"C172"},"6CD":{"t":"BALL"},"6CE":{"t":"C150"},"6D0":{"t":"P28A"},"6D1":{"t":"C172"},"6D2":{"t":"T210"},"6D6":{"t":"M20P"},"6D8":{"t":"C150"},"6D9":{"t":"GLID"},"6DA":{"t":"BE23"},"6DB":{"t":"ERCO"},"6DC":{"t":"P28A"},"6E2":{"t":"C150"},"6E6":{"t":"BALL"},"6E7":{"t":"C150"},"6E8":{"t":"C180"},"6EC":{"t":"T210"},"6ED":{"t":"T210"},"6EE":{"t":"C172"},"6F1":{"t":"C150"},"6F3":{"t":"P28A"},"6F6":{"t":"S108"},"6F8":{"t":"PA24"},"6FA":{"t":"P28A"},"6FC":{"desc":"L1P"},"6FE":{"t":"ERCO"},"702":{"desc":"L2J"},"704":{"t":"C150"},"708":{"t":"C150"},"709":{"t":"C150"},"70A":{"t":"C150"},"70B":{"t":"BALL"},"70F":{"t":"C182"},"710":{"t":"P28A"},"711":{"t":"C172"},"713":{"t":"C172"},"714":{"t":"C150"},"715":{"t":"J3"},"716":{"t":"P28A"},"717":{"t":"C150"},"71A":{"t":"CH7B"},"71C":{"t":"M20P"},"71D":{"t":"P28A"},"71E":{"t":"C150"},"71F":{"desc":"L2T","t":"BE18"},"720":{"t":"T210"},"721":{"t":"ERCO"},"722":{"t":"P28A"},"723":{"t":"BALL"},"726":{"t":"C150"},"727":{"t":"C150"},"728":{"t":"C150"},"729":{"t":"C150"},"72B":{"t":"C150"},"72D":{"t":"C150"},"72F":{"t":"C172"},"730":{"desc":"L1P","t":"ULAC"},"731":{"t":"C182"},"733":{"t":"P28R"},"734":{"t":"C172"},"736":{"t":"C172"},"737":{"t":"C150"},"739":{"t":"P28A"},"73A":{"t":"C150"},"73B":{"t":"AA5"},"73C":{"desc":"L1P"},"73D":{"t":"CH7B"},"73E":{"t":"PA24"},"73F":{"t":"M20P"},"740":{"t":"P28A"},"741":{"t":"B350"},"742":{"desc":"L1P"},"743":{"t":"BALL"},"744":{"t":"ERCO"},"74C":{"t":"C172"},"74D":{"t":"C150"},"74E":{"t":"C150"},"753":{"desc":"A1P"},"754":{"t":"C182"},"755":{"t":"C182"},"756":{"t":"P28R"},"75D":{"t":"C150"},"75E":{"t":"AA5"},"75F":{"t":"S108"},"761":{"t":"PA24"},"762":{"t":"C152"},"764":{"t":"C150"},"76C":{"t":"C150"},"76D":{"t":"C150"},"76F":{"t":"C150"},"770":{"t":"ST75"},"773":{"t":"C150"},"775":{"t":"C150"},"779":{"t":"BT36"},"77F":{"t":"P28A"},"782":{"t":"S108"},"783":{"t":"CH7B"},"785":{"t":"C152"},"787":{"t":"C150"},"78B":{"t":"P28A"},"790":{"t":"C172"},"791":{"t":"BALL"},"792":{"t":"BALL"},"793":{"t":"BALL"},"796":{"t":"BE23"},"79B":{"t":"C182"},"79E":{"t":"C172"},"7A2":{"t":"P28A"},"7A5":{"t":"S108"},"7A6":{"t":"CH7B"},"7A7":{"t":"PA24"},"7AB":{"t":"C82R"},"7AC":{"desc":"L2P"},"7AE":{"t":"P28A"},"7B3":{"desc":"L1P"},"7B5":{"t":"PA31"},"7B6":{"t":"C172"},"7B9":{"desc":"L1P"},"7BB":{"t":"BE30"},"7BC":{"t":"HUSK"},"7BD":{"t":"PA22"},"7BE":{"desc":"L1P"},"7C2":{"t":"E145"},"7C8":{"t":"B407"},"7CE":{"t":"E50P"},"7D1":{"t":"P28A"},"7D3":{"desc":"L1J"},"7DB":{"t":"PA46"},"7EF":{"t":"S108"},"7F0":{"t":"GLID"},"7F1":{"t":"C172"},"7F2":{"t":"DH8B"},"7FD":{"t":"C182"},"800":{"t":"R44"},"808":{"t":"BE35"},"819":{"desc":"H4E"},"826":{"t":"E550"},"831":{"t":"C172"},"84C":{"t":"P28A"},"858":{"desc":"H4E"},"86D":{"desc":"H1T"},"873":{"desc":"H4E"},"87A":{"t":"R44"},"885":{"desc":"L1P","t":"ULAC"},"887":{"t":"A320"},"889":{"t":"P32R"},"88C":{"desc":"S1P"},"88D":{"desc":"L1P"},"891":{"desc":"L1P"},"893":{"desc":"L1P"},"8AA":{"desc":"L1P"},"8B8":{"t":"AT5T"},"8C4":{"t":"R44"},"8C8":{"desc":"L1P","t":"ULAC"},"8D0":{"desc":"L1P"},"8D1":{"t":"PA27"},"8E0":{"t":"SR22"},"8F0":{"t":"PC12"},"8F3":{"t":"A320"},"902":{"t":"BE36"},"905":{"t":"PC12"},"909":{"desc":"L1P"},"90A":{"t":"PC12"},"91B":{"t":"BE35"},"92C":{"t":"C68A"},"931":{"t":"E75L"},"935":{"desc":"H1T"},"939":{"desc":"L1P"},"940":{"t":"C182"},"942":{"desc":"L2J"},"949":{"t":"E170"},"953":{"desc":"L2J"},"955":{"t":"MD83"},"961":{"t":"C680"},"966":{"desc":"L1P"},"968":{"t":"PA27"},"96A":{"desc":"H4E"},"96C":{"t":"CL60"},"97B":{"t":"B763"},"983":{"desc":"H4E"},"998":{"t":"BE33"},"999":{"t":"A320"},"9A9":{"desc":"H4E"},"9B1":{"t":"C25B"},"9BD":{"t":"BE20"},"9C2":{"t":"H269"},"9D5":{"desc":"L1P"},"A19":{"t":"C172"},"A1B":{"t":"C337"},"A1F":{"t":"C150"},"A20":{"desc":"L1P"},"A24":{"t":"M20P"},"A26":{"t":"BE35"},"A29":{"t":"ERCO"},"A2A":{"t":"P28A"},"A2C":{"t":"PA27"},"A2F":{"t":"ST75"},"A30":{"t":"C172"},"A35":{"t":"ST75"},"A39":{"t":"C182"},"A3A":{"t":"BE36"},"A3D":{"t":"C172"},"A41":{"t":"P28A"},"A43":{"t":"AA1"},"A45":{"t":"CH7B"},"A47":{"t":"M20P"},"A49":{"desc":"L1P"},"A4D":{"t":"P28A"},"A53":{"t":"ST75"},"A55":{"t":"BALL"},"A56":{"t":"C172"},"A57":{"t":"C172"},"A59":{"t":"C172"},"A5A":{"t":"BALL"},"A5D":{"t":"C182"},"A5E":{"t":"P28S"},"A5F":{"t":"C172"},"A61":{"t":"BALL"},"A64":{"t":"P28A"},"A65":{"desc":"H1P"},"A66":{"t":"AA1"},"A69":{"t":"PA24"},"A6A":{"t":"M20P"},"A6B":{"t":"P28A"},"A6C":{"t":"C82T"},"A6D":{"desc":"L1P"},"A6F":{"t":"ERCO"},"A72":{"t":"BALL"},"A7A":{"t":"BALL"},"A7B":{"t":"CJ6"},"A7C":{"desc":"L1P"},"A80":{"t":"C182"},"A87":{"t":"P28A"},"A88":{"t":"RC3"},"A89":{"t":"AA5"},"A8E":{"t":"P28A"},"A92":{"t":"ERCO"},"A97":{"t":"PA31"},"A99":{"t":"BE23"},"A9B":{"t":"BE60"},"AA0":{"t":"FA62"},"AA1":{"desc":"L1P"},"AA5":{"t":"C172"},"AA8":{"t":"C150"},"AAB":{"t":"C180"},"AAC":{"t":"BALL"},"AAE":{"t":"C182"},"AAF":{"t":"PA24"},"AB3":{"t":"C82R"},"AB6":{"t":"P28A"},"AB7":{"desc":"L1P"},"ABF":{"t":"BE23"},"AC1":{"t":"BE55"},"AC2":{"t":"BALL"},"AC6":{"t":"C182"},"AC8":{"t":"C172"},"AC9":{"t":"C172"},"ACC":{"t":"C152"},"ACD":{"t":"P28A"},"ACE":{"t":"RC3"},"ACF":{"t":"AA1"},"AD0":{"t":"S108"},"AD3":{"t":"M20P"},"AD6":{"t":"C82R"},"AD8":{"t":"ERCO"},"ADA":{"t":"C402"},"ADB":{"t":"PA27"},"AE6":{"t":"PA27"},"AE9":{"t":"C182"},"AEC":{"t":"C172"},"AEF":{"t":"J3"},"AF0":{"t":"P28A"},"AF3":{"t":"C152"},"AF6":{"t":"M20P"},"AF7":{"t":"P28A"},"AF8":{"t":"BE33"},"B03":{"t":"PA27"},"B07":{"t":"C172"},"B0C":{"t":"C152"},"B0F":{"t":"C182"},"B14":{"t":"C150"},"B16":{"t":"WACF"},"B19":{"t":"M20P"},"B1A":{"t":"P28A"},"B1B":{"t":"C150"},"B1C":{"t":"C82R"},"B20":{"t":"GLID"},"B24":{"t":"BALL"},"B25":{"t":"C172"},"B27":{"desc":"L1P"},"B2A":{"desc":"L1P"},"B2C":{"t":"BALL"},"B32":{"t":"BALL"},"B34":{"t":"C150"},"B35":{"desc":"L1P"},"B36":{"t":"P28A"},"B38":{"t":"P28A"},"B39":{"t":"C152"},"B3A":{"t":"CH7B"},"B3C":{"t":"BALL"},"B3D":{"t":"C72R"},"B42":{"t":"P28A"},"B51":{"t":"C182"},"B52":{"t":"C182"},"B53":{"t":"P28A"},"B56":{"t":"C172"},"B57":{"desc":"H1P"},"B59":{"t":"P28A"},"B5A":{"t":"C150"},"B5B":{"t":"AA1"},"B5C":{"t":"C152"},"B5E":{"t":"PA24"},"B61":{"t":"C150"},"B69":{"t":"PA27"},"B6A":{"desc":"L1P"},"B6D":{"t":"ST75"},"B6F":{"t":"PA27"},"B73":{"desc":"L1P"},"B77":{"t":"A320"},"B79":{"t":"E145"},"B7C":{"t":"C510"},"B82":{"t":"B738"},"B88":{"t":"PC12"},"B8A":{"desc":"L1J"},"B8D":{"desc":"L1P"},"B90":{"t":"B773"},"B94":{"t":"C560"},"BA6":{"t":"S108"},"BA7":{"t":"GLID"},"BB4":{"t":"C182"},"BC1":{"t":"PA46"},"BC4":{"desc":"L1P"},"BCB":{"desc":"L1P"},"BD0":{"t":"DA40"},"BD4":{"desc":"H4E"},"BDA":{"t":"ULAC"},"BE0":{"desc":"L1P"},"BE8":{"t":"C172"},"BFC":{"t":"P28A"},"C03":{"t":"P28A"},"C0C":{"t":"C421"},"C24":{"t":"UH1"},"C31":{"t":"LJ31"},"C3E":{"t":"A320"},"C48":{"desc":"L1P"},"C57":{"t":"SR22"},"C72":{"t":"BE58"},"C78":{"desc":"L1P"},"C79":{"t":"T34P"},"C7F":{"desc":"L1P","t":"ULAC"},"C87":{"desc":"L1P"},"C8D":{"t":"A139"},"CA4":{"t":"P28A"},"CA7":{"t":"PC12"},"CAA":{"t":"A320"},"CB6":{"t":"B212"},"CB9":{"t":"BT36"},"CC9":{"desc":"L1P"},"CCA":{"desc":"L1P"},"CCB":{"desc":"A1P"},"CCF":{"t":"B212"},"CD5":{"t":"B212"},"CE8":{"t":"E75L"},"CEF":{"t":"B212"},"CF0":{"desc":"L1P"},"CF3":{"t":"NAVI"},"CF4":{"t":"M20T"},"CF7":{"desc":"L1P"},"D00":{"t":"E170"},"D04":{"t":"BE33"},"D05":{"desc":"L1P"},"D07":{"desc":"L1P","t":"ULAC"},"D08":{"desc":"L1P","t":"ULAC"},"D0C":{"t":"MD83"},"D0D":{"t":"B212"},"D14":{"t":"SR22"},"D17":{"desc":"H4E"},"D1F":{"desc":"L1P"},"D20":{"desc":"L2J"},"D21":{"t":"T34P"},"D2E":{"t":"P28A"},"D2F":{"t":"DIMO"},"D32":{"t":"AT5T"},"D4C":{"t":"B212"},"D4F":{"t":"BE33"},"D50":{"t":"A320"},"D52":{"t":"B212"},"D6B":{"t":"BE58"},"D6C":{"t":"B212"},"DCC":{"t":"PA24"},"DCD":{"t":"PA38"},"DD0":{"t":"C172"},"DD1":{"t":"C172"},"DD4":{"t":"HA4T"},"DD5":{"t":"P28A"},"DD7":{"t":"L39"},"DD8":{"t":"S108"},"DDA":{"t":"PA24"},"DDB":{"t":"M20P"},"DDE":{"desc":"L1P"},"DE4":{"t":"PA25"},"DE8":{"t":"PA18"},"DE9":{"t":"ST75"},"DEA":{"t":"PA18"},"DEB":{"t":"ST75"},"DEF":{"t":"B763"},"DF2":{"t":"P28A"},"DF9":{"t":"RC3"},"DFB":{"desc":"L1P"},"DFC":{"t":"CH7A"},"DFD":{"t":"PA24"},"DFE":{"t":"M20P"},"E01":{"t":"GLID"},"E02":{"desc":"L1P"},"E03":{"desc":"L2P"},"E0A":{"desc":"L1P"},"E0D":{"t":"BE30"},"E10":{"t":"FA62"},"E11":{"desc":"L2P"},"E12":{"t":"B763"},"E13":{"t":"C182"},"E19":{"desc":"L1P"},"E1B":{"t":"P28A"},"E1C":{"t":"C172"},"E1D":{"t":"AA5"},"E1F":{"t":"CH7A"},"E20":{"t":"BE9T"},"E21":{"t":"M20P"},"E23":{"t":"C82T"},"E28":{"desc":"H1P"},"E2A":{"desc":"L1P"},"E2B":{"t":"B739"},"E2D":{"t":"PA18"},"E2E":{"desc":"L1P"},"E2F":{"t":"VALI"},"E30":{"desc":"L1P"},"E31":{"desc":"L1P"},"E33":{"t":"FA62"},"E36":{"t":"C182"},"E37":{"t":"C182"},"E38":{"t":"C182"},"E3A":{"t":"C172"},"E3B":{"t":"C172"},"E3C":{"desc":"L1P"},"E3D":{"t":"C150"},"E3E":{"desc":"L1P"},"E3F":{"t":"C150"},"E41":{"desc":"L1P"},"E42":{"t":"CH7A"},"E45":{"t":"P28A"},"E46":{"t":"C150"},"E47":{"t":"C82T"},"E4E":{"t":"PA27"},"E51":{"desc":"L1P"},"E56":{"t":"VALI"},"E5C":{"t":"C172"},"E60":{"t":"J3"},"E63":{"t":"AA1"},"E65":{"t":"CH7A"},"E66":{"t":"PA24"},"E67":{"t":"M20P"},"E6A":{"t":"GLID"},"E6D":{"t":"P28A"},"E6E":{"t":"C402"},"E6F":{"t":"PA27"},"E70":{"t":"PA25"},"E74":{"t":"C172"},"E78":{"t":"FA62"},"E79":{"t":"PA18"},"E7E":{"desc":"L1P"},"E80":{"t":"C172"},"E83":{"t":"BL17"},"E84":{"t":"P28A"},"E88":{"t":"CH7B"},"E89":{"t":"P210"},"E8A":{"t":"C152"},"E8C":{"t":"C150"},"E8D":{"t":"GLID"},"E8E":{"t":"BT36"},"E8F":{"t":"CH7A"},"E90":{"t":"P28A"},"E93":{"t":"PA25"},"E94":{"desc":"A1P"},"E95":{"t":"PA27"},"E96":{"t":"C172"},"E9D":{"desc":"L1P"},"EA1":{"t":"T210"},"EA3":{"t":"C172"},"EA4":{"t":"C337"},"EA5":{"t":"C150"},"EA6":{"t":"J3"},"EA7":{"t":"P28A"},"EA8":{"t":"RC3"},"EB0":{"t":"C82T"},"EB4":{"t":"B06"},"EB9":{"t":"PA27"},"EBA":{"t":"PA27"},"EBB":{"t":"B06"},"EBD":{"t":"BE23"},"EC3":{"t":"C152"},"EC7":{"t":"C172"},"EC9":{"t":"J3"},"ECA":{"t":"P28A"},"ECE":{"t":"CH7A"},"ECF":{"t":"PA24"},"ED1":{"t":"P28A"},"ED4":{"t":"BT36"},"ED6":{"t":"P28A"},"ED7":{"t":"C402"},"ED9":{"t":"PA25"},"EDD":{"desc":"H1P"},"EDE":{"desc":"L1P"},"EE0":{"t":"ST75"},"EE1":{"t":"PA27"},"EE4":{"t":"B763"},"EE7":{"t":"P28S"},"EE8":{"t":"C172"},"EEB":{"t":"C150"},"EED":{"t":"P28A"},"EEF":{"t":"AA1"},"EF1":{"t":"CH7B"},"EF2":{"t":"BE36"},"EF3":{"t":"M20P"},"EF7":{"desc":"L1T","t":"YAK9"},"EFB":{"t":"T210"},"EFF":{"t":"J3"},"F00":{"t":"PA27"},"F01":{"t":"VALI"},"F02":{"t":"PA27"},"F03":{"t":"PA27"},"F05":{"t":"B06"},"F07":{"t":"B763"},"F09":{"t":"C152"},"F0D":{"t":"C182"},"F0E":{"t":"C150"},"F0F":{"t":"J3"},"F14":{"t":"CH7B"},"F16":{"t":"M20P"},"F17":{"t":"P28A"},"F1A":{"t":"BT36"},"F1C":{"t":"P210"},"F20":{"t":"B739"},"F23":{"t":"BE24"},"F25":{"t":"PA27"},"F26":{"t":"FA62"},"F29":{"t":"B739"},"F2B":{"t":"PA22"},"F2E":{"t":"A320"},"F30":{"t":"E145"},"F35":{"desc":"A1P"},"F3B":{"t":"BE58"},"F3C":{"t":"E50P"},"F41":{"desc":"L1J","t":"B752"},"F45":{"desc":"A1P","t":"ULAC"},"F47":{"desc":"G1P"},"F4B":{"t":"A139"},"F5D":{"t":"SR22"},"F5E":{"t":"GLID"},"F69":{"desc":"L1T"},"F6B":{"t":"C182"},"F6E":{"t":"B734"},"F70":{"desc":"L1P"},"F72":{"t":"TBM7"},"F7E":{"desc":"L1P"},"F86":{"t":"SR20"},"F87":{"t":"A139"},"F9F":{"t":"C172"},"FA8":{"t":"C310"},"FB9":{"t":"P210"},"FBA":{"t":"P28A"},"FC4":{"t":"P337"},"FC5":{"desc":"L2J"},"FC8":{"t":"A139"},"FCD":{"t":"BALL"},"FD2":{"t":"AA5"},"FDA":{"desc":"L1P"},"FF5":{"t":"A320"}}