{"005":{"t":"C152"},"006":{"t":"P28A"},"008":{"t":"C150"},"009":{"t":"M20P"},"00C":{"t":"C180"},"00F":{"t":"C172"},"010":{"desc":"L1P"},"011":{"t":"UH12"},"012":{"t":"BL8"},"014":{"t":"UH12"},"01B":{"t":"C172"},"01E":{"t":"C172"},"021":{"t":"J3"},"022":{"t":"P28A"},"023":{"t":"RC3"},"025":{"t":"S108"},"02A":{"t":"BE35"},"02C":{"t":"M20P"},"02D":{"t":"C72R"},"02E":{"t":"P28A"},"030":{"t":"T210"},"031":{"t":"T206"},"032":{"t":"C172"},"033":{"t":"C172"},"039":{"t":"C172"},"03E":{"t":"C172"},"045":{"t":"P28A"},"046":{"t":"RC3"},"047":{"t":"AA1"},"048":{"t":"BALL"},"04A":{"t":"P210"},"04E":{"t":"C82R"},"050":{"t":"C72R"},"051":{"t":"P28A"},"056":{"t":"C172"},"059":{"t":"C172"},"05B":{"t":"C172"},"05C":{"t":"C172"},"05E":{"t":"C172"},"065":{"t":"E145"},"06B":{"desc":"L1P"},"06C":{"desc":"L1P"},"06D":{"t":"CL60"},"070":{"t":"RV12"},"071":{"t":"MD90"},"074":{"desc":"L1P"},"076":{"desc":"L1J"},"093":{"t":"GLID"},"094":{"t":"BALL"},"098":{"desc":"L1P"},"0A0":{"t":"C182"},"0A3":{"t":"B734"},"0AB":{"t":"BE35"},"0AE":{"t":"DV20"},"0B9":{"desc":"L1P"},"0BC":{"t":"DA40"},"0C4":{"desc":"L1P"},"0C5":{"t":"BE9L"},"0D2":{"t":"LJ45"},"0D4":{"t":"C172"},"0E2":{"t":"MD11"},"0EF":{"t":"P28A"},"0F9":{"desc":"L1P"},"104":{"desc":"L1P"},"108":{"t":"B763"},"10F":{"desc":"H1P"},"11D":{"desc":"L1P"},"128":{"desc":"L1P"},"12A":{"t":"A320"},"132":{"desc":"L1P","t":"ULAC"},"134":{"t":"SR22"},"143":{"desc":"H4E"},"154":{"t":"ULAC"},"16E":{"t":"SR20"},"173":{"desc":"L2T"},"174":{"t":"P32R"},"177":{"desc":"L1P"},"185":{"t":"P28A"},"196":{"t":"A320"},"1A6":{"t":"P28T"},"1A8":{"t":"PC12"},"1AA":{"t":"C182"},"1B1":{"desc":"L1P"},"1BE":{"t":"BE35"},"1CF":{"t":"C56X"},"1D4":{"t":"E75L"},"1D7":{"desc":"L1P"},"1DB":{"desc":"H4E"},"1DC":{"desc":"L1P"},"1E5":{"desc":"L1P","t":"ULAC"},"1E8":{"t":"BE36"},"1E9":{"t":"C560"},"1EB":{"desc":"L1P"},"1EC":{"t":"E170"},"1F3":{"t":"PA31"},"1FE":{"t":"C172"},"200":{"t":"SR22"},"20A":{"desc":"L2J"},"20F":{"t":"SR22"},"211":{"desc":"L1P"},"217":{"t":"P28A"},"21F":{"t":"C56X"},"223":{"t":"B763"},"23B":{"t":"BE35"},"254":{"desc":"L1P"},"256":{"desc":"L1P"},"260":{"t":"C414"},"278":{"desc":"L1P"},"2AB":{"desc":"H4E"},"2B9":{"t":"C182"},"2BB":{"desc":"L1P"},"2BC":{"t":"CH7A"},"2C0":{"desc":"L1P"},"2C6":{"t":"PA24"},"2C7":{"t":"M20P"},"2CB":{"t":"M20P"},"2CE":{"t":"C180"},"2CF":{"t":"PA27"},"2D2":{"t":"C172"},"2D3":{"t":"C172"},"2D4":{"t":"C172"},"2D6":{"t":"C172"},"2D7":{"t":"C172"},"2D8":{"t":"C172"},"2D9":{"t":"C172"},"2DA":{"t":"C172"},"2DB":{"desc":"L1P"},"2DD":{"t":"C172"},"2DE":{"desc":"L1P"},"2E0":{"t":"C172"},"2E2":{"t":"C150"},"2E3":{"t":"J3"},"2E7":{"t":"S108"},"2E8":{"t":"T210"},"2E9":{"t":"P210"},"2EA":{"t":"M20P"},"2EB":{"t":"P28A"},"2EC":{"t":"B350"},"2ED":{"t":"C150"},"2F4":{"t":"C310"},"2F7":{"t":"C172"},"2F8":{"t":"C172"},"2FB":{"t":"C172"},"2FF":{"t":"C210"},"300":{"t":"C172"},"301":{"desc":"L1P"},"302":{"t":"T6"},"304":{"t":"C150"},"305":{"desc":"L1P"},"307":{"t":"P28A"},"308":{"t":"RC3"},"30C":{"t":"PA24"},"30D":{"t":"C152"},"30E":{"t":"P28A"},"312":{"t":"C72R"},"313":{"t":"P28A"},"316":{"t":"PA25"},"31A":{"desc":"L1P"},"31C":{"t":"C172"},"31D":{"desc":"L1P","t":"ULAC"},"31F":{"t":"C172"},"320":{"t":"C172"},"322":{"t":"C182"},"324":{"t":"CH7A"},"326":{"t":"C172"},"327":{"t":"BE30"},"32E":{"t":"T210"},"330":{"t":"M20P"},"331":{"t":"P28A"},"332":{"t":"C150"},"333":{"t":"C82R"},"334":{"t":"M20P"},"336":{"t":"P28A"},"337":{"t":"T206"},"33A":{"t":"C172"},"33C":{"t":"C172"},"33D":{"t":"C172"},"33E":{"t":"C172"},"33F":{"t":"C172"},"340":{"t":"C172"},"341":{"t":"C180"},"343":{"t":"BALL"},"347":{"t":"CH7A"},"34F":{"t":"AA1"},"351":{"t":"C210"},"352":{"t":"PA24"},"354":{"t":"T210"},"355":{"t":"C150"},"356":{"t":"C150"},"357":{"t":"M20P"},"359":{"t":"P28A"},"35D":{"t":"C172"},"361":{"t":"C172"},"362":{"t":"C172"},"367":{"desc":"L1P"},"369":{"t":"C172"},"36B":{"t":"C172"},"36C":{"t":"C172"},"36E":{"t":"C150"},"36F":{"t":"J3"},"370":{"t":"P28A"},"372":{"t":"AA1"},"373":{"t":"S108"},"375":{"t":"PA24"},"377":{"t":"P28A"},"378":{"t":"C150"},"37A":{"t":"M20P"},"37B":{"t":"C72R"},"380":{"t":"C172"},"385":{"t":"C172"},"389":{"t":"C172"},"38C":{"t":"T210"},"38D":{"t":"CH7A"},"38E":{"t":"T6"},"390":{"t":"C150"},"398":{"t":"C152"},"39C":{"t":"C150"},"39E":{"t":"C72R"},"3A5":{"desc":"L1P"},"3A7":{"t":"C172"},"3AA":{"t":"C172"},"3AE":{"t":"C182"},"3AF":{"t":"C172"},"3B1":{"t":"T6"},"3B2":{"t":"C172"},"3B3":{"t":"C150"},"3B6":{"t":"P28A"},"3B8":{"t":"AA1"},"3BA":{"t":"BALL"},"3BC":{"t":"M20P"},"3BD":{"t":"P28A"},"3BE":{"t":"C150"},"3BF":{"t":"C150"},"3CD":{"t":"C172"},"3D0":{"desc":"L1P"},"3D1":{"t":"C182"},"3D2":{"t":"C172"},"3D3":{"desc":"L1P"},"3D4":{"t":"T6"},"3D6":{"t":"C150"},"3DC":{"t":"C152"},"3E2":{"t":"C150"},"3E6":{"t":"T206"},"3EA":{"t":"GLID"},"3EB":{"t":"C180"},"3EC":{"t":"C172"},"3ED":{"desc":"L1P"},"3F0":{"t":"ST75"},"3F1":{"desc":"L1P"},"3F2":{"desc":"L1P"},"3F4":{"t":"C182"},"3F8":{"t":"C172"},"3FE":{"t":"AA1"},"400":{"t":"T210"},"401":{"t":"PA24"},"404":{"t":"C150"},"405":{"desc":"L1P"},"40C":{"t":"C172"},"413":{"desc":"L1P"},"41A":{"t":"PA34"},"41C":{"t":"E145"},"41D":{"t":"R44"},"421":{"t":"R44"},"423":{"desc":"L1P"},"428":{"t":"B737"},"429":{"t":"C650"},"42D":{"desc":"L1J"},"432":{"t":"R44"},"433":{"t":"P32R"},"43B":{"t":"BT36"},"44A":{"t":"GLID"},"44B":{"t":"BALL"},"44C":{"t":"GLID"},"44D":{"t":"SR22"},"451":{"t":"R44"},"453":{"t":"LJ35"},"454":{"desc":"L1P"},"455":{"t":"CH7B"},"457":{"t":"C182"},"45B":{"t":"C210"},"464":{"t":"BE35"},"466":{"t":"M20P"},"472":{"t":"PA18"},"473":{"t":"DA40"},"487":{"t":"MU2"},"48B":{"t":"C172"},"494":{"desc":"L1P"},"499":{"t":"MD11"},"49F":{"t":"P28A"},"4A0":{"t":"C180"},"4A6":{"t":"P28A"},"4AD":{"t":"P28A"},"4B1":{"desc":"L1P"},"4BF":{"t":"B763"},"4D1":{"t":"S22T"},"4DF":{"desc":"L1P","t":"ULAC"},"4E1":{"t":"A320"},"4E2":{"t":"BE9L"},"4E6":{"desc":"L1P"},"4E7":{"desc":"L1P"},"4F0":{"desc":"L1P"},"4F4":{"desc":"L1P"},"4F8":{"desc":"L1P"},"509":{"t":"PA44"},"50B":{"desc":"H8E"},"511":{"desc":"L1P"},"519":{"t":"S76"},"52A":{"desc":"L2T"},"52D":{"t":"R44"},"52E":{"t":"R44"},"52F":{"t":"R44"},"538":{"t":"CH7A"},"53F":{"t":"S22T"},"54C":{"t":"ULAC"},"54D":{"t":"A320"},"558":{"t":"B742"},"55F":{"t":"R44"},"572":{"desc":"H4E"},"586":{"t":"C56X"},"58B":{"t":"E75L"},"58F":{"t":"R44"},"590":{"desc":"L1P"},"591":{"t":"BE35"},"593":{"desc":"L1P"},"59A":{"t":"E50P"},"5A2":{"t":"F2TH"},"5A3":{"t":"E170"},"5A7":{"t":"DV20"},"5A9":{"desc":"L1P","t":"ULAC"},"5AA":{"t":"PA31"},"5AB":{"t":"PC12"},"5B2":{"t":"M6"},"5B7":{"t":"SR22"},"5BC":{"t":"B733"},"5C0":{"t":"BE35"},"5C1":{"desc":"L2J"},"5C3":{"t":"R44"},"5CC":{"desc":"L1P"},"5CE":{"desc":"L1P"},"5D2":{"t":"P28S"},"5DA":{"t":"B763"},"5F2":{"desc":"L1P","t":"ULAC"},"5F4":{"t":"R44"},"5F5":{"t":"P210"},"5FE":{"t":"Y18T"},"60B":{"desc":"L2P"},"60D":{"t":"R44"},"619":{"desc":"L1P"},"623":{"desc":"H4E"},"66F":{"t":"GLID"},"671":{"t":"T210"},"673":{"t":"C172"},"678":{"t":"P28A"},"679":{"t":"RC3"},"67A":{"t":"AA1"},"67D":{"t":"PA24"},"67F":{"t":"P28A"},"684":{"t":"P28A"},"686":{"t":"T210"},"688":{"t":"PA24"},"68C":{"desc":"L1P"},"690":{"t":"C172"},"694":{"t":"C172"},"696":{"t":"C172"},"698":{"t":"C172"},"69B":{"t":"P28A"},"69C":{"desc":"A1P"},"69E":{"t":"S108"},"6A1":{"t":"M20P"},"6AB":{"t":"T50"},"6AC":{"t":"C172"},"6AE":{"t":"C172"},"6AF":{"t":"C172"},"6B3":{"t":"C172"},"6B9":{"t":"T6"},"6BA":{"t":"C172"},"6BE":{"t":"P28A"},"6C1":{"t":"C152"},"6C3":{"t":"PA24"},"6C5":{"t":"P28A"},"6C7":{"t":"C150"},"6C8":{"t":"M20P"},"6CC":{"t":"T210"},"6CE":{"t":"C172"},"6CF":{"t":"C172"},"6D1":{"t":"C172"},"6D4":{"t":"C180"},"6D5":{"t":"C172"},"6D7":{"t":"C172"},"6D8":{"desc":"L1P"},"6D9":{"t":"C182"},"6DB":{"t":"T50"},"6DE":{"t":"BALL"},"6E0":{"t":"J3"},"6E2":{"t":"RC3"},"6E5":{"t":"T210"},"6E6":{"t":"PA24"},"6E8":{"t":"P28A"},"6EB":{"t":"M20P"},"6EE":{"t":"C180"},"6F2":{"t":"C172"},"6F4":{"t":"C172"},"6F5":{"t":"ST75"},"6F6":{"desc":"L1P"},"6F8":{"t":"BALL"},"6F9":{"t":"C172"},"6FA":{"t":"C172"},"6FB":{"t":"C172"},"6FE":{"t":"BT36"},"700":{"t":"C185"},"702":{"t":"C150"},"707":{"t":"C182"},"709":{"t":"PA24"},"70B":{"t":"P28A"},"70C":{"t":"C150"},"70D":{"t":"C82R"},"70F":{"t":"C72R"},"710":{"t":"P210"},"715":{"t":"C172"},"716":{"t":"C172"},"71B":{"t":"C172"},"71C":{"t":"C172"},"71D":{"t":"C172"},"71E":{"t":"GLID"},"724":{"t":"C150"},"72E":{"t":"P28A"},"730":{"t":"C82T"},"731":{"t":"M20P"},"735":{"t":"T210"},"737":{"t":"C172"},"738":{"t":"C172"},"73A":{"t":"C172"},"73B":{"t":"C172"},"73C":{"t":"C172"},"73D":{"t":"C172"},"741":{"t":"GLID"},"745":{"t":"C172"},"746":{"t":"C172"},"748":{"t":"C150"},"749":{"t":"J3"},"74C":{"t":"AA1"},"74E":{"t":"BE55"},"751":{"t":"P28A"},"753":{"t":"C150"},"756":{"t":"P210"},"75B":{"t":"C172"},"75D":{"t":"BE18"},"75E":{"t":"C172"},"75F":{"t":"C172"},"765":{"t":"T210"},"767":{"desc":"L1P"},"769":{"t":"C172"},"76B":{"t":"C150"},"76D":{"t":"P28A"},"770":{"t":"M7"},"771":{"t":"BALL"},"772":{"t":"PA24"},"773":{"t":"M20P"},"774":{"t":"P28A"},"777":{"t":"M20P"},"779":{"t":"P28A"},"77A":{"t":"T206"},"77C":{"t":"PA25"},"77D":{"t":"VALI"},"784":{"t":"C172"},"786":{"t":"C172"},"788":{"t":"PA38"},"78B":{"t":"UH12"},"78C":{"t":"C172"},"78E":{"t":"C150"},"790":{"t":"P28A"},"793":{"t":"C152"},"795":{"t":"PA24"},"796":{"t":"M20P"},"797":{"t":"P28A"},"79A":{"t":"M20P"},"79C":{"t":"P28A"},"7A2":{"t":"AR11"},"7A5":{"t":"C172"},"7AC":{"t":"BE9L"},"7AF":{"t":"C172"},"7B1":{"t":"C150"},"7B2":{"desc":"L1T"},"7B3":{"t":"C172"},"7B4":{"t":"RC3"},"7B7":{"t":"BT36"},"7B8":{"t":"C152"},"7BC":{"t":"C82T"},"7BF":{"t":"P210"},"7C4":{"desc":"L1P"},"7C6":{"t":"C172"},"7CD":{"desc":"L1P"},"7CE":{"t":"PA22"},"7D0":{"desc":"L1P"},"7D1":{"t":"A320"},"7D2":{"t":"S22T"},"7D3":{"t":"E145"},"7D5":{"t":"PA46"},"7DA":{"t":"LJ35"},"7E0":{"t":"C208"},"7E4":{"desc":"L1J"},"7E7":{"t":"E55P"},"7EA":{"t":"PA32"},"7EB":{"t":"SR22"},"7EF":{"t":"E300"},"800":{"t":"SR22"},"801":{"t":"GLID"},"804":{"t":"SR22"},"808":{"t":"PA32"},"80E":{"t":"SR22"},"811":{"t":"ULAC"},"815":{"desc":"L1P"},"819":{"t":"BE35"},"81B":{"desc":"L1P"},"81C":{"t":"F2TH"},"81D":{"desc":"L1P"},"821":{"desc":"A2P"},"82A":{"t":"T6"},"82B":{"t":"PA18"},"832":{"desc":"A1P"},"836":{"desc":"L1P","t":"ULAC"},"83E":{"t":"SR22"},"842":{"t":"C172"},"848":{"t":"R22"},"84F":{"t":"LJ45"},"850":{"t":"MD11"},"856":{"t":"P28A"},"85D":{"t":"P28A"},"864":{"t":"LJ35"},"876":{"t":"B763"},"87D":{"desc":"L1P"},"87E":{"t":"LJ31"},"881":{"desc":"H4E"},"889":{"desc":"L2T"},"896":{"desc":"L1P","t":"ULAC"},"898":{"t":"A320"},"8AF":{"t":"ST75"},"8B0":{"t":"H269"},"8CB":{"desc":"L1P"},"8E1":{"desc":"L1P"},"8E2":{"desc":"L1T","t":"M600"},"8FA":{"t":"GLID"},"8FE":{"t":"P28A"},"904":{"t":"A320"},"916":{"t":"PC12"},"917":{"t":"C172"},"918":{"t":"PC12"},"91F":{"t":"E35L"},"93C":{"t":"BALL"},"93D":{"t":"C68A"},"942":{"t":"E75L"},"945":{"t":"PA30"},"949":{"desc":"L1P"},"94A":{"desc":"L1P"},"94B":{"t":"PA18"},"95A":{"t":"E170"},"95E":{"desc":"L1P"},"95F":{"desc":"L1P"},"960":{"t":"C425"},"961":{"t":"PA31"},"962":{"t":"PA30"},"968":{"t":"BE58"},"96C":{"t":"C172"},"96E":{"t":"SR22"},"974":{"desc":"L1P"},"977":{"t":"BE35"},"983":{"desc":"L1P"},"991":{"desc":"H4E"},"9A9":{"t":"BE35"},"9C2":{"desc":"L1P"},"9C5":{"t":"C414"},"9D4":{"t":"DA40"},"9E6":{"desc":"L1P"},"9EC":{"desc":"L1P"},"9F4":{"t":"G164"},"9F6":{"desc":"H4E"},"A1E":{"desc":"H4E"},"A28":{"t":"C152"},"A2A":{"t":"T34P"},"A2D":{"t":"C172"},"A2E":{"t":"J3"},"A2F":{"t":"P28A"},"A30":{"t":"C172"},"A31":{"t":"B350"},"A32":{"desc":"L1P"},"A36":{"t":"P28A"},"A38":{"t":"C150"},"A3A":{"desc":"L1P"},"A3B":{"t":"P28A"},"A3C":{"t":"C180"},"A3D":{"t":"T210"},"A41":{"t":"ST75"},"A46":{"t":"C172"},"A47":{"t":"C172"},"A48":{"t":"C172"},"A4A":{"t":"PA38"},"A4B":{"t":"C172"},"A4C":{"t":"CH7A"},"A4D":{"t":"BE20"},"A4E":{"t":"C172"},"A4F":{"t":"C150"},"A52":{"t":"P28A"},"A57":{"t":"PA24"},"A58":{"t":"M20P"},"A59":{"t":"P28A"},"A5B":{"t":"C150"},"A5C":{"t":"M20P"},"A5E":{"t":"P28A"},"A62":{"t":"C172"},"A66":{"t":"ST75"},"A6A":{"t":"TAYB"},"A6B":{"t":"BE36"},"A6C":{"desc":"L1P"},"A6D":{"t":"C182"},"A71":{"t":"C172"},"A72":{"t":"C150"},"A76":{"t":"C172"},"A78":{"desc":"L1P"},"A7B":{"t":"M20P"},"A7C":{"t":"P28A"},"A7D":{"t":"H25B"},"A7E":{"t":"C150"},"A7F":{"t":"M20P"},"A89":{"t":"C172"},"A8C":{"t":"C172"},"A8E":{"t":"C180"},"A8F":{"t":"GLF6"},"A90":{"t":"C182"},"A91":{"t":"C172"},"A92":{"t":"BT36"},"A94":{"t":"C172"},"A96":{"t":"C150"},"A97":{"t":"C182"},"A98":{"t":"P28A"},"A99":{"t":"BALL"},"A9B":{"t":"S108"},"A9C":{"t":"T210"},"A9D":{"t":"PA24"},"A9F":{"t":"P28A"},"AA1":{"t":"C82T"},"AA4":{"t":"P28A"},"AA6":{"t":"BALL"},"AA8":{"t":"C172"},"AAA":{"t":"C172"},"AAD":{"t":"C172"},"AAF":{"t":"C172"},"AB0":{"t":"C172"},"AB7":{"t":"C172"},"AB9":{"t":"C172"},"ABC":{"t":"C150"},"ABD":{"t":"BALL"},"ABE":{"t":"C152"},"AC1":{"t":"M20P"},"AC3":{"t":"C150"},"AC4":{"t":"C150"},"AC6":{"desc":"L1P"},"AC7":{"t":"P28A"},"ACA":{"t":"PA25"},"ACC":{"t":"C172"},"ACD":{"t":"C172"},"ACE":{"t":"C172"},"AD0":{"t":"C172"},"AD4":{"desc":"L1P"},"AD5":{"desc":"L1P"},"AD7":{"t":"C172"},"AD8":{"t":"T210"},"AD9":{"t":"T34P"},"ADB":{"t":"C182"},"ADE":{"t":"P28A"},"ADF":{"t":"C150"},"AE2":{"t":"BE33"},"AE3":{"t":"PA24"},"AE6":{"desc":"L1P"},"AE9":{"t":"C72R"},"AEB":{"t":"C180"},"AF1":{"t":"O1"},"AF2":{"t":"ST75"},"AF3":{"desc":"L1P"},"AF4":{"t":"C172"},"AF6":{"t":"ST75"},"AFA":{"t":"C172"},"AFB":{"t":"BT36"},"AFE":{"t":"C150"},"B00":{"t":"J3"},"B01":{"t":"P28A"},"B06":{"t":"C152"},"B07":{"t":"M20P"},"B08":{"t":"P28A"},"B09":{"t":"C150"},"B0B":{"t":"T210"},"B0C":{"t":"C72R"},"B0E":{"t":"C180"},"B10":{"t":"PA25"},"B1D":{"t":"T210"},"B1F":{"t":"C172"},"B20":{"t":"C172"},"B21":{"t":"C150"},"B22":{"t":"C150"},"B24":{"t":"P28A"},"B25":{"t":"C150"},"B2A":{"t":"M20P"},"B30":{"t":"P28A"},"B39":{"t":"C172"},"B3D":{"desc":"L1P"},"B3F":{"t":"C182"},"B40":{"t":"C172"},"B41":{"t":"BE58"},"B44":{"t":"C150"},"B46":{"t":"J3"},"B47":{"t":"P28A"},"B49":{"t":"C152"},"B4C":{"t":"PA24"},"B52":{"t":"C72R"},"B53":{"t":"P28A"},"B5C":{"desc":"L1P"},"B5D":{"t":"UH1"},"B5E":{"t":"ST75"},"B5F":{"t":"ST75"},"B61":{"desc":"L1P"},"B62":{"t":"BALL"},"B64":{"t":"T210"},"B69":{"t":"J3"},"B6C":{"t":"M7"},"B6F":{"t":"PA24"},"B71":{"t":"P28A"},"B73":{"t":"C150"},"B74":{"t":"M20P"},"B76":{"t":"P28A"},"B81":{"desc":"L1P"},"B88":{"t":"M20P"},"B8A":{"t":"E145"},"B8F":{"desc":"L2J"},"B91":{"desc":"L1P"},"B96":{"t":"E50P"},"B97":{"t":"C208"},"B9B":{"desc":"L1J"},"BAF":{"desc":"H1P"},"BB8":{"t":"PA46"},"BB9":{"t":"C172"},"BBA":{"t":"DH8B"},"BBB":{"t":"T210"},"BBF":{"desc":"L1P"},"BC5":{"t":"T206"},"BC8":{"t":"B735"},"BD0":{"t":"BE35"},"BD2":{"t":"H60"},"BD3":{"t":"C185"},"BD7":{"desc":"L1P"},"BD8":{"desc":"L1P"},"BDE":{"desc":"L1P"},"BE0":{"t":"BE20"},"BE5":{"t":"C172"},"BF9":{"t":"C172"},"C02":{"desc":"L1P"},"C04":{"desc":"L1P"},"C07":{"t":"MD11"},"C0D":{"t":"P28A"},"C14":{"t":"P28A"},"C1F":{"t":"GLF6"},"C20":{"desc":"H1T","t":"AS65"},"C2D":{"desc":"L1P"},"C34":{"t":"EN28"},"C37":{"t":"PA46"},"C4D":{"desc":"L1P","t":"ULAC"},"C4F":{"t":"A320"},"C55":{"t":"ULAC"},"C59":{"desc":"L1P"},"C66":{"t":"BE33"},"C7B":{"t":"P32R"},"C85":{"t":"A119"},"C98":{"t":"GLID"},"C99":{"t":"FDCT"},"CA4":{"t":"BE36"},"CA6":{"desc":"L1P"},"CA9":{"t":"R44"},"CB1":{"desc":"L1P","t":"ULAC"},"CB5":{"t":"P28A"},"CBB":{"t":"A320"},"CE3":{"t":"BE35"},"CE4":{"t":"FDCT"},"CF4":{"t":"C68A"},"CF9":{"t":"E75L"},"CFC":{"desc":"A1P"},"CFF":{"desc":"L1P"},"D00":{"desc":"H4E"},"D01":{"desc":"L1P"},"D10":{"desc":"L1P"},"D11":{"t":"E170"},"D15":{"desc":"L1P"},"D16":{"desc":"L1P"},"D17":{"desc":"L1P"},"D18":{"t":"PA31"},"D19":{"t":"PA32"},"D23":{"t":"C172"},"D26":{"desc":"H6E"},"D2E":{"t":"BE55"},"D2F":{"desc":"L2J"},"D44":{"t":"C56X"},"D47":{"desc":"L1T","t":"M600"},"D48":{"t":"B763"},"D6E":{"t":"C525"},"D8B":{"t":"EA50"},"DC5":{"desc":"H4E"},"DDF":{"t":"C172"},"DE1":{"t":"J3"},"DE3":{"t":"C150"},"DE4":{"t":"C150"},"DE5":{"desc":"L1T"},"DE7":{"t":"RC3"},"DE8":{"t":"C152"},"DE9":{"t":"C152"},"DEB":{"t":"PA24"},"DEC":{"t":"M20P"},"DED":{"t":"P28A"},"DEF":{"t":"C82T"},"DF0":{"t":"M20P"},"DF4":{"t":"PA27"},"DF8":{"t":"ST75"},"DF9":{"t":"ST75"},"DFA":{"t":"ST75"},"DFE":{"t":"C172"},"DFF":{"t":"BE36"},"E03":{"t":"P28A"},"E06":{"t":"B350"},"E08":{"t":"J3"},"E09":{"t":"P28A"},"E0E":{"t":"PA24"},"E0F":{"t":"M20P"},"E10":{"t":"P28A"},"E14":{"t":"C72R"},"E15":{"t":"P28A"},"E16":{"t":"C180"},"E18":{"t":"T206"},"E1A":{"t":"C172"},"E1E":{"desc":"L1P"},"E20":{"t":"C172"},"E26":{"t":"P28A"},"E27":{"t":"C172"},"E29":{"t":"C182"},"E2C":{"t":"P28A"},"E2F":{"t":"EA50"},"E32":{"t":"M20P"},"E33":{"t":"P28A"},"E34":{"t":"C150"},"E35":{"t":"C150"},"E36":{"t":"M20P"},"E37":{"t":"C72R"},"E38":{"t":"P28A"},"E3A":{"t":"R44"},"E3B":{"t":"PA25"},"E46":{"desc":"L1P"},"E47":{"t":"C182"},"E49":{"t":"T6"},"E4D":{"t":"C172"},"E4E":{"t":"J3"},"E4F":{"t":"P28A"},"E55":{"t":"C152"},"E59":{"t":"T206"},"E5A":{"desc":"L1P"},"E69":{"t":"C680"},"E6A":{"t":"BT36"},"E6B":{"t":"C172"},"E6E":{"t":"C172"},"E70":{"t":"C150"},"E75":{"desc":"L1P"},"E76":{"t":"BALL"},"E79":{"t":"C72R"},"E7C":{"t":"M20P"},"E7D":{"desc":"L1P"},"E7E":{"t":"P28A"},"E81":{"t":"AA5"},"E88":{"desc":"L1P"},"E8A":{"t":"ST75"},"E8D":{"t":"C182"},"E8E":{"t":"C172"},"E90":{"desc":"L1P"},"E91":{"t":"C172"},"E92":{"t":"C150"},"E93":{"t":"BT36"},"E94":{"t":"J3"},"E95":{"t":"P28A"},"E9A":{"t":"PA24"},"E9B":{"t":"M20P"},"E9E":{"t":"C82R"},"E9F":{"t":"M20P"},"EA0":{"desc":"L1P"},"EA5":{"t":"ST75"},"EAA":{"desc":"L1P"},"EAC":{"t":"C172"},"EB0":{"t":"C182"},"EB2":{"t":"P28A"},"EB3":{"t":"C172"},"EB4":{"t":"C172"},"EB5":{"t":"C150"},"EB8":{"t":"P28A"},"EBB":{"t":"S108"},"EBC":{"t":"T210"},"EBE":{"t":"M20P"},"EC1":{"t":"C150"},"ECA":{"desc":"L1P"},"ECC":{"t":"C172"},"ED1":{"desc":"L1P"},"ED3":{"t":"PA38"},"ED4":{"desc":"H4E"},"ED5":{"t":"P28A"},"ED7":{"t":"C172"},"EDB":{"t":"P28A"},"EDC":{"t":"RC3"},"EDD":{"t":"C152"},"EDF":{"t":"BT36"},"EE2":{"t":"P28A"},"EE3":{"t":"C150"},"EE7":{"t":"P28A"},"EE8":{"t":"BE36"},"EEF":{"t":"PA18"},"EF3":{"t":"C172"},"EF4":{"t":"PA18"},"EF5":{"t":"SR22"},"EF7":{"t":"C172"},"EF9":{"t":"C172"},"EFB":{"t":"C172"},"EFE":{"t":"P28A"},"EFF":{"desc":"A1P"},"F00":{"t":"BALL"},"F02":{"t":"T210"},"F03":{"t":"PA24"},"F05":{"t":"P28A"},"F06":{"t":"C150"},"F07":{"t":"C150"},"F08":{"t":"M20P"},"F09":{"desc":"L1P"},"F12":{"desc":"L1P"},"F14":{"t":"C172"},"F15":{"t":"BE24"},"F1A":{"t":"C152"},"F1F":{"t":"C150"},"F21":{"t":"P28A"},"F22":{"t":"C150"},"F24":{"t":"C152"},"F25":{"t":"T210"},"F26":{"t":"C152"},"F27":{"t":"M20P"},"F28":{"t":"P28A"},"F29":{"t":"C150"},"F2B":{"t":"M20P"},"F2C":{"desc":"L1P"},"F2D":{"t":"P28A"},"F3C":{"t":"PA22"},"F3D":{"desc":"L1P"},"F3F":{"t":"ULAC"},"F41":{"t":"E145"},"F4D":{"t":"E50P"},"F50":{"t":"A319"},"F51":{"t":"A320"},"F55":{"t":"PA32"},"F6E":{"t":"S108"},"F70":{"t":"BALL"},"F72":{"t":"SR22"},"F7A":{"desc":"H1P"},"F7C":{"t":"M20T"},"F87":{"t":"P47"},"F91":{"t":"BE35"},"F93":{"desc":"A1P","t":"ULAC"},"F98":{"t":"DA40"},"FB0":{"t":"C172"},"FBE":{"t":"MD11"},"FC4":{"t":"P28A"},"FC7":{"desc":"H2T"},"FC9":{"desc":"H4E"},"FCB":{"t":"P28A"},"FE4":{"t":"B763"},"FF4":{"t":"BALL"},"FFC":{"desc":"H4E"}}