{"005":{"desc":"L1P"},"006":{"t":"GLID"},"007":{"desc":"L1P"},"014":{"t":"PA18"},"01D":{"desc":"L1P"},"01F":{"desc":"H4E"},"037":{"t":"AT5T"},"042":{"desc":"H4E"},"04F":{"desc":"L1P"},"053":{"t":"SR20"},"059":{"t":"C56X"},"05B":{"t":"C25B"},"05D":{"t":"LJ35"},"061":{"t":"C172"},"068":{"desc":"L1P"},"072":{"t":"A320"},"081":{"desc":"L1P"},"084":{"t":"ULAC"},"08A":{"desc":"L1P","t":"ULAC"},"0AB":{"t":"C56X"},"0B0":{"t":"E75L"},"0B4":{"t":"AT3T"},"0B8":{"desc":"L1P"},"0BF":{"t":"RV12"},"0C4":{"desc":"L1P"},"0C7":{"desc":"L1P"},"0C8":{"t":"E170"},"0CD":{"desc":"L1P"},"0CE":{"t":"T210"},"0D1":{"t":"PA32"},"0D5":{"t":"PA46"},"0D7":{"desc":"L1P"},"0DA":{"t":"C172"},"0DE":{"desc":"L1T","t":"M600"},"0E6":{"desc":"L2J"},"0E7":{"desc":"G1P"},"0E8":{"t":"T206"},"0EB":{"t":"RV12"},"0ED":{"t":"C172"},"0F1":{"t":"BE55"},"0F6":{"t":"ULAC"},"0FA":{"t":"C310"},"0FF":{"t":"B763"},"101":{"desc":"H4E"},"117":{"t":"BE35"},"130":{"desc":"L1P"},"149":{"desc":"L1P"},"15E":{"desc":"H4E"},"166":{"t":"P28A"},"194":{"t":"UH12"},"196":{"t":"C172"},"199":{"t":"C172"},"19A":{"t":"C150"},"19B":{"t":"C150"},"19C":{"t":"C207"},"19D":{"t":"P28A"},"1A0":{"t":"S108"},"1A4":{"t":"P28A"},"1A6":{"t":"C150"},"1A8":{"desc":"L1P"},"1A9":{"t":"P28A"},"1AB":{"t":"T210"},"1AC":{"t":"PA25"},"1AF":{"t":"B47G"},"1B5":{"t":"ST75"},"1B8":{"t":"C182"},"1B9":{"t":"C172"},"1BC":{"t":"C172"},"1BD":{"t":"C150"},"1C0":{"t":"P28A"},"1C3":{"t":"C152"},"1C5":{"t":"PA24"},"1C6":{"t":"M20P"},"1C7":{"t":"P28A"},"1CB":{"desc":"L1P"},"1CD":{"t":"C180"},"1D2":{"t":"ST75"},"1D5":{"t":"AEST"},"1D7":{"t":"AEST"},"1DA":{"t":"ST75"},"1E1":{"t":"C182"},"1E3":{"t":"P28A"},"1E6":{"t":"S108"},"1E9":{"t":"M20P"},"1EA":{"t":"P28A"},"1EC":{"t":"C150"},"1EF":{"t":"P28A"},"1F1":{"t":"PA27"},"1F9":{"t":"ST75"},"1FB":{"t":"C172"},"1FE":{"t":"C182"},"1FF":{"t":"C172"},"202":{"desc":"L1P"},"205":{"t":"J3"},"20E":{"t":"C150"},"210":{"t":"M20P"},"218":{"t":"H269"},"219":{"t":"TAYD"},"21C":{"t":"C172"},"21F":{"t":"C172"},"226":{"t":"C150"},"22A":{"t":"C150"},"22B":{"t":"J3"},"22F":{"t":"M20P"},"236":{"t":"C180"},"238":{"t":"PA25"},"23A":{"desc":"H1T","t":"UH12"},"243":{"desc":"L1P"},"246":{"t":"P28S"},"247":{"t":"C172"},"24A":{"t":"C150"},"24C":{"t":"P28A"},"24E":{"t":"PA31"},"24F":{"t":"S108"},"252":{"t":"C152"},"256":{"t":"M20P"},"258":{"t":"P28A"},"259":{"t":"C180"},"25C":{"desc":"L1P"},"25D":{"desc":"L1P"},"260":{"t":"C172"},"262":{"t":"ST75"},"269":{"t":"CH7A"},"26C":{"t":"C150"},"26D":{"t":"C172"},"270":{"desc":"H4E"},"272":{"t":"S108"},"274":{"t":"PA24"},"275":{"t":"M20P"},"276":{"t":"P28A"},"278":{"t":"C82R"},"279":{"t":"M20P"},"27B":{"t":"P210"},"27E":{"t":"BT36"},"283":{"t":"UH12"},"285":{"desc":"L2P"},"286":{"desc":"L2P"},"28A":{"t":"CH7A"},"28C":{"t":"C170"},"28E":{"t":"C172"},"291":{"t":"C207"},"292":{"t":"P28A"},"295":{"t":"S108"},"29A":{"t":"C150"},"29B":{"t":"C82R"},"29E":{"t":"P28A"},"2A2":{"t":"UH1"},"2A7":{"t":"GLID"},"2A8":{"t":"C172"},"2AB":{"t":"BALL"},"2AC":{"desc":"L1P"},"2AE":{"t":"C172"},"2AF":{"t":"CH7A"},"2B0":{"t":"C172"},"2B8":{"t":"C152"},"2BA":{"t":"C152"},"2BB":{"t":"M20P"},"2BE":{"t":"C150"},"2C0":{"desc":"L1P"},"2C1":{"t":"P28A"},"2C2":{"t":"BALL"},"2C9":{"desc":"L2P"},"2CB":{"t":"C175"},"2CF":{"desc":"L1P"},"2D4":{"t":"C172"},"2D5":{"t":"C182"},"2D6":{"t":"C150"},"2D8":{"t":"P28A"},"2D9":{"t":"C150"},"2DB":{"t":"S108"},"2DC":{"t":"T210"},"2DE":{"t":"M20P"},"2DF":{"t":"P28A"},"2E0":{"t":"ST75"},"2E1":{"t":"C150"},"2E2":{"t":"M20P"},"2E4":{"t":"P28A"},"2E5":{"t":"C180"},"2E6":{"t":"T210"},"2E9":{"t":"C172"},"2EB":{"t":"BE36"},"2EC":{"t":"ST75"},"2EE":{"t":"ST75"},"2F2":{"desc":"L1J"},"2F5":{"t":"SR22"},"2F6":{"t":"SR22"},"2F8":{"t":"E145"},"2FC":{"t":"C560"},"310":{"t":"C182"},"31D":{"t":"GLID"},"325":{"t":"SR22"},"326":{"t":"B06"},"327":{"t":"SR22"},"32D":{"desc":"L1P"},"32F":{"desc":"H4E"},"331":{"desc":"H1P"},"333":{"t":"C172"},"335":{"t":"CL60"},"33E":{"t":"BE35"},"340":{"t":"T6"},"342":{"t":"BE20"},"34F":{"t":"DA40"},"353":{"t":"C206"},"354":{"t":"E50P"},"367":{"t":"C172"},"368":{"desc":"H4E"},"370":{"t":"C182"},"375":{"t":"MD11"},"382":{"t":"P28A"},"385":{"desc":"L1E"},"38A":{"t":"GLF6"},"38B":{"desc":"L1P"},"391":{"t":"ULAC"},"3A2":{"desc":"L1P"},"3A3":{"desc":"H1T"},"3A7":{"t":"C525"},"3AA":{"desc":"H4E"},"3BB":{"desc":"L1P","t":"ULAC"},"3BD":{"t":"A320"},"3CB":{"t":"BE36"},"3CC":{"t":"PC12"},"3D0":{"t":"C510"},"3D4":{"desc":"L1P"},"3E0":{"t":"DA42"},"3EE":{"t":"AT5T"},"3F5":{"t":"ULAC"},"402":{"t":"T28"},"406":{"desc":"A1P","t":"ULAC"},"40B":{"t":"E55P"},"423":{"t":"P28A"},"429":{"t":"A320"},"448":{"desc":"H4E"},"451":{"t":"BE35"},"462":{"t":"C56X"},"467":{"t":"E75L"},"46F":{"desc":"L1P"},"47A":{"t":"GALX"},"47E":{"desc":"L1P"},"47F":{"t":"E170"},"484":{"desc":"L1P"},"485":{"t":"C421"},"486":{"t":"PA31"},"491":{"t":"C172"},"498":{"t":"B733"},"49C":{"t":"PA46"},"49D":{"desc":"L2J"},"49F":{"desc":"H1P"},"4AE":{"t":"C208"},"4B2":{"desc":"L1P"},"4B6":{"t":"B763"},"4CE":{"t":"BE95"},"4E0":{"desc":"L1E"},"4E3":{"desc":"L1P"},"4E9":{"t":"M7"},"4F2":{"desc":"H4E"},"519":{"t":"WACF"},"54D":{"t":"C172"},"54F":{"t":"C172"},"551":{"t":"C150"},"552":{"t":"C150"},"554":{"t":"P28A"},"559":{"t":"PA24"},"55A":{"t":"M20P"},"55C":{"t":"C150"},"562":{"t":"PA27"},"56D":{"t":"B739"},"570":{"t":"C172"},"574":{"t":"C150"},"576":{"t":"J3"},"577":{"t":"C172"},"587":{"desc":"L1P"},"58B":{"t":"C172"},"58C":{"t":"C172"},"592":{"t":"C182"},"593":{"t":"C172"},"595":{"desc":"L1P"},"596":{"t":"C172"},"599":{"t":"J3"},"59A":{"t":"P28A"},"59B":{"t":"C150"},"59D":{"t":"C152"},"59E":{"t":"C185"},"59F":{"t":"PA24"},"5A0":{"t":"M20P"},"5A8":{"t":"T210"},"5AD":{"t":"C152"},"5AE":{"t":"P51"},"5B0":{"t":"ST75"},"5B4":{"t":"GLID"},"5B5":{"t":"C182"},"5BA":{"t":"C150"},"5BB":{"t":"C150"},"5BC":{"t":"J3"},"5BD":{"t":"P28A"},"5BE":{"desc":"A1P"},"5C2":{"t":"PA24"},"5C5":{"t":"C150"},"5C6":{"t":"C150"},"5C7":{"t":"M20P"},"5CC":{"t":"PA25"},"5CE":{"t":"C152"},"5D1":{"t":"C172"},"5D2":{"t":"O1"},"5D4":{"t":"C182"},"5D7":{"t":"GLID"},"5D8":{"t":"C210"},"5DB":{"desc":"L1P"},"5DC":{"t":"BALL"},"5E0":{"t":"P28A"},"5E2":{"t":"BT36"},"5E5":{"t":"PA24"},"5ED":{"t":"C180"},"5F0":{"t":"BE24"},"5F4":{"t":"B739"},"5F9":{"t":"C152"},"5FA":{"t":"GLID"},"5FF":{"t":"C172"},"602":{"t":"C152"},"603":{"t":"P28A"},"604":{"t":"RC3"},"605":{"t":"PA31"},"609":{"t":"M20P"},"60F":{"t":"P28A"},"611":{"t":"PA27"},"61C":{"t":"C172"},"61D":{"t":"GLID"},"61E":{"t":"C182"},"61F":{"t":"C172"},"620":{"t":"P32T"},"624":{"t":"C150"},"626":{"t":"C172"},"628":{"t":"C152"},"62A":{"t":"BE33"},"62B":{"t":"PA24"},"62C":{"t":"M20P"},"630":{"t":"M20P"},"631":{"t":"C303"},"632":{"t":"P28A"},"634":{"t":"BALL"},"635":{"t":"PA25"},"63A":{"t":"UH12"},"63C":{"t":"C172"},"640":{"desc":"L1P"},"641":{"t":"C182"},"642":{"t":"C172"},"644":{"t":"C172"},"647":{"t":"C150"},"648":{"t":"J3"},"64C":{"t":"BALL"},"64F":{"t":"M20P"},"650":{"t":"P28A"},"651":{"t":"C150"},"653":{"t":"M20P"},"654":{"desc":"L1P"},"65E":{"t":"C172"},"668":{"t":"C172"},"669":{"t":"C150"},"66A":{"t":"C150"},"66B":{"t":"J3"},"66C":{"t":"P28A"},"66D":{"t":"RC3"},"66F":{"t":"S108"},"671":{"t":"PA24"},"672":{"t":"M20P"},"673":{"t":"P28A"},"676":{"t":"M20P"},"677":{"t":"C72R"},"678":{"t":"P28A"},"67D":{"t":"UH12"},"67E":{"t":"C172"},"684":{"t":"ST75"},"68B":{"t":"C172"},"68E":{"t":"C182"},"68F":{"t":"P28A"},"692":{"t":"C152"},"695":{"t":"M20P"},"69B":{"t":"P210"},"69C":{"t":"C180"},"69F":{"t":"ST75"},"6A0":{"t":"C152"},"6A1":{"t":"C172"},"6A2":{"t":"C152"},"6A7":{"t":"C152"},"6AD":{"desc":"H1T"},"6AF":{"t":"B407"},"6B1":{"desc":"H4E"},"6BF":{"t":"A320"},"6C3":{"t":"BE18"},"6C6":{"t":"PA32"},"6CA":{"desc":"L1P"},"6D4":{"desc":"H4E"},"6DF":{"t":"DH8B"},"6E0":{"t":"SR22"},"6EA":{"t":"C182"},"6EE":{"t":"FDCT"},"6F5":{"t":"ST75"},"6F6":{"t":"DA42"},"6FB":{"t":"T28"},"6FD":{"t":"C182"},"700":{"t":"B752"},"701":{"desc":"L1P"},"706":{"desc":"L1P"},"70B":{"t":"E50P"},"711":{"t":"BE58"},"71E":{"t":"C172"},"728":{"t":"S22T"},"72A":{"desc":"H4E"},"72C":{"t":"MD11"},"739":{"t":"P28A"},"743":{"t":"C172"},"74A":{"desc":"L1P"},"752":{"t":"B763"},"772":{"desc":"L1P","t":"ULAC"},"773":{"desc":"H4E"},"774":{"t":"A320"},"775":{"t":"BE20"},"780":{"t":"LJ45"},"78C":{"t":"SW4"},"79C":{"desc":"L1P"},"7A4":{"desc":"L1P"},"7A7":{"t":"BE58"},"7BD":{"desc":"L1P"},"7DA":{"t":"P28A"},"7E0":{"t":"A320"},"7EF":{"t":"PC12"},"7F7":{"desc":"L1P"},"7FD":{"t":"E145"},"819":{"t":"C68A"},"81E":{"t":"E75L"},"826":{"desc":"L1P"},"832":{"desc":"L1P"},"835":{"desc":"L1P"},"836":{"t":"E170"},"83A":{"desc":"L1P","t":"ULAC"},"83B":{"desc":"L1P"},"83C":{"desc":"L1P"},"83D":{"t":"PA31"},"83F":{"t":"LJ60"},"848":{"t":"E545"},"84A":{"t":"S22T"},"853":{"t":"C182"},"856":{"t":"C172"},"85A":{"desc":"L1P"},"861":{"t":"P28B"},"865":{"t":"FA50"},"868":{"t":"R44"},"86D":{"t":"B763"},"885":{"t":"BE33"},"89E":{"desc":"L1P","t":"ULAC"},"8AA":{"desc":"L1P"},"8C2":{"desc":"L1P"},"904":{"t":"C172"},"906":{"t":"C172"},"90C":{"t":"RC3"},"90D":{"t":"C152"},"911":{"t":"M20P"},"912":{"t":"P28A"},"917":{"t":"P28A"},"918":{"t":"C180"},"919":{"t":"T210"},"91C":{"t":"C172"},"91F":{"t":"BALL"},"920":{"t":"ST75"},"923":{"t":"C152"},"927":{"t":"T210"},"92A":{"t":"C172"},"92D":{"desc":"L1T"},"92E":{"t":"P28A"},"92F":{"t":"C150"},"935":{"t":"P28A"},"938":{"t":"M20P"},"93A":{"t":"P28A"},"93D":{"t":"C206"},"940":{"t":"C152"},"942":{"t":"BALL"},"943":{"t":"C172"},"946":{"t":"C172"},"947":{"t":"C172"},"94A":{"t":"T210"},"94B":{"t":"BE9L"},"94C":{"t":"C195"},"94D":{"t":"C172"},"94E":{"t":"C150"},"94F":{"t":"C182"},"950":{"t":"C207"},"954":{"desc":"L1P"},"955":{"t":"C210"},"958":{"t":"P28A"},"95A":{"t":"C150"},"95B":{"t":"C206"},"95F":{"t":"T210"},"965":{"t":"ST75"},"96C":{"t":"C182"},"96D":{"t":"C172"},"970":{"t":"C182"},"971":{"t":"C182"},"973":{"t":"J3"},"974":{"t":"P28A"},"977":{"t":"S108"},"978":{"t":"T210"},"979":{"t":"PA24"},"97B":{"t":"P28A"},"982":{"t":"T210"},"98D":{"t":"C152"},"98E":{"desc":"L1P"},"98F":{"t":"C182"},"991":{"t":"PA34"},"997":{"t":"P28A"},"99C":{"t":"PA24"},"99E":{"t":"P28A"},"99F":{"desc":"H4E"},"9A6":{"t":"PA25"},"9A9":{"t":"C152"},"9AA":{"t":"C172"},"9AB":{"t":"C152"},"9B0":{"t":"C152"},"9B2":{"t":"C182"},"9B3":{"t":"C172"},"9B5":{"desc":"L2T","t":"BE18"},"9B8":{"t":"C150"},"9B9":{"t":"J3"},"9BA":{"t":"P28A"},"9BB":{"t":"C150"},"9BE":{"t":"C210"},"9BF":{"t":"PA24"},"9C0":{"t":"M20P"},"9C3":{"t":"C150"},"9C4":{"t":"M20P"},"9C6":{"t":"P28A"},"9CC":{"t":"ST75"},"9D4":{"desc":"L1P"},"9D6":{"t":"C172"},"9DA":{"t":"C182"},"9DB":{"t":"C150"},"9DD":{"t":"P28A"},"9DF":{"t":"C152"},"9E0":{"t":"C206"},"9E1":{"t":"BT36"},"9E9":{"t":"P28A"},"9EF":{"t":"C172"},"9F1":{"t":"C172"},"9F2":{"t":"ST75"},"9F3":{"t":"C172"},"9F7":{"desc":"L1P"},"9F9":{"t":"C172"},"9FC":{"t":"C185"},"9FD":{"t":"C182"},"9FE":{"t":"C150"},"A05":{"t":"PA24"},"A09":{"t":"C150"},"A0D":{"t":"C180"},"A11":{"t":"C152"},"A12":{"t":"C172"},"A15":{"t":"C152"},"A16":{"t":"ST75"},"A1C":{"t":"C172"},"A1F":{"t":"C172"},"A20":{"t":"C172"},"A23":{"t":"P28A"},"A29":{"t":"M20P"},"A2E":{"t":"C303"},"A33":{"t":"ST75"},"A38":{"t":"C152"},"A3C":{"t":"C152"},"A3E":{"t":"C182"},"A3F":{"t":"C172"},"A40":{"t":"BE35"},"A42":{"t":"C172"},"A43":{"t":"C182"},"A44":{"t":"C150"},"A45":{"t":"J3"},"A4A":{"t":"T210"},"A4B":{"t":"PA24"},"A4C":{"t":"M20P"},"A4D":{"t":"P28A"},"A50":{"t":"M20P"},"A52":{"t":"P28A"},"A5F":{"t":"BALL"},"A63":{"t":"BALL"},"A64":{"t":"BE55"},"A65":{"t":"UH1"},"A66":{"t":"C421"},"A67":{"t":"PC12"},"A68":{"t":"O1"},"A6A":{"t":"BE35"},"A6C":{"t":"B06"},"A6D":{"t":"C182"},"A6F":{"t":"PA27"},"A71":{"desc":"H1T"},"A73":{"desc":"L1P"},"A76":{"t":"CH7A"},"A77":{"desc":"L1P"},"A7A":{"t":"S58T"},"A7B":{"t":"PAY2"},"A7C":{"t":"C170"},"A7D":{"t":"GLID"},"A7E":{"t":"P32R"},"A7F":{"t":"BE36"},"A80":{"desc":"L1P"},"A81":{"t":"GLID"},"A82":{"t":"ST75"},"A83":{"desc":"L1P"},"A84":{"desc":"L1P"},"A85":{"t":"C182"},"A86":{"desc":"L1P"},"A87":{"t":"BL8"},"A8A":{"desc":"L1J"},"A8C":{"t":"SBR1"},"A8F":{"t":"BE35"},"A94":{"t":"C560"},"A96":{"t":"GLF5"},"A97":{"desc":"L1P"},"A99":{"t":"C182"},"A9A":{"t":"PA34"},"A9C":{"t":"A109"},"A9D":{"t":"C25A"},"A9E":{"desc":"A2J"},"A9F":{"t":"PA31"},"AA0":{"t":"P28R"},"AA1":{"t":"C310"},"AA3":{"t":"H500"},"AA4":{"t":"BE65"},"AA5":{"desc":"L1P"},"AA6":{"t":"H60"},"AA8":{"t":"P32R"},"AAB":{"desc":"L1P"},"AAC":{"t":"C340"},"AAD":{"desc":"H2T"},"AAF":{"t":"BALL"},"AB0":{"t":"C25C"},"AB1":{"desc":"L1P"},"AB2":{"t":"PA27"},"AB3":{"t":"C170"},"AB4":{"desc":"L1P"},"AB6":{"desc":"L1P"},"AB7":{"t":"H25B"},"AB8":{"t":"PA27"},"ABC":{"desc":"L1P"},"ABD":{"desc":"L1P"},"ABE":{"t":"AEST"},"AC0":{"t":"C550"},"AC1":{"t":"C180"},"AC4":{"t":"M20P"},"AC5":{"t":"DG15"},"AC6":{"t":"C185"},"AC7":{"t":"C172"},"AC9":{"desc":"L1P"},"ACA":{"t":"M20P"},"ACE":{"desc":"A1P"},"AD0":{"desc":"L1P"},"AD1":{"t":"C525"},"AD3":{"desc":"L1P","t":"ULAC"},"AD7":{"desc":"H1P"},"ADB":{"t":"E300"},"ADE":{"desc":"L1P"},"AE1":{"t":"PA32"},"AE2":{"t":"C182"},"AE4":{"t":"CL60"},"AE5":{"t":"GLF6"},"AE8":{"desc":"L2J"},"AEC":{"desc":"L1P"},"AF0":{"desc":"L1P"},"AF2":{"t":"PA18"},"AF3":{"desc":"A1P"},"AF7":{"t":"PA22"},"AF9":{"t":"GLID"},"AFC":{"desc":"L1P"},"AFD":{"t":"J3"},"AFE":{"desc":"L1P"},"B01":{"desc":"H1P"},"B02":{"t":"M20P"},"B03":{"t":"ERCO"},"B05":{"t":"BE20"},"B08":{"t":"PA31"},"B0B":{"t":"C172"},"B0C":{"t":"J3"},"B0E":{"desc":"L1P","t":"ULAC"},"B10":{"t":"S108"},"B11":{"desc":"A1T","t":"KODI"},"B14":{"t":"GLF4"},"B18":{"t":"SBR1"},"B1A":{"desc":"L1P","t":"ULAC"},"B1B":{"t":"SR22"},"B1C":{"t":"CH7A"},"B1E":{"desc":"L1P"},"B20":{"desc":"L1P"},"B22":{"t":"M20P"},"B23":{"t":"LJ60"},"B27":{"desc":"L1P"},"B29":{"t":"GC1"},"B2A":{"t":"C172"},"B2D":{"t":"PA34"},"B2E":{"t":"BE36"},"B2F":{"t":"P28A"},"B31":{"desc":"L1P","t":"TB0"},"B32":{"t":"GLID"},"B33":{"t":"BL17"},"B34":{"desc":"L1P"},"B35":{"t":"BE55"},"B3A":{"desc":"L1P"},"B3B":{"desc":"L1P"},"B3E":{"t":"RV12"},"B3F":{"t":"C152"},"B42":{"t":"ERCO"},"B44":{"t":"SR22"},"B45":{"t":"C182"},"B46":{"t":"C172"},"B48":{"t":"P28R"},"B4A":{"desc":"H1P"},"B4B":{"desc":"L1P"},"B4C":{"desc":"L1P"},"B4D":{"t":"GLF5"},"B4E":{"t":"C25B"},"B50":{"desc":"H4E"},"B53":{"t":"C182"},"B57":{"desc":"L1P"},"B5A":{"t":"E55P"},"B5B":{"t":"U21"},"B5D":{"t":"BALL"},"B5E":{"desc":"L1P","t":"ULAC"},"B60":{"t":"GLID"},"B62":{"desc":"A1P"},"B63":{"t":"B06"},"B64":{"t":"LJ60"},"B65":{"t":"SR22"},"B66":{"desc":"L1P"},"B67":{"t":"BE58"},"B6B":{"t":"LJ60"},"B6C":{"t":"GLID"},"B6D":{"desc":"L1P"},"B6E":{"desc":"H1P"},"B6F":{"t":"BE35"},"B70":{"t":"C25B"},"B72":{"t":"DA40"},"B74":{"t":"C150"},"B75":{"t":"GLID"},"B77":{"t":"SBR1"},"B78":{"desc":"H1T","t":"AS65"},"B7C":{"t":"BE58"},"B7D":{"t":"BE58"},"B7E":{"t":"B06"},"B7F":{"t":"SBR1"},"B80":{"t":"C337"},"B82":{"t":"C210"},"B84":{"t":"PA31"},"B85":{"t":"BE9L"},"B86":{"t":"BE9T"},"B88":{"t":"BE9L"},"B89":{"t":"J3"},"B8B":{"t":"BE60"},"B8D":{"t":"T206"},"B90":{"desc":"L1P"},"B91":{"t":"SR20"},"B94":{"t":"PC12"},"B98":{"desc":"L1P"},"B9B":{"desc":"L1P"},"B9E":{"desc":"L1P"},"BA0":{"t":"M20P"},"BA1":{"desc":"H4E"},"BA2":{"t":"UH12"},"BA3":{"desc":"L1P"},"BA7":{"desc":"L1P"},"BA8":{"desc":"L1P"},"BA9":{"desc":"H1P"},"BAA":{"t":"M20P"},"BAC":{"t":"PA30"},"BAD":{"t":"C25C"},"BAE":{"desc":"L1P"},"BAF":{"t":"B06"},"BB0":{"t":"C182"},"BB2":{"t":"M20P"},"BB4":{"desc":"L1P"},"BB7":{"t":"PTS2"},"BB8":{"t":"C77R"},"BBA":{"t":"P46T"},"BBC":{"t":"CL60"},"BBE":{"desc":"L1P","t":"ULAC"},"BBF":{"t":"BE33"},"BC2":{"desc":"L1P","t":"ULAC"},"BD9":{"t":"BE40"},"BDA":{"t":"GLID"},"BDF":{"t":"C150"},"BE0":{"t":"C180"},"BE1":{"t":"P28A"},"BE2":{"desc":"L1P"},"BE3":{"t":"C560"},"BE6":{"t":"C414"},"BEA":{"t":"BE20"},"BED":{"desc":"L1P"},"BEE":{"t":"AS50"},"BF1":{"t":"P337"},"BF2":{"t":"R22"},"BF3":{"t":"BE35"},"BF4":{"t":"PA27"},"BF5":{"t":"PA30"},"BF7":{"t":"GLID"},"BF8":{"desc":"L1P"},"BFC":{"t":"SBR1"},"BFF":{"t":"H500"},"C00":{"t":"BE40"},"C02":{"desc":"L1P","t":"ULAC"},"C04":{"desc":"L1P"},"C05":{"t":"HUSK"},"C0A":{"t":"SBR1"},"C0B":{"t":"BE9L"},"C0D":{"t":"BE36"},"C0E":{"t":"C240"},"C12":{"t":"SR20"},"C14":{"t":"AEST"},"C15":{"t":"S22T"},"C16":{"desc":"L1P"},"C17":{"desc":"L1P"},"C18":{"t":"CL30"},"C1E":{"t":"CH7A"},"C1F":{"t":"BE20"},"C20":{"t":"M20P"},"C21":{"t":"SR22"},"C23":{"t":"U21"},"C29":{"t":"BL8"},"C3C":{"t":"U21"},"C3D":{"t":"B06"},"C3E":{"t":"BE35"},"C42":{"t":"R44"},"C47":{"t":"GLID"},"C48":{"t":"C25B"},"C4C":{"t":"M7"},"C4E":{"desc":"L1P"},"C51":{"desc":"L1P"},"C55":{"t":"PC12"},"C56":{"desc":"L1P"},"C57":{"t":"C172"},"C59":{"t":"R44"},"C5B":{"desc":"L1P"},"C5C":{"desc":"L1P"},"C60":{"t":"GLEX"},"C61":{"desc":"L1P"},"C63":{"t":"C172"},"C65":{"t":"BE55"},"C67":{"t":"GLID"},"C6A":{"t":"C501"},"C6C":{"t":"HUSK"},"C79":{"desc":"L1P"},"C7A":{"t":"S22T"},"C7C":{"t":"SR22"},"C80":{"desc":"L1P","t":"ULAC"},"C84":{"desc":"L1P"},"C87":{"t":"BE35"},"C9D":{"desc":"L1P"},"CA3":{"desc":"L1P","t":"ULAC"},"CAB":{"t":"BALL"},"CAC":{"desc":"L1P"},"CB1":{"t":"BALL"},"CB8":{"t":"PA18"},"CB9":{"desc":"L1P"},"CBA":{"t":"PA22"},"CBD":{"t":"C650"},"CBE":{"t":"CL60"},"CBF":{"t":"E145"},"CC0":{"t":"GLF6"},"CC1":{"desc":"H1T"},"CC2":{"t":"C650"},"CC4":{"t":"RV12"},"CC7":{"t":"GLF6"},"CCA":{"desc":"L1P","t":"ULAC"},"CCB":{"t":"C650"},"CCC":{"t":"C650"},"CCF":{"t":"A320"},"CD2":{"desc":"H4E"},"CD3":{"t":"BE35"},"CD4":{"t":"GLEX"},"CD6":{"t":"C501"},"CD7":{"t":"C414"},"CDA":{"t":"PC12"},"CDB":{"t":"BALL"},"CE5":{"desc":"L1P"},"CE7":{"t":"C650"},"CEA":{"desc":"L1P"},"CEC":{"t":"GLF6"},"CED":{"t":"T206"},"CEE":{"t":"C650"},"CF3":{"t":"C650"},"CF5":{"t":"C650"},"CF6":{"t":"GLF6"},"CF8":{"t":"C560"},"CFC":{"t":"FDCT"},"CFD":{"t":"B734"},"CFE":{"t":"E120"},"D00":{"t":"GLEX"},"D04":{"t":"C650"},"D06":{"t":"GLF6"},"D07":{"t":"C414"},"D0D":{"desc":"L2J"},"D10":{"t":"B752"},"D11":{"t":"TBM7"},"D13":{"t":"GLID"},"D15":{"t":"C56X"},"D16":{"t":"M20P"},"D17":{"desc":"L1P"},"D20":{"t":"GLF6"},"D26":{"t":"GLF6"},"D29":{"t":"CL60"},"D2E":{"t":"GLF6"},"D33":{"t":"GLF6"},"D3A":{"t":"C650"},"D3C":{"t":"A306"},"D40":{"t":"GLF6"},"D42":{"t":"P28A"},"D43":{"desc":"L1P"},"D49":{"t":"P28A"},"D4D":{"t":"GLF6"},"D50":{"t":"ULAC"},"D52":{"t":"GLF6"},"D53":{"t":"C650"},"D54":{"t":"GLF6"},"D55":{"t":"CL60"},"D5A":{"t":"CL60"},"D5E":{"t":"CL60"},"D61":{"t":"CH7B"},"D62":{"t":"B762"},"D63":{"t":"GLF6"},"D65":{"t":"GLF6"},"D66":{"t":"GLF6"},"D67":{"t":"GLF6"},"D6A":{"t":"GLF6"},"D6C":{"t":"GLF6"},"D6F":{"t":"GLF6"},"D70":{"t":"C650"},"D72":{"t":"CL60"},"D76":{"t":"CL60"},"D77":{"t":"B407"},"D83":{"t":"C650"},"D85":{"t":"C680"},"D88":{"t":"E35L"},"D89":{"t":"GLF6"},"D8D":{"t":"C650"},"D92":{"t":"CL60"},"D93":{"t":"FA50"},"D94":{"t":"BE10"},"D9D":{"t":"C650"},"D9E":{"desc":"L1T","t":"PA46"},"DA5":{"t":"C650"},"DA8":{"t":"DV20"},"DA9":{"t":"C650"},"DAD":{"t":"GLF6"},"DB0":{"t":"RV12"},"DB6":{"desc":"L1P"},"DB7":{"t":"CL60"},"DBB":{"t":"GLF4"},"DBF":{"t":"PC12"},"DC0":{"desc":"L1P"},"DC1":{"desc":"L1P"},"DCD":{"desc":"L1P"},"DCE":{"t":"T206"},"DCF":{"desc":"L1P"},"DD0":{"t":"PC12"},"DD4":{"t":"FA20"},"DD5":{"desc":"H1T"},"DDB":{"t":"G280"},"DDE":{"t":"GLF6"},"DDF":{"t":"GLF6"},"DE1":{"t":"GLF6"},"DE8":{"t":"GLF6"},"DEA":{"t":"P28A"},"DF0":{"t":"A320"},"DF2":{"desc":"L1P"},"DF6":{"t":"GLF6"},"DF9":{"desc":"L1P"},"DFA":{"t":"C560"},"DFF":{"t":"PA27"},"E05":{"t":"C650"},"E07":{"t":"GLF6"},"E08":{"t":"C650"},"E09":{"desc":"L1P"},"E0A":{"desc":"H2T"},"E0D":{"t":"CL60"},"E10":{"t":"GLID"},"E11":{"t":"C650"},"E13":{"t":"BE55"},"E14":{"t":"C650"},"E18":{"t":"BE35"},"E29":{"t":"C68A"},"E2E":{"t":"E75L"},"E31":{"t":"C310"},"E32":{"t":"C650"},"E33":{"desc":"L1P"},"E35":{"desc":"L1P"},"E36":{"desc":"L1P"},"E38":{"t":"GLF6"},"E39":{"t":"GLF6"},"E3A":{"t":"E35L"},"E3C":{"t":"CL60"},"E3D":{"t":"C414"},"E3F":{"t":"C650"},"E41":{"t":"GLF6"},"E43":{"t":"C650"},"E46":{"t":"E170"},"E4A":{"desc":"L1P"},"E4D":{"desc":"L1P"},"E4F":{"t":"P28A"},"E50":{"t":"C650"},"E51":{"t":"C650"},"E53":{"desc":"L1P"},"E55":{"desc":"L1P"},"E5A":{"t":"SR22"},"E63":{"t":"BE95"},"E64":{"t":"C650"},"E65":{"t":"E35L"},"E66":{"t":"H25B"},"E68":{"t":"BALL"},"E6B":{"t":"BE76"},"E6D":{"desc":"L1P"},"E6E":{"t":"CL60"},"E6F":{"t":"C82S"},"E71":{"t":"GLF6"},"E73":{"t":"AT6T"},"E75":{"desc":"L1P"},"E98":{"t":"GLF6"},"EA1":{"t":"C525"},"EA7":{"desc":"L1P"},"EAB":{"t":"BE24"},"EAE":{"t":"C650"},"EB4":{"desc":"L1P"},"EB5":{"desc":"L1T"},"EBA":{"desc":"L1P"},"EBF":{"t":"GLF6"},"EC0":{"t":"C650"},"EC8":{"t":"GLF6"},"ECD":{"t":"GLF6"},"ED9":{"desc":"L1P"},"EDE":{"t":"GLF6"},"EF0":{"t":"BE36"},"F11":{"desc":"L1P"},"F12":{"t":"BE55"},"F13":{"t":"C180"},"F14":{"desc":"L1P"},"F15":{"desc":"L1P"},"F16":{"t":"PA27"},"F17":{"desc":"L1P"},"F18":{"t":"C150"},"F19":{"desc":"L1P"},"F1B":{"t":"P28A"},"F1C":{"t":"G164"},"F1D":{"desc":"L1P"},"F20":{"t":"PA24"},"F21":{"t":"ERCO"},"F23":{"t":"C150"},"F25":{"t":"M20P"},"F26":{"desc":"L1P"},"F27":{"t":"P210"},"F28":{"t":"C210"},"F2C":{"t":"C172"},"F2D":{"desc":"L1P"},"F2E":{"t":"C172"},"F2F":{"t":"ST75"},"F30":{"t":"BALL"},"F31":{"t":"C182"},"F32":{"desc":"L1P"},"F34":{"t":"BALL"},"F37":{"t":"M20P"},"F38":{"t":"P28A"},"F39":{"t":"GLID"},"F3A":{"t":"C175"},"F3B":{"t":"C150"},"F3C":{"t":"BALL"},"F3D":{"t":"J3"},"F3E":{"t":"P28A"},"F3F":{"t":"RC3"},"F41":{"desc":"L1P"},"F42":{"t":"BALL"},"F43":{"t":"PA27"},"F45":{"t":"BE23"},"F46":{"t":"B06"},"F47":{"t":"C150"},"F48":{"desc":"L1P"},"F4A":{"t":"P28A"},"F4B":{"t":"C210"},"F4C":{"t":"C210"},"F4D":{"desc":"L1P"},"F4F":{"t":"ST75"},"F51":{"t":"ULAC"},"F52":{"t":"ST75"},"F56":{"desc":"L1P","t":"ULAC"},"F57":{"desc":"L1P"},"F58":{"t":"P28A"},"F59":{"desc":"L1P"},"F5B":{"t":"BALL"},"F60":{"desc":"L1P"},"F61":{"t":"P28A"},"F62":{"t":"BALL"},"F66":{"t":"PA24"},"F68":{"t":"BE24"},"F69":{"t":"C150"},"F6C":{"t":"BALL"},"F6D":{"t":"P28A"},"F6E":{"desc":"L1P"},"F72":{"t":"C172"},"F76":{"t":"C172"},"F78":{"t":"ULAC"},"F79":{"desc":"L1P","t":"ULAC"},"F7A":{"desc":"L1P"},"F7C":{"t":"C180"},"F7D":{"t":"M20P"},"F7E":{"desc":"L1P"},"F7F":{"t":"C172"},"F80":{"t":"C182"},"F81":{"t":"C150"},"F83":{"t":"C152"},"F84":{"t":"P28A"},"F85":{"t":"BALL"},"F87":{"t":"C152"},"F8A":{"t":"ERCO"},"F8C":{"t":"C150"},"F8D":{"desc":"L1P"},"F8E":{"t":"M20P"},"F8F":{"t":"C72R"},"F92":{"t":"PA27"},"F94":{"desc":"L1P"},"F95":{"desc":"L1P"},"F96":{"t":"C172"},"F97":{"t":"DG15"},"F99":{"desc":"L1P"},"F9D":{"t":"ULAC"},"FA1":{"t":"P28A"},"FA2":{"desc":"L1P"},"FA3":{"t":"C185"},"FA4":{"t":"ULAC"},"FA5":{"t":"C150"},"FA6":{"desc":"L1P"},"FA7":{"t":"BALL"},"FA8":{"desc":"L1P","t":"COL3"},"FAA":{"t":"C182"},"FAB":{"t":"B14A"},"FAD":{"t":"ERCO"},"FAE":{"t":"BE19"},"FAF":{"t":"C82R"},"FB2":{"t":"C72R"},"FB4":{"desc":"L1P"},"FB5":{"t":"PA27"},"FB6":{"desc":"L1P"},"FB7":{"t":"C172"},"FB9":{"desc":"L1P"},"FBC":{"t":"C172"},"FBE":{"t":"DG15"},"FBF":{"t":"UH12"},"FC0":{"t":"BALL"},"FC1":{"desc":"L1T"},"FC2":{"t":"C180"},"FC4":{"desc":"L1P"},"FC6":{"t":"C175"},"FC7":{"t":"C150"},"FC8":{"t":"C150"},"FC9":{"t":"J3"},"FCA":{"t":"P28A"},"FCB":{"t":"RC3"},"FCC":{"desc":"L1P"},"FCD":{"t":"C152"},"FCE":{"t":"T210"},"FCF":{"t":"PA24"},"FD0":{"t":"ERCO"},"FD4":{"t":"M20P"},"FD5":{"desc":"L1P"},"FD6":{"t":"P28A"},"FD7":{"desc":"L1P","t":"ULAC"},"FD9":{"desc":"L1P"},"FDA":{"desc":"L1P"},"FDB":{"t":"ST75"},"FDC":{"t":"ST75"},"FDE":{"desc":"L1P","t":"ULAC"},"FE1":{"t":"C172"},"FE2":{"t":"C172"},"FE5":{"desc":"L1P"},"FE8":{"t":"C172"},"FE9":{"t":"C175"},"FEA":{"t":"C150"},"FEB":{"t":"T210"},"FEC":{"t":"J3"},"FEE":{"desc":"L1P","t":"ULAC"},"FF0":{"t":"C182"},"FF1":{"t":"B14A"},"FF3":{"t":"ERCO"},"FF7":{"t":"M20P"},"FF8":{"t":"T210"},"FF9":{"t":"P28A"},"FFA":{"t":"C210"},"FFC":{"t":"T206"},"FFE":{"t":"O1"},"FFF":{"t":"O1"}}