{"002":{"t":"C172"},"003":{"t":"BALL"},"005":{"t":"O1"},"007":{"t":"WACO"},"008":{"t":"BALL"},"00A":{"t":"P28A"},"00C":{"t":"C175"},"00D":{"t":"P32R"},"00F":{"t":"ULAC"},"010":{"t":"P28R"},"012":{"t":"ULAC"},"013":{"desc":"L1P"},"014":{"t":"B14A"},"016":{"t":"ERCO"},"017":{"t":"BE19"},"01A":{"t":"M20P"},"01B":{"t":"BT36"},"01D":{"t":"C210"},"01E":{"desc":"L1P"},"01F":{"t":"PA25"},"020":{"t":"O1"},"022":{"t":"O1"},"029":{"t":"ULAC"},"02B":{"desc":"L1P"},"02C":{"desc":"L1P"},"02D":{"t":"P28S"},"030":{"desc":"L1P"},"032":{"t":"C172"},"034":{"t":"C172"},"035":{"t":"ULAC"},"036":{"desc":"L1P"},"037":{"t":"B14A"},"039":{"t":"ERCO"},"03A":{"t":"BE23"},"03B":{"t":"BALL"},"03C":{"t":"C150"},"03E":{"t":"BE33"},"044":{"t":"ULAC"},"046":{"desc":"L1P"},"049":{"desc":"L1P","t":"ULAC"},"04A":{"desc":"L1P","t":"ULAC"},"04E":{"desc":"L1P"},"050":{"t":"PA18"},"054":{"t":"C188"},"055":{"t":"C172"},"056":{"t":"P28A"},"057":{"t":"G164"},"058":{"t":"C152"},"05D":{"t":"BE23"},"064":{"desc":"L1P"},"065":{"desc":"L1P"},"068":{"desc":"L1P","t":"ULAC"},"069":{"t":"T210"},"06A":{"desc":"L1P"},"06C":{"t":"ST75"},"06F":{"desc":"L1P"},"070":{"desc":"L1J"},"071":{"t":"PA22"},"074":{"t":"SF50"},"076":{"t":"E145"},"078":{"t":"S22T"},"079":{"desc":"H4E"},"082":{"t":"GLID"},"086":{"t":"A320"},"089":{"desc":"H4E"},"08A":{"t":"BE18"},"08B":{"t":"GLF6"},"08C":{"t":"BE35"},"08D":{"t":"SF34"},"09B":{"t":"SR20"},"0A3":{"t":"AS50"},"0A5":{"t":"FDCT"},"0A6":{"t":"C650"},"0A8":{"desc":"L4P"},"0AA":{"t":"C25B"},"0AC":{"t":"C525"},"0AF":{"t":"R44"},"0B1":{"t":"SR22"},"0B5":{"t":"E120"},"0B7":{"t":"C650"},"0BD":{"desc":"H4E"},"0BE":{"t":"C340"},"0BF":{"desc":"L1P"},"0C4":{"t":"G150"},"0C7":{"t":"B752"},"0C8":{"t":"CH7B"},"0CA":{"t":"GLID"},"0CC":{"t":"C180"},"0D1":{"desc":"L1P"},"0D8":{"t":"C177"},"0D9":{"t":"PA32"},"0DB":{"t":"C150"},"0DE":{"t":"C650"},"0E1":{"t":"C650"},"0F3":{"t":"A306"},"0F9":{"t":"P28A"},"104":{"t":"GLF6"},"109":{"t":"UH1"},"119":{"t":"B762"},"120":{"t":"GLID"},"121":{"t":"B06"},"125":{"desc":"H4E"},"139":{"desc":"L1P"},"13B":{"t":"A320"},"144":{"desc":"L1P"},"145":{"t":"P51"},"149":{"t":"SR22"},"152":{"t":"SR20"},"155":{"t":"P28A"},"15A":{"desc":"H4E"},"160":{"desc":"H4E"},"16B":{"desc":"L1P"},"174":{"t":"LJ24"},"177":{"desc":"A1P"},"17C":{"t":"CL60"},"184":{"desc":"L1P"},"185":{"t":"C172"},"18C":{"t":"UH1"},"18E":{"t":"SBR1"},"190":{"t":"SR22"},"192":{"t":"GLF6"},"194":{"desc":"L1P"},"1A7":{"t":"A320"},"1B6":{"desc":"L1P"},"1B7":{"t":"C172"},"1B8":{"t":"PC12"},"1BC":{"desc":"L1P"},"1E0":{"t":"C68A"},"1E5":{"t":"E75L"},"1E8":{"t":"C310"},"1E9":{"desc":"L1P"},"1EB":{"t":"B06"},"1ED":{"desc":"L1P"},"1F2":{"t":"M20P"},"1F8":{"desc":"H4E"},"1FC":{"desc":"L1P"},"1FD":{"t":"E170"},"205":{"t":"C208"},"207":{"t":"C650"},"209":{"t":"T6"},"20F":{"t":"C206"},"212":{"desc":"H4E"},"21A":{"t":"BE55"},"21C":{"desc":"L1P"},"21D":{"t":"B350"},"220":{"desc":"L1P"},"226":{"t":"BE20"},"228":{"desc":"L1P"},"22A":{"desc":"H1P"},"22B":{"desc":"L1P"},"22C":{"desc":"L1P"},"22F":{"t":"C25B"},"234":{"t":"B763"},"255":{"t":"BALL"},"267":{"t":"TBM7"},"26A":{"t":"GLF6"},"277":{"t":"B772"},"27F":{"t":"GLF6"},"281":{"t":"SR22"},"297":{"t":"G164"},"2CC":{"t":"BALL"},"2CE":{"t":"C175"},"2CF":{"t":"C150"},"2D1":{"t":"J3"},"2D2":{"t":"P28A"},"2D4":{"t":"AA5"},"2D5":{"t":"S108"},"2D6":{"t":"BALL"},"2DB":{"t":"BE19"},"2DC":{"desc":"L1P","t":"ULAC"},"2DD":{"desc":"L1P"},"2DF":{"t":"C210"},"2E0":{"desc":"L1P"},"2E3":{"t":"ST75"},"2E7":{"desc":"L1P"},"2E8":{"t":"ULAC"},"2E9":{"t":"C172"},"2EA":{"t":"ULAC"},"2F1":{"t":"C175"},"2F3":{"t":"C172"},"2F4":{"t":"J3"},"2F5":{"t":"P28A"},"2F6":{"t":"RC3"},"2F8":{"t":"S108"},"2F9":{"t":"BALL"},"2FA":{"t":"PA24"},"2FB":{"t":"ERCO"},"2FE":{"t":"BE19"},"300":{"t":"C72R"},"301":{"t":"P28A"},"303":{"desc":"L1P"},"305":{"t":"B06"},"307":{"t":"C172"},"308":{"t":"BALL"},"30D":{"t":"BE58"},"30F":{"t":"GLID"},"311":{"desc":"L1P","t":"ULAC"},"313":{"t":"C172"},"315":{"desc":"L1P"},"316":{"t":"C150"},"317":{"t":"C172"},"318":{"t":"P28A"},"319":{"t":"C172"},"31B":{"t":"S108"},"31D":{"t":"ULAC"},"31E":{"t":"ERCO"},"31F":{"desc":"L1P"},"320":{"t":"C150"},"321":{"t":"C150"},"322":{"t":"M20P"},"324":{"t":"P28A"},"327":{"desc":"L1P"},"32B":{"desc":"L1P"},"32C":{"t":"ST75"},"32F":{"desc":"L1P"},"332":{"t":"WACO"},"335":{"desc":"L1P"},"336":{"t":"C172"},"339":{"desc":"L1P"},"33B":{"t":"P28A"},"33C":{"t":"G164"},"340":{"t":"BALL"},"344":{"t":"BE19"},"345":{"t":"M20P"},"346":{"t":"ULAC"},"347":{"t":"P28A"},"34A":{"desc":"L1P"},"34C":{"desc":"L1P"},"354":{"t":"ULAC"},"357":{"desc":"L1P"},"35E":{"t":"C172"},"361":{"t":"GLID"},"362":{"t":"B14A"},"365":{"t":"BE19"},"36A":{"t":"P28A"},"36E":{"t":"L13M"},"36F":{"t":"L13M"},"372":{"t":"B06"},"378":{"desc":"L1P"},"37F":{"t":"C150"},"380":{"t":"J3"},"387":{"t":"ERCO"},"389":{"t":"C150"},"38B":{"t":"M20P"},"38D":{"t":"P28A"},"38E":{"t":"C210"},"38F":{"t":"BALL"},"391":{"t":"B06"},"398":{"t":"BALL"},"39E":{"t":"P28S"},"3A3":{"t":"C152"},"3A4":{"t":"P28A"},"3A5":{"t":"B06"},"3A6":{"t":"AA1"},"3A9":{"t":"PA24"},"3AA":{"t":"ERCO"},"3AC":{"t":"C150"},"3AD":{"t":"C150"},"3B0":{"t":"P28A"},"3B3":{"t":"PA25"},"3B8":{"desc":"L1P"},"3B9":{"desc":"L1P"},"3BC":{"t":"B06"},"3BF":{"t":"T210"},"3C3":{"t":"C175"},"3C4":{"t":"C150"},"3C6":{"t":"J3"},"3C7":{"t":"P28A"},"3C8":{"t":"RC3"},"3C9":{"t":"AA1"},"3CC":{"t":"PA24"},"3D1":{"t":"M20P"},"3D2":{"desc":"L2P"},"3D4":{"t":"BALL"},"3DA":{"t":"PA24"},"3E4":{"t":"T210"},"3E6":{"t":"C175"},"3E9":{"t":"J3"},"3EB":{"t":"RC3"},"3EC":{"t":"AA1"},"3ED":{"t":"S108"},"3EF":{"t":"PA24"},"3F0":{"t":"ERCO"},"3F3":{"t":"C150"},"3F6":{"t":"P28A"},"3F8":{"t":"PA27"},"3F9":{"t":"PA25"},"3FA":{"t":"C172"},"3FE":{"desc":"L1P"},"3FF":{"desc":"H1T"},"402":{"t":"GLID"},"405":{"t":"T210"},"408":{"t":"P51"},"40C":{"desc":"H4E"},"40D":{"t":"C172"},"40E":{"t":"RC3"},"40F":{"t":"AA1"},"410":{"t":"C182"},"411":{"t":"BT36"},"413":{"t":"BALL"},"414":{"t":"BE23"},"416":{"t":"BE19"},"417":{"t":"M20P"},"419":{"t":"P28A"},"41A":{"t":"C210"},"41E":{"t":"C172"},"41F":{"t":"C172"},"421":{"t":"PA32"},"422":{"t":"C172"},"424":{"t":"C172"},"426":{"t":"C152"},"428":{"t":"PA22"},"42D":{"t":"B407"},"431":{"t":"SF50"},"43D":{"t":"A320"},"441":{"t":"BE35"},"442":{"t":"GLF6"},"443":{"t":"B06"},"449":{"desc":"L1P"},"451":{"t":"CRJ2"},"45A":{"desc":"A1P"},"45B":{"t":"P46T"},"45D":{"t":"C650"},"45E":{"t":"SR22"},"460":{"t":"C150"},"468":{"t":"C82S"},"46A":{"t":"PC12"},"46C":{"t":"E120"},"473":{"t":"BE35"},"475":{"t":"BE33"},"476":{"t":"DV20"},"479":{"desc":"L1P"},"47E":{"t":"B752"},"49C":{"t":"C172"},"4A8":{"t":"EA50"},"4AA":{"t":"A306"},"4BB":{"t":"GLF6"},"4C0":{"t":"GLF6"},"4D0":{"t":"B762"},"4D3":{"desc":"L1P"},"4F2":{"t":"A320"},"4FC":{"t":"SR22"},"4FE":{"desc":"L1P"},"505":{"desc":"L1T","t":"M600"},"50A":{"t":"SW4"},"51E":{"t":"C310"},"523":{"desc":"H2T"},"53B":{"t":"J3"},"53C":{"t":"C172"},"53D":{"t":"H60"},"543":{"t":"SR22"},"549":{"t":"GLF6"},"54D":{"t":"EN28"},"554":{"desc":"L1P"},"558":{"t":"C172"},"55C":{"t":"H60"},"55E":{"t":"A320"},"56D":{"t":"PA18"},"56E":{"t":"C172"},"56F":{"t":"H60"},"578":{"t":"PA31"},"57B":{"t":"C680"},"57F":{"t":"S22T"},"597":{"t":"C68A"},"5A4":{"desc":"L1P"},"5A7":{"t":"C172"},"5AA":{"t":"GLID"},"5B0":{"t":"E145"},"5B3":{"desc":"L1P"},"5B4":{"t":"E170"},"5BB":{"t":"PA31"},"5BC":{"t":"C208"},"5C1":{"t":"C560"},"5C6":{"t":"C172"},"5C8":{"t":"C177"},"5C9":{"desc":"H4E"},"5CA":{"t":"P46T"},"5D1":{"t":"DA42"},"5D4":{"desc":"L1P"},"5EB":{"t":"B763"},"5FF":{"desc":"L1P"},"603":{"t":"BE33"},"60F":{"desc":"L1P","t":"ULAC"},"61C":{"desc":"L1P"},"64E":{"desc":"L1P"},"67D":{"t":"BALL"},"680":{"t":"B47G"},"683":{"t":"P32T"},"685":{"t":"C175"},"68B":{"t":"AA1"},"68D":{"t":"B14A"},"68E":{"t":"PA24"},"691":{"t":"C150"},"693":{"t":"M20P"},"695":{"t":"P28A"},"696":{"t":"C210"},"699":{"t":"ST75"},"69A":{"t":"WACC"},"69C":{"t":"T50"},"69F":{"t":"C206"},"6A1":{"t":"BALL"},"6A3":{"t":"B47G"},"6A4":{"t":"C180"},"6A7":{"t":"C172"},"6A8":{"t":"C175"},"6AA":{"t":"C150"},"6AE":{"t":"AA5"},"6AF":{"t":"S108"},"6B0":{"t":"BE24"},"6B2":{"t":"C152"},"6B8":{"t":"P28A"},"6B9":{"t":"C210"},"6C3":{"t":"C182"},"6C6":{"t":"R22"},"6C7":{"t":"C180"},"6CE":{"t":"J3"},"6CF":{"t":"P28A"},"6D0":{"t":"RC3"},"6D5":{"t":"ERCO"},"6D6":{"t":"C72R"},"6D7":{"t":"C150"},"6D8":{"t":"BALL"},"6D9":{"t":"M20P"},"6DB":{"t":"P28A"},"6DE":{"t":"C206"},"6E0":{"t":"C172"},"6E2":{"desc":"L1P"},"6E4":{"t":"C182"},"6E5":{"t":"ULAC"},"6E7":{"t":"ST75"},"6E8":{"desc":"H1P"},"6ED":{"t":"C172"},"6EE":{"t":"C175"},"6EF":{"t":"C150"},"6F0":{"t":"C150"},"6F2":{"t":"P28A"},"6F6":{"t":"B14A"},"6F7":{"t":"PA24"},"6FB":{"t":"C180"},"6FD":{"t":"C72R"},"6FE":{"t":"P28A"},"701":{"t":"PA25"},"703":{"t":"B06"},"706":{"t":"C82S"},"707":{"desc":"L1P"},"708":{"t":"C182"},"70E":{"t":"M20P"},"710":{"t":"C172"},"711":{"t":"C175"},"712":{"t":"P28A"},"713":{"t":"C150"},"714":{"t":"C172"},"716":{"t":"G164"},"717":{"desc":"L1P"},"718":{"t":"S108"},"719":{"t":"C182"},"71E":{"t":"C150"},"71F":{"t":"M20P"},"720":{"t":"BALL"},"721":{"t":"P28A"},"72F":{"t":"BE36"},"732":{"t":"BE35"},"733":{"t":"C172"},"73A":{"t":"AA1"},"73D":{"t":"C152"},"73E":{"t":"ERCO"},"73F":{"t":"C72R"},"740":{"t":"BALL"},"742":{"t":"M20P"},"744":{"t":"P28A"},"749":{"t":"C172"},"74C":{"t":"T206"},"74E":{"t":"BALL"},"751":{"t":"C172"},"753":{"desc":"L1P","t":"ULAC"},"754":{"t":"C210"},"758":{"t":"C150"},"75A":{"t":"J3"},"75B":{"t":"P28A"},"75C":{"t":"S108"},"75D":{"t":"AA1"},"75E":{"t":"T210"},"761":{"t":"ERCO"},"762":{"t":"BALL"},"763":{"t":"BALL"},"764":{"t":"C150"},"765":{"t":"M20P"},"766":{"t":"C72R"},"76B":{"t":"T206"},"76E":{"t":"ST75"},"770":{"desc":"L1P"},"771":{"t":"J3"},"776":{"t":"C180"},"778":{"t":"PA34"},"77A":{"t":"C175"},"77E":{"t":"P28A"},"77F":{"t":"G164"},"782":{"t":"T210"},"783":{"t":"P210"},"784":{"t":"ERCO"},"785":{"t":"C72R"},"786":{"t":"C150"},"787":{"t":"BE19"},"78A":{"t":"P28A"},"78C":{"t":"PA27"},"78E":{"t":"ULAC"},"78F":{"desc":"L1P"},"793":{"t":"C172"},"794":{"t":"C172"},"797":{"t":"C182"},"7A0":{"t":"J3"},"7A2":{"t":"G164"},"7A3":{"t":"AA1"},"7A4":{"t":"S108"},"7A5":{"t":"BE23"},"7A6":{"t":"PA24"},"7A9":{"t":"C150"},"7AA":{"t":"C150"},"7AC":{"t":"C72R"},"7AD":{"t":"P28A"},"7B1":{"t":"T206"},"7B4":{"t":"T206"},"7B6":{"t":"GLID"},"7B9":{"t":"BE36"},"7BD":{"t":"C152"},"7BE":{"t":"P28A"},"7BF":{"t":"C172"},"7C1":{"t":"C150"},"7C2":{"t":"ULAC"},"7C3":{"t":"J3"},"7C4":{"t":"ULAC"},"7C6":{"t":"C152"},"7C9":{"t":"PA24"},"7CA":{"t":"ERCO"},"7CB":{"t":"BT36"},"7CC":{"t":"C150"},"7CE":{"t":"M20P"},"7CF":{"t":"C72R"},"7D1":{"t":"C210"},"7D2":{"t":"T210"},"7D4":{"t":"C172"},"7D6":{"desc":"L1P"},"7D7":{"t":"ST75"},"7D8":{"t":"ULAC"},"7D9":{"t":"C172"},"7DA":{"desc":"L1P"},"7DC":{"t":"BALL"},"7DE":{"t":"AA1"},"7DF":{"t":"B752"},"7E4":{"t":"E145"},"7E5":{"t":"PC12"},"7EB":{"desc":"L1P","t":"ULAC"},"7F4":{"t":"A320"},"7F8":{"desc":"L1P"},"807":{"t":"P28A"},"809":{"desc":"L3E"},"80D":{"t":"SR22"},"814":{"t":"C650"},"815":{"desc":"L1P"},"819":{"t":"H269"},"81D":{"desc":"L1P","t":"ULAC"},"81F":{"desc":"L1P"},"823":{"t":"E120"},"82A":{"t":"BE35"},"82D":{"t":"DV20"},"82F":{"t":"SR22"},"830":{"desc":"L1P"},"831":{"t":"SR22"},"83B":{"t":"DA40"},"853":{"t":"C172"},"861":{"t":"A306"},"865":{"t":"FA10"},"872":{"t":"GLF6"},"886":{"t":"SR20"},"887":{"t":"B762"},"88E":{"desc":"L1P"},"88F":{"t":"B06"},"8A7":{"desc":"L1P"},"8A9":{"t":"A320"},"8AD":{"desc":"L1P"},"8B7":{"t":"C340"},"8B8":{"t":"DA40"},"8BB":{"desc":"L1P"},"8C0":{"t":"BE9T"},"8C2":{"t":"C172"},"8CC":{"t":"ULAC"},"8D1":{"t":"SR22"},"8E0":{"desc":"A1P"},"8E1":{"t":"S76"},"8F5":{"desc":"L1P"},"8F8":{"t":"FA20"},"8FC":{"t":"GLF5"},"90F":{"t":"C172"},"915":{"t":"A320"},"924":{"t":"BE33"},"925":{"t":"C172"},"92E":{"t":"T206"},"935":{"desc":"L1P"},"93D":{"t":"BE95"},"94E":{"t":"C68A"},"957":{"desc":"L1P"},"95B":{"desc":"L1P"},"96A":{"desc":"L1P"},"96B":{"t":"E170"},"96F":{"desc":"L1P"},"972":{"t":"PA31"},"977":{"t":"R22"},"97B":{"desc":"L1P"},"97F":{"t":"C177"},"989":{"desc":"L2J"},"98A":{"t":"BE20"},"98B":{"t":"BE55"},"994":{"desc":"L1P"},"999":{"desc":"L1P"},"9A2":{"t":"B763"},"9BA":{"t":"BE33"},"9CA":{"desc":"L1P"},"9D3":{"desc":"L1P"},"9E8":{"t":"T206"},"9F7":{"desc":"L1P"},"A3A":{"t":"P28A"},"A3D":{"t":"C150"},"A3F":{"t":"C172"},"A40":{"t":"P28A"},"A43":{"t":"C182"},"A45":{"t":"PA24"},"A47":{"t":"C72R"},"A4A":{"t":"M20P"},"A4E":{"t":"T210"},"A4F":{"t":"PA25"},"A55":{"t":"BALL"},"A56":{"t":"C182"},"A58":{"t":"BALL"},"A59":{"t":"T206"},"A5D":{"t":"P28A"},"A61":{"t":"C150"},"A62":{"t":"J3"},"A63":{"t":"P28A"},"A65":{"t":"AA1"},"A66":{"t":"S108"},"A67":{"t":"BE20"},"A6A":{"t":"C72R"},"A6B":{"t":"C150"},"A6F":{"t":"P210"},"A70":{"t":"C210"},"A71":{"t":"PA27"},"A73":{"t":"PA36"},"A74":{"t":"C172"},"A7A":{"t":"GLID"},"A7B":{"t":"BE36"},"A7F":{"t":"BALL"},"A80":{"t":"P28A"},"A81":{"t":"C172"},"A82":{"t":"C175"},"A83":{"t":"C172"},"A86":{"t":"C172"},"A87":{"t":"G164"},"A89":{"t":"S108"},"A8A":{"t":"T210"},"A8B":{"t":"PA24"},"A8C":{"t":"ERCO"},"A8D":{"t":"C72R"},"A8F":{"t":"C150"},"A93":{"t":"C206"},"A96":{"t":"BT36"},"A9A":{"t":"C182"},"A9B":{"t":"ULAC"},"A9C":{"desc":"L1P","t":"ULAC"},"A9D":{"desc":"L1P"},"A9E":{"t":"C182"},"A9F":{"t":"C172"},"AA6":{"t":"C150"},"AA9":{"t":"P28A"},"AAB":{"t":"AA5"},"AAC":{"t":"S108"},"AAE":{"t":"PA24"},"AAF":{"t":"BALL"},"AB0":{"desc":"L1P","t":"ULAC"},"AB2":{"t":"C150"},"AB3":{"t":"B06"},"AB5":{"t":"P28A"},"AB7":{"t":"ULAC"},"AB9":{"t":"C172"},"ABA":{"t":"C172"},"ABB":{"t":"GLID"},"ABD":{"t":"GLID"},"ABF":{"t":"ULAC"},"AC1":{"desc":"L1P"},"AC2":{"desc":"L1P"},"AC4":{"t":"BALL"},"AC6":{"t":"P28S"},"AC9":{"t":"C150"},"ACE":{"t":"C152"},"ACF":{"t":"C182"},"AD0":{"t":"C210"},"AD1":{"t":"PA24"},"AD2":{"t":"ERCO"},"AD3":{"desc":"H4E"},"AD6":{"t":"M20P"},"ADC":{"t":"ST75"},"AE0":{"t":"ST75"},"AE1":{"desc":"L1P"},"AE3":{"t":"J3"},"AE4":{"t":"C82S"},"AE5":{"desc":"L1P"},"AE6":{"t":"G164"},"AE8":{"t":"T210"},"AED":{"t":"C172"},"AEE":{"t":"J3"},"AF0":{"t":"G164"},"AF1":{"t":"AA1"},"AF2":{"t":"C182"},"AF4":{"t":"PA24"},"AF7":{"t":"C150"},"AF8":{"t":"BE19"},"AFA":{"t":"C72R"},"AFD":{"t":"T210"},"AFF":{"desc":"L1P"},"B01":{"t":"ST75"},"B02":{"t":"ULAC"},"B03":{"desc":"L1J"},"B04":{"t":"ST75"},"B05":{"t":"ST75"},"B07":{"t":"C182"},"B0C":{"t":"BE24"},"B10":{"t":"C150"},"B11":{"t":"C185"},"B12":{"t":"P28A"},"B15":{"t":"C182"},"B16":{"t":"BE36"},"B17":{"t":"C152"},"B1A":{"t":"C150"},"B1D":{"t":"C72R"},"B1E":{"t":"P28A"},"B21":{"desc":"L1P","t":"ULAC"},"B26":{"desc":"L1P"},"B29":{"t":"C182"},"B2A":{"t":"ST75"},"B2B":{"t":"ST75"},"B2D":{"t":"PA27"},"B30":{"t":"C172"},"B32":{"t":"C172"},"B33":{"t":"C150"},"B34":{"t":"C172"},"B35":{"t":"P28A"},"B37":{"t":"AA1"},"B3B":{"t":"ERCO"},"B3E":{"t":"ULAC"},"B41":{"t":"P210"},"B45":{"t":"T6"},"B46":{"t":"T206"},"B49":{"t":"ULAC"},"B4B":{"t":"BT36"},"B4F":{"t":"G164"},"B55":{"t":"C172"},"B57":{"t":"J3"},"B58":{"t":"P28A"},"B59":{"t":"RC3"},"B5A":{"t":"ULAC"},"B5B":{"t":"T210"},"B5C":{"t":"T210"},"B5D":{"t":"PA24"},"B5E":{"t":"ERCO"},"B5F":{"t":"BE19"},"B63":{"t":"C72R"},"B64":{"t":"C182"},"B65":{"t":"C210"},"B67":{"desc":"L1P"},"B69":{"t":"ST75"},"B6C":{"desc":"L1P","t":"ULAC"},"B6D":{"t":"ULAC"},"B6E":{"t":"BALL"},"B6F":{"t":"BALL"},"B75":{"t":"AR11"},"B76":{"desc":"L1P"},"B78":{"t":"C150"},"B79":{"t":"C150"},"B7A":{"t":"C172"},"B80":{"t":"BALL"},"B81":{"t":"ERCO"},"B82":{"t":"BE19"},"B87":{"t":"P28A"},"B8C":{"t":"BALL"},"B8F":{"t":"GLID"},"B91":{"t":"ST75"},"B92":{"t":"BALL"},"B93":{"t":"C152"},"B95":{"desc":"L1P"},"B98":{"t":"FDCT"},"B99":{"t":"CH7A"},"B9A":{"t":"M20T"},"B9B":{"t":"E145"},"B9C":{"t":"BE9L"},"B9F":{"t":"BE35"},"BA1":{"t":"C172"},"BA3":{"t":"LJ60"},"BA6":{"t":"SW4"},"BA7":{"t":"C182"},"BA8":{"t":"LJ45"},"BAB":{"t":"A320"},"BAF":{"t":"BE35"},"BB0":{"t":"BE20"},"BB1":{"desc":"L1P"},"BB2":{"t":"P28A"},"BC8":{"desc":"L1P"},"BCB":{"desc":"L1P"},"BCC":{"t":"SR22"},"BCE":{"desc":"A1P"},"BD4":{"t":"CL60"},"BD6":{"t":"FA50"},"BD8":{"desc":"L1P"},"BD9":{"t":"C172"},"BDD":{"t":"TBM7"},"BE1":{"t":"BE35"},"BE3":{"t":"GLID"},"BE4":{"t":"DV20"},"BE5":{"t":"E55P"},"BE6":{"t":"C310"},"BE7":{"desc":"L1P"},"BE8":{"t":"GLF6"},"BE9":{"desc":"H1P"},"BEC":{"t":"B752"},"BED":{"desc":"L1P"},"BF5":{"t":"RV12"},"BFA":{"desc":"L1P"},"C0A":{"desc":"H6E"},"C12":{"desc":"L1P"},"C13":{"desc":"L1P"},"C18":{"t":"A306"},"C1E":{"t":"P28A"},"C1F":{"t":"BE20"},"C29":{"t":"GLF6"},"C46":{"t":"B06"},"C55":{"t":"BE35"},"C5E":{"desc":"L1P","t":"ULAC"},"C60":{"t":"M20T"},"C64":{"desc":"L1P"},"C66":{"t":"BE36"},"C6A":{"desc":"L1P"},"C6C":{"t":"ULAC"},"C6E":{"t":"SR22"},"C6F":{"t":"CH7A"},"C73":{"desc":"L1P"},"C92":{"desc":"L1P"},"C93":{"t":"SR22"},"C98":{"t":"R44"},"CA9":{"t":"DA40"},"CAD":{"t":"PA27"},"CB4":{"desc":"L1P"},"CB5":{"desc":"L1P","t":"ULAC"},"CB7":{"desc":"H6E"},"CBA":{"t":"DA40"},"CC6":{"t":"C172"},"CCC":{"t":"A320"},"CD3":{"t":"AC11"},"CDB":{"desc":"L1P"},"CDC":{"t":"C172"},"CDE":{"desc":"L1P","t":"ULAC"},"CDF":{"t":"C56X"},"CE1":{"t":"B407"},"CE3":{"desc":"G1P"},"CE4":{"desc":"L1P"},"CE9":{"t":"S22T"},"CED":{"desc":"L1P"},"CEF":{"desc":"L1P"},"D05":{"t":"C56X"},"D0D":{"t":"RV12"},"D12":{"desc":"L1P"},"D13":{"t":"GLID"},"D16":{"desc":"L2P"},"D1E":{"t":"S22T"},"D1F":{"desc":"L1P"},"D21":{"desc":"L1P"},"D22":{"t":"E170"},"D27":{"t":"R44"},"D28":{"t":"BALL"},"D29":{"t":"BE33"},"D2A":{"t":"GLID"},"D2C":{"desc":"H6E"},"D2E":{"t":"R22"},"D32":{"t":"CH7B"},"D34":{"t":"C172"},"D37":{"desc":"L1P"},"D41":{"desc":"L1P"},"D42":{"t":"C82S"},"D4F":{"t":"SR20"},"D59":{"t":"B763"},"D8A":{"desc":"L1P"},"D96":{"desc":"L1P"},"D9F":{"t":"C525"},"DA3":{"desc":"L1P"},"DBE":{"desc":"L1P"},"DCC":{"t":"P28A"},"DCD":{"t":"SBR1"},"DEF":{"t":"C180"},"DF2":{"desc":"L1P"},"DF3":{"t":"C175"},"DF5":{"t":"C150"},"DF6":{"t":"J3"},"DF9":{"t":"AA1"},"DFC":{"t":"PA24"},"DFF":{"t":"C150"},"E00":{"t":"C150"},"E02":{"desc":"L2T"},"E03":{"t":"P28A"},"E07":{"t":"BALL"},"E08":{"t":"C152"},"E09":{"t":"J3"},"E0D":{"t":"ULAC"},"E0E":{"t":"C152"},"E0F":{"t":"C152"},"E16":{"t":"C175"},"E1C":{"t":"AA1"},"E1D":{"t":"C182"},"E22":{"t":"C150"},"E24":{"t":"M20P"},"E27":{"t":"BALL"},"E2B":{"t":"C172"},"E2F":{"t":"C152"},"E31":{"t":"C152"},"E34":{"t":"G164"},"E37":{"t":"T210"},"E38":{"desc":"L1P"},"E39":{"t":"C175"},"E3C":{"t":"C172"},"E3F":{"t":"AA5"},"E40":{"t":"S108"},"E41":{"t":"C210"},"E42":{"t":"PA24"},"E47":{"t":"T210"},"E48":{"t":"C72R"},"E49":{"t":"P28A"},"E4C":{"t":"PA25"},"E4D":{"t":"BE36"},"E50":{"t":"BALL"},"E52":{"t":"ULAC"},"E57":{"t":"FDCT"},"E5B":{"t":"C172"},"E5C":{"t":"C172"},"E5D":{"t":"C150"},"E5F":{"t":"J3"},"E62":{"desc":"L1P"},"E63":{"t":"S108"},"E66":{"t":"ERCO"},"E69":{"t":"C150"},"E6A":{"t":"M20P"},"E6B":{"t":"C72R"},"E6C":{"t":"P28A"},"E6D":{"t":"C210"},"E71":{"t":"C82S"},"E75":{"t":"C152"},"E79":{"t":"C152"},"E7A":{"desc":"L1P","t":"ULAC"},"E7B":{"t":"PA27"},"E7F":{"t":"C175"},"E81":{"t":"C150"},"E82":{"t":"J3"},"E84":{"t":"C172"},"E85":{"t":"AA1"},"E86":{"t":"S108"},"E89":{"t":"ERCO"},"E8C":{"t":"BE19"},"E8D":{"t":"M20P"},"E8E":{"t":"BE36"},"E8F":{"desc":"L1P"},"E90":{"t":"C210"},"E91":{"t":"T210"},"E93":{"t":"C152"},"E95":{"desc":"L1P"},"E98":{"t":"C82S"},"E9A":{"t":"C172"},"E9C":{"t":"C152"},"E9E":{"t":"C180"},"EA1":{"t":"C172"},"EA4":{"t":"C150"},"EA5":{"t":"C172"},"EA7":{"t":"RC3"},"EA8":{"t":"BE55"},"EA9":{"t":"S108"},"EAA":{"t":"C210"},"EAC":{"t":"ERCO"},"EAD":{"t":"BE23"},"EAF":{"t":"C150"},"EB0":{"t":"BALL"},"EB3":{"t":"C210"},"EB8":{"t":"T206"},"EB9":{"t":"C172"},"EBA":{"t":"BALL"},"EBB":{"t":"BALL"},"EBF":{"t":"T206"},"EC1":{"t":"C180"},"EC5":{"t":"C175"},"EC6":{"t":"P28A"},"EC7":{"t":"C150"},"EC8":{"t":"J3"},"ECC":{"t":"S108"},"ECD":{"t":"T210"},"ECE":{"t":"PA24"},"ED2":{"t":"C150"},"ED3":{"t":"M20P"},"EDA":{"t":"J3"},"EDE":{"t":"ULAC"},"EDF":{"t":"VALI"},"EE0":{"t":"ST75"},"EE1":{"t":"C152"},"EE3":{"t":"G164"},"EE6":{"t":"T210"},"EEA":{"t":"C150"},"EEB":{"t":"J3"},"EEC":{"t":"P28A"},"EF0":{"t":"C210"},"EF1":{"t":"PA24"},"EF2":{"t":"ERCO"},"EF3":{"t":"ULAC"},"EF4":{"t":"C150"},"EF6":{"t":"M20P"},"EF8":{"t":"P28A"},"EF9":{"t":"BALL"},"EFC":{"t":"C152"},"EFD":{"t":"C172"},"EFE":{"t":"C182"},"EFF":{"t":"BALL"},"F00":{"t":"T206"},"F03":{"t":"C180"},"F06":{"t":"G164"},"F07":{"t":"C180"},"F08":{"t":"M20P"},"F09":{"t":"BE36"},"F0A":{"desc":"H1P"},"F0B":{"t":"C172"},"F0D":{"t":"C150"},"F0F":{"t":"P28A"},"F11":{"t":"AA1"},"F14":{"t":"PA24"},"F15":{"t":"ERCO"},"F17":{"t":"C150"},"F1A":{"t":"C72R"},"F1C":{"t":"C210"},"F1E":{"t":"PA25"},"F1F":{"desc":"L1P"},"F25":{"t":"BALL"},"F28":{"t":"C172"},"F2A":{"t":"PA27"},"F2D":{"t":"C172"},"F2E":{"t":"C175"},"F30":{"t":"C150"},"F31":{"t":"J3"},"F32":{"t":"P28A"},"F35":{"t":"C182"},"F38":{"t":"ERCO"},"F3A":{"t":"C150"},"F3F":{"t":"BALL"},"F41":{"t":"PA18"},"F43":{"t":"T28"},"F44":{"t":"BALL"},"F47":{"t":"C152"},"F49":{"t":"C172"},"F4A":{"t":"C152"},"F4B":{"t":"C172"},"F4D":{"t":"PA22"},"F50":{"t":"BL8"},"F52":{"t":"E145"},"F5E":{"desc":"L1P"},"F5F":{"t":"C501"},"F62":{"t":"A320"},"F66":{"t":"BE35"},"F67":{"t":"BE20"},"F68":{"desc":"L1P"},"F80":{"t":"CRJ7"},"F81":{"t":"S22T"},"F82":{"t":"ASTO"},"F83":{"t":"SR22"},"F85":{"t":"C337"},"F89":{"t":"C525"},"F8A":{"desc":"L1P"},"F8B":{"t":"BE40"},"F8D":{"t":"C182"},"F98":{"t":"BE35"},"F9B":{"t":"DV20"},"F9C":{"t":"BE33"},"F9E":{"t":"BE9L"},"F9F":{"desc":"L1P"},"FA2":{"desc":"L1P"},"FA3":{"t":"B752"},"FA6":{"desc":"L1P"},"FA9":{"t":"DA40"},"FAC":{"t":"EC35"},"FB3":{"t":"RV12"},"FC1":{"t":"C172"},"FCF":{"t":"A306"},"FDC":{"t":"M20P"},"FF5":{"t":"B762"},"FFD":{"t":"B06"},"FFF":{"desc":"L1P"}}