{"000":{"desc":"L1P"},"006":{"t":"B763"},"00D":{"t":"DG15"},"01D":{"desc":"H4E"},"028":{"t":"A320"},"032":{"t":"BE58"},"03F":{"desc":"L1P"},"049":{"t":"SR22"},"050":{"desc":"L1P"},"058":{"t":"DA40"},"059":{"t":"AT5T"},"072":{"t":"AT8T"},"07B":{"t":"F900"},"07E":{"desc":"L1P"},"08A":{"t":"WACO"},"08E":{"t":"P28A"},"094":{"t":"A321"},"0A3":{"desc":"L1P","t":"GLF4"},"0A7":{"t":"GLF4"},"0B0":{"t":"C172"},"0DA":{"desc":"L1P"},"0E0":{"t":"B407"},"0E7":{"t":"C172"},"0E9":{"desc":"L1P"},"0EE":{"desc":"L1P"},"0F0":{"t":"GALX"},"0F4":{"t":"B407"},"0FA":{"t":"AA5"},"0FC":{"t":"C172"},"0FF":{"t":"A119"},"107":{"t":"ULAC"},"109":{"t":"BE18"},"113":{"t":"T206"},"11C":{"t":"LJ35"},"121":{"t":"B763"},"131":{"t":"B744"},"13A":{"desc":"H4E"},"144":{"desc":"L2P"},"152":{"t":"AEST"},"164":{"t":"P28A"},"184":{"t":"WACF"},"1B7":{"t":"PA27"},"1C4":{"t":"PA24"},"1C5":{"desc":"L1P","t":"ULAC"},"1C6":{"t":"BE24"},"1C7":{"t":"C150"},"1C8":{"t":"BE77"},"1C9":{"t":"M20P"},"1CB":{"t":"P28A"},"1D0":{"t":"BE77"},"1D2":{"t":"BE24"},"1D3":{"t":"BE24"},"1D5":{"t":"ST75"},"1DA":{"t":"C172"},"1DC":{"t":"C414"},"1DE":{"t":"C175"},"1DF":{"t":"P32R"},"1E0":{"t":"C150"},"1E5":{"t":"C182"},"1E6":{"desc":"L1P"},"1E9":{"t":"BE24"},"1EA":{"t":"BE33"},"1EB":{"t":"C150"},"1EC":{"t":"M20P"},"1EE":{"t":"P28A"},"1EF":{"t":"C210"},"1F0":{"desc":"L1P"},"1F2":{"t":"J3"},"1F4":{"t":"ST75"},"1F5":{"t":"BE23"},"1FA":{"t":"J3"},"1FD":{"t":"C172"},"1FF":{"t":"BE33"},"203":{"desc":"H1P"},"205":{"t":"BE76"},"207":{"t":"BE23"},"208":{"t":"S108"},"20B":{"t":"G164"},"20F":{"t":"BE76"},"210":{"t":"BL17"},"214":{"t":"PA25"},"216":{"t":"C180"},"217":{"t":"C150"},"218":{"t":"CH7A"},"21D":{"desc":"L1J"},"21E":{"t":"CH7A"},"220":{"t":"C172"},"221":{"t":"C310"},"223":{"desc":"L1J"},"225":{"t":"BE23"},"228":{"t":"P28A"},"229":{"t":"G164"},"22B":{"t":"S108"},"22C":{"desc":"L1P"},"22D":{"t":"PA24"},"22F":{"t":"BE23"},"230":{"t":"C150"},"231":{"t":"C421"},"234":{"t":"P28A"},"238":{"t":"CH7A"},"23A":{"t":"J3"},"23B":{"t":"C150"},"23F":{"t":"BE23"},"241":{"t":"BE76"},"243":{"t":"C172"},"244":{"t":"BE76"},"245":{"desc":"L1P"},"247":{"t":"C175"},"24B":{"t":"P28A"},"24E":{"t":"BE24"},"24F":{"desc":"L1P"},"250":{"t":"P210"},"253":{"t":"ULAC"},"254":{"t":"C150"},"258":{"t":"BE24"},"25B":{"t":"BE76"},"25D":{"desc":"L1J"},"25F":{"t":"BE23"},"264":{"t":"C150"},"266":{"t":"C172"},"267":{"t":"BE76"},"269":{"t":"BE24"},"26B":{"t":"C150"},"26E":{"t":"P28A"},"270":{"desc":"H1P"},"271":{"t":"S108"},"273":{"t":"PA24"},"274":{"t":"H500"},"276":{"t":"C150"},"278":{"t":"M20P"},"279":{"t":"BL17"},"280":{"t":"BE76"},"281":{"desc":"L1P","t":"ULAC"},"282":{"t":"BE23"},"284":{"t":"CH7A"},"288":{"t":"R66"},"28A":{"desc":"L1P"},"28E":{"t":"C150"},"292":{"t":"G164"},"293":{"t":"BE76"},"295":{"desc":"L1P"},"299":{"t":"C150"},"29A":{"t":"BE76"},"29B":{"t":"M20P"},"29C":{"t":"BL17"},"29E":{"t":"C210"},"2A2":{"t":"CH7A"},"2A4":{"t":"BE76"},"2A7":{"t":"J3"},"2AC":{"t":"C172"},"2AD":{"t":"C310"},"2AE":{"t":"T6"},"2B0":{"t":"BE24"},"2B2":{"t":"C550"},"2B3":{"t":"J3"},"2B4":{"t":"P28A"},"2B5":{"t":"G164"},"2B8":{"t":"H500"},"2B9":{"t":"PA24"},"2BB":{"t":"BE77"},"2BD":{"t":"C150"},"2C1":{"t":"C210"},"2C3":{"t":"BE24"},"2C4":{"desc":"L1P"},"2CA":{"t":"C150"},"2CD":{"t":"C150"},"2CF":{"t":"C172"},"2D0":{"t":"BE23"},"2D6":{"t":"BE76"},"2D9":{"t":"BE77"},"2DA":{"t":"C182"},"2DB":{"t":"T210"},"2DC":{"t":"H500"},"2DF":{"t":"C150"},"2E0":{"t":"C150"},"2E1":{"t":"H500"},"2E3":{"t":"P28A"},"2E7":{"t":"C150"},"2EB":{"t":"C150"},"2ED":{"t":"C150"},"2EE":{"t":"C150"},"2F2":{"t":"C172"},"2F5":{"t":"BE23"},"2F9":{"t":"J3"},"2FA":{"t":"P28A"},"2FB":{"t":"BE58"},"2FD":{"t":"S108"},"2FF":{"t":"PA24"},"302":{"t":"C150"},"305":{"t":"BL17"},"307":{"t":"C210"},"30D":{"t":"C150"},"30E":{"t":"C150"},"30F":{"t":"C150"},"311":{"t":"C150"},"313":{"t":"C172"},"31B":{"t":"C56X"},"329":{"t":"A320"},"32A":{"t":"A320"},"330":{"desc":"A1P"},"331":{"t":"S76"},"337":{"desc":"H4E"},"347":{"t":"S108"},"348":{"t":"C172"},"34C":{"t":"C560"},"355":{"t":"GLF4"},"359":{"t":"FDCT"},"360":{"t":"CL60"},"362":{"t":"ULAC"},"363":{"t":"R66"},"36C":{"t":"BE35"},"36D":{"t":"B752"},"379":{"t":"BE35"},"382":{"desc":"H4E"},"389":{"t":"C172"},"38A":{"t":"R66"},"397":{"t":"A306"},"39D":{"t":"P28A"},"3AD":{"t":"BE55"},"3BD":{"t":"B763"},"3C4":{"t":"AC11"},"3D9":{"t":"BE35"},"3DD":{"desc":"L1P","t":"ULAC"},"3E3":{"desc":"L1P"},"3E4":{"t":"BE33"},"3E5":{"t":"SR20"},"3E6":{"desc":"G1P"},"3EA":{"t":"GLF4"},"3F2":{"desc":"L1P"},"3F6":{"desc":"L1P"},"407":{"desc":"L1P"},"40F":{"t":"DA40"},"415":{"t":"PC12"},"42E":{"desc":"L1P"},"430":{"desc":"L1P"},"434":{"t":"C650"},"436":{"t":"R66"},"439":{"t":"E145"},"43C":{"t":"C25C"},"441":{"t":"WACO"},"44B":{"t":"A321"},"45C":{"t":"C182"},"45E":{"t":"B06"},"462":{"t":"S22T"},"46B":{"t":"R66"},"47B":{"t":"R66"},"484":{"t":"C68A"},"48C":{"t":"C310"},"491":{"desc":"L1P"},"492":{"t":"R66"},"497":{"t":"B407"},"49D":{"t":"PA46"},"4A0":{"desc":"L1P"},"4A5":{"t":"C421"},"4A7":{"desc":"L1P"},"4A8":{"t":"H25B"},"4A9":{"desc":"L4T"},"4BE":{"t":"BE35"},"4C1":{"desc":"L1P"},"4C7":{"desc":"L1P"},"4D0":{"t":"SR22"},"4D7":{"t":"G164"},"4D8":{"t":"B763"},"4E8":{"t":"B744"},"4F0":{"t":"BE33"},"4F3":{"desc":"H4E"},"509":{"desc":"L1P"},"533":{"t":"R66"},"56E":{"t":"C172"},"570":{"t":"C414"},"572":{"t":"C175"},"573":{"t":"C150"},"575":{"t":"C172"},"577":{"t":"H500"},"578":{"t":"BE35"},"57B":{"t":"PA24"},"580":{"t":"BE36"},"581":{"desc":"L1P"},"582":{"t":"P28A"},"583":{"t":"BE36"},"585":{"t":"H500"},"588":{"t":"C150"},"58B":{"t":"BL8"},"58D":{"desc":"L1P"},"58F":{"t":"BE35"},"591":{"t":"H500"},"593":{"t":"BE36"},"596":{"t":"C150"},"597":{"t":"C150"},"599":{"t":"P28A"},"59C":{"t":"BE36"},"59E":{"t":"PA24"},"5A2":{"t":"BT36"},"5A5":{"t":"BT36"},"5A8":{"t":"BE60"},"5AB":{"t":"C150"},"5AD":{"t":"ST75"},"5B0":{"t":"ST75"},"5B1":{"t":"ST75"},"5B4":{"t":"C172"},"5B6":{"desc":"L1P"},"5B7":{"t":"BE55"},"5B9":{"t":"C150"},"5BA":{"t":"C150"},"5BC":{"t":"P28A"},"5BF":{"t":"S108"},"5C0":{"t":"TAYB"},"5C4":{"t":"C150"},"5C5":{"t":"C150"},"5C6":{"t":"M20P"},"5C7":{"t":"BL17"},"5C8":{"t":"P28A"},"5CC":{"t":"C150"},"5CD":{"t":"BE35"},"5CE":{"t":"C150"},"5D1":{"t":"C150"},"5D7":{"t":"C172"},"5D9":{"t":"T6"},"5DB":{"t":"BE58"},"5DC":{"t":"C150"},"5DD":{"t":"C150"},"5DE":{"t":"BE36"},"5DF":{"t":"P28A"},"5E2":{"t":"S108"},"5E4":{"t":"BT36"},"5E5":{"t":"BE35"},"5EA":{"t":"BL17"},"5EB":{"t":"P28A"},"5ED":{"t":"BE35"},"5F0":{"t":"C172"},"5F2":{"t":"BE24"},"5F6":{"t":"C150"},"5F8":{"t":"C150"},"5FB":{"t":"C310"},"5FF":{"t":"C150"},"600":{"t":"C150"},"601":{"t":"J3"},"602":{"t":"BE20"},"603":{"t":"BE58"},"605":{"t":"C172"},"606":{"t":"TA15"},"608":{"t":"C414"},"60B":{"t":"C150"},"60D":{"t":"BL17"},"60F":{"t":"C210"},"610":{"t":"PA27"},"611":{"t":"PA18"},"612":{"t":"C150"},"614":{"t":"ST75"},"616":{"t":"BT36"},"61B":{"t":"C180"},"61C":{"desc":"L1P"},"61D":{"t":"PA27"},"61E":{"t":"BE36"},"624":{"t":"J3"},"625":{"t":"P28A"},"626":{"desc":"L2T"},"628":{"t":"S108"},"629":{"t":"TA15"},"62B":{"t":"G164"},"62E":{"t":"C150"},"62F":{"t":"M20P"},"630":{"t":"BL17"},"631":{"t":"P28A"},"632":{"t":"C210"},"633":{"t":"BE55"},"637":{"t":"C150"},"638":{"t":"C150"},"639":{"t":"ST75"},"63A":{"t":"C150"},"63E":{"t":"C150"},"642":{"desc":"L1P"},"644":{"t":"C175"},"646":{"t":"C150"},"647":{"t":"C172"},"648":{"t":"P28A"},"649":{"t":"BE55"},"64B":{"t":"S108"},"650":{"t":"BE35"},"651":{"t":"C150"},"653":{"t":"BL17"},"654":{"t":"P28A"},"657":{"t":"BE58"},"659":{"t":"ST75"},"65B":{"t":"C150"},"661":{"t":"C150"},"66A":{"t":"J3"},"66C":{"desc":"A2P"},"66F":{"t":"TA15"},"670":{"t":"PA18"},"672":{"t":"BE36"},"675":{"t":"M20P"},"677":{"t":"P28A"},"679":{"t":"PA27"},"67B":{"t":"ST75"},"67C":{"t":"C180"},"67D":{"t":"C150"},"683":{"t":"C150"},"684":{"t":"C150"},"689":{"t":"BE33"},"68A":{"t":"C175"},"68E":{"t":"BE36"},"68F":{"t":"BE58"},"692":{"t":"BE35"},"693":{"t":"PA24"},"694":{"t":"G164"},"698":{"t":"M20P"},"69A":{"t":"BE55"},"69D":{"desc":"L1P"},"69F":{"t":"BE36"},"6A7":{"t":"BE36"},"6A9":{"t":"C172"},"6AC":{"t":"BE58"},"6B1":{"t":"P28A"},"6B3":{"t":"BE36"},"6B9":{"t":"BE35"},"6BB":{"t":"M20P"},"6C2":{"t":"ST75"},"6C3":{"t":"ST75"},"6C5":{"t":"C150"},"6CA":{"t":"J3"},"6CB":{"t":"P28B"},"6CC":{"t":"PA22"},"6CD":{"t":"B752"},"6D1":{"desc":"L1P"},"6D3":{"t":"M20T"},"6D8":{"t":"HUSK"},"6DD":{"t":"E50P"},"6E1":{"t":"A320"},"6E5":{"t":"C82S"},"6E6":{"t":"T206"},"6E7":{"desc":"L1P"},"6E8":{"t":"E145"},"6E9":{"desc":"L4T"},"6FE":{"t":"T6"},"6FF":{"t":"S22T"},"706":{"t":"C525"},"708":{"desc":"L1P"},"70A":{"desc":"L1P"},"70C":{"t":"C172"},"70F":{"t":"C172"},"710":{"t":"R66"},"713":{"t":"SR22"},"717":{"t":"ULAC"},"719":{"desc":"L1P","t":"ULAC"},"71A":{"desc":"L1P"},"71E":{"t":"FDCT"},"722":{"t":"BALL"},"723":{"t":"SR22"},"724":{"t":"B752"},"725":{"t":"P28A"},"72C":{"t":"PA18"},"730":{"desc":"L1P"},"740":{"desc":"H4E"},"748":{"desc":"L1P"},"74E":{"t":"A306"},"754":{"t":"P28A"},"762":{"desc":"L1P"},"763":{"t":"C172"},"766":{"desc":"H1T","t":"B47G"},"77B":{"t":"EN28"},"77E":{"t":"T206"},"794":{"desc":"L1P","t":"ULAC"},"796":{"t":"A320"},"79E":{"t":"BE9L"},"7A1":{"t":"GLF5"},"7A6":{"t":"BE55"},"7AD":{"desc":"L1P"},"7C7":{"t":"AT6T"},"7CC":{"t":"BE58"},"7E0":{"desc":"L2P"},"7E2":{"t":"PC12"},"7E8":{"desc":"H4E"},"7EA":{"t":"B350"},"7EB":{"t":"C501"},"7F1":{"t":"EC35"},"802":{"t":"A321"},"811":{"desc":"L2J"},"813":{"t":"T28"},"815":{"t":"AS50"},"825":{"t":"B429"},"826":{"t":"C182"},"83B":{"t":"C68A"},"843":{"t":"C310"},"844":{"desc":"L1P"},"848":{"desc":"L1P"},"84F":{"desc":"L1P"},"854":{"desc":"L1P"},"855":{"t":"C172"},"85A":{"t":"T6"},"85F":{"t":"C340"},"866":{"desc":"L1P"},"871":{"t":"P210"},"876":{"t":"T206"},"878":{"desc":"L1P"},"87D":{"t":"ULAC"},"880":{"desc":"H1P"},"88E":{"t":"AT8T"},"88F":{"t":"B763"},"89F":{"t":"B744"},"8C1":{"desc":"L1T","t":"M600"},"8C3":{"t":"J3"},"8D0":{"t":"P46T"},"8EB":{"desc":"L4E"},"916":{"t":"BALL"},"92C":{"t":"BT36"},"92D":{"t":"P28A"},"92E":{"t":"RC3"},"92F":{"t":"BE33"},"932":{"t":"PA24"},"933":{"t":"G164"},"936":{"t":"C150"},"937":{"t":"M20P"},"938":{"t":"BL17"},"939":{"t":"P28A"},"93A":{"t":"C210"},"93E":{"t":"C150"},"93F":{"t":"C150"},"943":{"t":"C150"},"944":{"t":"C150"},"948":{"t":"C172"},"949":{"desc":"H4E"},"94C":{"t":"C175"},"94F":{"t":"B06"},"954":{"t":"TA15"},"957":{"t":"BE19"},"959":{"t":"BE24"},"95A":{"t":"M20P"},"95B":{"t":"BL17"},"95C":{"t":"P28A"},"962":{"t":"J5"},"964":{"t":"BE36"},"966":{"t":"C150"},"967":{"t":"C150"},"968":{"t":"BE58"},"969":{"t":"BE36"},"96E":{"t":"BE35"},"970":{"t":"P28A"},"971":{"t":"BE23"},"973":{"t":"BT36"},"974":{"desc":"A1P"},"976":{"t":"C182"},"978":{"t":"PA24"},"979":{"t":"G164"},"97A":{"t":"BE36"},"97B":{"t":"C150"},"97E":{"t":"BL17"},"97F":{"t":"P28A"},"981":{"t":"BE36"},"987":{"t":"ST75"},"989":{"t":"C150"},"98C":{"t":"BT36"},"98E":{"t":"C172"},"98F":{"t":"T210"},"991":{"t":"BE35"},"993":{"t":"C150"},"995":{"t":"J3"},"997":{"desc":"L1P"},"998":{"desc":"A1P"},"999":{"t":"S108"},"99A":{"t":"TA15"},"99D":{"t":"BE35"},"99F":{"t":"C150"},"9A0":{"t":"M20P"},"9A1":{"t":"BE35"},"9A7":{"desc":"L1P"},"9A8":{"t":"BT36"},"9AA":{"desc":"L2P"},"9AB":{"desc":"L1P"},"9AC":{"t":"C150"},"9AD":{"t":"C150"},"9AF":{"t":"C150"},"9B0":{"t":"G164"},"9B6":{"t":"P28A"},"9B7":{"t":"C150"},"9B8":{"t":"C172"},"9BB":{"t":"BT36"},"9BE":{"t":"PA24"},"9C0":{"t":"BE35"},"9C1":{"t":"C150"},"9C2":{"t":"C150"},"9C3":{"t":"M20P"},"9C5":{"t":"P28A"},"9C6":{"t":"C210"},"9C7":{"t":"BE58"},"9C9":{"t":"C172"},"9CA":{"t":"C150"},"9CE":{"t":"J5"},"9D1":{"t":"C150"},"9D3":{"desc":"L1P","t":"ULAC"},"9D4":{"t":"C172"},"9D8":{"t":"C175"},"9DB":{"desc":"L1P"},"9DC":{"t":"P28A"},"9DF":{"desc":"L1P"},"9E1":{"t":"PA24"},"9E2":{"t":"BE36"},"9E8":{"t":"P28A"},"9EA":{"t":"BE36"},"9EC":{"t":"C150"},"9ED":{"t":"C150"},"9EE":{"t":"C320"},"9F1":{"t":"C172"},"9F2":{"t":"C150"},"9F3":{"t":"ST75"},"9F7":{"t":"BE24"},"9FB":{"t":"C175"},"9FD":{"t":"C188"},"9FE":{"t":"C82S"},"9FF":{"t":"P28A"},"A01":{"t":"BE33"},"A04":{"t":"PA24"},"A06":{"t":"BE35"},"A09":{"t":"M20P"},"A0B":{"t":"BE36"},"A15":{"t":"C180"},"A17":{"t":"BE58"},"A18":{"desc":"H4E"},"A1A":{"t":"C172"},"A1B":{"t":"C210"},"A1D":{"desc":"L2P"},"A1E":{"t":"C175"},"A20":{"t":"C150"},"A22":{"t":"P28A"},"A27":{"t":"PA24"},"A2B":{"t":"BT36"},"A2C":{"t":"M20P"},"A2E":{"t":"P28A"},"A31":{"t":"BE33"},"A36":{"t":"C150"},"A3A":{"t":"C150"},"A3B":{"desc":"L1P"},"A40":{"t":"BE35"},"A42":{"t":"C150"},"A46":{"t":"BE35"},"A47":{"desc":"A1P"},"A49":{"t":"TA15"},"A4A":{"t":"PA24"},"A4D":{"t":"BE58"},"A51":{"t":"P28A"},"A54":{"t":"BE58"},"A55":{"t":"CH7A"},"A56":{"t":"CH7A"},"A57":{"t":"CH7A"},"A58":{"t":"CH7A"},"A5A":{"t":"BT36"},"A5E":{"t":"C150"},"A60":{"t":"C172"},"A61":{"t":"C310"},"A64":{"t":"C175"},"A66":{"t":"BE33"},"A68":{"t":"P28A"},"A6A":{"t":"BE35"},"A6D":{"t":"PA24"},"A6F":{"t":"BE19"},"A72":{"t":"M20P"},"A74":{"t":"P28A"},"A75":{"t":"C210"},"A76":{"t":"PA27"},"A79":{"t":"C150"},"A7C":{"t":"C150"},"A7D":{"t":"C150"},"A7E":{"t":"C150"},"A7F":{"t":"C180"},"A82":{"t":"T34P"},"A84":{"desc":"H1T","t":"H60"},"A85":{"desc":"H1T"},"A88":{"desc":"L1P"},"A89":{"t":"PA18"},"A8C":{"t":"SR22"},"A8D":{"desc":"A1P"},"A93":{"desc":"G1P"},"A94":{"t":"COL4"},"A95":{"desc":"L1P"},"A9C":{"t":"BE35"},"A9D":{"desc":"L1P"},"A9E":{"t":"AEST"},"AA0":{"desc":"L1P"},"AA1":{"desc":"L1P"},"AA5":{"desc":"L1P"},"AA6":{"desc":"L1P"},"AA8":{"desc":"L1P","t":"PTS1"},"AAD":{"t":"C180"},"AB4":{"t":"C208"},"AB9":{"t":"P28A"},"ABB":{"t":"EN28"},"ABF":{"t":"BE58"},"AC2":{"t":"BE36"},"AC3":{"t":"PA46"},"AC7":{"t":"CL60"},"AD0":{"t":"C188"},"AD2":{"desc":"L1P"},"AD3":{"desc":"L1P"},"AD5":{"desc":"H4E"},"AD6":{"desc":"L1P"},"ADB":{"t":"B752"},"ADC":{"desc":"H4E"},"ADE":{"t":"C340"},"AE2":{"desc":"L1P"},"AE3":{"desc":"H4E"},"AE5":{"desc":"L1P","t":"ULAC"},"AE7":{"desc":"L1P"},"AE9":{"t":"S22T"},"AEA":{"desc":"L1P"},"AEC":{"desc":"L1P"},"AF4":{"t":"YK52"},"AF5":{"t":"RV12"},"AF8":{"t":"C210"},"AFD":{"desc":"L1T"},"B01":{"t":"G164"},"B03":{"desc":"H4E"},"B04":{"desc":"H4E"},"B08":{"t":"GLF6"},"B0A":{"t":"L8"},"B0B":{"t":"P28A"},"B0E":{"desc":"H4E"},"B13":{"t":"SR22"},"B1A":{"t":"AA5"},"B1B":{"desc":"L1P"},"B1C":{"t":"BALL"},"B24":{"t":"E190"},"B25":{"desc":"A1P"},"B2A":{"t":"M20P"},"B32":{"desc":"L1P"},"B34":{"t":"BALL"},"B36":{"t":"GLF6"},"B38":{"desc":"H4E"},"B3A":{"desc":"H2T"},"B3E":{"t":"C340"},"B42":{"t":"GLID"},"B43":{"desc":"A1P"},"B4B":{"desc":"L1P"},"B4C":{"t":"M7"},"B4D":{"t":"C188"},"B52":{"t":"P210"},"B59":{"t":"C421"},"B5B":{"t":"C182"},"B5C":{"desc":"H1P"},"B5F":{"t":"C172"},"B65":{"desc":"L2P"},"B66":{"desc":"L1P"},"B68":{"t":"SR22"},"B6A":{"desc":"L1P"},"B6B":{"t":"SR22"},"B6C":{"t":"PA24"},"B6F":{"t":"ASTR"},"B79":{"t":"PA27"},"B83":{"t":"PA30"},"B84":{"t":"SR22"},"B8F":{"desc":"L1P"},"B91":{"t":"C310"},"B92":{"t":"GLID"},"B9A":{"desc":"H1P"},"B9D":{"t":"C150"},"B9E":{"t":"C172"},"BA0":{"desc":"L1P","t":"ULAC"},"BA2":{"t":"C177"},"BA4":{"desc":"H4E"},"BA6":{"desc":"L1P"},"BA7":{"t":"BE35"},"BA8":{"desc":"L1P"},"BAC":{"t":"C56X"},"BAF":{"t":"WACO"},"BB5":{"t":"H25B"},"BB6":{"t":"BALL"},"BBB":{"desc":"A1P"},"BBC":{"t":"PA34"},"BC6":{"t":"R44"},"BCC":{"desc":"H4E"},"BCE":{"desc":"H4E"},"BD3":{"t":"CH7B"},"BD8":{"desc":"L1P"},"BD9":{"t":"M7"},"BDD":{"desc":"H4E"},"BE5":{"desc":"L1P"},"BFB":{"desc":"H4E"},"BFC":{"t":"C177"},"BFD":{"desc":"L1P"},"BFF":{"desc":"L1P"},"C01":{"t":"M20P"},"C03":{"t":"C77R"},"C06":{"t":"C182"},"C07":{"desc":"L1P"},"C0A":{"t":"BL17"},"C0B":{"t":"BL17"},"C0E":{"desc":"L1P"},"C0F":{"t":"CJ6"},"C10":{"desc":"L1P"},"C15":{"t":"C185"},"C16":{"t":"PA18"},"C1B":{"desc":"L1P"},"C1D":{"desc":"L1P"},"C1F":{"t":"B47G"},"C21":{"t":"GLID"},"C26":{"desc":"L1P"},"C2D":{"desc":"L1P"},"C2E":{"desc":"L1P"},"C30":{"desc":"L1P"},"C35":{"t":"ULAC"},"C37":{"desc":"L1P","t":"ULAC"},"C3C":{"t":"F2TH"},"C3E":{"desc":"L1P"},"C42":{"t":"BE17"},"C45":{"t":"R44"},"C46":{"t":"B763"},"C4B":{"t":"C152"},"C4F":{"desc":"H4E"},"C56":{"t":"B744"},"C5E":{"t":"BL17"},"C67":{"t":"C140"},"C68":{"t":"C340"},"C6A":{"desc":"G1P"},"C77":{"t":"BE35"},"C78":{"t":"BE95"},"C7A":{"t":"BE55"},"C7B":{"desc":"H4E"},"C7D":{"t":"BE35"},"C82":{"t":"BE36"},"C85":{"t":"C182"},"C87":{"desc":"L1P"},"C90":{"t":"BE60"},"C96":{"desc":"L1P"},"CA8":{"desc":"H4E"},"CA9":{"desc":"L1P"},"CAC":{"t":"BE20"},"CB3":{"t":"YK52"},"CC0":{"t":"YK50"},"CC1":{"t":"AA1"},"CC2":{"t":"BE35"},"CCD":{"t":"FA7X"},"CD2":{"desc":"L1P"},"CDA":{"desc":"L1P"},"CDB":{"t":"GLID"},"CDF":{"t":"GLID"},"CE3":{"t":"C172"},"CE9":{"t":"PA24"},"CEB":{"t":"BE36"},"CEE":{"t":"M20P"},"CEF":{"t":"BL17"},"CF4":{"t":"C150"},"CF7":{"t":"C152"},"CFB":{"t":"ST75"},"D00":{"desc":"L1P"},"D04":{"t":"C150"},"D05":{"t":"C150"},"D06":{"t":"J3"},"D0A":{"t":"C182"},"D0B":{"t":"T210"},"D0F":{"t":"C150"},"D13":{"t":"P28A"},"D14":{"t":"C210"},"D15":{"t":"BE58"},"D16":{"desc":"L1P"},"D18":{"t":"C150"},"D1B":{"t":"C150"},"D1C":{"t":"C150"},"D1D":{"t":"C150"},"D1F":{"t":"C180"},"D20":{"t":"BE58"},"D21":{"t":"GLID"},"D26":{"t":"C175"},"D29":{"t":"BE35"},"D2E":{"t":"BE58"},"D31":{"t":"M20P"},"D33":{"t":"BE35"},"D35":{"t":"BL17"},"D36":{"desc":"L1P"},"D3A":{"t":"TAYD"},"D3C":{"t":"PT22"},"D3D":{"t":"C150"},"D40":{"t":"C150"},"D42":{"t":"C150"},"D43":{"t":"C180"},"D44":{"t":"GLID"},"D46":{"t":"C310"},"D4A":{"t":"C150"},"D50":{"t":"S108"},"D54":{"t":"M20P"},"D56":{"t":"C150"},"D61":{"t":"BE55"},"D62":{"t":"C150"},"D63":{"t":"C150"},"D64":{"t":"C150"},"D66":{"t":"C150"},"D68":{"t":"C172"},"D6A":{"t":"BE33"},"D6D":{"t":"C150"},"D6F":{"t":"J3"},"D72":{"t":"BT36"},"D74":{"t":"BE23"},"D77":{"t":"M20P"},"D79":{"t":"C150"},"D7A":{"t":"M20P"},"D7C":{"t":"P28A"},"D7E":{"t":"PA27"},"D83":{"t":"C180"},"D89":{"t":"C150"},"D8A":{"desc":"L1P"},"D8C":{"t":"C310"},"D8E":{"desc":"L1P"},"D91":{"t":"C172"},"D92":{"t":"J3"},"D94":{"t":"AR15"},"D98":{"t":"PA24"},"D9A":{"t":"M20P"},"D9E":{"t":"BL17"},"D9F":{"t":"BE58"},"DA2":{"t":"BE35"},"DA5":{"t":"C150"},"DA7":{"t":"C150"},"DAA":{"t":"C150"},"DAC":{"t":"C150"},"DB2":{"t":"C175"},"DB3":{"t":"C150"},"DB5":{"t":"J3"},"DB6":{"t":"P28A"},"DBD":{"t":"F900"},"DC2":{"t":"P28A"},"DC3":{"t":"BE58"},"DD0":{"desc":"L1P"},"DD4":{"desc":"L1P"},"DD5":{"t":"C175"},"DD6":{"t":"P28A"},"DD8":{"t":"J3"},"DDA":{"desc":"H1T"},"DDC":{"t":"S108"},"DDD":{"t":"T210"},"DDE":{"t":"PA24"},"DE0":{"t":"M20P"},"DE1":{"t":"C150"},"DE3":{"t":"M20P"},"DEA":{"t":"T50"},"DF4":{"t":"C172"},"DF8":{"desc":"L1P"},"DFF":{"t":"S108"},"E02":{"t":"BE36"},"E05":{"t":"C150"},"E09":{"t":"C210"},"E0F":{"t":"C150"},"E13":{"t":"C150"},"E16":{"desc":"L1P"},"E18":{"t":"C210"},"E19":{"desc":"L2P"},"E1A":{"t":"BE55"},"E1E":{"t":"J3"},"E23":{"desc":"L1P"},"E29":{"t":"M20P"},"E2B":{"t":"P28A"},"E2C":{"t":"BE58"},"E2F":{"t":"C150"},"E30":{"t":"C180"},"E34":{"t":"C150"},"E3A":{"t":"PA22"},"E40":{"t":"COL4"},"E4A":{"t":"C182"},"E4F":{"t":"A320"},"E54":{"desc":"A1P"},"E55":{"t":"GL5T"},"E56":{"t":"C185"},"E64":{"desc":"L1P"},"E6E":{"t":"AT5T"},"E6F":{"t":"BE20"},"E70":{"t":"SR22"},"E74":{"t":"P32T"},"E7C":{"desc":"L1P"},"E7D":{"t":"C240"},"E81":{"t":"SR22"},"E85":{"t":"BE35"},"E87":{"t":"BE33"},"E8B":{"desc":"L1P","t":"ULAC"},"E8C":{"t":"SR20"},"E90":{"t":"M20P"},"E91":{"desc":"L1P"},"E92":{"t":"B752"},"E96":{"desc":"L2J"},"E97":{"t":"P28B"},"EAE":{"t":"C172"},"EB8":{"t":"G164"},"EBC":{"t":"A306"},"ED1":{"t":"GLF6"},"ED2":{"t":"E145"},"ED4":{"desc":"L2J"},"EEF":{"t":"F900"},"EFA":{"t":"GLF6"},"F06":{"t":"GLEX"},"F0A":{"desc":"A1P"},"F13":{"desc":"L1P"},"F1B":{"desc":"L1P"},"F1E":{"t":"PA46"},"F2D":{"t":"BE20"},"F34":{"desc":"L1P"},"F36":{"t":"P28A"},"F37":{"t":"GLF4"},"F38":{"t":"TAMP"},"F4E":{"t":"S2P"},"F4F":{"t":"LJ55"},"F50":{"t":"LJ45"},"F53":{"desc":"L1P"},"F5F":{"t":"SR20"},"F62":{"desc":"L1P"},"F65":{"t":"PC12"},"F70":{"t":"A321"},"F7B":{"desc":"H6E"},"F7F":{"t":"GLF5"},"F82":{"t":"PA46"},"F94":{"t":"R66"},"F98":{"t":"BE95"},"FA9":{"t":"C68A"},"FB3":{"t":"PC12"},"FB6":{"desc":"L1P"},"FB9":{"t":"P32R"},"FBB":{"desc":"L1P"},"FBC":{"t":"B407"},"FC5":{"desc":"L1P"},"FCB":{"t":"R44"},"FCD":{"t":"P28A"},"FD8":{"t":"C172"},"FDA":{"t":"SR22"},"FDD":{"t":"GLF4"},"FE6":{"desc":"L1P"},"FE9":{"desc":"L1P"},"FF9":{"t":"C56X"},"FFD":{"t":"B763"}}