{"1005":{"desc":"A1T","t":"KODI"},"1006":{"t":"A320"},"1011":{"t":"C414"},"101C":{"t":"R44"},"101E":{"t":"GLID"},"101F":{"t":"DH8D"},"1024":{"t":"CL60"},"1051":{"t":"BE20"},"10B5":{"t":"C172"},"10B9":{"t":"C175"},"10BE":{"t":"SR22"},"10BF":{"t":"C310"},"10C0":{"t":"C182"},"10C1":{"t":"M20P"},"10C2":{"t":"PA24"},"10C4":{"t":"T210"},"10C7":{"t":"M20P"},"10C8":{"desc":"L1P"},"10CF":{"t":"C152"},"10D5":{"t":"C152"},"10D8":{"t":"C172"},"10DF":{"t":"C172"},"10E0":{"t":"PA34"},"10E1":{"t":"PA16"},"10E3":{"t":"C210"},"10E7":{"t":"T210"},"10E8":{"t":"BE35"},"10EB":{"t":"M20P"},"10F0":{"t":"C310"},"10F4":{"t":"C152"},"10FF":{"t":"C175"},"1100":{"t":"P28A"},"1101":{"t":"C150"},"1102":{"t":"J3"},"1103":{"t":"P32R"},"1104":{"t":"G164"},"1107":{"t":"M20P"},"1108":{"t":"PA24"},"1109":{"t":"BE33"},"110A":{"t":"T210"},"110B":{"t":"BE55"},"110D":{"t":"M20P"},"110E":{"t":"M20P"},"1110":{"t":"C172"},"1111":{"t":"C310"},"1116":{"t":"C152"},"1117":{"t":"ST75"},"111C":{"t":"C152"},"111E":{"t":"C172"},"111F":{"t":"PA22"},"1120":{"t":"P28A"},"1123":{"t":"P28A"},"1125":{"t":"J3"},"1126":{"t":"P28A"},"1128":{"t":"C310"},"112B":{"t":"PA24"},"112C":{"t":"BE35"},"112F":{"t":"C310"},"1138":{"t":"C152"},"113A":{"t":"C152"},"113E":{"t":"C310"},"1141":{"t":"BT36"},"1143":{"t":"C421"},"1146":{"t":"C150"},"1147":{"t":"C150"},"114A":{"t":"PA16"},"114C":{"t":"S108"},"114D":{"t":"M20P"},"114F":{"t":"BE55"},"1153":{"t":"M20P"},"1154":{"t":"M20P"},"1155":{"t":"P28A"},"115B":{"t":"C152"},"115D":{"t":"C152"},"1161":{"t":"C152"},"1162":{"t":"C152"},"1164":{"t":"C172"},"116B":{"t":"C172"},"116C":{"t":"P28A"},"116D":{"t":"PA16"},"116F":{"t":"C182"},"1170":{"t":"M20P"},"1171":{"t":"PA24"},"1176":{"t":"M20P"},"1182":{"t":"C152"},"1184":{"t":"C152"},"1185":{"t":"FA62"},"1187":{"t":"C172"},"1188":{"desc":"S1P","t":"PA22"},"118C":{"t":"C150"},"118D":{"t":"C150"},"118E":{"t":"J3"},"1190":{"t":"PA16"},"119A":{"t":"M20P"},"119C":{"t":"C172"},"119D":{"t":"PA27"},"11AA":{"t":"C172"},"11AE":{"t":"C175"},"11AF":{"t":"C150"},"11B3":{"t":"PA16"},"11B6":{"t":"M20P"},"11B8":{"t":"BE36"},"11BC":{"t":"M20P"},"11CB":{"t":"C402"},"11CE":{"t":"PA22"},"11CF":{"t":"J3"},"11D1":{"t":"C175"},"11DF":{"t":"M20P"},"11E0":{"t":"M20P"},"11E2":{"t":"C402"},"11EE":{"t":"BALL"},"11F7":{"t":"J3"},"11FB":{"t":"C182"},"11FD":{"t":"PA24"},"11FF":{"t":"SR22"},"1202":{"t":"M20P"},"1205":{"t":"C172"},"1206":{"t":"C402"},"1209":{"t":"C402"},"120E":{"t":"O1"},"1213":{"t":"P28A"},"1215":{"t":"DA62"},"1216":{"t":"CH7B"},"1218":{"t":"B06"},"1225":{"t":"PA44"},"122B":{"desc":"L1P"},"122C":{"t":"BE33"},"122E":{"t":"C68A"},"122F":{"t":"SR22"},"123C":{"t":"CRJ2"},"1240":{"desc":"L1P"},"1246":{"desc":"L1T","t":"M600"},"1249":{"t":"SR22"},"1251":{"desc":"L1P"},"125F":{"t":"B752"},"1262":{"desc":"L1P"},"1264":{"desc":"L1P"},"1268":{"t":"H25B"},"126A":{"t":"SR22"},"126B":{"t":"H60"},"126F":{"desc":"L2J"},"1270":{"t":"C25C"},"1273":{"t":"C172"},"1295":{"t":"A306"},"129B":{"t":"P28A"},"12AA":{"desc":"L2J"},"12AD":{"t":"GLF6"},"12B2":{"desc":"H4E"},"12C2":{"t":"B407"},"12DB":{"desc":"L1P","t":"ULAC"},"12DE":{"t":"GLF4"},"12E5":{"t":"PA32"},"12E7":{"desc":"L1P","t":"ULAC"},"12EC":{"desc":"A1P"},"12F0":{"t":"E145"},"12F4":{"desc":"L1P"},"12FA":{"t":"F2TH"},"1300":{"t":"P46T"},"1309":{"t":"P68"},"130E":{"t":"AT8T"},"1315":{"t":"P28A"},"1321":{"desc":"L1P"},"1326":{"desc":"L1P"},"1327":{"t":"M20P"},"1329":{"t":"T210"},"1331":{"desc":"L1P"},"1343":{"t":"P28A"},"1346":{"t":"PC12"},"1349":{"t":"A321"},"1359":{"t":"BE33"},"1369":{"t":"C525"},"1382":{"t":"C68A"},"138B":{"t":"P28A"},"138D":{"t":"T6"},"139E":{"desc":"L1P"},"139F":{"desc":"L1P"},"13A3":{"desc":"L1P"},"13A4":{"t":"C208"},"13AB":{"t":"A119"},"13AC":{"t":"ASTR"},"13B1":{"t":"C172"},"13B3":{"t":"SR22"},"13BC":{"t":"BE35"},"13BD":{"t":"A320"},"13BF":{"t":"T206"},"13C4":{"t":"C510"},"13CD":{"t":"CL60"},"13D6":{"t":"B763"},"13DD":{"t":"H60"},"13EE":{"t":"BE33"},"1407":{"t":"BE36"},"1409":{"t":"BE9L"},"1419":{"t":"BE36"},"144D":{"desc":"H4E"},"146C":{"t":"C172"},"146F":{"desc":"L2P"},"1471":{"t":"C150"},"1472":{"t":"C150"},"1473":{"t":"J3"},"1474":{"t":"P32R"},"1475":{"t":"PA16"},"1477":{"t":"C182"},"1478":{"t":"M20P"},"147A":{"t":"BE35"},"147D":{"t":"C441"},"147F":{"t":"M20P"},"1481":{"t":"C172"},"1486":{"t":"C152"},"1489":{"t":"ST75"},"148F":{"t":"C172"},"1492":{"desc":"H4E"},"1493":{"t":"C175"},"1495":{"desc":"L1P"},"1496":{"t":"J3"},"1497":{"t":"PA34"},"1499":{"t":"AA5"},"149A":{"desc":"L1P"},"14A3":{"t":"P28A"},"14A4":{"t":"C172"},"14AB":{"t":"C152"},"14AF":{"t":"C152"},"14B5":{"desc":"H4E"},"14B7":{"t":"C150"},"14BA":{"t":"P28A"},"14BD":{"t":"C182"},"14C4":{"t":"M20P"},"14C5":{"t":"M20P"},"14CA":{"t":"ST75"},"14CB":{"t":"ST75"},"14CC":{"t":"C152"},"14CD":{"t":"ST75"},"14D1":{"t":"ST75"},"14DA":{"t":"C150"},"14DB":{"t":"C150"},"14DC":{"t":"C172"},"14E0":{"t":"S108"},"14E4":{"t":"T210"},"14E7":{"t":"M20P"},"14E9":{"t":"P28A"},"14EA":{"t":"C172"},"14EB":{"t":"PA27"},"14EE":{"t":"DG15"},"14FB":{"t":"C425"},"14FF":{"t":"J3"},"1500":{"t":"P28A"},"1501":{"t":"PA16"},"1503":{"t":"C182"},"1507":{"t":"T210"},"150F":{"t":"PA25"},"1513":{"t":"ST75"},"151F":{"t":"C175"},"1520":{"t":"C150"},"1524":{"t":"PA16"},"1527":{"t":"M20P"},"152D":{"t":"M20P"},"1532":{"t":"PA18"},"1535":{"t":"B739"},"1536":{"t":"B739"},"153C":{"t":"C152"},"1540":{"t":"T34P"},"1541":{"desc":"H4E"},"1545":{"t":"J3"},"154A":{"t":"M20P"},"154E":{"t":"C425"},"1550":{"t":"M20P"},"1552":{"t":"P28A"},"1557":{"t":"ST75"},"1558":{"t":"ST75"},"155D":{"t":"ST75"},"1561":{"t":"C172"},"1562":{"t":"PA22"},"1564":{"t":"C170"},"1566":{"t":"C150"},"1569":{"t":"P28A"},"1570":{"t":"T210"},"1573":{"t":"M20P"},"1574":{"t":"M20P"},"1575":{"t":"P28A"},"157E":{"t":"C152"},"1580":{"t":"C152"},"1581":{"desc":"H1T"},"1582":{"t":"ST75"},"1583":{"t":"ST75"},"1585":{"t":"PA22"},"1586":{"t":"BE36"},"1589":{"t":"C150"},"158B":{"t":"J3"},"158C":{"t":"P28A"},"158F":{"t":"C182"},"1590":{"t":"M20P"},"1593":{"desc":"H4E"},"1596":{"t":"M20P"},"1597":{"t":"M20P"},"1599":{"t":"C172"},"159C":{"t":"ST75"},"159F":{"t":"ST75"},"15A1":{"t":"C152"},"15A4":{"t":"ST75"},"15A6":{"desc":"L1P"},"15A8":{"t":"PA22"},"15A9":{"desc":"L1P"},"15AB":{"t":"C175"},"15AC":{"t":"C150"},"15AE":{"t":"J3"},"15AF":{"t":"P28R"},"15B3":{"t":"M20P"},"15B4":{"t":"PA24"},"15B5":{"t":"BE55"},"15B9":{"t":"M20P"},"15BA":{"t":"M20P"},"15BB":{"t":"P28A"},"15BF":{"t":"J5"},"15C8":{"t":"CH7B"},"15CC":{"t":"FA7X"},"15CD":{"t":"C182"},"15CF":{"t":"E145"},"15D0":{"desc":"L1P"},"15D4":{"desc":"H4E"},"15DB":{"t":"E50P"},"15DC":{"t":"PA44"},"15E3":{"t":"BE35"},"15E4":{"t":"SW4"},"15E6":{"t":"B350"},"15F3":{"t":"CRJ2"},"15FC":{"t":"S108"},"1600":{"t":"SR22"},"1602":{"t":"C68A"},"1607":{"t":"C680"},"160A":{"t":"C310"},"160E":{"desc":"L1P"},"1616":{"t":"B752"},"1618":{"t":"FA7X"},"1621":{"t":"SR22"},"1622":{"t":"H60"},"1626":{"desc":"L2J"},"162A":{"t":"C172"},"164C":{"t":"A306"},"1652":{"t":"P28A"},"1660":{"t":"GLF6"},"1661":{"desc":"L1P"},"1664":{"desc":"L2J"},"1666":{"t":"C421"},"1671":{"t":"BE9L"},"1694":{"desc":"L1P"},"169E":{"t":"C188"},"16A7":{"t":"CH7A"},"16AB":{"desc":"L1P"},"16B1":{"t":"F2TH"},"16B7":{"desc":"L1P"},"16C0":{"desc":"L2T"},"16C4":{"desc":"L1P"},"16C5":{"t":"C185"},"16C8":{"desc":"L2P"},"16CC":{"t":"P28A"},"16D0":{"t":"PRM1"},"16E1":{"t":"PA27"},"16E3":{"t":"GLF4"},"16E7":{"desc":"L1P"},"16F6":{"desc":"L1P"},"16FA":{"t":"P28A"},"1700":{"t":"A321"},"1710":{"t":"SF34"},"1739":{"t":"C56X"},"1742":{"t":"C150"},"1755":{"desc":"L1P"},"175A":{"desc":"L1P"},"175F":{"desc":"L1P"},"1760":{"t":"GLF4"},"1764":{"t":"CRJ7"},"1768":{"t":"C172"},"176A":{"t":"SR22"},"176C":{"t":"B350"},"1774":{"t":"A320"},"1775":{"t":"BE36"},"1776":{"desc":"L2J"},"1779":{"desc":"L1J"},"177E":{"t":"S22T"},"178C":{"t":"GLID"},"178D":{"t":"B763"},"179D":{"t":"DA40"},"17A5":{"t":"P337"},"17B1":{"t":"C680"},"17C6":{"t":"GC1"},"181E":{"desc":"L1P"},"1827":{"t":"C175"},"1829":{"t":"C150"},"182B":{"t":"PA34"},"1834":{"t":"C310"},"1835":{"t":"M20P"},"1836":{"t":"M20P"},"1837":{"t":"P28A"},"183A":{"t":"PA18"},"183B":{"t":"CH7B"},"183F":{"t":"CH7B"},"1843":{"t":"CH7B"},"184A":{"t":"C172"},"184B":{"t":"C150"},"184E":{"t":"P32R"},"184F":{"t":"G164"},"1851":{"t":"S108"},"1853":{"t":"PA24"},"1855":{"t":"T210"},"1858":{"t":"M20P"},"1859":{"t":"M20P"},"185A":{"t":"BALL"},"185B":{"t":"C441"},"185F":{"t":"CH7B"},"1860":{"t":"BL8"},"1862":{"t":"CH7B"},"1863":{"t":"CH7A"},"1864":{"t":"CH7A"},"1865":{"t":"BL8"},"1867":{"t":"CH7B"},"1869":{"t":"C172"},"186A":{"t":"PA22"},"186E":{"t":"P28A"},"1870":{"t":"C172"},"1872":{"desc":"A1P"},"1874":{"t":"S108"},"1875":{"t":"M20P"},"1876":{"t":"PA24"},"1878":{"t":"T210"},"187D":{"t":"P28A"},"1882":{"t":"CH7B"},"1883":{"t":"CH7A"},"1885":{"desc":"H2T"},"1886":{"t":"CH7A"},"1887":{"t":"CH7A"},"1888":{"t":"CH7A"},"188A":{"t":"CH7A"},"188B":{"desc":"L1P"},"188F":{"t":"B14C"},"1893":{"t":"C172"},"1894":{"t":"P28A"},"1897":{"t":"S108"},"1899":{"t":"PA24"},"189A":{"t":"BE55"},"189E":{"t":"M20P"},"18A2":{"desc":"L1P"},"18A3":{"t":"PA25"},"18A5":{"t":"CH7B"},"18A7":{"t":"CH7A"},"18AA":{"t":"CH7B"},"18AB":{"t":"CH7B"},"18AC":{"t":"CH7A"},"18AF":{"t":"C172"},"18B3":{"t":"C175"},"18B4":{"t":"P32R"},"18B5":{"t":"C150"},"18B6":{"t":"C172"},"18B7":{"t":"P28A"},"18B8":{"t":"PA16"},"18BA":{"t":"S108"},"18BB":{"t":"M20P"},"18C1":{"t":"M20P"},"18C2":{"t":"M20P"},"18C3":{"t":"P28A"},"18C5":{"t":"PA27"},"18C7":{"t":"CH7B"},"18C8":{"t":"CH7B"},"18CA":{"t":"CH7B"},"18CB":{"t":"CH7B"},"18CC":{"t":"CH7B"},"18CE":{"t":"CH7A"},"18D2":{"t":"C172"},"18D3":{"t":"PA22"},"18D4":{"desc":"L2P"},"18D8":{"desc":"L1P"},"18DA":{"t":"P28A"},"18DD":{"t":"S108"},"18E0":{"t":"BE35"},"18E1":{"t":"T210"},"18E4":{"t":"M20P"},"18E5":{"t":"M20P"},"18E7":{"t":"P28A"},"18EA":{"t":"CH7B"},"18ED":{"t":"CH7B"},"18EF":{"t":"BL8"},"18F1":{"t":"BL8"},"18F6":{"t":"PA22"},"18F7":{"desc":"L1P"},"18F9":{"t":"C175"},"18FA":{"t":"P32R"},"18FC":{"t":"J3"},"18FD":{"t":"P28A"},"18FE":{"t":"PA16"},"1900":{"t":"C182"},"1901":{"t":"M20P"},"1902":{"t":"PA24"},"1908":{"t":"M20P"},"1909":{"t":"P28A"},"190B":{"t":"PA27"},"1910":{"t":"LJ60"},"1911":{"t":"CH7B"},"1914":{"t":"CH7B"},"1917":{"desc":"A1P"},"191B":{"t":"C195"},"191E":{"t":"C150"},"191F":{"t":"C172"},"1920":{"t":"P28R"},"1923":{"t":"C182"},"1925":{"t":"PA24"},"1927":{"t":"T210"},"1928":{"t":"CH7B"},"192A":{"t":"M20P"},"192B":{"t":"M20P"},"192C":{"t":"P28A"},"192E":{"t":"PA27"},"192F":{"t":"PA25"},"1930":{"t":"CH7A"},"1932":{"t":"CH7B"},"1933":{"t":"CH7B"},"1934":{"t":"BL8"},"1935":{"t":"CH7A"},"1936":{"t":"CH7B"},"1939":{"t":"CH7A"},"193B":{"t":"C172"},"193D":{"t":"C421"},"193E":{"desc":"L1P"},"193F":{"t":"C182"},"1942":{"t":"C172"},"1944":{"t":"PA16"},"1947":{"t":"M20P"},"194D":{"t":"M20P"},"194E":{"desc":"H4E"},"194F":{"t":"BE58"},"1950":{"t":"C172"},"195B":{"t":"CH7A"},"195C":{"desc":"L1P"},"195E":{"t":"C172"},"1962":{"t":"C175"},"1965":{"t":"C172"},"1966":{"t":"P28A"},"1967":{"t":"PA16"},"1969":{"t":"C182"},"196A":{"t":"M20P"},"196B":{"t":"PA24"},"196D":{"t":"T210"},"1970":{"t":"M20P"},"1973":{"t":"C172"},"1975":{"t":"PA25"},"1977":{"desc":"L1P"},"1979":{"t":"CH7A"},"1982":{"t":"B752"},"1984":{"t":"BE10"},"1986":{"t":"E145"},"1988":{"t":"BE36"},"198B":{"t":"C208"},"198D":{"t":"B407"},"1992":{"desc":"H4E"},"1993":{"t":"PA44"},"1994":{"t":"BE24"},"199A":{"t":"BE35"},"199C":{"t":"B738"},"199D":{"t":"ASTR"},"199E":{"t":"R44"},"199F":{"t":"G280"},"19A3":{"desc":"L1P","t":"ULAC"},"19AA":{"t":"CRJ2"},"19AB":{"t":"BALL"},"19B3":{"t":"S108"},"19B4":{"t":"P28A"},"19B5":{"t":"CL30"},"19B6":{"desc":"L1P"},"19B8":{"t":"GLID"},"19B9":{"t":"BE20"},"19BF":{"desc":"L1P"},"19C1":{"t":"C680"},"19C4":{"t":"C240"},"19CC":{"desc":"L1P"},"19CD":{"t":"B752"},"19CE":{"t":"C172"},"19CF":{"t":"BE35"},"19DA":{"desc":"L1P"},"19DD":{"t":"SR22"},"19DE":{"desc":"H1T"},"19E1":{"t":"C172"},"19E8":{"desc":"L1P"},"19EA":{"desc":"L1P"},"19F0":{"desc":"H4E"},"19FE":{"desc":"H1T"},"1A03":{"t":"A306"},"1A0E":{"t":"BE58"},"1A18":{"desc":"L2J"},"1A1B":{"t":"GLF6"},"1A1C":{"t":"AA5"},"1A2C":{"desc":"H4E"},"1A49":{"t":"P28A"},"1A4B":{"desc":"L1P"},"1A4C":{"desc":"L1P"},"1A51":{"t":"C525"},"1A55":{"desc":"L1P"},"1A6E":{"desc":"L1P"},"1A77":{"desc":"L2P"},"1A7C":{"t":"AT6T"},"1A81":{"t":"A119"},"1A83":{"t":"P28A"},"1A95":{"desc":"L1T","t":"M600"},"1A99":{"t":"BE36"},"1A9D":{"t":"RV12"},"1AA5":{"desc":"L1P"},"1AAD":{"desc":"L1P","t":"ULAC"},"1AB1":{"t":"P28A"},"1AB4":{"t":"PC12"},"1AB7":{"t":"A321"},"1ABE":{"desc":"H4E"},"1AC6":{"desc":"H1T","t":"UH12"},"1AC9":{"t":"PC12"},"1AED":{"t":"P28U"},"1AF0":{"t":"C56X"},"1AFB":{"t":"C550"},"1B00":{"t":"B407"},"1B01":{"desc":"L1P"},"1B08":{"t":"BE20"},"1B09":{"desc":"L1P"},"1B0C":{"desc":"L1P"},"1B0D":{"t":"CH7B"},"1B14":{"t":"BE40"},"1B1B":{"t":"CRJ7"},"1B1C":{"desc":"L1P"},"1B1F":{"t":"C172"},"1B2A":{"t":"C750"},"1B2B":{"t":"A320"},"1B36":{"t":"EA50"},"1B3B":{"t":"GC1"},"1B3F":{"t":"C68A"},"1B40":{"t":"H25B"},"1B43":{"t":"GLID"},"1B44":{"t":"B763"},"1B8E":{"desc":"L1P"},"1BA4":{"desc":"L1P"},"1BA7":{"t":"WACF"},"1BB3":{"desc":"H4E"},"1BC0":{"desc":"L1P"},"1BD9":{"desc":"L1P"},"1BDC":{"t":"C441"},"1BE1":{"t":"C172"},"1BE2":{"t":"P28A"},"1BE3":{"t":"G164"},"1BE4":{"t":"BE58"},"1BE5":{"t":"T210"},"1BE6":{"t":"C185"},"1BE7":{"t":"PA24"},"1BE8":{"t":"BE35"},"1BF5":{"t":"C152"},"1BFA":{"t":"C152"},"1C01":{"t":"C175"},"1C02":{"t":"P28A"},"1C05":{"t":"P28A"},"1C06":{"t":"G164"},"1C08":{"t":"C182"},"1C09":{"t":"M20P"},"1C0A":{"t":"BE36"},"1C0C":{"t":"T210"},"1C10":{"t":"M20P"},"1C11":{"t":"P28A"},"1C24":{"t":"C175"},"1C25":{"t":"C150"},"1C27":{"t":"C172"},"1C28":{"t":"P28R"},"1C29":{"desc":"S1P"},"1C2B":{"t":"C182"},"1C2C":{"t":"M20P"},"1C2D":{"t":"PA24"},"1C32":{"t":"M20P"},"1C34":{"t":"P28A"},"1C37":{"t":"PA25"},"1C43":{"t":"C172"},"1C47":{"t":"C175"},"1C48":{"t":"P28A"},"1C4C":{"t":"PA16"},"1C4E":{"t":"C182"},"1C55":{"t":"M20P"},"1C56":{"t":"M20P"},"1C57":{"t":"P28A"},"1C59":{"t":"PA27"},"1C60":{"desc":"L2P"},"1C61":{"desc":"L1P"},"1C64":{"t":"C182"},"1C66":{"t":"C172"},"1C6D":{"t":"C172"},"1C6E":{"t":"PA32"},"1C71":{"t":"C182"},"1C72":{"t":"M20P"},"1C75":{"t":"T210"},"1C78":{"t":"M20P"},"1C83":{"t":"B47G"},"1C88":{"t":"T6"},"1C89":{"t":"PA44"},"1C8A":{"t":"PA22"},"1C8D":{"t":"C175"},"1C8E":{"t":"C150"},"1C90":{"t":"J3"},"1C91":{"t":"P32R"},"1C92":{"t":"PA16"},"1C94":{"t":"S108"},"1C95":{"t":"M20P"},"1C97":{"t":"G164"},"1C9D":{"t":"P28A"},"1C9E":{"t":"C172"},"1C9F":{"t":"PA27"},"1CA0":{"t":"C421"},"1CA6":{"t":"C421"},"1CAC":{"t":"C172"},"1CB0":{"t":"C175"},"1CB1":{"t":"C150"},"1CB3":{"t":"C172"},"1CB8":{"t":"M20P"},"1CB9":{"t":"PA24"},"1CBB":{"t":"T210"},"1CBE":{"t":"M20P"},"1CC6":{"t":"C175"},"1CCC":{"t":"C180"},"1CCF":{"t":"C172"},"1CD0":{"t":"PA22"},"1CD1":{"t":"C335"},"1CD4":{"t":"C421"},"1CD6":{"t":"J3"},"1CD7":{"t":"P28A"},"1CD8":{"t":"PA16"},"1CD9":{"t":"C421"},"1CDB":{"t":"M20P"},"1CDC":{"t":"PA24"},"1CE1":{"t":"M20P"},"1CE5":{"t":"PA27"},"1CE6":{"t":"C421"},"1CEB":{"t":"GLID"},"1CEE":{"desc":"L1P"},"1CF0":{"desc":"L1P"},"1CF2":{"t":"PA27"},"1CF3":{"desc":"L1T"},"1CF5":{"t":"PA32"},"1CF7":{"t":"C150"},"1CF9":{"t":"J3"},"1CFB":{"t":"P28A"},"1CFC":{"t":"C182"},"1CFF":{"t":"PC12"},"1D00":{"desc":"L1P","t":"G64T"},"1D01":{"t":"T210"},"1D05":{"t":"M20P"},"1D07":{"t":"C172"},"1D09":{"t":"PA25"},"1D0A":{"desc":"L1P"},"1D0F":{"t":"C421"},"1D10":{"desc":"L1P"},"1D15":{"t":"C172"},"1D1D":{"t":"P28A"},"1D1E":{"t":"PA16"},"1D1F":{"t":"M20P"},"1D26":{"t":"C172"},"1D27":{"t":"M20P"},"1D29":{"t":"P28A"},"1D2A":{"t":"C172"},"1D2C":{"t":"C421"},"1D2D":{"t":"P28A"},"1D37":{"desc":"L1J"},"1D39":{"t":"B752"},"1D44":{"t":"B407"},"1D49":{"desc":"L1P"},"1D4C":{"t":"PA34"},"1D50":{"t":"C172"},"1D54":{"desc":"L1P"},"1D6B":{"t":"PA18"},"1D6C":{"desc":"L1P"},"1D78":{"t":"C182"},"1D7F":{"t":"S22T"},"1D83":{"t":"BE35"},"1D84":{"t":"DA62"},"1D8E":{"t":"B752"},"1D94":{"desc":"L2J"},"1DBA":{"t":"A306"},"1DCF":{"desc":"L2J"},"1DD2":{"t":"GLF6"},"1DD9":{"t":"B407"},"1DDF":{"t":"GLF6"},"1DE7":{"desc":"L1P"},"1DE8":{"t":"F900"},"1DE9":{"desc":"L2T"},"1DEB":{"desc":"H4E"},"1DF7":{"desc":"L1P"},"1DFB":{"desc":"L1P"},"1DFF":{"desc":"L1P"},"1E00":{"desc":"L1P","t":"ULAC"},"1E04":{"desc":"H1P"},"1E07":{"desc":"A1P"},"1E0B":{"t":"C25C"},"1E11":{"t":"E145"},"1E1B":{"desc":"L1P"},"1E25":{"t":"PA46"},"1E33":{"t":"AT8T"},"1E35":{"desc":"L1P"},"1E3A":{"t":"P28A"},"1E40":{"desc":"L1P"},"1E4D":{"desc":"L1P"},"1E4E":{"t":"T206"},"1E56":{"t":"DA42"},"1E5C":{"desc":"L1P"},"1E68":{"t":"PA44"},"1E6E":{"t":"A321"},"1E75":{"desc":"H4E"},"1E7E":{"desc":"L2T"},"1E90":{"desc":"H4E"},"1E92":{"t":"SR22"},"1E9A":{"t":"PC12"},"1EA7":{"t":"C68A"},"1EB1":{"desc":"L1P"},"1EB2":{"desc":"L1P"},"1EC1":{"t":"C182"},"1EC9":{"t":"BE36"},"1ECA":{"t":"B350"},"1ECC":{"t":"RV8"},"1ED2":{"t":"CRJ7"},"1ED6":{"t":"C172"},"1ED9":{"t":"BE19"},"1EDA":{"desc":"L1P","t":"ULAC"},"1EE1":{"t":"BE50"},"1EEC":{"desc":"L1P"},"1EFA":{"t":"GLID"},"1F13":{"t":"BE33"},"1F23":{"desc":"L1P"},"1F25":{"t":"T6"},"1F2C":{"t":"PA46"},"1F34":{"desc":"L1P"},"1F3E":{"t":"S22T"},"1F6A":{"desc":"H1P"},"1F90":{"desc":"L1P","t":"ULAC"},"1F95":{"t":"C175"},"1F99":{"t":"P28A"},"1F9A":{"t":"PA16"},"1F9B":{"t":"C182"},"1F9C":{"t":"T210"},"1F9E":{"t":"PA24"},"1FA3":{"t":"M20P"},"1FA4":{"t":"M20P"},"1FB3":{"desc":"L1P"},"1FB4":{"t":"C172"},"1FB7":{"t":"C340"},"1FBC":{"t":"P28R"},"1FC1":{"t":"PA24"},"1FC8":{"t":"P28A"},"1FCA":{"t":"C340"},"1FCF":{"t":"C152"},"1FD0":{"t":"C152"},"1FD3":{"t":"C340"},"1FD7":{"t":"C172"},"1FDC":{"t":"C150"},"1FDE":{"t":"J3"},"1FE0":{"desc":"L1P"},"1FE2":{"t":"C182"},"1FE3":{"t":"M20P"},"1FEA":{"t":"M20P"},"1FEB":{"t":"P28A"},"1FF1":{"t":"ST75"},"1FF3":{"t":"GLID"},"1FF9":{"desc":"L1P"},"1FFB":{"t":"PA18"},"1FFC":{"t":"P32T"},"1FFE":{"t":"C175"},"3000":{"desc":"L1P","t":"TB1"},"3005":{"t":"A119"},"3007":{"t":"CRJ7"},"300B":{"t":"C172"},"300D":{"t":"B742"},"3017":{"t":"P208"},"3019":{"t":"C172"},"3027":{"t":"SR22"},"302C":{"desc":"L1P"},"3030":{"t":"DH8D"},"3048":{"t":"BE35"},"3061":{"t":"C172"},"306D":{"desc":"H1P"},"3073":{"t":"C340"},"30A8":{"t":"DA40"},"30C6":{"t":"C172"},"30C9":{"t":"PA22"},"30CA":{"t":"C175"},"30CE":{"t":"P28A"},"30D0":{"t":"C310"},"30D2":{"t":"M20P"},"30D3":{"t":"P28B"},"30D5":{"t":"T210"},"30D8":{"t":"M20P"},"30D9":{"t":"M20P"},"30DB":{"t":"C172"},"30E0":{"desc":"L1P"},"30E2":{"t":"C152"},"30E8":{"desc":"H4E"},"30E9":{"t":"C172"},"30ED":{"t":"C175"},"30EE":{"t":"C150"},"30F0":{"t":"C172"},"30F1":{"t":"P28A"},"30F2":{"t":"PA20"},"30F4":{"t":"S108"},"30F6":{"t":"P28A"},"30F7":{"t":"P28B"},"30F9":{"t":"C150"},"30FA":{"desc":"H6E"},"30FD":{"t":"P28U"},"30FE":{"t":"C172"},"30FF":{"t":"PA27"},"3101":{"t":"C152"},"3104":{"desc":"H1P"},"310C":{"t":"C172"},"310D":{"desc":"H1T"},"310F":{"t":"P28A"},"3112":{"t":"C150"},"3114":{"t":"P28A"},"3119":{"t":"PA24"},"311D":{"t":"P06T"},"3120":{"t":"P28A"},"3121":{"t":"C172"},"3125":{"t":"C152"},"3129":{"t":"C152"},"312C":{"desc":"L1P"},"312E":{"t":"PA16"},"312F":{"t":"PA27"},"3130":{"t":"PA22"},"3133":{"t":"C175"},"3134":{"t":"P28A"},"3135":{"t":"C150"},"3137":{"t":"P28A"},"3138":{"t":"PA20"},"313A":{"t":"C182"},"313B":{"t":"M20P"},"313E":{"t":"P28A"},"313F":{"t":"P28B"},"3140":{"t":"PA46"},"3141":{"t":"M20P"},"3143":{"t":"P28A"},"3152":{"t":"P28B"},"3153":{"t":"PA22"},"3156":{"t":"C175"},"3157":{"t":"C150"},"3159":{"t":"J3"},"315A":{"t":"P28A"},"315C":{"t":"C310"},"315D":{"t":"C182"},"315F":{"desc":"A1P","t":"ULAC"},"3162":{"t":"C150"},"3164":{"t":"M20P"},"3165":{"t":"M20P"},"3166":{"t":"P28A"},"3167":{"t":"C172"},"3168":{"t":"PA46"},"316C":{"t":"C152"},"3173":{"t":"C152"},"3174":{"desc":"L1P"},"3175":{"t":"C172"},"317A":{"t":"C150"},"317B":{"desc":"L1P"},"317C":{"t":"C172"},"3180":{"t":"S108"},"3181":{"t":"M20P"},"3183":{"t":"BE19"},"3185":{"t":"C150"},"3186":{"t":"P28A"},"3188":{"t":"M20P"},"3189":{"t":"P28A"},"318A":{"t":"C172"},"318C":{"t":"PA34"},"3191":{"t":"B762"},"3193":{"t":"C152"},"3195":{"t":"VALI"},"3196":{"desc":"L1P"},"3198":{"t":"C172"},"319B":{"t":"PA22"},"319F":{"t":"C172"},"31A1":{"t":"PA20"},"31A4":{"t":"M20P"},"31AE":{"t":"PA27"},"31B5":{"t":"P28A"},"31B7":{"t":"FA62"},"31BB":{"t":"PA27"},"31BC":{"t":"PA22"},"31BE":{"t":"P28A"},"31BF":{"t":"C175"},"31C1":{"t":"P28A"},"31C2":{"t":"J3"},"31C4":{"t":"G164"},"31C6":{"t":"S108"},"31C7":{"t":"M20P"},"31CB":{"t":"C150"},"31CE":{"t":"M20P"},"31CF":{"t":"P28A"},"31D0":{"t":"C172"},"31D6":{"t":"C152"},"31D9":{"t":"ST75"},"31DE":{"t":"C172"},"31E1":{"t":"PA23"},"31E2":{"t":"PA18"},"31E4":{"t":"C182"},"31E5":{"t":"C172"},"31E9":{"t":"S108"},"31EA":{"t":"M20P"},"31F2":{"t":"P28A"},"31F3":{"t":"C172"},"31F8":{"t":"ST75"},"31FD":{"t":"C152"},"31FF":{"t":"C152"},"3207":{"t":"C150"},"3208":{"t":"C172"},"3209":{"t":"P28A"},"320B":{"t":"C310"},"320C":{"t":"P28B"},"320D":{"t":"M20P"},"320E":{"t":"PA24"},"3210":{"t":"P28U"},"3214":{"t":"M20P"},"3215":{"t":"P28A"},"3218":{"t":"PA25"},"3221":{"t":"FA62"},"3223":{"t":"GLID"},"3225":{"t":"B752"},"3226":{"t":"AT6T"},"3227":{"desc":"L1P"},"3229":{"t":"E145"},"3234":{"desc":"L2T"},"3235":{"desc":"L1P"},"3238":{"t":"A321"},"323C":{"t":"C680"},"323E":{"t":"R44"},"323F":{"desc":"H4E"},"3242":{"t":"C650"},"3244":{"desc":"H1T","t":"S92"},"3249":{"t":"PA46"},"324E":{"desc":"A1P"},"3256":{"t":"S108"},"3257":{"t":"CRJ9"},"3259":{"t":"S61"},"325C":{"t":"PA44"},"325F":{"t":"DA40"},"3260":{"desc":"L1P"},"3264":{"t":"C172"},"3267":{"desc":"H4E"},"3270":{"desc":"L2T"},"3272":{"desc":"L1P"},"327A":{"t":"B752"},"327B":{"desc":"L1P"},"3280":{"t":"DA40"},"3284":{"t":"P32R"},"328B":{"t":"C240"},"32A6":{"t":"A306"},"32BB":{"desc":"L2J"},"32BE":{"t":"GLF6"},"32D3":{"desc":"L1P"},"32DF":{"desc":"L1P"},"32EC":{"desc":"L1P"},"32EE":{"desc":"L1P"},"32F8":{"desc":"A1P"},"3301":{"desc":"L1P"},"331E":{"t":"GL5T"},"3328":{"desc":"H4E"},"3338":{"t":"C177"},"333A":{"desc":"H6E"},"3343":{"t":"DA62"},"3345":{"t":"AT5T"},"335A":{"t":"A320"},"336D":{"t":"H500"},"3373":{"desc":"H8E"},"3374":{"desc":"L1P"},"3382":{"t":"BE35"},"3390":{"desc":"H4E"},"3393":{"t":"C68A"},"339E":{"desc":"L1P"},"33B4":{"desc":"L1P"},"33B5":{"t":"BE36"},"33BE":{"t":"C152"},"33BF":{"t":"ULAC"},"33C2":{"t":"C172"},"33C6":{"desc":"L1T","t":"PA46"},"33CD":{"t":"AC90"},"33CF":{"desc":"L1P","t":"TB0"},"33E3":{"t":"C56X"},"33E7":{"t":"B735"},"340F":{"desc":"H4E"},"3418":{"t":"BE9L"},"3419":{"t":"B190"},"341B":{"desc":"L1P"},"3423":{"desc":"H4E"},"3441":{"desc":"H4E"},"347E":{"t":"PA34"},"347F":{"t":"M20P"},"3483":{"t":"P28A"},"3486":{"t":"PA46"},"3487":{"t":"C310"},"3488":{"t":"C182"},"3489":{"t":"M20P"},"348A":{"t":"PA24"},"348B":{"t":"BE24"},"3490":{"t":"M20P"},"3492":{"t":"C172"},"3495":{"t":"C152"},"3499":{"t":"C152"},"349A":{"t":"C152"},"349C":{"t":"C152"},"34A1":{"t":"PA22"},"34A2":{"t":"BE36"},"34A5":{"t":"C150"},"34A6":{"t":"C150"},"34AB":{"t":"S108"},"34AC":{"t":"M20P"},"34AD":{"t":"PA24"},"34AE":{"t":"G164"},"34B1":{"desc":"L1P"},"34B3":{"t":"M20P"},"34B9":{"desc":"L1P"},"34BA":{"t":"C152"},"34BB":{"t":"C152"},"34BF":{"t":"BE17"},"34C7":{"t":"C175"},"34CB":{"t":"P28A"},"34CD":{"t":"C310"},"34CF":{"t":"M20P"},"34D5":{"t":"M20P"},"34D7":{"t":"P28A"},"34D8":{"t":"C172"},"34DB":{"desc":"L1P"},"34E3":{"t":"C152"},"34E7":{"t":"PA22"},"34E9":{"t":"PA22"},"34EA":{"t":"C175"},"34ED":{"t":"J3"},"34EF":{"t":"PA20"},"34F1":{"t":"S108"},"34F2":{"t":"M20P"},"34F4":{"t":"BE24"},"34F6":{"t":"C150"},"34F9":{"t":"M20P"},"3500":{"t":"C152"},"3506":{"t":"C152"},"3509":{"t":"C172"},"350D":{"t":"C175"},"350F":{"desc":"L1T"},"3510":{"t":"C172"},"3514":{"t":"S108"},"3516":{"t":"PA24"},"3517":{"t":"BE24"},"3518":{"t":"T210"},"351B":{"t":"M20P"},"351C":{"t":"M20P"},"351D":{"t":"P28A"},"351E":{"t":"C172"},"3524":{"desc":"L1P"},"3526":{"desc":"L1P"},"3528":{"t":"C152"},"352A":{"t":"ST75"},"352D":{"t":"BE36"},"3531":{"t":"C150"},"3532":{"desc":"H4E"},"3533":{"t":"J3"},"3538":{"t":"M20P"},"353B":{"t":"T210"},"353F":{"t":"M20P"},"3541":{"t":"C172"},"3542":{"desc":"L1T"},"354A":{"t":"FA62"},"354C":{"t":"C152"},"354F":{"t":"C172"},"3552":{"t":"PA22"},"3553":{"t":"C175"},"3555":{"t":"C150"},"3556":{"t":"C172"},"3557":{"desc":"L1P"},"3558":{"t":"PA20"},"355A":{"t":"S108"},"355B":{"t":"M20P"},"355E":{"t":"BT36"},"3561":{"t":"M20P"},"3563":{"t":"P28A"},"3569":{"t":"FA62"},"356A":{"desc":"A2P"},"356F":{"desc":"L1P"},"3571":{"desc":"L1P"},"3572":{"t":"C172"},"3573":{"t":"T210"},"357A":{"t":"P28A"},"357B":{"t":"PA20"},"357E":{"t":"M20P"},"3580":{"t":"BE24"},"3581":{"t":"T210"},"3582":{"t":"C150"},"3583":{"t":"C310"},"3584":{"t":"M20P"},"3587":{"t":"C172"},"3591":{"t":"BE36"},"3593":{"t":"BT36"},"3594":{"t":"GLID"},"3596":{"t":"BE36"},"3597":{"t":"NAVI"},"3598":{"t":"PA22"},"3599":{"t":"C175"},"359C":{"t":"BE76"},"359D":{"t":"P28A"},"35A0":{"t":"C150"},"35A1":{"t":"M20P"},"35A2":{"t":"PA24"},"35A3":{"t":"BE23"},"35A4":{"t":"BE36"},"35A5":{"t":"C150"},"35A6":{"t":"C310"},"35A8":{"t":"M20P"},"35A9":{"t":"P28A"},"35AA":{"t":"C172"},"35B7":{"t":"C182"},"35B8":{"t":"C172"},"35B9":{"t":"BT36"},"35BB":{"t":"PA22"},"35BD":{"t":"C150"},"35C0":{"t":"C182"},"35C1":{"desc":"L1P","t":"G64T"},"35C2":{"t":"C310"},"35C7":{"t":"T210"},"35C9":{"t":"C310"},"35CA":{"t":"M20P"},"35CB":{"t":"M20P"},"35CE":{"t":"PA27"},"35D0":{"desc":"L1P"},"35DA":{"t":"B06"},"35DB":{"t":"PA22"},"35DC":{"t":"B752"},"35E0":{"t":"E145"},"35E5":{"desc":"A1P"},"35E7":{"t":"B407"},"35EF":{"t":"A321"},"35F4":{"t":"BE35"},"3604":{"t":"CRJ2"},"3605":{"desc":"A1P","t":"ULAC"},"360D":{"t":"SR22"},"360E":{"t":"CRJ9"},"3610":{"t":"S61"},"3611":{"t":"SR22"},"3619":{"desc":"H4E"},"361B":{"t":"SR22"},"3622":{"desc":"L1P"},"3627":{"t":"C182"},"3631":{"t":"B752"},"3632":{"desc":"H4E"},"3651":{"desc":"H8E"},"3663":{"t":"P28A"},"3672":{"desc":"L2J"},"3675":{"t":"GLF6"},"3677":{"desc":"L1P"},"3682":{"t":"BE40"},"36A3":{"desc":"L1P","t":"ULAC"},"36A5":{"t":"PA18"},"36A7":{"t":"SR22"},"36B1":{"t":"ECHO"},"36C8":{"desc":"L1P"},"36CA":{"t":"ULAC"},"36D9":{"t":"S22T"},"36DC":{"t":"PC12"},"36E7":{"desc":"H4E"},"36EE":{"t":"SR22"},"36EF":{"t":"TBM7"},"36F0":{"desc":"L1P"},"36F3":{"desc":"L1P"},"36F5":{"t":"S22T"},"36FA":{"t":"M20P"},"3700":{"desc":"H4E"},"3711":{"t":"A320"},"3723":{"t":"PA32"},"3724":{"t":"PC12"},"3745":{"desc":"H4E"},"374A":{"t":"C56X"},"3754":{"t":"DA40"},"376C":{"t":"C172"},"3773":{"t":"F900"},"377B":{"t":"SR22"},"3784":{"t":"BE35"},"3787":{"t":"AC11"},"378A":{"t":"SR22"},"3790":{"t":"BALL"},"3791":{"desc":"H4E"},"3792":{"t":"C414"},"3794":{"desc":"L1P"},"3795":{"t":"SR22"},"37AF":{"t":"P32T"},"37B6":{"t":"BE35"},"37CF":{"desc":"L1P"},"37EE":{"desc":"H4E"},"3808":{"desc":"H4E"},"3833":{"t":"WACO"},"3834":{"t":"C172"},"3836":{"t":"BT36"},"3837":{"desc":"L1P"},"3839":{"t":"C150"},"383B":{"t":"J3"},"383C":{"t":"P28A"},"3842":{"t":"BE23"},"3844":{"t":"BT36"},"3847":{"t":"M20P"},"3849":{"t":"BE33"},"384E":{"t":"BE33"},"3850":{"t":"J3"},"385A":{"t":"PA22"},"385D":{"t":"C150"},"385F":{"t":"P28A"},"3860":{"t":"PA20"},"3866":{"t":"T210"},"3868":{"t":"BE36"},"3869":{"t":"M20P"},"386C":{"t":"C172"},"387A":{"t":"C172"},"387B":{"t":"PA22"},"387F":{"t":"P28A"},"3880":{"t":"C150"},"3881":{"t":"J3"},"3883":{"t":"PA20"},"3887":{"t":"PA24"},"3889":{"t":"T210"},"388C":{"t":"M20P"},"388D":{"t":"M20P"},"38A0":{"t":"PA22"},"38A1":{"t":"C175"},"38A3":{"t":"C150"},"38A4":{"t":"J3"},"38A8":{"t":"S108"},"38A9":{"t":"M20P"},"38AA":{"t":"PA24"},"38AE":{"t":"C310"},"38AF":{"t":"M20P"},"38B1":{"t":"P28A"},"38C1":{"t":"PA22"},"38C3":{"t":"PA22"},"38C8":{"t":"P32R"},"38CD":{"t":"PA24"},"38D0":{"t":"C150"},"38D2":{"t":"M20P"},"38D4":{"t":"P28A"},"38D5":{"t":"C172"},"38E8":{"t":"C150"},"38EA":{"t":"J3"},"38ED":{"t":"SR22"},"38EF":{"t":"M20P"},"38F0":{"t":"PA24"},"38F8":{"t":"C172"},"38FF":{"desc":"L1P"},"3902":{"desc":"L1P"},"3904":{"desc":"L1T"},"3905":{"desc":"L1P"},"3906":{"t":"C172"},"390D":{"t":"C172"},"390F":{"t":"PA20"},"3910":{"t":"C310"},"3911":{"t":"C182"},"3915":{"t":"T210"},"3919":{"t":"M20P"},"391A":{"t":"P28A"},"391D":{"t":"PA25"},"3927":{"t":"C402"},"392B":{"desc":"L4P"},"392E":{"t":"C150"},"3930":{"t":"C172"},"3932":{"t":"PA20"},"3933":{"t":"C310"},"3934":{"t":"S108"},"3935":{"t":"M20P"},"3939":{"t":"C150"},"393A":{"t":"C310"},"393C":{"t":"M20P"},"3940":{"t":"PA25"},"3948":{"desc":"L1P"},"394F":{"t":"PA22"},"3952":{"t":"C150"},"3954":{"t":"P28A"},"3959":{"t":"PA24"},"3963":{"t":"PA25"},"396A":{"desc":"L1P"},"396D":{"t":"ST75"},"396E":{"t":"WACO"},"396F":{"t":"C172"},"3974":{"t":"C150"},"3979":{"t":"C310"},"397A":{"t":"S108"},"397B":{"t":"T210"},"397D":{"t":"BE23"},"397E":{"t":"T210"},"3982":{"t":"M20P"},"3983":{"t":"P28A"},"398F":{"desc":"L1P"},"3994":{"t":"PA22"},"3995":{"t":"P28U"},"3997":{"t":"E145"},"399E":{"t":"B407"},"399F":{"t":"B752"},"39A2":{"t":"PA12"},"39A6":{"t":"A319"},"39AB":{"t":"BE35"},"39AC":{"desc":"L1P"},"39AD":{"t":"AS50"},"39B5":{"t":"C185"},"39B6":{"desc":"L1P"},"39BC":{"desc":"L1P"},"39C0":{"t":"C82S"},"39C7":{"t":"S61"},"39C8":{"t":"SR22"},"39CF":{"t":"COL3"},"39D2":{"t":"C172"},"39D4":{"t":"PA27"},"39D5":{"desc":"L1P"},"39DD":{"t":"BE35"},"39DE":{"t":"C208"},"39DF":{"t":"PA32"},"39E0":{"t":"R22"},"39E8":{"t":"B752"},"39EE":{"desc":"L1P"},"39F6":{"desc":"L1P"},"39FA":{"t":"E300"},"3A07":{"t":"H25B"},"3A1E":{"desc":"L1P"},"3A2C":{"desc":"L2J"},"3A2E":{"desc":"L1P"},"3A39":{"t":"GLF6"},"3A4C":{"t":"BE33"},"3A5C":{"t":"BE30"},"3A65":{"t":"BE58"},"3A68":{"t":"F900"},"3A6B":{"t":"PA23"},"3A6C":{"desc":"H1P"},"3A73":{"t":"ULAC"},"3A7F":{"t":"BE20"},"3A84":{"t":"GLID"},"3A85":{"t":"M20P"},"3A98":{"t":"C500"},"3AA9":{"t":"C180"},"3AAA":{"t":"GLID"},"3AB1":{"t":"C182"},"3AB3":{"desc":"L1P"},"3AB5":{"t":"SR22"},"3AC8":{"t":"A320"},"3AD7":{"desc":"L1P"},"3AD8":{"t":"B407"},"3AD9":{"t":"TBM7"},"3ADA":{"t":"P32R"},"3ADB":{"t":"CL30"},"3AE7":{"t":"SR22"},"3AE8":{"t":"PA23"},"3AEC":{"t":"C500"},"3AF0":{"t":"C182"},"3B01":{"t":"C68A"},"3B09":{"desc":"L1P"},"3B12":{"t":"C82S"},"3B15":{"t":"P28A"},"3B1A":{"desc":"L1P"},"3B1B":{"t":"BALL"},"3B1E":{"t":"ULAC"},"3B23":{"t":"C182"},"3B25":{"t":"C172"},"3B2A":{"t":"A119"},"3B30":{"t":"C172"},"3B34":{"desc":"L1T","t":"PA46"},"3B36":{"t":"AT5T"},"3B3E":{"t":"C206"},"3B4D":{"t":"SR22"},"3B4E":{"t":"FDCT"},"3B55":{"t":"B735"},"3B65":{"t":"T6"},"3B6D":{"desc":"L1P"},"3B86":{"t":"HUSK"},"3BC2":{"t":"YK52"},"3BCC":{"desc":"H4E"},"3BD9":{"desc":"H4E"},"3BEA":{"t":"WACO"},"3BEC":{"t":"PA22"},"3BF0":{"t":"P32R"},"3BF2":{"t":"J3"},"3BF3":{"t":"P28A"},"3BF6":{"t":"S108"},"3BF7":{"t":"M20P"},"3BF8":{"desc":"L1P"},"3C11":{"t":"PA22"},"3C12":{"t":"C175"},"3C13":{"t":"C150"},"3C17":{"t":"PA20"},"3C19":{"t":"S108"},"3C1A":{"t":"M20P"},"3C20":{"t":"M20P"},"3C2C":{"desc":"L1P"},"3C2E":{"desc":"L1P"},"3C31":{"t":"C172"},"3C33":{"desc":"L2P"},"3C34":{"t":"PA18"},"3C35":{"t":"C175"},"3C36":{"t":"C185"},"3C38":{"t":"C170"},"3C39":{"t":"P28A"},"3C3A":{"t":"PA18"},"3C3C":{"t":"S108"},"3C3E":{"t":"PA24"},"3C3F":{"t":"BE23"},"3C43":{"t":"M20P"},"3C44":{"t":"C180"},"3C45":{"t":"P28A"},"3C47":{"t":"PA18"},"3C4C":{"desc":"L1P"},"3C4E":{"t":"C340"},"3C54":{"t":"PA27"},"3C55":{"t":"PA22"},"3C58":{"t":"C175"},"3C5A":{"t":"C150"},"3C5D":{"t":"PA20"},"3C60":{"t":"M20P"},"3C64":{"t":"C150"},"3C67":{"t":"M20P"},"3C69":{"t":"C172"},"3C6A":{"t":"PA27"},"3C6C":{"desc":"L1P"},"3C6F":{"t":"C340"},"3C77":{"t":"PA27"},"3C79":{"t":"P28A"},"3C7B":{"t":"C172"},"3C7E":{"t":"J3"},"3C7F":{"t":"P28R"},"3C80":{"t":"G164"},"3C83":{"t":"M20P"},"3C86":{"t":"T210"},"3C87":{"t":"C150"},"3C8A":{"t":"M20P"},"3C8B":{"desc":"L1P"},"3C8D":{"t":"PA27"},"3C9E":{"t":"C175"},"3CA2":{"t":"P32R"},"3CA3":{"t":"PA20"},"3CA5":{"t":"S108"},"3CA6":{"t":"M20P"},"3CA7":{"t":"PA24"},"3CA8":{"t":"BE24"},"3CA9":{"t":"T210"},"3CAC":{"t":"M20P"},"3CAD":{"t":"M20P"},"3CAF":{"t":"C172"},"3CB9":{"t":"C340"},"3CBF":{"t":"C170"},"3CC2":{"t":"C150"},"3CC4":{"t":"J3"},"3CCB":{"t":"BE24"},"3CCC":{"t":"T210"},"3CCD":{"t":"C150"},"3CCF":{"t":"M20P"},"3CE1":{"t":"PA22"},"3CE4":{"t":"C175"},"3CE6":{"t":"C150"},"3CEC":{"t":"M20P"},"3CED":{"t":"PA24"},"3CF3":{"t":"M20P"},"3CFA":{"t":"C340"},"3D01":{"t":"C340"},"3D02":{"desc":"L1P"},"3D03":{"t":"C172"},"3D05":{"t":"P28R"},"3D07":{"t":"C175"},"3D08":{"t":"C150"},"3D09":{"t":"C150"},"3D0C":{"t":"PA20"},"3D0F":{"t":"M20P"},"3D10":{"t":"PA24"},"3D13":{"t":"C150"},"3D16":{"t":"M20P"},"3D17":{"t":"P28A"},"3D1A":{"t":"PA25"},"3D27":{"t":"PA22"},"3D2A":{"t":"C175"},"3D2C":{"t":"C150"},"3D2D":{"t":"J3"},"3D2F":{"t":"PA20"},"3D30":{"t":"C310"},"3D31":{"t":"S108"},"3D32":{"t":"M20P"},"3D33":{"t":"PA24"},"3D35":{"t":"T210"},"3D38":{"t":"M20P"},"3D39":{"t":"M20P"},"3D3A":{"t":"P28A"},"3D3D":{"t":"PA25"},"3D40":{"t":"C340"},"3D48":{"t":"GLID"},"3D49":{"t":"P28A"},"3D4A":{"t":"SR20"},"3D4B":{"t":"AC95"},"3D4C":{"t":"BL8"},"3D4E":{"t":"E145"},"3D51":{"desc":"H4E"},"3D53":{"t":"C560"},"3D57":{"t":"R22"},"3D5D":{"t":"A319"},"3D63":{"t":"CL30"},"3D70":{"desc":"H4E"},"3D7B":{"t":"S108"},"3D7C":{"t":"CRJ9"},"3D81":{"t":"S22T"},"3D89":{"t":"C172"},"3D8C":{"t":"AC95"},"3D94":{"t":"BE35"},"3D97":{"t":"AS50"},"3D9F":{"t":"B752"},"3DA5":{"t":"DA40"},"3DA6":{"t":"P32R"},"3DC7":{"t":"AC95"},"3DD1":{"t":"P28A"},"3DE0":{"desc":"L2J"},"3DE3":{"t":"GLF6"},"3DE5":{"desc":"L1P"},"3DE6":{"t":"AC95"},"3DE7":{"t":"AC95"},"3DFB":{"t":"CH7A"},"3E0A":{"t":"AC95"},"3E11":{"desc":"L1P","t":"ULAC"},"3E13":{"t":"FA50"},"3E19":{"t":"AC95"},"3E1A":{"t":"BE9L"},"3E1F":{"t":"AC95"},"3E44":{"t":"AT6T"},"3E46":{"t":"C208"},"3E4F":{"t":"R44"},"3E5C":{"t":"N3N"},"3E5D":{"t":"JS31"},"3E5F":{"t":"B06"},"3E60":{"desc":"A1P"},"3E68":{"t":"AC95"},"3E79":{"t":"PA44"},"3E7F":{"t":"A320"},"3E8E":{"t":"F2TH"},"3E8F":{"t":"C525"},"3E91":{"t":"PC12"},"3E95":{"t":"C402"},"3E9A":{"t":"M20P"},"3EA6":{"desc":"L1P"},"3EB8":{"t":"C68A"},"3EC1":{"desc":"L1P"},"3EC2":{"desc":"L1P"},"3EC3":{"t":"AC95"},"3EC4":{"t":"P28B"},"3ED1":{"desc":"L1E"},"3ED2":{"t":"AC95"},"3EDB":{"desc":"L1P"},"3EDD":{"t":"R44"},"3EE7":{"t":"C172"},"3EEB":{"desc":"L1T","t":"M600"},"3EEC":{"t":"C310"},"3EF2":{"t":"BE58"},"3EF3":{"t":"C550"},"3EFB":{"t":"S22T"},"3EFC":{"desc":"L1P"},"3F0B":{"t":"GLID"},"3F0C":{"t":"B735"},"3F39":{"desc":"L1P"},"3F56":{"t":"C82R"},"3F7D":{"t":"AC95"},"3FA2":{"t":"C172"},"3FA3":{"t":"PA22"},"3FA4":{"t":"G150"},"3FA5":{"t":"PA22"},"3FA6":{"t":"C175"},"3FA7":{"t":"C150"},"3FA9":{"t":"J3"},"3FAB":{"t":"PA20"},"3FAF":{"t":"PA24"},"3FB0":{"t":"BE19"},"3FB1":{"t":"BE24"},"3FB3":{"t":"SR22"},"3FB6":{"t":"P28A"},"3FB7":{"t":"C172"},"3FC0":{"t":"C340"},"3FC1":{"t":"C340"},"3FC5":{"t":"BALL"},"3FC6":{"t":"BALL"},"3FCB":{"t":"C150"},"3FCE":{"t":"BALL"},"3FCF":{"t":"BALL"},"3FD0":{"t":"C182"},"3FD2":{"t":"PA24"},"3FD4":{"t":"BALL"},"3FD7":{"t":"BALL"},"3FDB":{"t":"P210"},"3FDC":{"t":"BALL"},"3FDF":{"t":"BALL"},"3FE0":{"t":"BALL"},"3FE1":{"t":"BALL"},"3FE4":{"t":"BALL"},"3FE6":{"t":"BALL"},"3FE8":{"t":"C172"},"3FE9":{"t":"PA22"},"3FEA":{"t":"P28R"},"3FEB":{"t":"BALL"},"3FEC":{"t":"C175"},"3FED":{"t":"C150"},"3FEE":{"t":"BALL"},"3FEF":{"t":"C82S"},"3FF0":{"t":"P28R"},"3FF1":{"desc":"S1P","t":"PA20"},"3FF2":{"t":"BALL"},"3FF5":{"t":"PA24"},"3FF6":{"t":"BALL"},"3FF7":{"t":"BE24"},"3FF8":{"t":"C150"},"3FF9":{"t":"C310"},"3FFA":{"t":"M20P"},"3FFB":{"t":"M20P"},"3FFC":{"t":"P28A"},"3FFD":{"t":"BALL"},"3FFE":{"t":"PA27"},"children":["A90","A92","A94","A95","A96","A97","A98","A99","A9A","A9B","A9C","A9D","A9E","A9F"]}