{"001":{"t":"C208"},"002":{"t":"CL30"},"007":{"t":"LJ35"},"00A":{"t":"C750"},"00B":{"t":"B77L"},"00E":{"t":"SR22"},"011":{"desc":"H4E"},"017":{"t":"FH11"},"018":{"t":"P28A"},"022":{"t":"S22T"},"028":{"t":"PA18"},"02C":{"desc":"L1P","t":"ULAC"},"02D":{"t":"E300"},"035":{"desc":"L2T"},"03B":{"t":"P28A"},"03D":{"t":"BALL"},"041":{"t":"GLF5"},"046":{"t":"C208"},"049":{"t":"P28A"},"04A":{"desc":"L2J","t":"GA7C"},"04B":{"desc":"L1P","t":"ULAC"},"04D":{"desc":"L2J","t":"GA7C"},"054":{"desc":"L1P"},"059":{"t":"B47G"},"05B":{"t":"B77L"},"062":{"t":"B212"},"063":{"t":"G150"},"069":{"t":"S61"},"074":{"t":"BE20"},"07D":{"t":"A320"},"081":{"desc":"L1P"},"082":{"desc":"A2P"},"084":{"t":"R44"},"087":{"t":"BE36"},"089":{"t":"H60"},"08C":{"desc":"L1P","t":"ULAC"},"094":{"t":"WACO"},"095":{"desc":"L1P"},"097":{"t":"E300"},"0A0":{"t":"BALL"},"0A9":{"t":"B763"},"0AD":{"desc":"L1P"},"0BE":{"desc":"L1P","t":"ULAC"},"0BF":{"t":"BE20"},"0C0":{"t":"C172"},"0C6":{"t":"C680"},"0C7":{"t":"P32R"},"0CA":{"t":"FA7X"},"0CB":{"t":"EC35"},"0D2":{"t":"C182"},"0D4":{"t":"B06"},"0D7":{"t":"GALX"},"0D8":{"desc":"L1P"},"0E2":{"t":"BE58"},"0E3":{"t":"P28A"},"0ED":{"t":"UH1"},"0F8":{"t":"C56X"},"104":{"t":"ULAC"},"109":{"t":"CRJ7"},"122":{"t":"CL30"},"12B":{"t":"P28A"},"12C":{"t":"SF50"},"12D":{"desc":"L1P","t":"ULAC"},"134":{"t":"GLF5"},"136":{"t":"BE20"},"139":{"desc":"H4E"},"13B":{"t":"SF34"},"13E":{"desc":"L1P"},"145":{"desc":"L1P"},"146":{"desc":"H1P"},"147":{"t":"B06"},"14B":{"t":"A119"},"14D":{"t":"CRJ7"},"151":{"t":"C172"},"157":{"desc":"L2T"},"158":{"t":"B737"},"15C":{"t":"BE35"},"15E":{"desc":"L1P","t":"TB1"},"15F":{"t":"BALL"},"161":{"t":"SR22"},"163":{"t":"AC11"},"164":{"desc":"L1T"},"166":{"t":"P28A"},"167":{"t":"PC12"},"168":{"t":"FA50"},"16A":{"t":"S22T"},"16C":{"desc":"L1P"},"16D":{"t":"E135"},"171":{"t":"B752"},"172":{"t":"C750"},"17F":{"t":"H47"},"182":{"desc":"H4E"},"189":{"desc":"L1P"},"18A":{"t":"A319"},"194":{"desc":"L1P"},"199":{"t":"B737"},"1A2":{"t":"ERCO"},"1A6":{"t":"CL30"},"1A8":{"t":"UH12"},"1B1":{"t":"S61"},"1B3":{"t":"C82S"},"1B5":{"t":"AS50"},"1CE":{"t":"PA31"},"1F2":{"t":"C182"},"1F3":{"t":"BALL"},"20C":{"t":"C172"},"20D":{"t":"C162"},"20E":{"desc":"L1P"},"210":{"t":"ULAC"},"211":{"t":"C150"},"213":{"t":"J3"},"214":{"t":"R44"},"219":{"t":"PA24"},"21B":{"t":"P28A"},"21C":{"t":"C150"},"21E":{"desc":"L1P"},"21F":{"t":"ULAC"},"221":{"desc":"H1P"},"226":{"t":"J3"},"227":{"t":"J3"},"228":{"t":"J3"},"22A":{"t":"J3"},"22D":{"t":"ULAC"},"22F":{"t":"R22"},"230":{"t":"PA22"},"231":{"t":"P28A"},"234":{"t":"C162"},"235":{"t":"R22"},"237":{"desc":"L1P"},"239":{"t":"C162"},"23A":{"t":"C175"},"23B":{"t":"BE33"},"23C":{"t":"PA24"},"23F":{"t":"C150"},"241":{"t":"ULAC"},"242":{"t":"R44"},"243":{"t":"P28A"},"244":{"t":"C150"},"245":{"t":"ULAC"},"247":{"t":"J3"},"248":{"t":"J3"},"249":{"t":"DG15"},"24D":{"t":"J3"},"251":{"desc":"L2P"},"252":{"t":"C172"},"253":{"t":"PA22"},"254":{"desc":"H2T"},"255":{"t":"C162"},"25C":{"t":"C310"},"25D":{"desc":"L1P"},"25F":{"t":"PA24"},"260":{"t":"C206"},"265":{"t":"H500"},"266":{"t":"P28A"},"267":{"t":"C150"},"268":{"t":"PA30"},"269":{"t":"H269"},"26D":{"t":"C172"},"270":{"t":"C188"},"273":{"t":"J3"},"277":{"t":"T6"},"279":{"t":"R44"},"27A":{"t":"P28A"},"27B":{"t":"R66"},"286":{"t":"C172"},"287":{"t":"B350"},"28C":{"t":"J3"},"28E":{"desc":"L1P"},"290":{"t":"C185"},"292":{"t":"J3"},"293":{"t":"J3"},"294":{"desc":"L1P"},"29A":{"t":"T6"},"29B":{"t":"BE60"},"29C":{"desc":"L2P"},"29E":{"t":"C172"},"29F":{"t":"J3"},"2A0":{"t":"R44"},"2A1":{"desc":"L1P"},"2A2":{"desc":"L1P"},"2A6":{"t":"C172"},"2A7":{"t":"P28A"},"2A9":{"desc":"L1P"},"2AB":{"t":"M20P"},"2AC":{"t":"P28A"},"2AE":{"t":"ST75"},"2AF":{"t":"PA25"},"2B0":{"t":"C172"},"2B1":{"t":"C185"},"2B5":{"t":"J3"},"2B8":{"desc":"L1P","t":"ULAC"},"2B9":{"desc":"L1P","t":"ULAC"},"2BB":{"t":"C172"},"2BE":{"t":"PA22"},"2BF":{"t":"C175"},"2C0":{"t":"C150"},"2C1":{"desc":"L1P"},"2C2":{"t":"J3"},"2C3":{"t":"P28A"},"2C4":{"t":"PA20"},"2C5":{"t":"R66"},"2C8":{"desc":"L1P"},"2C9":{"t":"C172"},"2CC":{"t":"BALL"},"2CF":{"t":"P28A"},"2D1":{"t":"ULAC"},"2D3":{"t":"C188"},"2D4":{"t":"J3"},"2D8":{"t":"J3"},"2D9":{"t":"U21"},"2DA":{"t":"J3"},"2DB":{"t":"C185"},"2DD":{"desc":"L1P"},"2DE":{"t":"C172"},"2E1":{"t":"PA22"},"2E3":{"t":"P28A"},"2E5":{"t":"BALL"},"2E8":{"t":"U21"},"2EB":{"t":"PA24"},"2F0":{"t":"C180"},"2F1":{"t":"M20P"},"2F2":{"t":"P28A"},"2F3":{"desc":"L1P"},"2F4":{"t":"BALL"},"2F5":{"t":"PA25"},"2F6":{"t":"J3"},"2F8":{"t":"BALL"},"2F9":{"t":"J3"},"2FE":{"t":"J3"},"2FF":{"t":"J3"},"303":{"t":"R44"},"304":{"t":"PA22"},"305":{"t":"C402"},"306":{"t":"C150"},"307":{"t":"C172"},"308":{"t":"J3"},"30C":{"t":"C175"},"30D":{"t":"BALL"},"30F":{"t":"C172"},"310":{"t":"P28A"},"314":{"t":"M20P"},"316":{"t":"C150"},"31A":{"t":"J3"},"31B":{"t":"J3"},"31C":{"t":"J3"},"31D":{"t":"TAYD"},"31E":{"t":"J3"},"31F":{"t":"C172"},"321":{"t":"C172"},"322":{"t":"J3"},"325":{"t":"PA22"},"326":{"t":"T6"},"327":{"t":"PA22"},"328":{"t":"C175"},"329":{"t":"P28A"},"32A":{"t":"C150"},"32B":{"t":"J3"},"32C":{"desc":"G1P"},"32E":{"t":"C310"},"330":{"t":"BE33"},"331":{"t":"PA24"},"332":{"t":"C172"},"333":{"t":"P28A"},"335":{"t":"C175"},"336":{"t":"T28"},"338":{"t":"UH1"},"339":{"t":"C150"},"33A":{"t":"U21"},"33C":{"t":"C172"},"33F":{"t":"PA11"},"340":{"t":"J3"},"341":{"t":"J3"},"343":{"t":"C188"},"344":{"t":"J3"},"347":{"t":"J3"},"349":{"t":"PA32"},"34C":{"t":"C150"},"34D":{"t":"C150"},"350":{"t":"PA20"},"352":{"t":"C175"},"353":{"t":"R22"},"354":{"t":"PA24"},"357":{"t":"C182"},"358":{"t":"U21"},"35B":{"desc":"H1P"},"35C":{"t":"C150"},"35D":{"desc":"L1P"},"35E":{"t":"PA25"},"360":{"t":"C185"},"361":{"t":"C172"},"363":{"t":"C185"},"364":{"t":"J3"},"365":{"t":"BALL"},"369":{"t":"PA18"},"36B":{"t":"C150"},"36C":{"t":"DA42"},"36D":{"t":"C150"},"36F":{"t":"C150"},"372":{"t":"C150"},"373":{"desc":"L1P"},"376":{"t":"C182"},"37B":{"t":"C150"},"37C":{"t":"C150"},"37D":{"t":"C150"},"37E":{"t":"C206"},"37F":{"t":"C150"},"381":{"t":"C150"},"382":{"t":"C150"},"383":{"t":"BE36"},"384":{"desc":"A1P","t":"ULAC"},"386":{"desc":"A1P"},"388":{"t":"C150"},"389":{"desc":"L1P","t":"ULAC"},"38A":{"t":"C150"},"38B":{"t":"C150"},"38F":{"t":"C150"},"390":{"t":"C185"},"393":{"t":"C150"},"39B":{"t":"C150"},"39D":{"t":"C150"},"39E":{"t":"C150"},"39F":{"t":"BE55"},"3A1":{"t":"C150"},"3A2":{"t":"C150"},"3A3":{"t":"C150"},"3A4":{"desc":"L1P"},"3A6":{"t":"B742"},"3A8":{"t":"C150"},"3A9":{"t":"C150"},"3AD":{"t":"C150"},"3AF":{"t":"C150"},"3B2":{"t":"C150"},"3B3":{"t":"C150"},"3B4":{"t":"C150"},"3B5":{"t":"EN28"},"3B6":{"t":"C550"},"3B7":{"t":"C150"},"3BB":{"t":"C150"},"3BC":{"t":"C150"},"3BD":{"t":"C150"},"3BE":{"t":"C150"},"3BF":{"t":"B77L"},"3C1":{"t":"C150"},"3C5":{"t":"SR22"},"3C6":{"t":"C150"},"3C7":{"t":"C150"},"3C8":{"t":"C150"},"3CB":{"t":"C150"},"3CC":{"t":"C150"},"3CD":{"t":"C150"},"3D5":{"t":"C150"},"3D9":{"t":"C150"},"3DA":{"t":"C150"},"3DC":{"t":"BE10"},"3E2":{"t":"C150"},"3E4":{"t":"C150"},"3E6":{"t":"C150"},"3EA":{"t":"C68A"},"3EC":{"t":"C150"},"3F1":{"t":"C150"},"3F2":{"t":"P28A"},"3F4":{"t":"C150"},"3F5":{"t":"C150"},"3F6":{"t":"C150"},"3F7":{"t":"A321"},"3FC":{"t":"C150"},"3FD":{"t":"C150"},"3FE":{"t":"C150"},"3FF":{"t":"C150"},"401":{"desc":"L2J","t":"GA7C"},"403":{"t":"C150"},"404":{"t":"C150"},"405":{"t":"C150"},"406":{"t":"C150"},"407":{"t":"C150"},"40A":{"t":"C150"},"410":{"t":"C150"},"412":{"t":"B77L"},"416":{"t":"C150"},"418":{"desc":"H4E"},"41A":{"t":"C150"},"41B":{"t":"C150"},"41C":{"t":"C150"},"41D":{"t":"C150"},"41E":{"t":"C150"},"41F":{"t":"C150"},"420":{"t":"C150"},"423":{"t":"C150"},"428":{"t":"C150"},"429":{"t":"C150"},"430":{"t":"C150"},"432":{"desc":"L1P","t":"ULAC"},"435":{"t":"C150"},"438":{"t":"C150"},"43A":{"t":"C150"},"43C":{"t":"C150"},"43D":{"t":"C150"},"43E":{"t":"H25B"},"440":{"t":"H60"},"441":{"t":"C150"},"442":{"t":"C150"},"443":{"t":"C150"},"444":{"t":"HDJT"},"446":{"t":"C150"},"447":{"t":"GLF4"},"448":{"t":"C150"},"44B":{"t":"WACO"},"44C":{"t":"C150"},"44E":{"desc":"L1P"},"44F":{"t":"C150"},"453":{"t":"C150"},"459":{"t":"C150"},"45A":{"t":"C150"},"45B":{"t":"C150"},"45C":{"t":"C150"},"45E":{"t":"C150"},"45F":{"t":"C150"},"461":{"t":"C150"},"465":{"t":"C150"},"466":{"t":"GALX"},"467":{"t":"C150"},"468":{"t":"C150"},"46A":{"t":"C150"},"46B":{"t":"C150"},"46D":{"t":"C150"},"46E":{"t":"C150"},"472":{"t":"C150"},"474":{"t":"C150"},"477":{"t":"C172"},"478":{"t":"C150"},"47F":{"t":"PA18"},"480":{"t":"C82S"},"481":{"t":"C208"},"483":{"t":"GLEX"},"484":{"t":"C150"},"485":{"t":"C150"},"487":{"t":"C150"},"489":{"desc":"L1P"},"48B":{"t":"B06"},"48C":{"t":"C150"},"48F":{"t":"C150"},"490":{"t":"C150"},"499":{"t":"C150"},"49A":{"t":"P28A"},"49B":{"t":"SR22"},"4A0":{"t":"C150"},"4A1":{"t":"C150"},"4A5":{"t":"C150"},"4AA":{"t":"C150"},"4AB":{"t":"C150"},"4B0":{"t":"DA40"},"4B2":{"t":"C150"},"4B3":{"t":"C150"},"4B5":{"t":"C150"},"4B6":{"t":"E135"},"4B7":{"t":"C150"},"4B8":{"desc":"L1P"},"4B9":{"t":"C150"},"4BB":{"t":"C150"},"4C3":{"t":"C150"},"4C4":{"t":"C150"},"4C8":{"t":"BE35"},"4C9":{"t":"C150"},"4CA":{"t":"C150"},"4CE":{"t":"C150"},"4D0":{"t":"C150"},"4D3":{"t":"C150"},"4D4":{"t":"C150"},"4D6":{"t":"C150"},"4D9":{"t":"C150"},"4DF":{"t":"C150"},"4E1":{"t":"SR22"},"4E3":{"t":"C172"},"4E4":{"t":"C150"},"4E7":{"t":"C150"},"4E8":{"t":"C150"},"4E9":{"t":"AS50"},"4ED":{"t":"C150"},"4EF":{"t":"C150"},"4F0":{"t":"C150"},"4F2":{"t":"C150"},"4F3":{"desc":"L1P"},"4F5":{"t":"C150"},"4F8":{"t":"C150"},"4FA":{"desc":"L1P"},"4FB":{"t":"B742"},"4FD":{"desc":"L1P","t":"ULAC"},"4FF":{"t":"C150"},"500":{"t":"SS2P"},"503":{"t":"C150"},"505":{"t":"C150"},"50B":{"t":"C150"},"50D":{"t":"C150"},"50F":{"t":"B737"},"510":{"t":"C150"},"511":{"t":"C150"},"517":{"t":"C150"},"518":{"t":"S22T"},"51B":{"t":"C150"},"51D":{"desc":"L1P"},"51F":{"t":"C150"},"521":{"t":"C510"},"522":{"t":"C150"},"526":{"t":"C150"},"527":{"t":"C150"},"529":{"t":"C150"},"52B":{"t":"C150"},"52C":{"t":"BALL"},"52D":{"t":"C150"},"52F":{"t":"C150"},"530":{"t":"C150"},"531":{"t":"C150"},"532":{"t":"C150"},"534":{"t":"C150"},"538":{"t":"BALL"},"53A":{"t":"C150"},"53C":{"t":"C150"},"53D":{"t":"A319"},"53E":{"t":"C150"},"541":{"t":"C150"},"542":{"t":"C150"},"543":{"t":"C150"},"550":{"t":"C150"},"551":{"t":"C150"},"553":{"t":"P28A"},"556":{"t":"NAVI"},"557":{"t":"C150"},"558":{"t":"C150"},"55C":{"t":"C150"},"55E":{"t":"M7"},"560":{"t":"C150"},"561":{"t":"C150"},"562":{"t":"C150"},"564":{"t":"C150"},"566":{"t":"C150"},"567":{"t":"C150"},"56B":{"t":"C150"},"56C":{"t":"AS50"},"56E":{"t":"C150"},"570":{"t":"C150"},"571":{"t":"C150"},"573":{"t":"C150"},"577":{"t":"B752"},"579":{"t":"C150"},"57E":{"t":"C150"},"582":{"t":"C150"},"584":{"t":"C150"},"588":{"t":"C150"},"58B":{"t":"C150"},"58D":{"t":"C150"},"591":{"t":"C150"},"592":{"t":"BE55"},"595":{"t":"C150"},"59B":{"t":"C150"},"59E":{"t":"C150"},"5A0":{"t":"C150"},"5A1":{"t":"C150"},"5A4":{"t":"C150"},"5A5":{"t":"C150"},"5A6":{"t":"C150"},"5AD":{"t":"C150"},"5AE":{"t":"C150"},"5B1":{"t":"C150"},"5B7":{"t":"C150"},"5B9":{"t":"C150"},"5BC":{"t":"C150"},"5BE":{"t":"C150"},"5C2":{"t":"PA18"},"5C7":{"t":"C175"},"5C8":{"t":"C150"},"5CC":{"desc":"L1P"},"5CE":{"t":"C175"},"5D0":{"t":"R66"},"5D1":{"t":"C172"},"5D2":{"t":"P28A"},"5D3":{"t":"C182"},"5D4":{"t":"C172"},"5D6":{"t":"R44"},"5D7":{"t":"P28A"},"5DA":{"t":"BALL"},"5DE":{"t":"C188"},"5E1":{"t":"UH1"},"5E3":{"t":"J3"},"5E5":{"t":"PA18"},"5E6":{"t":"C172"},"5E8":{"t":"P28A"},"5EA":{"t":"C175"},"5EC":{"t":"C172"},"5EF":{"desc":"L1P"},"5F0":{"t":"BALL"},"5F1":{"t":"UH1"},"5F3":{"t":"PA24"},"5F4":{"t":"C172"},"5F6":{"t":"C150"},"5F8":{"desc":"L1P"},"5F9":{"t":"M20P"},"5FA":{"t":"P28A"},"5FB":{"t":"R22"},"5FD":{"t":"PA25"},"5FF":{"t":"C172"},"601":{"t":"C172"},"602":{"t":"J3"},"605":{"t":"J3"},"607":{"t":"J3"},"609":{"t":"C172"},"60B":{"t":"P28A"},"60D":{"t":"C175"},"60E":{"t":"C150"},"60F":{"t":"C172"},"613":{"desc":"H1T"},"615":{"t":"UH1"},"617":{"t":"C172"},"619":{"t":"C150"},"61B":{"desc":"L1P"},"61C":{"t":"M20P"},"61E":{"t":"C150"},"61F":{"t":"PA30"},"621":{"t":"BALL"},"623":{"t":"J3"},"624":{"t":"J3"},"626":{"t":"MD82"},"628":{"t":"J3"},"629":{"t":"J3"},"62A":{"t":"J3"},"62C":{"desc":"L1P"},"62D":{"t":"PA22"},"62E":{"t":"P28A"},"62F":{"t":"U21"},"635":{"t":"PA20"},"638":{"t":"U21"},"639":{"desc":"L1P","t":"ULAC"},"63A":{"t":"C172"},"63B":{"t":"P28A"},"63C":{"t":"C150"},"63F":{"t":"M20P"},"641":{"t":"C150"},"642":{"t":"ULAC"},"647":{"t":"J3"},"648":{"t":"J3"},"64C":{"t":"C185"},"64E":{"desc":"L1P"},"64F":{"t":"C172"},"650":{"t":"PA22"},"651":{"t":"P28R"},"653":{"desc":"L1P"},"654":{"t":"C150"},"655":{"t":"C172"},"656":{"t":"J3"},"657":{"desc":"L1P"},"658":{"t":"PA20"},"659":{"t":"T28"},"65B":{"t":"BE55"},"65D":{"desc":"L1P"},"65E":{"t":"P28A"},"65F":{"t":"C182"},"661":{"desc":"L1P"},"662":{"t":"M20P"},"664":{"t":"C150"},"665":{"t":"PA30"},"667":{"t":"J3"},"668":{"t":"J3"},"669":{"t":"J3"},"66A":{"t":"ULAC"},"66B":{"t":"J3"},"66D":{"t":"J3"},"670":{"t":"J3"},"673":{"t":"PA22"},"679":{"t":"J3"},"67E":{"t":"BE35"},"67F":{"desc":"L1P"},"680":{"t":"C182"},"681":{"t":"P28A"},"682":{"t":"C150"},"683":{"t":"C172"},"685":{"t":"M20P"},"686":{"t":"P28A"},"687":{"t":"R22"},"68A":{"t":"ULAC"},"68C":{"t":"J3"},"68D":{"t":"J3"},"68F":{"t":"J3"},"693":{"t":"J3"},"694":{"desc":"L1P"},"695":{"desc":"L1P"},"697":{"t":"ULAC"},"69F":{"desc":"L1P"},"6A0":{"t":"C175"},"6A1":{"t":"BE35"},"6A2":{"t":"PA24"},"6A3":{"t":"C182"},"6A4":{"t":"P28A"},"6A6":{"t":"ULAC"},"6A7":{"desc":"L1P","t":"ULAC"},"6A9":{"t":"P28A"},"6AB":{"desc":"L1P"},"6AC":{"t":"PA25"},"6AE":{"desc":"L1P"},"6AF":{"t":"C185"},"6B1":{"desc":"L2T"},"6B2":{"desc":"L2T"},"6B4":{"t":"BALL"},"6B5":{"t":"C185"},"6B7":{"desc":"L1P"},"6BA":{"t":"BL8"},"6BB":{"t":"U21"},"6BC":{"t":"C175"},"6BD":{"t":"C150"},"6BF":{"t":"J3"},"6C1":{"t":"R44"},"6C3":{"t":"C175"},"6C4":{"desc":"L1P"},"6C5":{"t":"PA24"},"6C6":{"desc":"L1P"},"6C7":{"t":"P28A"},"6C8":{"t":"C150"},"6C9":{"t":"C172"},"6CB":{"desc":"L1P"},"6CC":{"t":"P28A"},"6CE":{"t":"PA30"},"6CF":{"t":"PA25"},"6D0":{"t":"ULAC"},"6D2":{"t":"J3"},"6D3":{"t":"C188"},"6D8":{"t":"J3"},"6DB":{"desc":"L1P"},"6DD":{"t":"R44"},"6DE":{"t":"PA22"},"6DF":{"t":"C175"},"6E1":{"t":"C172"},"6E2":{"t":"C182"},"6E4":{"t":"PA20"},"6E7":{"t":"BE35"},"6E8":{"t":"PA24"},"6E9":{"t":"C172"},"6EA":{"t":"P28A"},"6EC":{"t":"C172"},"6ED":{"t":"C310"},"6EE":{"t":"M20P"},"6EF":{"t":"P28A"},"6F0":{"t":"C150"},"6F3":{"t":"J3"},"6F4":{"t":"J3"},"6F5":{"t":"BALL"},"6F6":{"t":"J3"},"6F7":{"t":"J3"},"6F8":{"t":"J3"},"6FA":{"t":"C185"},"6FB":{"t":"C185"},"6FE":{"t":"C172"},"6FF":{"t":"PA22"},"700":{"t":"R22"},"705":{"t":"C182"},"706":{"desc":"L1P","t":"ULAC"},"707":{"t":"PA20"},"709":{"t":"C175"},"70A":{"t":"BE35"},"70B":{"desc":"L1P"},"70C":{"t":"C172"},"70D":{"t":"C82T"},"70F":{"desc":"L2P"},"710":{"t":"ULAC"},"711":{"t":"M20P"},"712":{"t":"P28A"},"715":{"t":"PA25"},"718":{"t":"J3"},"719":{"t":"C172"},"71A":{"t":"J3"},"71C":{"t":"J3"},"71D":{"t":"J3"},"71F":{"desc":"L1P"},"723":{"t":"HUSK"},"72B":{"t":"G150"},"72D":{"t":"CL60"},"72F":{"desc":"L1P"},"731":{"desc":"L1P"},"736":{"t":"T6"},"73A":{"t":"BE35"},"73B":{"desc":"A1P","t":"ULAC"},"73C":{"t":"H25B"},"73D":{"desc":"L1P"},"73E":{"t":"O1"},"742":{"desc":"A1P"},"746":{"desc":"L1P"},"74A":{"t":"B738"},"74B":{"t":"PA44"},"74C":{"desc":"L1P"},"753":{"t":"SR22"},"754":{"t":"PA44"},"756":{"t":"SR22"},"757":{"t":"SR22"},"759":{"t":"P28A"},"75A":{"t":"C82T"},"75C":{"desc":"H4E"},"75D":{"t":"B744"},"75F":{"desc":"L1P"},"761":{"t":"C182"},"76C":{"t":"BE50"},"76D":{"t":"SIRA"},"76E":{"t":"C182"},"76F":{"desc":"L1P"},"777":{"t":"BALL"},"778":{"t":"SR20"},"779":{"t":"B77L"},"77A":{"desc":"L1P"},"781":{"desc":"L1P"},"7A7":{"t":"FA7X"},"7A9":{"t":"P28A"},"7AB":{"t":"BALL"},"7AC":{"desc":"L1P","t":"ULAC"},"7AE":{"t":"A321"},"7AF":{"t":"BE36"},"7B4":{"t":"C208"},"7B8":{"desc":"L2P"},"7B9":{"desc":"L2T","t":"DC3"},"7BB":{"desc":"L2J","t":"GA7C"},"7BE":{"desc":"L4T"},"7C7":{"desc":"H4E"},"7C9":{"desc":"L2J"},"7D3":{"t":"BE36"},"7D7":{"desc":"H4E"},"7E2":{"t":"F900"},"7E9":{"desc":"L1P","t":"ULAC"},"7EA":{"t":"C172"},"7EB":{"t":"A320"},"7ED":{"t":"GLID"},"7F5":{"t":"B737"},"7F7":{"t":"DA42"},"7FA":{"t":"TBM7"},"7FE":{"t":"C182"},"802":{"desc":"L1P"},"805":{"t":"PC12"},"810":{"desc":"H1T"},"813":{"desc":"H4E"},"817":{"t":"B763"},"81B":{"desc":"L1P"},"81C":{"t":"AT5T"},"81D":{"desc":"L1P","t":"ULAC"},"823":{"t":"PC12"},"82E":{"t":"C172"},"835":{"t":"P46T"},"838":{"desc":"L1P"},"842":{"desc":"H1T"},"844":{"t":"R66"},"845":{"t":"GLID"},"846":{"t":"B407"},"84D":{"desc":"L1P"},"850":{"t":"BE58"},"851":{"t":"P28A"},"85D":{"t":"BL8"},"866":{"t":"M7"},"868":{"desc":"H4E"},"869":{"t":"GLF4"},"877":{"t":"CRJ7"},"87F":{"t":"DV20"},"883":{"desc":"H4E"},"88B":{"desc":"L1P"},"890":{"t":"CL30"},"898":{"t":"C82R"},"89A":{"t":"BL8"},"89B":{"desc":"L1T"},"8A1":{"desc":"L1P"},"8A4":{"t":"H269"},"8AC":{"desc":"L1P"},"8B3":{"desc":"L1E"},"8B4":{"t":"CL30"},"8B5":{"desc":"A1P","t":"ULAC"},"8B6":{"t":"M20T"},"8B7":{"t":"PA27"},"8B8":{"t":"C56X"},"8B9":{"t":"A119"},"8BB":{"t":"CRJ7"},"8BF":{"t":"C550"},"8C1":{"desc":"L1P"},"8C5":{"desc":"L2T"},"8C6":{"t":"B737"},"8C7":{"desc":"L1P"},"8CA":{"t":"TNAV"},"8CC":{"desc":"L1P","t":"TB1"},"8CD":{"t":"BALL"},"8CE":{"t":"C150"},"8D2":{"t":"H60"},"8D6":{"desc":"H1P"},"8DA":{"desc":"H4E"},"8DB":{"t":"SF50"},"8DF":{"t":"B752"},"8E3":{"t":"C172"},"8E8":{"desc":"H6E"},"8F7":{"desc":"L1P"},"8F8":{"t":"A319"},"8FE":{"desc":"L1P","t":"ULAC"},"90D":{"t":"CL60"},"915":{"t":"GLID"},"916":{"desc":"H1T","t":"UH12"},"919":{"desc":"H4E"},"91D":{"t":"P28T"},"920":{"t":"F2TH"},"92E":{"t":"GLID"},"943":{"desc":"H4E"},"947":{"t":"G164"},"95C":{"desc":"H4E"},"968":{"desc":"H4E"},"97D":{"t":"H269"},"97F":{"desc":"L1P"},"980":{"t":"C172"},"983":{"t":"PA20"},"985":{"t":"C175"},"986":{"t":"BE35"},"987":{"t":"PA24"},"988":{"t":"C172"},"98A":{"t":"C150"},"98C":{"desc":"L1P"},"98D":{"t":"R66"},"990":{"t":"PA30"},"991":{"t":"PA25"},"993":{"t":"J3"},"997":{"desc":"L1P"},"998":{"t":"C206"},"999":{"t":"J3"},"99C":{"t":"PA18"},"99D":{"desc":"L1P"},"9A0":{"t":"PA22"},"9A1":{"t":"C175"},"9A3":{"t":"C172"},"9A6":{"t":"U21"},"9A7":{"t":"C310"},"9A8":{"t":"C175"},"9AB":{"t":"C172"},"9AC":{"t":"P28A"},"9AD":{"t":"ULAC"},"9B0":{"t":"M20P"},"9B2":{"t":"C150"},"9B3":{"desc":"L1P"},"9B5":{"t":"J3"},"9B6":{"t":"C182"},"9B7":{"desc":"H1T"},"9B8":{"t":"C182"},"9B9":{"t":"J3"},"9BB":{"t":"J3"},"9BC":{"t":"C182"},"9BD":{"t":"J3"},"9BF":{"t":"PA18"},"9C3":{"t":"H269"},"9C4":{"t":"C175"},"9C5":{"t":"P28A"},"9C6":{"t":"C172"},"9C7":{"t":"PA27"},"9C8":{"desc":"L1P"},"9CD":{"t":"PA24"},"9CE":{"t":"C172"},"9CF":{"t":"P28A"},"9D1":{"t":"C172"},"9D2":{"t":"GLID"},"9D3":{"t":"R44"},"9D4":{"t":"P28A"},"9D5":{"t":"U21"},"9D6":{"t":"U21"},"9D9":{"t":"C182"},"9DA":{"t":"J3"},"9DD":{"t":"J3"},"9DE":{"desc":"H2T"},"9DF":{"t":"J3"},"9E0":{"t":"J3"},"9E2":{"t":"PA18"},"9E3":{"t":"C172"},"9E4":{"t":"PA22"},"9E7":{"t":"C175"},"9E8":{"t":"C150"},"9E9":{"t":"C172"},"9EA":{"t":"J3"},"9EC":{"t":"PA20"},"9ED":{"desc":"L1P"},"9EE":{"t":"C175"},"9EF":{"t":"BE35"},"9F0":{"t":"PA24"},"9F1":{"t":"C172"},"9F2":{"desc":"L1P"},"9F5":{"desc":"L1P"},"9F7":{"t":"P28A"},"9FA":{"t":"BALL"},"9FD":{"t":"J3"},"9FE":{"t":"J3"},"9FF":{"t":"J3"},"A03":{"t":"C182"},"A04":{"t":"J3"},"A05":{"t":"PA18"},"A06":{"t":"C172"},"A07":{"t":"PA22"},"A09":{"desc":"L1P","t":"ULAC"},"A0A":{"desc":"A1P"},"A0C":{"t":"H269"},"A0D":{"t":"J3"},"A0F":{"t":"PA20"},"A14":{"t":"CH7A"},"A15":{"t":"T6"},"A16":{"t":"C182"},"A19":{"t":"M20P"},"A1C":{"t":"PA30"},"A1F":{"t":"C172"},"A20":{"desc":"L1P"},"A21":{"t":"PA31"},"A23":{"t":"J3"},"A24":{"t":"J3"},"A26":{"t":"J3"},"A27":{"t":"AA5"},"A28":{"t":"PA18"},"A2A":{"t":"BALL"},"A2B":{"t":"T6"},"A2D":{"t":"C175"},"A30":{"t":"T6"},"A31":{"t":"ULAC"},"A32":{"t":"T6"},"A34":{"t":"BE50"},"A35":{"t":"T28"},"A36":{"t":"PA24"},"A37":{"t":"C172"},"A38":{"t":"P28A"},"A3A":{"t":"ULAC"},"A3C":{"t":"BALL"},"A3D":{"t":"P28A"},"A3F":{"t":"ULAC"},"A41":{"t":"J3"},"A46":{"t":"J3"},"A49":{"t":"PA18"},"A4B":{"t":"PA18"},"A4E":{"t":"CH7A"},"A50":{"t":"C175"},"A51":{"t":"ULAC"},"A53":{"t":"R44"},"A56":{"t":"ULAC"},"A58":{"desc":"L1P"},"A59":{"t":"PA24"},"A5A":{"t":"C172"},"A5D":{"t":"C172"},"A5F":{"t":"M20P"},"A60":{"t":"P28A"},"A62":{"t":"ULAC"},"A64":{"t":"C182"},"A65":{"t":"J3"},"A66":{"t":"R22"},"A67":{"t":"C182"},"A68":{"t":"J3"},"A69":{"t":"C182"},"A6A":{"t":"C182"},"A6B":{"desc":"L1P"},"A6C":{"t":"BALL"},"A6E":{"t":"T6"},"A71":{"desc":"A2P"},"A73":{"t":"C175"},"A75":{"desc":"L1P"},"A79":{"t":"H269"},"A7A":{"t":"C175"},"A7D":{"t":"C172"},"A7E":{"t":"P28A"},"A80":{"t":"YK52"},"A83":{"t":"P28A"},"A84":{"t":"ULAC"},"A86":{"t":"ULAC"},"A87":{"t":"T206"},"A89":{"t":"J3"},"A8A":{"t":"J3"},"A8B":{"t":"C182"},"A8E":{"desc":"L1P","t":"ULAC"},"A91":{"t":"PA18"},"A94":{"t":"T6"},"A97":{"t":"C150"},"A98":{"t":"C172"},"A99":{"desc":"L1P"},"A9B":{"t":"PA20"},"A9C":{"t":"ULAC"},"A9D":{"t":"GLID"},"A9E":{"t":"BE35"},"AA0":{"t":"ST75"},"AA1":{"t":"P28A"},"AA5":{"t":"R44"},"AA6":{"t":"P28A"},"AAA":{"t":"J3"},"AAB":{"t":"J3"},"AAC":{"t":"C182"},"AAD":{"t":"R44"},"AAE":{"t":"J3"},"AB1":{"t":"J3"},"AB2":{"t":"J3"},"AB3":{"t":"J3"},"AB4":{"t":"PA18"},"AB5":{"t":"C172"},"AB6":{"t":"ULAC"},"AB8":{"t":"PA22"},"AB9":{"t":"C175"},"ABB":{"t":"C172"},"ABD":{"t":"ULAC"},"ABE":{"t":"PA20"},"ABF":{"t":"ULAC"},"AC2":{"t":"PA24"},"AC3":{"t":"ULAC"},"AC5":{"t":"R22"},"AC6":{"t":"C172"},"AC7":{"t":"BALL"},"AC8":{"t":"M20P"},"AC9":{"t":"P28A"},"ACA":{"t":"ULAC"},"ACB":{"t":"PA30"},"ACC":{"t":"ULAC"},"ACE":{"t":"C182"},"ACF":{"t":"GLID"},"AD0":{"t":"J3"},"AD1":{"t":"C206"},"AD2":{"t":"T206"},"AD3":{"t":"J3"},"AD4":{"t":"C172"},"AD5":{"t":"C206"},"AD7":{"t":"C180"},"AD9":{"t":"C421"},"ADC":{"t":"GLID"},"ADE":{"t":"C550"},"ADF":{"t":"PC12"},"AEC":{"t":"BALL"},"AED":{"t":"T6"},"AF1":{"t":"BE35"},"AF4":{"desc":"L1P"},"AF6":{"desc":"H4E"},"AF9":{"t":"HUSK"},"AFB":{"desc":"L1P"},"B0A":{"desc":"L1P"},"B0B":{"t":"C402"},"B0C":{"desc":"L1P"},"B0D":{"t":"B06"},"B10":{"t":"M20P"},"B11":{"t":"PA46"},"B14":{"t":"B744"},"B16":{"t":"BE35"},"B18":{"t":"C182"},"B1B":{"t":"GLID"},"B24":{"t":"C172"},"B28":{"t":"C172"},"B29":{"desc":"L1P"},"B30":{"t":"B77L"},"B33":{"desc":"L1P"},"B34":{"t":"DA40"},"B37":{"desc":"A1P"},"B55":{"t":"T6"},"B5B":{"t":"C56X"},"B60":{"t":"P28A"},"B62":{"t":"BALL"},"B65":{"t":"A321"},"B72":{"desc":"L2J","t":"GA7C"},"B7C":{"t":"M20T"},"B7E":{"desc":"H4E"},"B80":{"desc":"L2J"},"B89":{"t":"C650"},"B95":{"t":"C82R"},"BA0":{"desc":"L1P","t":"ULAC"},"BA2":{"t":"A320"},"BA3":{"t":"FDCT"},"BA4":{"desc":"L1P"},"BA7":{"desc":"L1P"},"BA9":{"t":"R22"},"BAC":{"desc":"L1P"},"BAE":{"desc":"L3J"},"BB0":{"t":"PAY3"},"BCA":{"desc":"L1P"},"BCE":{"t":"B763"},"BD3":{"desc":"L1P"},"BD4":{"t":"C425"},"BD9":{"t":"AA1"},"BE5":{"t":"C172"},"BEB":{"desc":"A1P"},"BEE":{"desc":"L2P"},"BF0":{"desc":"L2P"},"BF9":{"desc":"H1T"},"BFD":{"t":"B407"},"C06":{"desc":"H4E"},"C07":{"t":"C421"},"C08":{"t":"P28A"},"C0B":{"t":"PC12"},"C1D":{"t":"FA50"},"C1E":{"t":"P28A"},"C20":{"t":"B703"},"C21":{"t":"S22T"},"C29":{"t":"P46T"},"C2E":{"t":"CRJ7"},"C36":{"desc":"L1P"},"C47":{"t":"CL30"},"C4F":{"t":"RV12"},"C50":{"t":"P28A"},"C51":{"desc":"H4E"},"C55":{"t":"S22T"},"C57":{"t":"SR20"},"C5B":{"t":"BE40"},"C5D":{"desc":"L1P"},"C60":{"desc":"H4E"},"C61":{"t":"C25C"},"C63":{"desc":"L1P"},"C6A":{"t":"FA20"},"C6B":{"desc":"L1P","t":"ULAC"},"C6E":{"desc":"L1P"},"C70":{"t":"A119"},"C72":{"t":"CRJ7"},"C74":{"desc":"L1P"},"C76":{"t":"PA27"},"C7D":{"t":"B737"},"C7E":{"desc":"L1P"},"C83":{"desc":"L1P","t":"TB0"},"C85":{"t":"S22T"},"C8D":{"desc":"H1P"},"C92":{"desc":"L1P"},"C96":{"t":"B752"},"C9C":{"t":"PA18"},"C9F":{"desc":"H4E"},"CC8":{"t":"F2TH"},"CCF":{"t":"M20P"},"CD7":{"t":"C56X"},"CF7":{"desc":"L2T"},"D17":{"t":"PA46"},"D31":{"t":"C172"},"D34":{"t":"PA18"},"D35":{"t":"C175"},"D39":{"t":"B47G"},"D3A":{"t":"PA20"},"D3E":{"t":"ULAC"},"D3F":{"t":"C172"},"D41":{"t":"C150"},"D43":{"desc":"L1P"},"D44":{"t":"M20P"},"D45":{"t":"P28A"},"D4C":{"desc":"L1P"},"D4D":{"t":"J3"},"D4F":{"t":"B06"},"D50":{"t":"C182"},"D52":{"t":"C182"},"D55":{"t":"BALL"},"D56":{"t":"T6"},"D57":{"desc":"L1P"},"D58":{"desc":"L1P","t":"ULAC"},"D5E":{"desc":"L1P","t":"ULAC"},"D60":{"t":"BALL"},"D61":{"t":"BALL"},"D62":{"t":"C172"},"D64":{"t":"C150"},"D66":{"desc":"L1P","t":"ULAC"},"D67":{"t":"R66"},"D6A":{"t":"PA30"},"D6C":{"t":"J3"},"D6E":{"t":"J3"},"D70":{"t":"J3"},"D71":{"t":"J3"},"D72":{"t":"C182"},"D73":{"t":"C182"},"D74":{"t":"C182"},"D75":{"t":"J3"},"D76":{"t":"C182"},"D78":{"t":"BALL"},"D79":{"t":"T6"},"D7C":{"t":"R22"},"D7D":{"t":"C172"},"D7E":{"t":"J3"},"D80":{"t":"T28"},"D81":{"t":"ULAC"},"D82":{"t":"C175"},"D84":{"t":"CH7B"},"D86":{"desc":"L1P","t":"ULAC"},"D87":{"t":"C150"},"D88":{"t":"C172"},"D8B":{"t":"U21"},"D8C":{"desc":"H1T"},"D8D":{"t":"PA30"},"D91":{"t":"BALL"},"D93":{"t":"J3"},"D94":{"t":"C182"},"D95":{"t":"J3"},"D96":{"t":"J3"},"D97":{"t":"J3"},"D9A":{"t":"C172"},"D9B":{"t":"PA18"},"D9C":{"t":"P28A"},"D9D":{"t":"U21"},"D9E":{"t":"BALL"},"DA0":{"t":"C172"},"DA1":{"t":"J3"},"DA2":{"t":"PA18"},"DA5":{"t":"R66"},"DA8":{"t":"C172"},"DA9":{"t":"P28A"},"DAB":{"t":"C172"},"DAD":{"desc":"L1P","t":"ULAC"},"DAF":{"desc":"L1P"},"DB3":{"t":"J3"},"DB4":{"t":"C182"},"DB5":{"t":"C182"},"DB6":{"t":"C182"},"DB7":{"t":"C182"},"DB9":{"desc":"L1P"},"DBA":{"desc":"L1P","t":"ULAC"},"DBB":{"t":"J3"},"DBD":{"t":"C172"},"DC0":{"t":"R22"},"DC1":{"t":"C175"},"DC4":{"t":"J3"},"DC8":{"t":"BALL"},"DCA":{"desc":"L1P","t":"ULAC"},"DCB":{"t":"U21"},"DCC":{"t":"P28A"},"DCF":{"desc":"H1P"},"DD1":{"t":"P28A"},"DD3":{"t":"ULAC"},"DD4":{"t":"PA25"},"DD7":{"t":"J3"},"DD8":{"t":"J3"},"DDC":{"t":"J3"},"DDD":{"t":"U21"},"DDE":{"t":"C182"},"DE0":{"t":"C172"},"DE3":{"desc":"L1P"},"DE4":{"t":"AR11"},"DE6":{"t":"C172"},"DE8":{"t":"C182"},"DEB":{"t":"C175"},"DED":{"t":"PA24"},"DEF":{"t":"R22"},"DF1":{"t":"C172"},"DF4":{"t":"P28A"},"DF5":{"desc":"L1P","t":"ULAC"},"DF6":{"desc":"L1P","t":"ULAC"},"DF9":{"t":"C182"},"DFA":{"t":"J3"},"DFD":{"t":"C182"},"DFE":{"t":"J3"},"DFF":{"t":"C182"},"E00":{"t":"C182"},"E01":{"t":"J3"},"E03":{"t":"C172"},"E04":{"t":"PA18"},"E05":{"t":"P28A"},"E07":{"t":"C175"},"E08":{"t":"C150"},"E09":{"t":"C172"},"E0A":{"t":"J3"},"E0F":{"t":"BE33"},"E10":{"t":"PA24"},"E12":{"t":"P28A"},"E16":{"t":"M20T"},"E18":{"t":"U21"},"E19":{"t":"R44"},"E1A":{"t":"PA25"},"E1B":{"desc":"L1P","t":"ULAC"},"E1C":{"t":"J3"},"E20":{"desc":"L1P","t":"ULAC"},"E21":{"desc":"L1P"},"E24":{"t":"J3"},"E25":{"desc":"L1P"},"E26":{"t":"C172"},"E27":{"t":"C180"},"E29":{"t":"PA18"},"E2A":{"t":"C175"},"E2B":{"t":"BALL"},"E2C":{"t":"C172"},"E2D":{"t":"BALL"},"E2F":{"t":"PA20"},"E31":{"t":"BALL"},"E36":{"t":"U21"},"E37":{"t":"C172"},"E38":{"desc":"A1P"},"E3A":{"t":"C340"},"E3B":{"t":"C150"},"E3C":{"t":"PA30"},"E3D":{"t":"T210"},"E3E":{"t":"J3"},"E3F":{"t":"J3"},"E41":{"t":"J3"},"E43":{"t":"J3"},"E44":{"desc":"L1P"},"E46":{"desc":"L1P","t":"ULAC"},"E47":{"desc":"L1P","t":"ULAC"},"E49":{"t":"C172"},"E4C":{"t":"PA18"},"E4D":{"t":"C175"},"E4E":{"t":"C150"},"E50":{"t":"J3"},"E53":{"t":"C310"},"E54":{"t":"C175"},"E55":{"t":"BE55"},"E56":{"t":"PA24"},"E57":{"t":"C172"},"E5A":{"desc":"L1P"},"E5C":{"desc":"L1P","t":"ULAC"},"E5F":{"t":"PA30"},"E61":{"t":"J3"},"E63":{"t":"J3"},"E65":{"desc":"L1P"},"E67":{"t":"C182"},"E68":{"t":"BALL"},"E69":{"t":"C182"},"E6D":{"t":"PA18"},"E6F":{"t":"PA31"},"E70":{"t":"C175"},"E71":{"t":"U21"},"E72":{"t":"C172"},"E73":{"t":"J3"},"E75":{"t":"PA20"},"E77":{"t":"C175"},"E78":{"t":"BE35"},"E79":{"t":"PA24"},"E7A":{"t":"C172"},"E7B":{"t":"P28A"},"E7D":{"t":"C172"},"E80":{"t":"P28A"},"E81":{"t":"R44"},"E83":{"desc":"L1P"},"E87":{"t":"J3"},"E89":{"t":"C182"},"E8B":{"t":"C182"},"E8C":{"t":"C182"},"E8D":{"t":"PA18"},"E8F":{"desc":"H6E"},"E90":{"desc":"L1P"},"E91":{"desc":"H4E"},"E92":{"t":"BALL"},"E93":{"t":"BE36"},"E95":{"desc":"L1P"},"E96":{"t":"PA31"},"E97":{"t":"B407"},"E98":{"t":"BE36"},"EA0":{"t":"DA40"},"EA1":{"t":"C172"},"EA3":{"t":"TBM7"},"EA5":{"t":"B762"},"EA9":{"t":"DC3T"},"EAB":{"t":"BL8"},"EAC":{"desc":"L1P"},"EAD":{"t":"F2TH"},"EAE":{"desc":"L1P"},"EAF":{"desc":"A1P"},"EB1":{"desc":"L1P"},"EB2":{"desc":"L1P"},"EB4":{"t":"H25B"},"EB5":{"t":"B703"},"EB8":{"t":"BE35"},"EB9":{"t":"C182"},"EBD":{"t":"C340"},"EC1":{"desc":"L1P"},"EC2":{"t":"B703"},"EC3":{"t":"C425"},"EC5":{"t":"C210"},"EC8":{"t":"C77R"},"EC9":{"t":"BE35"},"ECB":{"t":"B744"},"ECF":{"t":"BE55"},"ED2":{"desc":"L1P"},"ED3":{"t":"C82R"},"ED6":{"t":"GLF4"},"ED7":{"t":"FA10"},"EDA":{"t":"ULAC"},"EDB":{"t":"C82S"},"EDC":{"desc":"L1P"},"EDD":{"desc":"L1P"},"EDE":{"desc":"L1P"},"EE3":{"t":"BE76"},"EE4":{"desc":"L2P"},"EE5":{"desc":"A1P"},"EE6":{"t":"C421"},"EE7":{"t":"B77L"},"EE8":{"t":"T206"},"EEA":{"t":"C177"},"EEB":{"t":"S76"},"EEC":{"t":"C421"},"EF4":{"t":"GLF4"},"EF7":{"desc":"L1P"},"EF8":{"t":"B06"},"EFE":{"t":"C25A"},"F03":{"t":"C210"},"F04":{"t":"EA50"},"F07":{"t":"CRJ7"},"F08":{"desc":"L1P","t":"ULAC"},"F12":{"t":"BE36"},"F14":{"t":"HDJT"},"F19":{"t":"BALL"},"F1A":{"desc":"L1P","t":"ULAC"},"F1E":{"t":"PA18"},"F22":{"t":"C208"},"F26":{"desc":"L2P"},"F27":{"t":"C310"},"F29":{"t":"PC12"},"F2B":{"t":"B703"},"F2D":{"t":"BALL"},"F2F":{"desc":"L1P"},"F30":{"desc":"L1P"},"F36":{"t":"C152"},"F3A":{"t":"BE20"},"F3C":{"t":"C25C"},"F3E":{"t":"C208"},"F3F":{"t":"C421"},"F41":{"desc":"L1P"},"F42":{"desc":"L2J"},"F45":{"t":"BALL"},"F46":{"t":"PA31"},"F47":{"t":"B06"},"F48":{"desc":"L1P"},"F4C":{"t":"B738"},"F58":{"desc":"L1P"},"F59":{"t":"GLID"},"F5A":{"t":"CL30"},"F5C":{"t":"GLID"},"F5E":{"t":"AA5"},"F62":{"t":"M20P"},"F66":{"t":"H25B"},"F69":{"t":"B701"},"F6C":{"t":"P32T"},"F6E":{"t":"C172"},"F70":{"t":"C205"},"F71":{"desc":"L1T"},"F72":{"t":"PA32"},"F74":{"t":"GLF2"},"F77":{"t":"CL30"},"F7E":{"t":"PRM1"},"F81":{"t":"H25B"},"F85":{"t":"C206"},"F89":{"t":"BE35"},"F8A":{"t":"BE58"},"F8C":{"desc":"L1P"},"F8D":{"t":"PA27"},"F91":{"desc":"L1P"},"F92":{"t":"BT36"},"F94":{"t":"C25A"},"F95":{"t":"C550"},"F97":{"t":"B222"},"F9C":{"t":"C172"},"F9F":{"t":"C750"},"FA4":{"desc":"L1P"},"FA5":{"t":"AEST"},"FA6":{"desc":"H2T"},"FA7":{"t":"ULAC"},"FA8":{"desc":"L1P"},"FA9":{"t":"C182"},"FAC":{"t":"B06"},"FAE":{"desc":"L1P","t":"F2TH"},"FAF":{"t":"P28A"},"FB0":{"t":"BE58"},"FB1":{"t":"B703"},"FB4":{"t":"F2TH"},"FBC":{"t":"B407"},"FC2":{"t":"PC12"},"FD4":{"t":"C172"},"FD5":{"t":"C207"},"FD7":{"t":"BE9L"},"FD8":{"t":"C172"},"FDA":{"t":"C550"},"FDB":{"t":"GLID"},"FDD":{"desc":"L1P"},"FE0":{"t":"GLID"},"FE5":{"t":"DA40"},"FE8":{"t":"S22T"},"FE9":{"t":"BE58"},"FFE":{"t":"CL30"}}