{"000":{"t":"P28B"},"001":{"desc":"L2J"},"004":{"t":"PA46"},"007":{"t":"PA11"},"008":{"t":"C310"},"009":{"desc":"L2P"},"00A":{"t":"P28R"},"00B":{"t":"LJ24"},"00C":{"t":"M5"},"00E":{"desc":"L1P"},"00F":{"desc":"L1P"},"010":{"t":"C172"},"011":{"desc":"L1T"},"012":{"t":"C170"},"013":{"t":"BL17"},"014":{"t":"S22T"},"015":{"t":"M20P"},"018":{"t":"BE35"},"01A":{"t":"PA34"},"01B":{"t":"BE23"},"01D":{"t":"GLID"},"01E":{"t":"CH7B"},"01F":{"t":"C170"},"020":{"t":"S76"},"021":{"t":"C82R"},"023":{"t":"COL4"},"027":{"t":"SR20"},"028":{"t":"GC1"},"02B":{"t":"LJ35"},"02C":{"t":"RV9"},"02D":{"t":"PA24"},"02E":{"t":"BALL"},"02F":{"t":"GLF4"},"034":{"t":"P32T"},"038":{"t":"PAY1"},"03B":{"desc":"L1P"},"03C":{"desc":"L1P","t":"ULAC"},"03D":{"t":"PA24"},"040":{"t":"C82R"},"041":{"desc":"L1P"},"042":{"t":"BE55"},"043":{"t":"C206"},"047":{"t":"SR22"},"048":{"t":"LJ31"},"049":{"t":"C185"},"04A":{"t":"F900"},"04C":{"t":"P28A"},"04E":{"t":"PAY2"},"051":{"t":"A321"},"052":{"t":"C680"},"054":{"t":"AT8T"},"057":{"t":"C208"},"05A":{"desc":"L1P"},"05B":{"desc":"L2J","t":"GA7C"},"05C":{"desc":"L1P"},"05D":{"t":"PA34"},"060":{"t":"C650"},"064":{"desc":"L1P"},"065":{"t":"GLF4"},"068":{"t":"P28S"},"06B":{"t":"BE33"},"06C":{"t":"C172"},"06F":{"t":"C182"},"074":{"t":"CL30"},"075":{"t":"C310"},"076":{"t":"C525"},"078":{"t":"P210"},"07D":{"t":"B737"},"07E":{"t":"A109"},"081":{"t":"BE55"},"083":{"t":"BE36"},"085":{"t":"FA50"},"08A":{"t":"HUSK"},"08E":{"t":"C525"},"08F":{"t":"PC12"},"090":{"desc":"L1P"},"091":{"desc":"L1P"},"092":{"t":"C210"},"093":{"desc":"L1P"},"094":{"t":"AS50"},"095":{"t":"CH7B"},"097":{"t":"PA32"},"098":{"t":"C180"},"09A":{"desc":"L1P"},"09C":{"t":"M5"},"09D":{"t":"C172"},"0A1":{"t":"PA31"},"0A8":{"t":"C182"},"0AA":{"t":"WW24"},"0AB":{"t":"C182"},"0AC":{"t":"E300"},"0AF":{"t":"PA30"},"0B1":{"t":"BE35"},"0B2":{"desc":"L1P"},"0B3":{"t":"BE9L"},"0B5":{"t":"SR22"},"0B6":{"t":"C150"},"0B7":{"t":"C550"},"0B8":{"t":"FA20"},"0B9":{"desc":"H1T"},"0BA":{"t":"SR22"},"0BB":{"t":"GLID"},"0BC":{"t":"GLID"},"0BD":{"t":"C421"},"0BE":{"t":"BE9T"},"0BF":{"t":"BL17"},"0C1":{"t":"L39"},"0C5":{"desc":"L1P"},"0C7":{"t":"BL17"},"0CA":{"desc":"L1P"},"0CB":{"desc":"L1P"},"0CC":{"t":"M20P"},"0CF":{"t":"GLEX"},"0D0":{"t":"C650"},"0D1":{"t":"COL4"},"0D2":{"t":"C56X"},"0D3":{"t":"BE35"},"0D5":{"desc":"L1P","t":"TB1"},"0D7":{"desc":"L1P"},"0D8":{"t":"PA31"},"0D9":{"t":"C441"},"0DA":{"t":"GLEX"},"0DC":{"t":"BE58"},"0DE":{"desc":"L1J"},"0E2":{"t":"C340"},"0E3":{"t":"C310"},"0E6":{"t":"GLF2"},"0F3":{"t":"BE35"},"0F4":{"t":"P28A"},"0F5":{"desc":"L2P"},"0F6":{"t":"C172"},"0F7":{"t":"C182"},"0FA":{"t":"CL30"},"0FD":{"t":"COL4"},"102":{"t":"GC1"},"104":{"t":"PC24"},"106":{"t":"PC12"},"109":{"t":"BE40"},"10A":{"t":"BE35"},"10B":{"t":"AC90"},"10C":{"desc":"L1P"},"10D":{"t":"C82T"},"10E":{"t":"F2TH"},"10F":{"t":"PA32"},"112":{"t":"C210"},"114":{"t":"C182"},"115":{"t":"TBM7"},"119":{"t":"BE36"},"11B":{"desc":"L1P"},"11D":{"t":"FA7X"},"122":{"desc":"L1P"},"129":{"desc":"H4E"},"134":{"t":"SR22"},"13B":{"t":"LJ45"},"13D":{"t":"BE35"},"13E":{"t":"C25A"},"13F":{"t":"PAY2"},"140":{"t":"BE10"},"142":{"desc":"L1P"},"143":{"t":"GLF6"},"144":{"t":"B350"},"145":{"desc":"L1P"},"146":{"t":"GLF6"},"147":{"t":"C180"},"148":{"t":"C177"},"149":{"desc":"L1P","t":"TB0"},"14C":{"t":"ST75"},"14D":{"desc":"L1P"},"14F":{"desc":"L1P"},"152":{"t":"C182"},"155":{"desc":"A1P"},"156":{"t":"P46T"},"157":{"t":"B350"},"159":{"t":"LJ60"},"15A":{"t":"PTS2"},"15C":{"desc":"L1P"},"15F":{"t":"BE33"},"161":{"t":"C172"},"162":{"t":"PA31"},"163":{"desc":"L1P"},"164":{"t":"PC12"},"165":{"desc":"L1P"},"166":{"t":"PA46"},"167":{"desc":"L1P"},"168":{"desc":"L1P"},"169":{"desc":"L2J","t":"GLF6"},"16A":{"t":"GLEX"},"16B":{"t":"B737"},"16D":{"t":"F900"},"16E":{"t":"PA24"},"170":{"t":"S22T"},"171":{"t":"BE36"},"172":{"desc":"L1P","t":"ULAC"},"174":{"t":"C182"},"175":{"t":"BE36"},"177":{"t":"BE50"},"178":{"t":"AEST"},"179":{"t":"C210"},"17B":{"t":"C421"},"17C":{"t":"F900"},"17D":{"t":"BE55"},"17E":{"t":"PA18"},"17F":{"t":"B06"},"181":{"t":"BE35"},"182":{"t":"T210"},"184":{"t":"P28S"},"187":{"t":"C172"},"18A":{"desc":"L1P"},"18C":{"t":"GLF3"},"18D":{"desc":"H4E"},"191":{"desc":"L1P","t":"ULAC"},"192":{"t":"BALL"},"19B":{"t":"A319"},"1A0":{"t":"S22T"},"1A6":{"t":"BE33"},"1A8":{"t":"C750"},"1A9":{"desc":"L2T"},"1AC":{"t":"B350"},"1AD":{"t":"G280"},"1AF":{"t":"COL4"},"1B0":{"t":"BE36"},"1B1":{"t":"GA5C"},"1B3":{"t":"BE20"},"1B5":{"desc":"L1P"},"1B7":{"desc":"L1P"},"1B8":{"desc":"L1P"},"1B9":{"t":"C414"},"1BA":{"desc":"L1P"},"1BB":{"t":"PA34"},"1BC":{"desc":"A1P"},"1BD":{"t":"C172"},"1BE":{"t":"C150"},"1BF":{"t":"C525"},"1C1":{"t":"M20P"},"1C4":{"t":"GLEX"},"1C6":{"t":"BE33"},"1C7":{"t":"PA34"},"1C9":{"t":"CRJ2"},"1CA":{"t":"C210"},"1CC":{"t":"F900"},"1CD":{"t":"G164"},"1D0":{"t":"M20T"},"1D1":{"t":"BE35"},"1D4":{"desc":"L1P"},"1DC":{"t":"PA46"},"1DF":{"t":"C172"},"1E3":{"t":"E300"},"1EB":{"desc":"L1P"},"1ED":{"desc":"L1P"},"1EE":{"t":"DA40"},"1F0":{"desc":"H8E"},"1F4":{"t":"BE55"},"1F5":{"t":"C340"},"203":{"t":"C77R"},"20A":{"t":"C210"},"219":{"t":"B752"},"21B":{"t":"BE17"},"21E":{"t":"PA22"},"226":{"desc":"L1P"},"227":{"t":"AA1"},"22A":{"t":"PA24"},"22B":{"t":"C172"},"22C":{"t":"P28A"},"22D":{"desc":"L1P"},"22F":{"desc":"L1P","t":"ULAC"},"233":{"t":"PA30"},"236":{"t":"L8"},"238":{"t":"L8"},"239":{"t":"BALL"},"23B":{"t":"BALL"},"23C":{"t":"C182"},"23F":{"t":"C140"},"240":{"t":"C172"},"243":{"t":"PA22"},"246":{"t":"BALL"},"24B":{"t":"C175"},"24C":{"t":"C172"},"24D":{"t":"BALL"},"24F":{"t":"P28A"},"250":{"t":"C182"},"251":{"t":"C172"},"254":{"t":"C182"},"255":{"t":"C150"},"256":{"t":"PA30"},"25B":{"t":"BALL"},"25C":{"t":"C182"},"25D":{"t":"L8"},"25E":{"t":"L8"},"260":{"t":"C182"},"262":{"desc":"L1P"},"263":{"t":"RV12"},"265":{"t":"P28A"},"267":{"t":"C182"},"268":{"t":"C150"},"269":{"t":"C172"},"26C":{"t":"PA18"},"26D":{"t":"AA5"},"26E":{"t":"PA12"},"270":{"t":"PA24"},"272":{"t":"P28A"},"273":{"t":"C150"},"274":{"t":"U21"},"276":{"desc":"L1P"},"277":{"t":"P28A"},"278":{"t":"C150"},"279":{"t":"BALL"},"27C":{"t":"C182"},"27E":{"t":"C182"},"27F":{"t":"C182"},"280":{"desc":"L1P"},"281":{"t":"C182"},"282":{"t":"L8"},"283":{"t":"P28A"},"284":{"t":"L8"},"285":{"t":"C182"},"286":{"t":"C172"},"289":{"t":"PA22"},"28E":{"t":"ULAC"},"28F":{"t":"PA18"},"290":{"t":"AA5"},"291":{"t":"C175"},"292":{"desc":"L1P","t":"ULAC"},"293":{"t":"PA24"},"294":{"t":"C172"},"295":{"t":"P28A"},"296":{"t":"BALL"},"2A0":{"t":"C182"},"2A1":{"t":"C182"},"2A3":{"t":"L8"},"2A4":{"t":"C182"},"2A6":{"desc":"L1P"},"2A7":{"t":"L8"},"2A9":{"t":"P28A"},"2AA":{"t":"PA22"},"2AB":{"t":"P28A"},"2AC":{"t":"PA22"},"2AD":{"t":"C182"},"2AE":{"t":"C150"},"2AF":{"t":"BALL"},"2B0":{"t":"ULAC"},"2B1":{"t":"P28A"},"2B4":{"t":"C175"},"2B5":{"t":"BE35"},"2B6":{"t":"PA24"},"2B7":{"t":"C172"},"2B8":{"t":"R44"},"2B9":{"t":"C182"},"2BA":{"t":"C172"},"2BB":{"t":"M20P"},"2BC":{"t":"M20P"},"2BD":{"t":"P28A"},"2BE":{"t":"C150"},"2BF":{"t":"PA30"},"2C0":{"t":"PA25"},"2C2":{"t":"P28A"},"2C3":{"t":"L8"},"2C4":{"t":"P28A"},"2C8":{"t":"L8"},"2C9":{"t":"L8"},"2CA":{"t":"C182"},"2CB":{"t":"GLID"},"2CC":{"t":"C172"},"2D3":{"t":"BALL"},"2D5":{"t":"PA18"},"2D6":{"t":"P28A"},"2D7":{"t":"C175"},"2D9":{"t":"PA24"},"2DA":{"t":"C172"},"2DC":{"desc":"H1T"},"2DD":{"t":"C172"},"2E0":{"t":"P28A"},"2E2":{"t":"PA30"},"2E4":{"t":"BALL"},"2E6":{"t":"L8"},"2E9":{"t":"L8"},"2EA":{"t":"L8"},"2EB":{"t":"L8"},"2ED":{"t":"BALL"},"2F2":{"t":"PA22"},"2F6":{"t":"J3"},"2F7":{"desc":"L1P","t":"ULAC"},"2F9":{"t":"R22"},"2FB":{"t":"BE35"},"2FD":{"t":"C172"},"2FE":{"t":"P28A"},"302":{"t":"M20P"},"303":{"t":"C421"},"304":{"t":"C150"},"305":{"t":"PA30"},"308":{"t":"L8"},"30B":{"t":"C182"},"30C":{"t":"C182"},"30D":{"t":"L8"},"312":{"t":"CH7A"},"313":{"t":"PA22"},"314":{"t":"BALL"},"316":{"t":"BE24"},"318":{"t":"C172"},"31A":{"t":"BE36"},"31B":{"t":"PA18"},"31D":{"t":"C175"},"31F":{"t":"PA24"},"321":{"t":"BALL"},"323":{"t":"C172"},"325":{"t":"M20P"},"326":{"t":"P28A"},"327":{"t":"C150"},"32A":{"t":"L8"},"32C":{"t":"L8"},"32D":{"t":"L8"},"331":{"t":"L8"},"332":{"t":"C182"},"333":{"t":"L8"},"334":{"t":"BE35"},"335":{"t":"BALL"},"33A":{"t":"BALL"},"33B":{"t":"C150"},"342":{"t":"PA24"},"343":{"t":"C172"},"345":{"t":"C150"},"34A":{"t":"C150"},"351":{"desc":"L1P"},"354":{"t":"C182"},"355":{"t":"C182"},"356":{"t":"L8"},"357":{"t":"CH7B"},"358":{"t":"C172"},"359":{"t":"PA22"},"35B":{"t":"R22"},"35C":{"t":"C182"},"35D":{"t":"C150"},"35F":{"t":"J3"},"363":{"t":"C175"},"365":{"t":"PA24"},"369":{"t":"BALL"},"36A":{"t":"R44"},"36B":{"t":"M20P"},"36E":{"t":"PA30"},"36F":{"desc":"L1P","t":"ULAC"},"372":{"t":"BALL"},"377":{"desc":"L1P","t":"ULAC"},"378":{"t":"C182"},"379":{"t":"BALL"},"37A":{"desc":"L1P"},"37D":{"t":"C56X"},"37E":{"desc":"A2P"},"380":{"t":"E135"},"382":{"t":"CL60"},"389":{"t":"ULAC"},"38B":{"t":"GLID"},"38C":{"t":"GLF3"},"38D":{"t":"SR22"},"38F":{"t":"A320"},"390":{"t":"T6"},"391":{"t":"B762"},"394":{"t":"BE35"},"397":{"t":"S22T"},"398":{"t":"C550"},"399":{"t":"S22T"},"39C":{"t":"CL30"},"39E":{"t":"RV12"},"39F":{"t":"PA46"},"3A2":{"t":"BE55"},"3A4":{"desc":"L1P"},"3AE":{"desc":"H2T"},"3B0":{"t":"PA18"},"3B1":{"t":"SR22"},"3B3":{"t":"RV12"},"3B4":{"t":"C56X"},"3B7":{"t":"B744"},"3B8":{"t":"ULAC"},"3B9":{"t":"S22T"},"3BB":{"t":"C310"},"3BD":{"desc":"L1P"},"3BF":{"desc":"L1P"},"3C6":{"t":"C172"},"3C9":{"desc":"L1P"},"3CD":{"desc":"L1P"},"3D0":{"t":"GLID"},"3D2":{"desc":"L1P"},"3D4":{"desc":"H1P"},"3D7":{"t":"C172"},"3D8":{"desc":"L1P"},"3E0":{"t":"E550"},"3EA":{"t":"ULAC"},"3F3":{"t":"CRJ7"},"3F4":{"desc":"L1P"},"3F8":{"desc":"L1P"},"408":{"t":"A321"},"40E":{"t":"C208"},"412":{"t":"B407"},"413":{"t":"S22T"},"415":{"t":"BE58"},"419":{"desc":"L1P"},"41A":{"t":"BE20"},"41B":{"t":"C56X"},"41C":{"t":"C340"},"41F":{"t":"ULAC"},"422":{"t":"AT3T"},"426":{"desc":"L1P"},"42A":{"desc":"L1P"},"431":{"t":"S61"},"43F":{"t":"S22T"},"443":{"t":"BE60"},"444":{"desc":"A1P","t":"ULAC"},"445":{"t":"A320"},"446":{"t":"RV12"},"447":{"t":"C421"},"449":{"t":"C337"},"44A":{"desc":"L1P"},"44C":{"t":"SF50"},"44F":{"t":"B737"},"454":{"desc":"L2P"},"455":{"t":"PA27"},"458":{"t":"C421"},"45C":{"t":"BL8"},"45F":{"t":"C750"},"468":{"t":"C500"},"46D":{"desc":"H1P"},"46E":{"t":"GLF6"},"471":{"t":"RV12"},"475":{"t":"PA18"},"476":{"t":"DA40"},"478":{"desc":"L1P"},"479":{"t":"PA32"},"47B":{"t":"S22T"},"47F":{"t":"GLID"},"485":{"t":"TBM7"},"486":{"t":"BE58"},"487":{"desc":"L1P"},"488":{"t":"C172"},"489":{"t":"HDJT"},"48A":{"t":"GLF4"},"48E":{"t":"B06"},"48F":{"t":"PA31"},"492":{"desc":"L1P"},"494":{"desc":"L1P","t":"ULAC"},"495":{"t":"C550"},"49B":{"desc":"L1P"},"49F":{"t":"C182"},"4AA":{"t":"BALL"},"4AB":{"t":"M20P"},"4BB":{"t":"C172"},"4C0":{"t":"PA12"},"4C1":{"t":"DA40"},"4C3":{"t":"R44"},"4CB":{"desc":"L1P"},"4CC":{"t":"DA42"},"4D0":{"t":"CL60"},"4D1":{"t":"CRJ7"},"4F2":{"t":"PA18"},"4F3":{"t":"SR22"},"4F4":{"t":"R44"},"4F6":{"desc":"L1P"},"4F8":{"desc":"L1P"},"4FA":{"t":"BE20"},"4FB":{"t":"T206"},"4FE":{"t":"SR22"},"502":{"t":"BALL"},"503":{"t":"ULAC"},"504":{"t":"M7"},"506":{"t":"RV12"},"50C":{"desc":"A1P"},"50D":{"t":"C310"},"50F":{"t":"B06"},"513":{"t":"AS50"},"514":{"t":"BALL"},"515":{"t":"CRJ7"},"516":{"t":"B429"},"517":{"t":"M5"},"519":{"t":"C172"},"51B":{"t":"BL17"},"51D":{"t":"GLID"},"520":{"t":"B737"},"525":{"t":"SR20"},"526":{"desc":"L1P"},"527":{"t":"C182"},"52D":{"desc":"L1P"},"52F":{"t":"PA12"},"530":{"t":"PA27"},"536":{"t":"C172"},"539":{"t":"B752"},"53D":{"t":"R22"},"549":{"desc":"H8E"},"54E":{"t":"A319"},"556":{"t":"C182"},"564":{"t":"ULAC"},"568":{"t":"C206"},"56F":{"desc":"L1P"},"571":{"t":"C750"},"572":{"desc":"L1T"},"574":{"t":"RV12"},"576":{"t":"EA50"},"577":{"t":"R22"},"588":{"t":"RV12"},"5A1":{"desc":"L1P"},"5AF":{"desc":"L1P","t":"ULAC"},"5B2":{"desc":"H4E"},"5BA":{"desc":"L1P"},"5D3":{"t":"B06"},"5D4":{"t":"BALL"},"5D7":{"t":"PA22"},"5D8":{"t":"PA44"},"5DA":{"t":"C172"},"5DE":{"t":"AA5"},"5DF":{"t":"BALL"},"5E0":{"desc":"L1P","t":"ULAC"},"5E1":{"t":"U21"},"5E2":{"t":"C172"},"5E5":{"t":"C172"},"5E7":{"t":"M20P"},"5E9":{"t":"BALL"},"5EA":{"t":"PA30"},"5ED":{"t":"L8"},"5EE":{"t":"C182"},"5EF":{"t":"C182"},"5F0":{"t":"C182"},"5F6":{"desc":"L1P","t":"ULAC"},"5F7":{"t":"C172"},"5F9":{"t":"BALL"},"5FA":{"t":"PA22"},"5FC":{"t":"C150"},"5FE":{"t":"J3"},"5FF":{"t":"BALL"},"600":{"t":"BALL"},"602":{"t":"BALL"},"603":{"t":"BE35"},"604":{"t":"PA18"},"607":{"t":"C182"},"608":{"t":"C172"},"60A":{"t":"BE36"},"60D":{"t":"PA30"},"60E":{"t":"PA25"},"611":{"t":"L8"},"612":{"t":"C182"},"615":{"t":"C182"},"617":{"t":"L8"},"618":{"t":"L8"},"61A":{"t":"R22"},"61B":{"t":"PA22"},"61E":{"t":"PA44"},"620":{"t":"C172"},"622":{"t":"PA32"},"623":{"t":"PA18"},"627":{"t":"ULAC"},"629":{"t":"P28A"},"62D":{"t":"M20P"},"62F":{"t":"ULAC"},"630":{"t":"PA30"},"631":{"t":"BALL"},"632":{"t":"C182"},"637":{"t":"C182"},"638":{"t":"L8"},"63A":{"t":"C182"},"63C":{"desc":"L1P"},"63D":{"t":"C172"},"643":{"t":"C172"},"646":{"t":"PA18"},"649":{"t":"BE55"},"64A":{"t":"PA24"},"64E":{"t":"C172"},"64F":{"t":"M20P"},"650":{"t":"ULAC"},"651":{"t":"P28A"},"652":{"t":"UH1"},"653":{"t":"BALL"},"655":{"t":"L8"},"656":{"t":"L8"},"657":{"t":"L8"},"65A":{"t":"BALL"},"65B":{"t":"L8"},"65E":{"t":"L8"},"669":{"t":"PA18"},"66A":{"t":"AA5"},"66B":{"t":"C175"},"66C":{"t":"BE35"},"66D":{"t":"PA24"},"66E":{"t":"C172"},"66F":{"t":"P28A"},"671":{"t":"C172"},"672":{"t":"M20P"},"673":{"t":"M20P"},"674":{"t":"P28A"},"678":{"t":"L8"},"67A":{"t":"C182"},"67D":{"t":"L8"},"682":{"t":"CH7A"},"686":{"t":"M5"},"687":{"t":"C182"},"688":{"t":"C150"},"689":{"t":"C172"},"68B":{"t":"BALL"},"68D":{"t":"AA5"},"68E":{"t":"BALL"},"690":{"t":"PA24"},"691":{"t":"C172"},"695":{"t":"M20P"},"696":{"t":"M20P"},"697":{"t":"P28A"},"69A":{"t":"BALL"},"69D":{"t":"L8"},"6A0":{"t":"C182"},"6A3":{"t":"C182"},"6A6":{"t":"C172"},"6A7":{"t":"BALL"},"6A9":{"t":"PA22"},"6AA":{"t":"C182"},"6AC":{"t":"PA30"},"6AF":{"t":"PA18"},"6B1":{"t":"C175"},"6B5":{"t":"P28A"},"6B6":{"t":"C150"},"6B8":{"t":"U21"},"6BC":{"t":"BALL"},"6BE":{"t":"BALL"},"6BF":{"t":"L8"},"6C0":{"t":"C182"},"6C2":{"t":"L8"},"6C4":{"desc":"L1P"},"6CA":{"t":"PA22"},"6CD":{"t":"C182"},"6D2":{"t":"BALL"},"6D4":{"t":"C175"},"6D5":{"t":"BE55"},"6D6":{"t":"J3"},"6D8":{"t":"P28A"},"6D9":{"t":"C150"},"6DA":{"t":"C172"},"6DC":{"t":"M20P"},"6DD":{"t":"P28A"},"6DF":{"t":"PA30"},"6E6":{"t":"L8"},"6E8":{"t":"L8"},"6EA":{"t":"C182"},"6EC":{"t":"C172"},"6ED":{"t":"PA22"},"6EF":{"t":"BALL"},"6F0":{"t":"C182"},"6F2":{"t":"C172"},"6F3":{"t":"U21"},"6F4":{"t":"BALL"},"6F6":{"t":"AA5"},"6F7":{"t":"C175"},"6F8":{"t":"BE35"},"6F9":{"t":"PA24"},"6FA":{"t":"C172"},"6FC":{"t":"C150"},"6FE":{"desc":"L1P"},"6FF":{"t":"M20P"},"700":{"t":"P28A"},"701":{"t":"C150"},"702":{"t":"PA30"},"704":{"t":"BALL"},"705":{"t":"L8"},"707":{"t":"L8"},"70A":{"t":"C182"},"70B":{"t":"C182"},"70C":{"t":"L8"},"712":{"t":"PA22"},"713":{"t":"BALL"},"714":{"t":"C150"},"715":{"t":"C172"},"716":{"t":"J3"},"717":{"desc":"L1P"},"71B":{"desc":"H1P"},"71C":{"t":"PA24"},"71D":{"t":"C172"},"71E":{"t":"P28A"},"722":{"t":"BALL"},"723":{"t":"P28A"},"725":{"t":"PA30"},"726":{"t":"PA25"},"727":{"t":"UH1"},"728":{"t":"L8"},"729":{"t":"C182"},"72C":{"t":"L8"},"72D":{"t":"C172"},"72E":{"t":"L8"},"72F":{"t":"C182"},"730":{"t":"L8"},"731":{"t":"RV12"},"732":{"t":"B350"},"733":{"t":"GLF4"},"734":{"t":"GLID"},"736":{"t":"C182"},"73C":{"t":"HA4T"},"73E":{"desc":"L1P"},"740":{"desc":"L1P","t":"ULAC"},"748":{"t":"B762"},"74A":{"t":"PRM1"},"74B":{"t":"GLID"},"74E":{"t":"B06"},"74F":{"desc":"L1P"},"751":{"t":"ULAC"},"752":{"desc":"H4E"},"754":{"t":"C172"},"755":{"desc":"L1P","t":"ULAC"},"757":{"t":"C82T"},"759":{"t":"ST75"},"75C":{"t":"BE33"},"764":{"desc":"L1P"},"765":{"desc":"H2T"},"766":{"t":"C208"},"768":{"t":"SR22"},"76E":{"t":"B744"},"770":{"t":"PA12"},"772":{"t":"C172"},"776":{"t":"S22T"},"779":{"desc":"L1P"},"77D":{"t":"C182"},"77E":{"desc":"H4E"},"77F":{"desc":"L1P"},"780":{"t":"BALL"},"782":{"desc":"L1P","t":"ULAC"},"78E":{"desc":"A1P"},"78F":{"desc":"L1P","t":"ULAC"},"792":{"t":"COL4"},"796":{"desc":"L1P","t":"ULAC"},"798":{"t":"BALL"},"799":{"t":"PA27"},"79D":{"desc":"L1P"},"79F":{"desc":"L1P"},"7A6":{"desc":"L1P","t":"ULAC"},"7A8":{"t":"RC3"},"7AA":{"t":"CRJ7"},"7B1":{"desc":"H4E"},"7BA":{"t":"C750"},"7BF":{"t":"A321"},"7C0":{"t":"C172"},"7C5":{"t":"C208"},"7C8":{"t":"GLID"},"7C9":{"desc":"L2P"},"7CB":{"desc":"L1P"},"7CD":{"desc":"H4E"},"7CE":{"t":"C182"},"7CF":{"t":"SR22"},"7D0":{"t":"P46T"},"7D4":{"desc":"L1P"},"7DA":{"t":"C182"},"7E1":{"desc":"L1P"},"7E3":{"t":"E300"},"7E4":{"t":"CL60"},"7E8":{"desc":"L1P"},"7ED":{"t":"AEST"},"7F1":{"t":"M7"},"7F5":{"desc":"L1P"},"7FA":{"t":"BE55"},"7FB":{"t":"M20P"},"7FC":{"t":"S22T"},"7FD":{"desc":"L1P"},"7FE":{"t":"C501"},"802":{"t":"C182"},"803":{"desc":"L1P","t":"ULAC"},"804":{"t":"C172"},"805":{"desc":"L1P"},"806":{"t":"B738"},"80A":{"t":"PA24"},"80B":{"t":"GLID"},"80C":{"desc":"L1P"},"80F":{"desc":"L1P"},"813":{"t":"C182"},"815":{"desc":"L1T"},"819":{"desc":"L1P"},"81C":{"t":"C172"},"81D":{"desc":"L1P","t":"ULAC"},"823":{"desc":"L1E"},"828":{"desc":"L1P"},"83D":{"t":"P28A"},"83F":{"t":"C172"},"840":{"t":"E55P"},"846":{"t":"T206"},"847":{"desc":"L1P"},"849":{"t":"B350"},"84B":{"t":"C310"},"84E":{"desc":"L1P"},"850":{"desc":"L1P","t":"ULAC"},"851":{"t":"HUSK"},"853":{"t":"SR20"},"854":{"t":"B737"},"857":{"t":"PA32"},"85A":{"t":"DV20"},"860":{"t":"GLID"},"862":{"t":"P28A"},"865":{"t":"B429"},"87C":{"t":"PC12"},"87D":{"desc":"L1P"},"882":{"t":"BE55"},"883":{"t":"C182"},"888":{"desc":"L1P"},"88B":{"t":"BE33"},"8AB":{"t":"C172"},"8AD":{"t":"SR22"},"8B1":{"t":"BE20"},"8B5":{"t":"BALL"},"8B7":{"t":"RV12"},"8BA":{"desc":"L1P"},"8BD":{"desc":"L1P"},"8C2":{"desc":"L1P"},"8C4":{"t":"SR22"},"8CB":{"t":"C172"},"8CC":{"t":"CRJ7"},"8CD":{"desc":"L1P"},"8CE":{"t":"C182"},"8D0":{"desc":"L2P"},"8D1":{"t":"P28A"},"8D2":{"t":"SR22"},"8D7":{"t":"B737"},"8D9":{"t":"B737"},"8DC":{"t":"SR20"},"8DD":{"desc":"L1P","t":"TB1"},"8DE":{"t":"BALL"},"8E2":{"t":"T206"},"8EC":{"t":"E190"},"8ED":{"t":"BE35"},"8EF":{"t":"R66"},"8F0":{"t":"B752"},"8F1":{"t":"C56X"},"8F4":{"t":"R22"},"8F9":{"desc":"H4E"},"909":{"t":"A319"},"90D":{"t":"BE60"},"91E":{"t":"PA27"},"926":{"desc":"L1P"},"927":{"t":"P46T"},"928":{"t":"BE35"},"92A":{"t":"E55P"},"930":{"t":"PA18"},"931":{"t":"C560"},"938":{"t":"PA31"},"93B":{"t":"ST75"},"93F":{"desc":"L1P"},"962":{"desc":"L1P"},"971":{"desc":"L1P"},"98A":{"desc":"L1P"},"98B":{"t":"C172"},"98D":{"t":"T6"},"98E":{"t":"PA22"},"990":{"t":"C150"},"991":{"desc":"H1T"},"997":{"t":"BE55"},"998":{"t":"PA24"},"999":{"t":"BALL"},"99B":{"t":"C150"},"99C":{"t":"PA24"},"99E":{"t":"M20P"},"99F":{"t":"P28A"},"9A3":{"t":"C182"},"9A4":{"t":"L8"},"9A6":{"t":"L8"},"9A8":{"t":"C182"},"9A9":{"t":"L8"},"9AA":{"t":"L8"},"9AB":{"t":"L8"},"9AD":{"t":"BE36"},"9AE":{"t":"C172"},"9AF":{"t":"PA22"},"9B0":{"desc":"L1P"},"9B2":{"t":"C182"},"9B3":{"t":"C150"},"9B5":{"t":"J3"},"9B8":{"t":"AA5"},"9BA":{"t":"BALL"},"9BE":{"t":"C82R"},"9BF":{"t":"C172"},"9C3":{"t":"C150"},"9C4":{"t":"PA30"},"9C7":{"t":"L8"},"9C8":{"t":"L8"},"9C9":{"t":"L8"},"9CA":{"t":"ULAC"},"9CB":{"t":"L8"},"9CD":{"t":"C182"},"9CE":{"t":"L8"},"9CF":{"desc":"L1P"},"9D0":{"t":"BALL"},"9D1":{"t":"BALL"},"9D2":{"t":"PA22"},"9D8":{"t":"BALL"},"9DA":{"t":"BALL"},"9DB":{"t":"ULAC"},"9DD":{"t":"BE33"},"9DE":{"t":"PA24"},"9DF":{"t":"C172"},"9E0":{"t":"P28A"},"9E4":{"t":"M20P"},"9E5":{"t":"P28A"},"9E6":{"t":"BALL"},"9E8":{"t":"U21"},"9E9":{"t":"C182"},"9EA":{"t":"C182"},"9EC":{"t":"C182"},"9EE":{"t":"BALL"},"9EF":{"t":"C182"},"9F0":{"t":"ST75"},"9F1":{"t":"L8"},"9F2":{"t":"L8"},"9F4":{"t":"C172"},"9F7":{"t":"BALL"},"9F8":{"t":"R44"},"9F9":{"t":"C150"},"9FB":{"t":"J3"},"9FD":{"desc":"L1P"},"9FE":{"t":"AA5"},"A00":{"t":"BE33"},"A02":{"t":"C172"},"A05":{"t":"C172"},"A06":{"t":"BALL"},"A07":{"t":"M20P"},"A08":{"t":"P28A"},"A09":{"desc":"L1P"},"A0A":{"t":"BE36"},"A0B":{"desc":"L1P"},"A0C":{"t":"BALL"},"A0D":{"t":"C182"},"A0F":{"t":"C182"},"A12":{"t":"C182"},"A13":{"desc":"L1P"},"A14":{"desc":"L1P"},"A17":{"t":"BALL"},"A19":{"t":"P28A"},"A1A":{"t":"PA22"},"A1C":{"t":"C150"},"A1E":{"t":"J3"},"A20":{"t":"PA18"},"A21":{"t":"AA5"},"A22":{"t":"C175"},"A23":{"t":"BE33"},"A26":{"t":"P28A"},"A27":{"t":"BALL"},"A28":{"t":"C172"},"A29":{"t":"M20P"},"A2B":{"t":"P28A"},"A2C":{"desc":"L1P"},"A30":{"t":"C182"},"A31":{"t":"L8"},"A32":{"desc":"L1P"},"A34":{"t":"L8"},"A35":{"t":"L8"},"A36":{"t":"U21"},"A3A":{"t":"C172"},"A3B":{"t":"PA22"},"A3C":{"t":"PA24"},"A3D":{"desc":"L1P"},"A3F":{"t":"C150"},"A40":{"t":"C421"},"A41":{"t":"J3"},"A42":{"t":"R22"},"A43":{"desc":"L1P"},"A45":{"desc":"L1P"},"A46":{"t":"BE33"},"A48":{"t":"C172"},"A49":{"t":"P28A"},"A4A":{"desc":"L1P"},"A4D":{"t":"M20P"},"A4E":{"t":"P28A"},"A50":{"desc":"L1P"},"A53":{"t":"U21"},"A54":{"t":"L8"},"A55":{"t":"L8"},"A56":{"t":"C182"},"A57":{"t":"C182"},"A58":{"t":"L8"},"A5B":{"t":"C182"},"A5D":{"t":"C172"},"A61":{"t":"C182"},"A63":{"t":"C150"},"A67":{"t":"AA5"},"A68":{"t":"ULAC"},"A6B":{"t":"C172"},"A6D":{"t":"C150"},"A6E":{"t":"C172"},"A70":{"t":"M20P"},"A72":{"t":"C177"},"A73":{"t":"PA30"},"A76":{"t":"BALL"},"A78":{"t":"L8"},"A79":{"t":"L8"},"A7A":{"t":"L8"},"A7B":{"t":"L8"},"A7D":{"t":"L8"},"A7E":{"t":"C182"},"A80":{"t":"C172"},"A81":{"t":"RC3"},"A82":{"desc":"L1P"},"A84":{"t":"C182"},"A86":{"t":"U21"},"A87":{"t":"J3"},"A8A":{"t":"AA5"},"A8E":{"t":"ULAC"},"A91":{"t":"C172"},"A92":{"t":"M20P"},"A93":{"t":"M20P"},"A94":{"t":"P28A"},"A97":{"t":"B47G"},"A98":{"t":"J3"},"A9A":{"t":"L8"},"A9B":{"t":"L8"},"A9C":{"t":"C182"},"AA0":{"t":"C182"},"AA1":{"t":"L8"},"AA2":{"desc":"L1P"},"AA4":{"t":"PA22"},"AA6":{"t":"PA22"},"AA9":{"t":"C150"},"AAA":{"t":"BALL"},"AAB":{"t":"BALL"},"AAC":{"desc":"L1P"},"AB0":{"t":"PA24"},"AB1":{"t":"C206"},"AB2":{"t":"P28A"},"AB3":{"t":"C150"},"AB4":{"t":"C172"},"AB5":{"t":"M20P"},"AB6":{"t":"M20P"},"AB7":{"t":"P28A"},"AB8":{"t":"C150"},"ABC":{"t":"L8"},"ABD":{"desc":"L1P"},"ABE":{"t":"BALL"},"ABF":{"t":"C182"},"AC0":{"t":"L8"},"AC1":{"t":"C182"},"AC4":{"t":"L8"},"AC6":{"t":"C172"},"AC7":{"t":"PAY3"},"AC8":{"t":"PA31"},"AC9":{"t":"C182"},"ACA":{"t":"C182"},"ACB":{"t":"BALL"},"ACC":{"t":"C172"},"ACF":{"t":"PA18"},"AD0":{"t":"R22"},"AD2":{"t":"BALL"},"AD4":{"t":"C172"},"AD5":{"t":"BALL"},"AD7":{"t":"C82R"},"ADA":{"t":"P28A"},"ADB":{"t":"C182"},"ADD":{"t":"U21"},"AE2":{"t":"BALL"},"AE5":{"t":"C182"},"AE6":{"t":"C182"},"AE8":{"t":"C185"},"AE9":{"t":"B350"},"AEB":{"t":"C150"},"AED":{"t":"C150"},"AEE":{"t":"C150"},"AEF":{"t":"C150"},"AF0":{"t":"C150"},"AF2":{"t":"C150"},"AF5":{"t":"C150"},"AF7":{"t":"C150"},"AF8":{"t":"C150"},"AFA":{"desc":"L1P"},"AFB":{"desc":"L1P"},"AFC":{"desc":"L2P"},"AFE":{"t":"T6"},"AFF":{"t":"B762"},"B01":{"t":"C150"},"B02":{"desc":"L1P"},"B03":{"desc":"A1P","t":"ULAC"},"B04":{"t":"C150"},"B07":{"t":"C150"},"B09":{"desc":"L1P"},"B0A":{"t":"B212"},"B0B":{"t":"C150"},"B0D":{"t":"C150"},"B0E":{"t":"BE36"},"B12":{"t":"COL4"},"B14":{"t":"C150"},"B16":{"desc":"L1P"},"B17":{"t":"H25B"},"B1B":{"desc":"L1P"},"B1C":{"t":"C150"},"B1D":{"t":"B737"},"B1E":{"t":"C150"},"B1F":{"t":"C150"},"B20":{"t":"C150"},"B21":{"t":"C150"},"B22":{"t":"CL30"},"B23":{"t":"C150"},"B24":{"t":"C150"},"B29":{"t":"C150"},"B2B":{"desc":"L1P"},"B2C":{"desc":"H4E"},"B2E":{"t":"C150"},"B2F":{"desc":"L1P"},"B32":{"t":"C150"},"B33":{"t":"ULAC"},"B34":{"desc":"L1P"},"B36":{"t":"BT36"},"B38":{"t":"C150"},"B3A":{"t":"C150"},"B3B":{"t":"C150"},"B3C":{"t":"RV14"},"B3D":{"t":"PA18"},"B41":{"t":"C150"},"B42":{"t":"C150"},"B43":{"t":"C150"},"B44":{"t":"C150"},"B49":{"t":"C150"},"B4A":{"t":"C150"},"B4B":{"desc":"L1P"},"B4C":{"t":"C150"},"B4D":{"t":"C195"},"B4E":{"t":"C150"},"B50":{"t":"C150"},"B51":{"t":"P32R"},"B55":{"t":"C150"},"B59":{"t":"C150"},"B5B":{"desc":"L1P"},"B5D":{"t":"C150"},"B5E":{"t":"C150"},"B5F":{"t":"C150"},"B60":{"t":"B350"},"B62":{"t":"C150"},"B64":{"t":"C150"},"B65":{"t":"C150"},"B66":{"t":"CL30"},"B6A":{"t":"C150"},"B6C":{"t":"C150"},"B6D":{"t":"C150"},"B6E":{"t":"C150"},"B70":{"t":"C150"},"B71":{"t":"P28A"},"B72":{"t":"C150"},"B76":{"t":"A321"},"B78":{"t":"S22T"},"B7B":{"t":"C150"},"B81":{"t":"C150"},"B83":{"t":"C150"},"B84":{"t":"EC35"},"B86":{"t":"R44"},"B87":{"t":"C150"},"B88":{"t":"C150"},"B89":{"t":"C150"},"B8A":{"t":"C150"},"B8B":{"t":"SR20"},"B8F":{"t":"C150"},"B92":{"t":"C150"},"B97":{"t":"C150"},"B98":{"desc":"L1P"},"B9A":{"t":"C150"},"B9D":{"t":"C185"},"BA0":{"t":"C150"},"BA2":{"t":"C150"},"BA3":{"t":"C150"},"BA6":{"t":"C72R"},"BAB":{"t":"C150"},"BAC":{"t":"C150"},"BAD":{"t":"C172"},"BAF":{"t":"C150"},"BB1":{"t":"C150"},"BB3":{"t":"F2TH"},"BB4":{"t":"C150"},"BB6":{"t":"C185"},"BB7":{"t":"C150"},"BBB":{"t":"C150"},"BBC":{"t":"C150"},"BBD":{"t":"COL4"},"BBE":{"t":"C150"},"BC0":{"t":"C185"},"BC1":{"t":"BE35"},"BC3":{"t":"C150"},"BC7":{"t":"C150"},"BCA":{"t":"FA7X"},"BCB":{"desc":"L1P","t":"ULAC"},"BCC":{"t":"DIMO"},"BCD":{"t":"P28A"},"BCE":{"t":"C150"},"BCF":{"t":"C150"},"BD2":{"t":"C185"},"BD3":{"t":"DA40"},"BD4":{"t":"C150"},"BD5":{"t":"PA46"},"BD6":{"t":"C150"},"BD9":{"t":"C150"},"BDA":{"t":"C150"},"BDB":{"desc":"L1P","t":"ULAC"},"BDD":{"t":"C150"},"BDF":{"t":"C150"},"BE0":{"t":"C150"},"BE2":{"t":"C150"},"BE4":{"desc":"L1P"},"BE5":{"t":"BALL"},"BE6":{"t":"C150"},"BE8":{"desc":"L1P"},"BE9":{"t":"C150"},"BF3":{"t":"C150"},"BF4":{"t":"C185"},"BF6":{"t":"C172"},"BF8":{"t":"C150"},"BF9":{"t":"C150"},"BFB":{"t":"C150"},"BFC":{"t":"C150"},"BFF":{"t":"C150"},"C00":{"t":"P28A"},"C03":{"t":"C150"},"C04":{"t":"B350"},"C05":{"t":"C150"},"C06":{"t":"C150"},"C08":{"t":"C150"},"C0A":{"t":"C150"},"C0B":{"t":"UH1"},"C0E":{"desc":"L1P"},"C11":{"t":"C150"},"C12":{"t":"C185"},"C14":{"t":"C150"},"C19":{"t":"P28A"},"C1B":{"t":"C150"},"C1C":{"t":"C150"},"C1D":{"t":"C150"},"C1E":{"t":"C150"},"C1F":{"t":"C185"},"C20":{"t":"C150"},"C24":{"t":"C150"},"C25":{"t":"C150"},"C27":{"t":"C185"},"C2B":{"t":"C150"},"C2C":{"t":"C150"},"C2E":{"t":"S76"},"C2F":{"t":"C150"},"C31":{"t":"C150"},"C35":{"t":"C150"},"C36":{"t":"C150"},"C39":{"t":"C150"},"C3C":{"desc":"L1P"},"C3F":{"desc":"L1P","t":"ULAC"},"C43":{"t":"C150"},"C44":{"t":"C150"},"C45":{"t":"C150"},"C46":{"t":"C150"},"C49":{"t":"C150"},"C4B":{"t":"C150"},"C4E":{"t":"C150"},"C4F":{"desc":"L1P"},"C51":{"t":"C185"},"C52":{"t":"C150"},"C53":{"t":"C150"},"C56":{"t":"C150"},"C57":{"t":"C185"},"C58":{"t":"C150"},"C5C":{"t":"C150"},"C5D":{"t":"C150"},"C5F":{"t":"C185"},"C62":{"t":"C150"},"C63":{"t":"C150"},"C66":{"t":"C150"},"C6B":{"desc":"L1P","t":"ULAC"},"C6C":{"t":"C68A"},"C6D":{"t":"C150"},"C6E":{"t":"C150"},"C70":{"t":"C150"},"C71":{"t":"C150"},"C74":{"t":"C150"},"C78":{"desc":"L1P"},"C7A":{"t":"B77L"},"C7B":{"t":"C182"},"C7C":{"t":"C172"},"C7D":{"t":"B06"},"C80":{"t":"C150"},"C83":{"t":"C150"},"C84":{"t":"C150"},"C87":{"t":"C150"},"C89":{"t":"BALL"},"C8A":{"t":"C150"},"C8D":{"t":"C150"},"C8E":{"t":"C152"},"C93":{"t":"C152"},"C95":{"t":"C152"},"C97":{"t":"P28A"},"C98":{"t":"C152"},"C99":{"t":"C152"},"C9B":{"t":"C152"},"C9D":{"t":"C185"},"C9E":{"t":"CH7B"},"CA0":{"t":"C182"},"CA2":{"t":"C152"},"CA3":{"t":"LJ60"},"CA5":{"t":"C152"},"CA9":{"t":"C152"},"CAB":{"t":"BE55"},"CAE":{"t":"C152"},"CAF":{"t":"C152"},"CB1":{"t":"C152"},"CBC":{"t":"A319"},"CC4":{"desc":"L1P"},"CC5":{"desc":"L1P"},"CC6":{"t":"C152"},"CCB":{"t":"C152"},"CCC":{"t":"C152"},"CCF":{"t":"C152"},"CD1":{"t":"C152"},"CD7":{"t":"S22T"},"CD9":{"t":"M20P"},"CDB":{"t":"C152"},"CDC":{"t":"C152"},"CDE":{"t":"C56X"},"CDF":{"desc":"L1P"},"CE1":{"t":"C152"},"CE2":{"t":"C152"},"CEB":{"t":"C152"},"CEE":{"t":"C152"},"CEF":{"t":"C152"},"CF1":{"t":"PC12"},"CF6":{"t":"E300"},"CF8":{"t":"C152"},"CFF":{"t":"C152"},"D08":{"desc":"H1P"},"D0C":{"t":"C152"},"D0D":{"t":"C152"},"D0F":{"t":"G164"},"D19":{"t":"C152"},"D24":{"t":"C152"},"D25":{"t":"C152"},"D2A":{"t":"C152"},"D2B":{"t":"C152"},"D2F":{"t":"C152"},"D32":{"t":"C185"},"D36":{"t":"C152"},"D3B":{"t":"C152"},"D3E":{"t":"C152"},"D43":{"t":"C152"},"D45":{"t":"PA22"},"D46":{"t":"C182"},"D47":{"t":"C150"},"D4A":{"t":"C172"},"D4B":{"t":"PA18"},"D4C":{"t":"AA5"},"D4F":{"desc":"L1P"},"D50":{"t":"C172"},"D51":{"t":"P28A"},"D52":{"t":"C182"},"D53":{"t":"C82R"},"D55":{"t":"M20P"},"D56":{"t":"P28A"},"D57":{"desc":"L1P"},"D5A":{"t":"C182"},"D5C":{"t":"L8"},"D5F":{"t":"C182"},"D60":{"t":"L8"},"D61":{"t":"L8"},"D62":{"t":"C182"},"D63":{"t":"C172"},"D65":{"t":"C172"},"D66":{"t":"PA22"},"D67":{"t":"C182"},"D68":{"desc":"L2P"},"D69":{"t":"C182"},"D6B":{"t":"C172"},"D6F":{"t":"AA5"},"D71":{"t":"BE35"},"D72":{"t":"PA24"},"D73":{"t":"C172"},"D74":{"t":"P28A"},"D76":{"t":"C172"},"D77":{"t":"M20P"},"D79":{"t":"P28A"},"D7A":{"t":"C150"},"D7D":{"t":"BALL"},"D7E":{"t":"B739"},"D80":{"t":"L8"},"D82":{"t":"BALL"},"D83":{"t":"L8"},"D85":{"desc":"L1P"},"D89":{"desc":"L1P"},"D8B":{"t":"PA22"},"D8C":{"t":"C182"},"D8D":{"t":"P28A"},"D8F":{"t":"J3"},"D91":{"t":"PA18"},"D92":{"t":"AA5"},"D95":{"t":"PA24"},"D96":{"t":"C172"},"D97":{"t":"C182"},"D98":{"t":"BALL"},"D9A":{"t":"M20P"},"D9B":{"t":"M20P"},"D9D":{"t":"C150"},"D9E":{"desc":"L1P"},"DA0":{"t":"C182"},"DA3":{"t":"BALL"},"DA5":{"t":"L8"},"DA7":{"desc":"L1P"},"DA8":{"t":"L8"},"DAB":{"desc":"L1P"},"DAF":{"t":"C182"},"DB0":{"t":"P28A"},"DB1":{"t":"C172"},"DB3":{"t":"BALL"},"DB6":{"t":"C175"},"DB8":{"t":"PA24"},"DB9":{"t":"C182"},"DBA":{"t":"P28A"},"DC3":{"t":"C172"},"DC4":{"desc":"L1P"},"DC7":{"t":"L8"},"DC9":{"desc":"L1P"},"DD0":{"t":"BALL"},"DD1":{"t":"PA22"},"DD2":{"t":"BALL"},"DD4":{"t":"C172"},"DD6":{"desc":"L1P"},"DD7":{"desc":"L1P"},"DD8":{"t":"AA5"},"DD9":{"t":"C175"},"DDB":{"t":"PA24"},"DDC":{"t":"C206"},"DDD":{"t":"P28A"},"DDE":{"t":"C150"},"DE1":{"t":"M20P"},"DE2":{"t":"P28A"},"DE4":{"t":"BALL"},"DE7":{"t":"L8"},"DE8":{"t":"L8"},"DEA":{"t":"C172"},"DEE":{"t":"L8"},"DF0":{"desc":"L1P"},"DF3":{"t":"BALL"},"DF5":{"t":"C182"},"DF6":{"t":"BALL"},"DF8":{"t":"J3"},"DFA":{"t":"PA18"},"DFD":{"t":"BE35"},"DFE":{"t":"PA24"},"DFF":{"t":"C182"},"E00":{"t":"P28A"},"E02":{"t":"C172"},"E05":{"t":"P28A"},"E06":{"t":"C150"},"E07":{"t":"FA62"},"E08":{"t":"PA18"},"E09":{"t":"C182"},"E0B":{"t":"C182"},"E0C":{"desc":"L1P"},"E0D":{"desc":"L1P"},"E0E":{"t":"L8"},"E0F":{"desc":"L2P"},"E10":{"desc":"L1P"},"E12":{"t":"BALL"},"E15":{"t":"PA22"},"E16":{"t":"BALL"},"E19":{"t":"C150"},"E1A":{"t":"C172"},"E1C":{"t":"BALL"},"E1F":{"t":"C175"},"E20":{"t":"BE35"},"E21":{"t":"PA24"},"E22":{"t":"C172"},"E23":{"t":"P28A"},"E27":{"t":"BALL"},"E28":{"t":"P28A"},"E29":{"t":"U21"},"E2A":{"desc":"L2P"},"E2C":{"desc":"L1P"},"E2D":{"t":"L8"},"E2E":{"t":"C182"},"E2F":{"t":"C182"},"E31":{"t":"L8"},"E33":{"t":"L8"},"E34":{"desc":"L1P"},"E37":{"t":"C172"},"E38":{"t":"PA22"},"E39":{"t":"PA27"},"E3C":{"t":"C150"},"E3D":{"t":"C172"},"E3F":{"desc":"L1P"},"E41":{"t":"AA5"},"E43":{"t":"BE35"},"E47":{"t":"C150"},"E48":{"t":"C172"},"E49":{"t":"M20P"},"E4C":{"t":"C150"},"E4D":{"t":"PA30"},"E4F":{"t":"L8"},"E51":{"t":"L8"},"E55":{"t":"L8"},"E58":{"t":"L8"},"E59":{"desc":"L1P"},"E5A":{"t":"R22"},"E5B":{"t":"BALL"},"E5E":{"t":"C182"},"E5F":{"t":"C150"},"E60":{"t":"BALL"},"E63":{"t":"PA18"},"E68":{"t":"C182"},"E6B":{"t":"BALL"},"E6C":{"t":"M20P"},"E6E":{"t":"P28A"},"E6F":{"t":"C150"},"E72":{"t":"L8"},"E73":{"t":"PA31"},"E76":{"t":"C182"},"E78":{"t":"L8"},"E7A":{"t":"L8"},"E7D":{"t":"C172"},"E80":{"desc":"L1P"},"E81":{"desc":"L1J"},"E84":{"t":"J3"},"E86":{"t":"PA18"},"E87":{"t":"AA5"},"E88":{"t":"C175"},"E89":{"t":"BE35"},"E8B":{"t":"C172"},"E8C":{"t":"P28A"},"E8D":{"t":"C150"},"E8E":{"t":"C172"},"E8F":{"t":"M20P"},"E90":{"t":"M20P"},"E92":{"t":"L29"},"E94":{"desc":"L1J"},"E96":{"t":"C182"},"E97":{"t":"L8"},"E99":{"t":"C182"},"E9B":{"t":"L8"},"E9D":{"t":"L8"},"E9E":{"t":"L8"},"E9F":{"desc":"L1P"},"EA1":{"t":"GLF5"},"EA2":{"desc":"L1P"},"EA3":{"t":"CH7B"},"EA5":{"t":"B407"},"EA6":{"t":"PC12"},"EA8":{"t":"S22T"},"EAC":{"t":"BL8"},"EAE":{"desc":"L1P"},"EB1":{"t":"PC12"},"EB2":{"desc":"L1P","t":"ULAC"},"EB4":{"t":"CRJ2"},"EB5":{"t":"T6"},"EBA":{"desc":"A1P"},"EBB":{"t":"PA46"},"EBC":{"t":"BE36"},"EBD":{"t":"PA34"},"EBF":{"t":"P28A"},"EC1":{"t":"B47G"},"EC2":{"desc":"L1P"},"ECA":{"desc":"H4E"},"ECE":{"t":"C172"},"ED2":{"t":"C180"},"ED3":{"t":"PAY2"},"ED4":{"t":"F2TH"},"ED6":{"t":"SR22"},"ED8":{"desc":"L1P"},"EDB":{"t":"HA4T"},"EDC":{"t":"B744"},"EDE":{"desc":"L1P"},"EE0":{"t":"C182"},"EE2":{"t":"SR22"},"EE4":{"t":"NAVI"},"EEE":{"desc":"L1P"},"EEF":{"desc":"L1P"},"EF0":{"t":"E55P"},"EF6":{"t":"C25A"},"EFB":{"desc":"L2J"},"EFD":{"t":"O1"},"F15":{"desc":"H1P"},"F1D":{"desc":"L2P"},"F1E":{"desc":"H4E"},"F1F":{"desc":"L1P"},"F26":{"t":"FA7X"},"F28":{"t":"P28A"},"F2B":{"desc":"L1P","t":"ULAC"},"F2D":{"t":"A321"},"F33":{"t":"C208"},"F36":{"t":"C72R"},"F38":{"t":"GLF4"},"F39":{"t":"BE9L"},"F3C":{"t":"SS2T"},"F48":{"t":"C182"},"F54":{"t":"C208"},"F55":{"desc":"L1P","t":"ULAC"},"F57":{"desc":"L1P"},"F5A":{"t":"PC12"},"F5D":{"t":"C182"},"F61":{"desc":"H2T"},"F68":{"desc":"L1P"},"F6A":{"t":"A320"},"F6B":{"t":"FA10"},"F6E":{"t":"CRJ2"},"F6F":{"t":"SR22"},"F72":{"t":"EA50"},"F73":{"t":"R44"},"F74":{"t":"BALL"},"F75":{"t":"SR22"},"F78":{"desc":"A1T","t":"KODI"},"F7C":{"t":"S22T"},"F7D":{"t":"BE55"},"F7F":{"t":"PA20"},"F82":{"desc":"L1P"},"F84":{"t":"C150"},"F87":{"t":"R44"},"F8D":{"t":"BE77"},"F96":{"t":"S22T"},"F9A":{"desc":"L1P"},"F9B":{"t":"H25B"},"F9C":{"t":"BALL"},"F9D":{"t":"C310"},"FA1":{"desc":"L2P"},"FA2":{"t":"B350"},"FA5":{"t":"FA7X"},"FA6":{"t":"PA46"},"FA8":{"t":"SR22"},"FAC":{"t":"BE36"},"FAD":{"t":"C172"},"FB3":{"desc":"H1P"},"FB4":{"t":"C182"},"FB5":{"desc":"L1P"},"FBA":{"t":"LJ55"},"FBB":{"t":"SR22"},"FC3":{"desc":"L1P"},"FC5":{"t":"C172"},"FC8":{"t":"BE36"},"FCC":{"t":"C68A"},"FD0":{"t":"P28A"},"FD7":{"t":"PC12"},"FE6":{"desc":"L1P"},"FE8":{"t":"BE9T"},"FEE":{"t":"EC20"},"FF0":{"desc":"L1P","t":"ULAC"},"FF1":{"t":"ULAC"},"FF6":{"desc":"L1P"}}