{"000":{"t":"C150"},"004":{"t":"C172"},"008":{"t":"B47G"},"00D":{"t":"ULAC"},"00E":{"t":"C150"},"00F":{"t":"BE35"},"010":{"t":"B734"},"012":{"t":"C210"},"015":{"t":"J3"},"016":{"t":"P28A"},"01B":{"t":"PA24"},"01C":{"t":"C182"},"01E":{"desc":"H4E"},"01F":{"t":"C172"},"022":{"t":"P28A"},"02E":{"t":"B47G"},"031":{"t":"GLF2"},"033":{"t":"PA23"},"034":{"t":"PA18"},"035":{"t":"C25C"},"038":{"t":"SR22"},"039":{"desc":"L1P"},"03A":{"t":"B06"},"03C":{"t":"C150"},"03F":{"desc":"L1P"},"042":{"t":"GLID"},"043":{"desc":"L1P"},"044":{"t":"PA24"},"046":{"t":"BE20"},"047":{"t":"PC12"},"04A":{"t":"BE9L"},"04C":{"t":"PA27"},"04D":{"desc":"L1P"},"050":{"desc":"L1P"},"051":{"t":"C182"},"052":{"t":"GLID"},"054":{"t":"BE36"},"055":{"t":"SR20"},"056":{"t":"AEST"},"057":{"t":"PA30"},"058":{"t":"BE36"},"05A":{"t":"BE36"},"05B":{"t":"BE36"},"05C":{"t":"BE36"},"05E":{"t":"BL17"},"05F":{"desc":"H1T"},"061":{"t":"S22T"},"062":{"desc":"L1P"},"063":{"t":"C172"},"065":{"t":"BE35"},"067":{"t":"BL8"},"068":{"t":"PA31"},"069":{"t":"C185"},"06A":{"t":"C180"},"06C":{"t":"C25C"},"06E":{"t":"C182"},"070":{"desc":"L1P"},"073":{"desc":"L1P"},"075":{"desc":"L1P"},"077":{"desc":"L1P"},"079":{"desc":"L1P"},"07E":{"desc":"L1P"},"07F":{"desc":"L1P"},"080":{"t":"PA31"},"081":{"desc":"L1P"},"083":{"t":"GLID"},"084":{"t":"GL5T"},"085":{"desc":"L1P"},"086":{"desc":"L1P"},"088":{"t":"C172"},"089":{"desc":"L1P"},"08D":{"t":"NAVI"},"08E":{"t":"BE36"},"090":{"desc":"L1P"},"091":{"t":"C172"},"092":{"t":"S22T"},"097":{"desc":"L1P"},"098":{"desc":"L1P"},"09A":{"t":"PA46"},"09B":{"t":"AC90"},"09D":{"t":"R44"},"09F":{"desc":"L1P"},"0A0":{"desc":"L1P"},"0A3":{"t":"R44"},"0A5":{"t":"C172"},"0A7":{"t":"BE55"},"0A9":{"t":"ULAC"},"0AB":{"t":"BALL"},"0AD":{"desc":"H2T"},"0AF":{"desc":"L1P"},"0B1":{"desc":"L1P"},"0B8":{"desc":"H2T"},"0BC":{"desc":"L1P"},"0BF":{"t":"F900"},"0C4":{"desc":"L1P"},"0C7":{"desc":"L1P"},"0C9":{"desc":"H1P"},"0CA":{"desc":"L2T"},"0CE":{"t":"GLF4"},"0D0":{"t":"BE18"},"0D2":{"t":"C25B"},"0D3":{"desc":"L1P"},"0D4":{"t":"R22"},"0D5":{"desc":"L1P"},"0D9":{"t":"C150"},"0DC":{"t":"H25B"},"0DD":{"desc":"L1P","t":"ULAC"},"0DE":{"t":"BE9L"},"0DF":{"t":"C550"},"0E0":{"desc":"L1P"},"0E3":{"desc":"L1P"},"0E5":{"desc":"L1P"},"0E6":{"t":"J3"},"0E9":{"t":"C340"},"0EA":{"desc":"L1P"},"0EE":{"t":"HUSK"},"0F0":{"t":"C501"},"0F2":{"t":"LJ60"},"0F7":{"t":"HUSK"},"0FA":{"t":"CL60"},"0FD":{"desc":"L1P","t":"TB0"},"0FE":{"t":"C25A"},"0FF":{"desc":"L1P"},"100":{"t":"BL17"},"101":{"t":"C337"},"102":{"desc":"L1P"},"103":{"t":"FA7X"},"104":{"desc":"L1P"},"105":{"desc":"L1P"},"107":{"t":"C172"},"109":{"t":"J3"},"10A":{"t":"C185"},"10D":{"t":"BE10"},"10E":{"t":"BL17"},"10F":{"t":"PC24"},"112":{"t":"S108"},"113":{"desc":"L1P"},"114":{"desc":"L1P"},"116":{"desc":"L1P"},"117":{"desc":"L1P"},"119":{"t":"FDCT"},"11A":{"t":"GLID"},"11C":{"desc":"L1P"},"11D":{"desc":"L1P"},"11E":{"t":"C525"},"11F":{"desc":"L1P"},"123":{"t":"B350"},"124":{"desc":"L1T"},"12B":{"t":"C337"},"12E":{"t":"T210"},"130":{"t":"BE33"},"132":{"desc":"L1P"},"133":{"desc":"L1P"},"134":{"t":"C180"},"135":{"t":"PA31"},"136":{"t":"C500"},"137":{"t":"PA46"},"139":{"t":"P28A"},"13B":{"t":"PA27"},"13C":{"t":"PTS2"},"13D":{"t":"H269"},"145":{"t":"TBM7"},"146":{"t":"C182"},"148":{"desc":"L1P"},"149":{"desc":"H4E"},"14A":{"t":"BE58"},"14B":{"t":"C180"},"14C":{"t":"P28A"},"14D":{"t":"PA31"},"14E":{"t":"C182"},"14F":{"t":"SR22"},"150":{"t":"T210"},"152":{"t":"PA34"},"154":{"t":"PA18"},"155":{"desc":"L1P"},"156":{"t":"BE36"},"159":{"desc":"L1P"},"15E":{"t":"CH7B"},"165":{"desc":"L1P"},"176":{"desc":"L1P"},"177":{"t":"P28A"},"17A":{"desc":"H1P"},"17B":{"t":"C172"},"17C":{"desc":"L1T"},"17D":{"desc":"L1P"},"17E":{"t":"ST75"},"17F":{"t":"C525"},"180":{"t":"M20P"},"181":{"t":"PA27"},"182":{"t":"A109"},"184":{"t":"C177"},"187":{"t":"C206"},"188":{"t":"LJ45"},"18E":{"t":"BALL"},"1AB":{"desc":"L1P"},"1AE":{"t":"C425"},"1AF":{"t":"R44"},"1B0":{"t":"BE35"},"1B1":{"t":"GLID"},"1B2":{"desc":"L1P"},"1B4":{"t":"T210"},"1B6":{"t":"GLF5"},"1B8":{"t":"BALL"},"1B9":{"t":"BALL"},"1BA":{"t":"GLF2"},"1BC":{"desc":"L1P"},"1BD":{"desc":"L1P"},"1C3":{"desc":"L1P"},"1C4":{"t":"BE35"},"1C6":{"t":"C172"},"1C9":{"t":"C82S"},"1CB":{"t":"BE35"},"1CC":{"t":"GLID"},"1CD":{"t":"C182"},"1CF":{"t":"B222"},"1D1":{"desc":"L1P"},"1D2":{"t":"C77R"},"1D3":{"desc":"L1P"},"1D6":{"t":"DA40"},"1D7":{"desc":"L1P"},"1DA":{"t":"GLID"},"1DC":{"t":"C25C"},"1DF":{"t":"BALL"},"1E0":{"t":"B350"},"1E1":{"t":"BE36"},"1E2":{"t":"P28A"},"1E3":{"t":"AT3T"},"1E5":{"desc":"L1P"},"1E8":{"t":"C182"},"1EA":{"t":"BL17"},"1F0":{"desc":"L1P"},"1F2":{"t":"S22T"},"1F3":{"t":"C150"},"1F6":{"t":"GLID"},"1FD":{"t":"S22T"},"204":{"t":"BE36"},"20C":{"desc":"L1P"},"20E":{"desc":"L1P"},"211":{"desc":"L1P"},"216":{"desc":"L1P"},"21E":{"t":"C182"},"221":{"t":"GLF5"},"224":{"t":"GLF5"},"227":{"t":"AA5"},"229":{"t":"BL17"},"22B":{"t":"PA18"},"22C":{"desc":"L1P","t":"ULAC"},"22D":{"t":"R44"},"22E":{"t":"BE36"},"22F":{"desc":"L1P"},"230":{"t":"AS50"},"231":{"t":"BE58"},"233":{"t":"GLID"},"235":{"t":"P28A"},"236":{"desc":"L1P","t":"ULAC"},"237":{"t":"PA34"},"239":{"desc":"L1P"},"23A":{"t":"P32R"},"23C":{"t":"HUSK"},"23E":{"desc":"L1P"},"249":{"t":"B222"},"259":{"desc":"L1P"},"25A":{"t":"PA30"},"26A":{"desc":"L1P"},"26C":{"t":"M5"},"26F":{"desc":"L1P"},"273":{"t":"CL30"},"289":{"t":"C206"},"28C":{"desc":"L1P","t":"ULAC"},"28D":{"t":"FA7X"},"290":{"t":"PC12"},"291":{"t":"C421"},"294":{"t":"C25C"},"296":{"t":"P32R"},"29A":{"t":"GLID"},"29B":{"t":"B732"},"29E":{"t":"A320"},"29F":{"desc":"L1P"},"2A0":{"t":"B762"},"2A3":{"t":"C210"},"2A4":{"desc":"A1P","t":"ULAC"},"2A6":{"desc":"L1P"},"2AB":{"t":"C180"},"2BD":{"t":"C402"},"2BE":{"t":"BALL"},"2C0":{"t":"SR22"},"2C5":{"t":"CJ6"},"2C6":{"t":"B744"},"2C8":{"desc":"L1P"},"2CA":{"t":"C182"},"2D5":{"t":"C172"},"2D7":{"desc":"L1P"},"2E1":{"t":"EA50"},"2E5":{"t":"SR22"},"2F1":{"desc":"H4E"},"2F6":{"t":"B738"},"302":{"t":"CRJ7"},"308":{"desc":"L1P"},"30B":{"t":"A306"},"319":{"t":"PA44"},"31D":{"t":"C208"},"32E":{"desc":"L1P"},"332":{"t":"SR22"},"33C":{"t":"PA31"},"346":{"t":"P28B"},"347":{"t":"B06"},"34A":{"t":"PA18"},"354":{"desc":"L1P"},"35E":{"t":"C550"},"363":{"t":"C25A"},"36B":{"t":"LJ45"},"36F":{"t":"LJ45"},"372":{"t":"LJ45"},"380":{"desc":"H4E"},"385":{"t":"AT8T"},"386":{"t":"BALL"},"390":{"t":"F900"},"39D":{"t":"C337"},"39E":{"desc":"L2P"},"3A5":{"t":"EC35"},"3A9":{"desc":"L1P"},"3AF":{"desc":"L1P"},"3B2":{"desc":"H4E"},"3B8":{"desc":"H4E"},"3BA":{"t":"P28A"},"3BD":{"t":"SR22"},"3CF":{"t":"BE20"},"3D0":{"t":"P28A"},"3D2":{"t":"BE30"},"3DC":{"desc":"L1P"},"3E1":{"t":"C680"},"3E8":{"desc":"L1P","t":"ULAC"},"3EA":{"desc":"H4E"},"403":{"t":"C560"},"411":{"desc":"L1P","t":"ULAC"},"413":{"desc":"H2T"},"41A":{"t":"C337"},"422":{"desc":"H1P"},"424":{"t":"CRJ7"},"428":{"t":"C172"},"42A":{"t":"SR20"},"42B":{"t":"GLF5"},"436":{"t":"BALL"},"439":{"t":"LJ45"},"444":{"t":"S22T"},"448":{"desc":"L1P"},"44C":{"t":"P28A"},"461":{"t":"A319"},"468":{"t":"GLF3"},"470":{"desc":"H4E"},"473":{"desc":"L1P","t":"ULAC"},"47F":{"t":"B744"},"487":{"t":"C340"},"48A":{"desc":"L1P"},"49A":{"t":"GLID"},"4A7":{"desc":"H4E"},"4C2":{"desc":"H6E"},"4C6":{"t":"E75L"},"4D4":{"t":"BALL"},"4E3":{"t":"C172"},"4E4":{"t":"CH7A"},"4E6":{"t":"PA22"},"4EC":{"t":"PA20"},"4EE":{"t":"C175"},"4EF":{"t":"BALL"},"4F0":{"desc":"H4E"},"4F2":{"t":"P28A"},"4F3":{"t":"AEST"},"4F7":{"t":"P28A"},"4F8":{"t":"C172"},"4F9":{"t":"PA30"},"4FD":{"t":"BALL"},"4FF":{"t":"B47G"},"500":{"t":"B47G"},"502":{"t":"B772"},"503":{"t":"BALL"},"505":{"desc":"L1P"},"507":{"t":"CH7A"},"508":{"t":"BALL"},"50A":{"t":"C210"},"50D":{"t":"J3"},"518":{"t":"BALL"},"51E":{"t":"T34P"},"526":{"t":"BALL"},"528":{"t":"C680"},"52A":{"t":"CH7A"},"52C":{"t":"PA22"},"530":{"t":"BALL"},"537":{"t":"C206"},"538":{"t":"P28A"},"53A":{"t":"C172"},"53C":{"t":"M20P"},"53E":{"t":"C172"},"53F":{"t":"PA30"},"543":{"t":"C180"},"545":{"t":"AA5"},"547":{"t":"AA5"},"548":{"t":"AA5"},"54B":{"t":"C680"},"54C":{"t":"BALL"},"54E":{"desc":"H4E"},"553":{"t":"J3"},"554":{"t":"P28A"},"555":{"t":"PA20"},"559":{"t":"PA24"},"55B":{"t":"P28A"},"55D":{"t":"C172"},"560":{"t":"C182"},"565":{"t":"ST75"},"567":{"t":"BALL"},"56A":{"t":"C170"},"56E":{"desc":"L1P"},"571":{"t":"T6"},"576":{"t":"BALL"},"578":{"t":"PA20"},"57A":{"t":"C175"},"57B":{"t":"C182"},"57C":{"t":"PA24"},"57E":{"t":"P28A"},"580":{"t":"C172"},"585":{"t":"PA30"},"593":{"t":"CH7A"},"598":{"t":"C172"},"59A":{"t":"P28A"},"59B":{"t":"PA20"},"59F":{"t":"PA24"},"5A0":{"t":"BALL"},"5A4":{"t":"BALL"},"5A5":{"t":"M20P"},"5A6":{"t":"P28A"},"5A7":{"t":"C172"},"5AB":{"t":"AA5"},"5AC":{"t":"AA5"},"5B1":{"t":"AA5"},"5B2":{"t":"AA5"},"5B6":{"t":"CH7A"},"5B7":{"t":"T6"},"5C2":{"t":"PA24"},"5C8":{"t":"M20P"},"5CB":{"t":"PA30"},"5D0":{"t":"BALL"},"5D3":{"desc":"L1P"},"5D5":{"t":"BALL"},"5D8":{"t":"C172"},"5DA":{"t":"T6"},"5DD":{"t":"CH7B"},"5DE":{"t":"C150"},"5DF":{"t":"J3"},"5E1":{"t":"BALL"},"5E5":{"t":"BALL"},"5EC":{"t":"P28A"},"5F1":{"t":"BALL"},"5F9":{"t":"AA5"},"5FB":{"t":"C172"},"601":{"t":"BALL"},"603":{"t":"P28A"},"604":{"t":"PA20"},"605":{"t":"BALL"},"608":{"t":"PA24"},"60A":{"t":"P28A"},"60D":{"t":"BALL"},"60E":{"t":"M20P"},"613":{"t":"AA5"},"617":{"t":"B47G"},"619":{"t":"AA5"},"61B":{"t":"AA5"},"621":{"t":"PA22"},"622":{"t":"C210"},"624":{"t":"C172"},"626":{"t":"P28A"},"62B":{"t":"PA24"},"62D":{"t":"P28A"},"632":{"t":"P28A"},"635":{"t":"PA25"},"636":{"t":"AA5"},"638":{"t":"AA5"},"63A":{"t":"AA5"},"63B":{"t":"AA5"},"63C":{"t":"AA5"},"63F":{"t":"AA5"},"640":{"desc":"A2P"},"641":{"t":"AR11"},"644":{"t":"EC30"},"64D":{"desc":"H1T"},"652":{"t":"B734"},"655":{"t":"A319"},"65E":{"desc":"L1P"},"663":{"desc":"L1P"},"673":{"t":"AS50"},"674":{"desc":"L2P"},"676":{"t":"C525"},"677":{"t":"DA40"},"67B":{"t":"C82S"},"67D":{"t":"B744"},"67F":{"desc":"L1P"},"681":{"t":"C182"},"68E":{"desc":"L1P"},"68F":{"desc":"H4E"},"692":{"t":"C414"},"693":{"t":"SR22"},"695":{"t":"C172"},"698":{"t":"P28A"},"69A":{"t":"C172"},"69D":{"t":"DA40"},"6A1":{"desc":"L1P"},"6A6":{"t":"WACO"},"6A8":{"t":"BALL"},"6B6":{"t":"BE36"},"6B9":{"t":"CRJ7"},"6BE":{"t":"HUSK"},"6C2":{"t":"A306"},"6C9":{"t":"P28A"},"6CB":{"desc":"L2T"},"6D4":{"t":"C208"},"6DA":{"desc":"L1P"},"6E8":{"t":"C172"},"6F3":{"desc":"L1P"},"709":{"desc":"L1P","t":"ULAC"},"70B":{"t":"BE35"},"713":{"desc":"A1P"},"719":{"t":"BE20"},"722":{"desc":"L1P"},"728":{"t":"S22T"},"737":{"t":"PA18"},"73B":{"desc":"L1P"},"741":{"t":"BE36"},"745":{"desc":"H4E"},"747":{"desc":"L1P"},"74C":{"t":"R44"},"754":{"t":"C180"},"755":{"t":"HUSK"},"756":{"desc":"L1P"},"757":{"t":"S22T"},"75F":{"desc":"L1P","t":"ULAC"},"760":{"t":"C25C"},"766":{"t":"SBR1"},"76D":{"desc":"L1P"},"771":{"t":"P28A"},"774":{"t":"PC12"},"787":{"t":"P28A"},"78A":{"t":"SR20"},"797":{"desc":"H4E"},"7B0":{"t":"CL30"},"7B8":{"desc":"L1P","t":"ULAC"},"7B9":{"t":"P28A"},"7C9":{"desc":"L1P"},"7CC":{"t":"BE33"},"7D1":{"desc":"L1P"},"7D2":{"t":"B737"},"7D4":{"t":"SR22"},"7DB":{"desc":"L4T"},"7DF":{"t":"F2TH"},"7E1":{"t":"SR20"},"7ED":{"t":"TAYB"},"7F2":{"desc":"L1P"},"7F3":{"t":"PA30"},"7FA":{"desc":"L1P"},"7FF":{"t":"C172"},"802":{"desc":"L1P"},"818":{"t":"A319"},"821":{"t":"GLF4"},"832":{"t":"S22T"},"835":{"desc":"L1P","t":"ULAC"},"836":{"t":"B744"},"837":{"t":"C172"},"838":{"t":"B350"},"84C":{"t":"C525"},"84E":{"desc":"L1P"},"87D":{"t":"E75L"},"89B":{"t":"CH7A"},"89D":{"t":"PA22"},"89E":{"t":"C210"},"8A1":{"t":"J3"},"8A2":{"t":"P28A"},"8A9":{"t":"P28A"},"8AB":{"t":"C172"},"8AE":{"t":"P28A"},"8B0":{"t":"PA30"},"8B2":{"t":"AA5"},"8B3":{"t":"AA5"},"8B5":{"t":"AA5"},"8B6":{"t":"AA5"},"8B7":{"t":"AA5"},"8BB":{"t":"AA5"},"8BD":{"t":"C172"},"8BE":{"t":"CH7B"},"8C0":{"t":"PA22"},"8C1":{"t":"C210"},"8C4":{"t":"J3"},"8CD":{"t":"AEST"},"8CE":{"t":"C172"},"8D0":{"t":"M20P"},"8D2":{"t":"C172"},"8D5":{"t":"AA5"},"8D9":{"t":"BALL"},"8DF":{"desc":"L1P"},"8E1":{"t":"CH7A"},"8E2":{"t":"T6"},"8E4":{"t":"C210"},"8E8":{"t":"P28A"},"8E9":{"t":"PA20"},"8ED":{"t":"PA24"},"8EE":{"t":"C182"},"8EF":{"t":"P28A"},"8F0":{"t":"C182"},"8F1":{"t":"C172"},"8F4":{"t":"P28A"},"8F5":{"t":"C172"},"8F8":{"t":"B47G"},"8FC":{"t":"B47G"},"8FF":{"t":"AA5"},"905":{"t":"T6"},"906":{"t":"PA22"},"90A":{"t":"BALL"},"90B":{"t":"P28A"},"90C":{"t":"PA20"},"910":{"t":"BALL"},"911":{"t":"C182"},"914":{"t":"C172"},"917":{"t":"P28A"},"919":{"t":"PA30"},"926":{"t":"C172"},"927":{"t":"BALL"},"929":{"t":"PA22"},"931":{"t":"C175"},"935":{"t":"P28A"},"937":{"t":"BALL"},"93F":{"t":"AA5"},"941":{"t":"AA5"},"943":{"t":"BALL"},"944":{"t":"AA5"},"945":{"t":"AA5"},"949":{"t":"C172"},"94F":{"t":"C172"},"950":{"t":"J3"},"954":{"t":"C175"},"957":{"t":"BALL"},"958":{"t":"P28A"},"959":{"t":"BALL"},"95C":{"t":"M20P"},"95E":{"t":"C172"},"961":{"t":"C150"},"962":{"t":"AA5"},"96C":{"t":"C172"},"96D":{"t":"BALL"},"96E":{"desc":"L1P"},"972":{"t":"C172"},"979":{"t":"PA24"},"97A":{"t":"C182"},"97B":{"t":"P28A"},"97C":{"t":"BALL"},"97D":{"t":"C172"},"980":{"t":"P28A"},"981":{"t":"C172"},"982":{"t":"BALL"},"98C":{"t":"BALL"},"98F":{"t":"C172"},"990":{"t":"CH7A"},"992":{"t":"PA22"},"996":{"t":"J3"},"997":{"t":"P28R"},"998":{"t":"PA20"},"999":{"t":"BALL"},"99C":{"t":"PA24"},"99E":{"t":"P28A"},"9A0":{"t":"C172"},"9A1":{"t":"BALL"},"9A2":{"t":"M20P"},"9A4":{"t":"C172"},"9AA":{"desc":"L2P"},"9BA":{"t":"P28R"},"9C3":{"t":"C172"},"9C5":{"t":"M20P"},"9C8":{"t":"PA30"},"9D0":{"t":"BALL"},"9D3":{"t":"ST75"},"9D5":{"t":"C172"},"9DA":{"t":"H269"},"9DB":{"t":"C172"},"9E0":{"t":"C175"},"9E2":{"t":"PA24"},"9E4":{"t":"P28A"},"9E5":{"t":"AEST"},"9E6":{"t":"C172"},"9E9":{"t":"BE23"},"9EA":{"t":"C172"},"9EC":{"t":"PA25"},"9ED":{"t":"P51"},"9F3":{"t":"BALL"},"9F6":{"t":"PA27"},"9F7":{"t":"PA18"},"A04":{"desc":"H1T"},"A08":{"t":"C25B"},"A09":{"t":"C337"},"A0C":{"t":"A320"},"A0D":{"t":"C525"},"A0E":{"t":"B762"},"A12":{"desc":"A1P","t":"ULAC"},"A13":{"t":"P28A"},"A1A":{"desc":"L1P"},"A22":{"desc":"L1P"},"A2A":{"t":"SR20"},"A2B":{"t":"COL3"},"A2E":{"t":"S22T"},"A31":{"t":"PA18"},"A32":{"t":"PA32"},"A34":{"t":"B744"},"A38":{"t":"C182"},"A3B":{"t":"PA34"},"A3C":{"t":"HDJT"},"A43":{"t":"BE35"},"A44":{"desc":"L1P"},"A46":{"t":"C182"},"A47":{"t":"SR22"},"A48":{"desc":"L1T"},"A4E":{"desc":"L1P","t":"ULAC"},"A4F":{"desc":"L1P"},"A54":{"t":"DA40"},"A55":{"desc":"L1P"},"A58":{"desc":"L1P"},"A5C":{"t":"CL30"},"A76":{"desc":"L1P","t":"ULAC"},"A79":{"t":"A306"},"A7D":{"desc":"L1P"},"A8E":{"desc":"L1P"},"A90":{"desc":"L1P"},"A91":{"desc":"L1P"},"A95":{"t":"GLID"},"A97":{"desc":"L1P"},"AAE":{"desc":"L1P","t":"ULAC"},"AB3":{"t":"T206"},"AC2":{"desc":"L1P"},"AC8":{"t":"SR22"},"ACC":{"t":"C208"},"AD2":{"desc":"L1P"},"AD9":{"t":"ULAC"},"AE5":{"desc":"L1P"},"AF5":{"t":"SR22"},"AF9":{"t":"SR22"},"B04":{"t":"PA44"},"B0C":{"desc":"L1P","t":"B738"},"B0E":{"desc":"L1P"},"B12":{"desc":"L1P"},"B13":{"t":"R66"},"B17":{"desc":"L1P"},"B29":{"t":"BE58"},"B3E":{"t":"P28A"},"B3F":{"t":"B737"},"B41":{"t":"SR20"},"B44":{"desc":"H4E"},"B4E":{"t":"A319"},"B55":{"desc":"L1P"},"B67":{"t":"CL30"},"B6F":{"t":"PC12"},"B75":{"desc":"L1P"},"B78":{"desc":"L1P"},"B7A":{"desc":"L1J"},"B80":{"desc":"L1P","t":"ULAC"},"B83":{"desc":"L1P"},"B88":{"desc":"L1P"},"B89":{"t":"DA42"},"B8B":{"t":"SR22"},"B8D":{"desc":"L1P"},"B92":{"t":"CRJ7"},"B94":{"desc":"L1P"},"B96":{"t":"E35L"},"B98":{"desc":"L1P"},"B9D":{"t":"B737"},"BA2":{"desc":"L1P"},"BA3":{"desc":"L1P"},"BA4":{"t":"BALL"},"BAA":{"desc":"L1P"},"BAD":{"desc":"H4E"},"BB6":{"t":"C172"},"BEC":{"desc":"L2P"},"BED":{"t":"B744"},"C06":{"desc":"L1E"},"C34":{"t":"E75L"},"C52":{"t":"CH7A"},"C53":{"desc":"A1P","t":"ULAC"},"C54":{"t":"BE60"},"C55":{"t":"BALL"},"C57":{"t":"C172"},"C58":{"t":"J3"},"C5A":{"t":"PA20"},"C5B":{"t":"BALL"},"C5C":{"t":"C175"},"C5E":{"t":"PA24"},"C61":{"t":"BALL"},"C65":{"t":"P28A"},"C66":{"t":"C172"},"C67":{"t":"PA30"},"C69":{"t":"B14A"},"C6B":{"t":"BALL"},"C6C":{"t":"B14A"},"C6F":{"t":"T206"},"C70":{"t":"BALL"},"C74":{"t":"C172"},"C75":{"t":"CH7A"},"C76":{"t":"T6"},"C77":{"t":"BALL"},"C7A":{"t":"C172"},"C7B":{"t":"J3"},"C7C":{"t":"P28R"},"C7D":{"t":"BALL"},"C7F":{"t":"C175"},"C85":{"t":"C172"},"C87":{"t":"M20P"},"C88":{"t":"P28A"},"C8A":{"t":"PA30"},"C8E":{"t":"B14A"},"C8F":{"t":"B14A"},"C94":{"t":"AA5"},"C95":{"t":"AA5"},"C97":{"t":"C172"},"C9A":{"t":"PA22"},"C9D":{"t":"C172"},"C9E":{"t":"J3"},"CA2":{"t":"C175"},"CA5":{"t":"C182"},"CA6":{"t":"P28A"},"CAA":{"t":"M20P"},"CAC":{"t":"C195"},"CAE":{"t":"PA25"},"CAF":{"t":"B14A"},"CB0":{"t":"B14A"},"CB2":{"t":"B14A"},"CB4":{"t":"AA5"},"CB7":{"t":"B14A"},"CB9":{"desc":"L1P","t":"ULAC"},"CBB":{"t":"CH7A"},"CBD":{"t":"BALL"},"CC3":{"t":"PA20"},"CC6":{"t":"C182"},"CC7":{"t":"PA24"},"CCD":{"t":"M20P"},"CCE":{"t":"BALL"},"CCF":{"t":"C172"},"CD3":{"t":"B14A"},"CD5":{"t":"B14A"},"CD7":{"t":"B14A"},"CD9":{"t":"AA5"},"CDC":{"t":"M7"},"CDD":{"t":"T206"},"CE0":{"t":"PA22"},"CE4":{"t":"J3"},"CE6":{"t":"PA20"},"CE9":{"t":"C185"},"CEA":{"t":"PA24"},"CEC":{"t":"P28A"},"CED":{"desc":"L1P"},"CEE":{"t":"C172"},"CF0":{"t":"M20P"},"CF2":{"t":"C172"},"CF6":{"t":"B14A"},"CF8":{"t":"AA5"},"D01":{"t":"CH7A"},"D04":{"t":"C210"},"D06":{"t":"C172"},"D0C":{"t":"C182"},"D0D":{"t":"PA24"},"D10":{"t":"AEST"},"D11":{"t":"R44"},"D15":{"t":"C172"},"D1F":{"t":"B14A"},"D23":{"t":"C172"},"D24":{"t":"CH7A"},"D29":{"t":"C172"},"D2D":{"t":"PA31"},"D2E":{"t":"C175"},"D30":{"t":"PA24"},"D33":{"t":"C82T"},"D37":{"t":"P28A"},"D38":{"t":"C172"},"D3A":{"t":"PA18"},"D3C":{"t":"AA5"},"D3D":{"t":"AA5"},"D41":{"t":"B14A"},"D42":{"t":"B14A"},"D44":{"t":"B14A"},"D46":{"t":"C172"},"D47":{"t":"CH7A"},"D4C":{"t":"C172"},"D4D":{"t":"J3"},"D4F":{"desc":"L1P"},"D54":{"t":"C182"},"D55":{"t":"P28A"},"D59":{"t":"M20P"},"D5A":{"t":"P28A"},"D5E":{"t":"AA5"},"D63":{"t":"AA5"},"D64":{"t":"AA5"},"D69":{"t":"GLID"},"D6A":{"t":"CH7A"},"D75":{"t":"C182"},"D78":{"t":"P28A"},"D7A":{"t":"C172"},"D82":{"t":"B14A"},"D83":{"t":"B14A"},"D84":{"t":"B14A"},"D8B":{"desc":"L1P"},"D8E":{"desc":"L1P"},"D8F":{"t":"PA22"},"D92":{"t":"C172"},"D95":{"t":"PA20"},"D98":{"t":"C182"},"D99":{"t":"PA24"},"D9C":{"desc":"L1P"},"D9D":{"t":"C172"},"D9F":{"t":"M20P"},"DA0":{"t":"P28A"},"DA1":{"t":"C172"},"DA2":{"t":"PA30"},"DA6":{"t":"AA5"},"DA7":{"t":"AA5"},"DA9":{"t":"B14A"},"DAB":{"t":"B14A"},"DAC":{"t":"AA5"},"DAD":{"t":"B14A"},"DAF":{"t":"B737"},"DB0":{"desc":"H1P"},"DB2":{"t":"BL8"},"DB4":{"t":"PC12"},"DBB":{"desc":"H1T"},"DC0":{"t":"C337"},"DC3":{"t":"A320"},"DC5":{"t":"B762"},"DC8":{"t":"BE35"},"DC9":{"desc":"A1P","t":"ULAC"},"DD1":{"desc":"L1P"},"DD5":{"desc":"L1P"},"DDA":{"desc":"L1P"},"DE1":{"t":"S108"},"DE2":{"t":"P212"},"DE4":{"desc":"L1P","t":"ULAC"},"DE5":{"t":"SR22"},"DEB":{"t":"B744"},"DED":{"t":"P28A"},"DEF":{"t":"C182"},"DFC":{"t":"C750"},"E08":{"t":"R22"},"E0A":{"t":"R44"},"E0B":{"t":"P28A"},"E17":{"t":"P28R"},"E24":{"desc":"H6E"},"E30":{"t":"A306"},"E3C":{"desc":"H4E"},"E40":{"t":"PA24"},"E46":{"desc":"L2P"},"E56":{"desc":"L1P","t":"ULAC"},"E5E":{"t":"C206"},"E69":{"desc":"L1P"},"E77":{"desc":"L1P","t":"ULAC"},"E79":{"t":"BL8"},"E7D":{"t":"CH7B"},"E7E":{"t":"C25A"},"E89":{"desc":"L1P"},"E9E":{"desc":"L1P"},"EA1":{"t":"C180"},"EA2":{"t":"M7"},"EB0":{"t":"LJ60"},"EC3":{"desc":"L2P"},"ECA":{"t":"H500"},"EDF":{"t":"P28A"},"EF1":{"t":"SR22"},"EF5":{"t":"P28A"},"EFC":{"t":"B407"},"F00":{"desc":"L1P"},"F04":{"desc":"H4E"},"F0E":{"desc":"H4E"},"F1E":{"t":"CL30"},"F26":{"t":"PA18"},"F28":{"t":"C150"},"F2D":{"t":"R44"},"F3A":{"desc":"L1P"},"F42":{"t":"PC12"},"F49":{"t":"CRJ7"},"F4D":{"t":"C172"},"F54":{"t":"B737"},"F58":{"t":"BE36"},"F60":{"t":"C172"},"F6A":{"t":"LJ45"},"F6D":{"t":"C172"},"F8A":{"desc":"L1P"},"FA4":{"t":"B744"},"FAB":{"desc":"L1P","t":"ULAC"},"FAC":{"t":"H25B"},"FB8":{"desc":"L1P"},"FEB":{"t":"E75L"}}