{"001":{"t":"GLID"},"004":{"desc":"L1P"},"019":{"t":"BALL"},"01C":{"t":"BE60"},"01D":{"t":"R22"},"01E":{"t":"CH7A"},"01F":{"t":"C150"},"020":{"t":"PA12"},"021":{"t":"P28R"},"022":{"t":"C180"},"023":{"t":"ULAC"},"026":{"t":"PA24"},"027":{"t":"C310"},"028":{"t":"P28A"},"02A":{"t":"R44"},"02B":{"t":"R22"},"02C":{"t":"ULAC"},"02E":{"t":"C172"},"030":{"t":"PA25"},"031":{"t":"ST75"},"032":{"t":"ULAC"},"033":{"desc":"L1P","t":"ULAC"},"035":{"desc":"H1P"},"036":{"t":"H269"},"038":{"desc":"L1P"},"039":{"t":"P28A"},"03A":{"t":"P28A"},"03B":{"t":"C180"},"03C":{"t":"H269"},"03F":{"t":"R44"},"041":{"t":"CH7A"},"042":{"t":"R44"},"048":{"desc":"L1P","t":"ULAC"},"04F":{"desc":"L1P"},"050":{"t":"R44"},"051":{"desc":"G1P","t":"GYRO"},"052":{"t":"ULAC"},"054":{"t":"P28A"},"056":{"t":"ULAC"},"058":{"t":"P28A"},"05A":{"desc":"A1P"},"05B":{"t":"P28B"},"05D":{"t":"P32R"},"060":{"desc":"L1P","t":"ULAC"},"061":{"t":"R22"},"064":{"t":"CH7A"},"066":{"t":"ULAC"},"067":{"t":"P28R"},"068":{"t":"PA18"},"06A":{"t":"C175"},"06B":{"t":"R44"},"06D":{"t":"C310"},"070":{"t":"C172"},"073":{"t":"P28A"},"077":{"t":"PA34"},"07B":{"t":"P28A"},"07C":{"desc":"L1P","t":"ULAC"},"07D":{"t":"P28A"},"07E":{"t":"P28R"},"083":{"t":"CH7A"},"084":{"desc":"L1P"},"086":{"t":"CH7A"},"087":{"t":"CH7A"},"088":{"t":"ULAC"},"08A":{"t":"P28R"},"08B":{"t":"PA18"},"08C":{"t":"ULAC"},"08E":{"t":"BE36"},"08F":{"t":"ULAC"},"091":{"t":"P28A"},"094":{"desc":"L1P"},"095":{"t":"ULAC"},"097":{"t":"C172"},"09A":{"t":"P32R"},"09C":{"t":"P28A"},"09D":{"t":"P28A"},"09E":{"t":"P28A"},"09F":{"t":"GLID"},"0A0":{"t":"P28A"},"0A8":{"t":"PA22"},"0AE":{"t":"B06"},"0AF":{"desc":"L1P"},"0B0":{"t":"C175"},"0B1":{"desc":"L1P"},"0B4":{"t":"P28A"},"0B5":{"t":"R22"},"0B6":{"t":"C172"},"0B8":{"t":"R22"},"0B9":{"t":"R22"},"0BA":{"t":"C172"},"0BD":{"t":"UH1"},"0BE":{"t":"PA32"},"0C0":{"t":"P32R"},"0C3":{"t":"P28A"},"0C4":{"t":"P28A"},"0C6":{"t":"P28A"},"0C9":{"t":"CH7A"},"0CA":{"desc":"L1P"},"0CB":{"desc":"L2P"},"0CE":{"t":"C150"},"0CF":{"t":"PA12"},"0D0":{"t":"P28R"},"0D1":{"t":"PA18"},"0D5":{"t":"PA24"},"0D7":{"t":"P28A"},"0D8":{"t":"UH1"},"0D9":{"t":"C172"},"0DA":{"t":"C150"},"0DB":{"t":"C77R"},"0DC":{"t":"P28A"},"0DD":{"t":"C172"},"0DE":{"t":"PA30"},"0DF":{"t":"UH1"},"0E1":{"t":"P28A"},"0E2":{"t":"P28R"},"0E3":{"t":"P28R"},"0E4":{"t":"BALL"},"0E6":{"t":"P32R"},"0E8":{"t":"P28A"},"0EB":{"t":"BALL"},"0EE":{"t":"PA22"},"0F0":{"t":"CH7B"},"0F1":{"t":"R22"},"0F2":{"t":"BALL"},"0F3":{"t":"P28R"},"0F4":{"t":"PA18"},"0F6":{"t":"C175"},"0F7":{"t":"BE35"},"0F8":{"t":"PA24"},"0F9":{"t":"C310"},"0FC":{"t":"C172"},"0FE":{"t":"C77R"},"0FF":{"t":"P28A"},"101":{"t":"PA30"},"102":{"t":"PA25"},"103":{"t":"ST75"},"105":{"t":"P28A"},"106":{"t":"P28A"},"107":{"t":"P28A"},"108":{"t":"P28A"},"10A":{"t":"BALL"},"10C":{"t":"P28A"},"10D":{"t":"T6"},"111":{"t":"PA22"},"112":{"t":"CH7A"},"114":{"t":"C150"},"115":{"t":"PA12"},"116":{"t":"P28R"},"117":{"t":"PA18"},"118":{"t":"BALL"},"11A":{"t":"BE35"},"11B":{"t":"PA24"},"11C":{"t":"C310"},"11D":{"t":"P28A"},"120":{"t":"R22"},"121":{"t":"C77R"},"122":{"t":"R22"},"123":{"t":"C172"},"127":{"t":"P28B"},"12A":{"t":"P28A"},"12B":{"t":"R44"},"12D":{"t":"P28A"},"12F":{"t":"P28A"},"132":{"t":"CH7A"},"135":{"t":"BALL"},"136":{"t":"CH7B"},"139":{"t":"P28R"},"13A":{"t":"PA18"},"13B":{"t":"ULAC"},"13C":{"t":"C175"},"13D":{"t":"BE35"},"13E":{"t":"PA24"},"13F":{"t":"R44"},"141":{"t":"BALL"},"143":{"t":"ULAC"},"145":{"t":"P28A"},"146":{"desc":"L1P","t":"ULAC"},"147":{"t":"R22"},"149":{"t":"BALL"},"14A":{"t":"BALL"},"14B":{"t":"P28R"},"14D":{"t":"P32R"},"14E":{"desc":"L1P","t":"ULAC"},"14F":{"t":"P28A"},"150":{"t":"P28A"},"151":{"t":"BALL"},"155":{"t":"BALL"},"156":{"desc":"L1P"},"159":{"t":"CH7B"},"15A":{"t":"R44"},"15C":{"t":"BALL"},"15D":{"t":"PA18"},"160":{"t":"BALL"},"161":{"t":"PA24"},"165":{"t":"C172"},"169":{"t":"C172"},"16A":{"t":"PA30"},"16C":{"t":"P28A"},"16E":{"t":"BALL"},"16F":{"t":"P28A"},"171":{"t":"P32R"},"172":{"t":"P32R"},"173":{"t":"ST75"},"174":{"t":"P28A"},"176":{"t":"PA18"},"177":{"desc":"H1T","t":"S55P"},"183":{"t":"AS50"},"184":{"t":"B772"},"18D":{"t":"B762"},"190":{"t":"SR22"},"191":{"desc":"A1P","t":"ULAC"},"192":{"desc":"L1P"},"197":{"desc":"L1P"},"1AA":{"t":"BE55"},"1AC":{"t":"C550"},"1AF":{"t":"PA30"},"1B1":{"t":"AS50"},"1B3":{"t":"C500"},"1B7":{"t":"P28R"},"1BB":{"t":"SR22"},"1BF":{"desc":"L2J"},"1C2":{"t":"BE35"},"1C5":{"t":"B06"},"1C6":{"desc":"L1P"},"1C7":{"t":"CH7A"},"1CA":{"t":"B722"},"1CC":{"desc":"L1P"},"1CE":{"t":"C182"},"1D2":{"desc":"L1P"},"1D3":{"t":"DA40"},"1D4":{"t":"C310"},"1D7":{"t":"C172"},"1DC":{"t":"LJ25"},"1DE":{"t":"R44"},"1DF":{"desc":"H4E"},"1EF":{"t":"CRJ7"},"1F5":{"desc":"H6E"},"1F9":{"t":"C208"},"1FB":{"desc":"L1P"},"20A":{"t":"C208"},"219":{"t":"C750"},"23F":{"desc":"L1P","t":"ULAC"},"242":{"t":"FA50"},"24F":{"desc":"L1P"},"250":{"t":"C25B"},"258":{"t":"WACO"},"25E":{"desc":"L1P"},"269":{"t":"P28R"},"26A":{"t":"R44"},"271":{"t":"T206"},"27F":{"t":"LJ45"},"283":{"desc":"L2J"},"28A":{"t":"CL30"},"28B":{"t":"B734"},"28C":{"t":"S22T"},"290":{"t":"C150"},"293":{"t":"BALL"},"296":{"t":"P46T"},"29A":{"desc":"L1P"},"29B":{"desc":"L1P"},"2A4":{"t":"B752"},"2A7":{"t":"P28A"},"2B4":{"t":"H25B"},"2C6":{"t":"R44"},"2CD":{"t":"S22T"},"2CE":{"desc":"L1P"},"2D2":{"desc":"L1P","t":"ULAC"},"2E6":{"t":"CL30"},"2EE":{"t":"LJ45"},"2EF":{"t":"P28A"},"2F0":{"desc":"L2E"},"2F5":{"desc":"L1P"},"2F6":{"desc":"L1P"},"2F7":{"t":"C750"},"307":{"t":"F2TH"},"308":{"desc":"H8E"},"309":{"t":"SR22"},"30C":{"desc":"L1P"},"310":{"t":"B763"},"311":{"t":"CRJ7"},"315":{"t":"E35L"},"318":{"desc":"H4E"},"31C":{"t":"B737"},"320":{"desc":"L1P"},"322":{"desc":"L1P"},"335":{"desc":"L1P"},"34A":{"t":"A319"},"353":{"t":"BE36"},"36B":{"desc":"L1P"},"36D":{"desc":"L1P"},"374":{"t":"C750"},"380":{"t":"T28"},"396":{"desc":"L1P"},"3A7":{"t":"YK52"},"3B3":{"t":"E75L"},"3B6":{"desc":"L1P"},"3B7":{"desc":"L1P"},"3C1":{"desc":"H4E"},"3CF":{"t":"ST75"},"3D0":{"t":"MD82"},"3D1":{"t":"CH7A"},"3D2":{"desc":"L1P"},"3D3":{"t":"PA22"},"3D4":{"t":"ULAC"},"3D8":{"desc":"L1P","t":"ULAC"},"3D9":{"t":"C180"},"3DA":{"t":"BALL"},"3DB":{"t":"C175"},"3DD":{"t":"PA24"},"3DF":{"t":"P28A"},"3E1":{"t":"C172"},"3E2":{"desc":"L1P"},"3E4":{"desc":"L1P","t":"ULAC"},"3E5":{"t":"C172"},"3E6":{"t":"PA30"},"3E8":{"t":"P28A"},"3EA":{"t":"P28A"},"3F0":{"desc":"L1P"},"3F4":{"t":"CH7A"},"3F5":{"desc":"L1P"},"3F6":{"t":"PA22"},"3F7":{"t":"ULAC"},"3F8":{"desc":"L1P","t":"ULAC"},"3FA":{"t":"PA12"},"3FB":{"t":"P28R"},"3FC":{"t":"C180"},"3FD":{"t":"BALL"},"3FF":{"t":"BE35"},"401":{"t":"ULAC"},"402":{"t":"BE35"},"404":{"t":"C172"},"406":{"t":"C77R"},"408":{"t":"C172"},"40A":{"t":"R22"},"40C":{"t":"P28A"},"40E":{"t":"BALL"},"412":{"t":"P28A"},"413":{"t":"ST75"},"417":{"t":"CH7A"},"418":{"desc":"L1P"},"419":{"t":"PA22"},"41F":{"t":"C180"},"423":{"t":"PA24"},"425":{"t":"P28A"},"427":{"t":"C172"},"428":{"desc":"L1P"},"42A":{"t":"P28A"},"42B":{"t":"C172"},"42C":{"t":"BALL"},"430":{"t":"BALL"},"431":{"t":"ST75"},"435":{"t":"ST75"},"437":{"t":"P28A"},"439":{"t":"BALL"},"43C":{"t":"PA22"},"43D":{"t":"R44"},"43E":{"t":"BALL"},"43F":{"t":"C172"},"440":{"t":"PA12"},"441":{"t":"P28R"},"442":{"t":"PA18"},"443":{"t":"BALL"},"444":{"t":"C175"},"445":{"t":"BE36"},"448":{"t":"P28A"},"44A":{"t":"R44"},"44C":{"t":"C77R"},"44D":{"t":"P28A"},"44F":{"t":"PA30"},"450":{"t":"PA25"},"452":{"t":"P28A"},"453":{"t":"P28A"},"456":{"t":"BALL"},"457":{"t":"ST75"},"45A":{"t":"P28A"},"45C":{"t":"BALL"},"45F":{"t":"PA22"},"460":{"t":"CH7A"},"461":{"t":"CH7B"},"462":{"t":"C172"},"463":{"t":"PA12"},"465":{"t":"PA18"},"466":{"t":"BALL"},"467":{"t":"C175"},"46B":{"t":"P28A"},"46D":{"t":"C172"},"470":{"t":"R44"},"474":{"desc":"L1P","t":"ULAC"},"475":{"t":"ST75"},"476":{"t":"PA32"},"478":{"t":"ST75"},"479":{"t":"BALL"},"47B":{"t":"P32R"},"47C":{"t":"P28A"},"47D":{"t":"P28A"},"482":{"t":"PA22"},"483":{"t":"CH7A"},"486":{"t":"PA12"},"487":{"t":"P28R"},"48B":{"t":"BE36"},"48C":{"t":"PA24"},"48E":{"t":"P28A"},"48F":{"t":"BALL"},"491":{"desc":"L1P"},"493":{"t":"P28A"},"497":{"t":"BALL"},"499":{"desc":"L1P"},"49B":{"t":"P28A"},"49C":{"t":"P28A"},"49E":{"t":"ST75"},"4A0":{"t":"BALL"},"4A3":{"t":"CH7A"},"4A4":{"desc":"L1P"},"4A5":{"t":"PA22"},"4A6":{"t":"CH7A"},"4A7":{"t":"CH7B"},"4A8":{"t":"C172"},"4AA":{"t":"P28R"},"4AC":{"t":"R44"},"4AD":{"t":"C175"},"4AE":{"t":"BE36"},"4AF":{"t":"R22"},"4B0":{"t":"C310"},"4B3":{"t":"C172"},"4B6":{"t":"P28A"},"4B7":{"t":"C172"},"4B8":{"desc":"L1P","t":"ULAC"},"4BD":{"t":"ST75"},"4C1":{"t":"P32R"},"4C3":{"t":"P28A"},"4C9":{"t":"BALL"},"4CA":{"t":"CH7B"},"4CB":{"t":"R44"},"4CD":{"t":"P28R"},"4CE":{"t":"C180"},"4CF":{"t":"R44"},"4D0":{"t":"C175"},"4D1":{"t":"BE36"},"4D2":{"t":"PA24"},"4D4":{"t":"P28A"},"4D5":{"t":"BALL"},"4D6":{"t":"C172"},"4D8":{"t":"C77R"},"4D9":{"t":"P28A"},"4DA":{"t":"C172"},"4DD":{"t":"P28A"},"4DE":{"t":"ULAC"},"4DF":{"t":"ST75"},"4E0":{"t":"ULAC"},"4E1":{"t":"P28A"},"4E3":{"t":"P28A"},"4E4":{"t":"P28A"},"4E5":{"t":"P28R"},"4E6":{"t":"P32R"},"4E8":{"t":"MD82"},"4E9":{"t":"CH7A"},"4ED":{"t":"CH7B"},"4EE":{"t":"C172"},"4F0":{"t":"P28R"},"4F2":{"t":"R22"},"4F5":{"t":"PA18"},"4F7":{"t":"R44"},"4F8":{"t":"AEST"},"4FA":{"t":"R44"},"4FC":{"t":"P28A"},"4FD":{"t":"C172"},"4FE":{"t":"PA30"},"4FF":{"t":"R44"},"500":{"t":"L8"},"502":{"desc":"L1P"},"503":{"t":"ULAC"},"50B":{"t":"BALL"},"50C":{"t":"CH7A"},"50E":{"desc":"L1P","t":"ULAC"},"514":{"t":"C180"},"516":{"t":"R44"},"517":{"t":"C182"},"518":{"t":"R22"},"51A":{"t":"P28A"},"51D":{"t":"C172"},"51E":{"t":"R44"},"51F":{"t":"P28A"},"520":{"t":"C172"},"522":{"t":"R22"},"523":{"t":"P28A"},"525":{"t":"P28A"},"526":{"t":"P28R"},"52C":{"t":"P32R"},"52D":{"desc":"A1P"},"52E":{"t":"LJ45"},"534":{"desc":"L2T"},"538":{"desc":"L1T"},"53A":{"t":"AS50"},"53B":{"t":"B772"},"540":{"desc":"L1P"},"542":{"t":"A319"},"543":{"t":"BE20"},"547":{"t":"BE33"},"54B":{"t":"C525"},"54D":{"t":"EN48"},"54F":{"desc":"L1P"},"552":{"t":"TBM7"},"55D":{"desc":"L1T"},"560":{"t":"P46T"},"561":{"t":"TBM7"},"564":{"t":"SR22"},"567":{"desc":"H4E"},"568":{"t":"AS50"},"56C":{"t":"ULAC"},"56E":{"t":"C82S"},"576":{"t":"B752"},"578":{"desc":"L1P"},"585":{"t":"BE58"},"58E":{"t":"M7"},"592":{"t":"AS50"},"596":{"desc":"H1P"},"5A6":{"t":"CRJ7"},"5AC":{"t":"AT8T"},"5AD":{"desc":"L1P"},"5B9":{"desc":"H4E"},"5C1":{"t":"C208"},"5C4":{"t":"AC11"},"5CD":{"t":"C560"},"5D5":{"t":"BE9L"},"5D9":{"t":"C172"},"5DD":{"desc":"L1P"},"5F6":{"desc":"L1P","t":"ULAC"},"5F8":{"t":"M20P"},"600":{"desc":"L1P"},"61D":{"t":"C208"},"620":{"t":"P28R"},"641":{"desc":"L1T"},"642":{"t":"B734"},"643":{"t":"C560"},"64E":{"desc":"L1P"},"656":{"t":"GLID"},"657":{"desc":"H1P"},"65B":{"desc":"H4E"},"65E":{"t":"P28A"},"66B":{"t":"H25B"},"673":{"desc":"H2T"},"674":{"t":"SR22"},"67E":{"desc":"H4E"},"684":{"t":"S22T"},"69D":{"t":"CL30"},"6A6":{"desc":"L1P"},"6A7":{"t":"BE58"},"6AC":{"desc":"L1P"},"6AE":{"t":"BL8"},"6B3":{"t":"CL30"},"6B9":{"desc":"L1P"},"6BF":{"t":"B742"},"6C1":{"t":"C172"},"6C3":{"desc":"L1P"},"6C6":{"t":"BALL"},"6C8":{"t":"CRJ7"},"6C9":{"t":"B429"},"6CC":{"t":"PA24"},"6D0":{"desc":"L1P"},"6D7":{"t":"PA18"},"6DA":{"t":"BALL"},"6DD":{"desc":"H4E"},"6E7":{"t":"SW4"},"6EC":{"t":"SR22"},"6ED":{"t":"BALL"},"701":{"t":"A319"},"709":{"t":"S76"},"722":{"t":"BE33"},"725":{"desc":"L1P"},"733":{"t":"T206"},"737":{"desc":"L1P"},"744":{"t":"C750"},"754":{"desc":"L1P"},"788":{"t":"R44"},"789":{"t":"R44"},"78A":{"t":"R22"},"78B":{"t":"R44"},"78F":{"t":"P28R"},"790":{"t":"C180"},"792":{"t":"R44"},"793":{"t":"ULAC"},"795":{"t":"C310"},"797":{"desc":"H1P"},"798":{"t":"C172"},"799":{"t":"R44"},"79A":{"t":"C77R"},"79B":{"t":"P28A"},"7A0":{"t":"ULAC"},"7A1":{"t":"ULAC"},"7A2":{"t":"P28A"},"7A3":{"t":"P28A"},"7A4":{"t":"P28A"},"7A6":{"t":"ULAC"},"7A7":{"t":"P28B"},"7A9":{"t":"GLID"},"7AC":{"desc":"L1P"},"7AF":{"t":"CH7B"},"7B2":{"t":"P28R"},"7B4":{"desc":"L1P","t":"ULAC"},"7B6":{"t":"C182"},"7B7":{"t":"PA24"},"7B8":{"t":"C310"},"7B9":{"t":"P28A"},"7BA":{"desc":"L1P","t":"ULAC"},"7BB":{"t":"C172"},"7BE":{"t":"P28A"},"7C0":{"t":"ULAC"},"7C4":{"desc":"L1P","t":"ULAC"},"7C7":{"t":"P28A"},"7CE":{"t":"CH7A"},"7D0":{"t":"R22"},"7D1":{"t":"CH7A"},"7D2":{"t":"CH7B"},"7D5":{"t":"P28R"},"7D6":{"t":"PA18"},"7D9":{"t":"T206"},"7DA":{"t":"PA24"},"7DC":{"t":"R22"},"7DD":{"t":"R22"},"7DE":{"t":"C172"},"7E1":{"t":"P28A"},"7E2":{"t":"C172"},"7E4":{"t":"PA25"},"7E5":{"t":"P28A"},"7E6":{"t":"ST75"},"7E8":{"t":"ULAC"},"7E9":{"t":"ST75"},"7EB":{"t":"ULAC"},"7EC":{"t":"P28A"},"7ED":{"desc":"L1P"},"7EE":{"t":"B14A"},"7F2":{"t":"PA32"},"7F3":{"t":"R22"},"7F6":{"t":"C150"},"7FD":{"t":"PA24"},"800":{"t":"AEST"},"801":{"t":"C172"},"803":{"t":"C77R"},"805":{"t":"C172"},"806":{"t":"PA30"},"807":{"desc":"L1P"},"809":{"t":"ULAC"},"80A":{"t":"P28A"},"80E":{"t":"P28A"},"814":{"t":"CH7A"},"816":{"t":"R44"},"817":{"t":"CH7A"},"81B":{"t":"P28R"},"81C":{"t":"PA18"},"81D":{"t":"R22"},"81E":{"t":"C175"},"820":{"t":"PA24"},"822":{"t":"P28A"},"824":{"t":"C172"},"826":{"t":"C77R"},"82B":{"t":"P28R"},"82D":{"t":"T6"},"830":{"desc":"L1P"},"834":{"t":"ULAC"},"838":{"desc":"L1P"},"83A":{"t":"R22"},"83D":{"t":"PA12"},"83E":{"t":"P28R"},"83F":{"t":"PA18"},"841":{"t":"C175"},"845":{"t":"P28A"},"847":{"t":"C172"},"849":{"t":"C77R"},"84B":{"t":"C172"},"84C":{"t":"PA30"},"84D":{"t":"R22"},"857":{"t":"ST75"},"85A":{"t":"R22"},"85B":{"desc":"L1P"},"85D":{"t":"CH7A"},"85E":{"desc":"L1P"},"861":{"t":"P28R"},"864":{"t":"C175"},"865":{"t":"C182"},"86A":{"t":"C172"},"86C":{"t":"C77R"},"875":{"desc":"G1P"},"876":{"t":"CH7A"},"877":{"t":"J3"},"87A":{"t":"CH7A"},"87B":{"t":"GLID"},"87D":{"t":"CH7A"},"87E":{"desc":"L1P"},"880":{"t":"CH7A"},"882":{"t":"C182"},"883":{"t":"PA12"},"884":{"t":"P28R"},"885":{"t":"PA18"},"887":{"t":"C175"},"889":{"t":"PA24"},"88A":{"t":"C310"},"88B":{"t":"P28A"},"88E":{"desc":"L1P"},"88F":{"t":"C77R"},"890":{"t":"P28A"},"892":{"t":"PA30"},"894":{"t":"J3"},"896":{"t":"ULAC"},"897":{"t":"CH7A"},"89A":{"t":"P28A"},"8A2":{"t":"PA22"},"8A4":{"t":"CH7B"},"8A8":{"t":"PA18"},"8AC":{"t":"PA24"},"8B0":{"t":"C172"},"8B1":{"t":"C150"},"8B2":{"t":"C77R"},"8B4":{"t":"C172"},"8B5":{"t":"PA30"},"8B7":{"desc":"L1P"},"8B8":{"t":"P28A"},"8B9":{"t":"P28A"},"8BA":{"t":"P28A"},"8BB":{"t":"P28A"},"8BD":{"t":"P28R"},"8BE":{"t":"P32R"},"8C1":{"t":"GLID"},"8C4":{"desc":"L1P"},"8C5":{"t":"PA22"},"8C6":{"t":"CH7A"},"8C7":{"t":"CH7B"},"8CA":{"t":"ULAC"},"8CD":{"t":"C175"},"8CE":{"t":"C206"},"8D3":{"t":"C172"},"8D4":{"t":"C150"},"8D6":{"t":"P28A"},"8D7":{"t":"C172"},"8D8":{"t":"PA30"},"8DA":{"desc":"L1P","t":"ULAC"},"8DB":{"t":"PA34"},"8DC":{"t":"P28A"},"8DF":{"t":"ULAC"},"8E1":{"t":"P32R"},"8E2":{"t":"P32R"},"8E5":{"t":"LJ45"},"8E8":{"t":"BL8"},"8EA":{"t":"H25B"},"8EF":{"t":"PA12"},"8F1":{"t":"AS50"},"8F2":{"t":"B772"},"8FA":{"t":"B407"},"8FF":{"t":"R44"},"902":{"desc":"L2T"},"907":{"desc":"L1P"},"90C":{"desc":"L1P"},"913":{"t":"P28A"},"916":{"desc":"H4E"},"917":{"t":"S108"},"918":{"t":"BE20"},"925":{"t":"C172"},"92D":{"t":"B752"},"930":{"t":"PA32"},"933":{"desc":"H4E"},"939":{"t":"SR22"},"93C":{"desc":"A1P"},"957":{"desc":"L1P"},"95D":{"t":"CRJ7"},"978":{"t":"C208"},"97C":{"desc":"L2P"},"98A":{"desc":"H4E"},"98D":{"desc":"L1P"},"997":{"t":"BE36"},"99B":{"desc":"H4E"},"9AD":{"desc":"L1P","t":"ULAC"},"9B8":{"t":"F900"},"9BE":{"t":"C414"},"9C9":{"t":"C414"},"9D4":{"t":"C208"},"9E0":{"t":"AT8T"},"9F0":{"t":"PA18"},"9F9":{"t":"PA46"},"9FD":{"t":"C182"},"A00":{"t":"EN28"},"A04":{"t":"F900"},"A12":{"t":"B752"},"A15":{"t":"P28A"},"A1F":{"desc":"H4E"},"A2A":{"t":"BE36"},"A2B":{"desc":"H6E"},"A2D":{"desc":"L1P"},"A54":{"t":"CL30"},"A5C":{"t":"R44"},"A5F":{"t":"RV12"},"A62":{"t":"SR22"},"A64":{"t":"R44"},"A66":{"desc":"L1P"},"A6A":{"desc":"L1P"},"A70":{"desc":"L1P"},"A71":{"t":"BE36"},"A75":{"desc":"L1P"},"A76":{"t":"B742"},"A7A":{"desc":"L1P"},"A7F":{"t":"CRJ7"},"A81":{"desc":"A1P"},"A83":{"t":"C172"},"A85":{"t":"SR22"},"A8A":{"t":"B737"},"A8E":{"desc":"L1P"},"A8F":{"desc":"L1P"},"A9F":{"desc":"H4E","t":"GLEX"},"AA3":{"t":"BE9L"},"ABA":{"desc":"L1P","t":"ULAC"},"ABC":{"t":"A319"},"AC9":{"desc":"H1P"},"ADA":{"desc":"L1T","t":"PA46"},"ADC":{"t":"F900"},"AE1":{"desc":"H4E"},"B0A":{"desc":"H4E"},"B41":{"t":"PA22"},"B42":{"t":"CH7A"},"B43":{"t":"CH7B"},"B44":{"t":"C172"},"B49":{"desc":"L1P","t":"ULAC"},"B4A":{"t":"BE33"},"B4E":{"t":"T6"},"B5F":{"desc":"L1P","t":"ULAC"},"B61":{"t":"MD82"},"B62":{"t":"CH7A"},"B63":{"desc":"L1P"},"B69":{"desc":"L1P","t":"ULAC"},"B70":{"t":"P28A"},"B72":{"t":"C172"},"B75":{"t":"P28A"},"B76":{"t":"C172"},"B79":{"t":"B739"},"B7D":{"desc":"L1P","t":"ULAC"},"B7F":{"t":"ULAC"},"B80":{"desc":"L1P"},"B86":{"desc":"L1P"},"B87":{"t":"BE55"},"B88":{"t":"CH7A"},"B8A":{"t":"C172"},"B8C":{"t":"P28R"},"B90":{"t":"BE36"},"B93":{"t":"P28A"},"B94":{"t":"AEST"},"B97":{"t":"C77R"},"B98":{"t":"P28A"},"B9A":{"t":"PA30"},"BA1":{"t":"B739"},"BA2":{"t":"B739"},"BA4":{"t":"B739"},"BA5":{"t":"B739"},"BA9":{"desc":"L1P"},"BAA":{"t":"PA22"},"BAB":{"t":"CH7A"},"BAD":{"t":"C172"},"BB2":{"t":"C175"},"BB3":{"t":"BE36"},"BB8":{"t":"C172"},"BBA":{"t":"C172"},"BBB":{"t":"P28A"},"BC1":{"t":"B739"},"BC2":{"t":"B739"},"BC3":{"t":"ULAC"},"BC4":{"t":"B739"},"BC5":{"t":"B739"},"BC6":{"t":"ULAC"},"BC7":{"desc":"H1P"},"BC8":{"desc":"L1P","t":"ULAC"},"BCF":{"t":"CH7B"},"BD2":{"t":"P28R"},"BD9":{"t":"P28A"},"BDA":{"desc":"H1P"},"BDC":{"desc":"L1P"},"BDD":{"t":"C77R"},"BDE":{"t":"P28A"},"BDF":{"t":"C172"},"BE0":{"t":"PA30"},"BE3":{"t":"ST75"},"BE5":{"t":"ULAC"},"BE6":{"t":"ULAC"},"BE7":{"desc":"L1P"},"BEB":{"desc":"L1P"},"BEC":{"t":"GLID"},"BEE":{"t":"CH7A"},"BF5":{"t":"P28R"},"BF6":{"t":"PA18"},"BF8":{"t":"C175"},"BFA":{"t":"PA24"},"BFC":{"t":"P28A"},"C01":{"t":"P28A"},"C06":{"t":"ULAC"},"C08":{"t":"ULAC"},"C09":{"t":"B06"},"C0E":{"t":"ULAC"},"C0F":{"t":"GLID"},"C12":{"desc":"H4E"},"C14":{"t":"CH7A"},"C15":{"t":"CH7B"},"C19":{"t":"P210"},"C1B":{"t":"C175"},"C26":{"t":"PA30"},"C2A":{"desc":"H1T"},"C2B":{"desc":"L1P"},"C2C":{"t":"ULAC"},"C31":{"t":"ULAC"},"C32":{"t":"GLID"},"C33":{"t":"MD82"},"C36":{"t":"PA22"},"C39":{"t":"C172"},"C3B":{"t":"P28R"},"C3E":{"t":"C175"},"C42":{"t":"P28A"},"C44":{"t":"C172"},"C47":{"t":"P28A"},"C48":{"t":"C172"},"C4B":{"desc":"L1P","t":"ULAC"},"C4D":{"desc":"L1P","t":"ULAC"},"C50":{"desc":"H1P"},"C51":{"t":"ULAC"},"C53":{"t":"ULAC"},"C54":{"t":"ULAC"},"C56":{"t":"MD82"},"C58":{"desc":"L1P"},"C5C":{"t":"C172"},"C5E":{"t":"P28R"},"C62":{"t":"BE36"},"C63":{"t":"PA24"},"C67":{"t":"C172"},"C6A":{"t":"P28A"},"C6B":{"t":"C172"},"C6E":{"t":"CJ6"},"C6F":{"t":"CJ6"},"C71":{"t":"CJ6"},"C72":{"t":"CJ6"},"C73":{"t":"CJ6"},"C75":{"t":"J3"},"C7B":{"desc":"L1P"},"C84":{"t":"C175"},"C85":{"t":"BE36"},"C86":{"t":"PA24"},"C87":{"t":"C421"},"C88":{"t":"P28A"},"C8D":{"t":"P28A"},"C8E":{"t":"C172"},"C95":{"desc":"L1P","t":"ULAC"},"C99":{"t":"ULAC"},"C9A":{"t":"ULAC"},"C9C":{"t":"ASTR"},"C9F":{"t":"C402"},"CA1":{"t":"AS50"},"CA2":{"t":"PC12"},"CA6":{"desc":"L1P"},"CA8":{"t":"AS50"},"CA9":{"t":"B772"},"CAA":{"t":"BE58"},"CB0":{"t":"A320"},"CB6":{"t":"BE55"},"CB8":{"t":"C421"},"CBA":{"t":"P32R"},"CBB":{"t":"EN28"},"CBD":{"t":"GLID"},"CCA":{"t":"M20P"},"CCE":{"t":"SR22"},"CCF":{"t":"P32R"},"CD1":{"t":"C182"},"CD2":{"t":"SR22"},"CD5":{"desc":"L1P"},"CD9":{"t":"LJ55"},"CDA":{"t":"C210"},"CDC":{"t":"SR22"},"CDF":{"t":"B752"},"CE0":{"t":"FDCT"},"CE7":{"t":"BE35"},"CE9":{"desc":"L1P"},"CEE":{"desc":"L1P"},"CF3":{"t":"TBM7"},"CF8":{"t":"SF50"},"CF9":{"desc":"L1P"},"CFC":{"desc":"L1P","t":"ULAC"},"D00":{"t":"B47G"},"D05":{"t":"S22T"},"D0C":{"t":"PC12"},"D14":{"t":"CRJ7"},"D20":{"desc":"L1T","t":"PA46"},"D25":{"t":"M20T"},"D2F":{"t":"C208"},"D32":{"t":"P28A"},"D33":{"desc":"L2P"},"D35":{"desc":"A1P"},"D3A":{"t":"BE58"},"D3B":{"desc":"L1P"},"D3E":{"desc":"H1P"},"D43":{"t":"SR22"},"D44":{"t":"BE9L"},"D47":{"desc":"L1P"},"D4B":{"t":"GLID"},"D4D":{"t":"C180"},"D51":{"t":"PC12"},"D5C":{"t":"SR22"},"D64":{"desc":"L1P","t":"ULAC"},"D65":{"t":"PA34"},"D66":{"t":"BE20"},"D67":{"desc":"L1P"},"D6B":{"t":"C56X"},"D6F":{"t":"SR22"},"D70":{"desc":"L1P"},"D72":{"t":"ST75"},"D74":{"desc":"L1P"},"D75":{"desc":"H4E"},"D7D":{"desc":"L1P"},"D8B":{"t":"C208"},"D8D":{"t":"RV12"},"DA1":{"t":"C680"},"DAF":{"desc":"L1P"},"DB0":{"t":"J3"},"DB1":{"t":"SR22"},"DB6":{"desc":"L1P","t":"ULAC"},"DBB":{"t":"M5"},"DC9":{"t":"B752"},"DCC":{"t":"P28A"},"DE1":{"t":"BE58"},"DE2":{"t":"G280"},"DEA":{"t":"E55P"},"DED":{"t":"PC12"},"DF1":{"t":"C172"},"E0B":{"t":"CL30"},"E13":{"t":"BT36"},"E14":{"t":"GL5T"},"E16":{"desc":"L1P"},"E17":{"desc":"H1P"},"E1C":{"desc":"L1P"},"E1D":{"t":"P32T"},"E1F":{"desc":"L1P"},"E21":{"t":"BE95"},"E27":{"t":"C208"},"E2D":{"t":"B737"},"E2E":{"desc":"L1P"},"E2F":{"t":"PA18"},"E30":{"desc":"L1P"},"E34":{"t":"R22"},"E36":{"t":"CRJ7"},"E37":{"t":"B429"},"E38":{"desc":"H4E"},"E3A":{"t":"C172"},"E41":{"t":"T210"},"E44":{"t":"EN48"},"E45":{"t":"BE35"},"E46":{"desc":"H4E"},"E47":{"t":"M20T"},"E48":{"t":"BALL"},"E4A":{"t":"BALL"},"E4C":{"t":"C182"},"E50":{"desc":"L1P"},"E56":{"t":"C25C"},"E57":{"t":"M20T"},"E5B":{"desc":"A1P"},"E6F":{"t":"A319"},"E77":{"desc":"L1P"},"E7C":{"t":"GLF5"},"E88":{"t":"PA32"},"E90":{"t":"C180"},"E92":{"desc":"L1P","t":"ULAC"},"EA9":{"t":"BE35"},"EC2":{"t":"BE35"},"EDB":{"t":"GLID"},"EEB":{"t":"TBM7"},"EF3":{"t":"SR22"},"EF4":{"t":"MD82"},"EF6":{"t":"CH7A"},"EF8":{"t":"PA22"},"EFB":{"t":"C172"},"EFE":{"t":"PA18"},"F00":{"t":"C175"},"F01":{"t":"BE36"},"F04":{"t":"P28A"},"F05":{"t":"AEST"},"F06":{"t":"C172"},"F08":{"t":"C77R"},"F09":{"t":"P28A"},"F0D":{"t":"ULAC"},"F0E":{"t":"ULAC"},"F0F":{"desc":"L1P"},"F11":{"desc":"L1P","t":"ULAC"},"F14":{"t":"YK52"},"F15":{"t":"ULAC"},"F17":{"t":"C180"},"F18":{"t":"ULAC"},"F19":{"t":"CH7A"},"F1D":{"t":"P32R"},"F1E":{"t":"C172"},"F1F":{"t":"PA12"},"F20":{"t":"P28R"},"F21":{"t":"C180"},"F22":{"t":"PA18"},"F23":{"desc":"H4E"},"F25":{"t":"PA24"},"F28":{"t":"C182"},"F29":{"t":"P51"},"F2A":{"desc":"L1P"},"F2D":{"t":"C172"},"F2E":{"t":"PA30"},"F2F":{"t":"T206"},"F32":{"desc":"L1P","t":"ULAC"},"F33":{"t":"C172"},"F35":{"t":"C172"},"F36":{"t":"C172"},"F38":{"t":"C172"},"F3B":{"desc":"H4E"},"F3D":{"desc":"L1P"},"F3F":{"t":"CH7A"},"F48":{"t":"PA24"},"F49":{"t":"C310"},"F4C":{"t":"C172"},"F4F":{"t":"P28A"},"F52":{"desc":"L1P"},"F53":{"t":"ST75"},"F55":{"t":"C172"},"F58":{"t":"ST75"},"F5A":{"t":"ULAC"},"F5C":{"t":"C172"},"F5D":{"desc":"L1P","t":"ULAC"},"F5E":{"t":"ULAC"},"F5F":{"t":"C152"},"F60":{"desc":"L1P"},"F62":{"t":"C172"},"F66":{"t":"P28R"},"F67":{"t":"C180"},"F68":{"t":"PA31"},"F6E":{"t":"C182"},"F70":{"t":"T6"},"F72":{"t":"P28A"},"F76":{"t":"ULAC"},"F77":{"t":"C172"},"F78":{"t":"C172"},"F7B":{"t":"C172"},"F7C":{"t":"C172"},"F7D":{"t":"C172"},"F7E":{"t":"C172"},"F7F":{"desc":"L1P","t":"ULAC"},"F86":{"t":"CH7B"},"F8F":{"t":"C310"},"F91":{"t":"C182"},"F93":{"t":"T6"},"F94":{"t":"C77R"},"F95":{"t":"P28A"},"F9D":{"t":"BE17"},"F9E":{"desc":"L1P","t":"ULAC"},"F9F":{"t":"ST75"},"FA1":{"t":"C172"},"FA2":{"t":"C172"},"FA3":{"t":"GLID"},"FA4":{"t":"A660"},"FA7":{"t":"PA22"},"FA8":{"t":"CH7A"},"FA9":{"desc":"L1E"},"FAA":{"t":"C172"},"FAB":{"t":"C182"},"FAC":{"t":"P28R"},"FAD":{"t":"PA18"},"FAF":{"t":"C175"},"FB0":{"t":"BE33"},"FB7":{"t":"C77R"},"FB8":{"desc":"L1P","t":"ULAC"},"FBA":{"t":"PA30"},"FC0":{"t":"ULAC"},"FC1":{"t":"C172"},"FC2":{"desc":"L1P","t":"ULAC"},"FC5":{"t":"C172"},"FC8":{"t":"CH7A"},"FC9":{"desc":"L1P"},"FCC":{"t":"CH7A"},"FCD":{"t":"C172"},"FCF":{"t":"P28R"},"FD3":{"t":"C182"},"FD5":{"t":"C310"},"FD7":{"t":"C182"},"FD8":{"t":"C172"},"FDA":{"t":"C77R"},"FDB":{"t":"P28A"},"FDE":{"t":"PA25"},"FDF":{"t":"C172"},"FE2":{"t":"ULAC"},"FE3":{"t":"ULAC"},"FE4":{"t":"C172"},"FE5":{"t":"C172"},"FE6":{"t":"ST75"},"FE8":{"t":"ST75"},"FEB":{"t":"CH7A"},"FEC":{"desc":"L1P"},"FED":{"t":"PA22"},"FF0":{"t":"C172"},"FF5":{"t":"C175"},"FF8":{"t":"C421"},"FFA":{"t":"C182"},"FFB":{"t":"C82R"},"FFD":{"t":"C77R"},"FFE":{"t":"P28A"},"FFF":{"t":"C82R"}}