{"003":{"t":"C172"},"004":{"t":"C172"},"007":{"t":"C172"},"009":{"t":"ST75"},"00A":{"t":"ULAC"},"00B":{"desc":"L1P","t":"ULAC"},"00C":{"t":"GLID"},"00E":{"t":"CH7A"},"010":{"t":"PA22"},"012":{"t":"CH7B"},"014":{"t":"C185"},"016":{"t":"PA18"},"017":{"t":"C152"},"018":{"t":"C175"},"019":{"t":"C182"},"01A":{"t":"PA24"},"01C":{"t":"P28A"},"01D":{"t":"C182"},"020":{"t":"C77R"},"026":{"t":"ULAC"},"02A":{"t":"ULAC"},"02B":{"t":"C172"},"02C":{"t":"C172"},"02D":{"t":"C172"},"032":{"desc":"L1P"},"033":{"t":"PA22"},"034":{"t":"CH7A"},"036":{"t":"C172"},"038":{"t":"P28R"},"039":{"t":"P210"},"03A":{"t":"ULAC"},"03B":{"t":"C175"},"03D":{"t":"PA18"},"03F":{"t":"P28A"},"040":{"t":"C182"},"042":{"t":"C150"},"043":{"t":"C77R"},"044":{"t":"P28A"},"048":{"t":"C172"},"049":{"t":"C172"},"04A":{"desc":"L1P","t":"ULAC"},"04E":{"t":"C172"},"050":{"t":"C172"},"051":{"t":"DG15"},"053":{"t":"PA44"},"054":{"t":"BE33"},"056":{"desc":"L1P"},"059":{"desc":"L1P"},"05B":{"t":"C206"},"05E":{"t":"C82T"},"05F":{"t":"B772"},"060":{"t":"C206"},"063":{"t":"C82R"},"067":{"t":"T206"},"068":{"t":"C172"},"06E":{"t":"C206"},"06F":{"t":"C82R"},"070":{"desc":"H4E"},"079":{"t":"C206"},"083":{"t":"C206"},"086":{"t":"B744"},"088":{"t":"C82T"},"089":{"t":"C182"},"08F":{"t":"C82T"},"090":{"t":"C206"},"093":{"t":"C82R"},"095":{"t":"T206"},"097":{"t":"C206"},"09B":{"t":"C82T"},"09D":{"t":"C82T"},"0A2":{"t":"C82S"},"0A4":{"desc":"L1P"},"0A6":{"t":"T206"},"0A7":{"t":"C206"},"0A8":{"t":"C206"},"0A9":{"t":"C206"},"0AA":{"desc":"L1P"},"0AB":{"t":"C206"},"0AD":{"t":"T206"},"0AF":{"t":"DA40"},"0B1":{"t":"C206"},"0B3":{"t":"T206"},"0B9":{"t":"C82R"},"0BD":{"t":"C82R"},"0BE":{"t":"C82T"},"0C0":{"t":"C206"},"0C3":{"t":"C82R"},"0C4":{"t":"T206"},"0C9":{"t":"C185"},"0CA":{"t":"C82R"},"0CB":{"t":"C82T"},"0CE":{"t":"T206"},"0CF":{"t":"C82T"},"0D0":{"t":"T206"},"0D3":{"t":"C82T"},"0DC":{"t":"C206"},"0DD":{"t":"C206"},"0E3":{"t":"T206"},"0E6":{"t":"C208"},"0E8":{"t":"C82T"},"0E9":{"t":"P28A"},"0EA":{"desc":"L1P"},"0EB":{"t":"SR22"},"0EE":{"t":"C82T"},"0EF":{"t":"C206"},"0F4":{"t":"C82T"},"0FE":{"t":"C206"},"100":{"t":"C82R"},"101":{"t":"C82T"},"102":{"desc":"H1P"},"103":{"t":"CL30"},"105":{"t":"C206"},"111":{"t":"C206"},"112":{"t":"C206"},"114":{"desc":"H4E"},"115":{"t":"T206"},"116":{"t":"C82T"},"11B":{"t":"GLF4"},"11C":{"t":"T206"},"11D":{"t":"C82T"},"11E":{"t":"C206"},"122":{"t":"C206"},"126":{"t":"C82T"},"129":{"t":"C82T"},"12B":{"t":"C82R"},"12C":{"t":"C82T"},"12D":{"t":"T206"},"12F":{"t":"C82R"},"132":{"t":"C82T"},"133":{"t":"T206"},"137":{"t":"C206"},"142":{"t":"C206"},"143":{"t":"C82T"},"145":{"t":"C82T"},"148":{"t":"C82T"},"14C":{"t":"C82R"},"14E":{"t":"AT5T"},"150":{"t":"C206"},"153":{"t":"A119"},"15C":{"t":"C82T"},"15D":{"t":"C82R"},"166":{"t":"C182"},"167":{"t":"C206"},"16E":{"t":"C82R"},"173":{"t":"C82R"},"174":{"t":"C206"},"176":{"t":"T206"},"17D":{"t":"T206"},"17E":{"t":"C206"},"183":{"t":"T206"},"186":{"t":"C206"},"187":{"desc":"H4E"},"18D":{"t":"C82T"},"196":{"t":"C82T"},"19A":{"t":"C82R"},"19E":{"t":"C206"},"1A2":{"t":"C182"},"1A3":{"t":"C82R"},"1A6":{"t":"C82R"},"1AF":{"t":"C206"},"1B2":{"desc":"H4E"},"1B8":{"t":"C206"},"1BB":{"t":"C82R"},"1BC":{"t":"T206"},"1BF":{"t":"C206"},"1C2":{"t":"CL30"},"1C5":{"t":"T206"},"1C7":{"t":"C82R"},"1CA":{"desc":"L1P"},"1CB":{"t":"C82R"},"1D0":{"t":"C82R"},"1D7":{"t":"C82T"},"1D8":{"t":"C82T"},"1DB":{"t":"C206"},"1DE":{"t":"C82T"},"1DF":{"t":"C82T"},"1E3":{"desc":"L1P"},"1E5":{"desc":"H1P"},"1E8":{"t":"C82T"},"1EA":{"t":"C206"},"1ED":{"t":"CRJ7"},"1EE":{"t":"C206"},"1EF":{"desc":"H4E"},"1F1":{"t":"C172"},"1F8":{"t":"C82T"},"1FC":{"t":"BE35"},"1FE":{"t":"M20T"},"1FF":{"t":"C82T"},"204":{"t":"T206"},"206":{"t":"C82R"},"207":{"t":"C82T"},"20C":{"t":"C82R"},"20D":{"t":"RV12"},"20F":{"t":"C82T"},"211":{"t":"TBM7"},"217":{"t":"C82T"},"218":{"t":"C82T"},"21A":{"t":"C82T"},"21D":{"t":"C82T"},"21E":{"t":"T206"},"21F":{"t":"C206"},"226":{"t":"A319"},"22A":{"t":"C206"},"22E":{"desc":"L1P"},"231":{"t":"C206"},"233":{"t":"C82T"},"236":{"t":"C82R"},"23A":{"t":"PC12"},"23C":{"t":"C82T"},"23F":{"t":"C82T"},"247":{"desc":"L1P"},"248":{"t":"C82R"},"249":{"t":"C82R"},"24C":{"t":"C82T"},"24E":{"t":"T206"},"24F":{"t":"BALL"},"250":{"t":"C206"},"257":{"t":"C206"},"258":{"desc":"H4E"},"259":{"t":"BE33"},"25B":{"t":"C82T"},"25C":{"t":"C82T"},"265":{"t":"C206"},"266":{"t":"C82T"},"269":{"t":"C750"},"26C":{"t":"C82T"},"26E":{"t":"C82T"},"275":{"t":"C82R"},"277":{"t":"C206"},"27C":{"t":"T206"},"27D":{"t":"C206"},"284":{"t":"C82T"},"285":{"t":"C82R"},"28A":{"t":"C206"},"295":{"t":"C82T"},"296":{"t":"C206"},"29A":{"t":"T206"},"29D":{"t":"C82R"},"29E":{"desc":"H4E"},"29F":{"t":"C82R"},"2A6":{"t":"C206"},"2A7":{"t":"C82R"},"2A9":{"t":"C82R"},"2AA":{"t":"C82R"},"2AF":{"t":"C172"},"2B1":{"t":"CH7A"},"2B2":{"t":"C150"},"2B3":{"t":"C185"},"2B4":{"t":"P28R"},"2B5":{"t":"C180"},"2B7":{"t":"C175"},"2B9":{"t":"PA24"},"2BC":{"t":"C82T"},"2BD":{"t":"C172"},"2BE":{"desc":"H4E"},"2C1":{"t":"C172"},"2C2":{"t":"PA30"},"2C4":{"t":"C172"},"2C5":{"t":"C172"},"2C6":{"t":"C172"},"2C7":{"t":"C172"},"2C9":{"t":"C172"},"2CC":{"t":"C172"},"2CD":{"t":"ULAC"},"2CF":{"t":"ULAC"},"2D0":{"t":"CH7A"},"2D2":{"t":"PA18"},"2D3":{"t":"C172"},"2D4":{"t":"CH7B"},"2D5":{"t":"C172"},"2D6":{"t":"PA12"},"2D8":{"t":"PA18"},"2D9":{"t":"HUSK"},"2DB":{"t":"T206"},"2DC":{"t":"PA24"},"2DF":{"t":"C182"},"2E3":{"t":"P28A"},"2E4":{"t":"C82R"},"2E5":{"t":"PA30"},"2E7":{"t":"ULAC"},"2E8":{"t":"C172"},"2E9":{"t":"C172"},"2EA":{"t":"ST75"},"2EB":{"t":"BE17"},"2EC":{"t":"C172"},"2EE":{"t":"ULAC"},"2F0":{"desc":"A1P","t":"ULAC"},"2F3":{"t":"C152"},"2F4":{"desc":"L1P"},"2F5":{"t":"PA18"},"2F7":{"t":"C172"},"2F8":{"t":"C172"},"2F9":{"t":"PA12"},"2FA":{"t":"P28R"},"2FC":{"desc":"L1P"},"2FF":{"t":"PA24"},"300":{"t":"C185"},"301":{"t":"P28A"},"302":{"t":"C182"},"303":{"t":"C172"},"304":{"t":"C150"},"308":{"t":"PA30"},"30A":{"t":"C172"},"30B":{"t":"C172"},"30D":{"t":"ST75"},"30F":{"desc":"L1P","t":"ULAC"},"310":{"t":"C172"},"312":{"t":"C172"},"314":{"desc":"L1P"},"31A":{"t":"CH7B"},"31B":{"t":"C172"},"31D":{"t":"P28R"},"324":{"t":"P28A"},"325":{"t":"C182"},"326":{"t":"C172"},"329":{"t":"S61"},"32A":{"t":"C172"},"32D":{"desc":"L1P","t":"ULAC"},"32E":{"t":"ST75"},"32F":{"t":"ULAC"},"330":{"t":"C172"},"332":{"t":"C172"},"333":{"desc":"L1P","t":"ULAC"},"335":{"t":"ST75"},"336":{"t":"ST75"},"339":{"t":"CH7A"},"33B":{"t":"PA18"},"33C":{"t":"C172"},"33E":{"t":"C172"},"33F":{"t":"C185"},"340":{"t":"P28R"},"341":{"t":"PA18"},"343":{"t":"C175"},"346":{"t":"C310"},"349":{"t":"C172"},"34A":{"t":"C150"},"34D":{"t":"C172"},"353":{"t":"C172"},"355":{"t":"ST75"},"357":{"t":"ST75"},"358":{"desc":"L1P","t":"ULAC"},"359":{"t":"C172"},"35A":{"t":"GLID"},"35E":{"t":"C172"},"35F":{"t":"CH7A"},"361":{"t":"C172"},"362":{"t":"C185"},"363":{"t":"P28R"},"364":{"t":"PA18"},"366":{"t":"C175"},"368":{"t":"PA24"},"36A":{"t":"P28A"},"36B":{"t":"C182"},"36C":{"t":"C172"},"36E":{"t":"C77R"},"36F":{"t":"P28A"},"370":{"t":"C82R"},"371":{"t":"PA30"},"373":{"t":"ST75"},"374":{"t":"C172"},"378":{"t":"C172"},"379":{"t":"ULAC"},"37A":{"t":"ST75"},"37D":{"t":"GLID"},"380":{"desc":"L1P"},"382":{"t":"CH7A"},"384":{"t":"C172"},"387":{"t":"PA18"},"38A":{"t":"C182"},"38B":{"t":"PA24"},"38D":{"t":"P28A"},"38E":{"t":"C182"},"38F":{"t":"C172"},"392":{"t":"P28A"},"393":{"t":"C172"},"394":{"t":"PA30"},"396":{"t":"ULAC"},"398":{"t":"ST75"},"39B":{"t":"ST75"},"39E":{"t":"ST75"},"39F":{"t":"ST75"},"3A2":{"t":"CH7A"},"3A3":{"desc":"L1P"},"3A5":{"t":"CH7A"},"3A6":{"t":"CH7B"},"3A7":{"t":"C172"},"3A9":{"t":"P28R"},"3AA":{"t":"P210"},"3AD":{"t":"T210"},"3AE":{"t":"PA24"},"3AF":{"t":"C206"},"3B0":{"t":"P28A"},"3B9":{"t":"ULAC"},"3BB":{"t":"ST75"},"3BC":{"t":"ST75"},"3BD":{"t":"ST75"},"3BE":{"t":"ST75"},"3C6":{"desc":"L1P"},"3C8":{"t":"CH7A"},"3C9":{"t":"CH7B"},"3CC":{"t":"P28R"},"3CF":{"t":"T210"},"3D1":{"t":"PA24"},"3D2":{"t":"C310"},"3D4":{"t":"C182"},"3D5":{"t":"C82R"},"3D7":{"t":"C77R"},"3D9":{"t":"C172"},"3DA":{"t":"C82R"},"3DC":{"t":"ST75"},"3DE":{"desc":"L1P"},"3DF":{"t":"ST75"},"3E1":{"t":"ST75"},"3E2":{"t":"ST75"},"3E5":{"t":"ST75"},"3E6":{"t":"GLID"},"3E7":{"desc":"L1T"},"3E9":{"desc":"L1P"},"3EA":{"t":"PA18"},"3EB":{"t":"CH7A"},"3EC":{"t":"CH7A"},"3ED":{"t":"C172"},"3EE":{"t":"PA12"},"3F3":{"t":"C206"},"3F4":{"t":"PA24"},"3F7":{"t":"C182"},"3F8":{"t":"C172"},"3FA":{"t":"C77R"},"3FB":{"t":"BALL"},"3FF":{"t":"ST75"},"401":{"t":"ST75"},"403":{"t":"ST75"},"405":{"t":"ST75"},"406":{"t":"ST75"},"407":{"t":"GLID"},"409":{"t":"C185"},"40A":{"desc":"L2J"},"40B":{"t":"C152"},"40C":{"t":"C152"},"40D":{"t":"BL8"},"40E":{"t":"C152"},"410":{"desc":"L2J","t":"B752"},"411":{"t":"B752"},"412":{"t":"C152"},"413":{"t":"C152"},"414":{"t":"PA18"},"416":{"t":"BE36"},"417":{"t":"B772"},"418":{"t":"BE24"},"41E":{"t":"CRJ2"},"41F":{"t":"C68A"},"421":{"t":"C152"},"422":{"t":"C152"},"423":{"t":"M20P"},"424":{"t":"BE9L"},"425":{"t":"C152"},"428":{"t":"C152"},"429":{"t":"C152"},"42A":{"t":"C82R"},"42B":{"desc":"L1P"},"42D":{"t":"C152"},"431":{"t":"C82R"},"434":{"t":"C152"},"437":{"t":"C152"},"438":{"t":"C152"},"43C":{"desc":"L1P"},"43D":{"t":"C310"},"43F":{"t":"CL30"},"445":{"t":"B752"},"44A":{"t":"C25A"},"44B":{"t":"C152"},"44C":{"t":"C82T"},"44D":{"t":"C152"},"44E":{"t":"C152"},"452":{"t":"FA20"},"455":{"t":"BE35"},"456":{"t":"C152"},"457":{"t":"BE55"},"458":{"t":"C82R"},"459":{"desc":"L2P"},"45A":{"t":"C152"},"45B":{"t":"C152"},"45C":{"t":"C82R"},"45E":{"t":"C180"},"45F":{"desc":"L1P"},"460":{"t":"M20P"},"461":{"t":"GLID"},"464":{"t":"C152"},"466":{"t":"PA12"},"467":{"t":"C152"},"476":{"t":"C152"},"477":{"t":"BL8"},"47B":{"t":"C152"},"47E":{"t":"BE35"},"481":{"t":"C82T"},"482":{"t":"C152"},"483":{"t":"C152"},"484":{"t":"C152"},"486":{"t":"C82T"},"487":{"t":"BE36"},"48A":{"t":"C152"},"48B":{"t":"C152"},"48C":{"t":"C152"},"48F":{"t":"C152"},"490":{"t":"C152"},"491":{"desc":"L1P"},"496":{"t":"C152"},"4A0":{"desc":"H1P"},"4A5":{"desc":"L1P"},"4AD":{"t":"C152"},"4AF":{"t":"C152"},"4B0":{"desc":"L1P"},"4B2":{"t":"C82R"},"4B4":{"desc":"L1P"},"4B5":{"t":"BE20"},"4B6":{"t":"C152"},"4BA":{"t":"C152"},"4BC":{"t":"C152"},"4BE":{"t":"C152"},"4BF":{"t":"C82T"},"4C1":{"t":"C152"},"4C5":{"t":"C152"},"4C9":{"desc":"L1P"},"4CA":{"t":"C82R"},"4CD":{"t":"C152"},"4CE":{"t":"B752"},"4CF":{"t":"C152"},"4D0":{"t":"C152"},"4D1":{"t":"BE35"},"4D2":{"t":"CH7B"},"4D3":{"desc":"L1P"},"4D5":{"t":"H25B"},"4D6":{"t":"C152"},"4D8":{"t":"C82T"},"4D9":{"t":"C152"},"4DA":{"desc":"L1P"},"4DB":{"t":"C152"},"4DC":{"t":"C152"},"4DD":{"t":"C82T"},"4E4":{"t":"T6"},"4E6":{"t":"PA18"},"4E7":{"t":"C82R"},"4E8":{"t":"C152"},"4E9":{"t":"C152"},"4EB":{"t":"T28"},"4ED":{"desc":"L1P"},"4F1":{"t":"C152"},"4F7":{"t":"C152"},"4F9":{"t":"P28A"},"4FC":{"t":"C152"},"501":{"t":"C152"},"504":{"desc":"L1P"},"506":{"t":"C152"},"507":{"desc":"L1P","t":"ULAC"},"50A":{"t":"T6"},"50B":{"t":"C152"},"50C":{"desc":"L1P"},"50E":{"t":"C82T"},"50F":{"t":"B752"},"510":{"t":"C152"},"511":{"t":"C152"},"512":{"t":"C152"},"518":{"t":"B737"},"519":{"t":"ULAC"},"51A":{"t":"C152"},"51B":{"t":"C152"},"51E":{"desc":"L2J","t":"B752"},"520":{"t":"GLF4"},"521":{"desc":"L1P"},"524":{"t":"C152"},"527":{"t":"C172"},"528":{"t":"BL8"},"529":{"t":"C152"},"52B":{"t":"C152"},"52C":{"t":"B752"},"52E":{"t":"C152"},"533":{"desc":"L1P"},"534":{"t":"C152"},"536":{"t":"GLID"},"537":{"t":"GLID"},"53D":{"t":"C152"},"53F":{"t":"C152"},"543":{"t":"C152"},"545":{"t":"C152"},"54F":{"t":"PA24"},"550":{"t":"BE58"},"552":{"t":"C25B"},"553":{"t":"C82T"},"554":{"t":"C82T"},"55A":{"t":"GLF6"},"55D":{"t":"C152"},"560":{"t":"CJ6"},"561":{"t":"C152"},"562":{"t":"C82R"},"566":{"t":"C152"},"56A":{"t":"C152"},"570":{"t":"C152"},"571":{"t":"C152"},"574":{"t":"B752"},"577":{"t":"C152"},"579":{"t":"CL30"},"57A":{"t":"C82T"},"57C":{"t":"C152"},"57D":{"desc":"L1E"},"581":{"t":"C182"},"582":{"t":"C152"},"583":{"t":"T206"},"584":{"t":"AEST"},"588":{"desc":"L1P"},"589":{"t":"C421"},"58A":{"t":"C182"},"58B":{"t":"BE20"},"58C":{"t":"C152"},"58D":{"desc":"L1P"},"58F":{"t":"C152"},"593":{"t":"C152"},"598":{"t":"C82T"},"599":{"t":"C152"},"59D":{"t":"C152"},"59E":{"t":"C152"},"5A0":{"t":"L39"},"5A1":{"desc":"H1P"},"5A8":{"t":"C82T"},"5A9":{"t":"C82T"},"5AB":{"t":"B752"},"5AC":{"t":"C152"},"5AF":{"t":"C152"},"5B3":{"desc":"L1P"},"5B4":{"t":"C152"},"5B5":{"t":"H500"},"5B7":{"t":"C152"},"5BB":{"t":"C152"},"5BE":{"t":"C152"},"5BF":{"t":"PA18"},"5C1":{"desc":"L1P"},"5C3":{"t":"C560"},"5C4":{"t":"PC12"},"5C5":{"desc":"L1T","t":"PA46"},"5C7":{"t":"C152"},"5C8":{"desc":"L1P"},"5CC":{"t":"M20P"},"5D0":{"t":"C152"},"5D2":{"t":"C152"},"5D3":{"t":"PA32"},"5DC":{"t":"C152"},"5DD":{"t":"CH7B"},"5DE":{"t":"C152"},"5E1":{"t":"A319"},"5E4":{"t":"C152"},"5E7":{"t":"C152"},"5EE":{"t":"C152"},"5EF":{"t":"C152"},"5F9":{"t":"C152"},"5FA":{"t":"C152"},"5FC":{"t":"C82R"},"5FE":{"desc":"L1P"},"600":{"t":"C82T"},"60C":{"t":"C152"},"610":{"t":"C82T"},"617":{"desc":"L1P"},"61B":{"t":"C82T"},"61E":{"t":"C152"},"61F":{"t":"C152"},"620":{"t":"C750"},"622":{"desc":"L2P"},"625":{"desc":"L1P","t":"ULAC"},"62A":{"t":"C82R"},"62C":{"t":"C152"},"62E":{"t":"C152"},"631":{"t":"C152"},"637":{"t":"C82R"},"638":{"t":"C152"},"63A":{"t":"C152"},"63C":{"t":"C152"},"641":{"t":"C152"},"643":{"t":"C152"},"649":{"desc":"L1P"},"64A":{"t":"C152"},"64F":{"t":"C152"},"656":{"t":"C152"},"659":{"t":"C152"},"65A":{"t":"C152"},"65B":{"t":"C152"},"65C":{"t":"C152"},"65E":{"desc":"L1E"},"661":{"t":"C82R"},"663":{"t":"C152"},"665":{"desc":"L1P"},"667":{"t":"CH7A"},"668":{"t":"CH7B"},"66A":{"t":"PA12"},"66B":{"t":"P28R"},"66C":{"t":"PA18"},"66E":{"t":"C175"},"66F":{"t":"C182"},"670":{"t":"PA24"},"673":{"t":"C182"},"674":{"t":"J3"},"677":{"t":"P28A"},"678":{"t":"C172"},"679":{"t":"C82R"},"67A":{"t":"PA25"},"67B":{"t":"ULAC"},"67C":{"t":"C172"},"67F":{"t":"C172"},"681":{"t":"C172"},"682":{"t":"UH1"},"683":{"t":"J3"},"684":{"t":"C172"},"687":{"t":"CH7A"},"688":{"desc":"L1P"},"689":{"t":"PA18"},"68A":{"t":"C172"},"68C":{"t":"C172"},"68D":{"t":"PA12"},"692":{"t":"C182"},"693":{"t":"PA24"},"696":{"t":"C182"},"697":{"t":"C82R"},"699":{"t":"C77R"},"69A":{"t":"C82R"},"69B":{"t":"C172"},"69C":{"t":"PA30"},"69E":{"t":"C172"},"69F":{"t":"C172"},"6A0":{"t":"C172"},"6A2":{"t":"C172"},"6A4":{"t":"C172"},"6A8":{"t":"T6"},"6AD":{"t":"CH7B"},"6AE":{"t":"CH7B"},"6B0":{"t":"PA12"},"6BA":{"t":"C172"},"6BB":{"t":"C150"},"6BC":{"t":"C77R"},"6BF":{"t":"PA30"},"6C2":{"t":"C172"},"6C3":{"t":"C172"},"6C5":{"t":"C172"},"6C7":{"t":"C172"},"6C8":{"t":"C172"},"6C9":{"t":"BE17"},"6CE":{"desc":"L1P"},"6D1":{"t":"CH7A"},"6D2":{"t":"C172"},"6D3":{"t":"PA12"},"6D5":{"t":"PA18"},"6D7":{"t":"C175"},"6D9":{"t":"PA24"},"6DA":{"t":"C185"},"6DB":{"t":"P28A"},"6DC":{"t":"C182"},"6DD":{"t":"C172"},"6DF":{"t":"C77R"},"6E2":{"t":"PA30"},"6E5":{"t":"C172"},"6E7":{"t":"C172"},"6E8":{"desc":"L1P","t":"ULAC"},"6EC":{"t":"ULAC"},"6ED":{"t":"C172"},"6EE":{"t":"B47G"},"6F0":{"t":"CH7A"},"6F2":{"t":"PA18"},"6F3":{"t":"CH7B"},"6F4":{"t":"CH7B"},"6F6":{"t":"PA12"},"6F7":{"t":"P28R"},"6F8":{"t":"PA18"},"6FA":{"t":"C175"},"6FB":{"t":"C185"},"6FC":{"t":"PA18"},"6FE":{"t":"P28A"},"6FF":{"t":"C182"},"700":{"t":"C172"},"702":{"t":"C77R"},"704":{"t":"C172"},"705":{"t":"PA30"},"707":{"t":"C172"},"70A":{"t":"C172"},"70D":{"t":"C172"},"70E":{"t":"C172"},"710":{"t":"C172"},"711":{"t":"B47G"},"716":{"desc":"L1P"},"717":{"desc":"H1P"},"718":{"t":"C172"},"719":{"t":"C185"},"71A":{"t":"P28R"},"71B":{"t":"PA18"},"71F":{"t":"PA24"},"722":{"t":"B06"},"723":{"desc":"H4E"},"725":{"t":"C77R"},"726":{"t":"P28A"},"72C":{"t":"ULAC"},"72E":{"t":"C172"},"72F":{"desc":"L1P","t":"ULAC"},"732":{"t":"ST75"},"733":{"t":"C172"},"734":{"t":"B47G"},"735":{"t":"ULAC"},"736":{"t":"CH7A"},"738":{"t":"PA18"},"739":{"t":"CH7A"},"73A":{"t":"CH7B"},"73C":{"t":"PA12"},"73D":{"t":"P28R"},"73E":{"t":"PA18"},"740":{"t":"C175"},"741":{"t":"T206"},"742":{"t":"PA24"},"744":{"t":"P28A"},"746":{"t":"C172"},"747":{"t":"C150"},"749":{"t":"P28A"},"74B":{"t":"PA27"},"74E":{"t":"ST75"},"74F":{"t":"C172"},"754":{"t":"J3"},"757":{"t":"GLID"},"759":{"t":"CH7A"},"75B":{"t":"PA18"},"75C":{"t":"CH7A"},"75E":{"t":"C172"},"75F":{"desc":"H4E"},"760":{"t":"P28R"},"763":{"t":"C175"},"764":{"t":"C182"},"765":{"t":"PA24"},"768":{"t":"C182"},"769":{"t":"C172"},"76B":{"t":"C77R"},"76D":{"t":"C172"},"76E":{"t":"PA30"},"770":{"t":"C172"},"771":{"t":"C172"},"772":{"t":"J3"},"773":{"desc":"L1P"},"774":{"t":"C172"},"775":{"t":"C172"},"776":{"t":"C172"},"777":{"t":"J3"},"778":{"t":"C172"},"77A":{"t":"B47G"},"77B":{"t":"S22T"},"77C":{"t":"SR22"},"781":{"t":"C172"},"783":{"t":"P28R"},"786":{"t":"C175"},"788":{"t":"PA24"},"78A":{"t":"P28A"},"78B":{"t":"C182"},"78C":{"t":"C82R"},"78E":{"t":"C77R"},"78F":{"t":"P28A"},"790":{"t":"C172"},"792":{"t":"PA25"},"793":{"t":"ULAC"},"794":{"desc":"L1P","t":"ULAC"},"799":{"t":"C172"},"79A":{"desc":"L1P","t":"ULAC"},"79B":{"t":"C172"},"79D":{"t":"B47G"},"79F":{"t":"CH7A"},"7A1":{"t":"PA18"},"7A2":{"t":"CH7A"},"7A4":{"t":"ULAC"},"7A5":{"t":"PA12"},"7A9":{"t":"C175"},"7AF":{"t":"C82R"},"7B1":{"t":"C77R"},"7B2":{"t":"P28A"},"7B5":{"t":"PA25"},"7B6":{"t":"C172"},"7B7":{"t":"C172"},"7B9":{"t":"C172"},"7BA":{"t":"C172"},"7BB":{"t":"C172"},"7BD":{"t":"C172"},"7BE":{"desc":"L1P","t":"ULAC"},"7BF":{"t":"C172"},"7C0":{"desc":"A1T","t":"KODI"},"7C1":{"t":"LJ45"},"7C2":{"t":"C172"},"7C3":{"t":"C172"},"7C4":{"t":"S58T"},"7C7":{"t":"C172"},"7C8":{"t":"SR22"},"7CA":{"t":"C172"},"7CB":{"t":"C172"},"7CC":{"t":"C172"},"7CD":{"t":"C172"},"7CE":{"t":"B772"},"7CF":{"t":"C172"},"7D1":{"t":"C172"},"7D2":{"t":"PA34"},"7D9":{"t":"M7"},"7DA":{"t":"BE58"},"7DB":{"t":"C172"},"7DC":{"t":"J3"},"7DE":{"t":"C172"},"7E2":{"t":"C172"},"7E4":{"t":"C172"},"7E9":{"t":"C172"},"7EC":{"t":"C172"},"7EE":{"t":"C172"},"7EF":{"t":"C172"},"7F1":{"t":"C172"},"7F3":{"t":"BE58"},"7F5":{"t":"C172"},"7F6":{"t":"CL60"},"7F7":{"t":"SR22"},"7F8":{"t":"C172"},"7F9":{"t":"C172"},"7FD":{"desc":"L1P"},"7FF":{"t":"C172"},"801":{"t":"C172"},"802":{"t":"C172"},"804":{"t":"C172"},"808":{"t":"C172"},"80E":{"desc":"L1P","t":"ULAC"},"80F":{"t":"C310"},"811":{"t":"C172"},"812":{"desc":"L1P"},"813":{"t":"C172"},"814":{"t":"C172"},"81A":{"t":"C172"},"81B":{"t":"C172"},"81C":{"t":"C172"},"81E":{"t":"C172"},"820":{"t":"C172"},"821":{"t":"C172"},"824":{"t":"C172"},"82A":{"t":"C172"},"82C":{"t":"C172"},"82E":{"t":"C172"},"831":{"t":"C172"},"832":{"t":"C172"},"835":{"t":"B06"},"836":{"t":"C172"},"839":{"t":"CRJ7"},"83C":{"t":"C172"},"83E":{"t":"C206"},"83F":{"t":"C172"},"842":{"t":"C172"},"843":{"t":"C172"},"844":{"t":"C172"},"846":{"t":"C172"},"848":{"t":"C172"},"84A":{"t":"C172"},"84E":{"t":"C172"},"84F":{"desc":"H4E"},"851":{"t":"C172"},"852":{"t":"C172"},"853":{"t":"C172"},"856":{"t":"C172"},"859":{"t":"C172"},"85A":{"t":"C172"},"85D":{"t":"C172"},"85F":{"desc":"L1P"},"870":{"desc":"A1P"},"871":{"t":"C172"},"873":{"t":"C172"},"87A":{"t":"C172"},"87B":{"t":"C172"},"87C":{"t":"C172"},"881":{"t":"C172"},"882":{"t":"C172"},"884":{"t":"C172"},"889":{"desc":"L1P","t":"ULAC"},"88A":{"t":"LJ35"},"88B":{"t":"C172"},"88D":{"t":"C172"},"890":{"t":"C172"},"897":{"t":"T206"},"899":{"t":"C172"},"89A":{"t":"C172"},"89B":{"t":"C172"},"89E":{"desc":"L1P"},"8A1":{"t":"C172"},"8A2":{"t":"U21"},"8A5":{"t":"C172"},"8A8":{"t":"C172"},"8AE":{"t":"C172"},"8B2":{"t":"C172"},"8B3":{"desc":"H4E"},"8B6":{"t":"C172"},"8BE":{"t":"C172"},"8C0":{"t":"C172"},"8C4":{"t":"C172"},"8C7":{"t":"C172"},"8C8":{"t":"C172"},"8C9":{"t":"C172"},"8CB":{"t":"C172"},"8CC":{"t":"C172"},"8CE":{"desc":"H4E"},"8D0":{"t":"C172"},"8D2":{"t":"C172"},"8DC":{"t":"C172"},"8DD":{"desc":"L1P"},"8DF":{"t":"C172"},"8E0":{"t":"EC55"},"8E1":{"t":"C172"},"8E2":{"t":"C172"},"8E3":{"t":"C172"},"8E5":{"t":"C172"},"8E6":{"t":"C172"},"8E8":{"t":"C172"},"8E9":{"t":"C172"},"8EB":{"t":"C172"},"8EC":{"t":"C172"},"8EE":{"t":"C172"},"8EF":{"t":"C172"},"8F0":{"t":"C172"},"8F1":{"t":"C172"},"8F3":{"t":"C172"},"8F6":{"t":"C172"},"8F8":{"t":"C172"},"8FC":{"t":"C172"},"901":{"t":"C172"},"904":{"t":"C172"},"906":{"t":"BE58"},"907":{"t":"C152"},"908":{"t":"GLF6"},"909":{"t":"PC12"},"90A":{"t":"C172"},"90B":{"t":"C172"},"90E":{"t":"C172"},"910":{"t":"C172"},"912":{"t":"FA7X"},"913":{"t":"C172"},"918":{"t":"C172"},"91A":{"t":"C172"},"91C":{"t":"C172"},"91E":{"t":"C172"},"922":{"t":"C172"},"924":{"t":"C172"},"92C":{"t":"C172"},"92D":{"t":"C172"},"930":{"t":"CL30"},"933":{"t":"C172"},"935":{"t":"C172"},"936":{"t":"C172"},"937":{"t":"C172"},"93B":{"t":"C172"},"941":{"t":"C172"},"943":{"t":"C172"},"945":{"t":"C172"},"949":{"t":"C172"},"94C":{"t":"C172"},"94E":{"t":"C172"},"952":{"t":"B742"},"957":{"t":"C172"},"95B":{"t":"CRJ7"},"95C":{"t":"C550"},"95F":{"t":"C680"},"962":{"t":"B752"},"966":{"t":"B737"},"968":{"t":"C172"},"96A":{"desc":"L1P"},"96B":{"t":"C172"},"973":{"t":"C172"},"974":{"t":"C172"},"977":{"t":"C172"},"97B":{"t":"C172"},"97C":{"t":"C172"},"97E":{"t":"C172"},"980":{"t":"C172"},"981":{"t":"C172"},"986":{"t":"C172"},"98B":{"t":"C172"},"994":{"t":"A319"},"996":{"desc":"H4E"},"99C":{"desc":"L1P"},"9AA":{"t":"C172"},"9AD":{"t":"C172"},"9AF":{"t":"C172"},"9B1":{"t":"C172"},"9B7":{"t":"C172"},"9BA":{"t":"GLID"},"9C3":{"t":"BE58"},"9C6":{"desc":"H4E"},"9CA":{"desc":"L1T","t":"M600"},"9D0":{"t":"C172"},"9D9":{"desc":"H4E"},"9DC":{"desc":"L2T"},"9DF":{"t":"C172"},"9E3":{"t":"C172"},"9E6":{"t":"C172"},"9E7":{"desc":"L1P"},"9F3":{"desc":"L1P"},"9F8":{"t":"C152"},"9F9":{"t":"C152"},"A19":{"t":"S22T"},"A1B":{"t":"C208"},"A1C":{"desc":"L1P"},"A1E":{"t":"CH7A"},"A21":{"t":"PA12"},"A23":{"t":"PA18"},"A26":{"t":"C182"},"A27":{"t":"PA24"},"A2A":{"desc":"H4E"},"A2B":{"t":"C82R"},"A2D":{"t":"C77R"},"A2F":{"t":"C172"},"A30":{"t":"PA18"},"A32":{"t":"ST75"},"A33":{"t":"C172"},"A35":{"t":"C172"},"A36":{"t":"ST75"},"A37":{"t":"C172"},"A38":{"t":"C172"},"A39":{"t":"C172"},"A3A":{"t":"ST75"},"A3B":{"t":"C172"},"A3F":{"desc":"L1P"},"A40":{"t":"PA18"},"A41":{"t":"CH7A"},"A42":{"t":"C208"},"A43":{"t":"C172"},"A44":{"t":"PA12"},"A46":{"t":"PA18"},"A47":{"t":"PA18"},"A4D":{"t":"C182"},"A4F":{"t":"C150"},"A50":{"t":"C77R"},"A51":{"t":"P28A"},"A54":{"desc":"A1P"},"A56":{"t":"ST75"},"A5B":{"t":"C172"},"A5C":{"t":"ST75"},"A5F":{"t":"GLID"},"A62":{"desc":"L1P"},"A65":{"t":"CH7A"},"A66":{"t":"C172"},"A67":{"t":"C182"},"A69":{"t":"C180"},"A6A":{"desc":"H4E"},"A71":{"t":"C172"},"A73":{"t":"C77R"},"A74":{"t":"P28A"},"A75":{"t":"C172"},"A78":{"t":"C172"},"A7A":{"t":"C172"},"A7B":{"t":"C172"},"A7C":{"t":"C172"},"A7D":{"t":"C172"},"A81":{"t":"C172"},"A82":{"t":"GLID"},"A84":{"t":"CH7A"},"A85":{"t":"BE33"},"A86":{"t":"PA18"},"A88":{"t":"CH7A"},"A89":{"t":"C172"},"A8C":{"t":"C180"},"A92":{"t":"P28A"},"A93":{"t":"C182"},"A95":{"t":"C150"},"A97":{"t":"C82R"},"A98":{"t":"C172"},"A99":{"t":"PA30"},"A9C":{"t":"C172"},"A9E":{"t":"C172"},"AA2":{"t":"C172"},"AA3":{"t":"C172"},"AA4":{"t":"C172"},"AA5":{"desc":"L3P"},"AA9":{"t":"BE60"},"AAC":{"desc":"L2J"},"AAD":{"t":"C82S"},"AAE":{"t":"P28R"},"AB1":{"t":"C175"},"AB2":{"t":"T206"},"AB4":{"t":"C310"},"AB5":{"t":"P28A"},"AB6":{"t":"C182"},"ABC":{"t":"C82R"},"ABE":{"t":"C172"},"AC0":{"t":"C172"},"AC2":{"t":"C172"},"AC3":{"t":"C172"},"AC4":{"t":"C172"},"AC5":{"t":"ST75"},"AC6":{"t":"ST75"},"AC7":{"t":"ST75"},"AC8":{"t":"ST75"},"ACA":{"t":"CH7A"},"ACC":{"t":"PA18"},"ACD":{"t":"C182"},"ACF":{"t":"C172"},"AD0":{"t":"PA12"},"AD1":{"t":"P28R"},"AD2":{"t":"PA18"},"AD6":{"t":"PA24"},"AD8":{"t":"P28A"},"AD9":{"t":"C182"},"ADA":{"t":"C172"},"ADB":{"t":"C150"},"ADC":{"t":"C77R"},"ADD":{"t":"P28A"},"AE1":{"t":"ST75"},"AE2":{"t":"B753"},"AE4":{"t":"B753"},"AE5":{"t":"B753"},"AE6":{"t":"ST75"},"AE8":{"desc":"L1P"},"AE9":{"t":"B753"},"AEA":{"desc":"L1P"},"AED":{"t":"CH7A"},"AF1":{"t":"CH7A"},"AF5":{"t":"C180"},"AF7":{"t":"C175"},"AFA":{"t":"C310"},"AFB":{"t":"P28A"},"AFF":{"t":"C77R"},"B01":{"t":"C82R"},"B02":{"t":"C82R"},"B03":{"t":"BE30"},"B04":{"t":"C172"},"B05":{"t":"B753"},"B07":{"t":"ST75"},"B0A":{"t":"C172"},"B0C":{"t":"ST75"},"B0E":{"t":"GLID"},"B0F":{"t":"ULAC"},"B12":{"t":"BE60"},"B13":{"t":"CH7B"},"B17":{"t":"P28R"},"B1E":{"t":"P28A"},"B1F":{"t":"C182"},"B20":{"t":"C172"},"B22":{"t":"C77R"},"B23":{"t":"P28A"},"B24":{"t":"C172"},"B27":{"desc":"L1P"},"B28":{"t":"C172"},"B29":{"t":"VALI"},"B2B":{"t":"C172"},"B2D":{"t":"C172"},"B2F":{"t":"C172"},"B30":{"t":"C172"},"B31":{"t":"GLID"},"B33":{"t":"CH7A"},"B34":{"t":"P28A"},"B36":{"t":"PA18"},"B37":{"t":"CH7A"},"B39":{"t":"PA12"},"B3D":{"t":"C175"},"B3F":{"t":"PA24"},"B40":{"desc":"L1P"},"B42":{"t":"C172"},"B43":{"t":"C172"},"B46":{"t":"P28A"},"B48":{"t":"PA30"},"B4D":{"t":"C172"},"B4E":{"t":"PA20"},"B4F":{"t":"C172"},"B51":{"t":"GLID"},"B54":{"t":"GLID"},"B58":{"t":"C172"},"B5A":{"t":"CH7B"},"B62":{"t":"PA24"},"B63":{"t":"C310"},"B68":{"t":"C77R"},"B6D":{"t":"C172"},"B71":{"desc":"H1P"},"B74":{"t":"C172"},"B75":{"t":"C172"},"B78":{"t":"LJ45"},"B79":{"t":"C182"},"B7A":{"t":"C182"},"B7B":{"t":"C182"},"B7D":{"t":"C182"},"B7E":{"t":"MU2"},"B81":{"t":"C182"},"B82":{"t":"PA18"},"B83":{"t":"C182"},"B85":{"t":"B772"},"B86":{"t":"C182"},"B87":{"desc":"L1P"},"B88":{"t":"C182"},"B8A":{"t":"C182"},"B8B":{"t":"C182"},"B8C":{"desc":"L2J","t":"A21N"},"B8F":{"t":"C182"},"B91":{"t":"R66"},"B92":{"t":"C208"},"B94":{"t":"C182"},"B96":{"t":"C182"},"B98":{"t":"C182"},"B9A":{"t":"C182"},"B9B":{"t":"C182"},"B9C":{"t":"C182"},"B9E":{"t":"C182"},"B9F":{"t":"C182"},"BA2":{"t":"C182"},"BA3":{"t":"C182"},"BA4":{"t":"C182"},"BA5":{"t":"C182"},"BA7":{"t":"C182"},"BA8":{"t":"C182"},"BA9":{"t":"C182"},"BAA":{"t":"P32R"},"BAB":{"t":"C182"},"BAC":{"t":"C182"},"BAD":{"t":"C182"},"BAE":{"t":"C182"},"BAF":{"t":"C182"},"BB1":{"t":"C182"},"BB3":{"t":"C182"},"BB7":{"t":"C182"},"BB8":{"t":"ULAC"},"BBA":{"t":"C182"},"BBB":{"t":"C182"},"BBC":{"t":"C182"},"BBD":{"t":"C182"},"BBE":{"t":"C182"},"BC1":{"t":"C182"},"BC2":{"t":"C182"},"BC5":{"t":"C182"},"BC6":{"t":"C182"},"BC8":{"t":"GLID"},"BC9":{"t":"C182"},"BCA":{"t":"C182"},"BCB":{"t":"C182"},"BCD":{"t":"C182"},"BCE":{"t":"C182"},"BD4":{"t":"C182"},"BD5":{"t":"C182"},"BD6":{"t":"C182"},"BDC":{"t":"CH7A"},"BDD":{"t":"C182"},"BE1":{"t":"C82T"},"BE3":{"t":"C182"},"BE6":{"t":"C182"},"BEE":{"t":"C182"},"BF0":{"t":"CRJ7"},"BF2":{"t":"C182"},"BF3":{"t":"C182"},"BF5":{"desc":"L1P"},"BF6":{"t":"AT8T"},"BFA":{"t":"C182"},"BFE":{"t":"C182"},"C08":{"t":"C182"},"C0A":{"t":"C182"},"C0D":{"t":"C182"},"C0E":{"t":"C25A"},"C10":{"t":"C182"},"C12":{"t":"C182"},"C13":{"t":"C182"},"C14":{"t":"C182"},"C15":{"t":"C182"},"C19":{"t":"C182"},"C1A":{"t":"C182"},"C1C":{"t":"C182"},"C1D":{"t":"C182"},"C20":{"t":"SR22"},"C22":{"t":"C182"},"C23":{"t":"C182"},"C26":{"t":"C182"},"C27":{"t":"P46T"},"C28":{"t":"C182"},"C29":{"t":"C182"},"C2A":{"t":"C182"},"C2B":{"t":"C182"},"C2C":{"t":"C182"},"C2E":{"t":"C182"},"C30":{"t":"C182"},"C32":{"t":"C182"},"C33":{"t":"C182"},"C35":{"t":"C182"},"C36":{"t":"C182"},"C37":{"t":"C182"},"C38":{"t":"C182"},"C39":{"t":"C182"},"C3D":{"t":"C182"},"C3E":{"t":"C182"},"C3F":{"t":"C182"},"C40":{"desc":"L1P","t":"ULAC"},"C41":{"t":"C182"},"C42":{"t":"C182"},"C44":{"t":"C182"},"C46":{"t":"C182"},"C47":{"t":"C182"},"C48":{"t":"C182"},"C4C":{"t":"C182"},"C4D":{"t":"C182"},"C50":{"t":"C182"},"C51":{"t":"C414"},"C56":{"t":"C182"},"C59":{"t":"R44"},"C5A":{"t":"C182"},"C5B":{"t":"C182"},"C5C":{"t":"C182"},"C5D":{"t":"C182"},"C62":{"t":"C182"},"C63":{"t":"C182"},"C64":{"t":"T206"},"C65":{"t":"C182"},"C67":{"t":"C182"},"C68":{"t":"C182"},"C6A":{"t":"C182"},"C6B":{"t":"C182"},"C6D":{"t":"C182"},"C74":{"desc":"L1P"},"C75":{"t":"C182"},"C76":{"t":"C182"},"C77":{"t":"C182"},"C78":{"t":"C182"},"C79":{"t":"C182"},"C7A":{"t":"C182"},"C7C":{"t":"C182"},"C80":{"t":"C182"},"C82":{"t":"C182"},"C85":{"t":"C182"},"C86":{"t":"C182"},"C87":{"t":"C182"},"C88":{"t":"C182"},"C8C":{"t":"C182"},"C8D":{"t":"C182"},"C95":{"t":"C182"},"C97":{"t":"EC55"},"C99":{"desc":"H4E"},"C9A":{"t":"C182"},"C9C":{"t":"C182"},"C9E":{"t":"C182"},"C9F":{"t":"C182"},"CA0":{"t":"C182"},"CA1":{"t":"C182"},"CA2":{"t":"C182"},"CA3":{"t":"C182"},"CA5":{"t":"C182"},"CA6":{"t":"C182"},"CA7":{"t":"C182"},"CA8":{"t":"C182"},"CAA":{"t":"C182"},"CAB":{"t":"C182"},"CAD":{"t":"C182"},"CAF":{"t":"C182"},"CB4":{"t":"C182"},"CB5":{"t":"C182"},"CBA":{"t":"C182"},"CBC":{"t":"C182"},"CBD":{"desc":"H2T"},"CBE":{"t":"DA40"},"CBF":{"t":"PC12"},"CC0":{"t":"C182"},"CC1":{"t":"C182"},"CC2":{"t":"C182"},"CC5":{"t":"C182"},"CC6":{"t":"C182"},"CC7":{"t":"C182"},"CC8":{"t":"C182"},"CC9":{"t":"C182"},"CCA":{"t":"C182"},"CCE":{"t":"C182"},"CCF":{"t":"C182"},"CD6":{"t":"F2TH"},"CDA":{"t":"C182"},"CDE":{"t":"C182"},"CE1":{"t":"C182"},"CE3":{"t":"C182"},"CE7":{"t":"CL30"},"CE8":{"t":"C182"},"CED":{"t":"C182"},"CEE":{"t":"C182"},"CEF":{"t":"C25C"},"CF0":{"t":"C182"},"CF3":{"t":"C182"},"CF4":{"t":"C182"},"CF5":{"t":"C182"},"CF6":{"t":"C182"},"CF9":{"t":"C182"},"CFB":{"t":"C182"},"CFC":{"t":"C182"},"CFF":{"t":"C182"},"D01":{"t":"C182"},"D03":{"t":"C182"},"D04":{"t":"C182"},"D07":{"t":"C182"},"D08":{"t":"C172"},"D0A":{"t":"C510"},"D0B":{"t":"CL60"},"D0C":{"t":"C182"},"D0F":{"t":"C182"},"D10":{"t":"LJ60"},"D12":{"t":"C182"},"D13":{"t":"C182"},"D16":{"t":"C182"},"D18":{"t":"C182"},"D22":{"t":"C182"},"D25":{"t":"C182"},"D27":{"t":"C182"},"D28":{"t":"C182"},"D29":{"t":"C182"},"D2A":{"t":"C182"},"D2B":{"desc":"L1P"},"D2D":{"t":"C182"},"D2E":{"t":"C182"},"D2F":{"t":"C182"},"D31":{"t":"C182"},"D32":{"t":"C182"},"D33":{"t":"C182"},"D34":{"t":"C182"},"D35":{"t":"C182"},"D38":{"t":"C182"},"D3D":{"t":"C182"},"D42":{"t":"C182"},"D43":{"t":"C182"},"D45":{"t":"C182"},"D49":{"t":"C182"},"D4A":{"t":"C182"},"D4B":{"t":"C182"},"D4D":{"t":"C182"},"D4E":{"t":"C182"},"D4F":{"t":"C182"},"D53":{"t":"C182"},"D5A":{"t":"C182"},"D5B":{"t":"C182"},"D5C":{"t":"C182"},"D5F":{"t":"C182"},"D60":{"t":"C182"},"D61":{"t":"C182"},"D67":{"t":"C182"},"D6A":{"t":"C182"},"D70":{"t":"C182"},"D71":{"t":"C182"},"D73":{"t":"C182"},"D76":{"t":"C182"},"D77":{"t":"C182"},"D78":{"t":"C182"},"D79":{"t":"C182"},"D7A":{"t":"C182"},"D7C":{"t":"C182"},"D7D":{"t":"C182"},"D81":{"t":"C182"},"D84":{"t":"C182"},"D85":{"t":"C182"},"D89":{"t":"C182"},"D8B":{"t":"C182"},"D8F":{"t":"C182"},"D94":{"t":"C182"},"D97":{"t":"TBM7"},"D9A":{"t":"C182"},"DA2":{"t":"C182"},"DA3":{"t":"C182"},"DA5":{"t":"C182"},"DA6":{"t":"C182"},"DAA":{"t":"C182"},"DAD":{"t":"C182"},"DAE":{"t":"C182"},"DAF":{"t":"C182"},"DB1":{"t":"C182"},"DB4":{"t":"C182"},"DB5":{"t":"C182"},"DBB":{"t":"C182"},"DBC":{"t":"C182"},"DBF":{"t":"C182"},"DC1":{"t":"C182"},"DC3":{"t":"C182"},"DC6":{"t":"C182"},"DC9":{"t":"C182"},"DCA":{"t":"C182"},"DD9":{"t":"P28R"},"DDA":{"t":"PA18"},"DDC":{"t":"C175"},"DDD":{"t":"T206"},"DE1":{"t":"C182"},"DE2":{"t":"C172"},"DED":{"t":"C172"},"DF0":{"t":"C172"},"DF2":{"t":"C172"},"DF3":{"t":"GLID"},"DF4":{"t":"ULAC"},"DF7":{"t":"BE60"},"DF8":{"t":"CH7B"},"DF9":{"t":"CH7B"},"DFA":{"t":"C172"},"E00":{"t":"T210"},"E03":{"t":"P28A"},"E04":{"t":"C182"},"E05":{"t":"C172"},"E06":{"t":"C150"},"E07":{"t":"C77R"},"E08":{"t":"P28A"},"E0F":{"desc":"A1P"},"E13":{"t":"C172"},"E17":{"t":"ULAC"},"E18":{"t":"CH7A"},"E1E":{"t":"PA12"},"E1F":{"t":"P28R"},"E24":{"t":"PA24"},"E26":{"t":"C82T"},"E27":{"t":"C182"},"E28":{"t":"C172"},"E29":{"t":"C150"},"E2A":{"t":"C77R"},"E2D":{"t":"C82R"},"E2E":{"t":"PA25"},"E31":{"t":"C172"},"E34":{"t":"C172"},"E35":{"t":"C172"},"E3A":{"t":"ULAC"},"E3B":{"t":"CH7A"},"E3E":{"t":"C172"},"E41":{"t":"PA12"},"E46":{"t":"C185"},"E47":{"t":"PA24"},"E49":{"t":"P28A"},"E4A":{"t":"C182"},"E4D":{"t":"C77R"},"E4F":{"t":"C172"},"E50":{"t":"PA30"},"E51":{"desc":"L1P"},"E52":{"t":"C172"},"E53":{"t":"C172"},"E57":{"t":"T210"},"E59":{"t":"ST75"},"E5A":{"t":"C172"},"E62":{"t":"CH7B"},"E64":{"t":"BE35"},"E68":{"t":"T210"},"E6D":{"t":"C182"},"E6E":{"t":"C172"},"E70":{"t":"C77R"},"E77":{"t":"C172"},"E78":{"t":"C172"},"E79":{"t":"C172"},"E7C":{"t":"T28"},"E7F":{"t":"GLID"},"E82":{"desc":"L1P"},"E84":{"t":"CH7B"},"E87":{"t":"PA12"},"E88":{"t":"P28R"},"E8E":{"t":"C185"},"E8F":{"t":"P28A"},"E92":{"t":"C150"},"E94":{"t":"P28A"},"E98":{"t":"C172"},"E99":{"t":"C172"},"E9D":{"t":"C172"},"E9E":{"t":"C172"},"EA4":{"t":"CH7A"},"EAA":{"t":"C182"},"EAB":{"t":"P28R"},"EAE":{"desc":"L1P","t":"ULAC"},"EB2":{"t":"P28A"},"EB3":{"t":"C182"},"EB6":{"desc":"L1P"},"EB7":{"t":"P28A"},"EB8":{"t":"C172"},"EBF":{"t":"T6"},"EC2":{"t":"C172"},"EC5":{"t":"GLID"},"ECB":{"t":"CH7A"},"ECD":{"t":"C185"},"ECF":{"t":"PA18"},"ED3":{"t":"PA24"},"ED5":{"t":"P28A"},"ED6":{"t":"C182"},"ED9":{"desc":"L2P"},"EDB":{"t":"C82R"},"EDF":{"t":"C172"},"EE0":{"t":"C172"},"EE4":{"t":"C172"},"EEE":{"t":"CH7A"},"EEF":{"t":"C172"},"EF1":{"t":"P28R"},"EF6":{"t":"PA24"},"EF9":{"t":"C182"},"EFD":{"t":"P28A"},"F00":{"t":"C206"},"F01":{"t":"ST75"},"F03":{"t":"C172"},"F06":{"t":"C172"},"F0D":{"t":"CH7A"},"F0E":{"t":"P28R"},"F11":{"t":"CH7A"},"F12":{"t":"C172"},"F13":{"t":"PA12"},"F14":{"t":"P28R"},"F15":{"t":"PA18"},"F16":{"t":"PA31"},"F18":{"t":"T210"},"F1B":{"t":"P28A"},"F1C":{"t":"C182"},"F21":{"t":"C172"},"F24":{"t":"ST75"},"F2E":{"t":"BE30"},"F2F":{"t":"BE18"},"F30":{"desc":"L1P"},"F31":{"desc":"L1P"},"F32":{"t":"BE36"},"F33":{"t":"P28A"},"F34":{"t":"C82S"},"F35":{"t":"S76"},"F36":{"t":"C188"},"F37":{"t":"PA32"},"F38":{"t":"GLID"},"F39":{"desc":"L1P"},"F3A":{"t":"SR22"},"F3B":{"desc":"L1P"},"F3D":{"t":"SF50"},"F40":{"t":"C550"},"F41":{"desc":"L1P"},"F42":{"desc":"L1P"},"F44":{"t":"PA27"},"F45":{"t":"LJ45"},"F47":{"t":"C208"},"F49":{"t":"BE36"},"F4A":{"t":"BE35"},"F4B":{"t":"BL8"},"F4C":{"desc":"L1P"},"F4D":{"t":"CH7B"},"F51":{"t":"PA18"},"F52":{"desc":"L1P"},"F53":{"t":"T210"},"F56":{"t":"GLID"},"F58":{"t":"C182"},"F59":{"desc":"L1P"},"F5A":{"t":"C337"},"F5D":{"desc":"L1P"},"F5F":{"t":"SR22"},"F61":{"desc":"L1P"},"F64":{"t":"PA18"},"F66":{"t":"S22T"},"F68":{"t":"S76"},"F6A":{"desc":"L1P"},"F6B":{"t":"LJ35"},"F6D":{"t":"PA38"},"F6E":{"t":"C182"},"F71":{"t":"AC11"},"F74":{"desc":"L1P"},"F76":{"t":"C310"},"F77":{"desc":"L1P"},"F7A":{"t":"SR20"},"F7B":{"t":"C206"},"F7C":{"t":"BE33"},"F7D":{"t":"B06"},"F7F":{"t":"CH7B"},"F80":{"t":"S22T"},"F82":{"t":"P28A"},"F83":{"t":"GLID"},"F86":{"t":"P28A"},"F87":{"t":"S76"},"F8B":{"desc":"L1P"},"F8D":{"t":"BE76"},"F92":{"t":"C25B"},"F93":{"t":"NAVI"},"F95":{"desc":"L1P"},"F96":{"t":"AC90"},"F97":{"t":"C206"},"F9B":{"t":"P32R"},"F9C":{"t":"GLF4"},"F9E":{"t":"PA18"},"F9F":{"t":"E50P"},"FA2":{"desc":"L1P"},"FA5":{"desc":"L1P"},"FA6":{"t":"PRM1"},"FA7":{"t":"PA18"},"FA9":{"t":"S76"},"FAC":{"desc":"L1P"},"FAD":{"t":"B350"},"FAF":{"t":"PA27"},"FB0":{"t":"F900"},"FB5":{"t":"FA7X"},"FB6":{"desc":"L1P"},"FB7":{"t":"S76"},"FBA":{"t":"NAVI"},"FBC":{"t":"P32R"},"FBD":{"t":"NAVI"},"FC6":{"t":"S76"},"FC8":{"t":"AA5"},"FC9":{"desc":"L1P"},"FCD":{"desc":"L1P","t":"ULAC"},"FCE":{"t":"BE40"},"FD0":{"desc":"L1P"},"FD1":{"t":"BE9L"},"FD3":{"t":"C510"},"FD5":{"t":"BE40"},"FD7":{"desc":"L1P"},"FD9":{"t":"S76"},"FDA":{"desc":"L1P"},"FDB":{"desc":"L1P","t":"ULAC"},"FDD":{"desc":"L1P"},"FDE":{"desc":"L1P"},"FDF":{"t":"BE76"},"FE0":{"t":"AA1"},"FE1":{"t":"C182"},"FE2":{"t":"T206"},"FE4":{"t":"C337"},"FE7":{"t":"C172"},"FE8":{"t":"PA23"},"FE9":{"t":"PRM1"},"FEC":{"t":"M20P"},"FEE":{"desc":"L1P"},"FEF":{"t":"C177"},"FF2":{"t":"C150"},"FF5":{"t":"HUSK"},"FF7":{"t":"BE35"},"FF9":{"t":"GC1"},"FFA":{"desc":"L1P"},"FFB":{"t":"PA18"},"FFC":{"desc":"L1P"},"FFE":{"t":"HUSK"}}