{"000":{"t":"P28A"},"001":{"t":"C172"},"002":{"t":"PA12"},"003":{"t":"P28R"},"008":{"t":"PA24"},"00E":{"t":"C77R"},"013":{"t":"C140"},"014":{"t":"C140"},"015":{"t":"C140"},"01A":{"t":"C120"},"01C":{"t":"C140"},"01D":{"t":"GLID"},"020":{"t":"T6"},"023":{"t":"PA32"},"024":{"t":"C172"},"026":{"t":"P28R"},"029":{"t":"C175"},"02B":{"t":"PA24"},"02C":{"t":"C310"},"02F":{"t":"C172"},"033":{"t":"C172"},"034":{"t":"PA30"},"035":{"t":"PA18"},"036":{"t":"C140"},"037":{"t":"C120"},"038":{"t":"CH7B"},"039":{"t":"C140"},"03B":{"t":"C120"},"040":{"t":"T6"},"045":{"t":"B14C"},"046":{"t":"P32R"},"049":{"t":"P28R"},"04D":{"t":"BE36"},"04E":{"t":"PA24"},"052":{"t":"C172"},"055":{"t":"P28A"},"057":{"t":"PA30"},"05A":{"t":"C140"},"05C":{"t":"C140"},"063":{"t":"C206"},"065":{"t":"C172"},"06A":{"desc":"L1P","t":"GLID"},"070":{"t":"S76"},"071":{"t":"B772"},"072":{"t":"PA38"},"078":{"desc":"L2J","t":"A20N"},"07D":{"t":"BE35"},"07E":{"desc":"A1P","t":"ULAC"},"084":{"desc":"H2T"},"087":{"t":"C172"},"097":{"t":"BE20"},"0A0":{"t":"B763"},"0A1":{"t":"B06"},"0A2":{"desc":"H4E"},"0A4":{"t":"C150"},"0A7":{"t":"C240"},"0AF":{"t":"BE35"},"0B1":{"t":"GLEX"},"0B7":{"t":"BE33"},"0BB":{"desc":"L1P"},"0BD":{"desc":"L1P"},"0BF":{"t":"C182"},"0C0":{"t":"DA40"},"0C9":{"t":"C402"},"0E4":{"desc":"H4E"},"0E6":{"t":"C208"},"11E":{"desc":"L1P"},"12C":{"desc":"L1P","t":"ULAC"},"12E":{"t":"P32R"},"130":{"desc":"L2J"},"13C":{"desc":"L2T"},"13D":{"t":"C560"},"163":{"desc":"L1T"},"177":{"t":"T206"},"17A":{"t":"AS50"},"17E":{"t":"PA18"},"17F":{"t":"S76"},"187":{"desc":"H2T"},"188":{"t":"C182"},"191":{"t":"B763"},"194":{"t":"P28A"},"198":{"desc":"H4E"},"1AA":{"desc":"H8E"},"1B5":{"t":"BE33"},"1BA":{"desc":"H4E"},"1D3":{"t":"CL30"},"1DF":{"t":"B763"},"1F4":{"t":"T206"},"1FE":{"t":"CRJ7"},"202":{"t":"C172"},"207":{"t":"BE55"},"20D":{"t":"BE36"},"21F":{"t":"B762"},"237":{"t":"A319"},"23F":{"desc":"L1P"},"240":{"t":"T206"},"259":{"t":"PA46"},"27A":{"t":"C750"},"2B5":{"desc":"H4E"},"2BC":{"t":"GLID"},"2C0":{"t":"PA22"},"2C3":{"t":"C172"},"2D1":{"t":"P28A"},"2D2":{"t":"C172"},"2D5":{"t":"PA36"},"2D8":{"t":"C140"},"2D9":{"desc":"L1P"},"2DA":{"t":"C140"},"2DB":{"t":"C140"},"2E4":{"desc":"L1P"},"2E8":{"t":"P28R"},"2E9":{"t":"PA20"},"2EB":{"t":"C175"},"2EF":{"t":"BE19"},"2F1":{"desc":"H4E"},"2F5":{"t":"C172"},"2F8":{"t":"C140"},"2FA":{"t":"C120"},"2FB":{"t":"C140"},"2FD":{"t":"C140"},"304":{"desc":"L1P"},"305":{"desc":"A1P"},"309":{"t":"C172"},"30B":{"t":"P28R"},"30C":{"t":"C180"},"30F":{"t":"BE55"},"310":{"t":"PA24"},"314":{"t":"C172"},"318":{"t":"C172"},"31B":{"t":"C120"},"31C":{"t":"C140"},"31E":{"t":"C140"},"321":{"t":"C140"},"322":{"t":"C140"},"323":{"t":"C120"},"325":{"t":"GLID"},"328":{"t":"P28A"},"329":{"t":"PA22"},"32B":{"t":"P28A"},"32C":{"t":"C172"},"32D":{"t":"PA12"},"333":{"t":"PA24"},"337":{"t":"C172"},"33A":{"t":"P28A"},"33B":{"t":"C172"},"33E":{"t":"C140"},"33F":{"t":"UH12"},"345":{"t":"C140"},"348":{"t":"GLID"},"34C":{"t":"PA22"},"34E":{"t":"P28A"},"34F":{"t":"C172"},"350":{"t":"PA12"},"352":{"t":"PA20"},"356":{"t":"PA24"},"357":{"t":"C310"},"359":{"t":"S76"},"35D":{"t":"P28A"},"361":{"t":"C140"},"362":{"t":"C140"},"366":{"t":"C140"},"367":{"t":"C120"},"368":{"t":"C140"},"36B":{"t":"GLID"},"36C":{"desc":"L1P","t":"ULAC"},"36E":{"t":"ULAC"},"371":{"t":"P28A"},"373":{"t":"PA12"},"374":{"t":"P28R"},"375":{"t":"PA20"},"377":{"t":"C175"},"378":{"t":"BE36"},"37F":{"t":"C77R"},"380":{"t":"P28A"},"382":{"t":"PA30"},"384":{"t":"C120"},"38C":{"t":"C120"},"38F":{"t":"C180"},"392":{"t":"PA22"},"393":{"t":"B14C"},"394":{"t":"P28A"},"395":{"t":"C172"},"396":{"t":"PA12"},"397":{"t":"P28R"},"39B":{"t":"BE36"},"39C":{"t":"PA24"},"39E":{"desc":"L1P"},"39F":{"t":"T6"},"3A4":{"t":"C172"},"3A7":{"t":"C140"},"3AA":{"t":"C140"},"3AB":{"t":"C140"},"3B1":{"t":"GLID"},"3B2":{"t":"BALL"},"3B4":{"t":"BALL"},"3B6":{"t":"BALL"},"3B8":{"t":"C172"},"3B9":{"t":"BALL"},"3BB":{"t":"PA20"},"3BD":{"t":"C175"},"3BF":{"t":"PA24"},"3C6":{"t":"P28A"},"3CA":{"t":"C120"},"3CD":{"t":"C140"},"3CF":{"t":"C140"},"3D0":{"t":"C140"},"3D1":{"t":"C140"},"3D4":{"t":"GLID"},"3D5":{"t":"C180"},"3D9":{"t":"T6"},"3DB":{"t":"C172"},"3DC":{"t":"PA12"},"3E4":{"t":"BE19"},"3E6":{"t":"C172"},"3E8":{"desc":"L1P"},"3E9":{"t":"P28A"},"3EB":{"t":"PA30"},"3EF":{"t":"C120"},"3F1":{"t":"C140"},"3F7":{"t":"GLID"},"3FC":{"desc":"L1P"},"3FD":{"t":"P32R"},"3FE":{"t":"C150"},"3FF":{"t":"PA12"},"401":{"t":"PA20"},"405":{"t":"PA24"},"408":{"t":"T6"},"40A":{"t":"C150"},"40B":{"desc":"L1P"},"40C":{"t":"P28A"},"416":{"t":"C140"},"418":{"t":"BE36"},"41A":{"t":"AEST"},"41C":{"t":"BE33"},"41E":{"t":"CH7B"},"421":{"desc":"L1P","t":"GLID"},"425":{"desc":"L1P"},"428":{"t":"B772"},"42F":{"desc":"L2J","t":"A20N"},"430":{"t":"S61"},"434":{"t":"BE36"},"435":{"desc":"A1P","t":"ULAC"},"437":{"t":"PA18"},"44D":{"desc":"L1P"},"44F":{"t":"P28R"},"453":{"t":"BE58"},"457":{"t":"B763"},"459":{"t":"R44"},"45B":{"t":"C82S"},"45F":{"t":"SR22"},"465":{"desc":"L1P"},"469":{"t":"DV20"},"46C":{"t":"C25C"},"474":{"desc":"L1P"},"476":{"t":"BALL"},"477":{"desc":"L1P"},"489":{"t":"NAVI"},"490":{"desc":"L1P"},"498":{"t":"C560"},"49D":{"t":"C208"},"4A3":{"t":"C414"},"4AD":{"desc":"L1P"},"4BA":{"desc":"L1P"},"4BC":{"desc":"L1P"},"4BD":{"t":"SR22"},"4C2":{"desc":"L1P"},"4E3":{"desc":"L1P"},"4EF":{"t":"C82S"},"4F1":{"t":"C25B"},"4F8":{"t":"C25B"},"4FC":{"t":"WACO"},"4FD":{"desc":"L1P"},"4FF":{"desc":"L2J"},"508":{"desc":"H4E"},"50A":{"t":"PA31"},"510":{"t":"H500"},"516":{"t":"AT5T"},"517":{"t":"P28A"},"519":{"t":"C162"},"521":{"t":"M20T"},"523":{"desc":"H4E"},"527":{"t":"C340"},"52E":{"t":"GALX"},"52F":{"t":"HUSK"},"531":{"t":"AS50"},"535":{"desc":"L4T"},"536":{"t":"S76"},"537":{"t":"C182"},"538":{"t":"M20T"},"53E":{"desc":"H2T"},"53F":{"desc":"L2J"},"540":{"t":"B407"},"547":{"desc":"L1P"},"548":{"t":"B763"},"54B":{"t":"P28A"},"55E":{"desc":"L1P"},"560":{"desc":"L1P"},"572":{"desc":"L1P"},"58A":{"t":"CL30"},"592":{"desc":"L1P"},"595":{"desc":"L1P"},"596":{"t":"C550"},"59D":{"desc":"L1P","t":"ULAC"},"59E":{"t":"GLF4"},"5A3":{"t":"GLID"},"5A6":{"desc":"L1P"},"5AC":{"t":"B742"},"5B2":{"t":"GLF5"},"5B4":{"desc":"L1P"},"5B5":{"t":"CRJ7"},"5B7":{"t":"COL4"},"5B9":{"desc":"L1P"},"5BB":{"t":"C182"},"5BF":{"t":"S22T"},"5C0":{"t":"B737"},"5C4":{"t":"BE36"},"5C6":{"desc":"G1P"},"5C7":{"desc":"H1P"},"5DA":{"desc":"L1P"},"5E0":{"desc":"H4E"},"5EE":{"t":"A319"},"60F":{"t":"ULAC"},"610":{"t":"BE20"},"61B":{"t":"GALX"},"620":{"t":"GALX"},"621":{"t":"CL60"},"623":{"t":"C56X"},"628":{"desc":"L1P"},"631":{"t":"C750"},"652":{"desc":"H4E"},"665":{"desc":"H4E"},"675":{"t":"B14A"},"679":{"t":"PA34"},"67C":{"t":"P28R"},"67D":{"t":"PA20"},"67F":{"t":"B06"},"680":{"t":"BE36"},"684":{"t":"CH7B"},"687":{"desc":"L1P"},"68A":{"t":"PA30"},"68B":{"t":"T206"},"68E":{"t":"B738"},"68F":{"t":"B738"},"690":{"t":"B738"},"691":{"t":"B738"},"692":{"t":"C120"},"694":{"t":"B738"},"695":{"t":"C140"},"697":{"t":"C180"},"698":{"t":"B14A"},"69A":{"t":"PA22"},"69B":{"desc":"L2P"},"69C":{"t":"P28A"},"69E":{"t":"PA32"},"6A3":{"t":"BE55"},"6A4":{"t":"PA24"},"6AC":{"t":"C172"},"6AF":{"t":"C120"},"6B1":{"t":"C140"},"6B3":{"t":"B738"},"6B4":{"t":"B738"},"6B5":{"t":"B738"},"6B6":{"t":"B738"},"6B7":{"t":"C120"},"6B8":{"t":"B738"},"6BA":{"t":"C180"},"6BB":{"t":"B14A"},"6BD":{"t":"BE55"},"6BE":{"desc":"L1P"},"6BF":{"t":"P28A"},"6C2":{"t":"P28R"},"6C5":{"t":"C175"},"6C6":{"t":"BE55"},"6C7":{"t":"PA24"},"6C8":{"t":"C310"},"6CE":{"t":"P28A"},"6D0":{"t":"PA30"},"6D2":{"t":"C140"},"6D3":{"t":"C140"},"6D4":{"t":"B738"},"6D5":{"t":"B738"},"6D7":{"t":"C140"},"6D8":{"t":"B738"},"6D9":{"t":"C140"},"6DA":{"t":"B738"},"6DB":{"t":"B738"},"6DD":{"t":"T6"},"6DE":{"t":"B14A"},"6E2":{"t":"P28A"},"6E5":{"t":"P28R"},"6E6":{"t":"PA20"},"6E8":{"t":"C175"},"6EA":{"t":"PA24"},"6EC":{"t":"BE24"},"6ED":{"t":"BL8"},"6F1":{"t":"P28A"},"6F5":{"t":"C120"},"6F7":{"t":"B738"},"6F8":{"t":"B738"},"6F9":{"t":"C120"},"6FA":{"t":"C140"},"6FB":{"t":"C140"},"6FE":{"t":"C140"},"6FF":{"t":"GLID"},"703":{"t":"PA22"},"705":{"t":"BALL"},"707":{"t":"PA12"},"708":{"t":"P28R"},"709":{"t":"C180"},"70A":{"t":"C180"},"70C":{"t":"BE36"},"70D":{"t":"PA24"},"70F":{"t":"BE23"},"710":{"t":"BL8"},"711":{"t":"SR20"},"713":{"t":"C172"},"715":{"desc":"L1P"},"717":{"t":"S76"},"718":{"desc":"L1P"},"71A":{"t":"C120"},"71B":{"desc":"H4E"},"71C":{"t":"B06"},"71E":{"t":"C120"},"722":{"t":"GLID"},"724":{"t":"B14A"},"728":{"t":"PA32"},"72A":{"t":"PA12"},"72B":{"t":"P28R"},"72C":{"t":"PA20"},"734":{"t":"C172"},"735":{"t":"C150"},"737":{"t":"P28A"},"738":{"t":"C172"},"73A":{"t":"PA25"},"73B":{"t":"C120"},"740":{"t":"C140"},"743":{"t":"C120"},"746":{"t":"C180"},"749":{"t":"PA22"},"74D":{"t":"PA12"},"74E":{"t":"P28R"},"74F":{"t":"PA20"},"751":{"t":"C175"},"753":{"t":"PA24"},"755":{"t":"BE23"},"75A":{"t":"P28A"},"75B":{"t":"C172"},"763":{"t":"C140"},"765":{"t":"C140"},"76F":{"t":"C150"},"775":{"t":"BE55"},"77A":{"t":"C172"},"77D":{"t":"P28A"},"77E":{"t":"C172"},"784":{"t":"C140"},"786":{"t":"C140"},"789":{"t":"C120"},"78C":{"t":"C180"},"78D":{"desc":"L1P"},"792":{"t":"C172"},"794":{"t":"P28R"},"795":{"t":"PA20"},"79A":{"t":"C310"},"79C":{"t":"BL8"},"79E":{"t":"C150"},"7A5":{"t":"C140"},"7A8":{"desc":"L1P"},"7AE":{"t":"GLID"},"7B2":{"t":"PA22"},"7B3":{"t":"CH7A"},"7B4":{"t":"P28A"},"7B6":{"t":"PA12"},"7B7":{"t":"P28R"},"7BB":{"t":"BE36"},"7BC":{"t":"PA24"},"7BE":{"t":"BE23"},"7C0":{"t":"C172"},"7C3":{"t":"P28A"},"7C4":{"t":"S108"},"7C8":{"t":"C140"},"7CD":{"t":"C140"},"7D2":{"t":"PA44"},"7DB":{"t":"R66"},"7DE":{"t":"AS55"},"7DF":{"t":"B772"},"7E4":{"t":"SR22"},"7E6":{"desc":"L2J","t":"A20N"},"7EC":{"desc":"A1P","t":"ULAC"},"7FD":{"desc":"H4E"},"805":{"t":"T6"},"80A":{"t":"PA31"},"812":{"t":"C172"},"81D":{"desc":"L1P"},"820":{"t":"S22T"},"823":{"t":"PC12"},"825":{"desc":"L1P"},"829":{"desc":"L1P"},"82E":{"t":"BALL"},"839":{"desc":"H4E"},"83B":{"t":"C182"},"84F":{"t":"P68"},"868":{"t":"P28A"},"887":{"desc":"H1T"},"88B":{"t":"FA50"},"892":{"t":"R66"},"89A":{"desc":"L1P","t":"ULAC"},"89C":{"t":"A320"},"8AF":{"t":"BE60"},"8B3":{"t":"WACO"},"8CE":{"t":"BALL"},"8D2":{"t":"C25B"},"8D8":{"desc":"L1P"},"8E5":{"t":"C185"},"8E6":{"desc":"L2T"},"8E8":{"t":"AS50"},"8EA":{"t":"EC45"},"8EB":{"t":"AA5"},"8FF":{"t":"T28"},"902":{"t":"P28A"},"90C":{"t":"ULAC"},"91B":{"t":"C172"},"925":{"t":"ULAC"},"92C":{"t":"GLID"},"941":{"t":"CL30"},"94A":{"t":"FA20"},"95A":{"desc":"L1P"},"95D":{"desc":"L1P"},"962":{"t":"BE35"},"963":{"t":"SR20"},"964":{"t":"SR22"},"96A":{"t":"C82S"},"96C":{"t":"CRJ7"},"970":{"t":"C172"},"975":{"desc":"H4E"},"97B":{"t":"BE35"},"97E":{"t":"BALL"},"990":{"t":"C172"},"9A5":{"t":"A319"},"9AD":{"desc":"L1P"},"9AE":{"t":"B762"},"9B7":{"t":"P32R"},"9BA":{"t":"C182"},"9C6":{"t":"PA22"},"9C7":{"t":"R66"},"9D2":{"t":"PA18"},"A2A":{"t":"GLID"},"A2C":{"desc":"H4E"},"A30":{"t":"P28A"},"A31":{"t":"C172"},"A34":{"t":"PA20"},"A37":{"t":"BE35"},"A38":{"t":"PA24"},"A3A":{"t":"BE23"},"A3B":{"t":"S76"},"A3F":{"t":"P28A"},"A40":{"t":"C172"},"A43":{"t":"C140"},"A46":{"t":"C140"},"A4B":{"t":"C140"},"A4E":{"t":"C180"},"A4F":{"desc":"L1P"},"A51":{"t":"PA18"},"A53":{"t":"P28A"},"A55":{"t":"PA12"},"A56":{"t":"P28R"},"A57":{"t":"PA20"},"A58":{"t":"PA18"},"A59":{"t":"C175"},"A5C":{"t":"C310"},"A60":{"t":"C150"},"A62":{"t":"P28A"},"A67":{"t":"C140"},"A69":{"t":"C140"},"A6C":{"t":"C140"},"A6F":{"t":"C140"},"A70":{"t":"WACO"},"A72":{"t":"B14A"},"A76":{"t":"P28A"},"A77":{"t":"C172"},"A79":{"t":"P28R"},"A7A":{"t":"C180"},"A7E":{"t":"PA24"},"A82":{"t":"C172"},"A83":{"t":"C150"},"A88":{"t":"T6"},"A8A":{"t":"C140"},"A8D":{"t":"C140"},"A8E":{"t":"C140"},"A90":{"t":"BALL"},"A91":{"t":"C140"},"A92":{"t":"C140"},"A93":{"desc":"L1P","t":"ULAC"},"A94":{"t":"C180"},"A99":{"t":"P28A"},"A9B":{"t":"PA12"},"A9D":{"desc":"H4E"},"A9F":{"t":"C175"},"AA5":{"t":"C172"},"AAB":{"t":"PA25"},"AAC":{"t":"C120"},"AAE":{"t":"C140"},"AAF":{"t":"C140"},"AB0":{"t":"C120"},"AB1":{"t":"C140"},"AB9":{"t":"T6"},"ABA":{"t":"PA18"},"ABC":{"t":"P28A"},"ABF":{"t":"P28R"},"AC0":{"t":"PA20"},"AC2":{"t":"C175"},"AC4":{"t":"PA24"},"AC5":{"t":"C310"},"AC7":{"t":"CH7B"},"ACD":{"t":"PA30"},"AD3":{"t":"C140"},"AD4":{"t":"C140"},"AD5":{"t":"C120"},"ADC":{"t":"P28A"},"ADD":{"t":"PA18"},"AE0":{"t":"C182"},"AE3":{"t":"PA20"},"AE4":{"t":"S76"},"AE7":{"t":"PA24"},"AEA":{"t":"CH7B"},"AEC":{"t":"C150"},"AEF":{"t":"C172"},"AF4":{"t":"C140"},"AF6":{"t":"C120"},"AF9":{"t":"C140"},"AFD":{"t":"C180"},"B03":{"t":"C172"},"B05":{"t":"P28R"},"B0C":{"t":"BE23"},"B11":{"t":"P28A"},"B12":{"t":"C172"},"B20":{"t":"B752"},"B21":{"desc":"H4E"},"B22":{"t":"P28A"},"B25":{"t":"P28A"},"B26":{"t":"C172"},"B27":{"t":"PA12"},"B2B":{"t":"C175"},"B2D":{"t":"PA24"},"B2E":{"t":"C310"},"B30":{"desc":"H2T"},"B31":{"t":"C172"},"B34":{"t":"P28A"},"B35":{"t":"C172"},"B3F":{"t":"C140"},"B41":{"t":"C140"},"B43":{"t":"C180"},"B44":{"t":"P68"},"B46":{"t":"PA18"},"B48":{"t":"P28A"},"B4C":{"t":"C180"},"B4E":{"t":"C175"},"B4F":{"t":"BE35"},"B53":{"t":"CH7B"},"B54":{"t":"C172"},"B55":{"t":"C150"},"B57":{"t":"P28A"},"B58":{"t":"C172"},"B5B":{"t":"C140"},"B5D":{"t":"C120"},"B60":{"t":"C120"},"B61":{"t":"C140"},"B64":{"t":"C140"},"B65":{"desc":"L2P"},"B69":{"t":"PA18"},"B6C":{"t":"C172"},"B70":{"t":"S76"},"B71":{"t":"C175"},"B73":{"t":"PA24"},"B75":{"t":"BE23"},"B79":{"desc":"L1P"},"B7C":{"t":"PA30"},"B80":{"t":"C140"},"B81":{"t":"C140"},"B83":{"t":"C140"},"B84":{"t":"C140"},"B85":{"t":"C140"},"B89":{"t":"B762"},"B8A":{"desc":"L1P"},"B8B":{"desc":"A1P"},"B8C":{"t":"BL8"},"B8D":{"t":"R44"},"B92":{"t":"B772"},"B93":{"desc":"L1P"},"B95":{"t":"GLID"},"B97":{"t":"AC11"},"B99":{"t":"BE58"},"B9B":{"t":"ULAC"},"B9C":{"t":"PA44"},"B9E":{"t":"M20P"},"B9F":{"t":"B762"},"BA1":{"t":"HDJT"},"BA2":{"t":"BE35"},"BA6":{"desc":"H4E"},"BA7":{"desc":"A1P","t":"ULAC"},"BA9":{"t":"GLID"},"BAA":{"desc":"L1P"},"BAC":{"t":"M20P"},"BB2":{"desc":"L1P"},"BB3":{"t":"C56X"},"BB4":{"desc":"L1P","t":"ULAC"},"BB7":{"desc":"L1P"},"BBA":{"t":"B762"},"BBB":{"t":"S108"},"BBC":{"t":"C182"},"BBD":{"t":"GLF3"},"BBE":{"desc":"L1P"},"BBF":{"t":"C172"},"BC0":{"t":"P28B"},"BC1":{"t":"RV12"},"BC2":{"t":"C172"},"BC4":{"t":"B762"},"BC6":{"t":"C172"},"BC7":{"t":"BE36"},"BC8":{"desc":"L1P"},"BC9":{"desc":"L1P"},"BCB":{"t":"C172"},"BCD":{"t":"GLID"},"BCF":{"t":"P32R"},"BD0":{"t":"GLF5"},"BD3":{"desc":"L1P"},"BD5":{"t":"B762"},"BD6":{"desc":"L1P"},"BD7":{"desc":"L1P"},"BD8":{"desc":"L1P"},"BDA":{"t":"BE36"},"BDB":{"desc":"L1P"},"BDC":{"desc":"L1P"},"BDE":{"t":"GC1"},"BDF":{"desc":"L1P"},"BE0":{"t":"PAY2"},"BE1":{"t":"ST75"},"BE2":{"t":"M20P"},"BE4":{"desc":"L1P"},"BE6":{"t":"GLF4"},"BED":{"t":"WACO"},"BF9":{"desc":"L1P"},"BFD":{"t":"R22"},"BFE":{"desc":"L1P"},"C01":{"desc":"L1P"},"C02":{"desc":"L1P"},"C06":{"desc":"L1P"},"C07":{"t":"BE55"},"C0A":{"desc":"L1P"},"C0B":{"t":"C208"},"C0F":{"desc":"L1P"},"C10":{"t":"M7"},"C11":{"t":"GLF5"},"C18":{"t":"AA5"},"C22":{"desc":"L1P"},"C2A":{"t":"RV7"},"C2B":{"desc":"L1P"},"C2D":{"desc":"L1P"},"C30":{"desc":"L1P"},"C38":{"t":"B06"},"C3A":{"t":"H25B"},"C3F":{"t":"RV12"},"C46":{"t":"TBM7"},"C48":{"t":"C182"},"C4D":{"desc":"L1P"},"C51":{"t":"S76"},"C52":{"desc":"L1P"},"C53":{"desc":"L1P"},"C54":{"t":"BE36"},"C55":{"desc":"L1P"},"C58":{"t":"PA32"},"C5A":{"desc":"L1P"},"C5B":{"desc":"L1P"},"C5D":{"desc":"L1P"},"C62":{"desc":"L1P"},"C66":{"desc":"L1P"},"C6A":{"t":"WACO"},"C6D":{"t":"C560"},"C6F":{"desc":"A1P"},"C71":{"desc":"H4E"},"C78":{"t":"PA30"},"C7B":{"t":"B762"},"C7C":{"t":"C182"},"C7E":{"desc":"A1P"},"C83":{"t":"C182"},"C89":{"desc":"L1P"},"C8B":{"t":"H269"},"C8C":{"desc":"L1P"},"C94":{"desc":"L1P","t":"ULAC"},"C98":{"desc":"H1P"},"C9C":{"t":"GLID"},"C9D":{"desc":"L1P"},"C9E":{"t":"EC30"},"C9F":{"t":"BE9L"},"CA0":{"desc":"L1P","t":"TB0"},"CA1":{"t":"AEST"},"CA3":{"t":"C172"},"CA8":{"desc":"L1P","t":"ULAC"},"CAA":{"desc":"A1P","t":"ULAC"},"CAC":{"t":"BE60"},"CAE":{"t":"C182"},"CB1":{"t":"B762"},"CB5":{"t":"PA18"},"CB6":{"t":"B763"},"CB9":{"t":"P28A"},"CBA":{"desc":"L1P","t":"ULAC"},"CBB":{"t":"B763"},"CBE":{"desc":"L1P"},"CD1":{"t":"BE55"},"CD3":{"t":"PA34"},"CD5":{"desc":"L1P"},"CD7":{"t":"FA20"},"CDA":{"desc":"L1P"},"CDE":{"t":"B763"},"CDF":{"desc":"L1P","t":"ULAC"},"CEB":{"desc":"H4E"},"CF8":{"t":"CL30"},"D01":{"t":"C172"},"D02":{"t":"R22"},"D03":{"desc":"L1P"},"D04":{"t":"M20T"},"D05":{"desc":"L1P"},"D06":{"t":"P210"},"D09":{"t":"PA27"},"D0A":{"desc":"L1P"},"D0E":{"desc":"A1P"},"D10":{"t":"C310"},"D11":{"t":"C182"},"D12":{"t":"C82S"},"D14":{"desc":"L1P"},"D15":{"t":"C150"},"D1A":{"t":"DA42"},"D1B":{"t":"M20P"},"D1C":{"t":"PA27"},"D1D":{"desc":"L1P"},"D1E":{"t":"CH7B"},"D20":{"desc":"L1P"},"D23":{"t":"CRJ7"},"D2A":{"t":"GLID"},"D2E":{"t":"B737"},"D2F":{"desc":"L1P","t":"ULAC"},"D32":{"desc":"L1P"},"D34":{"t":"AEST"},"D3E":{"t":"BE35"},"D40":{"t":"P46T"},"D42":{"desc":"A1P"},"D46":{"desc":"L1P"},"D48":{"desc":"L1P"},"D4B":{"t":"BE35"},"D4E":{"desc":"H4E"},"D60":{"t":"A319"},"D64":{"desc":"L1P"},"D65":{"t":"B762"},"D75":{"desc":"H4E"},"D7D":{"desc":"L1P"},"D7E":{"t":"B763"},"D7F":{"t":"F900"},"D80":{"t":"GLID"},"D81":{"t":"C82R"},"D83":{"t":"BE20"},"D86":{"t":"P47"},"D89":{"desc":"L1P"},"D8B":{"t":"AT8T"},"D8D":{"t":"ERCO"},"D8E":{"t":"SF50"},"D8F":{"t":"S22T"},"D96":{"desc":"L1P"},"D9F":{"t":"C750"},"DA2":{"t":"C182"},"DA8":{"t":"C25B"},"DAF":{"desc":"L1P"},"DB0":{"desc":"H4E"},"DC8":{"t":"C441"},"DE0":{"t":"SR22"},"DE1":{"t":"FDCT"},"DE3":{"t":"CL30"},"DE7":{"t":"P28A"},"DE8":{"t":"C172"},"DE9":{"t":"PA12"},"DEB":{"t":"PA20"},"DED":{"t":"C175"},"DEF":{"t":"PA24"},"DF0":{"t":"C310"},"DF1":{"t":"BE24"},"DF2":{"t":"BL8"},"DF3":{"desc":"L1P"},"DF6":{"t":"P28A"},"DF7":{"t":"C172"},"DFE":{"t":"C140"},"E00":{"t":"C120"},"E01":{"desc":"L1P"},"E02":{"t":"C140"},"E08":{"t":"PA18"},"E0A":{"t":"PA32"},"E0B":{"t":"BE36"},"E0C":{"t":"PA12"},"E10":{"t":"C175"},"E14":{"t":"BE23"},"E1B":{"t":"PA30"},"E1D":{"t":"C120"},"E26":{"t":"C140"},"E28":{"t":"C180"},"E29":{"t":"B14A"},"E2A":{"t":"B762"},"E2B":{"t":"B762"},"E30":{"t":"P28R"},"E31":{"t":"PA20"},"E34":{"t":"BE36"},"E35":{"t":"PA24"},"E38":{"t":"BL8"},"E3C":{"t":"P28A"},"E3D":{"t":"C172"},"E3E":{"t":"PA30"},"E44":{"t":"C140"},"E48":{"t":"C140"},"E51":{"t":"C172"},"E53":{"t":"ULAC"},"E58":{"t":"PA24"},"E59":{"t":"C310"},"E5A":{"t":"BE23"},"E5C":{"t":"C172"},"E5F":{"t":"P28A"},"E60":{"t":"C172"},"E64":{"t":"C140"},"E65":{"t":"C140"},"E66":{"t":"C140"},"E68":{"t":"C140"},"E6F":{"t":"B14A"},"E70":{"t":"P28R"},"E73":{"t":"P28A"},"E75":{"t":"PA12"},"E76":{"t":"P28R"},"E77":{"t":"C180"},"E79":{"t":"C175"},"E7B":{"t":"PA24"},"E7E":{"t":"CH7B"},"E7F":{"t":"C172"},"E80":{"t":"C150"},"E84":{"t":"PA30"},"E86":{"t":"C140"},"E88":{"t":"C120"},"E89":{"t":"C140"},"E8B":{"t":"C140"},"E8D":{"t":"BT36"},"E8E":{"t":"C140"},"E92":{"desc":"L1P"},"E94":{"t":"PA18"},"E97":{"t":"C150"},"E99":{"t":"P28R"},"E9C":{"desc":"H4E"},"E9E":{"t":"PA24"},"EA0":{"t":"BE23"},"EA1":{"t":"CH7A"},"EA2":{"t":"C172"},"EA3":{"t":"C150"},"EA5":{"t":"P28A"},"EA6":{"t":"C172"},"EA9":{"t":"C120"},"EAD":{"t":"C120"},"EAE":{"t":"C140"},"EAF":{"t":"C140"},"EB3":{"t":"GLID"},"EB5":{"t":"B14A"},"EB9":{"t":"P28A"},"EBA":{"t":"C172"},"EBF":{"t":"C175"},"EC1":{"t":"PA24"},"EC5":{"t":"C172"},"EC6":{"t":"C150"},"EC8":{"t":"P28A"},"ECA":{"t":"PA30"},"ED5":{"t":"C140"},"ED6":{"t":"Y18T"},"ED8":{"desc":"L1P"},"ED9":{"t":"P32R"},"EDA":{"t":"SR22"},"EDB":{"t":"CH7A"},"EDC":{"t":"P28A"},"EE0":{"t":"PA20"},"EE2":{"desc":"L1P"},"EE4":{"t":"PA24"},"EE9":{"t":"C150"},"EEA":{"t":"M20P"},"EEB":{"t":"P28A"},"EEE":{"t":"PA25"},"EEF":{"t":"C120"},"EF0":{"t":"C140"},"EF3":{"t":"C120"},"EF4":{"t":"C140"},"EF5":{"t":"C140"},"EF6":{"t":"C140"},"EF7":{"t":"C120"},"EF9":{"t":"GLID"},"EFA":{"t":"C180"},"EFD":{"t":"PA18"},"EFE":{"t":"CH7A"},"EFF":{"desc":"H2T"},"F00":{"t":"C172"},"F01":{"t":"PA12"},"F07":{"t":"PA24"},"F08":{"t":"C310"},"F0D":{"desc":"L1P"},"F0E":{"t":"P28A"},"F0F":{"t":"C172"},"F11":{"desc":"L1P"},"F12":{"t":"C140"},"F17":{"t":"C140"},"F18":{"t":"C120"},"F1E":{"t":"B14A"},"F21":{"t":"CH7A"},"F22":{"t":"P28A"},"F23":{"t":"C172"},"F24":{"t":"R22"},"F28":{"t":"C175"},"F2C":{"t":"BE24"},"F2D":{"t":"S76"},"F2E":{"t":"PC12"},"F2F":{"t":"C150"},"F35":{"t":"C120"},"F36":{"t":"C140"},"F3A":{"t":"C140"},"F3D":{"t":"C120"},"F3F":{"desc":"L1P"},"F40":{"t":"P28A"},"F41":{"t":"B772"},"F43":{"t":"CH7B"},"F4B":{"t":"S76"},"F4C":{"t":"S76"},"F51":{"t":"B734"},"F56":{"t":"B762"},"F58":{"desc":"L1P"},"F64":{"t":"CL30"},"F6E":{"desc":"L1P"},"F72":{"t":"BL8"},"F73":{"t":"PA32"},"F74":{"t":"S22T"},"F75":{"t":"M20P"},"F76":{"t":"SR22"},"F79":{"t":"C182"},"F80":{"t":"C82S"},"F83":{"t":"C82S"},"FA4":{"t":"CL60"},"FAF":{"desc":"L1P","t":"LA4"},"FBD":{"t":"AC11"},"FC2":{"t":"C208"},"FCB":{"desc":"H4E"},"FCD":{"desc":"L1P"},"FCE":{"t":"S22T"},"FD7":{"desc":"L2P"},"FF0":{"desc":"L1P"}}