{"002":{"desc":"L1P"},"003":{"t":"EN28"},"019":{"desc":"L1P"},"01A":{"desc":"L1P"},"01B":{"t":"GLF4"},"01D":{"t":"S22T"},"026":{"desc":"L1P"},"02B":{"t":"PC12"},"033":{"t":"BALL"},"035":{"t":"P46T"},"042":{"t":"PA46"},"043":{"desc":"L1P"},"04B":{"t":"BE10"},"04C":{"desc":"A2P","t":"B77L"},"04D":{"t":"BALL"},"050":{"desc":"L1P"},"051":{"t":"A119"},"052":{"t":"B772"},"053":{"t":"H269"},"065":{"t":"GLF4"},"067":{"t":"PA23"},"06A":{"t":"PA34"},"070":{"t":"HUSK"},"074":{"t":"GLID"},"078":{"desc":"L1P"},"07D":{"t":"C185"},"081":{"t":"P28A"},"084":{"t":"PA46"},"097":{"t":"BE76"},"099":{"desc":"L1T"},"09F":{"t":"EA50"},"0A2":{"t":"SR22"},"0A7":{"t":"BE55"},"0C0":{"t":"CL30"},"0C8":{"desc":"L1P"},"0C9":{"desc":"L1P"},"0CA":{"t":"GLF5"},"0CE":{"t":"BE35"},"0D4":{"t":"TBM7"},"0D9":{"t":"H25B"},"0DA":{"desc":"A1P"},"0DC":{"desc":"L1P"},"0DD":{"t":"BE20"},"0E2":{"t":"C150"},"0E4":{"t":"C172"},"0E9":{"t":"R22"},"0EB":{"t":"CRJ7"},"0F1":{"desc":"L1P"},"0F6":{"t":"SR22"},"0FA":{"desc":"L1P"},"0FC":{"desc":"L1P"},"100":{"t":"C208"},"105":{"desc":"L2P"},"106":{"t":"T210"},"108":{"desc":"L1P"},"110":{"t":"SR20"},"113":{"desc":"A1P"},"114":{"t":"B772"},"12C":{"desc":"L1P"},"12E":{"t":"C172"},"145":{"t":"PA31"},"148":{"t":"BE58"},"14D":{"desc":"L1P"},"152":{"t":"B737"},"155":{"t":"C560"},"157":{"t":"CL60"},"15E":{"t":"S22T"},"164":{"t":"A319"},"177":{"t":"SF50"},"17B":{"t":"BE36"},"1AC":{"t":"C170"},"1B0":{"t":"C172"},"1B3":{"t":"PA20"},"1B5":{"t":"M20P"},"1B8":{"t":"C310"},"1B9":{"t":"BE36"},"1BC":{"t":"C172"},"1C4":{"t":"FA24"},"1C5":{"t":"FA24"},"1C7":{"t":"FA24"},"1C9":{"t":"FA24"},"1CA":{"t":"FA24"},"1CB":{"t":"FA24"},"1CE":{"desc":"L1P"},"1D0":{"t":"PA18"},"1D2":{"t":"C150"},"1D6":{"t":"C180"},"1D9":{"t":"P28A"},"1DC":{"t":"BE35"},"1E0":{"desc":"L1P"},"1E3":{"t":"PA30"},"1E6":{"t":"FA24"},"1E9":{"t":"FA24"},"1ED":{"t":"FA24"},"1EF":{"desc":"H1P"},"1F4":{"t":"C150"},"1FB":{"t":"M20P"},"1FC":{"t":"P28A"},"1FD":{"t":"PA24"},"1FE":{"t":"C310"},"1FF":{"t":"BE55"},"201":{"t":"C172"},"204":{"t":"P28A"},"205":{"t":"C172"},"214":{"t":"SR22"},"215":{"t":"C180"},"218":{"t":"C150"},"21A":{"t":"PA12"},"21E":{"t":"M20P"},"21F":{"t":"P28A"},"220":{"t":"PA24"},"221":{"t":"C310"},"223":{"t":"GLID"},"224":{"t":"C172"},"225":{"t":"C150"},"227":{"t":"P28A"},"22B":{"t":"FA24"},"22F":{"desc":"L1P"},"234":{"t":"J3"},"235":{"t":"B47G"},"238":{"t":"GC1"},"239":{"t":"PA18"},"23B":{"t":"C150"},"23C":{"t":"C172"},"23D":{"t":"PA12"},"241":{"t":"M20P"},"243":{"t":"PA24"},"246":{"t":"GLID"},"24A":{"desc":"L1P"},"24B":{"t":"C172"},"24D":{"t":"PA25"},"253":{"t":"FA24"},"25E":{"t":"C150"},"25F":{"t":"C172"},"260":{"t":"PA12"},"264":{"t":"M20P"},"266":{"t":"PA24"},"268":{"t":"BE35"},"269":{"t":"GLID"},"26A":{"t":"C172"},"26B":{"t":"C150"},"26D":{"t":"P28A"},"26F":{"t":"PA30"},"275":{"t":"FA24"},"276":{"t":"FA24"},"277":{"t":"FA24"},"278":{"t":"FA24"},"279":{"t":"FA24"},"27A":{"t":"FA24"},"27F":{"t":"PA18"},"280":{"t":"C150"},"281":{"t":"C150"},"288":{"t":"P28A"},"28D":{"t":"C172"},"290":{"t":"P28A"},"294":{"t":"FA24"},"295":{"t":"FA24"},"299":{"t":"FA24"},"29B":{"t":"FA24"},"29F":{"t":"C180"},"2A0":{"t":"C185"},"2A3":{"t":"C150"},"2A4":{"t":"C150"},"2A5":{"t":"C172"},"2AA":{"t":"M20P"},"2AC":{"t":"PA24"},"2AE":{"desc":"L1P"},"2AF":{"t":"GLID"},"2B0":{"t":"C172"},"2B1":{"t":"C150"},"2B3":{"t":"P28A"},"2B8":{"t":"FA24"},"2B9":{"t":"FA24"},"2C2":{"t":"C180"},"2C6":{"t":"C150"},"2CD":{"t":"M20P"},"2CE":{"t":"P28A"},"2CF":{"t":"PA24"},"2D0":{"t":"C310"},"2D1":{"t":"BE35"},"2D4":{"t":"C150"},"2D5":{"desc":"L1P"},"2D6":{"t":"P28A"},"2DB":{"t":"FA24"},"2DC":{"t":"FA24"},"2E2":{"t":"FA24"},"2E4":{"desc":"L1P"},"2E5":{"t":"C180"},"2E9":{"t":"C150"},"2EC":{"t":"PA12"},"2EF":{"desc":"L1P"},"2F0":{"t":"M20P"},"2F1":{"t":"P28A"},"2F3":{"t":"C310"},"2F4":{"t":"BE35"},"2F6":{"t":"C172"},"2F9":{"t":"P28A"},"2FC":{"t":"PA25"},"2FE":{"t":"FA24"},"302":{"t":"FA24"},"303":{"t":"FA24"},"304":{"t":"FA24"},"305":{"t":"FA24"},"307":{"t":"F2TH"},"30C":{"t":"C175"},"30F":{"t":"C25A"},"310":{"t":"C172"},"311":{"t":"SR22"},"312":{"t":"BE36"},"313":{"t":"C650"},"315":{"t":"B772"},"316":{"t":"T6"},"317":{"t":"BE20"},"318":{"t":"GLID"},"319":{"t":"B772"},"31C":{"t":"S22T"},"31D":{"t":"BE20"},"31E":{"t":"C550"},"320":{"t":"PA32"},"321":{"t":"BE35"},"322":{"t":"BE35"},"323":{"t":"PA24"},"324":{"t":"BE35"},"325":{"t":"GLID"},"327":{"t":"E50P"},"32D":{"t":"T210"},"32F":{"t":"C525"},"331":{"t":"PA24"},"332":{"t":"AEST"},"333":{"desc":"L1P"},"335":{"t":"BE55"},"336":{"t":"C310"},"337":{"t":"AR11"},"33A":{"t":"S108"},"33B":{"t":"C172"},"33D":{"desc":"L1P"},"33E":{"t":"P28S"},"33F":{"t":"BE35"},"340":{"t":"C210"},"341":{"t":"C310"},"342":{"t":"ST75"},"343":{"t":"C650"},"344":{"desc":"L1P"},"345":{"t":"SR22"},"346":{"desc":"L2P"},"348":{"t":"B06"},"349":{"t":"PC12"},"34B":{"t":"BE33"},"34C":{"t":"AS50"},"34F":{"t":"P28A"},"351":{"desc":"L1P"},"352":{"t":"BE55"},"353":{"t":"C340"},"354":{"desc":"L1T"},"355":{"t":"CL60"},"359":{"t":"PA24"},"35A":{"desc":"L1P"},"35B":{"desc":"L1P"},"35C":{"desc":"L1P"},"35D":{"t":"BE55"},"35E":{"t":"P210"},"360":{"t":"E55P"},"361":{"desc":"L1P"},"363":{"t":"C310"},"365":{"desc":"L1P"},"366":{"t":"C172"},"367":{"desc":"L1P"},"368":{"t":"BL8"},"36A":{"t":"C680"},"36B":{"t":"R44"},"36C":{"t":"BE58"},"36D":{"desc":"L4P"},"36E":{"t":"BE9L"},"36F":{"t":"M20P"},"371":{"t":"PA24"},"373":{"t":"CH7A"},"374":{"desc":"L2J"},"376":{"t":"ULAC"},"378":{"t":"B06"},"379":{"desc":"L1P"},"37A":{"desc":"L4J"},"37B":{"desc":"H4E"},"37C":{"desc":"L1P"},"37D":{"t":"P28A"},"380":{"t":"BE36"},"381":{"t":"C25B"},"384":{"t":"P28A"},"388":{"t":"FA20"},"389":{"t":"B752"},"38A":{"t":"BE40"},"38B":{"t":"CL60"},"38C":{"t":"P28U"},"38D":{"t":"BE35"},"38E":{"desc":"L1P"},"390":{"t":"G150"},"391":{"t":"PA32"},"394":{"desc":"L1P"},"396":{"t":"PA30"},"398":{"desc":"L1P"},"399":{"t":"GLID"},"39A":{"t":"C210"},"39B":{"t":"TBM7"},"39C":{"t":"P210"},"39E":{"t":"BE40"},"39F":{"t":"CL60"},"3A0":{"t":"SR22"},"3A1":{"t":"AA5"},"3A3":{"t":"AA5"},"3A6":{"t":"UH1"},"3A9":{"desc":"H4E"},"3AB":{"t":"ST75"},"3AC":{"t":"BE35"},"3AE":{"desc":"H1T","t":"H60"},"3B0":{"t":"C210"},"3B1":{"t":"CL60"},"3B2":{"t":"SR22"},"3B3":{"t":"BE60"},"3B4":{"t":"SR22"},"3B7":{"t":"BL17"},"3B9":{"t":"BALL"},"3BB":{"t":"WW24"},"3BC":{"t":"C172"},"3BD":{"t":"BE20"},"3BE":{"t":"BE36"},"3C0":{"t":"CH7A"},"3C1":{"t":"C182"},"3C2":{"t":"T6"},"3C3":{"t":"C185"},"3C4":{"t":"C56X"},"3C6":{"desc":"H1T"},"3C7":{"t":"C182"},"3C8":{"t":"T210"},"3C9":{"desc":"L1P"},"3CA":{"t":"PA18"},"3CB":{"desc":"L1P"},"3CE":{"t":"HUSK"},"3CF":{"t":"PA31"},"3D0":{"t":"CL60"},"3D2":{"t":"C172"},"3D3":{"t":"BE35"},"3D4":{"t":"P28S"},"3D5":{"t":"B350"},"3D6":{"t":"PRM1"},"3D7":{"t":"ST75"},"3D9":{"t":"C500"},"3DA":{"t":"C210"},"3DB":{"desc":"L1T","t":"PA46"},"3DC":{"t":"BE35"},"3DF":{"t":"E50P"},"3E0":{"t":"PA34"},"3E1":{"desc":"L1P"},"3E2":{"desc":"L1P"},"3E6":{"desc":"L1T"},"3E7":{"t":"PA31"},"3E8":{"t":"PC12"},"3EA":{"t":"BE9L"},"3EB":{"desc":"L1P"},"3EC":{"t":"P28A"},"3ED":{"t":"CL60"},"3EF":{"t":"BE55"},"3F0":{"t":"PA30"},"3F1":{"desc":"L1P"},"3F3":{"t":"GLF4"},"3F7":{"t":"PA30"},"3F8":{"desc":"L2J"},"3FA":{"t":"C182"},"3FB":{"t":"C750"},"3FE":{"t":"BE35"},"401":{"t":"BALL"},"402":{"desc":"L1P"},"404":{"t":"C25B"},"405":{"desc":"L1P"},"406":{"t":"LJ35"},"408":{"desc":"L1P"},"40A":{"t":"M20P"},"40C":{"desc":"L1P"},"40D":{"t":"BE55"},"410":{"desc":"L2T"},"414":{"t":"M20P"},"417":{"desc":"L2P"},"418":{"t":"C56X"},"419":{"t":"PA32"},"41A":{"t":"GLID"},"41C":{"t":"GLID"},"41D":{"t":"C172"},"41E":{"t":"E545"},"41F":{"t":"P28U"},"420":{"t":"PA31"},"422":{"t":"P46T"},"424":{"desc":"L1P"},"425":{"t":"AEST"},"427":{"t":"BE36"},"429":{"t":"PA31"},"42B":{"t":"CH7A"},"42C":{"t":"CL30"},"42D":{"t":"M20T"},"42E":{"t":"PA24"},"42F":{"t":"CL60"},"430":{"desc":"L1P"},"431":{"t":"C650"},"432":{"t":"BE36"},"434":{"t":"BE33"},"438":{"t":"SR20"},"43A":{"t":"P32R"},"43B":{"desc":"L1P","t":"ULAC"},"43C":{"t":"C340"},"43D":{"t":"C25B"},"43E":{"t":"BE36"},"43F":{"t":"SR22"},"440":{"desc":"A1P"},"441":{"t":"BE33"},"444":{"desc":"L1T"},"446":{"t":"C210"},"448":{"t":"B350"},"44B":{"t":"C206"},"44C":{"desc":"H4E"},"44D":{"desc":"L1P"},"44F":{"t":"BE36"},"450":{"desc":"L1P"},"451":{"t":"BE35"},"454":{"t":"PA46"},"456":{"desc":"L1P"},"457":{"t":"PA31"},"459":{"t":"C310"},"45A":{"t":"BE20"},"45B":{"t":"T34P"},"45E":{"t":"SR22"},"45F":{"t":"C150"},"461":{"desc":"A2T"},"462":{"t":"AA5"},"463":{"desc":"L1P"},"464":{"desc":"L1P"},"466":{"t":"C310"},"467":{"t":"BE58"},"468":{"desc":"L1P"},"469":{"t":"B737"},"46F":{"desc":"H4E"},"470":{"t":"C25C"},"471":{"t":"LJ45"},"472":{"desc":"H4E"},"477":{"t":"CL30"},"47C":{"t":"CL60"},"47E":{"t":"BALL"},"47F":{"t":"C210"},"480":{"t":"BE58"},"481":{"t":"C56X"},"484":{"desc":"A1P"},"486":{"t":"C182"},"487":{"t":"PA30"},"48A":{"t":"R44"},"48D":{"t":"C414"},"48E":{"t":"BE58"},"48F":{"t":"C210"},"491":{"desc":"L1P"},"493":{"desc":"L1P"},"495":{"t":"R66"},"496":{"t":"SR22"},"498":{"t":"PA18"},"499":{"t":"B77L"},"49A":{"t":"COL4"},"49B":{"t":"PA31"},"49C":{"t":"P28A"},"49D":{"t":"BALL"},"49E":{"t":"UH1"},"49F":{"t":"BE58"},"4A0":{"desc":"A1P","t":"ULAC"},"4A1":{"t":"FA7X"},"4A2":{"t":"P32R"},"4A3":{"t":"C500"},"4A4":{"t":"BE35"},"4A5":{"t":"P337"},"4A8":{"t":"P28A"},"4A9":{"t":"BE20"},"4AD":{"desc":"L1P"},"4AE":{"desc":"L1P"},"4B0":{"t":"T210"},"4B1":{"desc":"L1P"},"4B2":{"t":"TBM7"},"4B4":{"desc":"H1P","t":"GLF4"},"4B5":{"t":"B407"},"4B6":{"desc":"H1P"},"4B8":{"t":"PA18"},"4B9":{"t":"P32R"},"4BB":{"t":"BE58"},"4BC":{"t":"BE35"},"4BF":{"desc":"L1T","t":"M600"},"4C0":{"t":"BE20"},"4C1":{"t":"M20P"},"4C2":{"t":"C421"},"4C5":{"t":"C182"},"4C6":{"t":"C172"},"4C9":{"t":"BALL"},"4CA":{"t":"BE35"},"4CB":{"t":"B772"},"4D0":{"t":"CH7B"},"4D2":{"t":"R22"},"4D4":{"t":"B772"},"4D5":{"t":"ULAC"},"4D6":{"t":"C172"},"4DB":{"t":"BE55"},"4DC":{"t":"C680"},"4DE":{"desc":"L3J"},"4E3":{"t":"C310"},"4E4":{"desc":"L1P"},"4E5":{"t":"BT36"},"4E8":{"t":"EA50"},"4E9":{"t":"C414"},"4EB":{"t":"GLID"},"4EC":{"t":"C82R"},"4ED":{"desc":"L2T"},"4EE":{"desc":"L1P"},"4EF":{"desc":"L2P"},"4F0":{"t":"O1"},"4F1":{"t":"P28A"},"4F5":{"t":"GLID"},"4F6":{"desc":"L1P"},"4F7":{"t":"SR22"},"4F8":{"t":"H25B"},"4F9":{"t":"P28A"},"4FA":{"desc":"L1P"},"4FB":{"t":"PA31"},"4FC":{"t":"P32R"},"4FE":{"t":"P28A"},"4FF":{"t":"BE35"},"500":{"t":"BE35"},"501":{"t":"S22T"},"505":{"desc":"L1P"},"507":{"t":"C210"},"508":{"desc":"L2T"},"50C":{"t":"C182"},"50E":{"desc":"L1P"},"510":{"t":"BE58"},"511":{"t":"BE55"},"512":{"t":"SR22"},"513":{"t":"C560"},"516":{"t":"TBM7"},"517":{"t":"BE35"},"518":{"desc":"L1P"},"519":{"t":"BALL"},"51C":{"t":"SR20"},"51E":{"t":"BE18"},"521":{"t":"M20P"},"522":{"desc":"L1P"},"523":{"t":"BE30"},"527":{"desc":"L1P"},"529":{"t":"FA7X"},"52B":{"desc":"L1P"},"52C":{"t":"F900"},"52D":{"desc":"L1P"},"52E":{"t":"BE35"},"534":{"t":"BE36"},"536":{"t":"DA40"},"538":{"desc":"L1P"},"53B":{"t":"BE9L"},"53C":{"t":"SR22"},"53E":{"t":"AA5"},"540":{"t":"C82S"},"541":{"t":"P32R"},"546":{"desc":"L1P"},"547":{"t":"BE35"},"548":{"t":"B407"},"549":{"desc":"A1P"},"54A":{"t":"C182"},"54C":{"t":"L29"},"54D":{"desc":"L1P"},"54F":{"t":"GLF6"},"551":{"t":"P180"},"552":{"t":"FA50"},"553":{"t":"PA31"},"555":{"desc":"L1P"},"557":{"t":"GALX"},"558":{"desc":"L1T"},"559":{"t":"C320"},"55B":{"t":"DA40"},"55C":{"t":"DA40"},"55D":{"desc":"L1P"},"55E":{"t":"EA50"},"55F":{"t":"PA24"},"561":{"t":"C172"},"562":{"t":"P28A"},"563":{"t":"P28A"},"564":{"t":"P28R"},"565":{"t":"C150"},"567":{"t":"C172"},"568":{"t":"PA12"},"56A":{"t":"C180"},"56B":{"t":"PA34"},"56C":{"t":"M20P"},"56D":{"t":"P28A"},"56E":{"t":"PA24"},"570":{"desc":"L1P"},"571":{"t":"GLID"},"572":{"t":"C172"},"573":{"t":"C172"},"574":{"desc":"L1P"},"575":{"t":"P28A"},"576":{"t":"BE50"},"57A":{"desc":"L1P"},"57B":{"desc":"H4E"},"57E":{"desc":"L1P"},"580":{"desc":"L1P"},"581":{"desc":"L1P"},"582":{"t":"G150"},"583":{"desc":"L1P"},"584":{"t":"C180"},"585":{"t":"C172"},"586":{"t":"T6"},"588":{"t":"C150"},"58A":{"t":"C172"},"58C":{"t":"ERCO"},"590":{"t":"P28A"},"593":{"desc":"L1P"},"595":{"t":"C172"},"596":{"t":"C172"},"598":{"t":"P28A"},"59A":{"t":"PA30"},"59C":{"desc":"L1P"},"59D":{"desc":"L1P"},"59E":{"desc":"L1P"},"59F":{"desc":"L1P","t":"ULAC"},"5A0":{"desc":"L1P"},"5A1":{"desc":"L1P"},"5A3":{"t":"AC11"},"5A4":{"desc":"L1P"},"5A5":{"desc":"L1P"},"5A8":{"t":"C180"},"5A9":{"t":"P28A"},"5AA":{"t":"PA18"},"5AC":{"t":"C150"},"5AD":{"t":"C172"},"5AE":{"t":"C82S"},"5AF":{"t":"ST75"},"5B1":{"t":"M20P"},"5B2":{"t":"M20P"},"5B3":{"t":"P28A"},"5B5":{"t":"C310"},"5B6":{"t":"BE35"},"5B7":{"t":"GLID"},"5B8":{"t":"COL4"},"5B9":{"t":"C172"},"5BA":{"desc":"L1P"},"5BB":{"t":"C182"},"5BC":{"t":"C172"},"5BF":{"desc":"L1P"},"5C1":{"desc":"L1P"},"5C3":{"desc":"L1P"},"5C4":{"desc":"L1P"},"5C5":{"desc":"L1P"},"5C6":{"desc":"L1P"},"5C8":{"desc":"L1P"},"5CD":{"t":"R44"},"5CF":{"t":"C150"},"5D1":{"t":"SR22"},"5D2":{"t":"C25B"},"5D3":{"t":"PA20"},"5D5":{"desc":"H4E"},"5D6":{"t":"P28A"},"5D7":{"t":"PA24"},"5D8":{"t":"C310"},"5D9":{"t":"BE55"},"5DA":{"t":"GLID"},"5DB":{"t":"C172"},"5DC":{"t":"C172"},"5DE":{"t":"P28A"},"5E0":{"t":"PA30"},"5E3":{"desc":"L1P"},"5E4":{"desc":"L1P"},"5E7":{"desc":"L1P"},"5E8":{"desc":"L1P"},"5E9":{"desc":"L1P"},"5ED":{"t":"C172"},"5EE":{"t":"T206"},"5EF":{"t":"C77R"},"5F0":{"t":"PA18"},"5F1":{"t":"C182"},"5F2":{"t":"C150"},"5F3":{"t":"C172"},"5F8":{"desc":"H4E"},"5F9":{"t":"P28A"},"5FC":{"t":"BE55"},"5FE":{"t":"BE76"},"600":{"desc":"L1P"},"601":{"desc":"L1P"},"603":{"t":"PA30"},"604":{"t":"SR22"},"605":{"desc":"L1P"},"606":{"desc":"L1P"},"607":{"desc":"L1P"},"609":{"t":"ST75"},"60D":{"desc":"L1P"},"60E":{"desc":"L1P"},"611":{"t":"T206"},"612":{"desc":"A2P"},"613":{"t":"PA18"},"616":{"t":"C172"},"617":{"t":"PA12"},"61B":{"t":"M20P"},"61C":{"t":"P28A"},"61D":{"desc":"L1P"},"61F":{"t":"BE33"},"620":{"t":"BL8"},"621":{"t":"C172"},"624":{"t":"P28A"},"625":{"desc":"A1P"},"62A":{"t":"GC1"},"62B":{"t":"GC1"},"62D":{"t":"GC1"},"62E":{"t":"GC1"},"631":{"t":"GC1"},"636":{"t":"PA18"},"637":{"t":"C150"},"639":{"t":"C172"},"63A":{"t":"T210"},"63B":{"desc":"L1P"},"63D":{"t":"SR22"},"63E":{"t":"M20P"},"63F":{"t":"P28A"},"640":{"t":"PA24"},"643":{"t":"GLID"},"644":{"t":"S22T"},"647":{"t":"SF50"},"648":{"t":"C172"},"64A":{"t":"PA18"},"64B":{"t":"GC1"},"651":{"t":"B06"},"652":{"t":"GC1"},"656":{"t":"C206"},"657":{"t":"C680"},"658":{"t":"C172"},"659":{"t":"PA18"},"65B":{"t":"PA46"},"65C":{"t":"PA46"},"65D":{"t":"PA12"},"65F":{"t":"PA22"},"662":{"t":"GLF4"},"663":{"t":"PA24"},"664":{"t":"B737"},"665":{"t":"BE35"},"666":{"t":"C210"},"668":{"t":"GLEX"},"66A":{"t":"P28A"},"66B":{"desc":"L1P"},"66C":{"t":"PA30"},"66E":{"t":"C320"},"66F":{"desc":"L1P","t":"ULAC"},"677":{"t":"LJ31"},"678":{"t":"C77R"},"67A":{"t":"M20P"},"67F":{"t":"S22T"},"681":{"t":"CL30"},"685":{"t":"P28A"},"687":{"t":"C310"},"68A":{"t":"S22T"},"68B":{"t":"C172"},"68F":{"t":"PA30"},"690":{"t":"PA25"},"695":{"desc":"H4E"},"69B":{"t":"RYST"},"69C":{"t":"C180"},"69D":{"desc":"L1P"},"69E":{"t":"P28A"},"69F":{"t":"PA18"},"6A0":{"t":"BALL"},"6A1":{"t":"C150"},"6A3":{"t":"PA12"},"6A4":{"t":"CH7A"},"6A5":{"t":"C180"},"6A8":{"t":"P28A"},"6A9":{"desc":"L1P"},"6AD":{"t":"P32T"},"6AF":{"t":"BE20"},"6B0":{"t":"P28A"},"6B1":{"desc":"L1P"},"6B2":{"t":"PA30"},"6BC":{"t":"ST75"},"6BD":{"t":"ST75"},"6BE":{"desc":"A2P"},"6C2":{"t":"BL8"},"6C3":{"desc":"L1P"},"6C6":{"desc":"H4E"},"6CA":{"t":"BE35"},"6CC":{"t":"B772"},"6CF":{"t":"GLF6"},"6D3":{"t":"CRJ2"},"6D4":{"t":"B06"},"6DB":{"t":"C510"},"6DF":{"desc":"H4E"},"6F1":{"desc":"L1P"},"6F2":{"t":"SR22"},"6F4":{"t":"PA18"},"6FF":{"t":"C182"},"701":{"t":"GLF4"},"706":{"t":"T206"},"70D":{"desc":"L1E"},"70E":{"desc":"L1P"},"71B":{"t":"DA40"},"71C":{"t":"PA18"},"72F":{"t":"C182"},"740":{"t":"B752"},"741":{"t":"C208"},"74A":{"t":"ULAC"},"74C":{"desc":"H4E"},"74D":{"t":"H25B"},"767":{"t":"S22T"},"76E":{"desc":"L1P","t":"ULAC"},"76F":{"t":"P46T"},"787":{"desc":"L1P","t":"ULAC"},"789":{"t":"M7"},"78F":{"t":"BE77"},"797":{"desc":"H1P"},"798":{"t":"C560"},"7A6":{"desc":"L1P"},"7BA":{"t":"B77L"},"7BB":{"t":"BALL"},"7BC":{"t":"C25C"},"7CB":{"t":"R44"},"7D2":{"desc":"L1P"},"7D3":{"t":"B738"},"7D5":{"t":"C82S"},"7DE":{"t":"PA46"},"7E2":{"t":"R22"},"7E3":{"desc":"L1P"},"7E4":{"t":"G280"},"7E6":{"desc":"L1P"},"7E7":{"t":"BE23"},"7EF":{"t":"P28A"},"810":{"t":"S22T"},"812":{"desc":"L1P"},"816":{"desc":"H4E"},"82E":{"t":"CL30"},"838":{"t":"P210"},"839":{"t":"PA32"},"83A":{"t":"C177"},"83B":{"desc":"L1P"},"83F":{"desc":"L1P"},"841":{"desc":"L1P"},"84A":{"desc":"L1P"},"84B":{"t":"BE33"},"84F":{"t":"AT5T"},"850":{"t":"B77L"},"851":{"desc":"H4E"},"852":{"t":"C68A"},"856":{"t":"PAY3"},"857":{"desc":"H4E"},"859":{"t":"CRJ7"},"85D":{"t":"C172"},"85F":{"desc":"L2P"},"864":{"t":"B737"},"868":{"desc":"H2T"},"86A":{"t":"C550"},"86B":{"t":"EA50"},"873":{"t":"R66"},"876":{"t":"S22T"},"882":{"t":"B772"},"893":{"desc":"L1P"},"8AF":{"t":"EA50"},"8B4":{"t":"ULAC"},"8C1":{"desc":"L1P"},"8C5":{"t":"S22T"},"8D2":{"t":"A319"},"8D5":{"t":"C750"},"8DC":{"desc":"H4E"},"8F6":{"desc":"L1P"},"918":{"t":"C180"},"919":{"desc":"L4P"},"91A":{"desc":"L1P","t":"ULAC"},"91B":{"t":"PA18"},"91D":{"t":"C150"},"91E":{"t":"C172"},"91F":{"t":"R22"},"921":{"t":"C180"},"922":{"desc":"H4E"},"925":{"t":"PA24"},"928":{"t":"GLID"},"929":{"desc":"L1P"},"92D":{"t":"C172"},"92E":{"t":"PA18"},"933":{"t":"L8"},"935":{"t":"L8"},"936":{"t":"L8"},"937":{"t":"L8"},"938":{"t":"L8"},"939":{"t":"L8"},"93A":{"t":"FA10"},"93D":{"desc":"L1P"},"93E":{"t":"PA18"},"93F":{"t":"C182"},"941":{"t":"C172"},"942":{"t":"PA12"},"944":{"t":"PA20"},"947":{"t":"P28A"},"948":{"t":"PA24"},"94A":{"t":"BE55"},"94C":{"t":"C172"},"94D":{"t":"C172"},"950":{"t":"C172"},"952":{"t":"PA25"},"953":{"t":"L8"},"955":{"t":"C182"},"95A":{"desc":"L1P"},"95C":{"t":"L8"},"963":{"t":"C150"},"967":{"t":"C180"},"968":{"desc":"H4E"},"969":{"t":"M20P"},"96C":{"t":"C310"},"96D":{"t":"BE35"},"96E":{"t":"GLID"},"96F":{"t":"C172"},"970":{"t":"C172"},"972":{"t":"P28A"},"973":{"t":"C172"},"976":{"t":"BALL"},"978":{"t":"L8"},"97B":{"t":"L8"},"983":{"t":"ST75"},"985":{"t":"C150"},"986":{"t":"C150"},"987":{"t":"C172"},"98C":{"t":"M20P"},"98D":{"t":"P28A"},"993":{"t":"C172"},"994":{"desc":"L1P"},"9A0":{"t":"L8"},"9A1":{"t":"L8"},"9A2":{"desc":"L1P"},"9A9":{"t":"C150"},"9AA":{"t":"C172"},"9AB":{"t":"PA12"},"9B3":{"desc":"H4E"},"9B4":{"t":"GLID"},"9B5":{"t":"C172"},"9B8":{"t":"P28A"},"9BD":{"t":"L8"},"9BE":{"t":"L8"},"9C7":{"t":"C180"},"9CE":{"t":"PA12"},"9D2":{"t":"M20P"},"9D3":{"t":"P28A"},"9D9":{"t":"C172"},"9DE":{"t":"PA25"},"9E3":{"t":"L8"},"9E5":{"t":"L8"},"9E6":{"t":"L8"},"9ED":{"t":"PA18"},"9F0":{"t":"C172"},"9F2":{"t":"R44"},"9F6":{"t":"P28A"},"9F7":{"t":"PA24"},"9F9":{"t":"BE35"},"9FA":{"t":"GLID"},"9FC":{"t":"C172"},"9FD":{"desc":"L1P"},"9FE":{"t":"P28A"},"A00":{"t":"PA30"},"A03":{"t":"L8"},"A05":{"t":"L8"},"A07":{"t":"B753"},"A09":{"t":"B753"},"A0B":{"t":"L8"},"A17":{"desc":"H4E"},"A18":{"t":"M20P"},"A19":{"t":"P28A"},"A1F":{"t":"C172"},"A23":{"t":"PA30"},"A26":{"t":"B753"},"A29":{"t":"L8"},"A2A":{"t":"L8"},"A2B":{"t":"L8"},"A2C":{"t":"SR22"},"A30":{"t":"C180"},"A31":{"t":"ST75"},"A33":{"t":"PA18"},"A35":{"t":"C150"},"A37":{"t":"BE36"},"A39":{"t":"PA20"},"A3A":{"desc":"L1P"},"A3B":{"t":"M20P"},"A3C":{"t":"P28A"},"A3D":{"t":"PA24"},"A3F":{"desc":"L1P"},"A40":{"t":"GLID"},"A41":{"t":"SR20"},"A42":{"t":"C172"},"A43":{"t":"M20P"},"A44":{"t":"P28A"},"A45":{"t":"C172"},"A48":{"desc":"L1P","t":"ULAC"},"A49":{"t":"L8"},"A4B":{"t":"L8"},"A4F":{"t":"L8"},"A50":{"desc":"H1P"},"A52":{"t":"GLID"},"A53":{"t":"C180"},"A54":{"t":"C182"},"A58":{"t":"C150"},"A5E":{"t":"M20P"},"A5F":{"t":"P28A"},"A62":{"t":"BE55"},"A64":{"t":"SR20"},"A65":{"t":"C172"},"A67":{"t":"P28A"},"A6A":{"t":"BALL"},"A6B":{"t":"L8"},"A6E":{"t":"L8"},"A70":{"t":"L8"},"A76":{"t":"GLID"},"A79":{"desc":"L1P"},"A7A":{"desc":"L1P"},"A7C":{"t":"BE9L"},"A7D":{"desc":"L1E"},"A80":{"t":"P28R"},"A81":{"t":"B407"},"A82":{"t":"B350"},"A83":{"t":"B772"},"A86":{"t":"GLF6"},"A8A":{"desc":"L2J","t":"A20N"},"A8C":{"desc":"L1P"},"A8E":{"t":"GLF4"},"A90":{"t":"B744"},"A92":{"desc":"L2T"},"AA8":{"t":"SR22"},"AA9":{"t":"CRJ2"},"AAA":{"desc":"H4E"},"AAB":{"t":"C441"},"AAC":{"t":"SR20"},"AAE":{"t":"LJ45"},"AB2":{"t":"B77W"},"AB6":{"t":"AS50"},"AB9":{"t":"SBR1"},"AC1":{"t":"BE35"},"AC2":{"t":"AT8T"},"AC3":{"t":"BE58"},"AC6":{"desc":"H1P"},"AC9":{"desc":"H1P"},"AD2":{"desc":"L1P"},"AD6":{"desc":"L1T"},"AD9":{"t":"R44"},"ADE":{"t":"GLID"},"AE2":{"desc":"L1P"},"AF7":{"t":"B752"},"AF8":{"t":"C208"},"B0C":{"t":"P28A"},"B0E":{"t":"R44"},"B0F":{"t":"AS50"},"B15":{"desc":"L1P"},"B26":{"t":"R66"},"B28":{"t":"SF50"},"B3E":{"desc":"L1P","t":"ULAC"},"B40":{"t":"A320"},"B4A":{"t":"BE9L"},"B53":{"t":"SR22"},"B68":{"desc":"L2P"},"B69":{"desc":"L1P"},"B72":{"t":"SR22"},"B73":{"t":"GLF2"},"B74":{"t":"GLF4"},"B76":{"t":"EC45"},"B77":{"t":"CL60"},"B78":{"desc":"L1P"},"B7A":{"t":"P28A"},"B89":{"desc":"L1P","t":"ULAC"},"B8C":{"t":"C82S"},"B8D":{"t":"C182"},"B91":{"t":"AS50"},"B95":{"t":"BE55"},"B99":{"t":"PA27"},"B9D":{"desc":"L1P"},"BAE":{"t":"BE55"},"BB2":{"desc":"H4E"},"BBC":{"t":"EC30"},"BBE":{"t":"PC12"},"BC1":{"desc":"H4E"},"BC4":{"desc":"L1P"},"BCD":{"t":"C172"},"BCF":{"desc":"L2J"},"BE5":{"t":"CL30"},"BED":{"t":"E300"},"BEF":{"t":"BE35"},"BF1":{"t":"CH7B"},"BF6":{"t":"S22T"},"BF7":{"t":"C560"},"C01":{"desc":"L1P"},"C02":{"desc":"L1P"},"C09":{"desc":"L1P","t":"ULAC"},"C0D":{"t":"BALL"},"C0E":{"t":"R22"},"C10":{"t":"CRJ7"},"C11":{"desc":"L1P","t":"ULAC"},"C14":{"t":"C182"},"C16":{"t":"S22T"},"C18":{"t":"ULAC"},"C1B":{"t":"B737"},"C1C":{"desc":"L1P"},"C22":{"t":"C182"},"C2B":{"t":"C180"},"C34":{"t":"SR22"},"C39":{"t":"B772"},"C44":{"desc":"H10E"},"C49":{"t":"DA40"},"C57":{"t":"BE9L"},"C6A":{"desc":"L1P"},"C6B":{"t":"GLF5"},"C6D":{"t":"SR22"},"C76":{"t":"AA5"},"C7B":{"t":"S22T"},"C7C":{"desc":"L1P"},"C86":{"desc":"L1P"},"C91":{"desc":"L1P"},"C98":{"desc":"L2J"},"C99":{"desc":"L2J"},"C9A":{"desc":"L2J"},"C9B":{"desc":"L2J"},"CA2":{"desc":"H4E"},"CB5":{"t":"M7"},"CCF":{"t":"C180"},"CD2":{"t":"PA18"},"CD3":{"t":"C150"},"CD7":{"t":"TBM7"},"CDB":{"t":"P28A"},"CE0":{"t":"C172"},"CE1":{"t":"C172"},"CE3":{"t":"P28A"},"CE5":{"t":"PA30"},"CE8":{"t":"L8"},"CEA":{"t":"L8"},"CEC":{"t":"L8"},"CED":{"t":"L8"},"CF0":{"t":"L8"},"CF1":{"t":"C172"},"CF4":{"t":"C182"},"CFE":{"t":"P28A"},"CFF":{"t":"PA24"},"D03":{"t":"C172"},"D04":{"t":"C172"},"D06":{"t":"P28A"},"D07":{"t":"C172"},"D08":{"t":"PA30"},"D11":{"t":"L8"},"D12":{"t":"L8"},"D14":{"t":"GLID"},"D15":{"t":"C180"},"D18":{"t":"PA18"},"D1E":{"t":"C180"},"D20":{"t":"M20P"},"D21":{"t":"P28A"},"D22":{"t":"PA24"},"D23":{"t":"C310"},"D24":{"t":"BE33"},"D26":{"t":"C172"},"D27":{"t":"C172"},"D29":{"t":"P28A"},"D2A":{"t":"C172"},"D30":{"t":"L8"},"D32":{"t":"L8"},"D33":{"t":"L8"},"D34":{"desc":"L1T","t":"L8"},"D36":{"t":"L8"},"D39":{"t":"GLID"},"D3A":{"t":"P28A"},"D3B":{"t":"PA18"},"D3F":{"t":"PA12"},"D41":{"t":"PA20"},"D43":{"t":"M20P"},"D46":{"t":"C310"},"D4C":{"t":"P28A"},"D4E":{"t":"PA30"},"D51":{"t":"L8"},"D53":{"t":"L8"},"D55":{"t":"L8"},"D57":{"t":"L8"},"D59":{"t":"L8"},"D5F":{"t":"C150"},"D60":{"t":"C150"},"D62":{"desc":"H4E"},"D64":{"t":"PA20"},"D67":{"t":"P28A"},"D69":{"t":"C310"},"D6A":{"t":"BE36"},"D6B":{"t":"GLID"},"D6D":{"t":"C150"},"D70":{"t":"C172"},"D75":{"t":"L8"},"D79":{"t":"L8"},"D7B":{"t":"L8"},"D81":{"t":"PA18"},"D85":{"t":"PA12"},"D8B":{"t":"PA24"},"D8E":{"t":"GLID"},"D8F":{"t":"C172"},"D93":{"t":"C172"},"D96":{"t":"L8"},"D9C":{"t":"L8"},"DA2":{"t":"PA18"},"DA4":{"t":"PA18"},"DA6":{"t":"C150"},"DAA":{"t":"PA20"},"DAD":{"t":"BE55"},"DAE":{"t":"PA24"},"DB3":{"t":"C150"},"DB5":{"t":"P28A"},"DB6":{"t":"C172"},"DB7":{"t":"PA18"},"DC3":{"desc":"L1P"},"DC5":{"t":"PA18"},"DC8":{"t":"C150"},"DCD":{"t":"PA20"},"DD0":{"t":"P28A"},"DD1":{"t":"PA24"},"DD3":{"t":"BE35"},"DD5":{"t":"C172"},"DD6":{"t":"C150"},"DD7":{"desc":"L1P"},"DD8":{"t":"P28A"},"DDB":{"t":"PA25"},"DDD":{"t":"L8"},"DE0":{"t":"L8"},"DE8":{"t":"PA18"},"DF2":{"t":"M20P"},"DF3":{"t":"T206"},"DF7":{"t":"GLID"},"DF8":{"t":"C172"},"DF9":{"t":"C172"},"DFB":{"t":"P28A"},"E00":{"t":"L8"},"E05":{"t":"L8"},"E07":{"t":"L8"},"E08":{"t":"L8"},"E0D":{"t":"PA18"},"E0F":{"t":"C150"},"E13":{"t":"PA20"},"E15":{"t":"M20P"},"E19":{"desc":"L1P"},"E1A":{"t":"GLID"},"E1B":{"t":"GLF4"},"E1D":{"desc":"L1P"},"E1E":{"t":"P28A"},"E21":{"t":"PA25"},"E27":{"t":"L8"},"E29":{"t":"L8"},"E2B":{"t":"GLF6"},"E2C":{"t":"BE30"},"E2E":{"t":"P32R"},"E2F":{"t":"GLID"},"E31":{"t":"GLID"},"E32":{"t":"S22T"},"E34":{"t":"GLF4"},"E35":{"t":"HUSK"},"E36":{"t":"PA18"},"E37":{"desc":"L1P"},"E38":{"desc":"L1P"},"E39":{"t":"B06"},"E3B":{"desc":"L1J"},"E3E":{"t":"T206"},"E3F":{"desc":"L1P"},"E41":{"t":"P208"},"E42":{"t":"GLID"},"E47":{"t":"BE9L"},"E48":{"t":"C310"},"E49":{"t":"BT36"},"E4B":{"t":"BE36"},"E4C":{"t":"BE36"},"E4D":{"t":"P28A"},"E4E":{"desc":"L1P"},"E4F":{"desc":"L1P"},"E50":{"t":"PA18"},"E51":{"t":"C185"},"E56":{"t":"B06"},"E57":{"desc":"L1P"},"E58":{"desc":"H1P"},"E5B":{"desc":"L1P"},"E5D":{"t":"BL8"},"E60":{"t":"B350"},"E61":{"t":"BALL"},"E62":{"t":"BE33"},"E63":{"t":"SR22"},"E65":{"desc":"L1P"},"E66":{"desc":"L1P"},"E6A":{"t":"F2TH"},"E6B":{"t":"GLID"},"E74":{"t":"PA12"},"E76":{"t":"F900"},"E77":{"desc":"L1P"},"E78":{"t":"U21"},"E79":{"t":"BE10"},"E7A":{"t":"BE58"},"E7B":{"t":"BE33"},"E7C":{"t":"BE55"},"E7D":{"t":"C185"},"E7E":{"desc":"L1P"},"E7F":{"t":"C414"},"E81":{"t":"P28R"},"E83":{"desc":"L1P"},"E86":{"t":"BALL"},"E88":{"desc":"L1P"},"E89":{"t":"S22T"},"E8B":{"t":"BE36"},"E8D":{"desc":"L1P"},"E92":{"t":"CRJ7"},"E94":{"t":"UH1"},"E96":{"t":"SR22"},"E97":{"desc":"L1P"},"E99":{"t":"P32T"},"E9D":{"t":"SR22"},"EA1":{"t":"C172"},"EA4":{"t":"BE36"},"EA7":{"t":"E300"},"EA9":{"desc":"L1P"},"EAA":{"t":"C210"},"EAB":{"t":"GLID"},"EAC":{"t":"BE9T"},"EAE":{"t":"GLID"},"EB1":{"t":"C182"},"EB2":{"desc":"H2T"},"EB3":{"t":"F2TH"},"EB5":{"t":"PA46"},"EB6":{"t":"M20P"},"EB8":{"desc":"L1P"},"EBA":{"t":"LJ60"},"EBB":{"desc":"L1J"},"EBC":{"t":"R44"},"EC3":{"desc":"L1P"},"EC5":{"t":"P32T"},"EC6":{"t":"BL8"},"EC7":{"t":"AEST"},"ECA":{"t":"BE33"},"ECB":{"t":"PA31"},"ECD":{"t":"BE60"},"ECE":{"t":"SR22"},"ECF":{"t":"C310"},"ED3":{"desc":"H4E"},"ED4":{"t":"PA27"},"ED5":{"t":"AA5"},"ED8":{"t":"BE36"},"EDE":{"t":"HUSK"},"EE2":{"t":"BE33"},"EE4":{"t":"C25B"},"EE5":{"desc":"L1P"},"EE6":{"desc":"A1P"},"EE8":{"t":"BE55"},"EEC":{"desc":"L1P"},"EED":{"desc":"L2P"},"EF3":{"t":"HUSK"},"EF5":{"t":"PT22"},"EF7":{"desc":"L1P"},"EF9":{"desc":"L1P"},"EFA":{"t":"COL4"},"EFB":{"desc":"L1P"},"EFC":{"t":"BE35"},"EFD":{"desc":"L1P"},"EFE":{"t":"S22T"},"F00":{"desc":"L1P"},"F01":{"t":"P28A"},"F02":{"desc":"L1P"},"F03":{"t":"BALL"},"F07":{"t":"PA27"},"F0F":{"desc":"A1P"},"F11":{"t":"C414"},"F12":{"t":"BE24"},"F14":{"desc":"L1P"},"F15":{"t":"BE36"},"F17":{"t":"C310"},"F18":{"t":"BE35"},"F19":{"t":"BE58"},"F1A":{"t":"BE35"},"F1B":{"t":"GA5C"},"F1C":{"t":"AA5"},"F20":{"t":"AEST"},"F22":{"t":"AA5"},"F23":{"t":"T206"},"F28":{"desc":"L2T"},"F2C":{"desc":"L1P"},"F2F":{"t":"C182"},"F33":{"desc":"L1P"},"F38":{"t":"AEST"},"F39":{"desc":"L1P","t":"FA50"},"F40":{"t":"BE33"},"F41":{"t":"GLID"},"F42":{"t":"FA20"},"F43":{"t":"SR22"},"F44":{"t":"C550"},"F45":{"t":"B06"},"F47":{"t":"SR22"},"F49":{"t":"P28A"},"F4A":{"t":"T210"},"F4B":{"t":"T206"},"F4D":{"t":"B350"},"F4E":{"t":"M20P"},"F50":{"t":"P32T"},"F52":{"desc":"L1P"},"F53":{"desc":"L1P"},"F54":{"t":"BL8"},"F55":{"t":"T206"},"F57":{"desc":"L1P"},"F59":{"t":"GLID"},"F5A":{"t":"AC90"},"F5C":{"t":"EC45"},"F5D":{"t":"T206"},"F60":{"t":"C414"},"F62":{"t":"AEST"},"F64":{"t":"B06"},"F67":{"desc":"L1P"},"F69":{"t":"PA18"},"F6A":{"desc":"L1P"},"F6B":{"t":"F2TH"},"F6E":{"t":"UH1"},"F73":{"t":"DA40"},"F75":{"t":"C182"},"F76":{"t":"BL8"},"F77":{"t":"M20P"},"F79":{"t":"PC12"},"F7A":{"t":"BE33"},"F7B":{"t":"CH7B"},"F7C":{"t":"MU2"},"F7D":{"t":"P32T"},"F80":{"desc":"L1P"},"F83":{"desc":"L1P"},"F86":{"desc":"L1P"},"F87":{"t":"PA24"},"F8A":{"t":"SR22"},"F8B":{"t":"PC12"},"F8D":{"t":"P28R"},"F99":{"t":"PA18"},"F9B":{"t":"BE9L"},"FA4":{"t":"ST75"},"FA6":{"desc":"L1P"},"FA7":{"t":"SR20"},"FA8":{"t":"SR22"},"FAA":{"t":"PA22"},"FAB":{"t":"C82R"},"FAC":{"desc":"L1P"},"FAD":{"t":"PA30"},"FAE":{"t":"C25A"},"FAF":{"desc":"L1P","t":"TB0"},"FB0":{"desc":"L1T","t":"M600"},"FB1":{"t":"T6"},"FB4":{"t":"C182"},"FB5":{"t":"BE35"},"FB6":{"desc":"L1P"},"FB9":{"desc":"L1P"},"FBD":{"t":"C340"},"FBE":{"t":"C208"},"FBF":{"desc":"L1P"},"FC0":{"t":"C337"},"FC1":{"t":"CL60"},"FC2":{"t":"CH7B"},"FC4":{"desc":"L1P"},"FC5":{"desc":"L1J"},"FC6":{"t":"E300"},"FC7":{"desc":"L1P"},"FC9":{"t":"C337"},"FCB":{"desc":"L1P"},"FCD":{"t":"FDCT"},"FCE":{"desc":"L1P"},"FCF":{"desc":"L1P"},"FD5":{"t":"SR22"},"FD6":{"t":"C310"},"FD7":{"t":"P28A"},"FD9":{"t":"CL30"},"FDA":{"t":"SR20"},"FDC":{"t":"M20P"},"FDD":{"desc":"L1P"},"FDE":{"desc":"A1P","t":"ULAC"},"FDF":{"t":"C525"},"FE0":{"desc":"L1P"},"FE2":{"t":"P28A"},"FE4":{"desc":"L1P"},"FE7":{"t":"AEST"},"FE8":{"t":"AC90"},"FEB":{"desc":"L1P"},"FEC":{"desc":"L1P"}}