{"001":{"t":"C172"},"002":{"t":"E75L"},"006":{"t":"C172"},"007":{"t":"E75L"},"008":{"t":"P32R"},"009":{"t":"R44"},"00D":{"t":"PA22"},"00F":{"t":"ULAC"},"013":{"t":"S108"},"014":{"t":"ULAC"},"017":{"t":"PA24"},"019":{"t":"BE24"},"01A":{"t":"C150"},"01B":{"desc":"L1P"},"01D":{"t":"BALL"},"01F":{"t":"C172"},"020":{"t":"PA30"},"022":{"t":"C172"},"025":{"desc":"L1P"},"02A":{"t":"C172"},"02B":{"t":"C185"},"02D":{"t":"AT8T"},"02E":{"t":"C172"},"030":{"t":"P32R"},"031":{"desc":"L2P"},"033":{"t":"C77R"},"035":{"t":"BE9L"},"037":{"desc":"L1P"},"038":{"t":"C310"},"039":{"t":"C172"},"03C":{"t":"BE24"},"03D":{"t":"C150"},"03E":{"t":"BT36"},"03F":{"t":"C150"},"040":{"t":"BE36"},"041":{"t":"J3"},"045":{"desc":"L1P","t":"ULAC"},"048":{"t":"C172"},"04B":{"t":"C172"},"04D":{"t":"P28A"},"04F":{"t":"P28A"},"050":{"t":"C170"},"051":{"t":"C172"},"052":{"t":"PA22"},"056":{"t":"C77R"},"05A":{"t":"C172"},"064":{"t":"P28A"},"065":{"t":"BE36"},"066":{"t":"PA30"},"069":{"t":"C172"},"06A":{"t":"C172"},"06B":{"t":"BE18"},"06E":{"t":"C172"},"06F":{"t":"C172"},"071":{"t":"C172"},"072":{"desc":"L1P"},"073":{"t":"R22"},"078":{"t":"C150"},"079":{"desc":"L1P","t":"ULAC"},"07B":{"t":"AEST"},"080":{"t":"PA24"},"081":{"desc":"A1P","t":"ULAC"},"082":{"t":"BE24"},"083":{"t":"C150"},"086":{"t":"AT8T"},"087":{"t":"CH7A"},"08A":{"t":"BE36"},"08B":{"t":"C172"},"08D":{"t":"C172"},"08E":{"t":"P68"},"093":{"t":"BE18"},"094":{"t":"C172"},"096":{"t":"C170"},"098":{"t":"PA22"},"099":{"t":"PA22"},"09A":{"desc":"L1P"},"09C":{"t":"C77R"},"09D":{"t":"BALL"},"09F":{"t":"S108"},"0A3":{"desc":"L1P"},"0A4":{"t":"ULAC"},"0A5":{"t":"R22"},"0A6":{"t":"T28"},"0A7":{"t":"C175"},"0A9":{"desc":"L1T","t":"SS2P"},"0AC":{"t":"ULAC"},"0AF":{"t":"C185"},"0B0":{"t":"P28B"},"0B1":{"t":"AT8T"},"0B4":{"t":"C172"},"0B6":{"t":"BALL"},"0B8":{"t":"BE20"},"0BA":{"t":"AT8T"},"0BC":{"t":"H25B"},"0BE":{"t":"E135"},"0BF":{"t":"PA46"},"0C0":{"t":"GLF4"},"0C6":{"t":"B788"},"0C7":{"t":"ULAC"},"0C9":{"t":"S61"},"0CA":{"t":"AT8T"},"0CB":{"t":"PA44"},"0CE":{"t":"A319"},"0D2":{"t":"C172"},"0D3":{"t":"S22T"},"0D4":{"t":"BALL"},"0D5":{"t":"C56X"},"0D8":{"t":"AT8T"},"0DA":{"t":"H25B"},"0E0":{"desc":"H4E"},"0E2":{"t":"S22T"},"0E4":{"t":"C172"},"0EB":{"t":"PA46"},"0EE":{"t":"WW24"},"0EF":{"t":"SR22"},"0F0":{"t":"E135"},"0F6":{"t":"SR22"},"0F8":{"desc":"H2T"},"0F9":{"t":"AS50"},"0FD":{"t":"AT8T"},"0FF":{"t":"C560"},"100":{"desc":"L1P"},"106":{"t":"SR22"},"107":{"desc":"L1P"},"10B":{"t":"AT8T"},"10C":{"t":"DC87"},"10D":{"t":"BE55"},"10E":{"t":"S22T"},"10F":{"t":"S22T"},"110":{"desc":"L1P"},"111":{"t":"B739"},"115":{"t":"BALL"},"127":{"t":"C560"},"12D":{"t":"DA40"},"13A":{"t":"A310"},"13B":{"t":"C208"},"13F":{"desc":"L1P","t":"ULAC"},"146":{"t":"A318"},"14C":{"desc":"L2T"},"150":{"t":"AA5"},"161":{"t":"BE9L"},"169":{"desc":"L1P"},"16A":{"t":"AT8T"},"16B":{"desc":"L2T"},"179":{"t":"S22T"},"182":{"desc":"L1P"},"183":{"t":"A320"},"187":{"t":"B47G"},"189":{"t":"P46T"},"18D":{"t":"H25B"},"191":{"desc":"L1P","t":"ULAC"},"192":{"t":"CH7B"},"1A5":{"t":"GLID"},"1A8":{"t":"AT8T"},"1B4":{"t":"B06"},"1BB":{"desc":"L1P"},"1BF":{"t":"COL4"},"1C9":{"t":"SR22"},"1CC":{"desc":"L1P"},"1CD":{"t":"AT8T"},"1D0":{"t":"E170"},"1D3":{"desc":"H4E"},"1D8":{"t":"C185"},"1DA":{"t":"AS50"},"1DD":{"t":"B763"},"1E1":{"t":"AT8T"},"1E6":{"t":"GLF3"},"1E8":{"desc":"L1T"},"1E9":{"t":"P28R"},"1EC":{"t":"PC12"},"1F2":{"t":"B738"},"1F9":{"t":"R44"},"1FA":{"t":"A333"},"1FD":{"t":"AT8T"},"1FE":{"t":"PA18"},"200":{"t":"L8"},"201":{"t":"ULAC"},"204":{"t":"C56X"},"206":{"desc":"H4E"},"207":{"t":"H60"},"209":{"desc":"L1P"},"20A":{"t":"C182"},"20F":{"desc":"L1P","t":"ULAC"},"210":{"desc":"L1P"},"217":{"desc":"L1P"},"228":{"desc":"L2J"},"230":{"t":"BE35"},"231":{"t":"AT8T"},"232":{"t":"ST75"},"233":{"t":"C25C"},"235":{"desc":"L1E"},"240":{"t":"A320"},"241":{"desc":"L1P"},"242":{"desc":"L2T"},"245":{"desc":"L1P","t":"ULAC"},"246":{"t":"AT8T"},"24C":{"desc":"H4E"},"250":{"t":"SR20"},"251":{"t":"PC12"},"253":{"t":"CRJ9"},"255":{"t":"BL8"},"256":{"t":"MD11"},"257":{"desc":"A1P","t":"ULAC"},"25B":{"t":"C501"},"25E":{"t":"E55P"},"260":{"t":"B738"},"262":{"t":"GLID"},"263":{"t":"P208"},"264":{"t":"H25B"},"268":{"t":"LJ35"},"26A":{"t":"C208"},"26B":{"t":"B734"},"26E":{"desc":"L1P"},"27C":{"t":"A319"},"287":{"desc":"L4E"},"289":{"t":"B350"},"29B":{"t":"PA23"},"2A0":{"desc":"H4E"},"2AE":{"t":"MD83"},"2B0":{"t":"PC12"},"2B3":{"t":"AT8T"},"2BD":{"desc":"L1P"},"2BE":{"desc":"A1P"},"2C2":{"t":"AT8T"},"2C4":{"t":"P46T"},"2C6":{"t":"CRJ7"},"2C7":{"t":"B738"},"2E1":{"desc":"L1P"},"2F8":{"t":"GLID"},"312":{"t":"LJ35"},"315":{"t":"PA22"},"316":{"t":"M20P"},"317":{"t":"C150"},"31C":{"t":"AT8T"},"31E":{"t":"P28A"},"31F":{"t":"PA24"},"322":{"t":"C150"},"323":{"t":"B06"},"325":{"desc":"L1T","t":"SS2P"},"326":{"t":"P28A"},"327":{"t":"C172"},"329":{"desc":"L1P"},"32C":{"desc":"L1P"},"32E":{"t":"BE35"},"330":{"t":"BE35"},"331":{"t":"R22"},"333":{"t":"BE35"},"334":{"t":"GLID"},"336":{"t":"P32R"},"338":{"t":"GLID"},"339":{"desc":"A1P","t":"ULAC"},"33C":{"t":"P32R"},"33E":{"t":"S108"},"33F":{"t":"BE35"},"340":{"t":"P32R"},"342":{"t":"PA24"},"343":{"desc":"L2P"},"344":{"t":"C185"},"349":{"t":"P28A"},"34E":{"t":"BE35"},"34F":{"t":"BE35"},"350":{"t":"GLID"},"351":{"t":"C172"},"355":{"t":"BE35"},"356":{"t":"C172"},"359":{"t":"R22"},"35B":{"t":"PA22"},"35D":{"t":"C172"},"35E":{"t":"P32R"},"362":{"t":"C140"},"368":{"t":"C150"},"36B":{"t":"C188"},"36E":{"t":"AT8T"},"371":{"t":"C172"},"372":{"desc":"L1P","t":"ULAC"},"373":{"t":"BE35"},"374":{"desc":"L1P"},"375":{"t":"C172"},"376":{"t":"PA32"},"379":{"t":"BE35"},"37C":{"t":"BE36"},"37F":{"t":"YK52"},"380":{"t":"AT8T"},"381":{"t":"C77R"},"384":{"desc":"H1P"},"388":{"t":"PA24"},"38A":{"t":"BE24"},"38B":{"t":"C150"},"38D":{"t":"R22"},"38F":{"t":"P28A"},"390":{"t":"C172"},"391":{"t":"PA30"},"392":{"t":"UH1"},"394":{"t":"BE35"},"397":{"desc":"L1P"},"398":{"t":"BE35"},"399":{"t":"C172"},"39A":{"desc":"L1P"},"39B":{"t":"BE35"},"39C":{"t":"C172"},"39F":{"t":"C172"},"3A1":{"t":"PA22"},"3A8":{"t":"C172"},"3AA":{"t":"P28A"},"3AD":{"t":"BE24"},"3AF":{"t":"P28A"},"3B0":{"t":"BE36"},"3B1":{"desc":"L1P"},"3B2":{"t":"P28A"},"3B5":{"t":"C150"},"3B6":{"t":"C172"},"3B7":{"t":"P28A"},"3B8":{"t":"C172"},"3BA":{"t":"BE35"},"3BB":{"t":"BE35"},"3BC":{"t":"P28A"},"3BE":{"desc":"L1P"},"3BF":{"t":"C185"},"3C0":{"t":"C182"},"3C1":{"t":"C170"},"3C2":{"desc":"L1P"},"3C3":{"t":"PA22"},"3C4":{"t":"PA22"},"3C8":{"t":"H269"},"3C9":{"t":"ULAC"},"3CA":{"t":"R22"},"3CB":{"t":"C172"},"3CC":{"t":"P28A"},"3CD":{"t":"PA44"},"3CE":{"t":"PA24"},"3CF":{"t":"C185"},"3D0":{"t":"H269"},"3D1":{"t":"H269"},"3D3":{"t":"BE36"},"3D4":{"t":"C188"},"3D5":{"t":"P28A"},"3D8":{"t":"ULAC"},"3D9":{"desc":"L1P","t":"ULAC"},"3DA":{"t":"BE35"},"3DB":{"t":"BALL"},"3DD":{"t":"C172"},"3DE":{"desc":"L1P","t":"ULAC"},"3DF":{"t":"C172"},"3E1":{"t":"C172"},"3E2":{"t":"ULAC"},"3E3":{"desc":"L1P","t":"ULAC"},"3E5":{"t":"C172"},"3E7":{"t":"T28"},"3E8":{"t":"AT8T"},"3EA":{"t":"BE33"},"3EB":{"desc":"L1P","t":"ULAC"},"3EC":{"t":"BE33"},"3ED":{"t":"G164"},"3F0":{"t":"PA22"},"3F3":{"t":"P28B"},"3F4":{"t":"C150"},"3F6":{"desc":"L1P"},"3F7":{"t":"C188"},"3F8":{"t":"P28A"},"3FA":{"t":"PA30"},"3FB":{"t":"C206"},"3FD":{"t":"CH7A"},"3FF":{"desc":"L1P","t":"ULAC"},"401":{"t":"BE35"},"402":{"desc":"L1P","t":"ULAC"},"405":{"t":"C172"},"408":{"t":"C172"},"40A":{"t":"PA22"},"40B":{"t":"C182"},"40C":{"t":"C150"},"410":{"t":"BE33"},"411":{"t":"H269"},"412":{"t":"C310"},"414":{"t":"BE33"},"415":{"t":"C421"},"416":{"t":"BE36"},"417":{"t":"P32R"},"41B":{"t":"P28A"},"41C":{"t":"C172"},"41E":{"t":"C180"},"41F":{"t":"C172"},"420":{"t":"C172"},"421":{"t":"C172"},"424":{"t":"C172"},"425":{"t":"C172"},"42A":{"t":"C170"},"42B":{"t":"C172"},"42C":{"t":"P28A"},"42D":{"t":"PA18"},"42E":{"t":"T6"},"42F":{"t":"C150"},"434":{"t":"C172"},"435":{"t":"C182"},"437":{"t":"PA24"},"438":{"t":"PA34"},"43F":{"desc":"H2T"},"445":{"t":"C172"},"446":{"t":"C172"},"448":{"t":"C172"},"449":{"t":"C172"},"44B":{"t":"C172"},"44D":{"t":"AT8T"},"450":{"t":"PA22"},"451":{"desc":"L1P"},"452":{"desc":"L1P","t":"ULAC"},"453":{"t":"C77R"},"454":{"desc":"L1P"},"457":{"t":"C172"},"459":{"t":"P28A"},"45A":{"t":"H269"},"45D":{"t":"C150"},"45F":{"t":"ULAC"},"460":{"t":"ULAC"},"461":{"t":"H269"},"465":{"t":"C172"},"466":{"t":"C172"},"46A":{"t":"C172"},"46B":{"t":"C172"},"46C":{"t":"C172"},"46E":{"t":"C185"},"470":{"t":"PA22"},"471":{"t":"C172"},"473":{"t":"BL8"},"475":{"t":"E135"},"476":{"desc":"H4E"},"478":{"t":"BE20"},"479":{"t":"C206"},"47B":{"t":"F900"},"47C":{"t":"P28A"},"47D":{"t":"B788"},"47E":{"t":"T206"},"482":{"t":"PA44"},"485":{"t":"A319"},"487":{"t":"CRJ2"},"489":{"t":"L8"},"48A":{"desc":"L2T"},"48B":{"t":"T206"},"48C":{"t":"BL8"},"492":{"desc":"L1P"},"494":{"t":"C56X"},"495":{"desc":"H4E"},"497":{"desc":"L1P"},"499":{"desc":"L1P"},"49B":{"t":"AS50"},"4A2":{"t":"BE20"},"4A4":{"t":"AT8T"},"4A8":{"desc":"L1P","t":"ULAC"},"4AB":{"t":"C525"},"4AF":{"desc":"H2T"},"4B0":{"t":"C172"},"4B7":{"t":"PC12"},"4BD":{"t":"F2TH"},"4BF":{"desc":"L1P"},"4C1":{"desc":"L1P"},"4C2":{"t":"AT8T"},"4C3":{"desc":"L1P"},"4C4":{"desc":"L1P"},"4C8":{"t":"B739"},"4C9":{"desc":"L1P"},"4D0":{"t":"FA50"},"4D3":{"t":"C208"},"4E6":{"t":"AT8T"},"4E8":{"desc":"L1P","t":"ULAC"},"4F1":{"t":"A310"},"4F3":{"desc":"L4J"},"4FF":{"t":"GLF4"},"502":{"t":"C172"},"503":{"desc":"L2T"},"508":{"t":"R44"},"510":{"desc":"L1P"},"517":{"desc":"L1P"},"520":{"desc":"H4E"},"521":{"t":"AT8T"},"522":{"desc":"L2T"},"523":{"t":"R44"},"52A":{"desc":"L1P"},"538":{"desc":"L1P"},"53A":{"t":"A320"},"53B":{"t":"BE58"},"540":{"t":"L39"},"542":{"desc":"L1P"},"549":{"desc":"L1P"},"551":{"desc":"L1P"},"553":{"t":"BE9L"},"55A":{"t":"AT5T"},"55F":{"t":"AT8T"},"566":{"t":"B773"},"56C":{"t":"BALL"},"56D":{"t":"C550"},"570":{"t":"AS50"},"575":{"t":"SR22"},"57A":{"t":"BALL"},"583":{"t":"ULAC"},"58A":{"desc":"L1P"},"58B":{"t":"EC30"},"58F":{"t":"PA31"},"591":{"t":"AS50"},"593":{"t":"DH8B"},"599":{"t":"SR22"},"59F":{"desc":"L1T"},"5A0":{"t":"BALL"},"5A2":{"desc":"H4E"},"5A4":{"t":"BE36"},"5A5":{"t":"PA31"},"5A9":{"t":"B738"},"5AC":{"t":"C185"},"5B0":{"t":"R44"},"5B1":{"t":"A333"},"5B4":{"t":"AT8T"},"5B5":{"t":"C525"},"5B6":{"t":"DA42"},"5B8":{"t":"LJ55"},"5BA":{"t":"PC12"},"5BC":{"t":"E55P"},"5BE":{"t":"H60"},"5C1":{"t":"M20P"},"5C3":{"t":"BALL"},"5C5":{"t":"C414"},"5C6":{"desc":"L1P","t":"ULAC"},"5C9":{"desc":"L1P"},"5DF":{"desc":"L2J"},"5E7":{"desc":"L1P","t":"ULAC"},"5E8":{"desc":"H1T"},"5E9":{"t":"ST75"},"5EC":{"desc":"L1E"},"5ED":{"desc":"L1P"},"5F1":{"t":"ULAC"},"5F3":{"desc":"L1P"},"5F5":{"desc":"L1P"},"5FB":{"desc":"L1P"},"602":{"t":"L13M"},"603":{"desc":"H4E"},"604":{"t":"BL8"},"605":{"t":"SR22"},"608":{"desc":"L1P"},"609":{"desc":"L4J"},"60A":{"t":"CRJ9"},"60B":{"t":"C182"},"60E":{"t":"C172"},"610":{"t":"SR22"},"612":{"t":"BL8"},"615":{"t":"RV12"},"617":{"t":"B738"},"61B":{"desc":"L1P"},"61C":{"t":"BALL"},"621":{"t":"C208"},"624":{"t":"GLF6"},"625":{"t":"GLF6"},"632":{"desc":"L1P"},"633":{"t":"A319"},"640":{"t":"B350"},"64E":{"t":"C525"},"663":{"t":"GLF4"},"665":{"t":"MD83"},"668":{"desc":"L2J"},"66F":{"desc":"L1P"},"670":{"t":"GLEX"},"672":{"desc":"L2T"},"67D":{"t":"CRJ7"},"67E":{"t":"B738"},"68B":{"t":"H25B"},"6AF":{"t":"NAVI"},"6C8":{"t":"S108"},"6CB":{"t":"PA18"},"6CC":{"t":"PA22"},"6CD":{"t":"C172"},"6CE":{"desc":"L1P"},"6CF":{"t":"C77R"},"6D1":{"t":"C182"},"6D3":{"t":"C172"},"6D4":{"t":"C310"},"6D5":{"t":"BE33"},"6D8":{"desc":"L1P"},"6D9":{"t":"C150"},"6DA":{"t":"C175"},"6DB":{"t":"AT8T"},"6DF":{"t":"PA27"},"6E1":{"t":"GC1"},"6E2":{"t":"GC1"},"6E8":{"t":"C172"},"6EC":{"t":"C170"},"6ED":{"t":"C82R"},"6EE":{"t":"PA18"},"6F2":{"t":"C77R"},"6F4":{"t":"AEST"},"6F6":{"t":"ULAC"},"6F8":{"t":"P28A"},"6F9":{"t":"PA24"},"6FA":{"t":"C182"},"6FD":{"t":"C175"},"6FE":{"t":"BE58"},"6FF":{"t":"P28A"},"700":{"t":"P28A"},"701":{"t":"C172"},"703":{"t":"C206"},"704":{"t":"ULAC"},"705":{"t":"C172"},"707":{"t":"BALL"},"709":{"desc":"A1P"},"70B":{"t":"C172"},"70D":{"t":"C172"},"70F":{"t":"PA44"},"711":{"t":"PA18"},"712":{"t":"PA22"},"714":{"desc":"L1P"},"717":{"t":"AEST"},"71A":{"t":"T210"},"71B":{"t":"P28A"},"71C":{"t":"PA24"},"71E":{"t":"BE24"},"720":{"t":"P28A"},"723":{"t":"P28A"},"724":{"t":"C172"},"725":{"t":"PA30"},"727":{"t":"C185"},"729":{"t":"C172"},"72A":{"t":"GC1"},"72C":{"t":"C172"},"72D":{"t":"C172"},"72F":{"t":"GC1"},"732":{"t":"C170"},"733":{"desc":"L1P"},"734":{"t":"PA18"},"736":{"desc":"L1P","t":"ULAC"},"737":{"t":"C150"},"73B":{"t":"S108"},"73C":{"t":"C172"},"73E":{"t":"P28A"},"740":{"desc":"L1P"},"741":{"desc":"L1P"},"743":{"t":"UH1"},"744":{"t":"PA30"},"748":{"t":"UH1"},"74B":{"t":"C172"},"74D":{"t":"C172"},"74E":{"t":"C172"},"74F":{"t":"C172"},"750":{"t":"C172"},"751":{"t":"C172"},"752":{"desc":"L1P","t":"ULAC"},"755":{"t":"C170"},"756":{"t":"P28B"},"757":{"t":"P28A"},"75B":{"t":"C77R"},"75F":{"t":"C172"},"760":{"t":"C310"},"761":{"desc":"L1P","t":"ULAC"},"763":{"desc":"A1P","t":"ULAC"},"764":{"t":"ULAC"},"765":{"t":"P28A"},"766":{"t":"C175"},"767":{"t":"BALL"},"76B":{"desc":"L1P"},"770":{"t":"C172"},"772":{"t":"GC1"},"773":{"t":"BALL"},"775":{"t":"C172"},"776":{"desc":"L1P"},"778":{"desc":"L1P","t":"ULAC"},"779":{"t":"C172"},"77A":{"t":"P28A"},"77D":{"t":"C150"},"781":{"t":"S108"},"782":{"t":"C172"},"783":{"t":"C310"},"784":{"t":"P28A"},"785":{"t":"PA24"},"787":{"t":"BE36"},"788":{"t":"C150"},"78A":{"t":"BE33"},"78B":{"t":"P28A"},"78C":{"t":"AA1"},"78E":{"t":"PA30"},"78F":{"t":"BE36"},"790":{"t":"GC1"},"791":{"t":"GC1"},"794":{"t":"C172"},"795":{"t":"GC1"},"797":{"desc":"L1P"},"798":{"t":"B06"},"799":{"desc":"L1P","t":"ULAC"},"79B":{"desc":"L1P"},"79C":{"t":"P28T"},"79D":{"t":"PA18"},"79E":{"desc":"L2P"},"7A1":{"t":"C77R"},"7A3":{"t":"ULAC"},"7A5":{"t":"C172"},"7A6":{"t":"C310"},"7A7":{"t":"P28A"},"7A9":{"t":"C421"},"7AC":{"desc":"H1T"},"7AF":{"desc":"L1P"},"7B0":{"t":"C172"},"7B6":{"t":"GC1"},"7B7":{"t":"GC1"},"7BA":{"t":"GC1"},"7BB":{"desc":"L1P"},"7BC":{"t":"GC1"},"7BE":{"t":"C170"},"7C0":{"t":"PA18"},"7C3":{"t":"C150"},"7C5":{"t":"CH7B"},"7C7":{"desc":"L1P","t":"G64T"},"7C8":{"t":"C172"},"7C9":{"desc":"L1P"},"7CA":{"t":"P28A"},"7CB":{"t":"AT8T"},"7CD":{"t":"BALL"},"7CE":{"t":"BE35"},"7CF":{"desc":"A1P"},"7D0":{"t":"C150"},"7D2":{"t":"P28A"},"7D6":{"desc":"L1P"},"7D7":{"t":"GC1"},"7D8":{"t":"GC1"},"7D9":{"t":"GC1"},"7DA":{"desc":"L1P","t":"ULAC"},"7DB":{"t":"C172"},"7DC":{"t":"GC1"},"7DE":{"t":"C172"},"7E0":{"desc":"L1P"},"7E2":{"t":"C172"},"7E7":{"t":"C77R"},"7EB":{"t":"AT8T"},"7EC":{"t":"C182"},"7EE":{"desc":"L1P","t":"ULAC"},"7F1":{"t":"H269"},"7F3":{"t":"C150"},"7F4":{"desc":"L1P"},"7F5":{"t":"P28A"},"7F6":{"desc":"L1P"},"7F7":{"t":"PA30"},"7FB":{"t":"GC1"},"7FC":{"t":"C172"},"7FE":{"t":"C172"},"800":{"t":"C152"},"802":{"desc":"L1P"},"804":{"t":"B738"},"806":{"t":"PA18"},"807":{"t":"PA22"},"812":{"desc":"L1P","t":"ULAC"},"813":{"t":"P28A"},"817":{"desc":"L1P","t":"ULAC"},"818":{"desc":"L1P","t":"ULAC"},"81A":{"t":"ULAC"},"81C":{"t":"C172"},"81E":{"desc":"L1P"},"823":{"t":"C172"},"828":{"t":"B788"},"82A":{"t":"GLF5"},"82C":{"t":"E135"},"82D":{"t":"PC12"},"835":{"desc":"H1T","t":"S92"},"839":{"t":"PA44"},"83C":{"t":"A319"},"840":{"t":"L8"},"841":{"t":"AT8T"},"842":{"t":"P28R"},"843":{"t":"R44"},"845":{"t":"PA34"},"847":{"t":"R66"},"84C":{"t":"SR22"},"84E":{"t":"SR20"},"852":{"t":"J3"},"855":{"desc":"L1P"},"859":{"t":"BL8"},"85A":{"desc":"H4E"},"85C":{"desc":"H8E"},"85D":{"t":"SR22"},"85F":{"desc":"L1P","t":"ULAC"},"866":{"desc":"H2T"},"867":{"t":"C182"},"869":{"desc":"L1P"},"86B":{"t":"C185"},"86E":{"t":"P28A"},"872":{"t":"E135"},"873":{"t":"C172"},"874":{"t":"F2TH"},"875":{"desc":"G1P"},"877":{"t":"E550"},"87E":{"t":"SR20"},"87F":{"t":"B739"},"887":{"desc":"L1P"},"88D":{"t":"AT8T"},"88E":{"t":"SR22"},"88F":{"desc":"L1P","t":"ULAC"},"893":{"t":"R22"},"899":{"t":"ULAC"},"89B":{"t":"DA40"},"89F":{"desc":"L1P","t":"ULAC"},"8A2":{"desc":"L1T"},"8A5":{"desc":"H4E"},"8A8":{"t":"A310"},"8B6":{"desc":"L1P"},"8BA":{"desc":"L2T"},"8BB":{"desc":"L1P"},"8C0":{"desc":"L1P"},"8C6":{"t":"H25B"},"8C7":{"desc":"L1P"},"8CB":{"desc":"L1P"},"8D7":{"t":"C172"},"8D8":{"desc":"L1P"},"8D9":{"desc":"L2T"},"8E9":{"t":"T206"},"8EF":{"t":"P180"},"8F0":{"t":"C208"},"8F1":{"t":"A320"},"8F6":{"t":"B190"},"8F9":{"t":"G280"},"8FB":{"t":"BE20"},"8FF":{"t":"R44"},"900":{"t":"C56X"},"901":{"t":"C172"},"909":{"desc":"H4E"},"914":{"t":"BE20"},"916":{"t":"AT8T"},"918":{"t":"B06"},"919":{"desc":"H1P"},"922":{"t":"B06"},"923":{"desc":"H2T"},"924":{"desc":"L1P"},"927":{"t":"EC35"},"931":{"t":"S22T"},"936":{"t":"BE20"},"93A":{"t":"WACO"},"93B":{"desc":"L1T"},"93C":{"desc":"L1P"},"93D":{"t":"H25B"},"93E":{"t":"E170"},"942":{"t":"EC30"},"947":{"t":"H25B"},"948":{"t":"AS50"},"94A":{"t":"DH8C"},"94B":{"desc":"L1P","t":"ULAC"},"94F":{"desc":"H4E"},"954":{"desc":"L1J"},"957":{"t":"P28R"},"95B":{"t":"BE36"},"960":{"t":"B738"},"967":{"t":"R44"},"968":{"t":"A333"},"96B":{"t":"AT8T"},"96E":{"desc":"L1P"},"974":{"t":"CL30"},"975":{"t":"H60"},"97D":{"desc":"L1P"},"996":{"desc":"L2J"},"99E":{"t":"BE35"},"99F":{"t":"T206"},"9A0":{"t":"ST75"},"9A1":{"t":"P210"},"9A3":{"desc":"L1E"},"9A5":{"desc":"L1P"},"9AE":{"t":"PA27"},"9AF":{"desc":"L1T"},"9B0":{"desc":"L2T"},"9B2":{"desc":"L1P"},"9B7":{"t":"GLID"},"9B9":{"t":"UH1"},"9BA":{"desc":"H4E"},"9BF":{"t":"A139"},"9C1":{"t":"CRJ9"},"9C5":{"t":"C172"},"9C6":{"t":"C650"},"9C7":{"desc":"A1P","t":"ULAC"},"9CC":{"t":"C25C"},"9CE":{"t":"B738"},"9D0":{"t":"BE36"},"9D2":{"t":"SR20"},"9D4":{"t":"PA22"},"9D8":{"t":"C182"},"9D9":{"t":"B734"},"9E2":{"desc":"L1P"},"9EA":{"t":"A319"},"9ED":{"desc":"H4E"},"9F7":{"t":"B350"},"A12":{"t":"PA34"},"A1C":{"t":"MD83"},"A29":{"desc":"L2T"},"A2D":{"t":"HUSK"},"A34":{"t":"CRJ7"},"A35":{"t":"B738"},"A3D":{"desc":"H4E"},"A80":{"desc":"L1P"},"A82":{"desc":"L2P"},"A83":{"t":"PA22"},"A89":{"t":"S108"},"A8B":{"t":"C310"},"A8C":{"t":"P28A"},"A8D":{"t":"PA24"},"A8F":{"t":"BE24"},"A90":{"t":"C150"},"A92":{"t":"P28A"},"A93":{"t":"B230"},"A94":{"t":"P28A"},"A95":{"t":"CH7A"},"A96":{"t":"ULAC"},"A97":{"t":"C180"},"A98":{"t":"GC1"},"A9A":{"t":"C172"},"A9B":{"t":"GC1"},"AA0":{"t":"BE35"},"AA2":{"t":"C150"},"AA4":{"t":"C172"},"AA5":{"t":"PA18"},"AA6":{"t":"PA22"},"AA8":{"t":"C150"},"AA9":{"t":"C77R"},"AAB":{"desc":"L1P"},"AAD":{"t":"C172"},"AAF":{"t":"P28A"},"AB2":{"desc":"L1P","t":"ULAC"},"AB6":{"t":"SR22"},"AB7":{"t":"P28A"},"ABA":{"t":"C206"},"ABC":{"t":"GC1"},"ABD":{"t":"C172"},"ABE":{"t":"GC1"},"ABF":{"t":"GC1"},"AC0":{"t":"GC1"},"AC1":{"t":"C172"},"AC4":{"t":"C172"},"AC7":{"t":"C172"},"AC8":{"t":"L8"},"AC9":{"t":"PA22"},"ACA":{"t":"C172"},"ACB":{"t":"C150"},"ACC":{"t":"C77R"},"ACD":{"t":"R22"},"AD3":{"t":"PA32"},"AD4":{"t":"R22"},"AD5":{"t":"BE23"},"AD6":{"t":"C150"},"AD7":{"t":"P32R"},"AD8":{"t":"R22"},"ADA":{"t":"P28A"},"ADB":{"t":"C172"},"ADC":{"t":"PA30"},"ADD":{"desc":"H2T"},"ADE":{"t":"C172"},"ADF":{"t":"FA62"},"AE0":{"t":"GC1"},"AE5":{"t":"C172"},"AE6":{"t":"C172"},"AE7":{"t":"C185"},"AE8":{"desc":"L1P"},"AE9":{"t":"C170"},"AEB":{"t":"P28A"},"AEC":{"desc":"H1P"},"AED":{"t":"C206"},"AF2":{"t":"G164"},"AF4":{"t":"PA31"},"AF5":{"t":"P28A"},"AF8":{"t":"S76"},"AF9":{"desc":"L1P"},"AFA":{"t":"PA32"},"AFC":{"t":"PA18"},"AFF":{"t":"PA30"},"B00":{"t":"R22"},"B01":{"t":"GC1"},"B04":{"t":"C185"},"B06":{"t":"C172"},"B07":{"t":"C172"},"B08":{"t":"GC1"},"B0B":{"desc":"L1P"},"B0C":{"desc":"A1P","t":"ULAC"},"B0D":{"t":"C172"},"B0E":{"t":"B06"},"B16":{"t":"C172"},"B17":{"t":"BE33"},"B18":{"t":"BE36"},"B1B":{"t":"BE19"},"B1D":{"t":"C175"},"B1E":{"t":"BE33"},"B20":{"t":"P28A"},"B24":{"t":"GC1"},"B25":{"t":"C172"},"B27":{"t":"C172"},"B28":{"t":"GC1"},"B29":{"t":"R22"},"B2A":{"t":"GC1"},"B2B":{"t":"GC1"},"B2D":{"t":"GC1"},"B31":{"t":"P28R"},"B36":{"desc":"L1P"},"B37":{"t":"AEST"},"B39":{"t":"C172"},"B3A":{"t":"C182"},"B3B":{"t":"P28A"},"B3C":{"t":"PA24"},"B40":{"t":"C175"},"B43":{"t":"P28A"},"B44":{"t":"C172"},"B45":{"t":"PA30"},"B46":{"t":"C206"},"B4B":{"t":"GC1"},"B4E":{"t":"C172"},"B4F":{"t":"GC1"},"B54":{"t":"PA18"},"B57":{"t":"C150"},"B5B":{"t":"G164"},"B5D":{"desc":"L1P"},"B5E":{"t":"P28A"},"B60":{"desc":"L1P"},"B61":{"desc":"H1P"},"B63":{"desc":"L1P"},"B64":{"t":"R22"},"B65":{"desc":"L1P","t":"ULAC"},"B66":{"t":"P28A"},"B69":{"t":"C206"},"B6A":{"desc":"L1P"},"B6B":{"t":"ULAC"},"B6F":{"t":"GC1"},"B71":{"desc":"L1P","t":"ULAC"},"B73":{"t":"C172"},"B76":{"t":"C172"},"B79":{"desc":"L1P","t":"ULAC"},"B7B":{"t":"C77R"},"B7D":{"t":"AEST"},"B7F":{"t":"C172"},"B81":{"t":"P28A"},"B82":{"t":"PA24"},"B87":{"t":"BT36"},"B8A":{"t":"C172"},"B8B":{"desc":"L1P","t":"ULAC"},"B8D":{"t":"C172"},"B8E":{"t":"GC1"},"B90":{"t":"C172"},"B92":{"t":"GC1"},"B93":{"t":"GC1"},"B95":{"t":"C172"},"B98":{"t":"BALL"},"B9A":{"t":"P28A"},"B9C":{"t":"NAVI"},"B9D":{"t":"C150"},"B9E":{"t":"C77R"},"B9F":{"desc":"A1P"},"BA0":{"t":"P28A"},"BA1":{"t":"S108"},"BA2":{"t":"C172"},"BA5":{"desc":"L1P","t":"ULAC"},"BA6":{"t":"C414"},"BA7":{"t":"ULAC"},"BA8":{"t":"C150"},"BAA":{"t":"BE36"},"BAC":{"t":"P28A"},"BAD":{"t":"C172"},"BAF":{"t":"P28A"},"BB0":{"t":"GC1"},"BB3":{"t":"BALL"},"BB4":{"desc":"L1P"},"BB7":{"t":"GC1"},"BB8":{"desc":"L1P"},"BB9":{"t":"GC1"},"BBB":{"t":"P32R"},"BBC":{"t":"C172"},"BBE":{"t":"PA18"},"BBF":{"desc":"L1P"},"BC1":{"t":"BE33"},"BC4":{"t":"S108"},"BC7":{"t":"P28A"},"BC8":{"t":"PA24"},"BCA":{"t":"BE35"},"BCB":{"t":"P32R"},"BCD":{"t":"BE36"},"BCF":{"t":"P28A"},"BD3":{"t":"C152"},"BD5":{"t":"C172"},"BD7":{"t":"GC1"},"BDA":{"t":"C172"},"BDD":{"t":"GLID"},"BDF":{"t":"B788"},"BE0":{"t":"PA31"},"BE2":{"t":"C56X"},"BE3":{"t":"E135"},"BE8":{"desc":"L1P"},"BEA":{"t":"AS50"},"BEC":{"t":"P28A"},"BEF":{"t":"A320"},"BF2":{"t":"H25B"},"BF3":{"t":"A319"},"BF9":{"t":"AT8T"},"BFA":{"t":"GLF6"},"BFB":{"t":"S22T"},"BFC":{"desc":"H4E"},"BFD":{"t":"WW24"},"BFF":{"t":"S22T"},"C09":{"t":"GLID"},"C0C":{"t":"C560"},"C10":{"desc":"L1P"},"C11":{"t":"CRJ2"},"C12":{"t":"AT8T"},"C16":{"desc":"L1P","t":"ULAC"},"C19":{"desc":"L1P"},"C1E":{"t":"C172"},"C24":{"desc":"H2T"},"C29":{"t":"PC12"},"C2A":{"t":"P28A"},"C2C":{"t":"GLEX"},"C2D":{"t":"CL60"},"C31":{"t":"DC87"},"C32":{"t":"BE36"},"C34":{"desc":"L1P"},"C35":{"t":"ULAC"},"C36":{"t":"B739"},"C42":{"desc":"L1P"},"C4A":{"t":"R22"},"C4B":{"t":"PA18"},"C52":{"t":"DA40"},"C53":{"desc":"L1P"},"C56":{"t":"C208"},"C58":{"desc":"L2T"},"C5F":{"t":"A310"},"C60":{"t":"C208"},"C71":{"desc":"L2T"},"C7E":{"t":"S22T"},"C90":{"desc":"L2T"},"C91":{"t":"C172"},"CA7":{"t":"C208"},"CA8":{"t":"A320"},"CAE":{"desc":"L1T"},"CB6":{"t":"BALL"},"CB7":{"t":"C56X"},"CC1":{"desc":"H4E"},"CCD":{"t":"AT8T"},"CD0":{"t":"C150"},"CD9":{"desc":"L2J"},"CDD":{"t":"R44"},"CDE":{"t":"AS50"},"CDF":{"desc":"L4J"},"CE6":{"t":"C680"},"CED":{"t":"BE33"},"CF1":{"desc":"L2T"},"CF2":{"desc":"H4E"},"CF3":{"t":"C550"},"CF4":{"t":"H25B"},"CF9":{"t":"EC30"},"CFA":{"t":"PA46"},"CFC":{"t":"AS50"},"CFD":{"t":"CL60"},"CFF":{"t":"AS50"},"D01":{"t":"DH8C"},"D02":{"t":"P28R"},"D0A":{"t":"E55P"},"D11":{"t":"PC12"},"D12":{"t":"BE36"},"D17":{"t":"B738"},"D1E":{"t":"R44"},"D1F":{"t":"A333"},"D22":{"t":"AT8T"},"D24":{"t":"C172"},"D2B":{"t":"B407"},"D2C":{"t":"M20P"},"D2F":{"desc":"H4E"},"D38":{"t":"BALL"},"D4D":{"desc":"L2J"},"D55":{"t":"BE35"},"D57":{"desc":"L1P"},"D61":{"desc":"L1P"},"D67":{"desc":"L2T"},"D69":{"desc":"L1P"},"D71":{"desc":"H4E"},"D76":{"desc":"L1P"},"D7A":{"t":"BE20"},"D7C":{"t":"C172"},"D7E":{"t":"SR22"},"D82":{"t":"PA44"},"D87":{"t":"BE35"},"D88":{"t":"PA24"},"D8F":{"t":"BE58"},"D90":{"t":"B734"},"D93":{"t":"AEST"},"D97":{"t":"MD83"},"DA1":{"t":"A319"},"DAE":{"t":"B350"},"DC9":{"t":"C182"},"DD3":{"t":"MD83"},"DD4":{"desc":"L1P"},"DD5":{"t":"C210"},"DDA":{"t":"BE55"},"DDE":{"t":"P28R"},"DE3":{"t":"C402"},"DE4":{"desc":"L1P"},"DEB":{"t":"C182"},"DEC":{"t":"B738"},"E1E":{"t":"BE9L"},"E36":{"t":"M5"},"E38":{"t":"C172"},"E39":{"t":"PA18"},"E3E":{"t":"PA22"},"E3F":{"t":"ULAC"},"E40":{"desc":"L1P"},"E41":{"t":"BALL"},"E44":{"t":"PA24"},"E46":{"t":"P32R"},"E48":{"t":"C175"},"E49":{"desc":"L1P"},"E4B":{"t":"P28A"},"E4C":{"t":"C172"},"E4E":{"t":"C206"},"E4F":{"t":"C172"},"E51":{"t":"P32R"},"E52":{"desc":"L1P"},"E56":{"t":"GC1"},"E57":{"t":"GC1"},"E59":{"desc":"L1P"},"E5A":{"t":"C170"},"E5C":{"desc":"L1P"},"E60":{"t":"C77R"},"E62":{"desc":"L1P","t":"ULAC"},"E63":{"t":"S108"},"E64":{"t":"PA16"},"E66":{"t":"P28A"},"E67":{"t":"PA24"},"E6A":{"t":"P28A"},"E6B":{"t":"C175"},"E6C":{"desc":"L1P"},"E6E":{"t":"P28A"},"E6F":{"t":"P28A"},"E70":{"t":"P28A"},"E71":{"t":"P28A"},"E72":{"t":"GC1"},"E73":{"t":"B47G"},"E74":{"t":"GC1"},"E76":{"desc":"L1P"},"E79":{"t":"GC1"},"E7B":{"desc":"L1P","t":"ULAC"},"E7D":{"t":"C170"},"E7F":{"t":"PA18"},"E80":{"t":"BE36"},"E83":{"t":"BT36"},"E84":{"t":"P28U"},"E86":{"t":"S108"},"E87":{"t":"C172"},"E8A":{"t":"PA24"},"E8E":{"t":"P28B"},"E92":{"t":"R22"},"E93":{"t":"P28B"},"E94":{"t":"PA34"},"E96":{"t":"PA31"},"E97":{"t":"BE33"},"E98":{"t":"GC1"},"E9A":{"t":"C172"},"E9C":{"t":"BALL"},"E9E":{"t":"C172"},"EA0":{"t":"C170"},"EA1":{"t":"C172"},"EA2":{"desc":"L1P"},"EA3":{"t":"PA18"},"EA4":{"t":"C172"},"EA5":{"t":"C150"},"EA6":{"t":"C77R"},"EA7":{"t":"BE33"},"EAB":{"t":"C310"},"EAC":{"t":"P28A"},"EAD":{"t":"PA34"},"EB0":{"desc":"L1P"},"EB1":{"t":"ULAC"},"EB4":{"t":"BE36"},"EB7":{"t":"ULAC"},"EB8":{"t":"GC1"},"EB9":{"t":"P28A"},"EBB":{"t":"GC1"},"EBC":{"t":"C172"},"EBD":{"t":"C172"},"EBF":{"t":"GC1"},"EC0":{"desc":"L1P"},"EC2":{"desc":"L1P"},"EC3":{"t":"C170"},"EC4":{"t":"C172"},"EC6":{"t":"PA18"},"EC7":{"t":"C172"},"EC8":{"t":"C150"},"EC9":{"t":"C77R"},"ECC":{"t":"S108"},"ECD":{"desc":"L1P","t":"ULAC"},"ED2":{"t":"BE35"},"ED3":{"t":"ULAC"},"ED4":{"t":"P28A"},"ED5":{"desc":"L1P"},"ED7":{"t":"M5"},"ED8":{"t":"C172"},"ED9":{"t":"PA30"},"EDA":{"t":"SR20"},"EDB":{"t":"GC1"},"EDC":{"t":"GC1"},"EDD":{"t":"C172"},"EDE":{"desc":"L1P"},"EDF":{"t":"GC1"},"EE1":{"t":"SR20"},"EE2":{"desc":"L1P"},"EE3":{"t":"GC1"},"EE4":{"desc":"L1P"},"EE6":{"t":"C170"},"EE7":{"t":"C172"},"EE8":{"t":"P28A"},"EEA":{"t":"P28A"},"EEB":{"t":"C150"},"EEC":{"t":"C188"},"EED":{"t":"P28U"},"EEE":{"t":"AEST"},"EEF":{"desc":"L1P","t":"ULAC"},"EF0":{"desc":"L1P","t":"ULAC"},"EF1":{"t":"P28U"},"EF3":{"t":"PA18"},"EF4":{"t":"P28U"},"EF5":{"t":"PA27"},"EF6":{"desc":"L1P","t":"ULAC"},"EFA":{"t":"P28A"},"EFB":{"t":"P28A"},"EFC":{"t":"PA30"},"EFE":{"t":"GLID"},"EFF":{"t":"C172"},"F00":{"t":"BALL"},"F03":{"t":"C172"},"F04":{"t":"P28A"},"F06":{"t":"GC1"},"F07":{"t":"C172"},"F0A":{"t":"C172"},"F0B":{"t":"PA18"},"F0E":{"t":"C150"},"F0F":{"t":"C77R"},"F10":{"t":"PA34"},"F12":{"t":"PA34"},"F13":{"t":"C172"},"F16":{"t":"PA24"},"F19":{"t":"C150"},"F1A":{"t":"C175"},"F1D":{"t":"P28A"},"F1E":{"t":"C172"},"F20":{"t":"C206"},"F21":{"t":"GC1"},"F23":{"t":"GC1"},"F25":{"t":"C172"},"F26":{"t":"P28A"},"F28":{"t":"C172"},"F2A":{"t":"P28A"},"F2C":{"t":"C170"},"F2E":{"t":"PA18"},"F2F":{"t":"PA18"},"F30":{"t":"C172"},"F31":{"t":"C150"},"F32":{"t":"C77R"},"F33":{"t":"P28A"},"F36":{"t":"C172"},"F37":{"t":"BE36"},"F38":{"t":"P28A"},"F39":{"desc":"G1P","t":"GYRO"},"F3A":{"t":"P28A"},"F3B":{"t":"P28A"},"F3C":{"t":"C150"},"F3D":{"desc":"L1P","t":"ULAC"},"F3E":{"t":"PA12"},"F40":{"t":"P28A"},"F41":{"t":"BE36"},"F42":{"t":"P32R"},"F44":{"t":"ULAC"},"F45":{"desc":"L1P"},"F46":{"t":"GC1"},"F47":{"t":"C172"},"F48":{"t":"C172"},"F49":{"t":"GC1"},"F4A":{"t":"GC1"},"F4C":{"desc":"L1P"},"F4D":{"desc":"L1P"},"F4E":{"desc":"L1P"},"F4F":{"t":"C170"},"F50":{"t":"C172"},"F52":{"t":"PA18"},"F53":{"desc":"L1P","t":"ULAC"},"F55":{"t":"C77R"},"F58":{"t":"S108"},"F59":{"t":"C172"},"F5C":{"t":"PA24"},"F5D":{"desc":"L1P"},"F5E":{"t":"P28A"},"F5F":{"t":"C150"},"F60":{"t":"C175"},"F62":{"t":"ULAC"},"F63":{"desc":"L1P"},"F64":{"t":"P28A"},"F66":{"t":"P28A"},"F67":{"t":"UH1"},"F68":{"t":"C172"},"F69":{"desc":"L1P"},"F6B":{"t":"C172"},"F6C":{"t":"P28A"},"F6D":{"t":"GC1"},"F6E":{"t":"GC1"},"F6F":{"t":"C172"},"F72":{"t":"C170"},"F74":{"t":"PA18"},"F75":{"t":"PA18"},"F76":{"t":"UH1"},"F77":{"t":"C150"},"F78":{"t":"C188"},"F7A":{"t":"AEST"},"F7B":{"t":"S108"},"F80":{"desc":"L1P"},"F83":{"t":"C175"},"F86":{"t":"P28A"},"F88":{"t":"P28A"},"F89":{"t":"BT36"},"F8A":{"t":"C172"},"F8B":{"t":"GC1"},"F8E":{"t":"GC1"},"F8F":{"t":"GC1"},"F90":{"t":"GC1"},"F91":{"t":"C172"},"F92":{"t":"C172"},"F93":{"t":"GC1"},"F95":{"t":"R44"},"F97":{"t":"PA31"},"F98":{"t":"C560"},"F99":{"t":"ULAC"},"F9A":{"t":"E135"},"F9F":{"t":"LJ45"},"FA2":{"t":"B788"},"FA3":{"t":"ULAC"},"FA4":{"desc":"H4E"},"FA5":{"desc":"L1P"},"FA6":{"desc":"H1E"},"FA7":{"desc":"L1P","t":"ULAC"},"FAA":{"t":"A319"},"FAD":{"t":"GLID"},"FB0":{"t":"PA30"},"FB1":{"t":"C182"},"FB2":{"desc":"L1P"},"FB5":{"desc":"L1P","t":"ULAC"},"FB6":{"desc":"H1T"},"FBA":{"t":"GLID"},"FBC":{"t":"C182"},"FBF":{"desc":"L1P"},"FC0":{"t":"GLID"},"FC3":{"t":"CH7B"},"FC7":{"t":"S108"},"FC8":{"t":"P32R"},"FC9":{"t":"C56X"},"FCA":{"t":"GLID"},"FCB":{"t":"SR22"},"FCC":{"t":"C560"},"FCD":{"t":"GLF4"},"FCF":{"t":"CL60"},"FD0":{"t":"M7"},"FD1":{"t":"FA20"},"FD2":{"desc":"L1T"},"FD3":{"desc":"A1P","t":"ULAC"},"FD5":{"t":"AS50"},"FD8":{"t":"PRM1"},"FD9":{"desc":"H2T"},"FDA":{"t":"BALL"},"FDC":{"t":"BE60"},"FE2":{"desc":"L1P"},"FE3":{"t":"P28A"},"FE4":{"desc":"L2P"},"FE5":{"t":"SR20"},"FE7":{"t":"GLID"},"FE9":{"t":"BE76"},"FEA":{"desc":"L1P"},"FEB":{"t":"PA32"},"FEC":{"t":"C82S"},"FED":{"t":"B739"},"FF0":{"desc":"H1P"},"FF2":{"t":"T206"},"FF5":{"t":"C182"},"FFE":{"t":"GLID"}}