{"9001":{"desc":"L1P","t":"ULAC"},"900B":{"t":"PA24"},"900C":{"t":"C172"},"900F":{"desc":"L1P","t":"ULAC"},"902C":{"t":"BE35"},"9037":{"desc":"L1P"},"903C":{"desc":"L1P"},"9040":{"desc":"L1P"},"9046":{"desc":"L1P"},"9047":{"t":"R44"},"9048":{"t":"AC90"},"904C":{"desc":"L1P"},"9055":{"desc":"A1P","t":"ULAC"},"905E":{"t":"PA46"},"905F":{"t":"TAYD"},"9066":{"desc":"L2P"},"9069":{"desc":"L1P"},"906F":{"desc":"L1P"},"9073":{"t":"DV20"},"9074":{"t":"AS50"},"9078":{"t":"A319"},"9085":{"t":"F2TH"},"9090":{"t":"WACO"},"9091":{"t":"A320"},"9092":{"t":"R44"},"90A4":{"t":"ULAC"},"90A9":{"t":"SR22"},"90AA":{"desc":"L1P"},"90AB":{"desc":"L1P"},"90B7":{"desc":"L1P"},"90C2":{"desc":"L1T"},"90DD":{"desc":"H1T","t":"H60"},"90ED":{"t":"C340"},"910E":{"t":"BE35"},"910F":{"t":"P28A"},"9111":{"t":"PA22"},"9112":{"t":"B47G"},"9115":{"t":"P28A"},"9118":{"t":"C172"},"9119":{"t":"P28A"},"911B":{"t":"PA24"},"911D":{"t":"P28A"},"911E":{"t":"C182"},"9120":{"t":"C150"},"9122":{"t":"P28A"},"9123":{"t":"C172"},"9126":{"t":"P28A"},"912B":{"t":"CH7A"},"912C":{"t":"CH7A"},"912D":{"t":"CH7A"},"912E":{"t":"C172"},"9131":{"t":"PA30"},"9133":{"t":"P28A"},"9135":{"t":"B47G"},"9138":{"t":"P28A"},"9139":{"t":"C150"},"913B":{"t":"C172"},"913C":{"t":"P28A"},"913D":{"t":"BE35"},"9144":{"desc":"L1T","t":"SS2P"},"9145":{"t":"P28A"},"9148":{"t":"C205"},"914A":{"t":"CH7A"},"914B":{"t":"C172"},"9150":{"t":"CH7A"},"9151":{"t":"CH7A"},"9154":{"t":"P28B"},"9155":{"desc":"L1P"},"9157":{"t":"PA22"},"915B":{"t":"PA32"},"915D":{"t":"S108"},"915E":{"t":"P32R"},"915F":{"t":"RV12"},"9161":{"t":"P32R"},"9162":{"t":"C206"},"9163":{"t":"P28A"},"9168":{"t":"P28A"},"9169":{"t":"C172"},"916B":{"t":"C205"},"916D":{"t":"CH7A"},"916E":{"t":"C172"},"916F":{"t":"CH7A"},"9172":{"t":"CH7A"},"9173":{"t":"CH7A"},"9174":{"t":"CH7A"},"9175":{"t":"C172"},"9178":{"desc":"L1P"},"917D":{"t":"C150"},"917F":{"t":"C150"},"9181":{"t":"PA34"},"9182":{"t":"C182"},"9184":{"t":"PA24"},"9186":{"t":"P28A"},"918B":{"t":"P28A"},"918E":{"t":"C205"},"918F":{"t":"CH7A"},"9190":{"t":"CH7A"},"9192":{"t":"CH7A"},"9193":{"t":"C172"},"919B":{"t":"P28A"},"919C":{"t":"PA44"},"919D":{"t":"P28A"},"919F":{"t":"CRJ2"},"91A2":{"t":"P28A"},"91A3":{"desc":"L1T","t":"G164"},"91A4":{"t":"C172"},"91A5":{"t":"C182"},"91AA":{"t":"P28A"},"91AB":{"t":"C182"},"91AE":{"t":"P28A"},"91B1":{"t":"C205"},"91B2":{"t":"C172"},"91B5":{"t":"CH7A"},"91B9":{"t":"CH7A"},"91BB":{"t":"C172"},"91BD":{"t":"P28A"},"91BE":{"t":"P28A"},"91BF":{"desc":"L2P"},"91C0":{"t":"PA22"},"91C3":{"t":"P28A"},"91C4":{"t":"P28A"},"91C7":{"t":"C172"},"91CA":{"desc":"H1P"},"91CC":{"t":"P28A"},"91CD":{"t":"P28A"},"91CE":{"t":"C182"},"91D2":{"t":"P28A"},"91D4":{"t":"C205"},"91D5":{"t":"CH7A"},"91D6":{"t":"CH7A"},"91D8":{"t":"CH7A"},"91DA":{"t":"C172"},"91DB":{"t":"C172"},"91DC":{"t":"CH7A"},"91DD":{"t":"CH7A"},"91DE":{"t":"C172"},"91E1":{"t":"P28U"},"91E2":{"t":"PA34"},"91E3":{"t":"PA22"},"91EE":{"t":"C185"},"91EF":{"t":"P28A"},"91F0":{"t":"C182"},"91F1":{"t":"C182"},"91F5":{"t":"C172"},"91F7":{"t":"C205"},"91FD":{"t":"C172"},"91FE":{"t":"C182"},"91FF":{"t":"P28A"},"9200":{"t":"C172"},"9201":{"t":"CH7A"},"9208":{"t":"P28A"},"920A":{"t":"P28B"},"920C":{"t":"S108"},"920D":{"t":"P28A"},"9210":{"t":"PA24"},"9211":{"t":"C206"},"9213":{"t":"C182"},"9216":{"desc":"L1T","t":"SS2P"},"9217":{"t":"P28A"},"9218":{"t":"C172"},"921A":{"t":"C205"},"921E":{"t":"C172"},"921F":{"t":"P28A"},"9220":{"t":"CH7A"},"9223":{"t":"P28B"},"9225":{"desc":"L1P"},"9226":{"t":"P28A"},"9228":{"t":"P28U"},"9229":{"t":"PA22"},"922C":{"t":"C150"},"922D":{"desc":"L1P"},"922E":{"desc":"L1P"},"922F":{"t":"G164"},"9231":{"t":"C150"},"9233":{"t":"PA24"},"9235":{"t":"P28A"},"9238":{"t":"C172"},"923A":{"t":"P28A"},"923C":{"t":"P32R"},"923D":{"t":"P32R"},"923E":{"t":"CH7A"},"923F":{"t":"P32R"},"9240":{"t":"CH7A"},"9241":{"t":"CH7A"},"9243":{"t":"CH7A"},"9246":{"t":"C182"},"9247":{"t":"C172"},"9248":{"desc":"L1P"},"924A":{"desc":"L1P"},"924D":{"t":"C172"},"9250":{"t":"PA34"},"9251":{"t":"C150"},"9252":{"t":"G164"},"9253":{"t":"PA34"},"9254":{"t":"C150"},"9255":{"t":"BE35"},"9259":{"t":"C182"},"925A":{"t":"PA34"},"9260":{"t":"P28A"},"9263":{"t":"C182"},"9268":{"t":"C188"},"9269":{"t":"CH7A"},"926A":{"t":"CH7A"},"926B":{"t":"C208"},"926F":{"t":"A319"},"9271":{"t":"E135"},"9278":{"t":"B738"},"927A":{"t":"A119"},"927D":{"t":"CRJ2"},"9285":{"desc":"H4E"},"9286":{"desc":"A1P","t":"ULAC"},"9287":{"t":"C650"},"9288":{"t":"CH7B"},"928D":{"t":"H500"},"9293":{"t":"AS50"},"9296":{"t":"ULAC"},"929C":{"t":"P28B"},"92A0":{"t":"GLF5"},"92A2":{"t":"SR22"},"92AA":{"desc":"L1P"},"92AC":{"t":"T206"},"92AF":{"t":"C240"},"92B7":{"t":"P28B"},"92B8":{"t":"H25B"},"92B9":{"t":"BE36"},"92C1":{"t":"T34P"},"92C4":{"t":"B739"},"92C9":{"desc":"L1P"},"92CC":{"t":"PA46"},"92D3":{"desc":"H4E"},"92D4":{"t":"P28A"},"92D6":{"t":"SR20"},"92ED":{"desc":"L2J"},"92EE":{"t":"C208"},"92F7":{"t":"C750"},"9302":{"t":"P28A"},"9334":{"t":"SR22"},"9336":{"t":"BE33"},"9344":{"t":"SR22"},"9345":{"t":"C56X"},"934D":{"t":"C182"},"934E":{"t":"B350"},"9366":{"t":"C340"},"9367":{"t":"DA40"},"9368":{"t":"C525"},"9371":{"desc":"L1P"},"9373":{"desc":"A1P","t":"ULAC"},"9374":{"t":"SR22"},"9380":{"t":"DA40"},"9381":{"t":"C56X"},"9382":{"t":"C82S"},"9384":{"t":"EC35"},"9387":{"t":"B764"},"93A5":{"t":"B738"},"93B1":{"t":"SR22"},"93B2":{"t":"DA40"},"93B7":{"t":"C25C"},"93C2":{"desc":"L4J"},"93E3":{"t":"BE33"},"93E9":{"desc":"L1P"},"93EE":{"t":"B212"},"93F4":{"desc":"L1T"},"93F7":{"desc":"L1P"},"93FF":{"t":"LJ45"},"9404":{"t":"R22"},"940A":{"desc":"H1P"},"940C":{"desc":"A1P","t":"ULAC"},"941D":{"desc":"L1P"},"942B":{"t":"WW24"},"942F":{"t":"A319"},"943C":{"t":"F2TH"},"9447":{"t":"WACO"},"9448":{"t":"A320"},"9480":{"t":"SR22"},"9495":{"t":"C421"},"94A4":{"t":"BE20"},"94C8":{"t":"P28A"},"94C9":{"t":"C172"},"94CB":{"t":"P28A"},"94CF":{"t":"C172"},"94D0":{"t":"C150"},"94D2":{"t":"PA24"},"94D5":{"t":"P28A"},"94D6":{"t":"P28B"},"94D7":{"t":"C172"},"94DD":{"t":"P32R"},"94E1":{"t":"CH7A"},"94E3":{"t":"CH7A"},"94E4":{"t":"C182"},"94E5":{"t":"C182"},"94E7":{"desc":"L1P"},"94E9":{"t":"P32R"},"94ED":{"t":"P28A"},"94F3":{"t":"C150"},"94F4":{"t":"BE55"},"94F5":{"t":"PA24"},"94F6":{"t":"C206"},"94F9":{"t":"C182"},"94FC":{"t":"P28A"},"94FD":{"t":"C172"},"94FF":{"t":"C205"},"9500":{"t":"C172"},"9501":{"t":"C172"},"9507":{"t":"CH7A"},"9508":{"t":"C172"},"9509":{"t":"CH7A"},"950B":{"t":"BE35"},"950C":{"t":"P28A"},"950E":{"t":"PA22"},"950F":{"t":"B47G"},"9512":{"t":"P28A"},"9514":{"t":"S108"},"9515":{"t":"C172"},"9516":{"t":"C150"},"9517":{"t":"BE35"},"9518":{"t":"PA24"},"951A":{"t":"P28A"},"951C":{"t":"C182"},"951F":{"t":"P28A"},"9520":{"t":"C172"},"9521":{"t":"PA30"},"9523":{"t":"CH7A"},"9525":{"t":"CH7A"},"9528":{"t":"CH7A"},"952A":{"t":"P28A"},"952B":{"t":"P28A"},"952C":{"t":"C172"},"952F":{"t":"P28A"},"9534":{"t":"C150"},"9537":{"t":"S108"},"9539":{"t":"C182"},"953E":{"t":"C182"},"953F":{"t":"C182"},"9540":{"t":"C172"},"9542":{"t":"P28A"},"9543":{"t":"PA44"},"9547":{"t":"C172"},"954A":{"t":"CH7A"},"954E":{"t":"CH7A"},"954F":{"t":"CH7A"},"9551":{"t":"P28A"},"9552":{"t":"P28A"},"9553":{"t":"CH7A"},"9555":{"t":"P32R"},"9556":{"t":"P28A"},"9558":{"t":"P28A"},"955C":{"t":"C182"},"955D":{"t":"P28A"},"9560":{"t":"PA32"},"9564":{"desc":"L1T","t":"SS2P"},"9568":{"t":"C205"},"956A":{"t":"C172"},"956B":{"t":"CH7A"},"956C":{"desc":"H1P"},"956D":{"t":"C172"},"956E":{"t":"CH7A"},"9573":{"t":"S76"},"9577":{"t":"P32R"},"9579":{"t":"P32R"},"957B":{"t":"P32R"},"957C":{"t":"C150"},"957E":{"t":"C172"},"9581":{"t":"PA24"},"9583":{"t":"P28A"},"9584":{"t":"C182"},"9585":{"t":"C182"},"9586":{"t":"C172"},"9588":{"t":"P28A"},"9589":{"t":"C172"},"958B":{"t":"PA34"},"958C":{"t":"CH7A"},"958F":{"t":"CH7A"},"9590":{"t":"CH7A"},"9591":{"t":"CH7A"},"9592":{"t":"CH7A"},"9593":{"t":"CH7A"},"9596":{"desc":"L1P"},"9597":{"t":"BE35"},"9599":{"t":"PA34"},"959C":{"t":"P32R"},"959D":{"t":"C150"},"959E":{"t":"PA34"},"959F":{"t":"C150"},"95A1":{"t":"C172"},"95A3":{"t":"BE55"},"95A4":{"t":"PA24"},"95A5":{"t":"C185"},"95A7":{"t":"C182"},"95AD":{"t":"PA30"},"95AE":{"t":"C205"},"95B1":{"t":"CH7A"},"95B3":{"t":"CH7A"},"95B4":{"t":"CH7A"},"95B5":{"t":"C172"},"95B6":{"t":"C172"},"95B8":{"t":"C172"},"95B9":{"desc":"L1P"},"95BD":{"t":"PA22"},"95BF":{"t":"P32R"},"95C1":{"t":"PA44"},"95C3":{"t":"S108"},"95C6":{"t":"BE35"},"95C9":{"t":"PA18"},"95CC":{"t":"C172"},"95CD":{"desc":"L1T","t":"SS2P"},"95D1":{"t":"C205"},"95D4":{"t":"CH7A"},"95D5":{"t":"C172"},"95D7":{"t":"C172"},"95D9":{"t":"P28A"},"95DA":{"t":"C172"},"95DB":{"t":"C172"},"95DD":{"t":"CRJ2"},"95E4":{"t":"P28A"},"95E5":{"t":"C150"},"95E7":{"t":"C172"},"95E8":{"t":"C150"},"95EA":{"t":"PA24"},"95EC":{"t":"P28A"},"95ED":{"t":"C182"},"95F0":{"desc":"L1T","t":"SS2P"},"95F2":{"t":"C172"},"95F3":{"t":"PA30"},"95F4":{"t":"C205"},"95F7":{"t":"C172"},"95F8":{"t":"CH7A"},"95FA":{"t":"PA32"},"95FE":{"t":"CH7A"},"9601":{"t":"P32R"},"9603":{"t":"PA22"},"9605":{"t":"P28A"},"960A":{"t":"C172"},"960C":{"t":"BE35"},"960D":{"t":"PA24"},"960F":{"t":"P28A"},"9612":{"t":"C172"},"9619":{"t":"CH7A"},"961D":{"t":"C172"},"961F":{"t":"CH7A"},"9620":{"t":"C182"},"9621":{"t":"C172"},"9622":{"t":"PTS2"},"9628":{"t":"E135"},"9636":{"t":"B763"},"9639":{"t":"B772"},"963D":{"desc":"A1P","t":"ULAC"},"9641":{"t":"BE30"},"9644":{"desc":"L1P"},"9647":{"desc":"L1P"},"964A":{"t":"AS50"},"9655":{"t":"S108"},"9657":{"t":"GLF6"},"9659":{"t":"SR22"},"965A":{"t":"SR20"},"9663":{"t":"C172"},"9666":{"t":"BE36"},"966F":{"t":"AT8T"},"9677":{"t":"B350"},"9679":{"t":"C172"},"967A":{"t":"AT5T"},"967B":{"t":"B739"},"9687":{"desc":"L1P"},"968A":{"t":"S22T"},"968B":{"t":"BE35"},"968D":{"t":"SR20"},"96A4":{"desc":"L2J"},"96A5":{"t":"C208"},"96DC":{"t":"E145"},"96F7":{"t":"BRAV"},"96F9":{"t":"ULAC"},"96FC":{"t":"C56X"},"96FD":{"desc":"L1P"},"9700":{"t":"PA34"},"9723":{"t":"EC35"},"9728":{"desc":"L1P"},"972B":{"t":"SR20"},"9736":{"t":"B47G"},"9737":{"desc":"L1T","t":"M600"},"973A":{"t":"ERCO"},"973E":{"t":"EC30"},"9740":{"t":"C82S"},"9750":{"t":"F18H"},"9756":{"t":"PC12"},"975C":{"t":"B738"},"9768":{"t":"PA24"},"9769":{"t":"T206"},"9779":{"desc":"L4J"},"977A":{"desc":"L1P"},"977D":{"t":"PC12"},"978D":{"t":"GLF5"},"979A":{"t":"BE33"},"979C":{"desc":"L1P","t":"ULAC"},"979E":{"t":"P46T"},"97A3":{"desc":"L1P"},"97AB":{"desc":"L1T"},"97AF":{"desc":"L1P"},"97B6":{"desc":"L1P","t":"ULAC"},"97C1":{"t":"C172"},"97C3":{"t":"SR22"},"97CC":{"t":"C180"},"97E5":{"t":"HUSK"},"97E6":{"t":"A319"},"97F3":{"t":"F2TH"},"97FE":{"desc":"L1P"},"97FF":{"t":"A320"},"9829":{"desc":"L1P"},"985B":{"t":"B350"},"987C":{"t":"PA34"},"987E":{"desc":"L2P"},"9884":{"t":"C150"},"9889":{"t":"PA24"},"988B":{"t":"P28A"},"9890":{"t":"P28A"},"9892":{"t":"P28A"},"9896":{"t":"P28B"},"9898":{"t":"C172"},"9899":{"t":"CH7A"},"989A":{"t":"CH7A"},"989C":{"t":"CH7A"},"989D":{"t":"CH7A"},"989F":{"t":"BE35"},"98A1":{"t":"PA32"},"98A2":{"t":"PA18"},"98A5":{"t":"C150"},"98A6":{"t":"PA34"},"98A7":{"t":"C150"},"98A9":{"t":"C172"},"98B1":{"t":"P28A"},"98B3":{"t":"P28A"},"98B7":{"t":"CH7A"},"98BB":{"t":"CH7A"},"98BD":{"t":"CH7A"},"98BF":{"t":"CH7A"},"98C5":{"t":"PA18"},"98CB":{"t":"S108"},"98CE":{"t":"BE24"},"98D0":{"t":"T206"},"98D6":{"t":"P28A"},"98D7":{"t":"C172"},"98D9":{"t":"C205"},"98DC":{"t":"CH7A"},"98DF":{"t":"P28A"},"98E0":{"t":"CH7A"},"98E2":{"t":"C172"},"98E3":{"t":"CH7A"},"98E8":{"t":"PA18"},"98EA":{"t":"P28A"},"98ED":{"desc":"L1P"},"98EE":{"t":"S108"},"98EF":{"t":"C172"},"98F0":{"t":"PA32"},"98F1":{"t":"BE35"},"98F2":{"t":"P28U"},"98F3":{"t":"T206"},"98F5":{"t":"C182"},"98F6":{"t":"PA32"},"98F7":{"t":"C172"},"98F9":{"t":"P28A"},"98FA":{"t":"P32R"},"98FC":{"t":"C205"},"98FD":{"t":"CH7A"},"98FF":{"t":"CH7A"},"9900":{"t":"C172"},"9901":{"t":"C172"},"9902":{"t":"C182"},"9903":{"t":"CH7A"},"9906":{"t":"T34P"},"9907":{"desc":"L1P"},"990B":{"t":"PA18"},"990E":{"t":"C150"},"9910":{"desc":"L1P"},"9913":{"t":"C150"},"9915":{"t":"PA34"},"9917":{"t":"P28A"},"9918":{"t":"C182"},"9919":{"t":"C182"},"991C":{"t":"P28A"},"991D":{"t":"C172"},"991E":{"t":"PA18"},"9920":{"t":"CH7A"},"9922":{"t":"C172"},"9924":{"t":"C172"},"9925":{"t":"R22"},"9926":{"t":"CH7A"},"9927":{"t":"C172"},"9928":{"t":"C172"},"9929":{"t":"CH7A"},"992A":{"t":"GLID"},"992B":{"t":"BE35"},"992C":{"t":"PA44"},"992D":{"t":"P28A"},"992E":{"desc":"L1P"},"992F":{"desc":"H1T","t":"B47G"},"9930":{"t":"P28A"},"9931":{"t":"C150"},"9937":{"t":"BE33"},"9938":{"t":"PA24"},"993B":{"t":"P28B"},"993C":{"t":"C182"},"9940":{"t":"C172"},"9942":{"t":"C205"},"9949":{"t":"C172"},"994A":{"t":"C172"},"994C":{"t":"C172"},"994E":{"t":"BE35"},"994F":{"t":"P28A"},"9950":{"t":"P28A"},"9952":{"t":"C172"},"9953":{"t":"P28A"},"9955":{"t":"P28A"},"9958":{"t":"C172"},"995A":{"t":"BE35"},"995B":{"t":"PA24"},"995C":{"t":"C185"},"995D":{"t":"P28A"},"995F":{"t":"C182"},"9961":{"desc":"L1T","t":"SS2P"},"9965":{"t":"C205"},"9968":{"t":"C172"},"9969":{"t":"CH7A"},"996D":{"t":"CH7A"},"996F":{"t":"CH7A"},"9971":{"t":"BE35"},"9972":{"t":"P28A"},"9974":{"t":"PA18"},"9976":{"t":"P28A"},"9980":{"t":"P28A"},"9984":{"desc":"L1T","t":"SS2P"},"9986":{"t":"PA34"},"9987":{"t":"PA30"},"9989":{"t":"CH7A"},"998B":{"t":"C182"},"998C":{"t":"CH7A"},"998F":{"t":"CH7A"},"9991":{"t":"C172"},"9996":{"desc":"L2P"},"9997":{"t":"PA18"},"9998":{"t":"B47G"},"999A":{"t":"C150"},"999C":{"t":"PA34"},"999D":{"t":"S108"},"999E":{"t":"C172"},"99A1":{"t":"PA24"},"99A5":{"t":"C182"},"99A6":{"t":"C172"},"99A8":{"t":"P28A"},"99AA":{"t":"PA30"},"99B0":{"t":"C172"},"99B2":{"t":"C172"},"99B3":{"t":"CH7A"},"99B4":{"t":"C172"},"99B6":{"desc":"L1P"},"99BA":{"t":"PA18"},"99BE":{"t":"P28A"},"99C1":{"t":"C172"},"99C8":{"t":"P28A"},"99C9":{"t":"C172"},"99CC":{"t":"C172"},"99CF":{"t":"CH7A"},"99D1":{"t":"CH7A"},"99D2":{"t":"CH7A"},"99D3":{"t":"CH7A"},"99D4":{"t":"C172"},"99D8":{"t":"P28A"},"99D9":{"t":"PA31"},"99DA":{"t":"C56X"},"99DF":{"t":"E135"},"99E0":{"t":"C180"},"99E4":{"desc":"A1P"},"99E6":{"t":"P28A"},"99E8":{"t":"R44"},"99F4":{"t":"BE20"},"99F6":{"desc":"L1P"},"99FD":{"desc":"L1P"},"9A01":{"t":"AS50"},"9A03":{"desc":"L1P"},"9A0F":{"t":"CL60"},"9A10":{"t":"SR22"},"9A1A":{"t":"P46T"},"9A1C":{"desc":"L1P"},"9A1D":{"desc":"L1P"},"9A25":{"t":"BE10"},"9A29":{"t":"BE36"},"9A30":{"t":"CH7B"},"9A31":{"desc":"L1P"},"9A32":{"t":"B739"},"9A3E":{"t":"P28A"},"9A42":{"t":"PA30"},"9A44":{"t":"SR20"},"9A58":{"t":"AT8T"},"9A5B":{"desc":"L2J"},"9A5C":{"t":"C208"},"9A66":{"desc":"L1P"},"9A77":{"t":"S22T"},"9A78":{"t":"GALX"},"9A92":{"desc":"L1P"},"9A93":{"t":"E145"},"9AA2":{"t":"RV12"},"9AA8":{"t":"C182"},"9AA9":{"t":"SR22"},"9AAA":{"desc":"L1P"},"9AAE":{"desc":"L1P"},"9AB3":{"t":"C56X"},"9AB4":{"desc":"L1P"},"9AB7":{"t":"C172"},"9ABB":{"desc":"L1P"},"9ABC":{"desc":"A1P"},"9AD8":{"desc":"L1P"},"9AE6":{"desc":"L1P"},"9AED":{"desc":"H1P"},"9AEE":{"t":"C208"},"9AF0":{"t":"SR22"},"9AF5":{"t":"EC30"},"9B0A":{"t":"PA44"},"9B13":{"t":"B738"},"9B1F":{"t":"SR22"},"9B23":{"desc":"L1P"},"9B2F":{"desc":"A1P"},"9B31":{"t":"COL3"},"9B42":{"desc":"H4E"},"9B54":{"t":"GLF4"},"9B5D":{"desc":"L1P"},"9B62":{"desc":"L1P"},"9B65":{"desc":"L1P"},"9B66":{"desc":"L1P"},"9B78":{"t":"PA24"},"9B7A":{"desc":"A1P","t":"ULAC"},"9B84":{"desc":"L1J"},"9B89":{"t":"C240"},"9B99":{"t":"H25B"},"9B9D":{"t":"A319"},"9BAA":{"t":"B350"},"9BB5":{"desc":"H4E"},"9BB6":{"t":"A320"},"9BCE":{"desc":"L1P"},"9BCF":{"t":"PA12"},"9BD3":{"t":"PC12"},"9BD9":{"desc":"L1P"},"9BE7":{"t":"AA1"},"9C36":{"t":"PA18"},"9C3A":{"t":"P28B"},"9C3D":{"t":"C172"},"9C3E":{"t":"C182"},"9C40":{"t":"PA32"},"9C45":{"t":"C172"},"9C49":{"t":"PA32"},"9C4C":{"t":"CH7A"},"9C50":{"t":"CH7A"},"9C53":{"t":"CH7A"},"9C55":{"desc":"L1P"},"9C57":{"t":"P32R"},"9C58":{"t":"P28A"},"9C59":{"t":"P32R"},"9C61":{"t":"C150"},"9C64":{"t":"C206"},"9C65":{"t":"P28A"},"9C66":{"t":"P28A"},"9C67":{"t":"P28A"},"9C6A":{"t":"P28A"},"9C70":{"t":"CH7A"},"9C72":{"t":"CH7A"},"9C73":{"t":"CH7A"},"9C75":{"t":"C172"},"9C76":{"t":"P28T"},"9C7A":{"t":"PA34"},"9C7C":{"t":"PA18"},"9C7F":{"t":"C150"},"9C81":{"t":"C150"},"9C82":{"t":"S108"},"9C8A":{"t":"C182"},"9C8C":{"desc":"L1T","t":"SS2P"},"9C8D":{"t":"P28A"},"9C90":{"t":"C205"},"9C91":{"t":"CH7A"},"9C92":{"t":"C172"},"9C94":{"t":"CH7A"},"9C95":{"t":"C182"},"9C97":{"t":"CH7A"},"9C99":{"t":"CH7A"},"9C9A":{"t":"CH7A"},"9C9D":{"t":"P28A"},"9C9E":{"t":"P32R"},"9C9F":{"t":"PA18"},"9CA0":{"t":"C172"},"9CA2":{"t":"C150"},"9CA4":{"t":"C150"},"9CA7":{"t":"C150"},"9CAB":{"t":"P28A"},"9CAE":{"t":"C172"},"9CB0":{"t":"P28A"},"9CB1":{"t":"P28U"},"9CB5":{"t":"C182"},"9CB7":{"t":"CH7A"},"9CB8":{"t":"CH7A"},"9CB9":{"t":"C185"},"9CBA":{"t":"CH7A"},"9CBB":{"t":"CH7A"},"9CBD":{"t":"CH7A"},"9CC7":{"t":"C150"},"9CCA":{"t":"C150"},"9CCC":{"t":"PA24"},"9CCF":{"t":"C182"},"9CD0":{"t":"C182"},"9CD1":{"t":"C206"},"9CD6":{"t":"C205"},"9CD7":{"t":"C172"},"9CD8":{"t":"CH7A"},"9CD9":{"t":"C172"},"9CDB":{"t":"CH7A"},"9CDC":{"t":"CH7A"},"9CDD":{"t":"CH7A"},"9CDE":{"t":"CH7A"},"9CDF":{"t":"C172"},"9CE3":{"t":"CRJ2"},"9CEA":{"t":"C150"},"9CED":{"t":"T210"},"9CEE":{"t":"BE33"},"9CEF":{"t":"PA24"},"9CF2":{"desc":"H4E"},"9CF3":{"t":"C182"},"9CF4":{"t":"C172"},"9CF5":{"desc":"L1T","t":"SS2P"},"9CF6":{"t":"P28A"},"9CF7":{"t":"C172"},"9CF8":{"t":"PA30"},"9CF9":{"t":"C205"},"9CFA":{"t":"CH7A"},"9CFB":{"t":"CH7A"},"9CFD":{"t":"C172"},"9D00":{"t":"CH7A"},"9D07":{"desc":"H1P"},"9D0C":{"t":"BE18"},"9D0D":{"t":"PA14"},"9D0F":{"t":"C172"},"9D10":{"t":"AA5"},"9D11":{"t":"BE33"},"9D14":{"t":"P28A"},"9D15":{"t":"C182"},"9D17":{"t":"C172"},"9D1B":{"t":"PA18"},"9D1D":{"t":"C172"},"9D21":{"t":"CH7A"},"9D26":{"t":"CH7A"},"9D2C":{"t":"C172"},"9D2F":{"t":"GLID"},"9D32":{"t":"C172"},"9D34":{"t":"GLID"},"9D35":{"t":"PA24"},"9D36":{"t":"C206"},"9D37":{"t":"CRJ2"},"9D38":{"t":"C182"},"9D3A":{"t":"C172"},"9D3D":{"t":"C172"},"9D40":{"t":"CH7A"},"9D43":{"t":"CH7A"},"9D44":{"t":"C172"},"9D45":{"t":"CH7A"},"9D49":{"t":"CH7A"},"9D4B":{"t":"BE35"},"9D4E":{"t":"B47G"},"9D51":{"t":"C150"},"9D52":{"t":"B47G"},"9D53":{"t":"C150"},"9D55":{"t":"B47G"},"9D57":{"t":"BE35"},"9D5A":{"t":"P28A"},"9D5B":{"t":"C182"},"9D5C":{"desc":"H1T","t":"B47G"},"9D5D":{"t":"C172"},"9D62":{"t":"C205"},"9D64":{"t":"CH7A"},"9D65":{"t":"C172"},"9D66":{"t":"CH7A"},"9D67":{"t":"C172"},"9D6A":{"t":"CH7A"},"9D6B":{"t":"CH7A"},"9D6D":{"desc":"L1P"},"9D73":{"t":"P28A"},"9D77":{"t":"PA38"},"9D78":{"t":"C172"},"9D79":{"t":"C182"},"9D7C":{"t":"T206"},"9D7E":{"t":"C182"},"9D7F":{"t":"C182"},"9D82":{"t":"P28A"},"9D83":{"t":"C172"},"9D84":{"t":"PA18"},"9D88":{"t":"CH7A"},"9D89":{"t":"C172"},"9D8A":{"t":"C172"},"9D8B":{"t":"CH7A"},"9D8E":{"t":"CH7A"},"9D8F":{"t":"GC1"},"9D90":{"t":"AA5"},"9D95":{"desc":"L1P"},"9D96":{"t":"E135"},"9D98":{"t":"LJ45"},"9DAB":{"t":"C208"},"9DAD":{"t":"FA7X"},"9DB8":{"t":"AS50"},"9DBB":{"desc":"H4E"},"9DC3":{"t":"BE40"},"9DC4":{"desc":"L2P"},"9DC5":{"t":"SR22"},"9DC6":{"t":"G280"},"9DC8":{"t":"AC90"},"9DCA":{"desc":"G1P"},"9DD1":{"t":"C182"},"9DD4":{"t":"CL30"},"9DDC":{"t":"BE58"},"9DDE":{"desc":"L1T"},"9DE0":{"t":"S22T"},"9DE1":{"t":"SR22"},"9DE3":{"t":"GLID"},"9DE5":{"t":"R44"},"9DE9":{"t":"B739"},"9DEA":{"desc":"L1P"},"9DF1":{"desc":"L1P"},"9DF5":{"desc":"L1P"},"9DF8":{"desc":"H1T"},"9DFB":{"t":"SR20"},"9E01":{"t":"S22T"},"9E06":{"desc":"H4E"},"9E10":{"desc":"H4E"},"9E12":{"desc":"L2J"},"9E13":{"t":"C208"},"9E27":{"t":"C560"},"9E2D":{"t":"GLF4"},"9E39":{"t":"B350"},"9E40":{"desc":"L1P"},"9E41":{"t":"AT8T"},"9E56":{"desc":"H1T"},"9E5A":{"t":"GLF5"},"9E67":{"desc":"L1P"},"9E6F":{"desc":"H4E"},"9E8B":{"t":"C172"},"9E8D":{"t":"BALL"},"9E8E":{"desc":"L1P","t":"ULAC"},"9E92":{"t":"AC90"},"9E96":{"desc":"L1P"},"9EA4":{"t":"SR22"},"9EA7":{"desc":"L1P"},"9EA8":{"t":"SR22"},"9EA9":{"t":"SR22"},"9EAC":{"t":"EC30"},"9EAD":{"t":"E145"},"9EB0":{"desc":"L2P"},"9EBD":{"t":"H25B"},"9EC3":{"desc":"L1P"},"9ECA":{"t":"B738"},"9ED6":{"desc":"L1P"},"9ED7":{"t":"C172"},"9F0F":{"desc":"L1P"},"9F14":{"desc":"L1P"},"9F18":{"desc":"L1P"},"9F1C":{"desc":"L1P"},"9F21":{"t":"C150"},"9F24":{"t":"S22T"},"9F31":{"t":"SR22"},"9F3A":{"t":"P32R"},"9F3E":{"desc":"L1P"},"9F44":{"desc":"H1T","t":"H60"},"9F50":{"t":"H25B"},"9F54":{"t":"A319"},"9F5A":{"desc":"H1T","t":"H60"},"9F61":{"t":"B350"},"9F6C":{"t":"BE36"},"9F6D":{"t":"A320"},"9F6E":{"desc":"L1P"},"9F8E":{"desc":"L1P"},"9F97":{"t":"SF50"},"9F9E":{"t":"CH7B"},"9F9F":{"desc":"L1P"},"9FD0":{"desc":"L1P"},"9FE9":{"desc":"L1P"},"9FEB":{"t":"PA12"},"9FEC":{"t":"P28A"},"9FED":{"t":"PA18"},"9FEF":{"t":"P28A"},"9FF0":{"t":"C150"},"9FF2":{"t":"C150"},"9FF4":{"t":"C172"},"9FF5":{"t":"C182"},"9FF7":{"t":"PA24"},"9FF9":{"t":"P28A"},"9FFC":{"t":"C172"},"E00B":{"desc":"L1P"},"E00E":{"t":"PA22"},"E00F":{"t":"B738"},"E010":{"desc":"L2T","t":"BE18"},"E012":{"t":"C150"},"E01D":{"t":"C182"},"E01E":{"t":"C172"},"E025":{"desc":"L1P"},"E02B":{"t":"C188"},"E030":{"t":"B738"},"E032":{"t":"PA22"},"E03A":{"t":"BE55"},"E03C":{"t":"PA24"},"E03E":{"t":"GLID"},"E03F":{"t":"C150"},"E041":{"t":"C172"},"E042":{"t":"BL8"},"E043":{"t":"P28B"},"E04E":{"t":"C337"},"E051":{"t":"GLID"},"E052":{"t":"BE35"},"E053":{"t":"C172"},"E055":{"t":"C72R"},"E056":{"t":"B738"},"E059":{"t":"NAVI"},"E05C":{"t":"PA25"},"E05D":{"t":"BE35"},"E061":{"t":"GLID"},"E064":{"t":"C150"},"E066":{"t":"P28B"},"E072":{"t":"CH7A"},"E074":{"t":"CH7B"},"E075":{"t":"B738"},"E078":{"t":"PA22"},"E082":{"t":"PA24"},"E083":{"t":"BE35"},"E087":{"desc":"H4E"},"E088":{"t":"CH7B"},"E089":{"t":"P28B"},"E08C":{"t":"C206"},"E091":{"desc":"L1P"},"E095":{"t":"C182"},"E097":{"t":"CH7A"},"E099":{"t":"C172"},"E09A":{"t":"B738"},"E09D":{"t":"H269"},"E09E":{"t":"C150"},"E09F":{"t":"G164"},"E0A1":{"t":"S108"},"E0A3":{"t":"BE35"},"E0A5":{"t":"PA24"},"E0A8":{"t":"C150"},"E0AA":{"t":"C172"},"E0AB":{"t":"CH7B"},"E0AC":{"t":"P28B"},"E0AF":{"t":"C206"},"E0B0":{"t":"C188"},"E0B8":{"t":"C188"},"E0BA":{"t":"BALL"},"E0BB":{"t":"B738"},"E0BF":{"t":"P28A"},"E0C1":{"t":"B47G"},"E0C2":{"t":"NAVI"},"E0C6":{"t":"BE33"},"E0CA":{"t":"GLID"},"E0CD":{"t":"C150"},"E0D3":{"t":"C182"},"E0D5":{"t":"C337"},"E0DE":{"t":"CRJ2"},"E0DF":{"t":"B738"},"E0E0":{"t":"PA22"},"E0E1":{"t":"PA22"},"E0E4":{"desc":"H4E"},"E0E5":{"t":"NAVI"},"E0E9":{"t":"BE33"},"E0EC":{"t":"C206"},"E0ED":{"t":"GLID"},"E0EE":{"t":"C150"},"E0F1":{"t":"CH7A"},"E100":{"t":"CH7B"},"E101":{"t":"B738"},"E102":{"t":"C172"},"E105":{"t":"P28A"},"E10A":{"t":"C340"},"E10C":{"t":"C337"},"E10D":{"t":"P28R"},"E10F":{"t":"T206"},"E110":{"t":"GLID"},"E112":{"t":"C182"},"E115":{"t":"P28B"},"E11B":{"desc":"L1P"},"E123":{"desc":"L1P"},"E124":{"t":"B738"},"E125":{"desc":"H2T"},"E126":{"t":"PA22"},"E129":{"t":"H500"},"E12A":{"t":"C150"},"E12F":{"t":"BE35"},"E131":{"t":"PA24"},"E137":{"t":"BL8"},"E13A":{"t":"PA30"},"E13F":{"t":"PA22"},"E143":{"t":"C337"},"E147":{"t":"B738"},"E14A":{"t":"PA22"},"E14D":{"t":"C150"},"E150":{"t":"S108"},"E153":{"t":"P28A"},"E154":{"t":"PA24"},"E156":{"t":"GLID"},"E157":{"t":"C150"},"E158":{"t":"C182"},"E15B":{"t":"P28B"},"E15E":{"t":"T206"},"E161":{"desc":"L2P"},"E162":{"desc":"L2P"},"E169":{"desc":"L1P"},"E16B":{"t":"GLF2"},"E16D":{"t":"P28A"},"E170":{"desc":"L1P"},"E175":{"t":"S76"},"E17C":{"desc":"H4E"},"E18D":{"desc":"H4E"},"E19D":{"t":"C68A"},"E19E":{"t":"CH7A"},"E19F":{"desc":"L1P"},"E1A0":{"t":"SR20"},"E1A8":{"desc":"A1P"},"E1AA":{"t":"C172"},"E1AD":{"t":"F900"},"E1AE":{"t":"FDCT"},"E1B1":{"t":"C182"},"E1B5":{"t":"C172"},"E1B6":{"t":"B772"},"E1B9":{"desc":"H4E"},"E1C0":{"desc":"G1P"},"E1C1":{"desc":"L1P"},"E1C2":{"t":"B739"},"E1C6":{"desc":"L1P"},"E1D1":{"t":"C680"},"E1DF":{"t":"PA18"},"E1E3":{"t":"SF50"},"E1E7":{"t":"DC86"},"E1EB":{"desc":"L2J"},"E1EC":{"t":"C208"},"E200":{"t":"P28A"},"E204":{"desc":"H4E"},"E20C":{"desc":"A1P"},"E20D":{"t":"SR22"},"E215":{"t":"C82S"},"E21B":{"desc":"L1P"},"E21C":{"t":"C525"},"E227":{"t":"C208"},"E22E":{"desc":"L1P","t":"ULAC"},"E232":{"desc":"L1P","t":"ULAC"},"E23E":{"t":"GLF4"},"E240":{"t":"C82S"},"E243":{"t":"C56X"},"E24C":{"t":"SR22"},"E252":{"desc":"L1P"},"E255":{"desc":"L1P"},"E257":{"t":"SR22"},"E265":{"t":"DA40"},"E274":{"t":"B350"},"E275":{"t":"E135"},"E276":{"desc":"L1P"},"E27D":{"t":"C56X"},"E27E":{"t":"C208"},"E27F":{"t":"S22T"},"E280":{"t":"BE55"},"E284":{"t":"AT5T"},"E287":{"t":"C25B"},"E289":{"t":"SR22"},"E297":{"desc":"L1T"},"E299":{"t":"EC35"},"E29C":{"t":"AT8T"},"E29D":{"t":"PC12"},"E2A3":{"t":"B738"},"E2AF":{"t":"P28A"},"E2B0":{"t":"C172"},"E2B1":{"t":"R44"},"E2B2":{"t":"FA50"},"E2B3":{"t":"AA5"},"E2B7":{"t":"C182"},"E2C2":{"t":"P28A"},"E2C6":{"desc":"L1P"},"E2ED":{"t":"PRM1"},"E2F3":{"desc":"L1P"},"E2F6":{"t":"E170"},"E2FD":{"t":"PA34"},"E305":{"desc":"L1P","t":"ULAC"},"E30A":{"t":"S22T"},"E30B":{"t":"SR22"},"E313":{"t":"T34P"},"E314":{"desc":"L1J"},"E320":{"t":"SR20"},"E33A":{"t":"B350"},"E33E":{"t":"C56X"},"E346":{"t":"ULAC"},"E350":{"desc":"L2P"},"E355":{"desc":"L1P"},"E35E":{"t":"C206"},"E35F":{"t":"P32T"},"E3C4":{"t":"C172"},"E3C5":{"t":"PA18"},"E3C7":{"t":"P28A"},"E3C8":{"t":"B738"},"E3CA":{"t":"NAVI"},"E3CC":{"t":"S108"},"E3CE":{"t":"BE35"},"E3CF":{"t":"P28R"},"E3D3":{"t":"C150"},"E3DA":{"t":"C206"},"E3DD":{"desc":"L4P"},"E3DE":{"desc":"L4P"},"E3E3":{"t":"C337"},"E3E4":{"desc":"L4P"},"E3E6":{"t":"B738"},"E3E8":{"t":"P28R"},"E3EA":{"t":"P28R"},"E3ED":{"t":"G164"},"E3F3":{"t":"PA24"},"E3F5":{"t":"GLID"},"E3F9":{"t":"CH7B"},"E3FE":{"t":"C182"},"E401":{"t":"C337"},"E403":{"desc":"L4P"},"E404":{"desc":"L4P"},"E409":{"t":"BE35"},"E40A":{"t":"B738"},"E40C":{"t":"PA22"},"E412":{"t":"C340"},"E413":{"t":"PA25"},"E414":{"t":"BE33"},"E415":{"t":"PA32"},"E417":{"t":"EN48"},"E418":{"t":"BE36"},"E41A":{"t":"C182"},"E41D":{"t":"P28B"},"E427":{"t":"C182"},"E42B":{"t":"CH7B"},"E42C":{"t":"B738"},"E432":{"t":"C150"},"E437":{"t":"BE33"},"E43B":{"t":"GLID"},"E43E":{"t":"C172"},"E43F":{"t":"CH7B"},"E440":{"t":"P28B"},"E442":{"t":"PA18"},"E447":{"desc":"L4P"},"E448":{"t":"B738"},"E44A":{"t":"C182"},"E44B":{"t":"C337"},"E44D":{"t":"C337"},"E44F":{"t":"BE35"},"E450":{"t":"B738"},"E452":{"t":"PA22"},"E456":{"t":"NAVI"},"E45C":{"t":"PA24"},"E45D":{"t":"BE35"},"E45E":{"t":"GLID"},"E461":{"t":"C172"},"E463":{"t":"P28B"},"E468":{"t":"C182"},"E46B":{"t":"DC3"},"E471":{"desc":"H1T"},"E473":{"t":"C172"},"E474":{"t":"PA18"},"E475":{"t":"B738"},"E476":{"t":"PA18"},"E47F":{"t":"PA24"},"E484":{"desc":"H4E"},"E486":{"t":"P28B"},"E48D":{"desc":"L2P"},"E48F":{"t":"RYST"},"E495":{"t":"BE35"},"E496":{"t":"B738"},"E497":{"t":"PA18"},"E499":{"desc":"L1P"},"E49B":{"t":"AA5"},"E49C":{"t":"NAVI"},"E49D":{"t":"C150"},"E49E":{"t":"S108"},"E49F":{"t":"PA25"},"E4A1":{"t":"PA32"},"E4A2":{"t":"PA24"},"E4A4":{"t":"GLID"},"E4A6":{"t":"C182"},"E4AF":{"t":"NAVI"},"E4B4":{"t":"C185"},"E4B8":{"t":"BE35"},"E4B9":{"t":"B738"},"E4BB":{"t":"PA22"},"E4BE":{"t":"C150"},"E4C0":{"t":"C150"},"E4C5":{"t":"PA24"},"E4C6":{"t":"BE35"},"E4C7":{"t":"GLID"},"E4CA":{"t":"C172"},"E4CB":{"t":"CH7B"},"E4CD":{"t":"C180"},"E4D0":{"desc":"L1P"},"E4D1":{"t":"CH7B"},"E4D2":{"desc":"L1P"},"E4D3":{"t":"BL8"},"E4D4":{"t":"CH7B"},"E4D6":{"t":"CH7B"},"E4D8":{"t":"BL8"},"E4D9":{"t":"CH7B"},"E4DB":{"t":"B738"},"E4E5":{"t":"PA25"},"E4E6":{"t":"BE35"},"E4E7":{"t":"PA32"},"E4E8":{"t":"PA24"},"E4E9":{"t":"BE35"},"E4EB":{"t":"C150"},"E4F0":{"t":"C180"},"E4F5":{"t":"CH7B"},"E4F6":{"t":"CH7A"},"E4F7":{"desc":"L2P"},"E4F8":{"t":"BL8"},"E4FB":{"t":"CH7B"},"E4FE":{"t":"BE35"},"E4FF":{"t":"CRJ2"},"E500":{"t":"PA18"},"E501":{"t":"B738"},"E502":{"t":"P28A"},"E504":{"t":"C150"},"E506":{"t":"C150"},"E50B":{"t":"PA24"},"E50C":{"t":"C185"},"E50E":{"t":"C150"},"E50F":{"t":"C182"},"E512":{"t":"P28B"},"E514":{"t":"PA30"},"E517":{"t":"CH7A"},"E518":{"t":"CH7A"},"E51A":{"t":"CH7A"},"E51B":{"t":"BL8"},"E525":{"t":"S22T"},"E528":{"t":"R66"},"E52C":{"t":"S76"},"E532":{"t":"CRJ2"},"E53C":{"t":"GLF5"},"E53D":{"desc":"L1P"},"E54A":{"desc":"L1P"},"E552":{"desc":"L1P"},"E553":{"t":"SR22"},"E555":{"t":"C25A"},"E557":{"t":"SR20"},"E561":{"t":"C172"},"E564":{"t":"C185"},"E56C":{"desc":"L2T"},"E56D":{"t":"B772"},"E56E":{"desc":"A1P"},"E56F":{"t":"BE33"},"E577":{"t":"BL17"},"E578":{"t":"T206"},"E579":{"t":"B739"},"E57D":{"t":"DA40"},"E586":{"t":"BALL"},"E587":{"desc":"L1P"},"E590":{"t":"B06"},"E5A2":{"desc":"L2J"},"E5A3":{"t":"C208"},"E5B7":{"t":"GALX"},"E5B8":{"t":"MD83"},"E5D0":{"t":"B06"},"E5D1":{"desc":"A2P"},"E5EA":{"desc":"L2P"},"E5F0":{"t":"CL60"},"E5FA":{"t":"R44"},"E602":{"desc":"L1P"},"E603":{"t":"C421"},"E608":{"desc":"A1P"},"E61C":{"desc":"L1P","t":"ULAC"},"E621":{"t":"PC12"},"E629":{"t":"PA46"},"E634":{"t":"B06"},"E636":{"t":"AS50"},"E637":{"t":"AS50"},"E640":{"desc":"L1P"},"E642":{"t":"R44"},"E65A":{"t":"B738"},"E666":{"t":"BE33"},"E667":{"t":"C82S"},"E669":{"t":"LJ45"},"E66E":{"t":"C185"},"E672":{"t":"C421"},"E677":{"desc":"A1P"},"E679":{"t":"P28A"},"E699":{"t":"BALL"},"E6A0":{"desc":"L1P"},"E6A6":{"desc":"L1P"},"E6A9":{"t":"FDCT"},"E6AC":{"desc":"L1P"},"E6B2":{"desc":"L1P","t":"ULAC"},"E6BA":{"desc":"A1P"},"E6BF":{"desc":"A1P"},"E6C1":{"t":"R44"},"E6C3":{"t":"C25B"},"E6CA":{"desc":"L1P"},"E6CD":{"t":"C560"},"E6D6":{"t":"CL30"},"E6D8":{"desc":"L1P"},"E6DB":{"desc":"L1P"},"E6DC":{"t":"C182"},"E6F4":{"t":"DA40"},"E70A":{"t":"C560"},"E716":{"t":"BALL"},"E71F":{"desc":"L1P"},"E739":{"t":"ULAC"},"E748":{"t":"BALL"},"E760":{"desc":"H1P"},"E779":{"desc":"L1P"},"E77A":{"t":"B738"},"E77B":{"t":"C172"},"E781":{"t":"NAVI"},"E786":{"t":"PA32"},"E788":{"t":"BE33"},"E789":{"t":"GLID"},"E78C":{"t":"C172"},"E78D":{"t":"CH7B"},"E792":{"t":"ST75"},"E793":{"t":"BL8"},"E797":{"t":"CH7B"},"E799":{"t":"BL8"},"E79B":{"desc":"A2P"},"E79C":{"t":"DC3"},"E79D":{"t":"B738"},"E79E":{"t":"C172"},"E7A0":{"t":"PA22"},"E7A5":{"t":"C150"},"E7A8":{"t":"BE35"},"E7A9":{"t":"PA32"},"E7AA":{"t":"PA24"},"E7AF":{"t":"C172"},"E7B0":{"t":"CH7B"},"E7B7":{"t":"CH7A"},"E7BC":{"t":"CH7B"},"E7BF":{"t":"CH7B"},"E7C0":{"t":"BE35"},"E7C1":{"t":"C172"},"E7C2":{"t":"PA18"},"E7C4":{"t":"T34P"},"E7C5":{"t":"B738"},"E7C7":{"t":"NAVI"},"E7CE":{"t":"BE35"},"E7CF":{"t":"GLID"},"E7D0":{"t":"C150"},"E7D1":{"t":"C182"},"E7D3":{"t":"CH7A"},"E7D6":{"t":"PA30"},"E7D8":{"t":"BL8"},"E7D9":{"t":"CH7B"},"E7DD":{"t":"CH7B"},"E7DF":{"desc":"A2P"},"E7E2":{"t":"BL8"},"E7E3":{"t":"B738"},"E7E6":{"t":"PA22"},"E7E9":{"t":"C150"},"E7EE":{"t":"BE33"},"E7F0":{"t":"PA24"},"E7F2":{"t":"GLID"},"E7F4":{"t":"C182"},"E7F5":{"t":"C172"},"E7F7":{"t":"P28B"},"E7F9":{"t":"PA30"},"E7FB":{"t":"BL8"},"E7FE":{"t":"CH7B"},"E7FF":{"t":"CH7A"},"E801":{"t":"CH7B"},"E802":{"t":"BL8"},"E803":{"desc":"A2P"},"E805":{"t":"CH7B"},"E806":{"t":"BALL"},"E807":{"t":"C172"},"E808":{"t":"P28A"},"E809":{"t":"PA22"},"E80B":{"t":"H269"},"E80E":{"t":"B738"},"E80F":{"t":"S108"},"E811":{"t":"BE33"},"E816":{"t":"C150"},"E817":{"t":"C182"},"E819":{"t":"BL8"},"E81A":{"t":"P28B"},"E81C":{"t":"PA18"},"E81F":{"t":"CH7B"},"E820":{"t":"CH7A"},"E825":{"t":"CH7B"},"E827":{"desc":"A2P"},"E829":{"t":"CRJ2"},"E82B":{"t":"PA18"},"E82C":{"t":"B738"},"E82E":{"t":"H269"},"E834":{"t":"BE35"},"E836":{"t":"PA24"},"E837":{"t":"BE35"},"E83B":{"t":"C172"},"E83C":{"t":"BL8"},"E83E":{"t":"C180"},"E83F":{"t":"PA30"},"E842":{"t":"CH7B"},"E844":{"desc":"L1P"},"E845":{"t":"CH7A"},"E849":{"desc":"L1P"},"E84D":{"t":"C172"},"E855":{"desc":"L1P"},"E858":{"t":"PA32"},"E85C":{"t":"C150"},"E85D":{"t":"C182"},"E85E":{"t":"C172"},"E85F":{"t":"BE35"},"E862":{"t":"PA30"},"E864":{"t":"L13M"},"E86A":{"desc":"L1P"},"E86B":{"desc":"H1P"},"E86D":{"desc":"L1P"},"E86F":{"t":"BE35"},"E870":{"t":"C172"},"E871":{"t":"P28R"},"E872":{"t":"B738"},"E873":{"desc":"L1P"},"E876":{"t":"NAVI"},"E878":{"t":"S108"},"E87B":{"t":"PA32"},"E87C":{"t":"PA24"},"E87D":{"t":"BE35"},"E87E":{"t":"GLID"},"E881":{"t":"C172"},"E882":{"t":"BL8"},"E883":{"t":"P28B"},"E885":{"t":"PA30"},"E88C":{"t":"GLID"},"E88F":{"desc":"L1P"},"E891":{"t":"CH7A"},"E892":{"t":"B738"},"E893":{"t":"C172"},"E898":{"t":"C150"},"E89B":{"desc":"L1P"},"E89F":{"t":"PA24"},"E8A0":{"t":"BE35"},"E8A2":{"t":"C150"},"E8A3":{"t":"C182"},"E8A4":{"t":"C172"},"E8A5":{"t":"R22"},"E8A8":{"t":"PA30"},"E8AA":{"t":"GLID"},"E8AC":{"t":"BL8"},"E8B5":{"t":"BE35"},"E8B6":{"t":"B738"},"E8B7":{"t":"P28R"},"E8C0":{"t":"BE35"},"E8C1":{"t":"PA32"},"E8C3":{"t":"BE55"},"E8C6":{"t":"C182"},"E8CB":{"t":"PA30"},"E8CD":{"t":"UH12"},"E8CE":{"desc":"L1P"},"E8D5":{"desc":"L1P"},"E8D7":{"desc":"H1P"},"E8D9":{"t":"C172"},"E8DE":{"desc":"L1P"},"E8DF":{"desc":"L1P"},"E8F2":{"t":"C208"},"E8F5":{"desc":"L1P"},"E8F7":{"t":"AT8T"},"E90A":{"t":"S108"},"E90C":{"desc":"L1P"},"E90D":{"t":"C208"},"E90E":{"t":"SR22"},"E912":{"t":"B06"},"E918":{"t":"C172"},"E91B":{"t":"S22T"},"E921":{"desc":"L1P","t":"ULAC"},"E923":{"t":"GLID"},"E924":{"t":"B772"},"E925":{"t":"BE33"},"E926":{"t":"PA27"},"E927":{"desc":"L1P","t":"ULAC"},"E92D":{"t":"BALL"},"E92E":{"t":"T6"},"E92F":{"t":"P46T"},"E930":{"t":"B739"},"E934":{"t":"DA40"},"E94C":{"t":"C172"},"E94E":{"desc":"L1T"},"E956":{"t":"BALL"},"E959":{"desc":"L2J"},"E95A":{"t":"C208"},"E97E":{"desc":"L1P"},"E987":{"desc":"L1P"},"E988":{"t":"BALL"},"E98A":{"t":"AT8T"},"E995":{"t":"C208"},"E9A1":{"t":"BALL"},"E9A2":{"t":"C525"},"E9A3":{"t":"C550"},"E9B1":{"t":"C56X"},"E9B9":{"t":"EA50"},"E9C1":{"t":"AT5T"},"E9CA":{"t":"BE58"},"E9D3":{"t":"C172"},"E9D5":{"t":"BE36"},"E9EB":{"desc":"L1P"},"E9EE":{"t":"AS50"},"E9F3":{"t":"EC30"},"E9F7":{"t":"C82S"},"E9F9":{"t":"R44"},"EA00":{"desc":"L1P"},"EA05":{"t":"F18H"},"EA11":{"t":"B738"},"EA1D":{"t":"P28A"},"EA2B":{"t":"PC12"},"EA30":{"t":"P28A"},"EA32":{"t":"C182"},"EA37":{"t":"BALL"},"EA4F":{"t":"BE33"},"EA50":{"t":"BALL"},"EA53":{"desc":"L1P"},"EA64":{"t":"E170"},"EA68":{"t":"BE35"},"EA69":{"desc":"L1P","t":"ULAC"},"EA72":{"desc":"L1P"},"EA73":{"t":"BE20"},"EA78":{"t":"CH7A"},"EA79":{"desc":"L1P"},"EA81":{"t":"BE55"},"EA84":{"desc":"L1P"},"EA8F":{"desc":"H4E"},"EA97":{"t":"H25B"},"EAA8":{"t":"B350"},"EAAB":{"desc":"H4E"},"EAC3":{"desc":"H4E"},"EACC":{"t":"C56X"},"EAD8":{"desc":"L1P"},"EB00":{"desc":"L1P"},"EB31":{"t":"B738"},"EB33":{"t":"PA18"},"EB35":{"desc":"L1P"},"EB37":{"t":"C310"},"EB3B":{"t":"PA25"},"EB3C":{"t":"BE33"},"EB40":{"t":"GLID"},"EB41":{"t":"C150"},"EB42":{"t":"C182"},"EB43":{"t":"C172"},"EB47":{"t":"PA30"},"EB48":{"t":"T206"},"EB49":{"t":"B14A"},"EB4C":{"t":"B14A"},"EB52":{"t":"B14A"},"EB53":{"desc":"L1P"},"EB55":{"t":"C172"},"EB56":{"t":"PA18"},"EB57":{"t":"B738"},"EB5A":{"desc":"H4E"},"EB5C":{"t":"C150"},"EB5D":{"t":"C340"},"EB5F":{"t":"PA12"},"EB60":{"t":"PA32"},"EB63":{"t":"GLID"},"EB65":{"t":"C182"},"EB67":{"t":"CH7B"},"EB68":{"t":"P28B"},"EB6D":{"t":"CH7B"},"EB6F":{"t":"CH7B"},"EB70":{"t":"BL8"},"EB71":{"t":"CH7A"},"EB72":{"t":"B14A"},"EB75":{"t":"B14A"},"EB77":{"t":"CRJ2"},"EB78":{"t":"C172"},"EB7A":{"t":"PA18"},"EB7B":{"t":"P28A"},"EB7C":{"t":"B738"},"EB7F":{"t":"C150"},"EB80":{"t":"S108"},"EB82":{"t":"BE35"},"EB84":{"t":"PA24"},"EB87":{"t":"C150"},"EB89":{"t":"C172"},"EB8A":{"t":"BL8"},"EB94":{"t":"B14A"},"EB95":{"t":"B14A"},"EB96":{"t":"CH7B"},"EB97":{"t":"B14A"},"EB98":{"t":"B14A"},"EB9A":{"t":"BE35"},"EB9C":{"t":"PA18"},"EB9D":{"t":"CRJ2"},"EB9F":{"t":"B738"},"EBA2":{"t":"C150"},"EBA4":{"t":"PA25"},"EBA6":{"t":"PA32"},"EBA7":{"t":"PA24"},"EBAB":{"t":"C182"},"EBAC":{"t":"C172"},"EBAE":{"t":"P28B"},"EBB9":{"t":"B14A"},"EBBA":{"t":"CH7B"},"EBBB":{"t":"B14A"},"EBBD":{"t":"CRJ2"},"EBBE":{"t":"B738"},"EBBF":{"t":"PA32"},"EBC9":{"t":"PA32"},"EBCA":{"t":"PA24"},"EBCB":{"t":"BE35"},"EBCF":{"t":"C172"},"EBD0":{"t":"CH7B"},"EBD4":{"t":"T206"},"EBD7":{"t":"CH7B"},"EBD9":{"t":"B14A"},"EBDA":{"t":"B14A"},"EBDB":{"t":"B14A"},"EBDD":{"t":"B14A"},"EBE0":{"t":"B738"},"EBE1":{"t":"C172"},"EBE2":{"desc":"L1P","t":"TB0"},"EBE3":{"desc":"L1P"},"EBE4":{"t":"P28A"},"EBE9":{"t":"C340"},"EBED":{"desc":"H4E"},"EBEF":{"desc":"L1P"},"EBF1":{"t":"C182"},"EBF4":{"t":"P28B"},"EBF6":{"t":"PA30"},"EBF7":{"t":"GLID"},"EBFA":{"t":"CH7B"},"EBFF":{"t":"B14A"},"EC01":{"t":"B14A"},"EC02":{"t":"BE55"},"EC03":{"t":"B738"},"EC05":{"t":"PA18"},"EC0A":{"t":"NAVI"},"EC0F":{"t":"PA32"},"EC10":{"t":"ULAC"},"EC12":{"t":"GLID"},"EC14":{"t":"C182"},"EC18":{"t":"C180"},"EC1C":{"t":"B14A"},"EC1E":{"t":"B14A"},"EC21":{"t":"B14A"},"EC23":{"t":"B14A"},"EC26":{"t":"B738"},"EC2A":{"t":"P51"},"EC2D":{"t":"G164"},"EC31":{"t":"BE35"},"EC32":{"t":"PA32"},"EC33":{"t":"ULAC"},"EC34":{"t":"BE35"},"EC35":{"t":"GLID"},"EC36":{"t":"C150"},"EC37":{"t":"C182"},"EC38":{"t":"C172"},"EC39":{"t":"CH7B"},"EC3A":{"t":"P28B"},"EC3F":{"t":"B14A"},"EC40":{"t":"B14A"},"EC4A":{"t":"C172"},"EC4C":{"t":"PA18"},"EC4D":{"t":"B738"},"EC51":{"t":"C150"},"EC52":{"t":"S108"},"EC57":{"t":"BE35"},"EC5B":{"t":"C172"},"EC5D":{"t":"P28B"},"EC5E":{"t":"C180"},"EC5F":{"t":"PA30"},"EC60":{"t":"C206"},"EC61":{"t":"B14A"},"EC67":{"t":"B14A"},"EC68":{"t":"B14A"},"EC6C":{"t":"B738"},"EC77":{"t":"BE33"},"EC7A":{"t":"BE35"},"EC7B":{"t":"GLID"},"EC7D":{"t":"C182"},"EC7E":{"t":"C172"},"EC7F":{"t":"CH7A"},"EC80":{"t":"P28B"},"EC81":{"t":"C180"},"EC88":{"t":"B14A"},"EC8A":{"t":"CH7B"},"EC90":{"t":"F900"},"EC92":{"t":"C525"},"EC9A":{"t":"S76"},"EC9F":{"desc":"H4E"},"ECA0":{"t":"CRJ2"},"ECA1":{"t":"TBM7"},"ECA8":{"desc":"L1P"},"ECAA":{"t":"GLF4"},"ECAB":{"t":"B772"},"ECB2":{"desc":"L1P","t":"ULAC"},"ECB8":{"t":"S22T"},"ECBA":{"t":"FA50"},"ECC2":{"t":"CRJ2"},"ECC3":{"t":"C25A"},"ECC4":{"t":"G280"},"ECC5":{"t":"SR22"},"ECC8":{"t":"C56X"},"ECCB":{"t":"SR22"},"ECCD":{"t":"C56X"},"ECCF":{"t":"S22T"},"ECD3":{"t":"BL17"},"ECD6":{"t":"C560"},"ECDD":{"desc":"L1P","t":"ULAC"},"ECE6":{"t":"C750"},"ECE7":{"t":"B739"},"ECF3":{"t":"DA40"},"ECF4":{"desc":"H4E"},"ED0D":{"t":"M20P"},"ED10":{"desc":"L2J"},"ED25":{"desc":"L1P"},"ED3E":{"t":"B06"},"ED3F":{"desc":"H4E"},"ED41":{"t":"C25C"},"ED58":{"t":"TBM7"},"ED59":{"t":"B06"},"ED5B":{"desc":"L1P"},"ED5D":{"t":"BE36"},"ED63":{"desc":"L1P"},"ED68":{"t":"C56X"},"ED70":{"desc":"L1P"},"ED75":{"t":"GLF6"},"ED76":{"t":"R22"},"ED7A":{"t":"B06"},"ED89":{"t":"BE18"},"ED8A":{"desc":"H8E"},"ED8B":{"t":"C182"},"ED8E":{"t":"S22T"},"ED91":{"t":"H269"},"ED92":{"t":"CL30"},"ED96":{"desc":"A1P","t":"ULAC"},"EDA5":{"t":"AS50"},"EDAA":{"t":"EC30"},"EDAE":{"desc":"L1P"},"EDB3":{"desc":"L1P"},"EDB4":{"t":"C337"},"EDBC":{"t":"F18H"},"EDC8":{"t":"B738"},"EDCD":{"desc":"L1P"},"EDD4":{"t":"P28A"},"EDD5":{"t":"DA40"},"EDD7":{"t":"M20T"},"EDD9":{"t":"PC12"},"EDDE":{"t":"PA18"},"EDEC":{"t":"H25B"},"EE08":{"t":"CL60"},"EE0F":{"desc":"L1P"},"EE12":{"desc":"L1P"},"EE17":{"desc":"L1P","t":"TB0"},"EE18":{"t":"PA18"},"EE1B":{"t":"E170"},"EE1C":{"t":"BE30"},"EE22":{"desc":"L2J"},"EE23":{"t":"C208"},"EE26":{"t":"DA62"},"EE27":{"t":"F2TH"},"EE2D":{"t":"C172"},"EE2F":{"t":"SR22"},"EE35":{"desc":"L1P"},"EE38":{"t":"BE55"},"EE3A":{"t":"C172"},"EE3B":{"t":"C182"},"EE3F":{"desc":"L1P"},"EE4D":{"t":"SR22"},"EE4E":{"desc":"L1P"},"EE5F":{"t":"B350"},"EE62":{"t":"DA40"},"EE6C":{"t":"B350"},"EE78":{"t":"A109"},"EE83":{"t":"H500"},"EE96":{"desc":"L2J"},"EE9C":{"t":"HUSK"},"EEA3":{"t":"BALL"},"EEA7":{"t":"C56X"},"EEB1":{"desc":"L1P"},"EEBF":{"desc":"H4E"},"EECF":{"t":"C208"},"EEE9":{"t":"C172"},"EEEA":{"t":"B738"},"EEEC":{"t":"P28R"},"EEEE":{"desc":"G1P"},"EEF3":{"t":"BE35"},"EEF5":{"t":"PA24"},"EEF8":{"t":"C150"},"EEF9":{"t":"C182"},"EEFA":{"t":"C172"},"EEFB":{"t":"CH7B"},"EEFC":{"t":"P28B"},"EEFD":{"t":"C180"},"EF00":{"t":"B14A"},"EF02":{"t":"B14A"},"EF06":{"t":"B14A"},"EF0B":{"t":"BE35"},"EF0D":{"t":"PA22"},"EF0E":{"t":"PA18"},"EF11":{"t":"C150"},"EF13":{"t":"C150"},"EF16":{"t":"B738"},"EF1D":{"t":"C172"},"EF26":{"t":"CH7A"},"EF28":{"t":"B14A"},"EF2F":{"t":"B738"},"EF31":{"t":"PA18"},"EF3C":{"t":"BE35"},"EF3D":{"t":"GLID"},"EF3F":{"t":"C182"},"EF40":{"t":"C172"},"EF44":{"t":"PA30"},"EF46":{"t":"CH7B"},"EF48":{"t":"CH7B"},"EF4C":{"t":"B14A"},"EF4E":{"t":"CH7A"},"EF52":{"t":"CRJ2"},"EF53":{"t":"PA22"},"EF54":{"t":"B738"},"EF55":{"desc":"L1E"},"EF5A":{"t":"S108"},"EF5D":{"t":"PA32"},"EF5E":{"t":"PA24"},"EF5F":{"t":"BE55"},"EF60":{"t":"GLID"},"EF63":{"t":"C172"},"EF64":{"t":"CH7A"},"EF65":{"t":"P28B"},"EF6A":{"t":"B14A"},"EF6D":{"t":"CH7B"},"EF77":{"t":"PA18"},"EF78":{"t":"P28R"},"EF79":{"t":"B738"},"EF7A":{"t":"C150"},"EF7D":{"t":"C340"},"EF80":{"t":"PA32"},"EF81":{"t":"PA24"},"EF82":{"t":"BE35"},"EF85":{"t":"C182"},"EF86":{"t":"C172"},"EF88":{"t":"P28B"},"EF8D":{"t":"B14A"},"EF91":{"t":"B14A"},"EF92":{"t":"CH7B"},"EF93":{"t":"CH7B"},"EF95":{"t":"BL8"},"EF98":{"t":"B738"},"EFA3":{"t":"PA32"},"EFA4":{"t":"PA24"},"EFA9":{"t":"C150"},"EFB0":{"t":"B14A"},"EFB3":{"t":"BL8"},"EFB6":{"t":"B14A"},"EFBA":{"t":"B738"},"EFBB":{"t":"C172"},"EFBE":{"desc":"L1P"},"EFBF":{"desc":"L1J"},"EFC5":{"t":"BE35"},"EFC6":{"t":"PA32"},"EFC8":{"t":"C206"},"EFC9":{"t":"GLID"},"EFCA":{"t":"C150"},"EFCE":{"t":"P28B"},"EFD0":{"t":"PA30"},"EFD3":{"t":"B14A"},"EFD5":{"t":"BL8"},"EFD8":{"t":"B14A"},"EFDA":{"t":"B14A"},"EFDC":{"desc":"L1P"},"EFDD":{"t":"B738"},"EFDE":{"t":"C172"},"EFDF":{"t":"PA22"},"EFE1":{"desc":"L1E"},"EFE3":{"t":"C150"},"EFE4":{"t":"NAVI"},"EFE5":{"t":"C150"},"EFE6":{"t":"S108"},"EFE8":{"t":"BE35"},"EFE9":{"t":"PA32"},"EFEB":{"t":"BE35"},"EFEC":{"t":"GLID"},"EFED":{"desc":"H1P"},"EFEE":{"t":"C182"},"EFF0":{"t":"BL8"},"EFF1":{"t":"P28B"},"EFF7":{"t":"CH7A"},"EFF8":{"t":"B14A"},"EFFA":{"t":"B14A"},"EFFE":{"t":"CH7B"},"EFFF":{"t":"J3"},"children":["AB0","AB1","AB2","AB3","AB4","AB5","AB6","AB7","AB8","ABA","ABB","ABC","ABD","ABF"]}