{"001":{"t":"P28A"},"002":{"desc":"L1P"},"009":{"t":"DA40"},"00A":{"t":"C150"},"00B":{"t":"DA40"},"00F":{"desc":"L2T","t":"DH8A"},"011":{"t":"ULAC"},"012":{"desc":"L1P"},"016":{"t":"A310"},"019":{"t":"A139"},"01D":{"desc":"L1P"},"023":{"t":"T210"},"028":{"desc":"H2T"},"02E":{"t":"A139"},"031":{"t":"GLID"},"032":{"t":"C750"},"033":{"desc":"H1P"},"034":{"desc":"L1P"},"036":{"t":"SR22"},"039":{"t":"PC12"},"03B":{"t":"BE35"},"03D":{"t":"AS50"},"040":{"t":"SR22"},"04A":{"t":"GLID"},"04B":{"t":"CL60"},"04C":{"t":"S22T"},"052":{"t":"GLID"},"055":{"t":"R22"},"059":{"t":"SR22"},"05D":{"desc":"L1P"},"05E":{"desc":"L1P"},"05F":{"t":"GLID"},"061":{"desc":"L1P","t":"ULAC"},"063":{"t":"GLID"},"064":{"t":"GLF5"},"065":{"t":"H500"},"068":{"desc":"L1P","t":"ULAC"},"069":{"t":"CL30"},"06A":{"t":"C25B"},"06B":{"t":"PTS2"},"06D":{"desc":"L1P"},"06E":{"t":"PC12"},"06F":{"t":"R44"},"072":{"t":"TBM7"},"073":{"t":"GLID"},"076":{"desc":"L1P"},"077":{"t":"P28A"},"078":{"t":"SR20"},"082":{"t":"P28A"},"086":{"desc":"L2T"},"08F":{"t":"PRM1"},"090":{"t":"P46T"},"091":{"t":"R44"},"092":{"t":"BE58"},"093":{"desc":"L1P"},"095":{"t":"AS50"},"096":{"t":"GA5C"},"097":{"desc":"L1P","t":"ULAC"},"099":{"desc":"L1P"},"09A":{"t":"R44"},"0A0":{"t":"C510"},"0A3":{"t":"GLF6"},"0A8":{"desc":"L1P"},"0A9":{"t":"C208"},"0AA":{"t":"B429"},"0AD":{"t":"GLF5"},"0AE":{"t":"GLF4"},"0AF":{"t":"AT5T"},"0B0":{"t":"EC30"},"0B1":{"desc":"L1P"},"0B3":{"t":"UH1"},"0B5":{"t":"C56X"},"0B6":{"desc":"L1P"},"0B8":{"t":"DH8C"},"0B9":{"t":"SR22"},"0BA":{"t":"B407"},"0BD":{"t":"P28B"},"0BF":{"desc":"L1P"},"0C1":{"t":"PA30"},"0C2":{"t":"GLF3"},"0C5":{"t":"P28R"},"0C9":{"t":"BE36"},"0CE":{"t":"B738"},"0D1":{"desc":"L1P","t":"ULAC"},"0D6":{"t":"A333"},"0D9":{"t":"AT8T"},"0DA":{"desc":"L1P"},"0DB":{"desc":"L1P"},"0DD":{"desc":"L2T"},"0DE":{"t":"E545"},"0DF":{"t":"C172"},"0E2":{"t":"B407"},"0E3":{"t":"H60"},"0E4":{"desc":"L1P"},"0E6":{"t":"C421"},"0EB":{"desc":"L1P"},"0EC":{"t":"PA22"},"0F3":{"t":"B06"},"104":{"desc":"L2J"},"10C":{"t":"BE33"},"10E":{"t":"ST75"},"10F":{"t":"C340"},"113":{"desc":"L1P"},"116":{"t":"P28A"},"117":{"t":"C205"},"118":{"desc":"L1P"},"11C":{"desc":"L1P","t":"ULAC"},"11D":{"desc":"H1P"},"11E":{"desc":"L2T"},"120":{"desc":"L1P"},"121":{"t":"S22T"},"125":{"desc":"L1P"},"127":{"t":"H500"},"128":{"desc":"H4E"},"129":{"t":"C56X"},"12A":{"desc":"L1P"},"12B":{"t":"F900"},"12C":{"desc":"L1P"},"12D":{"desc":"L1P","t":"ULAC"},"12E":{"desc":"L1P"},"130":{"desc":"L1P","t":"ULAC"},"131":{"t":"PA31"},"132":{"t":"GLID"},"134":{"t":"PRM1"},"136":{"desc":"L1P","t":"ULAC"},"13A":{"t":"BE9L"},"13B":{"desc":"L1P"},"13C":{"t":"B738"},"13E":{"t":"GLF4"},"140":{"desc":"L1P"},"141":{"t":"GLF5"},"147":{"t":"B734"},"149":{"desc":"L1P","t":"ULAC"},"14C":{"t":"C172"},"14E":{"desc":"L2T"},"14F":{"t":"BE33"},"150":{"desc":"L1P"},"153":{"t":"C340"},"154":{"desc":"L1P","t":"ULAC"},"157":{"desc":"L1P"},"158":{"t":"A319"},"15B":{"desc":"H4E"},"15D":{"t":"C172"},"165":{"t":"B350"},"170":{"t":"PRM1"},"174":{"desc":"H4E"},"180":{"desc":"L1P"},"181":{"t":"R66"},"182":{"t":"P28R"},"189":{"t":"LJ45"},"18A":{"t":"MD83"},"18D":{"t":"P28R"},"18F":{"desc":"L1P"},"191":{"t":"R44"},"194":{"desc":"H4E"},"195":{"t":"M20P"},"199":{"t":"BE36"},"19A":{"desc":"L1P"},"19B":{"t":"R44"},"1A2":{"t":"GLID"},"1A8":{"desc":"L1P"},"1AD":{"desc":"H4E"},"1B4":{"t":"CL30"},"1D4":{"desc":"L1P"},"1D5":{"t":"BE33"},"1E6":{"t":"C206"},"1EE":{"t":"P28A"},"1EF":{"t":"C172"},"1F0":{"t":"SR22"},"1F4":{"t":"C77R"},"1F7":{"t":"G164"},"1FA":{"t":"BE33"},"1FB":{"t":"BE36"},"1FF":{"t":"C175"},"200":{"t":"P28R"},"201":{"t":"C188"},"203":{"t":"C172"},"204":{"t":"R22"},"206":{"t":"C172"},"207":{"t":"GC1"},"209":{"t":"C172"},"20B":{"t":"GC1"},"20E":{"desc":"L1P"},"211":{"t":"C170"},"213":{"t":"PA18"},"214":{"t":"PA18"},"215":{"t":"C185"},"217":{"t":"P28A"},"218":{"desc":"L1P"},"219":{"t":"BALL"},"21A":{"t":"G164"},"21B":{"t":"C172"},"21C":{"t":"C310"},"21D":{"desc":"L1P","t":"ULAC"},"21E":{"t":"P28A"},"21F":{"t":"PA34"},"220":{"t":"BE35"},"222":{"t":"C175"},"223":{"desc":"L1P"},"224":{"t":"C188"},"226":{"t":"C182"},"227":{"t":"PA30"},"229":{"t":"C172"},"22B":{"desc":"L1P","t":"ULAC"},"22F":{"t":"C172"},"230":{"t":"GC1"},"231":{"desc":"L1P"},"232":{"t":"GC1"},"233":{"t":"GLID"},"235":{"desc":"L1P","t":"ULAC"},"236":{"t":"PA18"},"237":{"t":"PA18"},"238":{"t":"C172"},"23B":{"t":"P28A"},"23D":{"t":"P28A"},"23E":{"t":"C172"},"23F":{"t":"C150"},"241":{"t":"PA24"},"243":{"t":"BE36"},"245":{"t":"C175"},"246":{"desc":"L1P"},"248":{"t":"P28A"},"249":{"t":"C172"},"24A":{"desc":"L1P"},"24C":{"t":"GC1"},"24E":{"desc":"L1P"},"250":{"desc":"L1P"},"253":{"t":"GC1"},"255":{"t":"GC1"},"257":{"t":"MU2"},"25A":{"t":"PA18"},"25C":{"t":"BE36"},"25D":{"t":"PA18"},"261":{"t":"P28A"},"262":{"t":"C310"},"266":{"t":"BE33"},"267":{"t":"C150"},"26A":{"t":"P28B"},"26B":{"t":"P28A"},"26C":{"desc":"L1P"},"26D":{"t":"P28B"},"26E":{"t":"ULAC"},"26F":{"t":"C172"},"272":{"t":"GC1"},"273":{"t":"P28B"},"275":{"desc":"L1P"},"276":{"t":"C172"},"277":{"t":"P28B"},"27A":{"t":"C170"},"27B":{"t":"C77R"},"27C":{"t":"PA18"},"27F":{"t":"C150"},"281":{"desc":"A1P"},"283":{"t":"S108"},"286":{"t":"P28A"},"287":{"t":"PA24"},"288":{"t":"ULAC"},"289":{"t":"ULAC"},"28A":{"t":"C150"},"28B":{"t":"C175"},"28E":{"t":"P28A"},"28F":{"t":"C172"},"290":{"t":"PA30"},"293":{"t":"C172"},"294":{"t":"C172"},"296":{"t":"GC1"},"298":{"t":"GC1"},"299":{"t":"C172"},"29C":{"t":"GLID"},"29D":{"t":"P28A"},"29E":{"t":"C172"},"2A3":{"t":"BALL"},"2A6":{"desc":"L1P","t":"ULAC"},"2A7":{"t":"C172"},"2A9":{"t":"BE36"},"2AB":{"t":"C414"},"2AC":{"t":"BE55"},"2AD":{"t":"C150"},"2AE":{"t":"BE40"},"2B1":{"t":"P28A"},"2B2":{"t":"P28A"},"2B3":{"t":"PA30"},"2B4":{"t":"P28T"},"2B5":{"t":"GC1"},"2B6":{"t":"GC1"},"2B8":{"t":"P28A"},"2BA":{"t":"C172"},"2BB":{"t":"GC1"},"2BC":{"desc":"L1P","t":"ULAC"},"2BE":{"t":"C172"},"2BF":{"t":"GLID"},"2C0":{"t":"C170"},"2C2":{"t":"PA18"},"2C3":{"t":"PA18"},"2C4":{"t":"P28A"},"2C6":{"t":"P28A"},"2C7":{"t":"P28A"},"2C9":{"t":"P28A"},"2CB":{"t":"C310"},"2CC":{"t":"P28B"},"2CE":{"t":"PA34"},"2D1":{"t":"C175"},"2D2":{"desc":"L1P"},"2D3":{"t":"C188"},"2D5":{"t":"C172"},"2D9":{"desc":"L1P"},"2DA":{"t":"GC1"},"2DC":{"t":"C172"},"2DD":{"t":"C172"},"2DE":{"t":"C172"},"2DF":{"t":"GC1"},"2E0":{"t":"C172"},"2E1":{"t":"GC1"},"2E3":{"t":"C170"},"2E4":{"t":"PA32"},"2E5":{"t":"P28B"},"2E6":{"t":"P28B"},"2E7":{"t":"P32R"},"2E8":{"t":"C150"},"2E9":{"desc":"L1P"},"2EA":{"t":"T28"},"2ED":{"t":"C172"},"2F0":{"t":"PA24"},"2F2":{"t":"BE36"},"2F3":{"t":"C150"},"2F7":{"t":"P28A"},"2F8":{"t":"C172"},"2F9":{"t":"PA30"},"2FB":{"t":"C172"},"2FC":{"t":"C172"},"2FD":{"t":"C172"},"2FF":{"t":"C172"},"307":{"t":"PA32"},"308":{"t":"PA18"},"30A":{"t":"P28B"},"30D":{"t":"P28B"},"30E":{"t":"BE36"},"30F":{"t":"S108"},"310":{"t":"C172"},"315":{"t":"BE55"},"316":{"t":"C150"},"317":{"t":"P28B"},"318":{"t":"ULAC"},"319":{"desc":"L1J"},"31B":{"t":"C172"},"31C":{"t":"PA30"},"31D":{"t":"P28B"},"31F":{"t":"GC1"},"321":{"t":"GC1"},"322":{"t":"C172"},"324":{"t":"P28B"},"325":{"desc":"L1P"},"326":{"t":"GC1"},"327":{"t":"GC1"},"329":{"t":"PA34"},"32A":{"t":"P28U"},"32B":{"t":"P28A"},"32D":{"t":"C172"},"32E":{"t":"C150"},"32F":{"t":"C77R"},"330":{"t":"T28"},"336":{"t":"PA24"},"337":{"t":"PA34"},"339":{"t":"C150"},"33A":{"t":"C175"},"33C":{"t":"P28B"},"33D":{"t":"P28A"},"33F":{"t":"BALL"},"341":{"t":"ULAC"},"342":{"t":"GC1"},"343":{"desc":"L1P"},"345":{"t":"ULAC"},"347":{"t":"C172"},"34A":{"t":"C150"},"34C":{"t":"PA22"},"34D":{"t":"B788"},"351":{"t":"E135"},"358":{"t":"DA40"},"35A":{"desc":"L1P"},"35D":{"t":"SR22"},"361":{"t":"A319"},"365":{"t":"L8"},"366":{"desc":"L1P"},"368":{"t":"GLF4"},"370":{"t":"BE36"},"373":{"desc":"L1P"},"377":{"t":"C172"},"37A":{"t":"M20T"},"37E":{"t":"PA46"},"37F":{"t":"CRJ2"},"380":{"t":"AT8T"},"381":{"t":"C206"},"382":{"t":"SR22"},"383":{"t":"PA31"},"386":{"desc":"H2T"},"38B":{"t":"HDJT"},"38C":{"t":"C182"},"38E":{"t":"S22T"},"390":{"t":"FDCT"},"392":{"t":"SR20"},"398":{"t":"GLF5"},"3A3":{"t":"BE9L"},"3A4":{"t":"B739"},"3A8":{"t":"SR22"},"3AC":{"t":"C82S"},"3BC":{"t":"C206"},"3C6":{"t":"DH8A"},"3CD":{"t":"A310"},"3D4":{"desc":"L1P"},"3E5":{"t":"SR22"},"3F3":{"t":"S22T"},"3F4":{"t":"C206"},"3FE":{"t":"BE20"},"405":{"t":"E145"},"410":{"t":"C206"},"415":{"t":"C208"},"416":{"t":"A320"},"420":{"t":"CL30"},"425":{"t":"C56X"},"430":{"t":"AT8T"},"43B":{"t":"C206"},"43E":{"t":"C172"},"453":{"t":"C206"},"458":{"t":"SR22"},"45F":{"t":"P28R"},"460":{"t":"P28A"},"463":{"t":"E170"},"467":{"t":"EC30"},"46D":{"t":"S22T"},"470":{"t":"P28R"},"479":{"desc":"L1J"},"47C":{"t":"C206"},"480":{"t":"BE36"},"485":{"t":"B738"},"48D":{"t":"A333"},"490":{"t":"AT8T"},"492":{"t":"M20T"},"494":{"t":"SR22"},"498":{"t":"C206"},"499":{"t":"B407"},"49A":{"t":"H60"},"4A2":{"t":"BE20"},"4B3":{"t":"C206"},"4BB":{"desc":"L2J"},"4CB":{"t":"C206"},"4CC":{"t":"SR22"},"4D2":{"t":"C404"},"4D5":{"t":"AT8T"},"4D7":{"desc":"L1P"},"4DC":{"t":"GLID"},"4E1":{"t":"C206"},"4E6":{"t":"CRJ9"},"4EC":{"t":"SR22"},"4ED":{"t":"EC30"},"4EE":{"t":"C172"},"4F2":{"desc":"L1P"},"4F3":{"t":"B738"},"4F5":{"t":"BE35"},"4F6":{"t":"B732"},"4F9":{"t":"E35L"},"506":{"t":"BE35"},"507":{"t":"C206"},"50A":{"t":"PC12"},"50F":{"t":"A319"},"51F":{"t":"C206"},"528":{"t":"C206"},"540":{"desc":"A1P"},"541":{"t":"H500"},"542":{"t":"H60"},"561":{"t":"H60"},"574":{"desc":"H1T","t":"H60"},"596":{"desc":"H4E"},"5A9":{"t":"P28A"},"5AA":{"t":"P28A"},"5AC":{"t":"P28A"},"5AD":{"t":"AEST"},"5AE":{"t":"S108"},"5AF":{"t":"P28A"},"5B1":{"desc":"L1P","t":"ULAC"},"5B3":{"t":"BALL"},"5B6":{"t":"P32R"},"5B7":{"desc":"L1P"},"5B9":{"t":"P28A"},"5BB":{"t":"P28B"},"5BE":{"t":"GC1"},"5BF":{"t":"GC1"},"5C0":{"t":"GC1"},"5C2":{"t":"GC1"},"5C3":{"t":"C172"},"5C4":{"t":"ULAC"},"5C5":{"t":"P28A"},"5C6":{"t":"GC1"},"5C8":{"t":"C170"},"5CA":{"t":"PA22"},"5CB":{"t":"PA18"},"5CC":{"t":"C172"},"5CE":{"t":"C77R"},"5D2":{"t":"C172"},"5D4":{"desc":"L1P","t":"ULAC"},"5D5":{"t":"PA24"},"5D6":{"t":"C402"},"5D7":{"t":"P28A"},"5D9":{"t":"BE33"},"5DC":{"t":"P28A"},"5DD":{"t":"P28A"},"5DE":{"t":"P28A"},"5DF":{"t":"C206"},"5E1":{"t":"C172"},"5E2":{"t":"C172"},"5E3":{"t":"GC1"},"5E4":{"t":"C172"},"5E5":{"desc":"L1P","t":"ULAC"},"5E9":{"t":"GC1"},"5EC":{"t":"C172"},"5EF":{"t":"P28A"},"5F1":{"t":"P28A"},"5F2":{"t":"P28A"},"5F5":{"desc":"L1P"},"5F7":{"t":"P28A"},"5FA":{"t":"BE36"},"5FB":{"desc":"L1P","t":"ULAC"},"5FC":{"t":"C175"},"5FD":{"t":"BALL"},"5FE":{"t":"C150"},"5FF":{"t":"P28A"},"601":{"t":"PA30"},"602":{"desc":"L1P"},"604":{"t":"C172"},"605":{"t":"GC1"},"606":{"t":"GC1"},"607":{"t":"GC1"},"609":{"t":"P28A"},"60B":{"t":"C172"},"611":{"t":"PA18"},"613":{"t":"C150"},"614":{"t":"P28A"},"615":{"t":"P28A"},"617":{"desc":"L1P"},"618":{"t":"C172"},"61A":{"t":"P28A"},"61B":{"t":"PA24"},"61C":{"t":"C421"},"61D":{"t":"BE35"},"61E":{"desc":"L1T"},"61F":{"t":"C175"},"620":{"t":"B06"},"625":{"desc":"L1T"},"627":{"t":"C172"},"628":{"t":"GC1"},"629":{"t":"GC1"},"62A":{"t":"P28A"},"62E":{"t":"T6"},"62F":{"desc":"L1P"},"630":{"desc":"L2P"},"631":{"t":"P32R"},"632":{"t":"C172"},"633":{"t":"P28R"},"634":{"t":"PA18"},"637":{"t":"C188"},"63D":{"t":"P28A"},"63F":{"t":"R22"},"640":{"t":"P28B"},"642":{"t":"C175"},"644":{"t":"P28B"},"645":{"t":"P28A"},"646":{"t":"C172"},"647":{"t":"PA30"},"649":{"t":"BALL"},"64A":{"t":"C172"},"64B":{"t":"T6"},"64C":{"t":"BALL"},"64E":{"desc":"L1T"},"650":{"desc":"L1P"},"652":{"t":"GC1"},"654":{"t":"P28B"},"655":{"t":"C172"},"656":{"t":"PA22"},"658":{"t":"ST75"},"659":{"t":"BE36"},"65A":{"t":"P28B"},"65B":{"t":"P28B"},"65C":{"t":"BE33"},"65D":{"desc":"L1P"},"65F":{"t":"P28B"},"661":{"t":"PA24"},"662":{"t":"BE33"},"664":{"t":"C150"},"665":{"t":"C175"},"666":{"t":"BE33"},"668":{"t":"P28A"},"669":{"t":"C172"},"66A":{"t":"PA30"},"66D":{"t":"J3"},"66E":{"t":"C172"},"66F":{"t":"GC1"},"671":{"t":"GC1"},"672":{"t":"GC1"},"675":{"t":"C172"},"676":{"t":"GLID"},"67D":{"desc":"L1P"},"67E":{"t":"PA34"},"67F":{"t":"P32R"},"681":{"desc":"L1P"},"682":{"t":"C310"},"683":{"t":"P28A"},"684":{"t":"PA24"},"685":{"t":"P28A"},"687":{"t":"P32R"},"688":{"t":"C175"},"689":{"t":"BE9L"},"68A":{"t":"P32R"},"68B":{"t":"P28A"},"68F":{"t":"GC1"},"690":{"t":"C172"},"692":{"t":"GC1"},"693":{"t":"P28A"},"695":{"t":"GC1"},"697":{"t":"P28A"},"698":{"t":"GC1"},"69C":{"t":"PA32"},"69D":{"desc":"L1P","t":"ULAC"},"69E":{"desc":"A1P"},"69F":{"t":"C206"},"6A0":{"t":"C77R"},"6A1":{"t":"P28A"},"6A2":{"t":"P28A"},"6A4":{"t":"C172"},"6A5":{"t":"C310"},"6A7":{"t":"P28A"},"6A8":{"t":"P28A"},"6A9":{"desc":"L1P"},"6AA":{"t":"P28A"},"6AB":{"t":"C175"},"6AD":{"desc":"L1P","t":"ULAC"},"6AF":{"t":"C172"},"6B3":{"t":"GC1"},"6B4":{"desc":"L1P"},"6B5":{"t":"GC1"},"6B6":{"t":"GC1"},"6B7":{"t":"C172"},"6B9":{"t":"GC1"},"6BA":{"t":"GC1"},"6BB":{"desc":"L1P"},"6BD":{"t":"C170"},"6BE":{"t":"P28A"},"6C1":{"t":"C172"},"6C3":{"t":"C188"},"6C4":{"t":"ULAC"},"6C5":{"desc":"L1P","t":"ULAC"},"6C6":{"t":"G164"},"6C7":{"t":"C172"},"6C8":{"t":"P28A"},"6C9":{"t":"P28A"},"6CA":{"t":"PA24"},"6CC":{"t":"P28T"},"6D2":{"t":"C172"},"6D3":{"t":"PA30"},"6D7":{"t":"C172"},"6D8":{"t":"GC1"},"6DA":{"t":"C172"},"6DB":{"t":"GC1"},"6DE":{"t":"GC1"},"6E1":{"t":"C172"},"6E7":{"t":"BE36"},"6EA":{"t":"C172"},"6EC":{"t":"P28B"},"6ED":{"desc":"G1P","t":"GYRO"},"6EE":{"t":"P28B"},"6F1":{"desc":"L1P"},"6F2":{"desc":"L1P"},"6F3":{"t":"PA32"},"6F4":{"t":"P28A"},"6F6":{"t":"PA30"},"6F9":{"t":"C172"},"6FD":{"t":"GC1"},"6FE":{"t":"C172"},"6FF":{"t":"GC1"},"701":{"t":"GC1"},"702":{"t":"BE30"},"703":{"t":"GLID"},"704":{"t":"BALL"},"705":{"t":"BE55"},"706":{"desc":"L1P"},"707":{"t":"C402"},"70A":{"t":"BE60"},"70B":{"desc":"H1T"},"70C":{"t":"BE58"},"70E":{"t":"B06"},"70F":{"desc":"H2T"},"711":{"t":"C182"},"713":{"t":"PA22"},"714":{"desc":"L1P"},"716":{"t":"C550"},"717":{"desc":"L1P","t":"TB0"},"718":{"t":"PA34"},"71D":{"t":"P28A"},"71E":{"t":"BE33"},"71F":{"t":"PA23"},"720":{"t":"CH7A"},"724":{"t":"BL8"},"725":{"desc":"L1P"},"726":{"t":"SR20"},"727":{"t":"P46T"},"728":{"t":"C175"},"72A":{"desc":"L1P"},"72E":{"desc":"L1P","t":"ULAC"},"731":{"desc":"L1P"},"732":{"desc":"L1P"},"735":{"t":"P337"},"736":{"t":"TOBA"},"737":{"t":"C510"},"738":{"desc":"L1P"},"73A":{"desc":"L1P"},"73C":{"t":"GLID"},"73D":{"t":"C82S"},"73E":{"desc":"L1P","t":"ULAC"},"740":{"t":"BE58"},"741":{"t":"C182"},"742":{"t":"PA34"},"745":{"t":"CL30"},"749":{"desc":"A1P"},"74A":{"t":"GC1"},"74C":{"desc":"L1P"},"74D":{"desc":"L1P"},"750":{"t":"BALL"},"752":{"t":"BE58"},"753":{"desc":"L1P"},"755":{"t":"P28A"},"756":{"t":"HUSK"},"757":{"desc":"L1P","t":"ULAC"},"758":{"desc":"L1P"},"759":{"t":"BE36"},"75A":{"t":"M20T"},"75B":{"desc":"L1P"},"75C":{"t":"ST75"},"75E":{"t":"BE58"},"75F":{"t":"DA40"},"760":{"t":"T210"},"763":{"t":"PC12"},"764":{"t":"S22T"},"766":{"t":"PA34"},"767":{"desc":"L1P"},"768":{"t":"C680"},"769":{"t":"C501"},"76A":{"t":"P28B"},"76B":{"t":"PA31"},"76C":{"desc":"L1P"},"770":{"desc":"L1P"},"777":{"t":"C25B"},"778":{"desc":"L1P"},"77D":{"t":"E145"},"77F":{"t":"SR20"},"780":{"t":"J3"},"782":{"desc":"L1P"},"787":{"t":"BE36"},"78A":{"t":"SR22"},"78C":{"t":"M20P"},"78E":{"t":"DA62"},"79B":{"t":"BE18"},"79C":{"t":"BE9T"},"79D":{"t":"LJ60"},"7A2":{"t":"LJ35"},"7A3":{"t":"GLF4"},"7A4":{"desc":"L1P"},"7A9":{"desc":"L1P"},"7AB":{"desc":"L1P","t":"TB0"},"7AE":{"desc":"L1P"},"7AF":{"desc":"L1P","t":"ULAC"},"7B2":{"t":"C140"},"7B3":{"t":"C510"},"7B4":{"t":"BE36"},"7B5":{"t":"BE58"},"7B6":{"t":"C182"},"7BC":{"t":"ULAC"},"7C0":{"t":"BE9L"},"7C2":{"t":"PRM1"},"7C3":{"desc":"L1P"},"7C4":{"t":"S22T"},"7CC":{"t":"TAMP"},"7CD":{"t":"BE35"},"7CE":{"desc":"L1P"},"7CF":{"t":"C72R"},"7D1":{"desc":"L1P"},"7D2":{"desc":"L1P"},"7D3":{"t":"CH7A"},"7D5":{"t":"C414"},"7D7":{"desc":"L1P"},"7DB":{"desc":"L1P"},"7DD":{"desc":"L1P"},"7DF":{"desc":"L1P"},"7E5":{"desc":"L1P"},"7E7":{"t":"T210"},"7EA":{"t":"TBM7"},"7EB":{"t":"BE20"},"7EF":{"t":"PA32"},"7F2":{"t":"GLID"},"7F3":{"desc":"A1T","t":"KODI"},"7F5":{"t":"C172"},"7F6":{"t":"BE35"},"7F9":{"desc":"L1P"},"7FD":{"t":"C140"},"7FE":{"t":"C185"},"7FF":{"t":"C182"},"800":{"t":"P28B"},"801":{"desc":"L1P"},"802":{"t":"LGEZ"},"806":{"t":"R66"},"807":{"desc":"L1P"},"808":{"t":"PA24"},"809":{"t":"PA32"},"80B":{"t":"C421"},"80E":{"t":"PA22"},"80F":{"t":"BE20"},"810":{"desc":"A1P"},"811":{"desc":"L1P"},"812":{"t":"C177"},"816":{"desc":"L1P"},"817":{"t":"GC1"},"818":{"desc":"A1P"},"81A":{"t":"PA30"},"81D":{"t":"P210"},"81E":{"t":"P28A"},"821":{"desc":"L1P"},"822":{"t":"P28A"},"824":{"t":"C182"},"827":{"t":"PAY1"},"828":{"t":"P210"},"82A":{"t":"BE20"},"82B":{"t":"PC12"},"830":{"t":"BE9L"},"836":{"t":"PC12"},"83B":{"t":"A109"},"83C":{"t":"C320"},"841":{"t":"C680"},"843":{"desc":"H4E"},"848":{"t":"FA20"},"849":{"t":"B350"},"84A":{"t":"M20P"},"84B":{"t":"PA18"},"84C":{"desc":"L1P"},"84F":{"desc":"L1P","t":"ULAC"},"850":{"t":"B06"},"852":{"t":"P32R"},"853":{"desc":"L1P"},"854":{"t":"P28A"},"855":{"t":"C441"},"859":{"desc":"L1P"},"85A":{"t":"GLID"},"85D":{"t":"PA32"},"87B":{"t":"LJ35"},"87C":{"desc":"L1P"},"87D":{"t":"C25C"},"87E":{"t":"C421"},"881":{"desc":"L1P"},"882":{"t":"PA31"},"883":{"t":"BE36"},"884":{"desc":"H1P"},"888":{"t":"C77R"},"88A":{"desc":"L1P"},"88C":{"t":"C310"},"88F":{"desc":"L1P"},"890":{"desc":"L1P"},"891":{"t":"C340"},"894":{"t":"BE58"},"895":{"t":"BALL"},"896":{"t":"C210"},"897":{"t":"BL8"},"898":{"desc":"L1P"},"899":{"t":"CL30"},"89A":{"t":"T206"},"89D":{"desc":"L1P","t":"ULAC"},"89F":{"t":"CH7B"},"8A0":{"t":"F900"},"8A3":{"t":"GLID"},"8A5":{"t":"PA32"},"8A6":{"t":"BE9L"},"8A9":{"desc":"L1P"},"8AC":{"desc":"L1P"},"8AE":{"t":"BE58"},"8AF":{"desc":"L1P"},"8B0":{"desc":"L1P"},"8B1":{"t":"BE58"},"8B2":{"t":"BE20"},"8B3":{"desc":"L1P","t":"ULAC"},"8B4":{"t":"PA34"},"8B5":{"t":"C182"},"8B7":{"t":"BE20"},"8BA":{"t":"C210"},"8BC":{"desc":"L1P"},"8BE":{"desc":"L1P"},"8C8":{"t":"BE58"},"8D3":{"t":"ULAC"},"8D6":{"t":"B350"},"8D7":{"t":"P28A"},"8DF":{"desc":"L1P"},"8E0":{"t":"BE35"},"8E8":{"desc":"L1P"},"8EB":{"t":"LJ35"},"8EC":{"desc":"L1P"},"8EE":{"t":"P210"},"8F0":{"t":"BE35"},"8F8":{"t":"C310"},"8F9":{"desc":"L1P"},"8FB":{"desc":"L1P"},"8FD":{"t":"SR22"},"8FE":{"desc":"L1P"},"8FF":{"t":"H500"},"902":{"t":"C510"},"903":{"t":"BE33"},"905":{"t":"BALL"},"907":{"t":"BE55"},"908":{"t":"BE36"},"909":{"desc":"L1P"},"90C":{"desc":"L1P"},"90E":{"t":"HUSK"},"91C":{"t":"M20P"},"91E":{"desc":"L1P"},"926":{"desc":"L1P"},"929":{"desc":"L1P"},"93D":{"t":"GLID"},"93F":{"desc":"L1P"},"94A":{"t":"C210"},"95A":{"t":"GLEX"},"95D":{"t":"GALX"},"95F":{"t":"BE36"},"961":{"t":"E135"},"962":{"t":"H25B"},"966":{"desc":"H4E"},"969":{"t":"B788"},"96E":{"t":"PA44"},"971":{"t":"A319"},"972":{"t":"DC10"},"976":{"desc":"L1T"},"977":{"t":"RV12"},"979":{"desc":"L1P"},"97A":{"t":"C560"},"97F":{"t":"R44"},"980":{"t":"C510"},"986":{"t":"B350"},"98A":{"t":"C402"},"993":{"t":"AS50"},"999":{"t":"C172"},"99B":{"t":"ULAC"},"99C":{"t":"C182"},"9A0":{"t":"PC12"},"9A7":{"t":"CL60"},"9A8":{"t":"P28A"},"9A9":{"t":"BALL"},"9B3":{"desc":"A1P"},"9B4":{"t":"B739"},"9B8":{"desc":"L1T"},"9B9":{"t":"BE58"},"9C2":{"t":"AT8T"},"9D0":{"t":"DA40"},"9D2":{"t":"F2TH"},"9D6":{"desc":"L2T"},"9DD":{"t":"A310"},"9E1":{"desc":"L1J"},"9EA":{"t":"C172"},"9EF":{"desc":"L2T"},"9F4":{"t":"H25B"},"9F5":{"t":"PA31"},"9F8":{"desc":"L1E"},"9FD":{"desc":"A1P"},"A04":{"t":"CL60"},"A07":{"t":"C25C"},"A0B":{"t":"AS50"},"A0E":{"desc":"L2T"},"A17":{"t":"PAY1"},"A19":{"desc":"L1P"},"A20":{"t":"EC30"},"A24":{"t":"R66"},"A26":{"t":"C56X"},"A2A":{"t":"T6"},"A2C":{"t":"JS32"},"A2E":{"t":"G280"},"A2F":{"t":"C172"},"A32":{"t":"PA34"},"A38":{"t":"C180"},"A3F":{"t":"H25B"},"A40":{"t":"P32R"},"A44":{"t":"BALL"},"A46":{"desc":"L2J"},"A4E":{"t":"C172"},"A4F":{"t":"C150"},"A57":{"desc":"H1T"},"A58":{"t":"BALL"},"A5B":{"t":"AS50"},"A5C":{"t":"AS50"},"A62":{"t":"C72R"},"A64":{"t":"GLF4"},"A6F":{"t":"H500"},"A70":{"t":"P28A"},"A71":{"t":"COL4"},"A73":{"t":"E170"},"A75":{"t":"C172"},"A77":{"t":"EC30"},"A78":{"t":"PA32"},"A7B":{"t":"M20P"},"A8C":{"t":"P28R"},"A90":{"t":"BE36"},"A92":{"t":"P28A"},"A95":{"t":"B738"},"A9D":{"t":"A333"},"AA0":{"desc":"H4E"},"AA1":{"desc":"L1P"},"AA7":{"t":"C25A"},"AA8":{"t":"E545"},"AA9":{"desc":"L1P"},"AAA":{"t":"H60"},"AB2":{"desc":"L1P","t":"ULAC"},"AB3":{"t":"SR22"},"AB5":{"t":"S22T"},"ABB":{"desc":"L1E"},"ACB":{"desc":"L2J"},"AD3":{"t":"BE35"},"AD5":{"desc":"L1P"},"AD7":{"t":"BE9L"},"AD9":{"t":"C182"},"ADA":{"desc":"L1P"},"ADD":{"desc":"L1P"},"ADF":{"t":"S22T"},"AE5":{"t":"SR20"},"AEC":{"t":"C320"},"AED":{"t":"C172"},"AF4":{"desc":"H1P"},"AF5":{"desc":"L1P"},"AF8":{"desc":"L1P","t":"ULAC"},"AFA":{"t":"B430"},"AFC":{"desc":"A1P"},"AFD":{"t":"C525"},"AFF":{"t":"C172"},"B05":{"t":"BE55"},"B06":{"t":"B732"},"B08":{"t":"BE30"},"B09":{"t":"E35L"},"B11":{"t":"GLF4"},"B1A":{"desc":"L1P"},"B1E":{"t":"F2TH"},"B1F":{"t":"A319"},"B38":{"desc":"L1P"},"B3C":{"t":"GLID"},"B41":{"desc":"L1P"},"B45":{"desc":"H4E"},"B50":{"t":"C182"},"B56":{"t":"EC35"},"B5D":{"desc":"L1E"},"B62":{"t":"PRM1"},"B65":{"t":"SR22"},"B74":{"desc":"L1P"},"B7F":{"t":"BALL"},"B93":{"t":"LJ60"},"BB4":{"desc":"L1P"},"BB5":{"desc":"L2T"},"BB7":{"t":"CJ6"},"BB8":{"desc":"L1P"},"BB9":{"t":"F900"},"BBE":{"t":"S108"},"BBF":{"desc":"L2T"},"BC1":{"t":"P28A"},"BC2":{"t":"PA24"},"BC5":{"t":"C150"},"BC6":{"desc":"L1P"},"BC8":{"desc":"L2T"},"BC9":{"t":"P28A"},"BCB":{"t":"PA18"},"BD3":{"t":"P32R"},"BD4":{"t":"PA34"},"BD5":{"desc":"L1P"},"BD8":{"t":"PA18"},"BD9":{"t":"C172"},"BDA":{"t":"BE33"},"BDB":{"t":"PA44"},"BE0":{"t":"BE36"},"BE4":{"t":"BALL"},"BE5":{"t":"PA24"},"BE8":{"desc":"L1P"},"BE9":{"desc":"H1P"},"BEA":{"t":"C172"},"BEC":{"t":"P28A"},"BED":{"t":"C172"},"BEE":{"t":"ULAC"},"BF3":{"t":"P32R"},"BF4":{"t":"P28A"},"BF6":{"t":"P28A"},"BF8":{"desc":"L1P"},"BF9":{"desc":"L1P"},"BFB":{"t":"C170"},"BFD":{"desc":"L1P"},"BFE":{"t":"PA18"},"C00":{"t":"C150"},"C02":{"t":"P28A"},"C04":{"t":"G164"},"C06":{"t":"C182"},"C07":{"t":"ULAC"},"C08":{"t":"PA24"},"C09":{"desc":"L1P"},"C0A":{"t":"ULAC"},"C0B":{"t":"P28A"},"C0F":{"t":"P28A"},"C11":{"t":"PA18"},"C12":{"t":"C205"},"C14":{"t":"P28A"},"C16":{"t":"P28A"},"C17":{"t":"P28A"},"C18":{"t":"B350"},"C1B":{"desc":"L1P"},"C1E":{"t":"C170"},"C1F":{"t":"C172"},"C21":{"desc":"L1P"},"C24":{"desc":"L1P"},"C25":{"t":"P28A"},"C26":{"t":"B47G"},"C28":{"t":"C172"},"C29":{"t":"C310"},"C2B":{"desc":"L1P"},"C2C":{"t":"P28A"},"C31":{"t":"P28A"},"C32":{"t":"P28A"},"C34":{"t":"PA18"},"C35":{"t":"C205"},"C36":{"t":"C140"},"C39":{"t":"C140"},"C3A":{"t":"P28A"},"C3B":{"t":"AA5"},"C3C":{"t":"P28A"},"C3E":{"desc":"L1P"},"C41":{"desc":"L1P"},"C42":{"t":"C172"},"C43":{"t":"P28A"},"C46":{"t":"C150"},"C47":{"desc":"L1P"},"C4A":{"t":"G164"},"C4B":{"t":"BE9L"},"C4C":{"t":"C182"},"C4E":{"t":"PA24"},"C50":{"t":"BE55"},"C51":{"t":"C150"},"C52":{"t":"C175"},"C53":{"t":"C172"},"C54":{"desc":"L1P"},"C55":{"t":"P28A"},"C57":{"t":"P28T"},"C58":{"t":"C205"},"C5A":{"t":"AA5"},"C5B":{"desc":"L1P"},"C5D":{"t":"C120"},"C61":{"t":"AA5"},"C62":{"t":"C140"},"C67":{"desc":"L1P"},"C68":{"t":"PA22"},"C6A":{"t":"C210"},"C6B":{"t":"P28U"},"C6C":{"t":"P28U"},"C6D":{"t":"G164"},"C6E":{"t":"C172"},"C6F":{"t":"C182"},"C71":{"t":"PA24"},"C73":{"t":"BE35"},"C74":{"desc":"H1P"},"C75":{"t":"C175"},"C77":{"t":"BE9L"},"C78":{"t":"P28A"},"C7A":{"t":"PA18"},"C7B":{"t":"P28U"},"C7C":{"t":"C140"},"C7E":{"t":"PA32"},"C7F":{"t":"P28U"},"C80":{"t":"C140"},"C81":{"t":"C140"},"C83":{"t":"C140"},"C84":{"t":"C140"},"C85":{"t":"C140"},"C8C":{"t":"C150"},"C8E":{"t":"P28U"},"C8F":{"t":"BE36"},"C91":{"desc":"L1P"},"C92":{"t":"P28B"},"C93":{"t":"BE33"},"C94":{"t":"P28B"},"C96":{"t":"P28B"},"C97":{"t":"C150"},"C9C":{"t":"C172"},"C9D":{"t":"PA18"},"C9E":{"t":"C205"},"C9F":{"t":"AA5"},"CA1":{"desc":"A1P"},"CA3":{"t":"C120"},"CA5":{"t":"C140"},"CA6":{"t":"P28B"},"CA7":{"t":"AA5"},"CAA":{"t":"C170"},"CAB":{"t":"P28B"},"CAD":{"t":"PA34"},"CAE":{"t":"M20P"},"CB1":{"desc":"L1P"},"CB4":{"t":"C172"},"CB8":{"t":"PA24"},"CB9":{"t":"PA34"},"CBA":{"t":"C150"},"CBD":{"t":"BE36"},"CBF":{"t":"PA34"},"CC0":{"t":"PA18"},"CC1":{"t":"C205"},"CC3":{"t":"C140"},"CC5":{"t":"C140"},"CC6":{"t":"C140"},"CC7":{"t":"AA5"},"CC8":{"t":"AA5"},"CC9":{"t":"C140"},"CCA":{"t":"AA5"},"CCD":{"t":"C170"},"CD2":{"t":"C150"},"CD6":{"t":"S108"},"CD8":{"t":"P28T"},"CDC":{"desc":"L2P"},"CDD":{"t":"C150"},"CDF":{"t":"C150"},"CE1":{"t":"PA32"},"CE2":{"t":"C172"},"CE6":{"desc":"L1P"},"CE8":{"t":"C140"},"CE9":{"t":"C120"},"CED":{"t":"AA5"},"CEE":{"t":"AA5"},"CEF":{"desc":"L1P"},"CF0":{"t":"C170"},"CF1":{"t":"BE35"},"CF3":{"t":"P28T"},"CF4":{"desc":"L1P"},"CF7":{"t":"UH12"},"CF9":{"t":"BE9L"},"CFA":{"t":"C172"},"CFB":{"t":"C310"},"CFF":{"t":"P28T"},"D00":{"t":"C150"},"D02":{"t":"C150"},"D04":{"t":"P28A"},"D06":{"t":"PA18"},"D07":{"t":"P28B"},"D08":{"desc":"L1P"},"D0B":{"t":"C140"},"D0C":{"t":"AA5"},"D0D":{"t":"AA5"},"D12":{"desc":"H1P"},"D13":{"t":"BE35"},"D14":{"t":"FA20"},"D15":{"t":"B788"},"D16":{"t":"BE50"},"D19":{"t":"C182"},"D1B":{"t":"C182"},"D1D":{"desc":"L1P"},"D1F":{"t":"H25B"},"D21":{"t":"AT8T"},"D24":{"t":"P28A"},"D25":{"t":"PA44"},"D2C":{"t":"L8"},"D2D":{"desc":"A1P","t":"ULAC"},"D2E":{"desc":"L2T"},"D35":{"t":"C172"},"D47":{"t":"PA31"},"D48":{"t":"SR20"},"D4A":{"t":"C56X"},"D53":{"t":"C182"},"D56":{"t":"C82S"},"D57":{"t":"C172"},"D5A":{"t":"BE58"},"D5B":{"t":"C150"},"D5E":{"desc":"L2P"},"D5F":{"t":"SR22"},"D61":{"t":"BE58"},"D62":{"t":"PC12"},"D64":{"t":"GLF4"},"D65":{"t":"GLID"},"D66":{"desc":"L1P"},"D67":{"t":"GLID"},"D68":{"t":"S22T"},"D69":{"desc":"L1P"},"D6A":{"t":"S22T"},"D6B":{"t":"BE60"},"D6E":{"t":"SR22"},"D6F":{"t":"ULAC"},"D73":{"t":"PA18"},"D76":{"t":"B739"},"D77":{"t":"ULAC"},"D78":{"t":"S22T"},"D79":{"desc":"L1P"},"D7A":{"t":"C210"},"D7C":{"desc":"L1P","t":"ULAC"},"D7F":{"desc":"L1P"},"D88":{"desc":"L1P"},"D89":{"t":"DA40"},"D8C":{"desc":"L1P"},"D8D":{"t":"SR22"},"D91":{"t":"SR22"},"D94":{"t":"A310"},"D98":{"desc":"L1P"},"D9B":{"t":"CRJ2"},"DA0":{"t":"GLID"},"DA1":{"t":"B350"},"DA6":{"desc":"L2T"},"DA9":{"t":"ST75"},"DAA":{"t":"GLF5"},"DB1":{"desc":"L1P"},"DB5":{"t":"C185"},"DB7":{"t":"AS50"},"DB9":{"t":"LJ60"},"DBA":{"t":"P32T"},"DBB":{"t":"SR22"},"DBE":{"t":"C182"},"DC2":{"t":"B350"},"DC4":{"desc":"L1P"},"DC5":{"desc":"L2T"},"DC9":{"t":"E55P"},"DCB":{"t":"C441"},"DD6":{"desc":"H1P"},"DD7":{"t":"EC30"},"DDB":{"t":"BE55"},"DDC":{"t":"C550"},"DDD":{"t":"P28B"},"DDE":{"desc":"L1P"},"DDF":{"t":"C172"},"DE5":{"t":"RV12"},"DE6":{"t":"C525"},"DE7":{"t":"S22T"},"DE9":{"desc":"H4E"},"DED":{"t":"SR22"},"DF0":{"desc":"L1P"},"DF5":{"t":"B212"},"DF6":{"desc":"L1P"},"DF7":{"t":"BE9L"},"E02":{"t":"ULAC"},"E05":{"t":"C172"},"E0D":{"t":"C172"},"E0E":{"t":"BE36"},"E0F":{"t":"BALL"},"E10":{"t":"S22T"},"E12":{"t":"PA30"},"E13":{"desc":"H2T"},"E16":{"t":"PA34"},"E18":{"t":"C182"},"E19":{"t":"PC12"},"E1B":{"t":"ULAC"},"E1E":{"t":"C208"},"E1F":{"t":"SR22"},"E21":{"t":"EC30"},"E22":{"desc":"L1P"},"E23":{"t":"BALL"},"E26":{"desc":"L1P"},"E27":{"t":"BE58"},"E29":{"t":"C310"},"E2B":{"t":"EC35"},"E2E":{"desc":"L1P"},"E30":{"t":"GLF6"},"E37":{"t":"P28R"},"E38":{"t":"CL60"},"E3F":{"t":"C310"},"E40":{"t":"C421"},"E4C":{"t":"B738"},"E54":{"t":"A333"},"E5A":{"t":"BE58"},"E5B":{"t":"PC12"},"E5D":{"t":"C82S"},"E5F":{"t":"C421"},"E61":{"desc":"L2P"},"E64":{"desc":"L1P"},"E66":{"t":"ULAC"},"E69":{"desc":"L1P","t":"ULAC"},"E6A":{"t":"BALL"},"E82":{"desc":"L2J"},"E8B":{"t":"LJ60"},"E8E":{"desc":"L1P"},"E90":{"desc":"L1P"},"E92":{"desc":"L1P"},"E93":{"desc":"L1P"},"E96":{"t":"PTS2"},"E9B":{"desc":"H1T"},"E9C":{"t":"SR22"},"E9E":{"desc":"L1P"},"EA3":{"t":"R44"},"EA5":{"t":"S22T"},"EA8":{"desc":"L1P"},"EA9":{"t":"B06"},"EAA":{"t":"M7"},"EAB":{"t":"C560"},"EAC":{"desc":"A1E"},"EB1":{"desc":"L1P"},"EB3":{"t":"SR22"},"EB4":{"t":"M20P"},"EB8":{"t":"TBM7"},"EBC":{"desc":"L1P"},"EBD":{"t":"A139"},"EBE":{"t":"BE58"},"EC0":{"t":"GLF5"},"EC5":{"t":"B733"},"EC8":{"t":"GLF6"},"ECA":{"t":"AT8T"},"ECC":{"desc":"L1P"},"ECD":{"t":"M20P"},"ECE":{"t":"H269"},"ED1":{"t":"C182"},"ED2":{"desc":"G1P"},"ED6":{"t":"A319"},"EE6":{"t":"BALL"},"EEA":{"desc":"H4E"},"EEE":{"t":"M7"},"EF5":{"t":"C551"},"EFA":{"t":"PC12"},"F07":{"desc":"L1P"},"F08":{"t":"H500"},"F09":{"desc":"H1T"},"F0A":{"desc":"L1P"},"F0B":{"t":"BE55"},"F0C":{"t":"C560"},"F10":{"desc":"L1P"},"F11":{"t":"GALX"},"F13":{"t":"SR20"},"F17":{"desc":"L1E"},"F19":{"desc":"L1P"},"F20":{"t":"T210"},"F32":{"desc":"L1P","t":"ULAC"},"F36":{"t":"PA18"},"F3D":{"t":"HUSK"},"F4C":{"t":"ULAC"},"F52":{"t":"EN28"},"F6D":{"t":"P28B"},"F6E":{"t":"P28A"},"F6F":{"t":"PA34"},"F71":{"t":"P28A"},"F75":{"t":"G164"},"F76":{"t":"C172"},"F79":{"t":"PA24"},"F7C":{"t":"C150"},"F7D":{"t":"PA34"},"F7E":{"t":"C172"},"F7F":{"t":"C188"},"F80":{"t":"P28A"},"F81":{"desc":"L2P"},"F82":{"t":"PA30"},"F85":{"desc":"L1P"},"F86":{"desc":"L1P"},"F87":{"t":"AA5"},"F88":{"t":"AA5"},"F8E":{"desc":"L1P"},"F90":{"t":"C172"},"F91":{"desc":"H1T"},"F9B":{"t":"CH7A"},"F9C":{"t":"PA34"},"F9D":{"desc":"L1P"},"F9F":{"t":"C150"},"FA0":{"t":"C175"},"FA1":{"t":"C172"},"FA4":{"t":"C172"},"FA5":{"t":"PA30"},"FA6":{"t":"C205"},"FA9":{"t":"AA5"},"FAE":{"desc":"L1P"},"FAF":{"t":"GL5T"},"FB1":{"desc":"L1P"},"FB4":{"t":"P28A"},"FBA":{"t":"P28A"},"FBD":{"t":"C310"},"FBF":{"t":"PA22"},"FC0":{"t":"P28A"},"FC1":{"t":"BE33"},"FC2":{"desc":"L1P"},"FC3":{"t":"BE33"},"FC4":{"t":"C172"},"FC6":{"t":"P28A"},"FC7":{"t":"C172"},"FC8":{"t":"PA30"},"FC9":{"t":"C205"},"FCD":{"desc":"L1P"},"FCE":{"t":"AA5"},"FD0":{"desc":"L1P"},"FD5":{"t":"C170"},"FD6":{"t":"P28A"},"FD7":{"t":"PA22"},"FD8":{"t":"PA22"},"FDA":{"t":"C150"},"FDB":{"t":"H269"},"FDC":{"t":"P28A"},"FDE":{"t":"P28A"},"FDF":{"t":"C172"},"FE0":{"t":"C310"},"FE2":{"t":"PA24"},"FE4":{"t":"P28A"},"FE5":{"t":"C150"},"FE9":{"t":"P28A"},"FEA":{"t":"P28A"},"FED":{"desc":"L1P"},"FEE":{"desc":"L1P"},"FEF":{"desc":"L1P"},"FF0":{"t":"P28A"},"FF1":{"desc":"L1P"},"FF2":{"desc":"L1P"},"FF3":{"desc":"L1P"},"FF4":{"desc":"L1P"},"FF5":{"desc":"L1P"},"FF6":{"desc":"L1P"},"FF7":{"desc":"L1P"},"FF8":{"t":"P28A"},"FF9":{"t":"C172"},"FFB":{"t":"PA22"},"FFC":{"t":"M20P"},"FFD":{"t":"P28A"}}