{"001":{"desc":"G1P"},"002":{"t":"BE50"},"005":{"t":"S22T"},"00A":{"desc":"L1P","t":"ULAC"},"00D":{"desc":"H2T"},"018":{"t":"C172"},"01C":{"desc":"H4E"},"01E":{"desc":"L1P","t":"ULAC"},"020":{"desc":"L2T","t":"DH8A"},"022":{"desc":"L1P"},"024":{"t":"C182"},"026":{"t":"C25B"},"027":{"t":"A310"},"02A":{"t":"LJ45"},"039":{"desc":"L2T"},"03C":{"t":"BE95"},"043":{"t":"P46T"},"044":{"t":"C310"},"047":{"t":"S22T"},"055":{"t":"B350"},"056":{"t":"C172"},"058":{"desc":"L2T"},"06E":{"desc":"L1P"},"06F":{"t":"E550"},"070":{"t":"T34P"},"071":{"t":"C68A"},"072":{"t":"HDJT"},"074":{"t":"B06"},"075":{"desc":"L1T","t":"PA46"},"076":{"t":"C182"},"078":{"desc":"L1P"},"07A":{"desc":"L2J"},"07C":{"t":"PA18"},"080":{"desc":"L1P"},"083":{"t":"GALX"},"089":{"t":"H60"},"08A":{"desc":"L1P"},"08B":{"t":"EA50"},"099":{"desc":"L1P"},"09C":{"t":"C172"},"0A0":{"t":"C172"},"0A1":{"t":"BE36"},"0A3":{"t":"WW24"},"0A4":{"t":"SR22"},"0A6":{"t":"EC35"},"0A7":{"t":"C172"},"0AB":{"t":"BL8"},"0AC":{"t":"M20P"},"0AE":{"t":"SR22"},"0B2":{"t":"SR22"},"0B6":{"t":"H25B"},"0B9":{"desc":"A1P","t":"ULAC"},"0BC":{"t":"S22T"},"0BF":{"t":"BE60"},"0C0":{"t":"GLF5"},"0C1":{"t":"EC30"},"0C5":{"t":"SR22"},"0CA":{"t":"P06T"},"0CB":{"t":"SS2T"},"0CD":{"desc":"L1P"},"0D2":{"t":"BE35"},"0D3":{"desc":"L1T"},"0D6":{"desc":"L1P"},"0D8":{"desc":"H4E"},"0DA":{"desc":"L1P"},"0DE":{"t":"BALL"},"0DF":{"t":"B738"},"0E0":{"t":"BALL"},"0E7":{"t":"A333"},"0EB":{"desc":"L1P"},"0EC":{"t":"AT8T"},"0EE":{"t":"S22T"},"0F5":{"t":"P28A"},"105":{"t":"AT8T"},"115":{"desc":"L2J"},"120":{"desc":"L1P"},"123":{"desc":"L1P"},"126":{"t":"SR22"},"12D":{"t":"BALL"},"131":{"desc":"L1T","t":"M600"},"132":{"t":"S22T"},"136":{"t":"GLID"},"139":{"t":"SR22"},"13A":{"t":"SR22"},"13C":{"t":"COL4"},"13E":{"t":"C560"},"140":{"t":"CRJ9"},"142":{"t":"BALL"},"144":{"t":"GLF4"},"146":{"t":"SR22"},"147":{"t":"B212"},"148":{"desc":"L1P"},"14B":{"t":"C172"},"14C":{"t":"BALL"},"14D":{"t":"B738"},"14F":{"desc":"L1P","t":"ULAC"},"151":{"desc":"L1P"},"152":{"t":"BALL"},"153":{"desc":"H4E"},"15D":{"t":"PA46"},"160":{"t":"M20P"},"164":{"t":"PC12"},"168":{"t":"BE35"},"169":{"t":"A319"},"181":{"t":"BE35"},"18F":{"t":"ULAC"},"19A":{"t":"FDCT"},"19C":{"t":"PA32"},"1A0":{"t":"E55P"},"1A1":{"t":"PC12"},"1A5":{"desc":"L1P"},"1A6":{"t":"R44"},"1AA":{"t":"PA18"},"1C1":{"desc":"L1P"},"1CC":{"desc":"L1P"},"1DA":{"t":"P32T"},"1ED":{"desc":"L1P"},"1FF":{"t":"PA32"},"201":{"t":"SR20"},"202":{"t":"PA32"},"204":{"t":"C150"},"206":{"t":"P32R"},"209":{"t":"C172"},"20B":{"t":"SR22"},"20C":{"t":"PA24"},"20D":{"t":"P32R"},"210":{"t":"C175"},"216":{"desc":"L1P"},"217":{"t":"CH7A"},"21D":{"t":"CH7A"},"21E":{"t":"CH7A"},"222":{"t":"C170"},"223":{"t":"C172"},"225":{"t":"P28A"},"22A":{"t":"P28U"},"22B":{"desc":"H1T","t":"B47G"},"22C":{"t":"C172"},"22E":{"t":"P28A"},"22F":{"t":"PA24"},"231":{"desc":"L1P"},"232":{"t":"SR20"},"234":{"t":"C172"},"236":{"t":"P28A"},"237":{"t":"P28B"},"23B":{"t":"CH7A"},"23C":{"t":"P28A"},"23D":{"t":"CH7A"},"23F":{"t":"PA27"},"240":{"t":"CH7A"},"241":{"t":"CH7A"},"242":{"t":"CH7A"},"244":{"desc":"L1P"},"245":{"t":"P28A"},"246":{"t":"C172"},"248":{"t":"BE36"},"249":{"t":"M20P"},"24A":{"t":"C150"},"24C":{"desc":"L1P"},"250":{"t":"C150"},"253":{"t":"P28A"},"254":{"t":"P28A"},"256":{"t":"SR22"},"257":{"t":"C172"},"258":{"t":"C150"},"259":{"t":"P28A"},"25E":{"desc":"L1P"},"25F":{"desc":"L1P"},"262":{"desc":"L1P"},"265":{"desc":"L1P"},"268":{"t":"C170"},"269":{"t":"C172"},"26A":{"t":"PA18"},"26B":{"t":"PA18"},"26C":{"t":"P28B"},"26D":{"t":"BE36"},"26F":{"t":"B25"},"271":{"t":"SR22"},"275":{"t":"SR20"},"277":{"t":"SR22"},"278":{"t":"P28A"},"279":{"t":"P28A"},"27A":{"t":"C172"},"27B":{"t":"SR22"},"27C":{"t":"P28A"},"27E":{"t":"P28A"},"280":{"t":"CH7A"},"281":{"t":"C206"},"282":{"desc":"L1P"},"283":{"desc":"L1P"},"287":{"desc":"L1J"},"288":{"desc":"L1P"},"28B":{"t":"C170"},"28E":{"t":"PA34"},"290":{"t":"SR22"},"294":{"t":"S108"},"295":{"t":"C172"},"298":{"t":"PA24"},"29C":{"t":"C175"},"29E":{"desc":"L1P"},"2A0":{"t":"SR22"},"2A1":{"t":"PA30"},"2A2":{"t":"P28T"},"2A3":{"t":"BE33"},"2A4":{"desc":"L1P"},"2A7":{"t":"CH7A"},"2A8":{"t":"P28U"},"2AC":{"t":"CH7A"},"2AF":{"t":"C172"},"2B0":{"t":"P28A"},"2B1":{"t":"PA18"},"2B2":{"t":"BE36"},"2B3":{"t":"C150"},"2B4":{"t":"P28A"},"2B5":{"t":"SR22"},"2B6":{"t":"PA32"},"2BA":{"t":"P32R"},"2BB":{"t":"PA24"},"2BC":{"t":"BE36"},"2BD":{"t":"P32R"},"2BE":{"t":"C150"},"2BF":{"t":"C175"},"2C4":{"t":"PA34"},"2C5":{"t":"C205"},"2C6":{"t":"CH7A"},"2C8":{"t":"CH7A"},"2CC":{"t":"CH7A"},"2D0":{"desc":"L1P"},"2D1":{"t":"CH7A"},"2D2":{"t":"P28A"},"2D4":{"t":"PA18"},"2D6":{"t":"C150"},"2D7":{"t":"BT36"},"2D9":{"t":"PA34"},"2DB":{"t":"C172"},"2DC":{"t":"C310"},"2DD":{"desc":"H1P"},"2DF":{"t":"C310"},"2E0":{"t":"BE35"},"2E1":{"t":"SR22"},"2E2":{"t":"C175"},"2E3":{"t":"PA34"},"2E5":{"t":"BE36"},"2E6":{"t":"C172"},"2E8":{"t":"C205"},"2EA":{"t":"CH7A"},"2EC":{"t":"CH7A"},"2EF":{"t":"CH7A"},"2F0":{"t":"CH7A"},"2F2":{"t":"P28A"},"2F4":{"t":"BE36"},"2F7":{"t":"P32R"},"2F9":{"t":"P28A"},"2FA":{"desc":"H1P"},"2FC":{"t":"UH1"},"2FD":{"t":"BT36"},"2FE":{"t":"C172"},"2FF":{"t":"C310"},"300":{"t":"P28A"},"301":{"t":"PA24"},"302":{"t":"C206"},"304":{"t":"C150"},"305":{"t":"C175"},"308":{"t":"P28A"},"309":{"t":"C172"},"30B":{"desc":"L1P"},"30C":{"t":"CH7A"},"30F":{"t":"P28A"},"311":{"t":"CH7A"},"314":{"t":"CH7A"},"315":{"t":"CH7A"},"317":{"t":"C170"},"318":{"t":"C172"},"319":{"t":"PA18"},"31C":{"t":"BE36"},"322":{"t":"C310"},"324":{"t":"PA24"},"325":{"t":"SR22"},"326":{"t":"SR22"},"327":{"t":"C150"},"328":{"desc":"H1P"},"329":{"t":"C150"},"32A":{"t":"SR22"},"32B":{"t":"SR22"},"32D":{"t":"PA30"},"32E":{"t":"P28B"},"330":{"t":"CH7A"},"332":{"t":"SHIP"},"335":{"t":"CH7A"},"338":{"t":"C182"},"339":{"t":"GLID"},"33A":{"t":"C170"},"33E":{"t":"M20P"},"33F":{"t":"C150"},"343":{"t":"S108"},"344":{"t":"C172"},"346":{"t":"P28A"},"347":{"t":"PA24"},"349":{"t":"BE35"},"34B":{"t":"C175"},"34C":{"t":"C172"},"34D":{"t":"C188"},"34F":{"t":"C172"},"351":{"t":"PA32"},"355":{"t":"CH7A"},"356":{"desc":"L1P"},"35A":{"t":"P32R"},"35C":{"t":"C180"},"35D":{"t":"PA22"},"35F":{"t":"R22"},"360":{"t":"P28A"},"362":{"t":"E135"},"363":{"t":"GLF4"},"367":{"t":"C175"},"36A":{"t":"B788"},"372":{"t":"A319"},"377":{"t":"BE20"},"379":{"t":"B712"},"37C":{"t":"C525"},"37E":{"t":"C25B"},"384":{"desc":"L1P"},"388":{"t":"C25C"},"38B":{"t":"H269"},"38E":{"t":"C56X"},"38F":{"t":"M5"},"390":{"t":"BE36"},"394":{"t":"AS50"},"395":{"t":"PA18"},"398":{"desc":"L1T","t":"M600"},"39D":{"t":"C182"},"3A4":{"desc":"L1P"},"3A5":{"t":"AS50"},"3A9":{"desc":"L1P"},"3AA":{"t":"BALL"},"3AB":{"t":"CH7A"},"3AE":{"desc":"L1P"},"3AF":{"t":"SR22"},"3B0":{"t":"CH7B"},"3B1":{"desc":"L1P"},"3B2":{"t":"WW24"},"3B3":{"t":"S22T"},"3B4":{"desc":"L1P"},"3B5":{"t":"B739"},"3C2":{"t":"C560"},"3C6":{"desc":"H4E"},"3CD":{"t":"LJ35"},"3D5":{"desc":"L1P","t":"ULAC"},"3DE":{"t":"A310"},"3E4":{"desc":"L1P"},"3F3":{"t":"P28A"},"3F6":{"t":"C310"},"3F7":{"desc":"L1P"},"3FB":{"desc":"H4E"},"403":{"desc":"L2J"},"404":{"t":"GLF6"},"408":{"t":"SF50"},"40C":{"t":"AT8T"},"40D":{"t":"C172"},"40F":{"t":"C525"},"410":{"desc":"H4E"},"412":{"t":"TBM7"},"414":{"t":"SR22"},"41D":{"desc":"L1P"},"425":{"desc":"L1P"},"427":{"t":"PA27"},"428":{"t":"HUSK"},"42D":{"desc":"L1P"},"433":{"t":"C414"},"436":{"t":"GLID"},"439":{"t":"HUSK"},"43E":{"t":"PA24"},"43F":{"t":"CL60"},"441":{"desc":"L1P"},"458":{"t":"BE36"},"45D":{"t":"C56X"},"45F":{"desc":"L1P"},"462":{"t":"C421"},"467":{"t":"EC35"},"46B":{"t":"EC35"},"470":{"t":"BE58"},"473":{"desc":"A2P"},"475":{"t":"GLF4"},"478":{"t":"EC30"},"479":{"t":"PA46"},"481":{"t":"BE9L"},"482":{"t":"BALL"},"485":{"t":"BE35"},"488":{"t":"C340"},"48A":{"desc":"L4J"},"48D":{"t":"P28A"},"495":{"t":"BT36"},"496":{"t":"B738"},"497":{"t":"T6"},"49E":{"t":"A333"},"4A2":{"desc":"L1P","t":"ULAC"},"4A3":{"t":"B350"},"4A5":{"t":"BALL"},"4AB":{"t":"GLID"},"4AE":{"t":"ULAC"},"4B3":{"t":"C172"},"4B4":{"t":"R44"},"4B6":{"desc":"L1P","t":"ULAC"},"4BC":{"t":"B06"},"4CC":{"desc":"L2J"},"4D5":{"t":"GLF4"},"4DE":{"t":"P28U"},"4DF":{"desc":"L1P","t":"ULAC"},"4E0":{"t":"BT36"},"4E5":{"desc":"L1P","t":"ULAC"},"4EE":{"t":"PC12"},"4F2":{"t":"SR22"},"4F7":{"t":"CRJ9"},"4F8":{"desc":"L1P"},"4FD":{"t":"SR22"},"4FE":{"t":"S76"},"4FF":{"t":"COL4"},"504":{"t":"B738"},"506":{"t":"C172"},"509":{"t":"BALL"},"512":{"t":"SR22"},"516":{"t":"P32R"},"51A":{"t":"C680"},"51C":{"t":"T6"},"520":{"t":"A319"},"52D":{"t":"B350"},"53F":{"desc":"H4E"},"551":{"t":"PRM1"},"555":{"desc":"H1P"},"563":{"t":"SR22"},"56A":{"t":"FA7X"},"583":{"t":"M5"},"59C":{"t":"C172"},"5B6":{"t":"SR22"},"5B7":{"t":"C172"},"5B8":{"t":"PA18"},"5B9":{"t":"BE36"},"5BA":{"t":"SR22"},"5BB":{"t":"P32R"},"5BC":{"t":"PA34"},"5BE":{"t":"BE20"},"5C2":{"t":"P28A"},"5C3":{"t":"PA24"},"5C4":{"t":"C170"},"5C6":{"t":"P32R"},"5C7":{"t":"C175"},"5C8":{"t":"C172"},"5CB":{"t":"C172"},"5CC":{"t":"P32R"},"5CD":{"t":"C205"},"5CE":{"t":"CH7A"},"5D1":{"t":"AC90"},"5D2":{"t":"CH7A"},"5D6":{"t":"C182"},"5D8":{"desc":"L1P"},"5DA":{"t":"C172"},"5DB":{"t":"PA18"},"5DC":{"t":"PA18"},"5DD":{"desc":"L1T"},"5DF":{"t":"SR22"},"5E2":{"desc":"L1T"},"5E3":{"t":"C172"},"5E5":{"t":"P28A"},"5E6":{"t":"SR22"},"5E7":{"t":"SR22"},"5E8":{"t":"BE35"},"5E9":{"t":"C150"},"5ED":{"t":"P28A"},"5EF":{"t":"P28A"},"5F0":{"t":"BE36"},"5F2":{"t":"CH7A"},"5F4":{"t":"P28A"},"5F5":{"t":"CH7A"},"5F7":{"t":"CH7A"},"5FB":{"desc":"L1P"},"5FC":{"t":"C170"},"5FE":{"t":"PA18"},"601":{"t":"C150"},"604":{"t":"BALL"},"605":{"t":"G164"},"608":{"t":"P28A"},"609":{"t":"P32R"},"60A":{"t":"P28A"},"60B":{"t":"BE58"},"60C":{"t":"C150"},"60E":{"t":"C172"},"60F":{"t":"C150"},"610":{"t":"P28A"},"611":{"t":"C172"},"612":{"t":"PA30"},"613":{"t":"P28A"},"614":{"t":"CH7A"},"615":{"desc":"L1P"},"617":{"desc":"L1P"},"618":{"t":"CH7A"},"61A":{"t":"P28U"},"61B":{"t":"CH7A"},"61D":{"desc":"L1P"},"620":{"t":"C172"},"621":{"t":"BE33"},"622":{"t":"PA18"},"623":{"t":"C172"},"624":{"t":"C150"},"626":{"t":"P28B"},"629":{"t":"SR20"},"62A":{"t":"SR22"},"62B":{"t":"P28A"},"62C":{"t":"PA32"},"62E":{"t":"BE36"},"633":{"t":"P28A"},"635":{"t":"PA30"},"639":{"t":"CH7A"},"63C":{"t":"CH7A"},"63E":{"t":"SR20"},"63F":{"t":"CH7A"},"641":{"desc":"L1P"},"642":{"t":"SR22"},"643":{"t":"C172"},"645":{"t":"PA18"},"647":{"t":"C150"},"649":{"t":"PA34"},"64B":{"t":"S108"},"64D":{"t":"C172"},"64F":{"t":"PA24"},"651":{"t":"PA34"},"652":{"t":"PA34"},"653":{"t":"C175"},"654":{"t":"C172"},"656":{"t":"P28A"},"657":{"t":"P28B"},"658":{"t":"PA30"},"659":{"t":"C205"},"65A":{"t":"P28A"},"65B":{"t":"P28A"},"65C":{"t":"CH7A"},"660":{"desc":"L1P"},"661":{"t":"CH7A"},"663":{"t":"P28A"},"664":{"desc":"L1P"},"665":{"t":"C170"},"666":{"t":"C172"},"667":{"t":"P28R"},"668":{"t":"PA18"},"669":{"t":"M20P"},"66C":{"t":"P28A"},"66D":{"t":"P28U"},"671":{"t":"PA32"},"672":{"t":"PA24"},"673":{"t":"C340"},"674":{"t":"BE55"},"675":{"t":"C150"},"676":{"t":"C175"},"677":{"t":"C172"},"678":{"t":"C150"},"67A":{"t":"C172"},"682":{"t":"CH7A"},"683":{"t":"P32R"},"684":{"t":"CH7A"},"685":{"t":"CH7A"},"686":{"t":"CH7A"},"687":{"desc":"L1P"},"688":{"t":"C170"},"68A":{"t":"PA18"},"68B":{"t":"PA18"},"690":{"desc":"L1P"},"692":{"t":"C172"},"695":{"t":"PA24"},"697":{"t":"BE33"},"698":{"t":"B06"},"699":{"desc":"L1P"},"69B":{"desc":"H1P"},"69D":{"t":"C172"},"69E":{"t":"PA30"},"69F":{"desc":"H1P"},"6A0":{"t":"CH7A"},"6A5":{"t":"P28U"},"6A9":{"desc":"L1P"},"6AC":{"desc":"H1P"},"6AE":{"t":"PA18"},"6B0":{"t":"C150"},"6B2":{"t":"P28A"},"6B5":{"t":"C172"},"6B6":{"t":"C310"},"6B7":{"t":"P28A"},"6BC":{"t":"C175"},"6BF":{"t":"P28A"},"6C0":{"t":"C172"},"6C1":{"t":"P32T"},"6C2":{"t":"C205"},"6C4":{"t":"P28A"},"6C5":{"t":"C172"},"6C7":{"t":"PA32"},"6C8":{"t":"C172"},"6C9":{"t":"P28U"},"6CA":{"t":"CH7A"},"6CB":{"t":"P28U"},"6CD":{"t":"GLID"},"6CE":{"t":"CH7A"},"6D4":{"desc":"L1P"},"6D5":{"t":"UH12"},"6D8":{"t":"C172"},"6DD":{"t":"BE36"},"6DF":{"t":"C175"},"6E3":{"t":"C172"},"6E4":{"t":"P32R"},"6E5":{"t":"C205"},"6E6":{"t":"CH7A"},"6E8":{"t":"CH7A"},"6ED":{"t":"CH7A"},"6EF":{"t":"CH7A"},"6F0":{"desc":"L1P"},"6F1":{"t":"P28B"},"6F2":{"t":"C172"},"6F4":{"t":"C77R"},"6F7":{"t":"P28A"},"6F8":{"t":"P28A"},"6FA":{"t":"S108"},"6FB":{"t":"C172"},"6FD":{"t":"P28A"},"6FF":{"t":"C310"},"701":{"t":"C150"},"702":{"t":"C175"},"705":{"t":"P28A"},"706":{"t":"P28A"},"708":{"t":"PA32"},"709":{"t":"CH7A"},"70B":{"t":"CH7A"},"70E":{"t":"P32R"},"713":{"t":"C150"},"716":{"t":"SR22"},"717":{"t":"CL60"},"719":{"t":"E135"},"71A":{"t":"CL60"},"71B":{"t":"B350"},"71C":{"t":"PA32"},"71D":{"t":"AT8T"},"71E":{"t":"C421"},"71F":{"t":"B788"},"720":{"t":"GLID"},"721":{"t":"C402"},"722":{"desc":"L1P"},"724":{"t":"C182"},"728":{"desc":"L2J","t":"A20N"},"729":{"t":"A319"},"72E":{"t":"GLF4"},"72F":{"desc":"L1P"},"730":{"desc":"L1P","t":"ULAC"},"731":{"t":"LJ45"},"732":{"t":"C414"},"733":{"t":"C560"},"734":{"desc":"L1P"},"735":{"t":"F2TH"},"737":{"t":"GLF4"},"738":{"t":"C56X"},"73D":{"t":"PA31"},"73E":{"desc":"L1P"},"747":{"t":"GA5C"},"749":{"t":"PA27"},"74A":{"t":"P28A"},"751":{"desc":"G1P"},"754":{"t":"C182"},"756":{"t":"BE40"},"757":{"desc":"L1P"},"760":{"t":"B739"},"761":{"t":"BE36"},"762":{"desc":"L1P"},"764":{"t":"C650"},"765":{"t":"GLID"},"767":{"t":"C421"},"769":{"desc":"A1P"},"76A":{"t":"SR22"},"76C":{"desc":"L1P"},"76F":{"t":"SR20"},"770":{"desc":"L1P"},"772":{"t":"C82S"},"773":{"t":"P28A"},"778":{"desc":"L1P","t":"ULAC"},"779":{"desc":"H6E"},"77A":{"t":"AT8T"},"77B":{"t":"GLF3"},"786":{"t":"C172"},"789":{"desc":"A1P"},"790":{"t":"H25B"},"791":{"desc":"L1P"},"794":{"t":"C525"},"7A6":{"t":"BE20"},"7AA":{"t":"GLF4"},"7AB":{"t":"GLID"},"7AD":{"t":"GLF4"},"7B6":{"t":"SR22"},"7BA":{"desc":"L1P"},"7BB":{"desc":"L1P"},"7BC":{"t":"GLID"},"7C3":{"t":"C182"},"7C6":{"desc":"L1P"},"7C7":{"desc":"H1T"},"7C8":{"t":"P28A"},"7CD":{"t":"GLF5"},"7CE":{"t":"BE20"},"7D1":{"desc":"L1P"},"7D3":{"t":"E35L"},"7DC":{"t":"BE33"},"7DD":{"t":"C56X"},"7E4":{"t":"WW24"},"7E6":{"t":"GLID"},"7EA":{"t":"PA46"},"7EC":{"desc":"H1P"},"7ED":{"desc":"L1P"},"7EE":{"t":"GLID"},"7F1":{"t":"GALX"},"7F5":{"desc":"L1P"},"7F6":{"t":"C82S"},"7F7":{"t":"H60"},"7F8":{"t":"CL30"},"7F9":{"desc":"L1P"},"7FA":{"t":"GLF4"},"7FB":{"t":"FA50"},"806":{"t":"C172"},"807":{"t":"BE60"},"80F":{"t":"BE36"},"810":{"t":"BALL"},"812":{"t":"H25B"},"813":{"desc":"L1P"},"814":{"t":"GLF5"},"815":{"desc":"L4J"},"818":{"t":"GLF5"},"819":{"t":"SF50"},"81A":{"t":"S22T"},"820":{"t":"SR22"},"824":{"t":"H25B"},"827":{"t":"NAVI"},"829":{"t":"GLID"},"82B":{"t":"E170"},"82C":{"t":"GLF4"},"82D":{"t":"C680"},"82E":{"t":"T210"},"82F":{"t":"EC30"},"830":{"t":"PA23"},"832":{"t":"C150"},"838":{"desc":"H4E"},"839":{"t":"EC35"},"840":{"t":"R66"},"841":{"desc":"L1P"},"848":{"t":"B752"},"84D":{"t":"B738"},"855":{"t":"A333"},"856":{"t":"CL30"},"859":{"t":"BE36"},"85A":{"desc":"L1P"},"85B":{"desc":"H1P"},"85C":{"t":"P210"},"862":{"t":"Y18T"},"864":{"t":"C425"},"867":{"desc":"L1P"},"869":{"t":"BE36"},"86B":{"t":"R66"},"86E":{"t":"BE58"},"883":{"desc":"L2J"},"88B":{"t":"PA18"},"88C":{"t":"PC12"},"88D":{"desc":"L1P"},"88E":{"t":"CL30"},"88F":{"desc":"L1P"},"891":{"t":"GLF5"},"892":{"t":"ULAC"},"894":{"t":"C550"},"896":{"t":"B06"},"897":{"t":"BE55"},"898":{"t":"SR20"},"899":{"t":"E55P"},"89B":{"t":"BE36"},"89C":{"t":"GLID"},"89D":{"desc":"L1P"},"89E":{"t":"C560"},"89F":{"desc":"L1P"},"8A4":{"t":"BE35"},"8A5":{"t":"AT8T"},"8A6":{"t":"C25B"},"8A7":{"t":"H500"},"8A9":{"t":"C650"},"8AA":{"t":"PAY1"},"8AC":{"t":"C560"},"8AD":{"desc":"L1T"},"8AE":{"desc":"L1P"},"8B0":{"t":"C82S"},"8B2":{"t":"C172"},"8B5":{"t":"GLF5"},"8B6":{"t":"GLID"},"8BB":{"t":"B738"},"8BD":{"t":"C152"},"8BE":{"t":"PA18"},"8BF":{"t":"S22T"},"8C2":{"desc":"L2P"},"8C3":{"t":"P28A"},"8C5":{"t":"F900"},"8C6":{"t":"GLF3"},"8C7":{"t":"C421"},"8CD":{"desc":"L1P"},"8CE":{"t":"GLF4"},"8CF":{"t":"GLID"},"8D3":{"t":"BALL"},"8D7":{"t":"A319"},"8EF":{"t":"S76"},"8F1":{"t":"GLF3"},"8F2":{"desc":"L1P"},"8FB":{"t":"PA22"},"8FD":{"desc":"L1P","t":"ULAC"},"908":{"desc":"L1P"},"909":{"t":"GLID"},"90A":{"t":"ASTR"},"90B":{"t":"PA18"},"90C":{"t":"BL8"},"90E":{"t":"CL30"},"90F":{"t":"R66"},"914":{"desc":"L1P"},"91A":{"desc":"L1P"},"91D":{"desc":"L1P"},"921":{"t":"C421"},"924":{"t":"GLID"},"92E":{"desc":"L1P"},"931":{"t":"R66"},"93A":{"t":"PA30"},"940":{"t":"RV12"},"943":{"desc":"L1P"},"953":{"desc":"L1P"},"96C":{"t":"C180"},"96D":{"t":"C170"},"96E":{"t":"C172"},"96F":{"t":"PA18"},"970":{"t":"P32R"},"972":{"t":"P32R"},"974":{"t":"UH12"},"977":{"t":"C172"},"97A":{"t":"PA24"},"97B":{"desc":"A1P"},"97D":{"t":"P28A"},"981":{"t":"P28A"},"983":{"t":"PA30"},"984":{"t":"C205"},"985":{"t":"CH7A"},"988":{"t":"CH7A"},"989":{"t":"CH7A"},"98E":{"t":"P28A"},"98F":{"desc":"L1P"},"991":{"t":"C172"},"992":{"t":"CJ6"},"993":{"t":"PA18"},"996":{"t":"C421"},"997":{"t":"P28B"},"998":{"desc":"L1P"},"99C":{"t":"P28A"},"99D":{"t":"PA24"},"9A0":{"t":"C150"},"9A1":{"t":"C175"},"9A2":{"t":"C172"},"9A3":{"t":"BE36"},"9A5":{"t":"P28A"},"9A6":{"t":"PA30"},"9A8":{"t":"CH7A"},"9AB":{"t":"CH7A"},"9AF":{"t":"CJ6"},"9B1":{"desc":"L1P"},"9B4":{"desc":"L1P"},"9B5":{"desc":"L1P"},"9B7":{"t":"C172"},"9B9":{"desc":"L1P"},"9BE":{"t":"P28T"},"9BF":{"t":"P28A"},"9C0":{"t":"PA24"},"9C1":{"t":"P28T"},"9C4":{"t":"T206"},"9C5":{"t":"C172"},"9C7":{"t":"P28A"},"9CA":{"t":"C205"},"9CB":{"desc":"L2T"},"9CE":{"t":"CH7A"},"9CF":{"t":"CH7A"},"9D0":{"t":"CH7A"},"9D1":{"t":"BALL"},"9D2":{"desc":"L1J"},"9D4":{"t":"CH7A"},"9D6":{"t":"C170"},"9D8":{"t":"PA18"},"9D9":{"t":"PA18"},"9DA":{"t":"BE36"},"9DB":{"t":"C150"},"9DF":{"desc":"L1P"},"9E0":{"t":"J3"},"9E1":{"t":"T210"},"9E2":{"t":"P28A"},"9E5":{"t":"BE35"},"9E6":{"desc":"L1P"},"9E7":{"t":"C175"},"9E8":{"t":"C172"},"9EA":{"t":"P28A"},"9EB":{"t":"P28B"},"9ED":{"t":"P28T"},"9EE":{"desc":"L1P"},"9F2":{"t":"CH7A"},"9F3":{"t":"PA34"},"9F4":{"t":"CH7A"},"9F5":{"t":"PA34"},"9F8":{"desc":"L1P"},"9FA":{"t":"C172"},"9FB":{"t":"P28R"},"9FF":{"t":"C172"},"A00":{"t":"P32R"},"A03":{"t":"C172"},"A04":{"t":"C310"},"A05":{"t":"BE36"},"A07":{"t":"C310"},"A0A":{"t":"C175"},"A0D":{"t":"P28A"},"A0E":{"t":"P28B"},"A12":{"t":"CH7A"},"A14":{"t":"P28A"},"A15":{"t":"PA32"},"A1B":{"desc":"L1P"},"A1C":{"desc":"L1P"},"A1E":{"t":"PA32"},"A20":{"t":"P28T"},"A22":{"t":"C182"},"A24":{"desc":"H1T","t":"B47G"},"A28":{"t":"P28A"},"A2A":{"t":"C206"},"A2B":{"t":"BE36"},"A2C":{"t":"C150"},"A2D":{"t":"PA32"},"A2F":{"t":"C150"},"A30":{"t":"PA32"},"A32":{"t":"PA32"},"A33":{"t":"C205"},"A34":{"t":"P32R"},"A36":{"desc":"L1P"},"A37":{"t":"PA32"},"A38":{"t":"T6"},"A39":{"t":"CH7A"},"A3A":{"t":"CH7A"},"A3C":{"t":"PA32"},"A40":{"t":"C172"},"A41":{"t":"PA18"},"A42":{"t":"P32R"},"A44":{"t":"P32R"},"A48":{"t":"PA25"},"A4A":{"t":"PA34"},"A4B":{"t":"P28A"},"A4E":{"t":"PA34"},"A4F":{"t":"GLID"},"A50":{"t":"C175"},"A51":{"t":"C172"},"A53":{"t":"P28A"},"A55":{"t":"PA30"},"A56":{"t":"C205"},"A5C":{"desc":"L1P"},"A5D":{"t":"P28A"},"A5E":{"t":"CH7A"},"A5F":{"t":"CH7A"},"A63":{"t":"C172"},"A65":{"t":"PA18"},"A67":{"t":"C150"},"A69":{"t":"PA44"},"A6D":{"t":"C182"},"A6F":{"t":"PA24"},"A71":{"t":"BE35"},"A72":{"t":"C150"},"A73":{"t":"C175"},"A75":{"t":"C150"},"A77":{"t":"P28A"},"A78":{"t":"PA30"},"A7A":{"t":"CH7A"},"A7F":{"t":"CH7A"},"A80":{"t":"P28A"},"A81":{"t":"P32R"},"A82":{"t":"CH7A"},"A87":{"t":"PA18"},"A8D":{"t":"P32R"},"A8E":{"desc":"L1P"},"A90":{"t":"P32R"},"A92":{"t":"PA24"},"A93":{"t":"C310"},"A95":{"t":"PA44"},"A96":{"t":"P32R"},"A99":{"t":"P28A"},"A9A":{"t":"PA34"},"A9B":{"t":"PA30"},"A9C":{"t":"C205"},"A9E":{"t":"CH7A"},"AA3":{"t":"CH7A"},"AA4":{"t":"CH7A"},"AA5":{"t":"P28A"},"AA6":{"t":"CH7A"},"AA8":{"t":"C170"},"AAB":{"t":"PA18"},"AAD":{"t":"C150"},"AAE":{"t":"C182"},"AB1":{"t":"S108"},"AB7":{"t":"BE33"},"AB8":{"t":"P28A"},"ABC":{"t":"P28A"},"ABD":{"t":"C172"},"ABF":{"t":"C205"},"AC1":{"t":"P28A"},"AC2":{"t":"P28A"},"AC4":{"t":"P28A"},"AC8":{"t":"P28T"},"ACA":{"t":"PA18"},"AD0":{"t":"E135"},"AD5":{"desc":"L1P"},"AD7":{"desc":"L2J"},"AD8":{"t":"B788"},"AD9":{"desc":"L2J","t":"GALX"},"AE0":{"t":"A319"},"AE1":{"t":"B772"},"AE2":{"t":"CRJ2"},"AE4":{"t":"BE35"},"AE5":{"t":"BE19"},"AE6":{"t":"C208"},"AF6":{"desc":"L1P","t":"ULAC"},"AFD":{"desc":"L1P"},"AFE":{"t":"A332"},"B00":{"t":"M20T"},"B01":{"t":"SR20"},"B03":{"t":"C172"},"B07":{"desc":"L1P"},"B09":{"t":"C172"},"B0B":{"t":"C182"},"B0F":{"t":"FDCT"},"B11":{"desc":"L1P"},"B12":{"t":"C25B"},"B19":{"desc":"L1P"},"B1F":{"desc":"L1P"},"B20":{"t":"BT36"},"B23":{"t":"B739"},"B27":{"desc":"L1P"},"B2B":{"desc":"L1P"},"B2C":{"t":"B752"},"B34":{"t":"B350"},"B39":{"t":"C550"},"B5E":{"desc":"L2T"},"B69":{"desc":"L1P"},"B70":{"desc":"L1P","t":"ULAC"},"B76":{"desc":"L1P"},"B81":{"desc":"H4E"},"B88":{"t":"HUSK"},"B94":{"t":"A139"},"B95":{"t":"PA22"},"B97":{"desc":"A1P"},"B99":{"desc":"H1P"},"B9B":{"desc":"H1P"},"B9D":{"desc":"L1P"},"B9E":{"t":"ULAC"},"BA3":{"t":"CL30"},"BA4":{"t":"P28A"},"BA8":{"t":"G280"},"BAC":{"desc":"L1P"},"BAD":{"t":"AT3T"},"BAE":{"t":"H60"},"BB6":{"desc":"H6E"},"BB8":{"t":"C208"},"BBC":{"t":"C550"},"BBD":{"t":"C172"},"BC6":{"t":"BE36"},"BC7":{"t":"BE36"},"BCB":{"t":"EC35"},"BD1":{"t":"TBM7"},"BDE":{"t":"BE58"},"BDF":{"t":"P46T"},"BE1":{"t":"BE55"},"BE2":{"t":"E170"},"BE3":{"t":"RV12"},"BE6":{"t":"BE9L"},"BEA":{"t":"BE55"},"BF3":{"desc":"L1P"},"BFC":{"desc":"L1P"},"C04":{"t":"B738"},"C0C":{"t":"A333"},"C10":{"desc":"L1P"},"C11":{"t":"P28A"},"C20":{"desc":"L1P"},"C21":{"t":"C182"},"C22":{"desc":"H4E"},"C2F":{"desc":"H4E"},"C3A":{"desc":"L2J"},"C43":{"t":"C421"},"C4A":{"desc":"L1P","t":"ULAC"},"C4B":{"t":"BALL"},"C4C":{"t":"PA34"},"C4D":{"desc":"L1T","t":"M600"},"C53":{"t":"CL30"},"C54":{"desc":"L1P"},"C56":{"desc":"L1P"},"C5B":{"desc":"L1P"},"C5C":{"t":"PC12"},"C5D":{"t":"P32T"},"C5E":{"t":"C550"},"C67":{"t":"M20P"},"C69":{"desc":"A1P","t":"ULAC"},"C6B":{"desc":"L1P"},"C6C":{"t":"GLF4"},"C70":{"t":"PAY1"},"C71":{"desc":"H2T"},"C72":{"t":"B738"},"C74":{"t":"BE35"},"C75":{"t":"C82S"},"C7A":{"t":"SR20"},"C7B":{"desc":"H1P"},"C84":{"t":"PA18"},"C86":{"t":"R22"},"C8A":{"t":"AS50"},"C8E":{"t":"A319"},"C94":{"t":"GLID"},"CAB":{"t":"GALX"},"CB0":{"desc":"L1P"},"CB7":{"t":"SR20"},"CBF":{"t":"PA18"},"CC1":{"desc":"L1P"},"CC3":{"desc":"L1P"},"CC5":{"desc":"L1P"},"CD4":{"desc":"L1P"},"CD8":{"t":"S22T"},"CFB":{"desc":"L1P"},"D25":{"desc":"L2P"},"D27":{"t":"PA18"},"D2A":{"t":"BE36"},"D2B":{"t":"C180"},"D2E":{"t":"C172"},"D34":{"t":"PA34"},"D35":{"t":"C175"},"D38":{"t":"P28A"},"D3A":{"desc":"L1P"},"D3C":{"t":"CH7A"},"D3F":{"t":"CH7A"},"D49":{"t":"PA20"},"D4A":{"t":"PA18"},"D4B":{"t":"C172"},"D4C":{"t":"C150"},"D4D":{"t":"C182"},"D4E":{"t":"P32R"},"D4F":{"t":"BALL"},"D50":{"t":"BE36"},"D51":{"t":"PA34"},"D52":{"t":"C310"},"D54":{"t":"PA24"},"D56":{"t":"BE35"},"D57":{"t":"C150"},"D58":{"t":"C175"},"D59":{"t":"C172"},"D5A":{"desc":"L1P"},"D5C":{"t":"P28A"},"D5F":{"t":"CH7A"},"D61":{"t":"PA32"},"D62":{"t":"CH7A"},"D65":{"t":"P28A"},"D68":{"t":"P28A"},"D6B":{"t":"C172"},"D6C":{"t":"PA18"},"D6D":{"t":"PA18"},"D6E":{"t":"C185"},"D71":{"t":"PA32"},"D73":{"t":"S108"},"D74":{"t":"C172"},"D76":{"t":"P28A"},"D77":{"t":"PA24"},"D78":{"t":"PA32"},"D79":{"t":"BE36"},"D7B":{"t":"C175"},"D7C":{"t":"C172"},"D7E":{"t":"P28A"},"D7F":{"t":"C172"},"D80":{"t":"PA30"},"D82":{"t":"CH7A"},"D86":{"t":"CH7A"},"D87":{"t":"CH7A"},"D88":{"desc":"L1P"},"D89":{"t":"CH7A"},"D8A":{"t":"CH7A"},"D8D":{"t":"C170"},"D92":{"t":"C150"},"D97":{"t":"C172"},"D99":{"t":"PA32"},"D9A":{"t":"PA24"},"D9D":{"t":"C150"},"D9E":{"t":"C175"},"D9F":{"t":"C150"},"DA1":{"t":"P28A"},"DA2":{"t":"C172"},"DA4":{"t":"P32R"},"DA5":{"t":"CH7A"},"DA8":{"t":"CH7A"},"DAA":{"t":"CH7A"},"DAB":{"t":"P32R"},"DAE":{"t":"CH7A"},"DB0":{"t":"C170"},"DB1":{"t":"C172"},"DB2":{"t":"PA22"},"DB3":{"t":"PA18"},"DB4":{"t":"PA32"},"DB8":{"t":"P28A"},"DB9":{"t":"P32R"},"DBA":{"t":"C172"},"DBF":{"t":"BE55"},"DC2":{"t":"C172"},"DC5":{"t":"AR11"},"DCD":{"t":"CH7A"},"DCE":{"t":"CH7A"},"DD0":{"t":"CH7A"},"DD3":{"t":"PA18"},"DD6":{"t":"PA18"},"DD7":{"t":"P28A"},"DDA":{"t":"B25"},"DDB":{"t":"BE36"},"DDE":{"t":"C310"},"DE0":{"t":"PA24"},"DE1":{"t":"C414"},"DE3":{"t":"C150"},"DE5":{"t":"PA34"},"DE6":{"t":"C150"},"DE7":{"t":"P28A"},"DE9":{"t":"P28A"},"DEB":{"t":"ULAC"},"DF0":{"desc":"L1P"},"DF1":{"t":"P28A"},"DF5":{"desc":"L1P"},"DF6":{"t":"C170"},"DF8":{"t":"PA22"},"DF9":{"t":"PA18"},"E00":{"t":"C172"},"E01":{"t":"C182"},"E02":{"t":"P28A"},"E03":{"t":"PA24"},"E05":{"t":"BE55"},"E07":{"t":"C175"},"E08":{"desc":"L1P"},"E0A":{"t":"P28A"},"E0B":{"t":"C172"},"E0D":{"t":"C205"},"E10":{"desc":"L1P"},"E11":{"t":"C150"},"E14":{"t":"CH7A"},"E15":{"t":"CH7A"},"E17":{"t":"CH7A"},"E1A":{"t":"C172"},"E1E":{"t":"C150"},"E1F":{"t":"C182"},"E20":{"t":"P32T"},"E22":{"t":"G164"},"E23":{"t":"P32R"},"E26":{"t":"PA32"},"E28":{"t":"BE55"},"E2D":{"t":"P32R"},"E2F":{"t":"PA30"},"E32":{"t":"CH7A"},"E33":{"t":"P28A"},"E34":{"desc":"L1P"},"E36":{"t":"CH7A"},"E38":{"t":"P28A"},"E3A":{"t":"CH7A"},"E3C":{"desc":"L1P"},"E3D":{"t":"BE33"},"E3E":{"t":"PA22"},"E41":{"t":"C150"},"E42":{"t":"C206"},"E45":{"t":"S108"},"E47":{"t":"BE36"},"E48":{"t":"P28A"},"E4B":{"t":"C172"},"E4C":{"t":"C150"},"E4D":{"t":"BE33"},"E4E":{"t":"C172"},"E4F":{"t":"P28A"},"E50":{"t":"P28A"},"E52":{"t":"PA30"},"E53":{"t":"P28A"},"E55":{"t":"P28A"},"E57":{"t":"CH7A"},"E59":{"t":"CH7A"},"E5A":{"t":"CH7A"},"E5C":{"t":"P28A"},"E5D":{"t":"CH7A"},"E5F":{"t":"C170"},"E60":{"t":"C172"},"E61":{"t":"PA22"},"E62":{"desc":"L1P"},"E67":{"desc":"H2T"},"E6D":{"t":"C182"},"E73":{"desc":"L1P"},"E75":{"t":"PA32"},"E76":{"t":"C205"},"E77":{"t":"CH7A"},"E78":{"t":"PA32"},"E80":{"desc":"L1P"},"E82":{"t":"GLF6"},"E84":{"desc":"L1P"},"E85":{"t":"CH7A"},"E86":{"t":"C182"},"E87":{"t":"C525"},"E88":{"desc":"L2T"},"E89":{"t":"M20P"},"E8B":{"t":"C501"},"E8C":{"desc":"L1P"},"E8E":{"desc":"L1P"},"E8F":{"desc":"L1P"},"E93":{"desc":"L1P","t":"ULAC"},"E94":{"t":"ULAC"},"E96":{"desc":"L1P","t":"TB0"},"E97":{"t":"C414"},"E9A":{"desc":"L1P"},"E9B":{"t":"BE36"},"E9C":{"t":"C182"},"E9D":{"t":"C25A"},"EA0":{"t":"PA18"},"EA1":{"t":"BE36"},"EA2":{"t":"C182"},"EA3":{"t":"H60"},"EA4":{"desc":"L1P"},"EA6":{"t":"PA27"},"EA7":{"desc":"L1P"},"EA9":{"desc":"L1P"},"EAD":{"desc":"L1P"},"EAE":{"t":"F900"},"EB0":{"desc":"L1P"},"EB3":{"t":"P28A"},"EB4":{"desc":"L1P"},"EB5":{"t":"F900"},"EB6":{"t":"CH7A"},"EB7":{"t":"C182"},"EB9":{"desc":"L1P"},"EBA":{"t":"BE55"},"EBB":{"desc":"L1P"},"EBC":{"desc":"L1P"},"EBE":{"t":"BE36"},"EBF":{"desc":"L1P"},"EC1":{"t":"CL60"},"EC3":{"desc":"L1P"},"EC4":{"t":"GLF2"},"EC5":{"desc":"L1P"},"EC6":{"t":"C182"},"EC8":{"t":"AEST"},"EC9":{"t":"G280"},"ECA":{"desc":"L1T"},"ECC":{"desc":"L1P"},"ECE":{"t":"C414"},"ECF":{"t":"SR22"},"ED0":{"desc":"L1P"},"ED1":{"t":"GLID"},"ED3":{"t":"PA32"},"ED5":{"t":"S22T"},"ED7":{"desc":"L1P"},"ED8":{"desc":"L1P"},"ED9":{"desc":"L1P"},"EE0":{"t":"E50P"},"EE3":{"desc":"L1P"},"EE5":{"t":"C182"},"EE6":{"t":"P337"},"EE8":{"t":"P32T"},"EE9":{"t":"BE60"},"EEA":{"t":"C150"},"EEF":{"t":"AA5"},"EF0":{"desc":"L1P"},"EF2":{"t":"GLEX"},"EF4":{"t":"C172"},"EF6":{"t":"C82R"},"EFE":{"desc":"L1P"},"EFF":{"t":"B06"},"F05":{"desc":"L1P"},"F07":{"desc":"L1P"},"F0A":{"t":"C182"},"F0B":{"desc":"L1P"},"F11":{"t":"T28"},"F12":{"desc":"H8E"},"F14":{"t":"C82S"},"F19":{"desc":"L1P"},"F1A":{"t":"C340"},"F1B":{"desc":"L1P"},"F20":{"desc":"L1P"},"F21":{"desc":"L1P"},"F22":{"desc":"L1P"},"F23":{"t":"C414"},"F24":{"desc":"A1P"},"F28":{"desc":"L1P"},"F2A":{"t":"C56X"},"F2C":{"desc":"L1P"},"F2D":{"desc":"H4E"},"F2E":{"desc":"L1P","t":"ULAC"},"F31":{"desc":"L1P"},"F32":{"t":"C177"},"F33":{"desc":"L1P"},"F34":{"t":"BE35"},"F35":{"t":"F900"},"F36":{"t":"C56X"},"F39":{"t":"ASTR"},"F3B":{"desc":"A1T","t":"KODI"},"F3D":{"t":"HDJT"},"F41":{"t":"PC12"},"F42":{"t":"C182"},"F48":{"t":"HUSK"},"F4A":{"desc":"L1P"},"F4B":{"t":"RV12"},"F4C":{"desc":"L1P"},"F4E":{"t":"C182"},"F51":{"t":"BE55"},"F53":{"t":"P28U"},"F54":{"t":"LJ45"},"F57":{"desc":"L1P"},"F58":{"desc":"L1P"},"F5C":{"t":"BE35"},"F5F":{"t":"C180"},"F63":{"desc":"L1P"},"F64":{"t":"C25C"},"F65":{"desc":"L1P"},"F66":{"t":"C182"},"F67":{"t":"BL8"},"F6A":{"t":"C82S"},"F6E":{"t":"M20P"},"F6F":{"desc":"L1P"},"F78":{"t":"C56X"},"F7A":{"t":"C182"},"F7C":{"t":"CH7A"},"F7D":{"t":"C182"},"F7E":{"t":"BE58"},"F7F":{"desc":"L1P","t":"ULAC"},"F80":{"t":"C25C"},"F81":{"t":"C182"},"F82":{"desc":"H2T"},"F83":{"t":"PA18"},"F84":{"desc":"L2T"},"F86":{"desc":"A1P"},"F87":{"t":"PA46"},"F88":{"desc":"L1P"},"F89":{"desc":"L1P"},"F8C":{"desc":"A1P"},"F8D":{"desc":"L1P"},"F8E":{"t":"C172"},"F91":{"t":"C206"},"F95":{"t":"BE95"},"F96":{"t":"TBM7"},"F97":{"t":"PA18"},"F99":{"t":"AS65"},"F9A":{"t":"C182"},"F9B":{"t":"F900"},"F9C":{"t":"C337"},"F9E":{"t":"BE95"},"F9F":{"desc":"L1P"},"FA0":{"t":"C550"},"FA1":{"t":"B407"},"FA2":{"t":"C172"},"FA3":{"desc":"L1P"},"FA6":{"t":"BE35"},"FA7":{"desc":"L1P"},"FA9":{"t":"SR22"},"FAA":{"desc":"L1P"},"FAE":{"t":"C182"},"FAF":{"t":"C182"},"FB0":{"desc":"L1P"},"FB2":{"desc":"L1P"},"FB4":{"t":"HUSK"},"FB5":{"t":"PC12"},"FBC":{"desc":"L1P"},"FC2":{"desc":"H4E"},"FC4":{"desc":"L1T","t":"M600"},"FC7":{"t":"E55P"},"FC8":{"t":"C182"},"FC9":{"desc":"L1P"},"FCA":{"t":"C82S"},"FCB":{"desc":"L1P"},"FCE":{"t":"PAY3"},"FCF":{"desc":"L1P"},"FD2":{"t":"HUSK"},"FD3":{"t":"AA5"},"FD4":{"t":"BALL"},"FD5":{"desc":"L1P","t":"ULAC"},"FD8":{"t":"GLID"},"FDB":{"t":"EC20"},"FDC":{"desc":"L1P"},"FE4":{"t":"BE40"},"FF9":{"desc":"L1P"},"FFA":{"t":"PA18"},"FFC":{"desc":"L1P"},"FFD":{"desc":"L1P"},"FFE":{"t":"ERCO"}}