{"004":{"t":"P32R"},"005":{"desc":"L1P"},"00A":{"t":"CL60"},"00C":{"t":"R44"},"00E":{"t":"C56X"},"00F":{"t":"B739"},"010":{"t":"CL30"},"017":{"desc":"L1P"},"018":{"t":"P28A"},"01B":{"desc":"L1P"},"02C":{"t":"C525"},"034":{"t":"C82R"},"04D":{"desc":"A1P"},"04F":{"t":"HDJT"},"053":{"t":"BE50"},"05B":{"t":"M7"},"05F":{"desc":"L1P","t":"TB1"},"067":{"t":"C182"},"068":{"desc":"L1P"},"06D":{"t":"BE40"},"06E":{"t":"C680"},"06F":{"t":"SR22"},"070":{"t":"E145"},"081":{"t":"C208"},"082":{"desc":"L1P"},"08A":{"t":"M20T"},"08F":{"desc":"L1P","t":"ULAC"},"090":{"t":"C56X"},"091":{"t":"PA18"},"09A":{"t":"SR22"},"09F":{"t":"SR22"},"0A1":{"desc":"L1P"},"0A3":{"t":"BL17"},"0A4":{"desc":"L1P"},"0A9":{"t":"C172"},"0B2":{"t":"FA10"},"0B9":{"desc":"L1P"},"0BD":{"t":"LJ60"},"0BF":{"desc":"H2E"},"0CB":{"t":"P210"},"0CD":{"t":"C172"},"0CE":{"t":"E170"},"0D1":{"t":"LJ55"},"0D2":{"t":"EC30"},"0D6":{"t":"M20P"},"0DA":{"t":"SR22"},"0DC":{"t":"C525"},"0DE":{"desc":"L1P"},"0E2":{"t":"AEST"},"0E7":{"t":"P28A"},"0EF":{"t":"C182"},"0F0":{"t":"B738"},"0F8":{"t":"A333"},"0FD":{"t":"P28A"},"0FE":{"t":"ULAC"},"0FF":{"desc":"L1P"},"102":{"t":"SR22"},"103":{"t":"PA31"},"105":{"t":"BE23"},"106":{"desc":"L1P"},"10D":{"t":"GLID"},"126":{"desc":"L2J"},"12E":{"t":"ULAC"},"130":{"t":"C414"},"131":{"t":"C82S"},"135":{"desc":"L1P"},"137":{"desc":"L1P"},"13F":{"desc":"L1P"},"142":{"desc":"L1P"},"147":{"desc":"L3J"},"148":{"t":"PC12"},"149":{"t":"BE55"},"14E":{"t":"BL8"},"150":{"t":"BALL"},"151":{"t":"CRJ9"},"152":{"desc":"L1P"},"153":{"t":"PC12"},"15B":{"desc":"L1P"},"15C":{"desc":"L1P"},"15E":{"t":"B738"},"165":{"t":"R44"},"166":{"t":"R44"},"16C":{"t":"CL30"},"170":{"desc":"L1P"},"176":{"t":"AS50"},"17A":{"t":"A319"},"17D":{"desc":"H4E"},"187":{"t":"B350"},"18A":{"t":"DA40"},"193":{"t":"PAY1"},"1A2":{"t":"P28A"},"1A6":{"desc":"L3J"},"1AB":{"t":"P32R"},"1AD":{"t":"S22T"},"1B6":{"t":"SR22"},"1B9":{"t":"C182"},"1BC":{"t":"R22"},"1C4":{"t":"COL4"},"1C7":{"desc":"H1T"},"1CB":{"t":"BALL"},"1DC":{"t":"S22T"},"1ED":{"desc":"H4E"},"1F8":{"t":"SR20"},"1FE":{"desc":"L1P"},"20E":{"desc":"L1P"},"20F":{"desc":"L1P"},"210":{"t":"C170"},"212":{"t":"PA22"},"213":{"t":"P28B"},"214":{"t":"P28B"},"215":{"t":"C150"},"21A":{"t":"C172"},"21C":{"t":"P28A"},"21D":{"t":"PA18"},"221":{"t":"BE33"},"224":{"t":"P28A"},"225":{"t":"UH1"},"227":{"t":"C205"},"228":{"t":"AT3T"},"22B":{"t":"CH7A"},"22D":{"t":"PA18"},"22E":{"t":"CH7A"},"232":{"t":"GLID"},"233":{"t":"P32R"},"234":{"t":"C172"},"235":{"t":"P28A"},"236":{"t":"BE35"},"237":{"t":"GLID"},"238":{"t":"BALL"},"239":{"t":"C77R"},"23B":{"t":"BALL"},"23C":{"t":"BE33"},"23E":{"t":"C210"},"23F":{"t":"BT36"},"240":{"t":"PA24"},"241":{"t":"C414"},"242":{"t":"BL17"},"245":{"t":"C172"},"246":{"t":"C180"},"247":{"t":"P28A"},"248":{"t":"C172"},"249":{"t":"P28U"},"24A":{"t":"P28A"},"24C":{"t":"CH7A"},"24E":{"t":"CH7A"},"24F":{"t":"CH7A"},"251":{"t":"CH7A"},"252":{"t":"CH7A"},"253":{"t":"CH7A"},"254":{"t":"UH1"},"257":{"t":"C172"},"259":{"t":"BE35"},"25C":{"t":"C77R"},"25E":{"t":"BE36"},"260":{"t":"P28U"},"261":{"t":"C310"},"262":{"t":"P28A"},"263":{"t":"PA24"},"264":{"t":"C310"},"267":{"t":"BE33"},"269":{"t":"P28U"},"26F":{"t":"CH7A"},"270":{"t":"PA18"},"271":{"t":"P28B"},"272":{"t":"PA18"},"274":{"t":"CH7A"},"275":{"t":"CH7A"},"279":{"t":"PA32"},"27C":{"t":"BE35"},"27D":{"t":"C172"},"27F":{"t":"C77R"},"282":{"t":"S108"},"283":{"t":"PA32"},"284":{"t":"C182"},"286":{"t":"PA24"},"287":{"t":"C414"},"288":{"t":"BL17"},"28D":{"t":"P28A"},"28E":{"t":"C172"},"28F":{"t":"PA30"},"290":{"t":"C205"},"292":{"desc":"H1P"},"294":{"t":"CH7A"},"29A":{"t":"CH7A"},"29C":{"t":"C170"},"2A0":{"t":"T34P"},"2A2":{"t":"C77R"},"2A4":{"t":"AEST"},"2A6":{"t":"STAR"},"2A9":{"t":"PA24"},"2AA":{"t":"PA44"},"2AC":{"t":"R22"},"2AD":{"desc":"L1P"},"2AE":{"t":"P28A"},"2AF":{"t":"PA32"},"2B1":{"desc":"L1P"},"2B2":{"t":"PA30"},"2B4":{"t":"CH7A"},"2B7":{"t":"PA18"},"2B8":{"t":"CH7A"},"2BA":{"desc":"H1P"},"2BB":{"t":"CH7A"},"2BC":{"t":"PA18"},"2BF":{"t":"C170"},"2C1":{"t":"P28A"},"2C2":{"t":"BE33"},"2C4":{"t":"C150"},"2C5":{"t":"C77R"},"2C7":{"t":"BE36"},"2C8":{"t":"S108"},"2CA":{"t":"C182"},"2CB":{"t":"P28A"},"2CD":{"desc":"L1P"},"2CE":{"t":"BL17"},"2D0":{"t":"C175"},"2D2":{"t":"C180"},"2D3":{"t":"P28A"},"2D5":{"t":"P28U"},"2D6":{"t":"C205"},"2DA":{"t":"PA18"},"2DC":{"t":"PA32"},"2DD":{"t":"PA32"},"2DE":{"t":"PA32"},"2DF":{"t":"CH7A"},"2E2":{"t":"BALL"},"2E3":{"t":"C172"},"2E6":{"t":"P28A"},"2E7":{"t":"C150"},"2E9":{"desc":"L1P"},"2EC":{"t":"C172"},"2EE":{"t":"P28A"},"2F5":{"t":"BE33"},"2F8":{"t":"PA30"},"2F9":{"t":"C205"},"2FC":{"t":"CH7A"},"2FD":{"t":"CH7A"},"2FE":{"t":"PA18"},"300":{"t":"CH7A"},"302":{"t":"CH7A"},"305":{"t":"BE33"},"306":{"t":"C172"},"307":{"t":"P28A"},"308":{"t":"BE35"},"30A":{"t":"C150"},"30B":{"t":"PA27"},"30D":{"t":"AEST"},"30E":{"t":"G164"},"30F":{"t":"C172"},"310":{"t":"P28U"},"311":{"t":"P28A"},"312":{"t":"PA24"},"316":{"t":"P32R"},"317":{"t":"C172"},"318":{"t":"P28B"},"319":{"t":"P28A"},"31A":{"t":"C172"},"31B":{"t":"PA32"},"31C":{"t":"C205"},"31D":{"t":"P32R"},"31F":{"t":"CH7A"},"321":{"t":"PA18"},"325":{"t":"CH7A"},"326":{"t":"PA18"},"328":{"t":"C170"},"329":{"t":"BE58"},"32A":{"t":"PA22"},"32B":{"t":"P32R"},"32E":{"t":"C77R"},"331":{"t":"BE36"},"332":{"t":"C172"},"334":{"t":"P28A"},"335":{"t":"PA24"},"336":{"t":"P32R"},"339":{"t":"P28A"},"33A":{"t":"C172"},"33E":{"t":"LARK"},"340":{"t":"CH7A"},"341":{"t":"PA18"},"344":{"t":"CH7A"},"345":{"t":"CH7A"},"346":{"t":"PA18"},"347":{"t":"P28A"},"348":{"t":"C182"},"349":{"t":"CH7A"},"34C":{"t":"P28A"},"34D":{"t":"PA22"},"34F":{"t":"T34P"},"351":{"t":"C182"},"355":{"t":"P28U"},"356":{"t":"T210"},"357":{"t":"P28A"},"358":{"t":"PA24"},"35C":{"t":"C175"},"35E":{"t":"C180"},"35F":{"t":"P28A"},"360":{"t":"C172"},"362":{"t":"BL17"},"363":{"t":"CH7A"},"364":{"t":"PA18"},"366":{"t":"PA18"},"367":{"t":"SS2P"},"369":{"t":"CH7A"},"36B":{"t":"CH7A"},"36E":{"t":"PA46"},"36F":{"t":"B789"},"370":{"desc":"L1P"},"372":{"desc":"L1T","t":"M600"},"373":{"t":"E135"},"377":{"t":"BE55"},"378":{"t":"SR20"},"379":{"t":"BE23"},"37A":{"t":"B738"},"380":{"t":"BRAV"},"382":{"t":"C25B"},"383":{"t":"A319"},"385":{"t":"CRJ2"},"387":{"t":"R44"},"388":{"desc":"L1T"},"38A":{"t":"B712"},"391":{"t":"AT3T"},"392":{"t":"B350"},"399":{"desc":"L1P"},"3A1":{"t":"LJ45"},"3A2":{"desc":"L1P"},"3A4":{"t":"SR22"},"3A7":{"desc":"L1P"},"3AE":{"t":"GLF4"},"3B0":{"t":"PA24"},"3B1":{"t":"T206"},"3B2":{"t":"CL30"},"3BA":{"t":"AT8T"},"3BB":{"t":"RV12"},"3BC":{"t":"ERCO"},"3BE":{"desc":"L1P"},"3C1":{"t":"C82S"},"3C3":{"desc":"L1P"},"3C4":{"t":"S22T"},"3C6":{"t":"B739"},"3CA":{"t":"CH7B"},"3CB":{"t":"CL30"},"3D5":{"t":"BE36"},"3D9":{"t":"BE33"},"3E2":{"t":"C172"},"3EB":{"desc":"L1P"},"3EC":{"desc":"L2T"},"400":{"t":"SR22"},"405":{"t":"G280"},"406":{"t":"BE36"},"41D":{"desc":"H2T"},"41E":{"t":"SR22"},"41F":{"t":"P28B"},"427":{"t":"E145"},"432":{"desc":"L1P"},"436":{"desc":"L1P"},"438":{"t":"SR20"},"439":{"t":"S22T"},"43C":{"t":"BE36"},"43E":{"t":"S22T"},"441":{"t":"TAYD"},"447":{"t":"CH7A"},"44B":{"t":"FA50"},"450":{"t":"BE20"},"457":{"t":"A660"},"45B":{"t":"HUSK"},"45D":{"t":"ULAC"},"460":{"t":"C172"},"464":{"t":"B772"},"468":{"desc":"L1P"},"471":{"t":"LJ35"},"473":{"desc":"L1P"},"474":{"t":"GLF5"},"476":{"t":"PC12"},"482":{"t":"C208"},"485":{"t":"C25B"},"486":{"t":"PA18"},"489":{"t":"B764"},"48B":{"t":"PC12"},"48C":{"t":"S76"},"48D":{"t":"EC35"},"492":{"desc":"L1P"},"493":{"t":"C525"},"496":{"desc":"L1P"},"4A1":{"t":"C182"},"4A6":{"desc":"H4E"},"4A7":{"t":"B738"},"4AF":{"t":"A333"},"4B0":{"t":"PC12"},"4B3":{"t":"BE9L"},"4B4":{"t":"CJ6"},"4B9":{"t":"C441"},"4BB":{"t":"DH8A"},"4BC":{"desc":"L1P"},"4BF":{"desc":"L1P"},"4C4":{"t":"C501"},"4C5":{"t":"P28A"},"4DD":{"desc":"L2J"},"4DE":{"t":"H25B"},"4E5":{"t":"P28A"},"4E9":{"t":"PA32"},"4ED":{"t":"BL8"},"4F9":{"desc":"L1P"},"4FE":{"t":"C182"},"4FF":{"t":"CL60"},"500":{"t":"SBR1"},"501":{"desc":"L1P","t":"ULAC"},"502":{"t":"BE9L"},"503":{"t":"M7"},"505":{"t":"CL60"},"506":{"desc":"H1P"},"508":{"t":"CRJ9"},"50A":{"desc":"L1P"},"50C":{"t":"C441"},"510":{"t":"BE20"},"513":{"t":"C182"},"514":{"desc":"L1P"},"515":{"t":"B738"},"517":{"t":"GLF4"},"519":{"t":"E550"},"51B":{"t":"DA42"},"51D":{"t":"CL30"},"51E":{"t":"SR22"},"520":{"t":"R44"},"523":{"t":"M20P"},"527":{"t":"SR22"},"529":{"t":"B350"},"52D":{"t":"H25B"},"531":{"t":"A319"},"53E":{"t":"B350"},"541":{"t":"DA40"},"542":{"desc":"H4E"},"545":{"t":"C650"},"549":{"t":"BE36"},"562":{"t":"C340"},"564":{"t":"BALL"},"56B":{"desc":"L1P"},"56D":{"t":"S61"},"573":{"desc":"H4E","t":"PA46"},"574":{"desc":"L1P"},"576":{"desc":"H4E"},"57B":{"t":"PA32"},"5B9":{"desc":"H4E"},"5C7":{"t":"C170"},"5C8":{"t":"C172"},"5C9":{"t":"PA18"},"5CA":{"t":"PA34"},"5CC":{"t":"C150"},"5D1":{"t":"C172"},"5D4":{"t":"PA24"},"5D7":{"t":"C150"},"5D9":{"t":"C172"},"5DA":{"t":"P28T"},"5DB":{"t":"P28A"},"5DC":{"t":"C172"},"5DD":{"t":"PA30"},"5DF":{"desc":"L1P"},"5E0":{"desc":"L1P"},"5E1":{"t":"PA18"},"5E2":{"t":"CH7A"},"5E3":{"t":"PA18"},"5E4":{"t":"PA18"},"5E5":{"t":"CH7A"},"5E7":{"t":"PA18"},"5EB":{"desc":"L1P"},"5EE":{"t":"P28U"},"5F4":{"t":"C172"},"5F6":{"t":"P28A"},"5F7":{"t":"PA24"},"5FD":{"t":"PA32"},"5FE":{"t":"P28A"},"5FF":{"t":"C172"},"601":{"t":"C205"},"602":{"t":"CH7A"},"604":{"t":"CH7A"},"607":{"t":"CH7A"},"60A":{"t":"PA18"},"60B":{"t":"CH7A"},"60C":{"t":"YK52"},"60D":{"t":"C170"},"60E":{"t":"PA34"},"60F":{"t":"PA18"},"610":{"t":"P28U"},"611":{"t":"P28A"},"613":{"t":"PA34"},"617":{"t":"C172"},"618":{"t":"C210"},"619":{"t":"P28A"},"61A":{"t":"PA18"},"61D":{"desc":"L1P"},"61E":{"t":"BE33"},"624":{"t":"P28A"},"625":{"t":"PA18"},"627":{"t":"CH7A"},"628":{"t":"CH7A"},"62A":{"t":"P28U"},"62B":{"t":"PA25"},"62E":{"t":"CH7A"},"630":{"t":"P28A"},"632":{"t":"BE33"},"635":{"t":"C150"},"637":{"t":"PA34"},"63A":{"t":"C172"},"63B":{"t":"C210"},"63C":{"t":"BE33"},"63D":{"t":"PA34"},"63F":{"t":"BL17"},"641":{"t":"C175"},"645":{"t":"C172"},"647":{"t":"BE33"},"648":{"t":"PA18"},"64A":{"t":"PA32"},"650":{"t":"CH7A"},"653":{"t":"C170"},"654":{"t":"PA32"},"656":{"t":"BT36"},"657":{"t":"PA44"},"658":{"t":"P28A"},"65B":{"t":"P28A"},"65D":{"t":"C172"},"65E":{"t":"T210"},"65F":{"t":"P28A"},"662":{"t":"BL17"},"664":{"t":"C175"},"665":{"t":"C172"},"668":{"t":"C172"},"669":{"t":"PA30"},"66B":{"t":"CH7A"},"66C":{"t":"CH7A"},"66D":{"t":"P32R"},"66E":{"t":"CH7A"},"66F":{"t":"PA18"},"671":{"t":"CH7A"},"672":{"t":"PA18"},"673":{"t":"CH7A"},"674":{"t":"PA44"},"675":{"desc":"A1P"},"676":{"t":"BALL"},"677":{"t":"S108"},"67A":{"t":"BE33"},"67C":{"t":"C77R"},"67E":{"t":"P28B"},"680":{"t":"C172"},"681":{"t":"P32R"},"683":{"t":"PA24"},"684":{"t":"C206"},"685":{"t":"BL17"},"686":{"t":"C150"},"687":{"t":"C175"},"68A":{"t":"P28A"},"68B":{"t":"C172"},"68D":{"t":"C205"},"68F":{"t":"CH7A"},"692":{"t":"P28A"},"693":{"t":"PA18"},"695":{"t":"P28A"},"696":{"t":"CH7A"},"697":{"t":"CH7A"},"699":{"t":"C170"},"69A":{"t":"C172"},"69D":{"t":"P28A"},"6A0":{"t":"BE36"},"6A2":{"t":"S108"},"6A3":{"t":"P28B"},"6A6":{"t":"PA24"},"6A7":{"t":"C206"},"6AB":{"t":"C172"},"6AC":{"t":"P28A"},"6AD":{"t":"P28A"},"6AE":{"t":"P28A"},"6AF":{"t":"PA30"},"6B0":{"t":"C205"},"6B1":{"t":"CH7A"},"6B4":{"t":"PA18"},"6B5":{"t":"CH7A"},"6B7":{"t":"PA18"},"6B8":{"t":"CH7A"},"6BA":{"t":"CH7A"},"6BB":{"t":"GLID"},"6BF":{"t":"BE35"},"6C0":{"t":"P28B"},"6C2":{"t":"P28A"},"6C3":{"t":"BE58"},"6C4":{"desc":"L1P"},"6C9":{"t":"PA24"},"6CB":{"t":"BL17"},"6CC":{"t":"C150"},"6D0":{"t":"P28A"},"6D1":{"t":"C172"},"6D2":{"t":"P28U"},"6D3":{"t":"C205"},"6D5":{"t":"CH7A"},"6D6":{"t":"CH7A"},"6D7":{"t":"CH7A"},"6D8":{"t":"CH7A"},"6D9":{"t":"P28B"},"6DA":{"t":"CH7A"},"6DB":{"t":"PA18"},"6DD":{"t":"CH7A"},"6E0":{"t":"C172"},"6E2":{"t":"BE35"},"6E4":{"t":"BE36"},"6E7":{"desc":"L1P"},"6E8":{"t":"S108"},"6E9":{"t":"P28A"},"6EB":{"t":"P28A"},"6EC":{"t":"PA24"},"6EE":{"t":"BL17"},"6F0":{"t":"C175"},"6F3":{"t":"P28A"},"6F4":{"t":"C172"},"6F5":{"t":"PA30"},"6F9":{"t":"ERCO"},"6FA":{"t":"T6"},"6FF":{"desc":"L1P"},"700":{"t":"CH7A"},"703":{"t":"P28A"},"705":{"t":"BE35"},"706":{"t":"BE33"},"707":{"t":"C150"},"708":{"t":"C172"},"70C":{"t":"BE33"},"70E":{"t":"P28A"},"712":{"t":"RV12"},"713":{"t":"P28A"},"716":{"t":"P28A"},"718":{"t":"PA30"},"719":{"t":"C205"},"71A":{"t":"CH7A"},"71B":{"t":"PA18"},"71D":{"t":"P28U"},"71E":{"t":"CH7A"},"71F":{"t":"CH7A"},"722":{"t":"PA18"},"723":{"t":"CH7A"},"724":{"t":"GLID"},"725":{"t":"PA22"},"728":{"t":"C560"},"72A":{"t":"E135"},"72C":{"t":"C510"},"72E":{"desc":"L1P"},"72F":{"desc":"L1P"},"732":{"t":"B789"},"737":{"t":"PA44"},"73A":{"t":"A319"},"73C":{"t":"CRJ2"},"73E":{"desc":"L1P"},"740":{"t":"SR22"},"741":{"t":"B712"},"74A":{"t":"C25C"},"74C":{"desc":"L1P"},"74E":{"desc":"L1P","t":"ULAC"},"750":{"desc":"L1P"},"757":{"t":"S108"},"758":{"t":"LJ45"},"759":{"t":"R44"},"75A":{"desc":"L1P","t":"ULAC"},"75C":{"t":"R66"},"75D":{"t":"C82S"},"75F":{"desc":"L1P"},"762":{"t":"R44"},"763":{"t":"C421"},"765":{"t":"C182"},"768":{"t":"C25B"},"769":{"desc":"L1P"},"76B":{"t":"C82T"},"770":{"t":"AEST"},"773":{"desc":"L1P"},"774":{"t":"C82S"},"775":{"desc":"L1P"},"77C":{"desc":"L1P"},"77D":{"t":"B739"},"77E":{"desc":"L1P"},"77F":{"desc":"L1P","t":"ULAC"},"780":{"desc":"L1P"},"785":{"desc":"L1P","t":"ULAC"},"786":{"t":"S22T"},"788":{"t":"SR22"},"78D":{"desc":"L1P"},"793":{"desc":"L1P"},"79E":{"t":"F2TH"},"7A2":{"t":"SF50"},"7B0":{"t":"B350"},"7BE":{"t":"H25B"},"7C9":{"desc":"S1P"},"7D2":{"desc":"H1P"},"7DA":{"desc":"H1T"},"7F0":{"desc":"L1P","t":"ULAC"},"7F1":{"t":"GLID"},"7F7":{"t":"SR22"},"7F9":{"t":"BE40"},"7FE":{"t":"M20P"},"802":{"t":"H269"},"806":{"t":"F900"},"808":{"t":"BALL"},"80B":{"t":"S22T"},"80E":{"t":"A660"},"80F":{"t":"C182"},"810":{"desc":"L1P"},"812":{"desc":"L1P"},"816":{"t":"F2TH"},"817":{"t":"C172"},"81B":{"t":"B772"},"820":{"t":"BALL"},"825":{"t":"EC35"},"828":{"t":"LJ60"},"82D":{"desc":"H4E"},"831":{"desc":"L1P"},"839":{"t":"P32R"},"83C":{"t":"E170"},"83D":{"desc":"L1P"},"83F":{"t":"BE36"},"840":{"t":"B764"},"844":{"t":"SR22"},"848":{"desc":"L1P"},"849":{"t":"SR20"},"84D":{"t":"RV12"},"85E":{"t":"B738"},"866":{"t":"A333"},"86B":{"t":"PC12"},"86E":{"t":"AS50"},"88B":{"desc":"H4E"},"894":{"t":"C560"},"89C":{"t":"BE35"},"89D":{"t":"C140"},"89F":{"desc":"L1P"},"8A8":{"t":"PAY1"},"8AA":{"t":"GLF4"},"8AD":{"t":"BE35"},"8AE":{"t":"C551"},"8B0":{"t":"RV12"},"8B6":{"t":"R22"},"8B7":{"t":"BALL"},"8B8":{"t":"G280"},"8BA":{"t":"SR20"},"8BB":{"t":"R22"},"8BD":{"t":"GLID"},"8BF":{"t":"CRJ9"},"8C3":{"t":"C172"},"8C5":{"t":"SR20"},"8CA":{"t":"C172"},"8CC":{"t":"B738"},"8CE":{"t":"BE35"},"8D1":{"t":"BALL"},"8D5":{"t":"PRM1"},"8DE":{"t":"C182"},"8E8":{"t":"A319"},"8F5":{"t":"B350"},"900":{"t":"BE35"},"901":{"t":"PA12"},"907":{"t":"PA34"},"910":{"desc":"L1P"},"911":{"desc":"H4E"},"914":{"desc":"L3J"},"91C":{"t":"S61"},"91D":{"desc":"L1P"},"920":{"t":"BE20"},"921":{"desc":"L1P"},"929":{"desc":"A1P"},"932":{"desc":"L2T"},"93A":{"t":"C150"},"959":{"desc":"L1P","t":"ULAC"},"96A":{"t":"GLEX"},"97F":{"t":"C172"},"981":{"desc":"L1P"},"987":{"t":"G164"},"989":{"t":"T210"},"98A":{"t":"P28A"},"98C":{"t":"ST75"},"990":{"t":"C172"},"991":{"t":"P28A"},"994":{"t":"P28A"},"995":{"t":"C205"},"996":{"t":"PA18"},"998":{"t":"CH7A"},"999":{"t":"CH7A"},"99A":{"t":"CH7A"},"99F":{"t":"CH7A"},"9A2":{"t":"C172"},"9A4":{"t":"BE35"},"9A5":{"desc":"L1P"},"9A6":{"t":"P28A"},"9A7":{"t":"C77R"},"9A8":{"t":"P28A"},"9AA":{"t":"BE36"},"9AC":{"t":"T210"},"9B1":{"t":"P28A"},"9B2":{"t":"PA32"},"9B3":{"t":"PA34"},"9B4":{"t":"BE36"},"9B7":{"t":"PA30"},"9B8":{"t":"C205"},"9B9":{"t":"CH7A"},"9BA":{"t":"CH7A"},"9BC":{"t":"PA18"},"9BE":{"t":"CH7A"},"9BF":{"t":"P28B"},"9C0":{"t":"PA18"},"9C1":{"t":"PA18"},"9C2":{"t":"PA18"},"9C3":{"desc":"L1P"},"9C4":{"t":"P28A"},"9C7":{"t":"BE33"},"9C8":{"t":"P28A"},"9CA":{"t":"C188"},"9CB":{"t":"P28A"},"9CC":{"desc":"L1P"},"9CD":{"t":"P28A"},"9CE":{"t":"C172"},"9CF":{"t":"C210"},"9D0":{"t":"P28A"},"9D1":{"t":"PA24"},"9D3":{"t":"BL17"},"9D4":{"t":"P28A"},"9D5":{"t":"C175"},"9D6":{"t":"P28A"},"9D7":{"t":"C182"},"9D8":{"t":"P28A"},"9D9":{"t":"C172"},"9DA":{"t":"PA30"},"9DC":{"t":"CH7A"},"9DD":{"t":"CH7A"},"9DF":{"t":"YK52"},"9E0":{"t":"CH7A"},"9E1":{"t":"CH7A"},"9E2":{"t":"CH7A"},"9E3":{"t":"YK52"},"9E5":{"t":"P28A"},"9E6":{"desc":"L1P"},"9E7":{"t":"BE33"},"9E8":{"t":"C172"},"9EA":{"t":"BE35"},"9EB":{"t":"PA32"},"9ED":{"t":"T206"},"9EF":{"desc":"L1P"},"9F0":{"t":"G164"},"9F2":{"t":"PA44"},"9F3":{"t":"P28A"},"9F8":{"t":"C175"},"9FA":{"t":"BT36"},"9FB":{"t":"P28A"},"9FC":{"t":"C172"},"9FE":{"t":"P28B"},"9FF":{"t":"CH7A"},"A00":{"t":"P28B"},"A01":{"t":"P28B"},"A02":{"t":"PA18"},"A03":{"t":"P28B"},"A04":{"t":"PA18"},"A06":{"t":"CH7A"},"A08":{"t":"CH7A"},"A09":{"t":"C208"},"A0B":{"t":"C172"},"A0E":{"t":"ST75"},"A0F":{"t":"PA44"},"A10":{"t":"P28B"},"A11":{"desc":"L1P"},"A12":{"desc":"L1P"},"A14":{"t":"C172"},"A16":{"t":"P28A"},"A17":{"t":"PA24"},"A18":{"t":"T206"},"A1B":{"desc":"L1P"},"A1D":{"t":"P28A"},"A1E":{"t":"P28A"},"A20":{"t":"PA30"},"A25":{"t":"CH7A"},"A26":{"t":"R22"},"A28":{"t":"PA36"},"A2B":{"t":"CH7A"},"A2F":{"t":"P28A"},"A30":{"t":"BE35"},"A34":{"t":"P28A"},"A35":{"desc":"L1P"},"A37":{"t":"C172"},"A39":{"t":"P28A"},"A3A":{"t":"PA24"},"A3C":{"t":"BL17"},"A3D":{"t":"P28T"},"A3E":{"t":"C175"},"A41":{"t":"P28A"},"A42":{"t":"BE36"},"A45":{"t":"CH7A"},"A48":{"t":"CH7A"},"A49":{"t":"PA32"},"A4A":{"t":"CH7A"},"A4B":{"t":"PA36"},"A4C":{"t":"CH7A"},"A4D":{"t":"CH7A"},"A51":{"t":"C172"},"A52":{"t":"PA22"},"A53":{"t":"PA32"},"A54":{"t":"C172"},"A55":{"t":"C150"},"A56":{"t":"C77R"},"A58":{"desc":"L1P"},"A59":{"t":"S108"},"A5B":{"t":"C210"},"A5D":{"t":"PA24"},"A60":{"t":"C150"},"A61":{"t":"C175"},"A64":{"t":"P28A"},"A66":{"t":"PA30"},"A68":{"t":"CH7A"},"A69":{"desc":"L1P"},"A6A":{"t":"CH7A"},"A6D":{"t":"PA18"},"A6E":{"t":"CH7A"},"A6F":{"t":"PA18"},"A71":{"t":"PA18"},"A72":{"desc":"L1P"},"A73":{"t":"C170"},"A75":{"t":"PA22"},"A77":{"desc":"L1P"},"A78":{"t":"C150"},"A7D":{"t":"C172"},"A7F":{"t":"P28A"},"A84":{"t":"C175"},"A89":{"t":"PA30"},"A8C":{"t":"C172"},"A8D":{"t":"CH7A"},"A8F":{"desc":"L1J"},"A91":{"t":"P28A"},"A92":{"t":"CH7A"},"A96":{"t":"C170"},"A97":{"t":"P28A"},"A98":{"t":"P28A"},"A99":{"t":"BE35"},"A9A":{"t":"C172"},"A9B":{"t":"C150"},"A9D":{"t":"P28A"},"AA1":{"t":"C182"},"AA2":{"t":"P28A"},"AA7":{"t":"BE33"},"AA9":{"t":"PA32"},"AAA":{"t":"P28A"},"AAB":{"t":"C172"},"AAC":{"t":"PA30"},"AAD":{"t":"C205"},"AAE":{"t":"CH7A"},"AAF":{"t":"CH7A"},"AB0":{"t":"CH7A"},"AB4":{"t":"CH7A"},"AB5":{"t":"C206"},"AB6":{"t":"PA36"},"AB7":{"desc":"L1P"},"ABA":{"t":"P28B"},"ABD":{"t":"C172"},"ABF":{"t":"C182"},"AC3":{"t":"C172"},"AC6":{"t":"PA24"},"AC7":{"t":"C185"},"ACA":{"t":"PA44"},"ACC":{"t":"BE36"},"AD0":{"t":"P28A"},"AD1":{"desc":"L1P"},"AD3":{"t":"PA36"},"AD4":{"t":"CH7A"},"AD5":{"t":"CH7A"},"AD9":{"t":"PA36"},"ADA":{"desc":"L1P"},"ADB":{"t":"GLID"},"ADC":{"desc":"L1P"},"ADD":{"t":"FA20"},"AE0":{"t":"PA34"},"AE1":{"t":"E135"},"AE6":{"desc":"L1P"},"AE9":{"t":"B789"},"AEE":{"t":"PA44"},"AF0":{"t":"A319"},"AF1":{"t":"A319"},"AF3":{"t":"CRJ2"},"AF5":{"t":"BE33"},"AF6":{"desc":"L1P","t":"ULAC"},"AF7":{"t":"GLID"},"AF8":{"t":"BALL"},"AFA":{"desc":"L2T"},"B03":{"t":"P46T"},"B0A":{"t":"C172"},"B0E":{"desc":"L1P"},"B11":{"t":"R66"},"B12":{"t":"SR22"},"B1A":{"t":"P46T"},"B1B":{"t":"SR20"},"B1C":{"t":"C182"},"B1E":{"t":"C56X"},"B20":{"t":"S22T"},"B29":{"t":"PA34"},"B2A":{"t":"GLF6"},"B2B":{"t":"CL30"},"B2D":{"t":"C150"},"B2E":{"t":"C206"},"B2F":{"desc":"L1P"},"B32":{"t":"BE30"},"B33":{"t":"SR20"},"B34":{"t":"B739"},"B35":{"t":"C56X"},"B3B":{"t":"R44"},"B42":{"t":"BE58"},"B43":{"t":"PA27"},"B52":{"t":"C180"},"B54":{"desc":"L1P","t":"ULAC"},"B6A":{"t":"CJ6"},"B73":{"t":"GLF4"},"B74":{"desc":"L1P"},"B7D":{"desc":"L1P"},"B8D":{"t":"PC24"},"B8E":{"desc":"H1T"},"B92":{"t":"S61"},"BA5":{"desc":"L1P"},"BA6":{"t":"A320"},"BA7":{"t":"P32R"},"BA9":{"t":"R44"},"BAC":{"desc":"L1P"},"BB0":{"desc":"L1T"},"BB1":{"t":"C56X"},"BB2":{"desc":"L1P"},"BB4":{"t":"NAVI"},"BB5":{"t":"C56X"},"BBF":{"t":"BE9L"},"BC5":{"t":"A660"},"BCB":{"t":"ULAC"},"BCE":{"t":"C172"},"BD0":{"t":"A109"},"BD2":{"t":"B772"},"BD6":{"t":"BE35"},"BD7":{"t":"AT5T"},"BE1":{"t":"S22T"},"BE4":{"t":"PAY1"},"BE7":{"t":"R44"},"BF0":{"t":"C172"},"BF3":{"t":"E170"},"BF6":{"desc":"H4E"},"BF7":{"t":"B764"},"C09":{"t":"AS50"},"C0C":{"t":"P28A"},"C15":{"t":"B738"},"C1D":{"t":"A333"},"C21":{"desc":"L1P"},"C22":{"t":"C172"},"C24":{"desc":"H4E"},"C2D":{"desc":"L1P"},"C3A":{"t":"A321"},"C4B":{"desc":"L2J"},"C53":{"t":"BE35"},"C54":{"t":"P28R"},"C56":{"t":"B763"},"C57":{"t":"PA31"},"C5B":{"t":"PA18"},"C5C":{"t":"PA46"},"C61":{"t":"P210"},"C6C":{"t":"SR22"},"C6E":{"t":"BE40"},"C70":{"t":"AS50"},"C73":{"t":"BALL"},"C74":{"t":"R22"},"C76":{"t":"CRJ9"},"C78":{"t":"C680"},"C7E":{"t":"UH1"},"C83":{"t":"B738"},"C8B":{"t":"P28A"},"C91":{"desc":"L1P"},"C96":{"t":"BE58"},"C99":{"t":"E135"},"C9A":{"t":"C210"},"C9B":{"t":"H25B"},"C9E":{"t":"F2TH"},"C9F":{"t":"A319"},"CAC":{"t":"B350"},"CAE":{"t":"SR22"},"CB7":{"t":"BE36"},"CC5":{"t":"C175"},"CC9":{"desc":"L1P"},"CCA":{"t":"BE55"},"CD0":{"t":"BE35"},"CD6":{"t":"SR22"},"CE2":{"t":"CH7B"},"CF4":{"t":"GLID"},"CF7":{"t":"ULAC"},"D10":{"t":"T206"},"D1A":{"t":"S22T"},"D37":{"t":"PA22"},"D3D":{"desc":"L1P"},"D41":{"t":"P28A"},"D42":{"t":"PA24"},"D45":{"t":"C150"},"D46":{"t":"C175"},"D49":{"t":"P28A"},"D4A":{"t":"C172"},"D4D":{"t":"CH7A"},"D4E":{"t":"CH7A"},"D50":{"t":"CH7A"},"D51":{"t":"CH7A"},"D52":{"t":"CH7A"},"D54":{"t":"CH7A"},"D58":{"t":"C170"},"D5A":{"desc":"L1P"},"D5E":{"t":"C77R"},"D62":{"t":"C172"},"D63":{"t":"T210"},"D64":{"desc":"L1P"},"D65":{"t":"YK52"},"D68":{"t":"C150"},"D6B":{"t":"P28B"},"D6C":{"t":"P28A"},"D6D":{"t":"C172"},"D6E":{"t":"PA30"},"D6F":{"t":"P28U"},"D70":{"t":"P32R"},"D71":{"t":"CH7A"},"D72":{"t":"PA18"},"D74":{"t":"PA18"},"D78":{"t":"PA18"},"D79":{"t":"PA18"},"D7A":{"desc":"L1P"},"D7B":{"t":"P28B"},"D7C":{"t":"BE58"},"D7D":{"t":"P28A"},"D7E":{"t":"BE35"},"D80":{"t":"P28A"},"D82":{"desc":"L1P"},"D85":{"t":"C172"},"D88":{"t":"P28A"},"D8A":{"desc":"L1P"},"D8B":{"t":"C150"},"D8C":{"t":"BE35"},"D8D":{"t":"C172"},"D8E":{"t":"P28A"},"D91":{"desc":"L1J"},"D93":{"t":"P28A"},"D94":{"t":"CH7A"},"D96":{"t":"PA32"},"D97":{"t":"CH7A"},"D98":{"t":"PA18"},"D9A":{"t":"PA18"},"D9E":{"t":"P28A"},"D9F":{"t":"C172"},"DA1":{"t":"C170"},"DA6":{"desc":"L1P"},"DA7":{"t":"S108"},"DAA":{"t":"P28A"},"DAB":{"t":"C180"},"DAC":{"t":"C206"},"DAF":{"t":"C175"},"DB0":{"t":"C172"},"DB1":{"t":"P28A"},"DB4":{"t":"PA30"},"DB5":{"t":"C205"},"DB6":{"t":"CH7A"},"DB8":{"t":"PA18"},"DB9":{"t":"CH7A"},"DBA":{"t":"CH7A"},"DBB":{"t":"PA18"},"DBC":{"t":"PA18"},"DBD":{"t":"PA18"},"DBF":{"t":"CH7A"},"DC1":{"t":"C170"},"DC4":{"t":"BE35"},"DC5":{"t":"C172"},"DC7":{"t":"C77R"},"DC8":{"t":"P28A"},"DC9":{"desc":"L1P"},"DCA":{"t":"S108"},"DCD":{"t":"P28A"},"DCE":{"t":"PA24"},"DCF":{"t":"T206"},"DD2":{"t":"C175"},"DD4":{"t":"P28B"},"DD5":{"t":"P28A"},"DD6":{"t":"P28B"},"DD7":{"t":"PA30"},"DD9":{"t":"PA18"},"DDA":{"t":"PA18"},"DDB":{"t":"CH7A"},"DDE":{"t":"CH7A"},"DDF":{"t":"P28A"},"DE0":{"t":"CH7A"},"DE1":{"t":"PA18"},"DE2":{"t":"PA18"},"DE4":{"t":"BE36"},"DE5":{"t":"C172"},"DE6":{"t":"PA22"},"DE7":{"t":"P28A"},"DE8":{"t":"CH7A"},"DE9":{"t":"C150"},"DEB":{"t":"P28B"},"DEC":{"desc":"L1P"},"DED":{"t":"S108"},"DEF":{"t":"C210"},"DF0":{"t":"P28A"},"DF1":{"t":"ULAC"},"DF2":{"t":"T206"},"DF3":{"t":"BL17"},"DF6":{"t":"PA18"},"DF7":{"t":"P28A"},"DF9":{"t":"C172"},"DFC":{"t":"P28A"},"DFD":{"t":"PA18"},"DFE":{"t":"CH7A"},"E00":{"t":"PA18"},"E01":{"t":"CH7A"},"E03":{"t":"P28A"},"E04":{"t":"CH7A"},"E05":{"t":"CH7A"},"E07":{"t":"PA44"},"E08":{"t":"C172"},"E0A":{"t":"BE95"},"E0B":{"t":"C172"},"E0E":{"t":"P28A"},"E0F":{"desc":"L1P"},"E10":{"t":"G164"},"E11":{"t":"C172"},"E13":{"t":"P28A"},"E16":{"t":"BL17"},"E18":{"t":"C175"},"E19":{"t":"C150"},"E1A":{"t":"P28A"},"E1B":{"t":"P28A"},"E1C":{"t":"P28A"},"E1D":{"t":"C180"},"E1E":{"t":"P28A"},"E21":{"t":"CH7A"},"E22":{"desc":"L1P"},"E23":{"t":"CH7A"},"E24":{"t":"P28A"},"E25":{"t":"CH7A"},"E26":{"t":"CH7A"},"E27":{"t":"CH7A"},"E29":{"desc":"L1P"},"E2A":{"t":"P28T"},"E2B":{"t":"C172"},"E2D":{"t":"BE36"},"E30":{"t":"C188"},"E34":{"t":"C172"},"E35":{"t":"T210"},"E3C":{"t":"C172"},"E42":{"desc":"L1P"},"E43":{"t":"CH7A"},"E45":{"t":"CH7A"},"E49":{"t":"CH7A"},"E4A":{"t":"B06"},"E4B":{"t":"P28A"},"E4E":{"t":"C172"},"E51":{"t":"C172"},"E52":{"t":"C150"},"E57":{"t":"C172"},"E59":{"t":"P28A"},"E5A":{"t":"PA24"},"E5C":{"t":"BL17"},"E5E":{"t":"BE58"},"E5F":{"t":"C172"},"E61":{"t":"P28A"},"E62":{"t":"C172"},"E64":{"t":"BE95"},"E65":{"t":"CH7A"},"E66":{"t":"CH7A"},"E68":{"t":"P28A"},"E6C":{"t":"CH7A"},"E6D":{"t":"CH7A"},"E6E":{"t":"CH7A"},"E6F":{"desc":"L1P"},"E70":{"t":"C170"},"E73":{"t":"BE35"},"E74":{"t":"C172"},"E77":{"desc":"L1P"},"E78":{"desc":"L1P"},"E7C":{"t":"P28A"},"E81":{"t":"C175"},"E84":{"t":"P28T"},"E86":{"t":"PA32"},"E87":{"t":"C205"},"E89":{"t":"B06"},"E8A":{"t":"CJ6"},"E8E":{"t":"CH7A"},"E91":{"t":"CH7A"},"E92":{"t":"O1"},"E93":{"t":"PA22"},"E94":{"t":"B789"},"E95":{"t":"SR22"},"E98":{"t":"E135"},"E9D":{"t":"R44"},"EA1":{"t":"AS50"},"EA8":{"t":"A319"},"EA9":{"t":"B772"},"EAC":{"t":"C208"},"EAF":{"t":"C82T"},"EB0":{"t":"PA31"},"EB3":{"t":"C550"},"EB4":{"t":"GLID"},"EB8":{"t":"C172"},"EB9":{"desc":"L1P"},"EBA":{"t":"M20P"},"EBC":{"t":"SR20"},"EBE":{"desc":"L1P"},"EC1":{"desc":"L1P"},"EC5":{"t":"SR22"},"EC7":{"desc":"L1P"},"EC8":{"t":"GLF6"},"EC9":{"t":"SR22"},"ECB":{"t":"C172"},"ECD":{"desc":"H2T"},"ECE":{"t":"B350"},"ED0":{"desc":"L2J"},"ED3":{"t":"C182"},"ED5":{"t":"P28B"},"ED7":{"t":"SF50"},"EDE":{"t":"P28A"},"EE1":{"t":"C208"},"EE2":{"t":"TBM7"},"EE4":{"t":"SR22"},"EEA":{"desc":"L1P"},"EEB":{"t":"B739"},"EEC":{"t":"M20P"},"EEE":{"t":"C56X"},"EEF":{"t":"BE36"},"EF0":{"t":"SR22"},"EF6":{"t":"S22T"},"EFA":{"t":"SR22"},"F00":{"t":"R44"},"F03":{"t":"BALL"},"F0B":{"desc":"L1P","t":"ULAC"},"F0D":{"t":"SR22"},"F13":{"t":"BE9L"},"F15":{"t":"C208"},"F1B":{"t":"G280"},"F2B":{"t":"AT8T"},"F30":{"t":"SR22"},"F37":{"t":"PA46"},"F3A":{"t":"GLID"},"F3E":{"desc":"A1P"},"F42":{"desc":"L1P"},"F43":{"t":"B06"},"F44":{"desc":"L1P"},"F4B":{"t":"PA31"},"F4D":{"desc":"H4E"},"F50":{"desc":"L1P"},"F5B":{"t":"RV12"},"F5D":{"t":"A320"},"F5E":{"t":"T28"},"F61":{"t":"FA50"},"F62":{"t":"BE35"},"F66":{"desc":"H1T","t":"B47G"},"F67":{"t":"P28B"},"F68":{"t":"GLID"},"F69":{"t":"PA18"},"F6C":{"t":"C56X"},"F6D":{"t":"C77R"},"F70":{"t":"ST75"},"F74":{"desc":"L1P"},"F75":{"t":"BE33"},"F78":{"t":"GA5C"},"F80":{"t":"BE58"},"F82":{"t":"SR22"},"F85":{"t":"C172"},"F86":{"t":"PA31"},"F8E":{"t":"BALL"},"F8F":{"t":"PA32"},"F91":{"desc":"H4E"},"F92":{"t":"SR22"},"F98":{"t":"S22T"},"F99":{"desc":"L1P"},"F9B":{"t":"C172"},"F9E":{"t":"AA5"},"F9F":{"t":"C25B"},"FA0":{"t":"PA23"},"FA6":{"t":"BE55"},"FA7":{"t":"P46T"},"FA9":{"t":"P28A"},"FAB":{"t":"SR22"},"FAE":{"t":"B764"},"FB4":{"t":"S22T"},"FB6":{"t":"SR22"},"FB7":{"t":"AT5T"},"FC2":{"t":"BE9L"},"FCA":{"desc":"H4E"},"FD0":{"t":"H25B"},"FD4":{"t":"A333"},"FD8":{"t":"ST75"},"FDA":{"t":"C182"},"FDB":{"desc":"L1T"},"FDC":{"desc":"L1T"},"FDF":{"t":"B350"},"FE2":{"t":"C172"},"FE3":{"t":"BE95"},"FE4":{"t":"PA46"},"FE5":{"desc":"A1P"},"FED":{"t":"S22T"}}