{"01B":{"t":"BE35"},"021":{"desc":"L1P"},"027":{"desc":"L1P"},"02C":{"desc":"L1P"},"02F":{"desc":"L1P"},"036":{"t":"AS50"},"03E":{"t":"CRJ9"},"042":{"t":"C172"},"044":{"desc":"A1P","t":"ULAC"},"045":{"desc":"L1P"},"04B":{"t":"B738"},"04F":{"t":"C182"},"05B":{"t":"BE36"},"067":{"t":"A319"},"074":{"t":"B350"},"080":{"t":"A320"},"098":{"desc":"L1P"},"09B":{"t":"EC45"},"0E3":{"t":"CH7B"},"100":{"t":"BE35"},"102":{"t":"R22"},"103":{"t":"P32R"},"104":{"t":"J3"},"106":{"t":"PA44"},"108":{"t":"C150"},"109":{"t":"BE35"},"10B":{"t":"C185"},"10C":{"t":"R22"},"10F":{"t":"C150"},"110":{"t":"PA44"},"112":{"t":"C172"},"113":{"t":"P28A"},"115":{"t":"CH7A"},"118":{"t":"CH7A"},"119":{"t":"PA18"},"11A":{"t":"CH7A"},"11B":{"t":"CH7A"},"120":{"t":"C170"},"121":{"t":"C172"},"123":{"t":"BE35"},"128":{"t":"C150"},"129":{"t":"S108"},"12A":{"t":"C172"},"12B":{"t":"R44"},"132":{"t":"C172"},"134":{"t":"P28A"},"135":{"t":"R44"},"137":{"t":"C205"},"138":{"t":"CH7A"},"13A":{"t":"P32R"},"13B":{"t":"PA18"},"13C":{"t":"PA18"},"13D":{"t":"P32R"},"13E":{"t":"PA18"},"13F":{"t":"CH7A"},"140":{"t":"CH7A"},"141":{"t":"CH7A"},"144":{"t":"C172"},"14D":{"t":"R22"},"14F":{"t":"R44"},"150":{"t":"PA18"},"152":{"t":"P28A"},"153":{"t":"R44"},"155":{"t":"C172"},"157":{"t":"P28A"},"158":{"t":"C172"},"159":{"t":"PA34"},"15A":{"t":"C205"},"15D":{"t":"PA18"},"161":{"t":"PA18"},"162":{"t":"CH7A"},"164":{"t":"PA18"},"168":{"t":"H269"},"16A":{"t":"P28A"},"16D":{"t":"P28A"},"16F":{"t":"G164"},"171":{"t":"C182"},"172":{"t":"R44"},"173":{"t":"P28A"},"175":{"t":"P28A"},"176":{"t":"C182"},"178":{"t":"C172"},"17A":{"t":"P28A"},"17D":{"t":"P28A"},"17E":{"t":"CH7A"},"180":{"t":"CH7A"},"183":{"t":"CH7A"},"184":{"t":"PA18"},"186":{"t":"CH7A"},"187":{"t":"CH7A"},"18A":{"t":"C172"},"18B":{"t":"P28A"},"18C":{"t":"BE35"},"18D":{"t":"M20P"},"18F":{"t":"P28A"},"192":{"t":"S108"},"194":{"t":"C150"},"197":{"t":"R22"},"198":{"t":"P28A"},"19A":{"t":"C175"},"19B":{"t":"C172"},"19C":{"t":"P28T"},"1A0":{"t":"R44"},"1A3":{"t":"PA18"},"1A5":{"t":"CH7A"},"1A7":{"t":"CH7A"},"1A8":{"t":"CH7A"},"1AC":{"t":"C170"},"1AD":{"t":"C172"},"1B0":{"t":"R22"},"1B2":{"t":"C150"},"1B6":{"t":"C172"},"1B9":{"t":"PA24"},"1BA":{"t":"R44"},"1BB":{"t":"P28A"},"1BE":{"t":"C172"},"1BF":{"t":"CH7B"},"1C0":{"t":"P28A"},"1C2":{"t":"PA30"},"1C3":{"t":"P28A"},"1C4":{"t":"CH7A"},"1C5":{"t":"CH7A"},"1C6":{"t":"CH7A"},"1C7":{"t":"CH7A"},"1C9":{"t":"CH7A"},"1CA":{"t":"CH7A"},"1CF":{"t":"C170"},"1D1":{"t":"T206"},"1D2":{"t":"BE35"},"1D4":{"t":"H500"},"1D5":{"t":"C150"},"1D7":{"t":"C150"},"1D9":{"t":"C172"},"1DA":{"t":"C150"},"1DB":{"t":"P28A"},"1DC":{"t":"PA24"},"1DD":{"t":"C206"},"1DE":{"t":"P28A"},"1E0":{"t":"C175"},"1E1":{"t":"C172"},"1E4":{"t":"C172"},"1E5":{"t":"PA30"},"1E6":{"t":"P28A"},"1EC":{"t":"PA18"},"1ED":{"t":"R22"},"1EE":{"t":"CH7A"},"1EF":{"t":"CH7A"},"1F0":{"t":"PA18"},"1F2":{"t":"C170"},"1F3":{"t":"C172"},"1F4":{"t":"PA32"},"1F5":{"t":"BE35"},"1F6":{"t":"C182"},"1F8":{"t":"C150"},"1F9":{"desc":"L1P"},"1FC":{"t":"C172"},"1FD":{"t":"C150"},"1FE":{"t":"BE35"},"1FF":{"t":"PA24"},"200":{"t":"C185"},"201":{"t":"P28A"},"202":{"t":"P28A"},"203":{"t":"P28A"},"204":{"t":"C172"},"206":{"t":"P28A"},"207":{"t":"C172"},"209":{"t":"C205"},"20A":{"t":"P28A"},"20C":{"t":"PA18"},"20D":{"t":"CH7A"},"20F":{"t":"PA18"},"211":{"t":"CH7A"},"213":{"t":"PA18"},"215":{"t":"C170"},"217":{"t":"P32R"},"21B":{"t":"C150"},"21C":{"t":"P28T"},"21D":{"t":"C150"},"21E":{"t":"S108"},"21F":{"t":"C172"},"221":{"t":"BE33"},"222":{"t":"PA24"},"223":{"t":"C206"},"224":{"t":"P28A"},"225":{"t":"C182"},"226":{"t":"C175"},"228":{"t":"CH7B"},"229":{"t":"P28A"},"22A":{"t":"C172"},"22B":{"t":"PA30"},"22E":{"t":"PA18"},"22F":{"t":"P28U"},"230":{"t":"CH7A"},"232":{"t":"P28T"},"233":{"t":"CH7A"},"234":{"t":"CH7A"},"235":{"t":"CH7A"},"236":{"t":"PA18"},"237":{"t":"WACO"},"239":{"t":"C172"},"23B":{"t":"BE35"},"23D":{"t":"R44"},"240":{"t":"C150"},"242":{"t":"C172"},"245":{"t":"PA24"},"247":{"t":"P28A"},"24A":{"t":"C172"},"24C":{"t":"P28A"},"24D":{"t":"P28A"},"24F":{"t":"P28A"},"250":{"t":"CH7A"},"254":{"t":"P32R"},"256":{"t":"CH7A"},"260":{"t":"E135"},"267":{"t":"AS50"},"268":{"t":"B789"},"270":{"t":"A319"},"274":{"t":"L8"},"275":{"desc":"A1P","t":"ULAC"},"289":{"desc":"L1P"},"28D":{"t":"S108"},"294":{"desc":"H4E"},"29B":{"t":"C172"},"29E":{"t":"EC35"},"2AA":{"t":"C172"},"2B3":{"t":"B739"},"2B7":{"t":"DA40"},"2BB":{"desc":"L1P"},"2C5":{"t":"SR20"},"2C6":{"t":"BE36"},"2D5":{"desc":"L2T"},"2DE":{"t":"H25B"},"2F1":{"desc":"L1P"},"2F2":{"t":"C182"},"2F4":{"t":"EC30"},"30C":{"t":"PA27"},"32C":{"desc":"L1P"},"334":{"t":"C56X"},"335":{"desc":"A1P"},"34D":{"t":"C172"},"34E":{"t":"BE23"},"376":{"t":"B764"},"379":{"t":"BT36"},"37A":{"t":"SR22"},"37F":{"desc":"H4E"},"380":{"desc":"L1P"},"38B":{"t":"P28A"},"394":{"t":"B738"},"398":{"desc":"H4E"},"3A0":{"t":"P28A"},"3A6":{"t":"C525"},"3A7":{"t":"PA30"},"3AE":{"desc":"L1P"},"3D2":{"t":"BE33"},"3D7":{"t":"HA4T"},"3DB":{"t":"BE60"},"3E8":{"t":"ULAC"},"3F5":{"t":"CRJ9"},"3F9":{"t":"C172"},"3FB":{"desc":"A1P","t":"ULAC"},"3FC":{"desc":"L1P"},"401":{"t":"ULAC"},"402":{"t":"B738"},"405":{"t":"ASTO"},"40C":{"desc":"L1P"},"41E":{"t":"A319"},"42B":{"t":"B350"},"436":{"desc":"L1P"},"437":{"t":"A320"},"447":{"desc":"A1P"},"49B":{"t":"L39"},"4A8":{"t":"GLF5"},"4B4":{"t":"P32R"},"4B5":{"t":"C172"},"4B6":{"t":"P28A"},"4B7":{"t":"BE35"},"4BA":{"t":"C150"},"4BB":{"t":"J3"},"4BC":{"t":"C150"},"4BF":{"t":"C150"},"4C0":{"t":"BE33"},"4C1":{"t":"PA24"},"4C2":{"t":"C206"},"4C3":{"t":"P28A"},"4C4":{"t":"C182"},"4C5":{"t":"C175"},"4C6":{"t":"C172"},"4C8":{"t":"P28A"},"4CA":{"t":"P32R"},"4CF":{"t":"CH7A"},"4D6":{"desc":"L1P"},"4D8":{"t":"PA34"},"4D9":{"t":"R22"},"4DC":{"desc":"H1T"},"4E1":{"t":"C172"},"4E2":{"t":"C150"},"4E3":{"t":"BE35"},"4E7":{"t":"C182"},"4EA":{"t":"CH7B"},"4EB":{"t":"P28A"},"4ED":{"t":"PA30"},"4EF":{"t":"CH7A"},"4F0":{"t":"CH7A"},"4F1":{"desc":"L1P"},"4F4":{"t":"CH7A"},"4F5":{"t":"CH7A"},"4F8":{"t":"CH7A"},"4FA":{"t":"C172"},"4FC":{"t":"P28A"},"4FD":{"t":"BE35"},"4FF":{"desc":"H1T"},"500":{"t":"R22"},"501":{"t":"R44"},"502":{"t":"C150"},"503":{"t":"R44"},"504":{"t":"C172"},"505":{"t":"C182"},"506":{"t":"BE35"},"509":{"t":"R22"},"50C":{"t":"PA34"},"50D":{"t":"CH7A"},"50F":{"t":"C172"},"512":{"t":"CH7A"},"517":{"t":"CH7A"},"51B":{"t":"CH7A"},"51D":{"t":"C170"},"51E":{"t":"C172"},"51F":{"t":"P28A"},"520":{"t":"P28A"},"521":{"t":"M20P"},"522":{"desc":"H1T"},"523":{"t":"C150"},"526":{"t":"R22"},"527":{"t":"C172"},"528":{"t":"C150"},"529":{"t":"BE55"},"52A":{"t":"PA24"},"52B":{"t":"C185"},"52D":{"t":"C182"},"52F":{"t":"C172"},"530":{"t":"CH7B"},"531":{"t":"P28A"},"532":{"t":"C172"},"533":{"t":"P28A"},"537":{"t":"CH7A"},"538":{"t":"CH7A"},"53A":{"t":"CH7A"},"53E":{"t":"CH7A"},"540":{"t":"C170"},"541":{"t":"C172"},"543":{"t":"BE35"},"549":{"t":"S108"},"54A":{"t":"C172"},"54D":{"t":"PA32"},"54E":{"t":"C206"},"551":{"t":"PA32"},"554":{"t":"P28A"},"559":{"t":"P28B"},"55E":{"t":"CH7A"},"560":{"t":"CH7A"},"564":{"t":"C172"},"565":{"t":"P32R"},"566":{"t":"BE35"},"56B":{"t":"C150"},"56C":{"t":"G164"},"56F":{"t":"PA34"},"570":{"t":"PA24"},"571":{"t":"C185"},"572":{"t":"P28A"},"573":{"t":"C182"},"574":{"t":"C172"},"576":{"t":"CH7A"},"577":{"t":"P28A"},"578":{"t":"C172"},"579":{"t":"PA30"},"57B":{"t":"PA44"},"57C":{"t":"CH7A"},"581":{"t":"CH7A"},"582":{"t":"CH7A"},"583":{"t":"CH7A"},"586":{"t":"PA44"},"587":{"t":"C172"},"58C":{"t":"C337"},"58F":{"t":"G164"},"590":{"t":"P28A"},"591":{"t":"C150"},"593":{"t":"PA18"},"594":{"t":"P28B"},"595":{"t":"P28A"},"596":{"t":"C182"},"599":{"t":"CH7A"},"59A":{"t":"P28A"},"59B":{"t":"C172"},"59C":{"t":"PA30"},"59E":{"t":"CH7A"},"5A0":{"t":"P28T"},"5A1":{"t":"PA32"},"5A2":{"t":"PA32"},"5A8":{"t":"G164"},"5AA":{"t":"C172"},"5AF":{"t":"P32R"},"5B0":{"t":"C172"},"5B2":{"t":"S108"},"5B3":{"t":"PA44"},"5B4":{"t":"C150"},"5B5":{"t":"BE33"},"5B6":{"t":"PA24"},"5B7":{"t":"C185"},"5B8":{"t":"P28A"},"5B9":{"t":"PA34"},"5BC":{"t":"CH7A"},"5BD":{"t":"P28A"},"5C2":{"t":"CH7A"},"5C4":{"t":"CH7A"},"5C5":{"t":"CH7A"},"5C6":{"t":"P28A"},"5C9":{"desc":"L1P"},"5CB":{"t":"G164"},"5CC":{"t":"P28A"},"5CD":{"t":"P28T"},"5CE":{"t":"P28A"},"5D2":{"t":"C421"},"5D3":{"t":"P28A"},"5D6":{"t":"C172"},"5D7":{"t":"C150"},"5D8":{"t":"BE35"},"5D9":{"t":"PA24"},"5DA":{"t":"C206"},"5DB":{"t":"P28A"},"5DC":{"t":"C182"},"5DE":{"t":"C150"},"5DF":{"t":"CH7A"},"5E2":{"t":"PA30"},"5E3":{"t":"C205"},"5E4":{"t":"CH7A"},"5E6":{"desc":"L1P"},"5EA":{"desc":"L1P"},"5EC":{"desc":"L1P"},"5EE":{"t":"G164"},"5EF":{"t":"C170"},"5F6":{"desc":"L1P"},"5F7":{"t":"C150"},"5F9":{"t":"C172"},"5FD":{"t":"C185"},"5FE":{"desc":"H1T"},"5FF":{"t":"C182"},"603":{"t":"P28A"},"605":{"t":"PA30"},"606":{"t":"R22"},"607":{"t":"CH7A"},"608":{"t":"CH7A"},"609":{"t":"CH7A"},"60E":{"t":"CH7A"},"611":{"t":"BE17"},"612":{"desc":"A1P"},"613":{"t":"B789"},"615":{"desc":"L1P"},"617":{"t":"E135"},"618":{"t":"SW4"},"619":{"t":"BE35"},"627":{"t":"A319"},"62C":{"desc":"A1P","t":"ULAC"},"62D":{"t":"H25B"},"62E":{"desc":"L1P"},"639":{"t":"R44"},"644":{"t":"C56X"},"647":{"t":"G280"},"648":{"t":"SR22"},"64B":{"t":"M20T"},"652":{"desc":"L1P"},"655":{"t":"EC35"},"65D":{"desc":"L4P"},"65F":{"t":"FA50"},"660":{"desc":"L1P"},"665":{"t":"P28A"},"66A":{"t":"B739"},"66D":{"desc":"L1P"},"678":{"t":"BE36"},"67C":{"t":"SR20"},"68C":{"desc":"L2T"},"69A":{"t":"FA50"},"6A8":{"t":"SR22"},"6AC":{"t":"C25B"},"6AE":{"desc":"H6E"},"6AF":{"t":"R66"},"6B2":{"t":"TBM7"},"6B9":{"desc":"L1P"},"6BC":{"t":"C208"},"6C8":{"t":"M20P"},"6CB":{"t":"E145"},"6CF":{"t":"C150"},"6D2":{"desc":"H4E"},"6E2":{"t":"P28B"},"6E5":{"t":"H25B"},"6EB":{"t":"C56X"},"6EF":{"t":"PA18"},"6F5":{"t":"H60"},"6F8":{"t":"GLF5"},"701":{"desc":"L1P"},"704":{"t":"C172"},"708":{"desc":"H1P"},"70E":{"desc":"L1P"},"715":{"t":"CL60"},"717":{"desc":"H1P"},"726":{"t":"P28A"},"727":{"desc":"L1P"},"72B":{"t":"GLF6"},"72D":{"t":"B764"},"731":{"t":"C182"},"733":{"t":"C172"},"73E":{"desc":"L1P","t":"ULAC"},"740":{"desc":"A1P"},"74B":{"t":"B738"},"757":{"t":"P28A"},"758":{"t":"AS50"},"75A":{"t":"PA44"},"75E":{"t":"C182"},"768":{"t":"BE20"},"770":{"t":"FDCT"},"78A":{"t":"TBM7"},"792":{"t":"PA34"},"797":{"desc":"L1P"},"79A":{"desc":"L1T"},"7A2":{"t":"PA18"},"7A3":{"desc":"A1T","t":"KODI"},"7A4":{"t":"EA50"},"7A5":{"t":"GLEX"},"7AA":{"t":"R22"},"7AB":{"desc":"L1P"},"7AC":{"t":"CRJ9"},"7B0":{"t":"C172"},"7B1":{"desc":"L1P"},"7B3":{"desc":"L1P"},"7B8":{"desc":"L1P"},"7B9":{"t":"B738"},"7BB":{"t":"BE95"},"7BD":{"desc":"L1P"},"7BE":{"t":"BALL"},"7CC":{"desc":"A1P"},"7CD":{"desc":"L2J"},"7D5":{"t":"A319"},"7E0":{"desc":"L1P","t":"ULAC"},"7E2":{"t":"B350"},"7E5":{"t":"DV20"},"7EE":{"t":"A320"},"7F7":{"t":"COL3"},"7F9":{"desc":"L1P","t":"ULAC"},"811":{"t":"C25B"},"814":{"t":"SR22"},"816":{"desc":"L1P"},"818":{"desc":"L1P"},"81F":{"desc":"L1P"},"82F":{"desc":"L1P"},"86B":{"t":"C170"},"86C":{"t":"C172"},"86D":{"t":"P28A"},"873":{"desc":"L1P"},"874":{"t":"G164"},"875":{"t":"P28A"},"878":{"t":"P28A"},"87D":{"t":"C172"},"87E":{"t":"CH7B"},"87F":{"t":"P28A"},"883":{"t":"CH7A"},"885":{"t":"CH7A"},"888":{"t":"CH7A"},"889":{"t":"CH7A"},"88B":{"t":"P32R"},"88D":{"desc":"L1P"},"88F":{"t":"C172"},"890":{"t":"P28A"},"891":{"t":"BE35"},"896":{"t":"C150"},"897":{"t":"S108"},"898":{"t":"C172"},"89B":{"t":"PA24"},"89E":{"t":"C182"},"89F":{"t":"C175"},"8A0":{"t":"C172"},"8A1":{"t":"PA32"},"8A4":{"t":"PA30"},"8A5":{"t":"C205"},"8A8":{"t":"CH7A"},"8A9":{"t":"CH7A"},"8AA":{"t":"P28A"},"8B0":{"t":"L8"},"8B1":{"t":"P28A"},"8B2":{"t":"C172"},"8B3":{"t":"P28R"},"8B4":{"t":"BE35"},"8B5":{"t":"M20P"},"8B7":{"t":"C150"},"8B9":{"t":"C150"},"8BB":{"t":"C172"},"8BE":{"t":"PA24"},"8C1":{"t":"C182"},"8C2":{"t":"P28T"},"8C5":{"t":"P28A"},"8C8":{"t":"P28B"},"8CB":{"t":"CH7A"},"8CC":{"t":"CH7A"},"8CD":{"t":"CH7A"},"8D0":{"desc":"L1P"},"8D2":{"desc":"L1P"},"8D5":{"t":"C172"},"8D7":{"t":"BE35"},"8DA":{"t":"C150"},"8DB":{"t":"P28A"},"8DD":{"t":"S108"},"8DF":{"t":"C150"},"8E0":{"t":"BE33"},"8E1":{"t":"PA24"},"8E2":{"t":"C185"},"8E4":{"t":"P28T"},"8E5":{"t":"P28A"},"8E6":{"t":"C172"},"8E7":{"t":"P28A"},"8E8":{"t":"P28A"},"8E9":{"t":"P28A"},"8EA":{"t":"PA30"},"8EB":{"t":"P28A"},"8ED":{"t":"P28A"},"8EF":{"t":"P28A"},"8F1":{"t":"CH7A"},"8F3":{"t":"CH7A"},"8F4":{"t":"CH7A"},"8F9":{"t":"P32R"},"8FB":{"t":"P28A"},"8FD":{"t":"C150"},"8FE":{"t":"P28A"},"8FF":{"t":"C150"},"901":{"t":"P32R"},"902":{"t":"C150"},"904":{"t":"PA24"},"907":{"t":"P28B"},"90B":{"t":"P28A"},"90C":{"t":"C172"},"90D":{"t":"P28B"},"911":{"t":"CH7A"},"914":{"desc":"L1P"},"918":{"t":"CH7A"},"91B":{"t":"C172"},"91C":{"t":"PA34"},"91E":{"desc":"L1P"},"922":{"t":"C150"},"923":{"t":"S108"},"924":{"t":"C172"},"926":{"t":"BE33"},"928":{"t":"PA32"},"92A":{"t":"PA32"},"92C":{"t":"C172"},"92E":{"t":"P28A"},"930":{"t":"PA30"},"931":{"t":"C205"},"936":{"t":"CH7A"},"938":{"t":"CH7A"},"93C":{"t":"G164"},"93D":{"t":"C170"},"93E":{"t":"P32R"},"93F":{"t":"P28A"},"943":{"t":"C150"},"944":{"t":"P32R"},"945":{"t":"C150"},"946":{"t":"G164"},"947":{"t":"C172"},"948":{"t":"T206"},"94B":{"t":"C206"},"94C":{"t":"P28A"},"94D":{"t":"C182"},"950":{"t":"CH7B"},"952":{"t":"C172"},"956":{"t":"CH7A"},"957":{"desc":"L1P"},"95B":{"t":"CH7A"},"95E":{"desc":"L1P"},"962":{"t":"P28A"},"963":{"t":"P32R"},"966":{"t":"C150"},"968":{"desc":"L1P"},"96A":{"t":"C172"},"96C":{"t":"BE33"},"96F":{"t":"P28A"},"972":{"t":"C172"},"973":{"t":"CH7A"},"974":{"t":"P28A"},"976":{"t":"PA30"},"979":{"t":"CH7A"},"97F":{"t":"CH7A"},"981":{"t":"CH7A"},"982":{"t":"G164"},"983":{"t":"C170"},"984":{"t":"C172"},"988":{"t":"H500"},"989":{"t":"SR22"},"98A":{"desc":"L1P"},"98C":{"t":"G164"},"98E":{"t":"C182"},"992":{"t":"P28A"},"993":{"t":"C182"},"994":{"t":"SR22"},"995":{"t":"C172"},"996":{"t":"CH7A"},"997":{"t":"P28A"},"999":{"t":"P28A"},"99B":{"t":"CH7A"},"99C":{"t":"CH7A"},"99D":{"t":"P28A"},"99E":{"t":"CH7A"},"9A1":{"t":"CH7A"},"9A2":{"desc":"L1P"},"9A6":{"t":"P28A"},"9AA":{"t":"M20P"},"9AD":{"t":"BE18"},"9B0":{"t":"C172"},"9B1":{"t":"C150"},"9B2":{"t":"BE35"},"9B6":{"t":"C182"},"9B7":{"t":"C175"},"9B9":{"t":"CH7A"},"9BF":{"t":"CH7A"},"9C2":{"t":"PA32"},"9C4":{"t":"PA44"},"9C7":{"t":"CH7A"},"9C9":{"desc":"L1P"},"9CA":{"t":"B789"},"9CB":{"desc":"L1P"},"9CC":{"desc":"L4J"},"9CE":{"t":"E135"},"9D0":{"t":"A332"},"9D4":{"t":"P28A"},"9D9":{"t":"P28R"},"9DE":{"t":"A319"},"9E0":{"t":"CRJ2"},"9E3":{"t":"B737"},"9FB":{"t":"S108"},"9FC":{"t":"DH8C"},"A09":{"t":"C172"},"A0C":{"t":"EC35"},"A0D":{"t":"SR22"},"A13":{"t":"GLID"},"A20":{"t":"C25B"},"A21":{"t":"B739"},"A29":{"desc":"H1P"},"A2E":{"desc":"L1P"},"A33":{"t":"SR20"},"A3D":{"t":"C172"},"A43":{"desc":"L2T"},"A5B":{"desc":"L1P"},"A78":{"t":"H269"},"A7E":{"t":"P210"},"A82":{"t":"E145"},"A94":{"t":"P28R"},"A9C":{"t":"HUSK"},"AA2":{"t":"C56X"},"AAA":{"desc":"L1P"},"AB0":{"desc":"H1T"},"ABB":{"t":"C172"},"ABC":{"t":"BE23"},"ADD":{"t":"C208"},"ADF":{"desc":"L1P"},"AE2":{"desc":"H1T"},"AE4":{"t":"B764"},"AF5":{"t":"E55P"},"AFB":{"desc":"H1T"},"B02":{"t":"B738"},"B11":{"desc":"L1P"},"B14":{"desc":"H1T"},"B17":{"t":"L39"},"B2D":{"desc":"H1T"},"B44":{"t":"PA34"},"B49":{"desc":"L1P"},"B4C":{"t":"R44"},"B51":{"t":"L39"},"B54":{"desc":"L1P"},"B59":{"desc":"L1P"},"B5A":{"t":"T206"},"B63":{"t":"CRJ9"},"B67":{"t":"C172"},"B69":{"t":"SR22"},"B70":{"t":"B738"},"B75":{"t":"BALL"},"B8C":{"t":"A319"},"B91":{"desc":"H1T"},"B99":{"t":"B350"},"BA5":{"t":"A320"},"BAA":{"desc":"H1T"},"BD3":{"t":"SR22"},"C21":{"desc":"L1P"},"C22":{"t":"CRJ2"},"C24":{"t":"P28A"},"C25":{"t":"BE35"},"C2A":{"t":"PA32"},"C2B":{"t":"PA44"},"C2C":{"t":"C172"},"C2D":{"t":"C150"},"C2F":{"t":"PA24"},"C33":{"t":"C175"},"C35":{"t":"CH7A"},"C36":{"t":"P28A"},"C37":{"t":"C172"},"C39":{"t":"C205"},"C43":{"t":"CH7A"},"C48":{"t":"BE35"},"C4B":{"t":"C150"},"C4D":{"t":"C150"},"C4E":{"t":"S108"},"C50":{"desc":"L1P"},"C51":{"t":"BE55"},"C52":{"t":"PA24"},"C53":{"t":"P28A"},"C54":{"t":"P28A"},"C55":{"t":"P28A"},"C56":{"t":"C175"},"C58":{"t":"CH7B"},"C59":{"t":"P28A"},"C5A":{"t":"C172"},"C5B":{"t":"P28A"},"C5C":{"t":"C205"},"C5E":{"t":"CH7A"},"C61":{"t":"P28A"},"C63":{"t":"CH7A"},"C65":{"t":"CH7A"},"C66":{"t":"CH7A"},"C69":{"t":"C172"},"C6B":{"t":"BE35"},"C6E":{"t":"C150"},"C70":{"t":"C150"},"C74":{"t":"BE35"},"C75":{"t":"PA24"},"C78":{"t":"C182"},"C79":{"t":"P28U"},"C7A":{"t":"C172"},"C7B":{"t":"P28U"},"C7E":{"t":"PA30"},"C82":{"t":"PA32"},"C84":{"t":"P32R"},"C85":{"t":"CH7A"},"C87":{"t":"CH7A"},"C89":{"t":"CH7A"},"C8B":{"t":"P32R"},"C8C":{"t":"C172"},"C8D":{"t":"P28A"},"C8E":{"t":"BE35"},"C91":{"t":"P32R"},"C95":{"t":"C172"},"C96":{"t":"C150"},"C97":{"t":"BE35"},"C98":{"t":"PA24"},"C9A":{"t":"P28A"},"C9B":{"t":"C182"},"C9D":{"t":"C150"},"CA0":{"t":"P32R"},"CA1":{"t":"PA34"},"CA2":{"t":"C205"},"CA5":{"t":"PA34"},"CA8":{"t":"CH7A"},"CA9":{"t":"CH7A"},"CAA":{"t":"CH7A"},"CAC":{"t":"CH7A"},"CAE":{"t":"PA34"},"CB0":{"t":"P28A"},"CB1":{"t":"P28A"},"CBB":{"t":"PA24"},"CBF":{"t":"C175"},"CC2":{"t":"P28A"},"CC3":{"t":"C172"},"CC4":{"t":"P28A"},"CC5":{"t":"C205"},"CC7":{"t":"CH7A"},"CC8":{"t":"CH7A"},"CCA":{"t":"CH7A"},"CCB":{"t":"CH7A"},"CCC":{"t":"CH7A"},"CCD":{"t":"P28A"},"CCE":{"t":"CH7A"},"CD0":{"desc":"L1P"},"CD1":{"t":"P28A"},"CD2":{"t":"C172"},"CD3":{"t":"P28A"},"CD4":{"t":"BE35"},"CD7":{"t":"C150"},"CD8":{"t":"P28A"},"CDC":{"t":"C150"},"CDD":{"t":"BE35"},"CDF":{"t":"C185"},"CE0":{"t":"P28A"},"CE4":{"t":"CH7A"},"CE6":{"t":"C172"},"CE7":{"t":"P28T"},"CEB":{"t":"CH7A"},"CEF":{"t":"P28U"},"CF0":{"t":"CH7A"},"CF1":{"t":"CH7A"},"CF2":{"t":"CH7A"},"CF3":{"t":"GLID"},"CF7":{"t":"BE35"},"CF8":{"t":"M20P"},"CFA":{"t":"C150"},"CFC":{"t":"P32R"},"CFE":{"t":"P28A"},"CFF":{"t":"C150"},"D00":{"desc":"L2P"},"D03":{"t":"P28A"},"D04":{"t":"C182"},"D09":{"t":"C172"},"D0A":{"t":"PA30"},"D0B":{"t":"P28A"},"D0C":{"t":"P28A"},"D0F":{"t":"CH7A"},"D10":{"t":"CH7A"},"D13":{"t":"CH7A"},"D15":{"t":"CH7A"},"D16":{"desc":"L1P"},"D18":{"t":"C172"},"D19":{"t":"P28R"},"D1A":{"t":"BE35"},"D1B":{"t":"M20P"},"D1E":{"desc":"L1P"},"D1F":{"t":"C150"},"D21":{"t":"P28A"},"D25":{"t":"C206"},"D26":{"t":"P28A"},"D28":{"t":"C175"},"D2B":{"t":"P28A"},"D2C":{"t":"C172"},"D2E":{"t":"C205"},"D2F":{"t":"CH7A"},"D30":{"t":"CH7A"},"D33":{"t":"P28A"},"D35":{"t":"CH7A"},"D36":{"t":"CH7A"},"D37":{"t":"CH7A"},"D3A":{"t":"R22"},"D3B":{"t":"C172"},"D41":{"t":"P28U"},"D42":{"t":"PA32"},"D44":{"t":"C172"},"D45":{"t":"C150"},"D47":{"t":"PA24"},"D49":{"t":"P28A"},"D4A":{"t":"C182"},"D4B":{"desc":"L1P"},"D4C":{"t":"C172"},"D4D":{"t":"CH7A"},"D4E":{"t":"P28A"},"D4F":{"t":"C172"},"D53":{"t":"CH7A"},"D54":{"t":"CH7A"},"D56":{"t":"CH7A"},"D59":{"t":"CH7A"},"D5A":{"t":"P32R"},"D5B":{"t":"CH7A"},"D5D":{"t":"PA34"},"D5E":{"t":"C172"},"D67":{"t":"C172"},"D72":{"t":"C172"},"D73":{"t":"PA30"},"D76":{"t":"CH7A"},"D77":{"t":"CH7A"},"D78":{"t":"P28A"},"D79":{"t":"CH7A"},"D7A":{"t":"CH7A"},"D7B":{"t":"CH7A"},"D7C":{"t":"CH7A"},"D7F":{"t":"BE30"},"D80":{"desc":"L1P"},"D82":{"t":"M20P"},"D83":{"t":"CH7B"},"D84":{"t":"S22T"},"D87":{"desc":"L1P"},"D88":{"t":"AR11"},"D89":{"desc":"L1P"},"D8A":{"t":"BE36"},"D8B":{"desc":"L1P"},"D8E":{"desc":"L1P"},"D92":{"t":"C72R"},"D93":{"t":"P32R"},"D94":{"desc":"L1P","t":"TB0"},"D95":{"t":"E35L"},"D99":{"t":"BE36"},"D9B":{"t":"BE35"},"D9C":{"t":"C140"},"D9D":{"t":"C208"},"D9E":{"t":"BE36"},"D9F":{"t":"BE36"},"DA1":{"t":"BE35"},"DA2":{"t":"GLID"},"DA3":{"desc":"L1P"},"DA5":{"desc":"L1P"},"DA6":{"t":"C152"},"DA9":{"desc":"L1P"},"DAB":{"t":"BT36"},"DAE":{"desc":"L1P"},"DB0":{"t":"GLID"},"DB1":{"desc":"L1P"},"DB2":{"t":"P337"},"DB3":{"t":"BE20"},"DB4":{"desc":"L1P"},"DB5":{"t":"C172"},"DB6":{"desc":"L1P"},"DB7":{"desc":"L1P"},"DB8":{"t":"PAY1"},"DB9":{"t":"C340"},"DBC":{"t":"B06"},"DBD":{"desc":"L1P"},"DBE":{"t":"EA50"},"DC3":{"desc":"L1P"},"DC4":{"desc":"H1T"},"DC7":{"t":"G280"},"DCB":{"t":"BE35"},"DCC":{"t":"C414"},"DCE":{"t":"BE58"},"DD1":{"t":"GLID"},"DD3":{"t":"EN28"},"DD4":{"desc":"L1P"},"DD5":{"desc":"L1P"},"DD6":{"t":"C172"},"DD7":{"t":"C182"},"DD9":{"desc":"L1P"},"DE0":{"t":"AA5"},"DE2":{"desc":"L1P"},"DE4":{"t":"P337"},"DE5":{"t":"C750"},"DE6":{"t":"PA32"},"DE7":{"t":"C550"},"DE8":{"t":"C182"},"DE9":{"desc":"L1P"},"DF0":{"desc":"L1P"},"DF4":{"t":"M20P"},"DF5":{"desc":"L1P"},"DF8":{"desc":"L1T"},"DFD":{"desc":"L1P"},"DFF":{"t":"BE35"},"E00":{"t":"AT3T"},"E01":{"desc":"L1P"},"E02":{"t":"GLID"},"E03":{"t":"C182"},"E08":{"t":"BE36"},"E09":{"t":"PRM1"},"E0A":{"t":"LJ35"},"E0E":{"desc":"L1P"},"E12":{"desc":"L1P","t":"ULAC"},"E16":{"t":"U21"},"E17":{"desc":"L1P"},"E18":{"desc":"L1P"},"E19":{"t":"C550"},"E1D":{"desc":"L1P"},"E1E":{"t":"PC12"},"E22":{"desc":"L1P"},"E23":{"desc":"L1P"},"E24":{"desc":"L1J"},"E26":{"t":"C340"},"E27":{"t":"AA5"},"E28":{"desc":"L1P","t":"TB0"},"E29":{"t":"AC90"},"E2A":{"t":"GLF5"},"E2C":{"desc":"L1P","t":"ULAC"},"E2F":{"desc":"L1P"},"E30":{"t":"C421"},"E31":{"desc":"L1P"},"E32":{"t":"C340"},"E33":{"t":"GLF4"},"E3F":{"t":"GLID"},"E40":{"t":"TBM7"},"E41":{"t":"LJ60"},"E44":{"desc":"L1P"},"E45":{"desc":"L1P"},"E46":{"t":"HUSK"},"E48":{"t":"C172"},"E49":{"desc":"L1P"},"E4A":{"t":"C340"},"E4B":{"desc":"L1P","t":"ULAC"},"E4C":{"t":"BL8"},"E4D":{"desc":"L1P"},"E4E":{"t":"RV12"},"E50":{"t":"C650"},"E52":{"desc":"L1P"},"E53":{"t":"BE9T"},"E55":{"t":"BE36"},"E56":{"t":"PA24"},"E59":{"t":"PA30"},"E61":{"t":"BE35"},"E62":{"t":"P32R"},"E63":{"desc":"L2T","t":"DC3"},"E64":{"desc":"A1P"},"E66":{"t":"PC24"},"E67":{"desc":"A1P"},"E69":{"t":"PC24"},"E6A":{"desc":"L1P"},"E6B":{"desc":"L1J"},"E6C":{"t":"P32R"},"E6E":{"t":"B350"},"E72":{"t":"GLID"},"E73":{"desc":"L1P"},"E76":{"desc":"L1P"},"E78":{"desc":"L1P"},"E7A":{"desc":"L1P"},"E7B":{"t":"P32R"},"E7C":{"t":"BE55"},"E7D":{"t":"P337"},"E80":{"t":"B350"},"E81":{"t":"C550"},"E83":{"desc":"L1P"},"E84":{"t":"ST75"},"E85":{"desc":"L1P"},"E86":{"t":"C182"},"E88":{"desc":"L1P"},"E8B":{"t":"C182"},"E8C":{"t":"DA62"},"E8D":{"t":"BALL"},"E90":{"t":"C56X"},"E92":{"desc":"L1P"},"E93":{"desc":"L1P"},"E94":{"desc":"L1P"},"E96":{"t":"T210"},"E97":{"t":"BE33"},"E98":{"desc":"L1P"},"E99":{"desc":"L1P"},"E9A":{"desc":"L1P"},"E9D":{"t":"C152"},"E9F":{"desc":"L1P"},"EA1":{"desc":"L1P"},"EA3":{"t":"SR20"},"EA4":{"desc":"L1P"},"EA8":{"t":"E550"},"EA9":{"desc":"L1P"},"EAA":{"t":"RV12"},"EAC":{"desc":"L1P"},"EB0":{"t":"P210"},"EB1":{"t":"BE9L"},"EB3":{"t":"C650"},"EC7":{"t":"P28A"},"EC8":{"t":"BE20"},"EC9":{"t":"SR22"},"ECA":{"t":"BE58"},"ECB":{"desc":"A1P"},"ECC":{"t":"G164"},"ECD":{"t":"F900"},"ECE":{"t":"F2TH"},"ED0":{"desc":"L1P"},"ED1":{"t":"ULAC"},"ED5":{"t":"C414"},"ED6":{"desc":"L1P"},"ED7":{"desc":"L1P"},"EDA":{"t":"SR22"},"EF7":{"t":"BE36"},"EF8":{"desc":"L1P"},"EF9":{"t":"S22T"},"EFA":{"desc":"L1P"},"EFB":{"desc":"L1P"},"EFD":{"t":"GLID"},"F01":{"desc":"L1P"},"F02":{"desc":"L1P"},"F03":{"desc":"L1P"},"F05":{"desc":"L1P"},"F09":{"t":"C421"},"F0B":{"desc":"L1P"},"F0C":{"desc":"L1P"},"F11":{"desc":"L1P"},"F12":{"desc":"A1P"},"F13":{"desc":"L1P"},"F14":{"desc":"L1P"},"F15":{"desc":"L1P"},"F16":{"desc":"L1P"},"F17":{"t":"GLID"},"F19":{"t":"T210"},"F1A":{"desc":"L1P"},"F1B":{"t":"BE36"},"F1C":{"t":"AEST"},"F1E":{"t":"GLID"},"F20":{"t":"BE33"},"F21":{"t":"P32R"},"F24":{"t":"F2TH"},"F29":{"t":"GLID"},"F2A":{"t":"BE55"},"F2B":{"desc":"L1J"},"F2C":{"desc":"L1P"},"F2D":{"t":"PA30"},"F2E":{"desc":"L1T"},"F2F":{"desc":"L1P"},"F30":{"desc":"L1P"},"F31":{"desc":"L1P"},"F32":{"t":"FA10"},"F33":{"desc":"L1P"},"F34":{"desc":"L1P"},"F35":{"t":"C185"},"F39":{"desc":"L1P"},"F3B":{"t":"BE35"},"F3E":{"desc":"L1P"},"F3F":{"desc":"L1P"},"F4F":{"desc":"L1P"},"F50":{"t":"H25B"},"F52":{"t":"EA50"},"F53":{"t":"C180"},"F5B":{"desc":"L1P"},"F5C":{"t":"PRM1"},"F5E":{"desc":"L1P"},"F65":{"t":"PA24"},"F6F":{"t":"DV20"},"F76":{"t":"SR20"},"F77":{"t":"C25B"},"F78":{"desc":"L1P"},"F79":{"t":"C82S"},"F7A":{"desc":"L1P"},"F7B":{"desc":"L1P"},"F7C":{"t":"BE35"},"F7D":{"desc":"L1P"},"F7E":{"desc":"L1P"},"F80":{"t":"HUSK"},"F82":{"t":"P28B"},"F85":{"t":"BE36"},"F86":{"t":"PA32"},"F8B":{"t":"HUSK"},"F9B":{"t":"BE20"},"FA5":{"desc":"H4E"},"FB0":{"desc":"L1P"},"FBF":{"t":"BE95"},"FD8":{"desc":"L1P"},"FDA":{"t":"C560"},"FDB":{"t":"DA40"},"FDC":{"t":"LJ45"},"FDE":{"t":"E135"},"FE0":{"t":"PC12"},"FE3":{"t":"AC90"},"FE5":{"t":"AC90"},"FE6":{"t":"B789"},"FEE":{"t":"A319"},"FF0":{"t":"CRJ2"},"FF2":{"t":"L8"},"FF3":{"desc":"A1P","t":"ULAC"},"FF4":{"t":"ULAC"},"FF6":{"t":"AC90"},"FFE":{"t":"C650"}}