{"00B":{"t":"GLID"},"00C":{"t":"B350"},"00E":{"t":"C56X"},"00F":{"t":"SR20"},"011":{"t":"AC90"},"019":{"t":"BE20"},"01C":{"t":"R44"},"01D":{"t":"C560"},"020":{"t":"P28R"},"024":{"t":"PA46"},"025":{"desc":"H6E"},"031":{"t":"B739"},"032":{"t":"FA20"},"034":{"t":"AC90"},"039":{"t":"C182"},"043":{"t":"SR20"},"04D":{"t":"GLF4"},"056":{"desc":"L1T"},"05A":{"t":"B77L"},"06F":{"t":"AC90"},"077":{"t":"AC90"},"080":{"desc":"H1P"},"088":{"t":"PA27"},"08B":{"desc":"L1P"},"0A2":{"t":"C208"},"0A3":{"t":"BE60"},"0AD":{"t":"LJ45"},"0B2":{"t":"C56X"},"0B6":{"t":"AC90"},"0BB":{"desc":"H4E"},"0BC":{"desc":"L2T"},"0D5":{"t":"B412"},"0E1":{"t":"C182"},"0EC":{"t":"AC90"},"0ED":{"t":"C208"},"0EF":{"t":"C172"},"0F4":{"t":"B764"},"0FB":{"desc":"L4J"},"112":{"t":"B738"},"11E":{"t":"BE35"},"11F":{"t":"C172"},"12A":{"t":"C525"},"12B":{"t":"AC90"},"12F":{"t":"AC90"},"152":{"t":"AC90"},"161":{"desc":"H1P"},"164":{"desc":"L1P"},"169":{"desc":"L2P"},"16D":{"t":"B06"},"16E":{"t":"AC90"},"171":{"t":"RV12"},"173":{"t":"CRJ9"},"179":{"desc":"A1P","t":"ULAC"},"17C":{"t":"C172"},"17E":{"t":"LJ31"},"180":{"t":"B738"},"197":{"t":"AC90"},"198":{"t":"H25B"},"19C":{"t":"A319"},"1B0":{"desc":"H4E"},"1B5":{"t":"A320"},"1B9":{"desc":"L1P"},"1CE":{"t":"BL8"},"1D0":{"t":"SR20"},"1D9":{"t":"PA32"},"20D":{"t":"ULAC"},"231":{"desc":"L3P"},"233":{"t":"C150"},"236":{"t":"FA50"},"237":{"desc":"A1P"},"239":{"desc":"L1P"},"23A":{"t":"C150"},"23B":{"t":"G164"},"23C":{"t":"C172"},"23D":{"t":"C150"},"23E":{"t":"BE35"},"23F":{"t":"PA24"},"240":{"t":"C185"},"242":{"t":"P28A"},"247":{"t":"C172"},"24B":{"t":"P28A"},"24C":{"t":"CH7A"},"24D":{"t":"CH7A"},"24E":{"t":"CH7A"},"250":{"t":"CH7A"},"251":{"t":"P28A"},"252":{"t":"P28U"},"253":{"t":"C172"},"255":{"t":"C421"},"256":{"t":"P32R"},"258":{"t":"P32R"},"25A":{"t":"P28A"},"25D":{"t":"C150"},"25F":{"t":"C172"},"260":{"t":"PA34"},"261":{"t":"BE33"},"262":{"t":"PA24"},"263":{"t":"C185"},"264":{"t":"P28A"},"265":{"desc":"A1P"},"266":{"t":"P28A"},"267":{"t":"C172"},"268":{"desc":"L1P"},"26A":{"t":"C172"},"26F":{"t":"CH7A"},"271":{"t":"P28A"},"272":{"t":"P28A"},"273":{"t":"CH7A"},"275":{"t":"CH7A"},"276":{"t":"C172"},"277":{"desc":"L1P"},"279":{"t":"P28B"},"27A":{"t":"P28A"},"27D":{"t":"SR22"},"281":{"t":"G164"},"282":{"t":"C172"},"283":{"t":"C150"},"284":{"t":"BE35"},"286":{"t":"SR22"},"287":{"t":"P28A"},"288":{"t":"PA32"},"289":{"t":"C182"},"28A":{"t":"C172"},"28C":{"t":"P28A"},"28D":{"t":"C172"},"28F":{"t":"C205"},"290":{"t":"CH7A"},"291":{"t":"CH7A"},"293":{"t":"P32R"},"294":{"t":"C172"},"295":{"t":"CH7A"},"296":{"t":"C172"},"299":{"t":"CH7A"},"29B":{"t":"BE35"},"29C":{"t":"P32R"},"29E":{"t":"P32R"},"29F":{"t":"B47G"},"2A5":{"t":"R22"},"2A8":{"t":"PA24"},"2A9":{"t":"C185"},"2AA":{"t":"P28A"},"2AC":{"t":"C182"},"2AD":{"t":"C172"},"2AE":{"desc":"L1P"},"2B1":{"t":"PA30"},"2B3":{"t":"CH7A"},"2B4":{"t":"CH7A"},"2B5":{"t":"CH7A"},"2B6":{"t":"CH7A"},"2B8":{"t":"CH7A"},"2B9":{"t":"C172"},"2BE":{"t":"BE35"},"2C0":{"t":"P28R"},"2C6":{"t":"C150"},"2C7":{"t":"S108"},"2C9":{"t":"C150"},"2CA":{"t":"BE35"},"2CB":{"t":"PA24"},"2CF":{"t":"C182"},"2D0":{"t":"C172"},"2D5":{"t":"C205"},"2DC":{"t":"CH7A"},"2DE":{"t":"C172"},"2DF":{"t":"CH7A"},"2E1":{"t":"BE35"},"2E2":{"t":"P28A"},"2EA":{"t":"G164"},"2EC":{"t":"P28A"},"2ED":{"t":"BE35"},"2EE":{"t":"PA24"},"2EF":{"t":"C206"},"2F0":{"t":"P28A"},"2F1":{"t":"P28A"},"2F2":{"t":"C182"},"2F5":{"t":"P28A"},"2F7":{"t":"PA30"},"2F9":{"t":"C172"},"2FC":{"t":"CH7A"},"2FD":{"t":"P28A"},"2FE":{"t":"CH7A"},"2FF":{"t":"CH7A"},"302":{"t":"CH7A"},"304":{"t":"P28A"},"305":{"desc":"H8E"},"30B":{"t":"P28A"},"30E":{"t":"C172"},"314":{"t":"C182"},"315":{"t":"P28U"},"316":{"t":"C172"},"318":{"t":"P28A"},"31A":{"t":"PA30"},"31B":{"t":"C205"},"31E":{"t":"C172"},"31F":{"t":"C172"},"321":{"t":"CH7A"},"323":{"t":"CH7A"},"324":{"t":"C172"},"325":{"t":"CH7A"},"326":{"desc":"L3P"},"32A":{"t":"PA22"},"32C":{"t":"PA34"},"331":{"t":"C172"},"332":{"t":"C150"},"334":{"t":"PA18"},"336":{"t":"PA34"},"337":{"t":"C182"},"338":{"t":"C182"},"33A":{"desc":"L1P"},"33B":{"desc":"A1P"},"33C":{"t":"C172"},"33D":{"t":"PA30"},"33F":{"t":"CH7A"},"340":{"t":"C172"},"341":{"t":"C172"},"343":{"t":"CH7A"},"344":{"t":"CH7A"},"345":{"t":"C172"},"34B":{"t":"P28A"},"34C":{"t":"P28A"},"34D":{"t":"PA22"},"34E":{"t":"P28A"},"353":{"t":"S108"},"354":{"t":"P28A"},"357":{"t":"PA24"},"35B":{"desc":"A1P"},"35C":{"t":"C172"},"361":{"t":"C205"},"362":{"t":"CH7A"},"363":{"desc":"L1P"},"364":{"t":"C172"},"365":{"t":"CH7A"},"366":{"t":"CH7A"},"368":{"t":"C172"},"36D":{"t":"P32R"},"36E":{"desc":"A1P"},"370":{"t":"PA22"},"371":{"t":"B47G"},"372":{"t":"C402"},"373":{"t":"C150"},"374":{"t":"P32R"},"376":{"desc":"L1P"},"377":{"t":"C172"},"379":{"t":"CRJ2"},"37A":{"t":"PA24"},"37B":{"t":"T206"},"37C":{"t":"P28A"},"37D":{"t":"C182"},"381":{"t":"P28A"},"382":{"t":"C172"},"383":{"t":"P32R"},"386":{"t":"CH7A"},"387":{"t":"C172"},"388":{"t":"C172"},"38B":{"t":"CH7A"},"38C":{"t":"C172"},"38E":{"t":"C182"},"390":{"t":"PA22"},"393":{"desc":"A2P"},"394":{"t":"PA32"},"395":{"t":"E135"},"39A":{"t":"R44"},"39C":{"t":"C25B"},"39D":{"t":"B789"},"3A0":{"t":"ULAC"},"3A2":{"t":"P32R"},"3A5":{"t":"M7"},"3A7":{"t":"CRJ2"},"3A9":{"t":"C172"},"3AF":{"t":"AT8T"},"3B7":{"desc":"H1T"},"3C2":{"t":"SR22"},"3C4":{"t":"GLID"},"3C6":{"t":"SR22"},"3CE":{"t":"P28A"},"3D0":{"desc":"L1P"},"3E0":{"t":"B350"},"3E7":{"t":"C82S"},"3E8":{"t":"B739"},"3E9":{"t":"C195"},"3EC":{"t":"DA40"},"3F0":{"t":"C56X"},"3F4":{"desc":"L1P"},"3F8":{"t":"P28A"},"3F9":{"desc":"H4E"},"3FA":{"t":"SR20"},"400":{"desc":"A2P"},"404":{"desc":"L5E"},"40D":{"t":"UH1"},"412":{"t":"C208"},"418":{"t":"CRJ2"},"426":{"desc":"L1P"},"428":{"t":"BE35"},"43F":{"desc":"L1P"},"449":{"t":"E145"},"459":{"t":"C172"},"463":{"t":"T210"},"466":{"desc":"G1P","t":"GYRO"},"46D":{"t":"C172"},"471":{"desc":"L1P","t":"ULAC"},"472":{"t":"B350"},"478":{"desc":"L2P"},"488":{"t":"BE20"},"48A":{"t":"BE55"},"48B":{"t":"AT5T"},"490":{"t":"EC35"},"496":{"t":"C206"},"49B":{"desc":"L1P"},"4A3":{"t":"UH1"},"4A4":{"t":"C208"},"4A5":{"desc":"L1P"},"4AB":{"t":"B764"},"4AE":{"desc":"L1P","t":"ULAC"},"4B4":{"t":"C650"},"4BC":{"t":"CL60"},"4C0":{"t":"P28A"},"4C1":{"desc":"L1P"},"4C4":{"desc":"L1P"},"4C9":{"t":"B738"},"4D5":{"desc":"L1P"},"4D6":{"t":"AS50"},"4E1":{"desc":"A1P"},"4E6":{"t":"PA24"},"4EA":{"t":"ULAC"},"516":{"t":"C206"},"518":{"desc":"L2P"},"51B":{"desc":"L1P"},"523":{"t":"LJ60"},"52E":{"t":"C172"},"530":{"t":"SR22"},"532":{"t":"PA46"},"537":{"t":"B738"},"539":{"t":"SR20"},"53C":{"t":"H25B"},"53F":{"t":"LJ35"},"545":{"desc":"L1P"},"54B":{"t":"CL30"},"54E":{"t":"BE36"},"553":{"t":"A319"},"560":{"t":"B350"},"564":{"desc":"L1P"},"56C":{"t":"A320"},"586":{"t":"P32T"},"595":{"t":"GLF4"},"59D":{"desc":"L1P"},"5AB":{"desc":"L1P","t":"ULAC"},"5C2":{"t":"BALL"},"5C8":{"t":"B06"},"5E0":{"t":"BE33"},"5EB":{"t":"P28A"},"5ED":{"t":"C172"},"5F1":{"t":"C150"},"5F2":{"t":"S108"},"5F3":{"t":"C172"},"5F4":{"t":"C150"},"5F5":{"t":"BE33"},"5F6":{"t":"PA34"},"5F9":{"t":"P28A"},"5FA":{"t":"C182"},"5FB":{"t":"C172"},"5FD":{"t":"P28A"},"5FE":{"t":"C172"},"600":{"t":"C205"},"601":{"t":"CH7A"},"605":{"t":"C172"},"606":{"t":"C172"},"609":{"t":"C172"},"60A":{"t":"P28A"},"60D":{"t":"P28A"},"60E":{"t":"P28A"},"60F":{"t":"PA22"},"615":{"t":"S108"},"61B":{"t":"P28A"},"61D":{"t":"C182"},"61E":{"t":"C172"},"621":{"t":"C172"},"623":{"t":"C205"},"625":{"t":"CH7A"},"627":{"t":"CH7A"},"628":{"t":"C172"},"62A":{"t":"CH7A"},"62B":{"t":"C172"},"630":{"t":"P28U"},"631":{"t":"P28A"},"635":{"t":"C150"},"637":{"t":"C150"},"638":{"t":"G164"},"639":{"t":"C172"},"63A":{"t":"C150"},"63C":{"t":"PA32"},"63E":{"t":"P28A"},"63F":{"t":"C182"},"640":{"t":"C182"},"641":{"t":"C172"},"644":{"t":"C172"},"646":{"t":"P32R"},"647":{"t":"CH7A"},"648":{"t":"CH7A"},"649":{"t":"C172"},"64A":{"t":"CH7A"},"64B":{"t":"CH7A"},"64C":{"t":"C172"},"64D":{"t":"CH7A"},"64E":{"t":"CH7A"},"650":{"t":"C172"},"654":{"t":"P28R"},"655":{"t":"B47G"},"65A":{"t":"C150"},"65C":{"t":"C172"},"65E":{"t":"PA34"},"661":{"t":"P28A"},"662":{"t":"C182"},"663":{"t":"PA34"},"666":{"t":"P28A"},"667":{"t":"C172"},"668":{"t":"PA18"},"66A":{"t":"C172"},"66F":{"t":"L8"},"673":{"t":"CH7A"},"677":{"t":"P28R"},"67A":{"t":"P28A"},"67B":{"t":"C150"},"67D":{"t":"C150"},"67F":{"t":"C172"},"680":{"t":"P28A"},"681":{"t":"P28A"},"682":{"t":"PA24"},"683":{"t":"C185"},"684":{"t":"P28A"},"685":{"t":"C182"},"686":{"t":"C182"},"687":{"t":"C172"},"688":{"desc":"L1P"},"689":{"t":"P28A"},"68A":{"t":"C172"},"68B":{"t":"P28A"},"68C":{"t":"P28B"},"68D":{"t":"C172"},"68E":{"t":"C172"},"691":{"t":"CH7A"},"693":{"t":"C172"},"694":{"t":"C172"},"696":{"t":"CH7A"},"697":{"t":"C172"},"69D":{"t":"P32R"},"69F":{"t":"P32R"},"6A1":{"t":"S108"},"6A3":{"t":"C150"},"6A5":{"desc":"A1P"},"6A7":{"t":"P28A"},"6AE":{"t":"PA18"},"6B1":{"t":"C172"},"6B3":{"t":"C172"},"6B5":{"t":"CH7A"},"6B7":{"t":"CH7A"},"6B8":{"t":"CH7A"},"6BB":{"t":"BE35"},"6BC":{"t":"CRJ2"},"6C1":{"t":"C150"},"6C3":{"t":"R22"},"6C4":{"t":"P32R"},"6C6":{"t":"C150"},"6CA":{"t":"P28A"},"6CB":{"t":"C182"},"6CC":{"desc":"A1P"},"6CD":{"t":"C172"},"6CF":{"t":"P28A"},"6D0":{"t":"C172"},"6D1":{"t":"PA30"},"6D2":{"t":"C205"},"6D3":{"t":"CH7A"},"6D5":{"t":"C172"},"6D6":{"t":"CH7A"},"6D7":{"t":"CH7A"},"6D9":{"t":"CH7A"},"6DA":{"t":"CH7A"},"6DB":{"t":"CH7A"},"6DC":{"t":"C172"},"6DE":{"t":"PA34"},"6E0":{"t":"P28A"},"6E5":{"t":"PA34"},"6E6":{"desc":"L1P"},"6EB":{"t":"PA24"},"6F0":{"t":"C172"},"6F4":{"t":"PA18"},"6F6":{"t":"C172"},"6F7":{"t":"CH7A"},"6FB":{"t":"P28A"},"6FC":{"t":"P28A"},"6FD":{"t":"CH7A"},"6FE":{"t":"CH7A"},"703":{"t":"P28A"},"704":{"t":"PA22"},"705":{"t":"P28B"},"707":{"t":"C150"},"708":{"t":"P28U"},"709":{"desc":"L1P"},"710":{"t":"P28A"},"711":{"t":"C182"},"712":{"t":"C182"},"715":{"t":"P28A"},"717":{"t":"PA30"},"719":{"t":"P28U"},"71A":{"t":"CH7A"},"71C":{"t":"C172"},"71D":{"t":"CH7A"},"71F":{"t":"C172"},"724":{"t":"BE35"},"726":{"t":"P28A"},"72B":{"t":"P28A"},"72C":{"desc":"L1P"},"730":{"t":"BE35"},"733":{"t":"P28A"},"735":{"t":"C182"},"73B":{"t":"C205"},"73C":{"t":"C172"},"73E":{"t":"CH7A"},"73F":{"t":"C172"},"740":{"t":"C172"},"741":{"t":"C172"},"743":{"t":"CH7A"},"744":{"t":"CH7A"},"745":{"t":"CH7A"},"746":{"desc":"L1P"},"747":{"t":"C56X"},"74A":{"t":"BL8"},"74C":{"t":"E135"},"757":{"desc":"L2T"},"75C":{"desc":"L2J"},"760":{"t":"L8"},"761":{"desc":"L2J"},"762":{"desc":"L1P"},"765":{"t":"BT36"},"768":{"desc":"L1P"},"769":{"t":"P28A"},"76E":{"desc":"H1T"},"779":{"t":"S108"},"77A":{"t":"TBM7"},"77C":{"t":"GLID"},"781":{"t":"BL8"},"785":{"desc":"L1P"},"787":{"t":"SR22"},"78A":{"t":"BL8"},"78B":{"t":"B350"},"794":{"desc":"L1P"},"79C":{"desc":"L1P"},"79E":{"t":"C182"},"79F":{"t":"B739"},"7A0":{"desc":"L1P"},"7A4":{"desc":"L1P"},"7A9":{"t":"C421"},"7AB":{"t":"B190"},"7AD":{"t":"C208"},"7B1":{"t":"SR20"},"7B7":{"desc":"L1P"},"7C8":{"t":"B77L"},"7D0":{"desc":"L1P"},"7E1":{"desc":"H4E"},"7F6":{"t":"AT8T"},"7FF":{"t":"SR22"},"800":{"t":"E145"},"804":{"desc":"H4E"},"810":{"t":"C82S"},"817":{"t":"H500"},"81B":{"desc":"L1P"},"820":{"t":"C56X"},"824":{"desc":"L1P"},"828":{"desc":"L1P"},"829":{"t":"AT8T"},"836":{"t":"C172"},"83A":{"t":"E300"},"840":{"t":"BE23"},"842":{"t":"DA40"},"843":{"t":"BL8"},"84F":{"t":"C172"},"85A":{"desc":"H1T"},"85B":{"t":"TBM7"},"85C":{"t":"LJ45"},"85D":{"desc":"L1P"},"862":{"t":"B764"},"866":{"t":"P28B"},"877":{"t":"PA44"},"878":{"desc":"L1P"},"880":{"t":"B738"},"88C":{"t":"E300"},"88D":{"t":"GLF4"},"8BE":{"t":"BE35"},"8C1":{"desc":"L1P"},"8CE":{"t":"BALL"},"8CF":{"desc":"L1P"},"8D3":{"desc":"L1E"},"8DD":{"t":"SR20"},"8DF":{"t":"R22"},"8E5":{"t":"C172"},"8E7":{"desc":"A1P","t":"ULAC"},"8E8":{"desc":"L2J"},"8E9":{"desc":"L1P","t":"ULAC"},"8EB":{"t":"R22"},"8EC":{"desc":"L1P","t":"ULAC"},"8EE":{"t":"B738"},"8F0":{"t":"BE95"},"8F3":{"t":"C182"},"901":{"t":"P28S"},"902":{"t":"P28A"},"90A":{"t":"A319"},"917":{"t":"B350"},"923":{"t":"A320"},"936":{"t":"S22T"},"93C":{"desc":"L1T","t":"G164"},"93E":{"t":"B350"},"941":{"t":"PC12"},"94D":{"t":"SR22"},"952":{"desc":"L1P"},"954":{"t":"COL4"},"994":{"t":"ULAC"},"9A1":{"desc":"A1P"},"9A2":{"t":"P28A"},"9A3":{"t":"PA22"},"9A8":{"desc":"L1P"},"9A9":{"t":"S108"},"9AA":{"t":"C172"},"9AB":{"t":"C150"},"9AC":{"t":"BE35"},"9AD":{"t":"ULAC"},"9AF":{"t":"P28A"},"9B0":{"t":"C182"},"9B4":{"t":"P28A"},"9B6":{"t":"PA18"},"9B7":{"t":"C205"},"9BA":{"t":"C172"},"9BD":{"desc":"A1P"},"9BE":{"t":"CH7A"},"9C1":{"desc":"A1P"},"9C2":{"desc":"L1P"},"9C3":{"t":"PA32"},"9C6":{"t":"PA22"},"9C7":{"t":"PC12"},"9C8":{"t":"SR22"},"9CB":{"desc":"L1P"},"9CC":{"t":"S108"},"9CD":{"desc":"H1P"},"9CF":{"t":"BE35"},"9D0":{"t":"PA24"},"9D2":{"t":"P28A"},"9D3":{"t":"C182"},"9D4":{"t":"C182"},"9D5":{"t":"C172"},"9D6":{"desc":"L1T","t":"SS2P"},"9D9":{"t":"PA30"},"9DA":{"t":"C205"},"9DB":{"t":"C172"},"9DF":{"t":"C172"},"9E0":{"t":"CH7A"},"9E3":{"t":"CH7A"},"9E4":{"desc":"A1P"},"9ED":{"t":"P28A"},"9EF":{"t":"G164"},"9F0":{"t":"C172"},"9F1":{"t":"P28R"},"9F2":{"t":"P28A"},"9F3":{"t":"PA24"},"9F5":{"t":"P28A"},"9F6":{"t":"C182"},"9F7":{"t":"C182"},"9FA":{"t":"P28A"},"9FB":{"t":"C172"},"9FD":{"t":"C205"},"9FF":{"t":"C172"},"A00":{"t":"CH7A"},"A02":{"t":"C172"},"A03":{"t":"C172"},"A04":{"t":"C172"},"A05":{"t":"P28A"},"A06":{"t":"CH7A"},"A07":{"t":"C172"},"A09":{"t":"P28A"},"A0C":{"t":"PA22"},"A0F":{"t":"C150"},"A10":{"t":"P28U"},"A13":{"t":"C172"},"A14":{"t":"P28U"},"A15":{"t":"BE35"},"A16":{"t":"PA32"},"A17":{"desc":"A1P"},"A19":{"t":"C182"},"A1D":{"t":"P28A"},"A20":{"t":"C205"},"A21":{"t":"CH7A"},"A22":{"t":"CH7A"},"A23":{"t":"CH7A"},"A25":{"t":"C172"},"A26":{"t":"P32R"},"A29":{"t":"CH7A"},"A2A":{"t":"C182"},"A2B":{"desc":"L1P"},"A2C":{"t":"P32R"},"A2E":{"t":"PA32"},"A36":{"t":"C172"},"A37":{"t":"C150"},"A3C":{"t":"C182"},"A3F":{"desc":"L1T","t":"SS2P"},"A40":{"t":"T210"},"A41":{"t":"C172"},"A45":{"t":"CH7A"},"A46":{"t":"CH7A"},"A47":{"t":"C172"},"A48":{"t":"CH7A"},"A4A":{"t":"CH7A"},"A4F":{"t":"BE35"},"A54":{"t":"P28A"},"A55":{"t":"C150"},"A56":{"t":"P32R"},"A5B":{"t":"BE35"},"A5C":{"t":"P32R"},"A5D":{"t":"C185"},"A5F":{"t":"C182"},"A60":{"t":"P32R"},"A63":{"t":"P28A"},"A64":{"t":"C172"},"A67":{"t":"C172"},"A69":{"t":"CH7A"},"A6B":{"t":"CH7A"},"A6C":{"t":"CH7A"},"A6D":{"t":"C172"},"A74":{"t":"P32R"},"A78":{"t":"PA34"},"A7E":{"t":"BE33"},"A7F":{"t":"PA24"},"A81":{"t":"P28A"},"A83":{"t":"C182"},"A85":{"desc":"L1T","t":"SS2P"},"A8B":{"t":"CH7A"},"A8D":{"t":"P32R"},"A8F":{"t":"C172"},"A91":{"t":"C172"},"A92":{"t":"CH7A"},"A93":{"t":"CH7A"},"A97":{"t":"PA32"},"A98":{"t":"PA22"},"A99":{"desc":"A1P"},"A9B":{"t":"P28A"},"A9E":{"t":"P28A"},"AA4":{"t":"P28A"},"AA6":{"t":"P28A"},"AA7":{"t":"C172"},"AA8":{"desc":"L1T","t":"SS2P"},"AA9":{"t":"P28A"},"AAB":{"t":"PA30"},"AAE":{"t":"C172"},"AAF":{"t":"C172"},"AB0":{"t":"CH7A"},"AB2":{"t":"C172"},"AB3":{"t":"CH7A"},"AB5":{"t":"C172"},"AB9":{"t":"P28A"},"ABB":{"t":"PA22"},"ABC":{"t":"B47G"},"ABE":{"t":"C150"},"ABF":{"t":"P28A"},"AC0":{"t":"C150"},"AC1":{"t":"S108"},"AC2":{"t":"C172"},"AC3":{"t":"C182"},"AC4":{"t":"BE35"},"AC5":{"t":"PA24"},"AC8":{"t":"P28A"},"AC9":{"t":"C182"},"ACC":{"t":"P28A"},"AD1":{"t":"CH7A"},"AD5":{"t":"P28B"},"AD6":{"t":"CH7A"},"AD7":{"t":"C172"},"AD9":{"t":"C172"},"ADB":{"t":"P28B"},"ADE":{"t":"PA22"},"AE3":{"t":"C150"},"AE4":{"desc":"L1T","t":"G164"},"AE6":{"t":"C150"},"AE7":{"t":"PA32"},"AEB":{"t":"C182"},"AED":{"t":"C172"},"AEF":{"t":"P28A"},"AF0":{"t":"P32R"},"AF3":{"t":"CH7A"},"AF5":{"t":"CH7A"},"AF6":{"t":"C172"},"AF7":{"t":"CH7A"},"AF8":{"t":"CH7A"},"AF9":{"t":"CH7A"},"AFC":{"t":"C172"},"AFD":{"t":"GLID"},"AFE":{"t":"SR22"},"B01":{"t":"BL8"},"B03":{"t":"E135"},"B06":{"t":"BE36"},"B08":{"t":"R44"},"B0A":{"desc":"L1P","t":"ULAC"},"B10":{"t":"H500"},"B1A":{"t":"BE20"},"B1F":{"t":"TBM7"},"B25":{"desc":"H1T"},"B31":{"t":"P212"},"B33":{"t":"CL60"},"B34":{"t":"SR22"},"B3E":{"t":"LJ60"},"B4B":{"t":"PAY2"},"B4C":{"t":"PA30"},"B56":{"t":"B739"},"B57":{"t":"C172"},"B62":{"t":"B190"},"B68":{"t":"SR20"},"B6C":{"desc":"H4E"},"B7E":{"t":"E55P"},"B7F":{"t":"B77L"},"B80":{"t":"C208"},"B83":{"desc":"L1P"},"B8B":{"t":"R44"},"B8C":{"t":"B350"},"B94":{"t":"BE20"},"B96":{"desc":"L1P"},"BA5":{"t":"CL60"},"BAA":{"t":"GLEX"},"BB7":{"t":"E145"},"BD7":{"t":"C56X"},"BD8":{"t":"HDJT"},"BE7":{"t":"SF34"},"C0D":{"t":"GLID"},"C11":{"t":"E55P"},"C13":{"t":"DC3"},"C15":{"t":"S22T"},"C17":{"t":"SF50"},"C19":{"t":"B764"},"C1F":{"desc":"L1P"},"C2B":{"t":"F18H"},"C33":{"desc":"L1E"},"C37":{"t":"B738"},"C43":{"desc":"L1P"},"C44":{"desc":"H6E"},"C78":{"desc":"L1P"},"C7B":{"desc":"L1P"},"C7D":{"t":"BE40"},"C8E":{"t":"FA7X"},"C8F":{"t":"C208"},"C92":{"desc":"L1P"},"C9B":{"desc":"L1P"},"C9E":{"desc":"A1P","t":"ULAC"},"CA7":{"t":"BE35"},"CA9":{"t":"BE18"},"CAA":{"t":"C182"},"CAC":{"t":"EA50"},"CB2":{"desc":"L1J"},"CC1":{"t":"A319"},"CCE":{"t":"B350"},"CDA":{"t":"A320"},"CEC":{"desc":"L1E"},"CF4":{"desc":"H1P"},"D04":{"t":"T206"},"D36":{"t":"T210"},"D57":{"t":"BE35"},"D58":{"t":"P32R"},"D5A":{"t":"PA22"},"D5F":{"t":"C150"},"D63":{"t":"C421"},"D66":{"t":"P28A"},"D67":{"t":"C182"},"D68":{"t":"C182"},"D6B":{"t":"P28A"},"D6C":{"t":"C172"},"D6D":{"t":"PA30"},"D70":{"t":"P28A"},"D72":{"t":"CH7A"},"D73":{"t":"CH7A"},"D75":{"t":"CH7A"},"D76":{"t":"E75L"},"D78":{"t":"C172"},"D79":{"desc":"L1P"},"D7A":{"t":"BE35"},"D84":{"t":"C172"},"D88":{"t":"C182"},"D8A":{"t":"C182"},"D8C":{"t":"C172"},"D90":{"t":"PA30"},"D92":{"t":"CH7A"},"D94":{"t":"CH7A"},"D96":{"t":"CH7A"},"D97":{"t":"CH7A"},"D98":{"t":"C172"},"D99":{"t":"C172"},"D9A":{"t":"CH7A"},"D9B":{"t":"CH7A"},"D9C":{"desc":"L1P"},"D9D":{"t":"CRJ2"},"D9E":{"t":"P32R"},"D9F":{"t":"P28A"},"DA4":{"t":"PA34"},"DA7":{"t":"C172"},"DA8":{"t":"C150"},"DAC":{"desc":"L1P"},"DAD":{"t":"C182"},"DAE":{"t":"C182"},"DAF":{"t":"C172"},"DB1":{"t":"P28A"},"DB3":{"t":"PA30"},"DB4":{"t":"C205"},"DB5":{"t":"CH7A"},"DB6":{"t":"CH7A"},"DBA":{"t":"CH7A"},"DBB":{"t":"P28A"},"DBD":{"t":"CH7A"},"DC0":{"t":"PA32"},"DC3":{"t":"PA22"},"DC6":{"desc":"H4E"},"DCA":{"t":"C172"},"DCC":{"t":"PA32"},"DCF":{"t":"P28A"},"DD0":{"t":"C182"},"DD3":{"desc":"L1T","t":"SS2P"},"DD4":{"t":"P28A"},"DD6":{"t":"P32R"},"DD8":{"t":"C172"},"DD9":{"t":"P32R"},"DDA":{"t":"C172"},"DDB":{"t":"C172"},"DDC":{"t":"CH7A"},"DE1":{"t":"C172"},"DE3":{"t":"BE35"},"DE6":{"t":"PA22"},"DE7":{"desc":"A1P"},"DEC":{"t":"S108"},"DED":{"t":"C172"},"DEE":{"t":"PA34"},"DF2":{"t":"P28A"},"DF5":{"t":"C172"},"DF7":{"t":"P28A"},"DF8":{"t":"C172"},"DFD":{"t":"C172"},"DFE":{"t":"C172"},"E01":{"t":"C172"},"E02":{"t":"C172"},"E09":{"t":"P28A"},"E0A":{"t":"C172"},"E0B":{"t":"P28A"},"E0C":{"t":"P28A"},"E0D":{"desc":"A1P"},"E10":{"t":"C172"},"E15":{"t":"P28A"},"E16":{"t":"C182"},"E17":{"t":"C182"},"E18":{"t":"P28A"},"E1C":{"t":"PA30"},"E1E":{"t":"P28A"},"E1F":{"t":"C172"},"E20":{"t":"C172"},"E25":{"t":"CH7A"},"E26":{"t":"C172"},"E28":{"t":"C150"},"E31":{"t":"P28A"},"E32":{"t":"S108"},"E34":{"t":"C150"},"E38":{"t":"P28A"},"E39":{"desc":"L1P"},"E3A":{"t":"P28A"},"E3B":{"t":"C172"},"E3D":{"t":"P28A"},"E40":{"t":"C205"},"E41":{"t":"CH7A"},"E43":{"t":"CH7A"},"E45":{"t":"P28A"},"E46":{"t":"C172"},"E47":{"t":"P32R"},"E48":{"t":"C172"},"E49":{"t":"P32R"},"E4A":{"t":"C172"},"E4E":{"t":"P28A"},"E4F":{"t":"PA22"},"E52":{"t":"C337"},"E57":{"t":"T210"},"E58":{"t":"PA34"},"E5C":{"t":"C182"},"E5D":{"t":"C182"},"E5E":{"t":"PA34"},"E60":{"t":"P28A"},"E61":{"t":"C172"},"E62":{"t":"PA34"},"E66":{"t":"C182"},"E67":{"t":"CH7A"},"E68":{"t":"CH7A"},"E6C":{"desc":"L2J"},"E6D":{"t":"C182"},"E70":{"t":"P28B"},"E73":{"t":"P28B"},"E75":{"t":"C188"},"E77":{"t":"C150"},"E7C":{"t":"PA24"},"E7E":{"t":"P28A"},"E7F":{"t":"C182"},"E80":{"t":"C182"},"E81":{"t":"C172"},"E84":{"t":"C172"},"E85":{"t":"PA18"},"E86":{"t":"C205"},"E8C":{"t":"C172"},"E8D":{"t":"C172"},"E90":{"t":"CH7A"},"E92":{"t":"PA34"},"E96":{"t":"P32R"},"E98":{"t":"T206"},"E9C":{"t":"C182"},"E9D":{"t":"R22"},"EA2":{"t":"C182"},"EA3":{"t":"P28A"},"EA4":{"t":"C172"},"EA6":{"t":"P28A"},"EA7":{"t":"C172"},"EA8":{"t":"PA18"},"EA9":{"t":"P28A"},"EAA":{"t":"C172"},"EAB":{"t":"C172"},"EAC":{"t":"C172"},"EAD":{"t":"CH7A"},"EB1":{"t":"C172"},"EB4":{"desc":"L1P"},"EB5":{"desc":"L1P"},"EB7":{"t":"P28A"},"EB8":{"desc":"L1P","t":"ULAC"},"EB9":{"t":"B06"},"EBA":{"t":"E135"},"EBB":{"t":"R44"},"EBF":{"t":"R44"},"EC1":{"desc":"L1P","t":"ULAC"},"ED1":{"t":"PA46"},"ED3":{"t":"BE36"},"EDC":{"t":"AS50"},"EDF":{"t":"R44"},"EE7":{"t":"BE9L"},"EE8":{"t":"B350"},"EE9":{"t":"GLF4"},"EEA":{"desc":"L1P"},"EEB":{"t":"SR22"},"EEE":{"desc":"L1P"},"EEF":{"t":"AC90"},"EF1":{"t":"C421"},"EF3":{"desc":"H1P"},"EF5":{"t":"T206"},"EF8":{"t":"BE35"},"F00":{"desc":"L1P","t":"TB0"},"F02":{"desc":"L1P"},"F04":{"desc":"L1P"},"F0A":{"desc":"L1P"},"F0D":{"t":"B739"},"F11":{"t":"GLID"},"F12":{"t":"R44"},"F15":{"t":"R44"},"F1E":{"desc":"L1P"},"F1F":{"t":"SR20"},"F2A":{"t":"PA18"},"F36":{"t":"B77L"},"F37":{"t":"C208"},"F43":{"desc":"H4E"},"F51":{"t":"GLF4"},"F5D":{"t":"PC12"},"F64":{"t":"BE33"},"F66":{"t":"GLID"},"F6E":{"t":"E145"},"F81":{"t":"H25B"},"F8B":{"desc":"L1P"},"F8D":{"desc":"L1P","t":"ULAC"},"F8E":{"t":"C56X"},"F99":{"t":"R44"},"F9C":{"desc":"L1P"},"FB2":{"t":"S76"},"FC1":{"desc":"L1P"},"FC8":{"desc":"L1P","t":"ULAC"},"FC9":{"t":"R44"},"FCA":{"t":"R44"},"FCD":{"t":"PA44"},"FD0":{"t":"B764"},"FD4":{"t":"C525"},"FE1":{"t":"BE65"},"FEE":{"t":"B738"},"FF2":{"t":"B06"},"FFA":{"desc":"L1P"},"FFB":{"desc":"H6E"},"FFF":{"desc":"H4E"}}