{"000":{"t":"CRJ2"},"003":{"t":"C150"},"005":{"t":"PA25"},"006":{"t":"R22"},"009":{"t":"C206"},"00A":{"t":"ULAC"},"00C":{"t":"C182"},"00F":{"t":"P28B"},"011":{"t":"PA30"},"012":{"t":"B738"},"017":{"t":"CH7A"},"019":{"t":"CH7A"},"01A":{"t":"CH7A"},"01C":{"t":"CH7A"},"024":{"t":"C150"},"026":{"t":"C150"},"02A":{"t":"P28B"},"02F":{"t":"C182"},"030":{"t":"C172"},"031":{"t":"R22"},"032":{"t":"P28B"},"033":{"desc":"L1P"},"034":{"desc":"L1P","t":"ULAC"},"035":{"t":"B738"},"037":{"t":"CH7A"},"039":{"t":"CH7A"},"03B":{"t":"CH7A"},"03D":{"t":"CH7A"},"040":{"t":"BALL"},"043":{"t":"PA18"},"044":{"t":"PA18"},"046":{"t":"B47G"},"04C":{"t":"BE33"},"04D":{"t":"P28B"},"04E":{"t":"PA24"},"050":{"t":"BE33"},"052":{"t":"C182"},"053":{"t":"C172"},"058":{"t":"B738"},"05B":{"desc":"L1P"},"066":{"t":"PA18"},"068":{"desc":"L1P"},"06C":{"t":"C150"},"06D":{"t":"S108"},"076":{"t":"C172"},"078":{"t":"P28B"},"07A":{"desc":"L1P","t":"LA4"},"07B":{"t":"B738"},"07F":{"t":"CH7A"},"080":{"t":"CH7A"},"082":{"t":"CH7A"},"085":{"t":"CH7A"},"086":{"t":"WACO"},"088":{"t":"C172"},"08A":{"desc":"H4E"},"08C":{"t":"P28A"},"093":{"t":"P28R"},"095":{"t":"C206"},"096":{"t":"BE58"},"098":{"t":"C182"},"09A":{"t":"CH7A"},"09B":{"t":"P28B"},"09D":{"t":"PA30"},"09E":{"t":"B738"},"0A0":{"t":"CH7A"},"0A2":{"desc":"L1P"},"0A9":{"t":"WACO"},"0AA":{"t":"BE35"},"0AB":{"t":"C172"},"0AE":{"t":"CH7B"},"0B0":{"t":"C150"},"0B5":{"t":"BE35"},"0B7":{"t":"PA24"},"0BB":{"t":"C182"},"0C1":{"t":"B738"},"0C2":{"desc":"L1P"},"0C4":{"t":"CH7A"},"0C8":{"t":"CH7A"},"0CD":{"desc":"L1P"},"0CF":{"t":"PA18"},"0D1":{"t":"CH7A"},"0D3":{"t":"C150"},"0D9":{"t":"P28B"},"0DA":{"t":"PA24"},"0DC":{"t":"BE35"},"0DD":{"t":"C182"},"0DE":{"t":"C182"},"0E0":{"t":"BL8"},"0E1":{"t":"P28B"},"0E3":{"t":"PA30"},"0E4":{"t":"B738"},"0E6":{"t":"CH7A"},"0E8":{"t":"CH7A"},"0E9":{"t":"CH7A"},"0ED":{"t":"CH7A"},"0F3":{"t":"PA18"},"0F7":{"t":"NAVI"},"0FC":{"t":"P28B"},"0FD":{"t":"PA24"},"100":{"desc":"L1P","t":"ULAC"},"102":{"t":"C172"},"103":{"t":"CH7A"},"104":{"t":"P28B"},"106":{"t":"PA30"},"107":{"t":"B738"},"109":{"t":"CH7A"},"10B":{"t":"CH7A"},"10D":{"t":"CH7A"},"10E":{"t":"CH7A"},"115":{"t":"PA18"},"116":{"t":"PA18"},"117":{"t":"CH7A"},"119":{"t":"C150"},"11A":{"t":"NAVI"},"11C":{"t":"S108"},"11E":{"t":"BE35"},"121":{"t":"C172"},"122":{"t":"BE58"},"12A":{"t":"B738"},"12D":{"t":"CH7A"},"133":{"t":"CH7A"},"135":{"t":"WACO"},"138":{"t":"PA18"},"139":{"t":"PA18"},"13F":{"t":"S108"},"144":{"t":"P28A"},"149":{"t":"CH7B"},"14A":{"t":"P28B"},"14D":{"t":"B738"},"14F":{"t":"CH7A"},"150":{"t":"CH7A"},"153":{"t":"CH7A"},"154":{"t":"T6"},"155":{"t":"CH7A"},"158":{"desc":"L1P"},"15C":{"t":"CH7A"},"15E":{"t":"E135"},"161":{"t":"A139"},"164":{"t":"C206"},"16A":{"t":"CRJ2"},"16C":{"t":"C172"},"171":{"desc":"L1P"},"179":{"t":"GLID"},"17A":{"desc":"L1P"},"18D":{"t":"C56X"},"18F":{"t":"SR22"},"199":{"t":"C172"},"19C":{"desc":"H1P"},"1B1":{"t":"C650"},"1BC":{"t":"B739"},"1CD":{"t":"C152"},"1DA":{"desc":"L2J","t":"B77L"},"1DB":{"t":"C208"},"1E9":{"t":"J3"},"1EF":{"t":"P28A"},"1F0":{"t":"GLF5"},"201":{"t":"B748"},"212":{"t":"E145"},"213":{"t":"R44"},"21D":{"t":"EC30"},"22F":{"desc":"L1P"},"232":{"t":"C56X"},"236":{"t":"M20P"},"253":{"t":"DA40"},"26D":{"t":"C208"},"26E":{"t":"AS50"},"274":{"t":"EC30"},"278":{"desc":"H1P"},"27A":{"t":"BE20"},"283":{"t":"BALL"},"292":{"t":"B738"},"297":{"t":"C182"},"29A":{"desc":"L3J","t":"A332"},"29F":{"t":"DV20"},"2A0":{"desc":"L1P"},"2A2":{"t":"C182"},"2A4":{"desc":"L1P"},"2B1":{"t":"P28A"},"2C7":{"desc":"L1P"},"2D0":{"t":"BE33"},"2E4":{"desc":"L1P"},"2E5":{"t":"E170"},"2E9":{"t":"P28A"},"2ED":{"t":"UH1"},"2F4":{"desc":"L1P"},"2F7":{"t":"C172"},"2FB":{"t":"GLF4"},"2FF":{"desc":"L1P"},"302":{"desc":"L1P"},"303":{"desc":"L1J"},"30D":{"t":"R66"},"30E":{"desc":"L1P"},"316":{"desc":"H1P"},"329":{"t":"B350"},"32F":{"desc":"H1P"},"348":{"desc":"H1P"},"34E":{"t":"P32R"},"351":{"t":"P46T"},"367":{"desc":"H4E"},"37C":{"t":"GLID"},"391":{"desc":"H4E"},"398":{"t":"GLID"},"3AF":{"desc":"H1T","t":"B505"},"3B3":{"t":"C172"},"3B4":{"t":"PA18"},"3B7":{"t":"P28A"},"3B8":{"t":"C150"},"3BA":{"t":"C150"},"3BB":{"desc":"L1P"},"3BD":{"t":"BE35"},"3C0":{"t":"C206"},"3C1":{"t":"P28A"},"3C2":{"t":"AT3P"},"3C3":{"t":"C182"},"3C5":{"t":"CH7B"},"3C6":{"t":"B738"},"3CD":{"t":"CH7A"},"3CF":{"t":"CH7A"},"3D1":{"t":"CH7A"},"3D2":{"t":"CH7A"},"3D5":{"t":"BE35"},"3D9":{"t":"CH7A"},"3DB":{"t":"C310"},"3DD":{"t":"C150"},"3E0":{"t":"BE33"},"3E1":{"t":"P28B"},"3E2":{"t":"PA24"},"3E5":{"t":"C182"},"3E7":{"t":"C172"},"3E8":{"t":"CH7B"},"3EA":{"desc":"L1P"},"3EB":{"t":"P28A"},"3EC":{"t":"B738"},"3F0":{"t":"CH7A"},"3F2":{"t":"CH7A"},"3FB":{"t":"PA18"},"3FC":{"t":"CH7A"},"3FF":{"t":"NAVI"},"402":{"t":"PA25"},"403":{"t":"BE35"},"405":{"t":"PA24"},"407":{"t":"C205"},"408":{"t":"C182"},"409":{"t":"C182"},"40A":{"t":"C150"},"40B":{"t":"CH7A"},"40C":{"t":"P28B"},"40D":{"t":"B738"},"40F":{"t":"P28A"},"411":{"t":"CH7A"},"415":{"t":"CH7A"},"419":{"t":"CH7A"},"41A":{"t":"WACO"},"41D":{"t":"PA18"},"421":{"t":"C150"},"423":{"t":"P28A"},"424":{"t":"S108"},"428":{"t":"PA24"},"42B":{"t":"C182"},"42E":{"t":"CH7B"},"42F":{"t":"P28B"},"430":{"t":"PA38"},"432":{"t":"B738"},"433":{"t":"CH7A"},"440":{"t":"PA18"},"445":{"t":"NAVI"},"446":{"t":"C150"},"447":{"t":"P28A"},"449":{"t":"BE33"},"453":{"desc":"L1P"},"455":{"t":"B738"},"456":{"t":"CH7A"},"457":{"t":"CH7A"},"458":{"t":"CH7A"},"459":{"t":"CH7A"},"45B":{"t":"CH7A"},"45D":{"t":"CH7A"},"45E":{"t":"CH7A"},"462":{"desc":"L1P"},"463":{"desc":"L1P"},"465":{"t":"CH7A"},"466":{"t":"P28A"},"46A":{"t":"S108"},"471":{"t":"C182"},"472":{"t":"C182"},"473":{"t":"C172"},"474":{"t":"BL8"},"475":{"t":"P28A"},"478":{"t":"B738"},"479":{"t":"CH7A"},"47C":{"t":"CH7A"},"47D":{"t":"CH7A"},"480":{"t":"CH7A"},"485":{"t":"C172"},"486":{"t":"PA18"},"489":{"desc":"L1P"},"48A":{"t":"C150"},"48B":{"t":"NAVI"},"492":{"t":"T206"},"497":{"t":"CH7B"},"498":{"t":"P28B"},"499":{"t":"P28A"},"49A":{"t":"PA18"},"49B":{"t":"B738"},"49E":{"t":"CH7A"},"49F":{"t":"CH7A"},"4A3":{"t":"CH7A"},"4A6":{"t":"M20P"},"4A7":{"t":"BE35"},"4A9":{"t":"PA32"},"4AA":{"t":"CRJ2"},"4AD":{"t":"C150"},"4B2":{"t":"BE55"},"4B4":{"t":"PA24"},"4B6":{"t":"BE36"},"4B7":{"t":"C182"},"4BA":{"t":"CH7B"},"4BB":{"t":"P28B"},"4BD":{"t":"P28A"},"4BE":{"t":"B738"},"4C3":{"t":"CH7A"},"4C6":{"t":"CH7A"},"4C7":{"t":"CH7A"},"4C9":{"t":"CH7A"},"4CA":{"t":"BE35"},"4CC":{"t":"P28A"},"4CD":{"t":"PA18"},"4CE":{"t":"CH7B"},"4D2":{"t":"C150"},"4D3":{"t":"ULAC"},"4D6":{"t":"P28B"},"4D7":{"t":"PA24"},"4D8":{"t":"B738"},"4DD":{"t":"BL8"},"4E1":{"t":"P28A"},"4E2":{"t":"CH7A"},"4EA":{"t":"CH7A"},"4EC":{"t":"CH7B"},"4EE":{"desc":"L1P"},"4EF":{"t":"PA18"},"4F4":{"t":"NAVI"},"4F9":{"t":"P28A"},"4FA":{"t":"PA24"},"4FD":{"t":"C182"},"4FE":{"t":"C182"},"4FF":{"t":"C172"},"500":{"t":"CH7B"},"501":{"t":"P28B"},"504":{"t":"B738"},"505":{"t":"CH7A"},"506":{"t":"CH7A"},"507":{"t":"CH7A"},"50A":{"t":"CH7A"},"50C":{"t":"CH7A"},"50F":{"t":"GLID"},"510":{"t":"PA22"},"511":{"t":"AT8T"},"513":{"t":"C441"},"515":{"t":"E135"},"516":{"t":"SF50"},"518":{"desc":"H2T"},"51B":{"t":"BE36"},"51C":{"t":"B738"},"51E":{"t":"BE58"},"523":{"t":"C172"},"524":{"t":"H25B"},"525":{"desc":"H1P"},"52B":{"t":"T210"},"52D":{"desc":"L1P","t":"ULAC"},"535":{"t":"T206"},"53A":{"t":"SR22"},"544":{"t":"C25B"},"545":{"t":"G280"},"549":{"t":"GLF6"},"54A":{"t":"AEST"},"550":{"t":"C172"},"554":{"t":"FDCT"},"556":{"t":"CL60"},"557":{"desc":"A1P"},"55B":{"t":"BE35"},"55C":{"t":"SR20"},"55F":{"t":"C525"},"561":{"t":"DV20"},"567":{"desc":"L1P"},"569":{"t":"C525"},"56F":{"desc":"H6E"},"573":{"t":"B739"},"574":{"t":"GLID"},"579":{"t":"E55P"},"57E":{"desc":"H4E"},"580":{"t":"J3"},"582":{"t":"C25B"},"584":{"t":"C172"},"587":{"t":"BE58"},"58E":{"desc":"H6E"},"591":{"desc":"L2J","t":"B77L"},"592":{"t":"C208"},"59F":{"t":"B741"},"5B7":{"t":"EA50"},"5B8":{"t":"B748"},"5BF":{"t":"DG15"},"5C0":{"desc":"H6E"},"5CD":{"t":"SR22"},"5D4":{"t":"EC30"},"5D9":{"t":"T206"},"5DA":{"t":"M20P"},"5DC":{"desc":"L1P"},"5E3":{"desc":"L2J"},"5E4":{"t":"BE55"},"5E6":{"desc":"L1P"},"5F1":{"t":"BE60"},"5F5":{"desc":"H4E"},"5F6":{"t":"H25B"},"5FD":{"desc":"L1P"},"60A":{"t":"DA40"},"60B":{"t":"BE58"},"60E":{"t":"PA32"},"618":{"t":"BE58"},"61D":{"desc":"H4E"},"623":{"t":"UH1"},"624":{"t":"C208"},"628":{"t":"C560"},"62A":{"t":"C68A"},"62B":{"t":"EC30"},"62E":{"t":"BE58"},"62F":{"t":"C240"},"63A":{"t":"CL60"},"63C":{"desc":"L1P","t":"ULAC"},"63F":{"t":"BE58"},"640":{"t":"COL4"},"649":{"t":"B738"},"651":{"desc":"L3J","t":"A332"},"655":{"t":"BE58"},"656":{"t":"DA40"},"657":{"t":"BE58"},"658":{"t":"BE36"},"65C":{"t":"S22T"},"665":{"t":"BE58"},"666":{"t":"PC12"},"668":{"t":"P28A"},"66E":{"t":"PRM1"},"687":{"desc":"L1P"},"689":{"t":"CH7A"},"68A":{"t":"SR22"},"692":{"desc":"L1P"},"693":{"t":"C550"},"698":{"desc":"L1P"},"69B":{"desc":"L1P"},"69C":{"t":"E170"},"6A0":{"t":"AA5"},"6A2":{"desc":"L1P"},"6A3":{"t":"C172"},"6A4":{"t":"SR20"},"6A9":{"t":"CRJ2"},"6AC":{"t":"P28A"},"6AE":{"t":"FA10"},"6B0":{"t":"P32R"},"6B9":{"desc":"L1P"},"6BA":{"desc":"L1J"},"6BC":{"t":"BE58"},"6BD":{"t":"PA46"},"6C1":{"t":"C750"},"6C2":{"desc":"H4E"},"6C4":{"t":"S22T"},"6C6":{"t":"S22T"},"6CE":{"t":"SR22"},"6D6":{"desc":"H4E"},"6E0":{"t":"B350"},"6F5":{"t":"C172"},"704":{"t":"BE58"},"706":{"desc":"L1P"},"70E":{"t":"C172"},"719":{"t":"ASTR"},"71C":{"t":"ASTR"},"726":{"t":"C172"},"748":{"t":"C172"},"74F":{"t":"R44"},"756":{"t":"S22T"},"759":{"t":"C172"},"768":{"desc":"L1P"},"769":{"t":"CRJ2"},"76A":{"t":"C172"},"76C":{"t":"PA18"},"76D":{"t":"P28A"},"76F":{"t":"C150"},"771":{"t":"C150"},"775":{"t":"P28B"},"777":{"t":"T206"},"778":{"t":"BE55"},"77A":{"t":"C182"},"77B":{"t":"C172"},"77E":{"desc":"L1P"},"780":{"t":"B738"},"781":{"t":"AR11"},"782":{"t":"AR11"},"783":{"t":"AR11"},"785":{"t":"ULAC"},"786":{"t":"AR11"},"787":{"t":"AR11"},"789":{"t":"AR11"},"78F":{"t":"PA18"},"791":{"t":"C182"},"794":{"t":"P28A"},"79C":{"t":"C182"},"79E":{"t":"C172"},"79F":{"t":"CH7B"},"7A1":{"desc":"L1P"},"7A3":{"t":"B738"},"7A4":{"t":"AR11"},"7A5":{"t":"AR11"},"7A8":{"t":"AR11"},"7AB":{"t":"AR11"},"7AC":{"t":"AR11"},"7B1":{"t":"P28R"},"7B2":{"desc":"H4E"},"7B6":{"t":"NAVI"},"7B7":{"t":"C150"},"7BA":{"t":"P28R"},"7BC":{"t":"PA24"},"7C1":{"t":"C172"},"7C2":{"t":"BL8"},"7C6":{"t":"B738"},"7C8":{"t":"AR11"},"7CF":{"t":"AR11"},"7D0":{"t":"AR11"},"7D1":{"t":"CH7A"},"7D4":{"desc":"L1P"},"7DD":{"t":"BE33"},"7DE":{"t":"P28R"},"7DF":{"t":"PA24"},"7E1":{"t":"BE33"},"7E2":{"t":"C182"},"7E4":{"t":"C172"},"7E5":{"t":"BL8"},"7E8":{"t":"PA30"},"7E9":{"t":"B738"},"7EE":{"t":"AR11"},"7EF":{"t":"AR11"},"7F3":{"t":"AR11"},"7F4":{"t":"WACO"},"7F7":{"t":"PA22"},"7FD":{"t":"C150"},"7FE":{"t":"S108"},"800":{"t":"BE33"},"802":{"t":"PA24"},"804":{"t":"BE33"},"805":{"t":"C182"},"806":{"t":"P28R"},"807":{"t":"C182"},"808":{"t":"C172"},"809":{"t":"P28B"},"80C":{"t":"B738"},"80E":{"t":"AR11"},"811":{"t":"AR11"},"815":{"t":"AR11"},"816":{"t":"AR11"},"818":{"t":"BE35"},"81B":{"t":"PA18"},"81D":{"t":"B47J"},"81E":{"t":"C150"},"824":{"t":"P28B"},"825":{"t":"PA24"},"827":{"t":"BE60"},"828":{"t":"C182"},"829":{"t":"C182"},"82A":{"t":"C172"},"82D":{"desc":"L1P"},"82E":{"t":"PA30"},"82F":{"t":"P28R"},"835":{"t":"AR11"},"836":{"t":"AR11"},"837":{"t":"AR11"},"83A":{"desc":"L1P"},"83B":{"t":"P28R"},"83D":{"t":"PA22"},"841":{"desc":"L1P","t":"ULAC"},"846":{"t":"BE35"},"84A":{"t":"BE33"},"84B":{"t":"AT3P"},"84C":{"t":"C182"},"851":{"t":"PA30"},"855":{"t":"AR11"},"858":{"t":"AR11"},"85A":{"t":"AR11"},"85D":{"desc":"L1P"},"85F":{"t":"C172"},"861":{"t":"PA22"},"862":{"t":"CRJ2"},"864":{"t":"C150"},"865":{"t":"E35L"},"866":{"t":"C150"},"867":{"t":"P28R"},"86B":{"t":"PA24"},"86F":{"t":"PA32"},"870":{"t":"C172"},"871":{"t":"BL8"},"876":{"t":"AR11"},"877":{"t":"AR11"},"87B":{"t":"AR11"},"881":{"t":"BE35"},"882":{"t":"P28A"},"884":{"t":"CRJ2"},"885":{"t":"AA5"},"887":{"t":"C150"},"888":{"t":"NAVI"},"889":{"t":"C150"},"88B":{"t":"PA25"},"88C":{"t":"BE35"},"892":{"t":"C182"},"893":{"t":"C172"},"895":{"t":"P28B"},"899":{"t":"AR11"},"89A":{"t":"C337"},"89D":{"t":"AR11"},"89F":{"t":"C337"},"8A0":{"t":"AR11"},"8A1":{"t":"AR11"},"8A2":{"t":"AR11"},"8A4":{"t":"BE17"},"8A5":{"t":"C172"},"8A7":{"t":"PA18"},"8AA":{"t":"C150"},"8AF":{"t":"BE35"},"8B1":{"desc":"L1P"},"8B3":{"t":"BE55"},"8B7":{"t":"BL8"},"8B8":{"t":"P28B"},"8BD":{"t":"AR11"},"8BE":{"t":"C182"},"8C1":{"t":"AR11"},"8C4":{"t":"C337"},"8CE":{"t":"CL60"},"8CF":{"t":"A139"},"8D2":{"t":"T206"},"8D3":{"t":"B738"},"8D9":{"t":"M20T"},"8E1":{"t":"C182"},"8F9":{"t":"BE36"},"8FA":{"t":"TBM7"},"8FB":{"desc":"L1P","t":"ULAC"},"8FC":{"t":"BE20"},"8FF":{"desc":"L1P"},"907":{"t":"C172"},"912":{"t":"C172"},"915":{"t":"HUSK"},"91D":{"t":"C185"},"91F":{"t":"B739"},"923":{"t":"HUSK"},"927":{"desc":"L1P"},"935":{"desc":"H4E"},"937":{"desc":"H1P"},"947":{"desc":"L1P"},"948":{"desc":"L2J","t":"B77L"},"949":{"t":"C208"},"95E":{"t":"BE20"},"96E":{"t":"GLID"},"96F":{"t":"B748"},"976":{"desc":"G1P"},"988":{"desc":"H4E"},"98B":{"t":"EC30"},"98F":{"t":"SR22"},"990":{"t":"C182"},"992":{"t":"C68A"},"996":{"desc":"L1P"},"99A":{"desc":"L1P","t":"ULAC"},"99F":{"t":"B407"},"9A1":{"t":"C172"},"9BC":{"desc":"H4E"},"9C4":{"desc":"H1T","t":"B505"},"9DB":{"t":"C208"},"9DC":{"t":"AS50"},"9DD":{"desc":"G1P"},"9E2":{"desc":"L1P"},"A00":{"t":"B738"},"A08":{"desc":"L3J","t":"A332"},"A0D":{"t":"DA40"},"A0E":{"desc":"L1P"},"A17":{"t":"PC12"},"A1C":{"desc":"L1P"},"A1F":{"t":"P28A"},"A3F":{"desc":"L1P"},"A45":{"t":"C82S"},"A48":{"desc":"L1P"},"A53":{"t":"E170"},"A58":{"desc":"L1P"},"A65":{"t":"C172"},"A67":{"t":"SR22"},"A73":{"desc":"L1P","t":"ULAC"},"A8C":{"desc":"H8E"},"A97":{"t":"B350"},"AA2":{"t":"WACF"},"AA3":{"desc":"H1P"},"AA9":{"desc":"L1P"},"ABD":{"desc":"L1P"},"ABF":{"desc":"L1T"},"AC9":{"t":"B736"},"AD4":{"desc":"G1P"},"AD8":{"desc":"L1T"},"AF5":{"desc":"L1T"},"B06":{"t":"C175"},"B22":{"t":"PA22"},"B26":{"t":"C150"},"B29":{"t":"S108"},"B2B":{"t":"BE35"},"B30":{"t":"AT3P"},"B31":{"t":"C182"},"B32":{"t":"C150"},"B33":{"t":"BL8"},"B36":{"t":"PA30"},"B39":{"t":"C337"},"B3D":{"t":"AR11"},"B3E":{"t":"AR11"},"B3F":{"t":"AR11"},"B42":{"t":"GLID"},"B44":{"t":"C172"},"B46":{"t":"PA18"},"B4A":{"t":"NAVI"},"B4E":{"t":"BE35"},"B53":{"t":"C182"},"B54":{"t":"C182"},"B57":{"t":"P28B"},"B5B":{"desc":"L1P"},"B60":{"t":"AR11"},"B61":{"t":"AR11"},"B62":{"t":"AR11"},"B63":{"t":"C337"},"B64":{"t":"AR11"},"B67":{"t":"C172"},"B69":{"t":"PA18"},"B71":{"t":"BE35"},"B72":{"t":"P28A"},"B74":{"t":"C206"},"B79":{"t":"BL8"},"B7E":{"t":"AR11"},"B7F":{"t":"AR11"},"B80":{"t":"AR11"},"B87":{"t":"AR11"},"B8A":{"t":"C172"},"B8B":{"t":"PA22"},"B8C":{"t":"PA18"},"B8E":{"t":"B47G"},"B9C":{"t":"CH7A"},"B9D":{"t":"P28B"},"B9F":{"t":"PA30"},"BA2":{"t":"AR11"},"BA3":{"t":"AR11"},"BA7":{"t":"C182"},"BA8":{"t":"AR11"},"BA9":{"t":"C182"},"BAB":{"t":"CH7B"},"BAD":{"t":"C172"},"BAE":{"t":"P28A"},"BAF":{"t":"PA18"},"BB0":{"t":"CH7A"},"BB8":{"t":"P28A"},"BBA":{"t":"C206"},"BBE":{"t":"C172"},"BBF":{"t":"CH7B"},"BC0":{"t":"P28B"},"BC6":{"t":"AR11"},"BC8":{"t":"AR11"},"BCB":{"t":"C337"},"BCC":{"t":"AR11"},"BCE":{"t":"GLID"},"BCF":{"t":"BE35"},"BD0":{"t":"PA27"},"BD5":{"t":"C150"},"BDA":{"t":"BE95"},"BDF":{"t":"AT3P"},"BE1":{"t":"C172"},"BE2":{"t":"CH7A"},"BE4":{"desc":"L1P","t":"ULAC"},"BE5":{"t":"PA30"},"BE6":{"desc":"L1P"},"BE8":{"t":"AR11"},"BEB":{"desc":"L1P"},"BF0":{"t":"ULAC"},"BF1":{"t":"AR11"},"BF8":{"t":"ULAC"},"BFA":{"t":"C150"},"BFE":{"t":"P28R"},"C01":{"t":"BE55"},"C04":{"t":"C172"},"C06":{"t":"P28B"},"C0C":{"t":"AR11"},"C0F":{"t":"C337"},"C10":{"desc":"L1P"},"C11":{"desc":"L2T"},"C13":{"t":"AR11"},"C18":{"t":"PA18"},"C19":{"t":"CH7A"},"C1B":{"desc":"L1P"},"C1F":{"t":"PA25"},"C20":{"t":"BE33"},"C22":{"t":"PA24"},"C27":{"t":"C172"},"C28":{"t":"BL8"},"C2B":{"t":"PA30"},"C2D":{"t":"AR11"},"C2E":{"t":"AR11"},"C31":{"t":"AR11"},"C33":{"t":"AR11"},"C36":{"t":"AR11"},"C37":{"t":"AR11"},"C39":{"t":"CRJ2"},"C3A":{"t":"PA22"},"C3B":{"t":"PA22"},"C3F":{"t":"G164"},"C41":{"t":"S108"},"C43":{"t":"BE35"},"C46":{"t":"T206"},"C48":{"t":"C182"},"C49":{"t":"C182"},"C4A":{"t":"C172"},"C4E":{"t":"PA30"},"C51":{"t":"AR11"},"C52":{"desc":"L1P"},"C56":{"t":"AR11"},"C58":{"t":"C182"},"C5A":{"desc":"L1P"},"C5C":{"t":"C172"},"C5D":{"t":"ULAC"},"C5F":{"t":"CH7A"},"C61":{"t":"C150"},"C64":{"t":"S108"},"C67":{"t":"P28A"},"C69":{"t":"C206"},"C6B":{"t":"C182"},"C6C":{"t":"C182"},"C6E":{"t":"BL8"},"C6F":{"t":"P28B"},"C74":{"t":"AR11"},"C75":{"t":"C337"},"C79":{"desc":"L1P"},"C7A":{"t":"AR11"},"C7C":{"t":"AR11"},"C7D":{"t":"CL60"},"C7E":{"t":"B14A"},"C80":{"t":"PA25"},"C84":{"t":"B06"},"C86":{"t":"SR22"},"C87":{"t":"PA32"},"C88":{"desc":"L1P"},"C89":{"desc":"L1P"},"C8D":{"t":"C182"},"C8F":{"t":"S22T"},"C90":{"t":"AEST"},"C92":{"desc":"L1P","t":"TB0"},"C93":{"t":"C414"},"C95":{"t":"P32R"},"C96":{"desc":"L1P"},"C99":{"t":"B350"},"C9A":{"desc":"L1P"},"C9B":{"t":"E300"},"C9C":{"desc":"L1P","t":"ULAC"},"C9D":{"t":"M20P"},"C9E":{"t":"GLID"},"C9F":{"t":"GLID"},"CA0":{"t":"C172"},"CA1":{"t":"HUSK"},"CA5":{"t":"PA24"},"CA7":{"t":"LJ55"},"CA8":{"desc":"L1P"},"CA9":{"desc":"L1P"},"CAB":{"t":"BE33"},"CB0":{"t":"P337"},"CB1":{"t":"PA32"},"CB2":{"t":"BE55"},"CB4":{"t":"BE36"},"CB7":{"t":"C25B"},"CB8":{"t":"TBM7"},"CBA":{"desc":"L1P"},"CBB":{"desc":"L1P"},"CBC":{"t":"PA31"},"CBD":{"t":"HUSK"},"CBE":{"t":"SF50"},"CC0":{"t":"GLID"},"CC1":{"desc":"L1P"},"CC4":{"t":"C560"},"CC5":{"t":"G280"},"CC7":{"t":"BL8"},"CC8":{"desc":"L1P"},"CC9":{"desc":"L1P"},"CCB":{"t":"C172"},"CCD":{"t":"C182"},"CCE":{"t":"COL4"},"CD0":{"t":"GLID"},"CD1":{"t":"T210"},"CD2":{"desc":"L2P"},"CD4":{"desc":"L1P"},"CD5":{"desc":"L1P"},"CD8":{"t":"CL30"},"CDA":{"desc":"H1P"},"CDB":{"t":"C182"},"CDF":{"t":"B06"},"CE4":{"t":"C182"},"CE5":{"t":"P28A"},"CE6":{"desc":"L1P"},"CE8":{"t":"C82R"},"CEA":{"t":"R22"},"CEC":{"desc":"L1P"},"CED":{"desc":"L1P"},"CEE":{"desc":"L1P"},"CF2":{"t":"C172"},"CF4":{"desc":"L1P"},"CF7":{"t":"SR22"},"CFA":{"desc":"L1P"},"CFB":{"t":"F86"},"CFE":{"desc":"L1P"},"D00":{"t":"P28B"},"D01":{"desc":"L1P"},"D02":{"desc":"L1P"},"D03":{"t":"R22"},"D06":{"t":"BE50"},"D07":{"t":"B350"},"D09":{"t":"C172"},"D0B":{"t":"F86"},"D0C":{"t":"RV12"},"D0D":{"t":"FDCT"},"D10":{"t":"B06"},"D15":{"t":"B350"},"D17":{"t":"R22"},"D19":{"t":"SR22"},"D1B":{"desc":"L1P"},"D1C":{"desc":"L1P"},"D1D":{"desc":"L1P"},"D20":{"desc":"L1P"},"D22":{"desc":"L1P"},"D24":{"desc":"L1P"},"D25":{"t":"GLID"},"D26":{"t":"BALL"},"D28":{"t":"RV12"},"D29":{"desc":"L1P"},"D2A":{"desc":"L1P","t":"ULAC"},"D2D":{"t":"C310"},"D2E":{"desc":"L1P"},"D30":{"t":"P32R"},"D31":{"t":"F2TH"},"D33":{"desc":"L1P"},"D34":{"desc":"L1P"},"D36":{"t":"C180"},"D37":{"t":"TBM7"},"D38":{"desc":"L1P"},"D3F":{"t":"HUSK"},"D42":{"desc":"L1P"},"D44":{"t":"HUSK"},"D45":{"desc":"H1P"},"D4A":{"t":"R44"},"D4B":{"desc":"L1P","t":"ULAC"},"D4C":{"desc":"L1P"},"D4F":{"desc":"L1P"},"D50":{"t":"SR22"},"D51":{"desc":"L1T"},"D52":{"t":"GLID"},"D54":{"desc":"L1P"},"D58":{"desc":"L1P"},"D5A":{"desc":"L1P"},"D5F":{"t":"NAVI"},"D62":{"t":"COL4"},"D63":{"desc":"A1P"},"D65":{"desc":"L1P"},"D68":{"t":"TBM7"},"D6B":{"t":"TBM7"},"D74":{"desc":"L1P"},"D76":{"desc":"L1P"},"D79":{"t":"C525"},"D7B":{"desc":"L1P","t":"ULAC"},"D7D":{"desc":"L1P"},"D7E":{"t":"HA4T"},"D7F":{"t":"AEST"},"D81":{"t":"AS50"},"D82":{"desc":"A1P"},"D83":{"desc":"L1P"},"D84":{"t":"HUSK"},"D86":{"t":"COL4"},"D89":{"t":"FDCT"},"D92":{"t":"HUSK"},"D95":{"t":"M7"},"D96":{"t":"BE36"},"D99":{"t":"P46T"},"D9A":{"t":"SR22"},"D9B":{"desc":"L1P"},"D9C":{"desc":"L1P"},"D9D":{"desc":"L1P"},"DA1":{"t":"C182"},"DA2":{"t":"GLF4"},"DA3":{"t":"P210"},"DA6":{"t":"GLF4"},"DAA":{"t":"B06"},"DAB":{"t":"F86"},"DAE":{"desc":"A2P"},"DB1":{"desc":"H4E"},"DB8":{"t":"CL60"},"DBC":{"t":"GLID"},"DC0":{"t":"SR22"},"DC6":{"t":"C550"},"DC7":{"t":"C414"},"DC9":{"t":"P28A"},"DCA":{"t":"M20P"},"DCB":{"t":"B06"},"DCD":{"t":"ULAC"},"DCF":{"desc":"L1T","t":"M600"},"DD1":{"desc":"L1P"},"DD3":{"t":"C185"},"DD4":{"t":"PTS2"},"DD5":{"desc":"L1P"},"DD6":{"t":"NAVI"},"DD9":{"desc":"L1P"},"DF6":{"t":"BL8"},"DF8":{"desc":"L1P"},"DFC":{"desc":"L1P"},"DFD":{"desc":"A1P"},"DFF":{"t":"DA42"},"E00":{"desc":"L1P"},"E01":{"t":"C340"},"E03":{"t":"C182"},"E07":{"t":"BL8"},"E09":{"desc":"L1P"},"E0F":{"t":"C152"},"E12":{"t":"B47G"},"E13":{"desc":"L1P"},"E18":{"t":"T206"},"E19":{"t":"R44"},"E1A":{"desc":"L1P"},"E1C":{"desc":"L1P"},"E1F":{"t":"C185"},"E20":{"t":"H500"},"E29":{"desc":"L1P"},"E2B":{"desc":"L1P"},"E2C":{"t":"BE35"},"E2D":{"desc":"L1P"},"E2E":{"t":"C25A"},"E2F":{"desc":"L1P"},"E30":{"t":"R44"},"E31":{"t":"PC12"},"E32":{"desc":"L2P"},"E33":{"desc":"L1P"},"E34":{"t":"FA50"},"E38":{"t":"R44"},"E39":{"desc":"L1P"},"E3A":{"t":"P28A"},"E3C":{"desc":"L1P","t":"GLEX"},"E3F":{"desc":"L1P"},"E46":{"t":"PA12"},"E4C":{"t":"M20P"},"E50":{"t":"C550"},"E51":{"desc":"L1P","t":"ULAC"},"E59":{"desc":"L1P"},"E5A":{"t":"PA31"},"E5B":{"t":"C172"},"E67":{"t":"B350"},"E6A":{"t":"C414"},"E6B":{"desc":"L1E"},"E73":{"t":"C150"},"E74":{"t":"SR22"},"E75":{"desc":"L1P"},"E76":{"desc":"L1P"},"E78":{"desc":"L1P"},"E7A":{"t":"C510"},"E7B":{"t":"BL8"},"E7C":{"desc":"L1P"},"E7E":{"t":"O1"},"E80":{"desc":"S1P"},"E83":{"desc":"L1P"},"E85":{"t":"C56X"},"E87":{"t":"T6"},"E89":{"t":"HUSK"},"E8E":{"t":"GLID"},"E99":{"t":"C172"},"EB4":{"t":"GLID"},"EB7":{"desc":"L1P"},"ED5":{"t":"BE24"},"ED6":{"t":"B407"},"ED7":{"t":"BE33"},"ED8":{"t":"GLF5"},"EDA":{"t":"P28A"},"EDD":{"t":"PC12"},"EDE":{"t":"F86"},"EDF":{"desc":"H2T"},"EE5":{"t":"HA4T"},"EE7":{"t":"B412"},"EE8":{"t":"CRJ2"},"EEA":{"t":"C172"},"EF1":{"t":"FA50"},"EF3":{"t":"M20P"},"EFB":{"desc":"L1P"},"F09":{"t":"S108"},"F0A":{"t":"TBM7"},"F0B":{"t":"GALX"},"F10":{"t":"BE55"},"F17":{"t":"C172"},"F19":{"t":"C560"},"F1B":{"t":"E55P"},"F23":{"t":"B772"},"F24":{"t":"C525"},"F25":{"t":"M20P"},"F26":{"t":"C25B"},"F2E":{"t":"PA32"},"F2F":{"t":"B739"},"F30":{"t":"B06"},"F58":{"desc":"L2J"},"F62":{"t":"ULAC"},"F6D":{"desc":"L1P"},"F70":{"t":"BE20"},"F82":{"t":"ULAC"},"F86":{"t":"B350"},"F9F":{"t":"BE20"},"FA0":{"t":"C650"},"FA1":{"t":"TBM7"},"FA8":{"t":"CRJ2"},"FBC":{"desc":"L1P","t":"ULAC"},"FEB":{"t":"MU2"},"FEC":{"t":"AS50"},"FF3":{"t":"E145"},"FF6":{"desc":"H1P"}}