{"0022":{"t":"P32R"},"0026":{"t":"C340"},"0027":{"desc":"L2J","t":"B38M"},"0028":{"t":"BE23"},"0029":{"t":"P28A"},"002A":{"t":"PA24"},"002C":{"desc":"L2T","t":"BE18"},"002E":{"t":"C182"},"0031":{"t":"P28B"},"0032":{"t":"C182"},"0033":{"t":"BE33"},"0036":{"t":"ERCO"},"003A":{"t":"C310"},"003B":{"t":"ERCO"},"003C":{"t":"ERCO"},"003D":{"t":"C310"},"003F":{"t":"CH7A"},"0040":{"t":"BE35"},"0041":{"t":"CRJ2"},"0044":{"desc":"L1P"},"0048":{"desc":"L2J","t":"B38M"},"004C":{"t":"P28A"},"004D":{"t":"PA24"},"0050":{"t":"C150"},"0053":{"t":"CH7B"},"0058":{"t":"J3"},"005B":{"t":"ERCO"},"0062":{"desc":"L1P"},"0064":{"t":"C172"},"0065":{"t":"PA20"},"0066":{"t":"PA22"},"0067":{"t":"GLID"},"006D":{"desc":"L2J","t":"B38M"},"006F":{"t":"P28A"},"0070":{"t":"PA24"},"0071":{"t":"C185"},"0074":{"t":"C182"},"0075":{"t":"C172"},"0077":{"t":"P28B"},"007B":{"t":"C310"},"007C":{"t":"C310"},"007E":{"t":"ERCO"},"0081":{"t":"ERCO"},"0088":{"t":"P28A"},"008A":{"t":"P28A"},"008C":{"t":"C150"},"008D":{"t":"NAVI"},"008F":{"t":"S108"},"0090":{"t":"PA25"},"0093":{"t":"PA24"},"0094":{"desc":"L2J","t":"B38M"},"0096":{"t":"C150"},"0098":{"t":"C172"},"009D":{"desc":"L1P"},"009F":{"t":"ERCO"},"00A5":{"t":"ERCO"},"00A8":{"t":"BL8"},"00A9":{"t":"BE35"},"00AC":{"t":"PA22"},"00AD":{"t":"P28A"},"00AE":{"t":"H269"},"00B0":{"t":"NAVI"},"00B1":{"desc":"L2J","t":"B38M"},"00B2":{"t":"S108"},"00B4":{"t":"BE23"},"00B5":{"t":"P28A"},"00B8":{"t":"BE35"},"00BA":{"t":"C182"},"00BB":{"t":"C150"},"00BC":{"t":"CH7A"},"00BD":{"t":"P28B"},"00C1":{"t":"ERCO"},"00C9":{"t":"ERCO"},"00CB":{"t":"COL4"},"00CC":{"t":"BE35"},"00CE":{"t":"PA20"},"00D0":{"t":"P28A"},"00D6":{"desc":"L2J","t":"B38M"},"00D7":{"t":"BE23"},"00DA":{"t":"T206"},"00DC":{"t":"C150"},"00DE":{"t":"C172"},"00E2":{"t":"PA30"},"00E3":{"t":"C206"},"00F0":{"t":"C172"},"00F1":{"t":"PA22"},"00F2":{"t":"PA22"},"00F5":{"t":"C150"},"00F6":{"desc":"L2J","t":"B38M"},"00FE":{"t":"J3"},"0101":{"t":"C172"},"0102":{"t":"CH7B"},"010B":{"t":"ERCO"},"010C":{"desc":"L1P","t":"ULAC"},"010E":{"t":"ERCO"},"0110":{"t":"P28A"},"0111":{"desc":"L1P"},"0112":{"t":"BE35"},"0115":{"t":"PA22"},"0117":{"t":"P28A"},"0118":{"t":"C150"},"0119":{"t":"NAVI"},"011D":{"desc":"L2J","t":"B38M"},"011E":{"t":"P28A"},"011F":{"t":"PA24"},"0122":{"t":"C150"},"0124":{"desc":"L1E"},"0126":{"t":"P28B"},"0127":{"t":"C182"},"0128":{"t":"PA30"},"0129":{"t":"C206"},"012D":{"t":"C310"},"012E":{"t":"ERCO"},"0131":{"t":"ERCO"},"0133":{"t":"ERCO"},"0135":{"desc":"L1P"},"0137":{"desc":"L1P"},"013A":{"t":"H269"},"013E":{"t":"S108"},"0142":{"t":"H60"},"0143":{"desc":"L2J","t":"B38M"},"014A":{"t":"C182"},"014E":{"t":"ERCO"},"0150":{"t":"ERCO"},"0151":{"t":"ERCO"},"0153":{"t":"ERCO"},"0156":{"t":"ERCO"},"0158":{"t":"BE35"},"0159":{"t":"C172"},"015A":{"t":"PA22"},"015B":{"t":"PA22"},"015F":{"desc":"L2J","t":"B38M"},"0160":{"desc":"L1P"},"0163":{"desc":"L1P"},"0164":{"t":"P28A"},"0165":{"t":"PA24"},"0169":{"t":"C182"},"016A":{"t":"C172"},"0170":{"t":"C310"},"0173":{"t":"C310"},"0176":{"t":"ERCO"},"017E":{"t":"BL8"},"0181":{"t":"BE20"},"0184":{"t":"PC12"},"018C":{"t":"CRJ2"},"018F":{"desc":"L1P"},"0196":{"t":"B788"},"01A4":{"t":"DA40"},"01AD":{"t":"S108"},"01AE":{"t":"TBM8"},"01AF":{"t":"H60"},"01B1":{"t":"SR20"},"01BB":{"t":"C182"},"01C8":{"desc":"L1P"},"01D3":{"t":"B739"},"01DB":{"t":"AT5T"},"01E5":{"t":"C172"},"01FC":{"desc":"L2J"},"01FD":{"t":"C208"},"021C":{"desc":"L2P"},"0223":{"desc":"L1P"},"022A":{"desc":"L1P"},"022C":{"t":"GLID"},"0235":{"t":"B212"},"0247":{"t":"BE58"},"0254":{"t":"S22T"},"0258":{"desc":"L2E"},"0275":{"t":"BE36"},"0278":{"desc":"H4E"},"028E":{"desc":"H1P"},"028F":{"t":"DA40"},"0290":{"t":"C182"},"0295":{"desc":"H1P"},"0296":{"t":"EC30"},"02B4":{"t":"B738"},"02C1":{"t":"P28A"},"02C2":{"desc":"L1P"},"02C3":{"t":"PC12"},"02D5":{"desc":"L1P"},"0307":{"t":"E170"},"0308":{"desc":"L1P"},"030E":{"desc":"L1P","t":"ULAC"},"0313":{"t":"AS50"},"0319":{"desc":"L1P"},"031B":{"t":"SR20"},"031D":{"t":"B407"},"0324":{"t":"BE55"},"033E":{"t":"A319"},"034B":{"t":"B350"},"0377":{"t":"BE58"},"0381":{"t":"SR20"},"0383":{"desc":"H4E"},"0387":{"desc":"L1P"},"0388":{"desc":"L1P"},"0391":{"desc":"L1P"},"03A5":{"desc":"L1P"},"03DB":{"t":"NAVI"},"03DE":{"t":"PA25"},"03DF":{"t":"BE23"},"03E2":{"desc":"L2J","t":"B38M"},"03E4":{"t":"C150"},"03E5":{"t":"C182"},"03E6":{"t":"C150"},"03E7":{"t":"CH7B"},"03E8":{"t":"P28B"},"03EB":{"t":"C77R"},"03ED":{"t":"ERCO"},"03EE":{"t":"E75L"},"03EF":{"t":"E75L"},"03F0":{"t":"ERCO"},"03F2":{"t":"E75L"},"03FA":{"t":"PA22"},"03FB":{"t":"P28A"},"03FC":{"desc":"H4E"},"03FD":{"t":"C150"},"03FF":{"desc":"L2J","t":"B38M"},"0400":{"t":"S108"},"0405":{"t":"C206"},"0407":{"t":"C150"},"0408":{"t":"C182"},"0409":{"t":"C150"},"040A":{"t":"CH7A"},"040C":{"t":"C182"},"040D":{"t":"PA30"},"0411":{"t":"ERCO"},"0413":{"t":"PA18"},"0414":{"t":"ERCO"},"0415":{"t":"C310"},"0417":{"t":"E75L"},"0418":{"t":"E75L"},"041C":{"t":"P28R"},"041D":{"t":"PA22"},"0420":{"t":"C150"},"0423":{"t":"S108"},"0425":{"t":"BE23"},"0427":{"t":"PA24"},"042A":{"desc":"L2J","t":"B38M"},"042C":{"t":"C172"},"042E":{"t":"P28B"},"042F":{"t":"C182"},"0431":{"t":"C206"},"0433":{"t":"ERCO"},"0435":{"t":"ERCO"},"0438":{"t":"ERCO"},"043B":{"desc":"L1P"},"043C":{"t":"BE33"},"043D":{"t":"BE35"},"0441":{"t":"P28R"},"0442":{"t":"H269"},"0443":{"t":"CRJ2"},"0444":{"t":"NAVI"},"0448":{"desc":"L2J","t":"B38M"},"044A":{"t":"PA24"},"0450":{"t":"CH7B"},"0452":{"t":"C182"},"0454":{"t":"C206"},"0455":{"t":"ERCO"},"0457":{"t":"C310"},"0458":{"t":"ERCO"},"045A":{"t":"ERCO"},"045B":{"t":"ERCO"},"045C":{"t":"E75L"},"045E":{"t":"E75L"},"0463":{"t":"PA22"},"0464":{"t":"P28R"},"0469":{"t":"S108"},"046A":{"t":"PA25"},"046C":{"t":"P28A"},"046E":{"desc":"L2J","t":"B38M"},"0471":{"t":"C182"},"0472":{"t":"C172"},"0474":{"t":"P28B"},"0477":{"t":"C206"},"0478":{"t":"ERCO"},"0479":{"t":"C310"},"047C":{"t":"ERCO"},"047D":{"t":"E75L"},"047E":{"t":"ERCO"},"0480":{"t":"ERCO"},"0481":{"t":"ERCO"},"0483":{"t":"BE35"},"0486":{"t":"PA22"},"0487":{"t":"P32R"},"048A":{"t":"G164"},"048D":{"desc":"L2J","t":"B38M"},"048F":{"t":"P28A"},"0490":{"t":"PA24"},"0492":{"desc":"L1P"},"0495":{"t":"C172"},"0496":{"t":"CH7B"},"0497":{"t":"P28B"},"0499":{"t":"PA30"},"049A":{"t":"C206"},"049E":{"t":"E75L"},"049F":{"t":"ERCO"},"04A1":{"t":"C310"},"04A2":{"t":"C310"},"04A3":{"t":"C310"},"04A4":{"t":"ERCO"},"04A6":{"t":"CRJ2"},"04A7":{"t":"C172"},"04A9":{"t":"PA22"},"04AC":{"t":"C150"},"04AE":{"desc":"L2J","t":"B38M"},"04B4":{"t":"C206"},"04B8":{"t":"C172"},"04BB":{"t":"C182"},"04BE":{"t":"E75L"},"04BF":{"t":"ERCO"},"04C0":{"t":"ERCO"},"04C1":{"t":"C310"},"04C2":{"desc":"L2J"},"04C3":{"desc":"L2J"},"04C4":{"t":"ERCO"},"04C5":{"desc":"L2J"},"04C6":{"desc":"L2J"},"04C8":{"t":"ULAC"},"04CA":{"t":"C172"},"04CC":{"t":"PA22"},"04CD":{"t":"P28A"},"04D2":{"t":"S108"},"04D3":{"desc":"L2J","t":"B38M"},"04D5":{"t":"P28A"},"04DA":{"t":"C182"},"04DB":{"t":"C172"},"04DD":{"t":"P28B"},"04E3":{"t":"ERCO"},"04E4":{"t":"ERCO"},"04E5":{"t":"ERCO"},"04E6":{"t":"ERCO"},"04E9":{"t":"ERCO"},"04EA":{"t":"ERCO"},"04EC":{"t":"BE35"},"04F5":{"desc":"L2J","t":"B38M"},"04F8":{"t":"P28A"},"04FE":{"t":"C150"},"0500":{"t":"P28B"},"0504":{"desc":"L2J"},"0509":{"t":"ERCO"},"050A":{"t":"C421"},"050D":{"t":"C310"},"050E":{"t":"CH7B"},"0511":{"t":"P28B"},"0513":{"t":"P28A"},"0515":{"t":"C150"},"0516":{"t":"CH7A"},"0519":{"desc":"L2J","t":"B38M"},"051C":{"t":"PA24"},"0520":{"t":"C182"},"0521":{"t":"C172"},"0523":{"t":"P28B"},"0528":{"t":"ERCO"},"052A":{"t":"C310"},"052C":{"t":"C310"},"052E":{"t":"C310"},"052F":{"t":"ERCO"},"0530":{"t":"ERCO"},"0531":{"t":"UH1"},"0533":{"t":"B722"},"0535":{"t":"P28A"},"053F":{"t":"B788"},"0543":{"t":"CRJ2"},"054D":{"desc":"H1T","t":"B505"},"0553":{"t":"SR22"},"0564":{"t":"GLF4"},"0565":{"t":"TBM7"},"0566":{"desc":"L1P"},"0567":{"desc":"A1P","t":"PA18"},"0568":{"t":"SR22"},"0572":{"t":"SR22"},"0576":{"desc":"H1P"},"0582":{"desc":"L1P"},"058A":{"t":"B739"},"058F":{"t":"C182"},"0596":{"desc":"S1P"},"0598":{"t":"PC12"},"05A6":{"t":"C172"},"05B2":{"desc":"H4E"},"05B4":{"t":"C208"},"05E2":{"desc":"L1P"},"05F2":{"t":"PC12"},"05FA":{"t":"C172"},"05FF":{"t":"BE58"},"0606":{"desc":"L1P"},"060B":{"t":"BE33"},"0613":{"desc":"L1P"},"0637":{"t":"C82S"},"0638":{"t":"SR22"},"0645":{"t":"B06"},"0646":{"t":"PA32"},"064C":{"desc":"L1P"},"064D":{"t":"PA38"},"064E":{"t":"RV12"},"0651":{"t":"AT8T"},"0655":{"t":"AT3T"},"065F":{"desc":"L1J"},"066B":{"t":"B738"},"066C":{"desc":"L1P"},"0677":{"desc":"L1P"},"0678":{"t":"P28A"},"068C":{"t":"C510"},"06AA":{"t":"GLF3"},"06AB":{"t":"ST75"},"06BE":{"t":"E170"},"06C3":{"t":"PC12"},"06C5":{"t":"PA18"},"06C7":{"t":"UH1"},"06CD":{"desc":"L1P"},"06D0":{"t":"BE20"},"06D4":{"t":"B407"},"06DB":{"t":"SR20"},"06E4":{"desc":"L1P"},"06F0":{"t":"B752"},"06F1":{"t":"H25B"},"06F5":{"t":"A319"},"0702":{"t":"B350"},"071F":{"t":"F900"},"0728":{"t":"SR22"},"072E":{"t":"BE58"},"0737":{"desc":"L1P"},"0756":{"desc":"H1P"},"0788":{"desc":"H1P"},"078B":{"desc":"L2J","t":"B38M"},"078C":{"t":"C172"},"078D":{"t":"PA22"},"0797":{"t":"P28A"},"0798":{"t":"PA24"},"0799":{"t":"C206"},"079A":{"t":"GLID"},"079B":{"t":"C150"},"07A0":{"t":"C182"},"07A3":{"t":"ERCO"},"07A6":{"t":"C310"},"07A8":{"t":"ERCO"},"07AE":{"t":"BE35"},"07AF":{"t":"C172"},"07B2":{"t":"P28A"},"07B4":{"t":"C150"},"07B5":{"t":"G164"},"07B7":{"t":"S108"},"07B8":{"desc":"L2J","t":"B38M"},"07B9":{"t":"BE23"},"07BA":{"t":"P28A"},"07BB":{"t":"PA24"},"07BE":{"t":"C150"},"07BF":{"t":"C182"},"07C0":{"t":"C172"},"07C1":{"t":"CH7B"},"07C2":{"t":"P28B"},"07C6":{"t":"ERCO"},"07C8":{"t":"C310"},"07C9":{"t":"ERCO"},"07CA":{"t":"ERCO"},"07CC":{"t":"ERCO"},"07D0":{"desc":"L1P"},"07D1":{"t":"H25B"},"07D2":{"t":"C172"},"07D5":{"t":"P32R"},"07D7":{"t":"C150"},"07DA":{"t":"S108"},"07DB":{"t":"PA25"},"07DC":{"desc":"L2J","t":"B38M"},"07DE":{"t":"PA24"},"07E3":{"t":"C172"},"07E4":{"t":"CH7B"},"07E6":{"t":"C182"},"07EC":{"t":"ERCO"},"07ED":{"t":"ERCO"},"07EF":{"t":"ERCO"},"07F2":{"t":"C310"},"07F5":{"t":"C172"},"07F8":{"t":"P32R"},"07F9":{"t":"H269"},"07FC":{"desc":"L1P","t":"ULAC"},"07FD":{"desc":"L2J","t":"B38M"},"07FF":{"t":"BE23"},"0800":{"t":"P28A"},"0801":{"t":"PA24"},"0807":{"t":"CH7B"},"080B":{"t":"C206"},"080D":{"t":"ERCO"},"080F":{"t":"ERCO"},"0811":{"t":"ERCO"},"0812":{"t":"ERCO"},"0816":{"desc":"L1P"},"0818":{"desc":"L2J","t":"B38M"},"0819":{"t":"PA22"},"081C":{"t":"H269"},"081E":{"t":"NAVI"},"0820":{"desc":"H1T","t":"B505"},"0823":{"t":"P28A"},"0824":{"t":"PA24"},"0827":{"t":"C150"},"082A":{"t":"CH7B"},"082F":{"t":"ERCO"},"0832":{"t":"C310"},"0834":{"t":"ERCO"},"0837":{"t":"ERCO"},"0838":{"t":"ERCO"},"083B":{"t":"CRJ2"},"083F":{"t":"P28A"},"0840":{"t":"C150"},"0843":{"desc":"L2J","t":"B38M"},"084D":{"t":"CH7B"},"084E":{"t":"P28B"},"084F":{"t":"C182"},"0850":{"t":"PA18"},"0856":{"t":"C310"},"085C":{"t":"GLID"},"085E":{"t":"C172"},"085F":{"t":"PA22"},"0862":{"t":"H269"},"0866":{"t":"S108"},"0869":{"t":"P28A"},"086A":{"t":"PA24"},"086B":{"desc":"L2J","t":"B38M"},"086E":{"desc":"L1P"},"0870":{"t":"CH7A"},"0872":{"t":"C182"},"0876":{"t":"C310"},"0879":{"t":"C310"},"087D":{"t":"RC3"},"087F":{"t":"GLID"},"0881":{"t":"CRJ2"},"0882":{"desc":"L1P"},"0884":{"t":"P28A"},"0887":{"t":"NAVI"},"0889":{"t":"S108"},"088B":{"t":"BE23"},"088D":{"t":"PA24"},"088E":{"desc":"L2J","t":"B38M"},"0890":{"t":"C150"},"0892":{"t":"C150"},"0893":{"t":"CH7B"},"0894":{"t":"P28B"},"0895":{"t":"C182"},"0897":{"t":"C185"},"08A4":{"t":"C172"},"08A5":{"desc":"L1P"},"08AA":{"t":"NAVI"},"08AC":{"t":"S108"},"08AE":{"t":"BE23"},"08B1":{"desc":"L2J","t":"B38M"},"08B3":{"t":"C150"},"08B4":{"t":"C182"},"08B6":{"t":"CH7B"},"08B9":{"t":"PA30"},"08BC":{"t":"C310"},"08BD":{"t":"RC3"},"08C9":{"t":"PA22"},"08CA":{"t":"P28A"},"08CB":{"t":"H269"},"08CD":{"t":"NAVI"},"08D2":{"t":"P28A"},"08D4":{"desc":"L2J","t":"B38M"},"08D5":{"desc":"L1P"},"08D6":{"t":"C150"},"08D7":{"t":"C182"},"08D8":{"t":"C172"},"08DA":{"t":"P28B"},"08DB":{"t":"WACF"},"08DD":{"t":"C77R"},"08DE":{"t":"C310"},"08DF":{"t":"RC3"},"08E1":{"t":"RC3"},"08EC":{"desc":"L2T"},"08ED":{"desc":"L1P"},"08F5":{"t":"B738"},"08F9":{"t":"H60"},"08FA":{"t":"CRJ2"},"0902":{"t":"B350"},"0906":{"t":"B788"},"0912":{"t":"DA40"},"0917":{"desc":"H1P"},"091B":{"t":"BE33"},"091C":{"t":"LJ60"},"091F":{"t":"C172"},"0927":{"desc":"L1P"},"0929":{"t":"C182"},"0936":{"t":"BE58"},"0939":{"t":"C82S"},"093D":{"t":"SR20"},"0940":{"t":"BE20"},"0941":{"t":"B739"},"0945":{"t":"P28B"},"0949":{"desc":"L1P"},"094D":{"desc":"S1P"},"0951":{"desc":"L1P"},"0965":{"desc":"L1P"},"096B":{"t":"C208"},"097A":{"desc":"L1P"},"097F":{"t":"P28A"},"0981":{"t":"H60"},"0998":{"desc":"L1P"},"099A":{"t":"HA4T"},"09AC":{"desc":"H1P"},"09B1":{"t":"BE20"},"09B3":{"t":"AT8T"},"09B8":{"t":"BE58"},"09BA":{"desc":"H4E"},"09C1":{"t":"EN48"},"09C3":{"t":"S22T"},"09D6":{"desc":"H4E"},"09E3":{"t":"AA5"},"09F1":{"t":"H25B"},"09FC":{"t":"B06"},"09FD":{"t":"C150"},"09FE":{"desc":"L1P"},"09FF":{"desc":"L2T"},"0A04":{"t":"EC30"},"0A22":{"t":"B738"},"0A2E":{"t":"WW24"},"0A2F":{"desc":"L1P","t":"ULAC"},"0A30":{"desc":"H1T","t":"B505"},"0A32":{"t":"BE36"},"0A37":{"t":"C182"},"0A39":{"t":"BE33"},"0A53":{"desc":"H8E"},"0A60":{"desc":"L1P"},"0A68":{"t":"C172"},"0A75":{"t":"E170"},"0A7A":{"desc":"H2T"},"0A7B":{"t":"SR20"},"0A81":{"t":"P46T"},"0A87":{"t":"BE20"},"0A8A":{"desc":"H8E"},"0A8B":{"t":"B407"},"0A92":{"t":"BE35"},"0A95":{"desc":"H6E"},"0A9E":{"t":"GLF5"},"0AA8":{"t":"H25B"},"0AAC":{"t":"A319"},"0AB7":{"desc":"H8E"},"0AB9":{"t":"B350"},"0AC6":{"desc":"H4E"},"0ADD":{"desc":"L1P"},"0AE2":{"t":"UH12"},"0B21":{"t":"B412"},"0B41":{"t":"CH7B"},"0B46":{"t":"P28A"},"0B48":{"t":"C150"},"0B4B":{"t":"S108"},"0B4C":{"t":"PA25"},"0B4E":{"t":"P28A"},"0B50":{"desc":"L2J","t":"B38M"},"0B51":{"desc":"L1P"},"0B52":{"t":"C150"},"0B54":{"t":"C172"},"0B55":{"t":"CH7A"},"0B56":{"t":"P28B"},"0B59":{"t":"C185"},"0B5E":{"t":"RC3"},"0B61":{"t":"B738"},"0B64":{"t":"CH7A"},"0B65":{"t":"BE35"},"0B68":{"t":"CRJ2"},"0B69":{"t":"P28A"},"0B6A":{"t":"H269"},"0B6B":{"t":"C150"},"0B74":{"desc":"L2J","t":"B38M"},"0B75":{"t":"C150"},"0B78":{"t":"BL8"},"0B7F":{"t":"B738"},"0B80":{"t":"B738"},"0B82":{"t":"RC3"},"0B87":{"t":"CH7B"},"0B8C":{"t":"P32R"},"0B92":{"t":"BALL"},"0B99":{"t":"C182"},"0B9A":{"t":"C172"},"0B9B":{"t":"CH7B"},"0B9C":{"t":"P28B"},"0B9D":{"t":"C182"},"0B9E":{"t":"PA30"},"0BA7":{"t":"B738"},"0BAA":{"t":"CH7B"},"0BAD":{"t":"PA18"},"0BAF":{"t":"PA34"},"0BB1":{"t":"BE35"},"0BB4":{"t":"S108"},"0BB7":{"t":"P28A"},"0BBB":{"t":"AT3P"},"0BBC":{"t":"C182"},"0BBD":{"t":"C172"},"0BBE":{"t":"BL8"},"0BBF":{"t":"P28B"},"0BC2":{"t":"C206"},"0BC4":{"t":"B738"},"0BC7":{"desc":"L2P"},"0BCF":{"t":"C172"},"0BD2":{"t":"P28A"},"0BDB":{"t":"PA24"},"0BDC":{"t":"C206"},"0BDF":{"t":"C182"},"0BE1":{"t":"CH7B"},"0BE3":{"t":"C182"},"0BE4":{"t":"PA30"},"0BE5":{"t":"C206"},"0BE7":{"t":"C421"},"0BED":{"desc":"A1P"},"0BEE":{"desc":"A1P"},"0BF1":{"desc":"L1P"},"0BF2":{"t":"C172"},"0BF5":{"t":"P28A"},"0BFA":{"t":"S108"},"0BFC":{"t":"BE23"},"0BFF":{"t":"C206"},"0C00":{"t":"BALL"},"0C02":{"desc":"L1P"},"0C03":{"t":"C150"},"0C04":{"t":"CH7B"},"0C05":{"t":"P28B"},"0C06":{"t":"P46T"},"0C07":{"t":"PA30"},"0C0C":{"t":"RC3"},"0C16":{"t":"P28A"},"0C17":{"t":"PA22"},"0C18":{"t":"P28A"},"0C21":{"t":"PA24"},"0C22":{"t":"T206"},"0C27":{"desc":"L1P"},"0C28":{"t":"P28B"},"0C29":{"t":"C182"},"0C2A":{"t":"PA30"},"0C2D":{"t":"C421"},"0C30":{"t":"RC3"},"0C31":{"t":"BE35"},"0C32":{"t":"RC3"},"0C33":{"t":"RC3"},"0C39":{"t":"PA18"},"0C3B":{"t":"P28R"},"0C42":{"t":"BE23"},"0C43":{"t":"P28A"},"0C44":{"t":"PA24"},"0C46":{"desc":"L1P"},"0C47":{"t":"C150"},"0C49":{"t":"C172"},"0C5C":{"t":"PA18"},"0C5D":{"t":"CRJ2"},"0C5E":{"t":"P28R"},"0C63":{"t":"S108"},"0C65":{"t":"BE23"},"0C67":{"t":"PA24"},"0C68":{"t":"T206"},"0C71":{"t":"C206"},"0C75":{"t":"RC3"},"0C78":{"t":"RC3"},"0C7F":{"desc":"H6E"},"0C81":{"t":"P32R"},"0C89":{"t":"P28A"},"0C8A":{"t":"PA24"},"0C8D":{"t":"C150"},"0C8E":{"t":"C182"},"0C8F":{"t":"C172"},"0C90":{"t":"BL8"},"0C91":{"t":"P28B"},"0C92":{"t":"C182"},"0C94":{"t":"C206"},"0C95":{"desc":"L2P"},"0C97":{"t":"H269"},"0C98":{"t":"GLID"},"0C9C":{"desc":"L1P"},"0CA0":{"t":"PA22"},"0CA1":{"t":"SR22"},"0CA3":{"t":"B407"},"0CA4":{"t":"C56X"},"0CA9":{"desc":"L1P"},"0CAA":{"desc":"L1P"},"0CAB":{"t":"B788"},"0CAC":{"t":"C510"},"0CB1":{"t":"CRJ2"},"0CB9":{"desc":"L1J"},"0CBB":{"t":"C550"},"0CBE":{"desc":"L1P"},"0CC2":{"desc":"H6E"},"0CC9":{"t":"DA40"},"0CD2":{"t":"F900"},"0CD3":{"t":"TBM8"},"0CD9":{"t":"C182"},"0CDB":{"desc":"H6E"},"0CDE":{"desc":"L1P"},"0CE0":{"t":"SR22"},"0CE3":{"t":"CL30"},"0CEB":{"t":"S108"},"0CEC":{"t":"P208"},"0CF4":{"desc":"H6E"},"0CF8":{"t":"B739"},"0CFD":{"t":"C340"},"0D02":{"t":"S22T"},"0D06":{"desc":"L1P"},"0D09":{"t":"PA32"},"0D0D":{"t":"C82S"},"0D10":{"t":"UH1"},"0D1D":{"t":"GLID"},"0D21":{"desc":"L2J"},"0D22":{"t":"C208"},"0D29":{"t":"S22T"},"0D36":{"t":"C650"},"0D37":{"t":"MD83"},"0D3E":{"t":"G150"},"0D3F":{"t":"B407"},"0D41":{"t":"GLF4"},"0D42":{"t":"UH1"},"0D4F":{"t":"CL60"},"0D5C":{"desc":"H4E"},"0D6B":{"t":"E50P"},"0D70":{"desc":"H1P"},"0D75":{"desc":"H4E"},"0D7A":{"t":"C182"},"0D87":{"desc":"L1P"},"0D8A":{"desc":"H6E"},"0D9B":{"t":"AT8T"},"0DA0":{"t":"PC12"},"0DA1":{"desc":"L1P"},"0DAB":{"desc":"L1P"},"0DAF":{"desc":"L1P"},"0DB4":{"t":"LJ60"},"0DBA":{"t":"C172"},"0DBB":{"t":"EC30"},"0DBF":{"desc":"L1P"},"0DC1":{"desc":"H6E"},"0DC4":{"t":"C525"},"0DD9":{"t":"B738"},"0DDE":{"desc":"H4E"},"0DE6":{"t":"BE9L"},"0DF1":{"t":"BE36"},"0DF6":{"t":"C240"},"0E0A":{"desc":"H4E"},"0E17":{"t":"T210"},"0E18":{"t":"C56X"},"0E20":{"t":"A109"},"0E2B":{"desc":"L1P"},"0E30":{"t":"C182"},"0E31":{"desc":"L1P","t":"ULAC"},"0E36":{"t":"LJ60"},"0E38":{"t":"C180"},"0E40":{"desc":"L1P"},"0E42":{"t":"B407"},"0E45":{"t":"BL8"},"0E49":{"t":"BE35"},"0E4B":{"desc":"L1P"},"0E5B":{"desc":"H8E"},"0E5C":{"desc":"L1P"},"0E5E":{"desc":"L1P","t":"ULAC"},"0E62":{"t":"C525"},"0E63":{"t":"A319"},"0E65":{"t":"C56X"},"0E66":{"t":"C25A"},"0E70":{"t":"B350"},"0E84":{"desc":"H1T"},"0E94":{"t":"C172"},"0E97":{"desc":"L1P"},"0E98":{"desc":"H4E"},"0EA0":{"desc":"L1P"},"0EC8":{"t":"H60"},"0EDF":{"desc":"L1P"},"0EFA":{"t":"C172"},"0EFB":{"t":"P28A"},"0EFD":{"t":"P32R"},"0F04":{"t":"BE23"},"0F08":{"desc":"H4E"},"0F0A":{"t":"C182"},"0F0B":{"t":"C150"},"0F0D":{"t":"P28B"},"0F12":{"t":"S108"},"0F14":{"t":"GLID"},"0F18":{"t":"S108"},"0F19":{"t":"S108"},"0F1B":{"desc":"L1P"},"0F1E":{"t":"PA18"},"0F21":{"t":"P28A"},"0F22":{"t":"C150"},"0F23":{"t":"G164"},"0F25":{"t":"S108"},"0F27":{"t":"BE23"},"0F2D":{"t":"C182"},"0F2E":{"t":"C172"},"0F30":{"t":"P28B"},"0F33":{"t":"C206"},"0F36":{"desc":"L2T"},"0F37":{"t":"T6"},"0F38":{"desc":"L1P"},"0F3C":{"desc":"L1P"},"0F40":{"t":"PA46"},"0F42":{"t":"PA22"},"0F43":{"t":"P28A"},"0F4A":{"t":"GLEX"},"0F4B":{"t":"P28A"},"0F4F":{"desc":"H4E"},"0F50":{"t":"C182"},"0F51":{"t":"C172"},"0F54":{"desc":"L1P"},"0F58":{"desc":"L1P"},"0F5A":{"desc":"L1P"},"0F63":{"t":"C172"},"0F68":{"t":"C150"},"0F6B":{"desc":"L1P"},"0F6D":{"t":"BE23"},"0F6E":{"t":"P28A"},"0F70":{"t":"C206"},"0F72":{"t":"C150"},"0F76":{"t":"P28B"},"0F77":{"t":"C182"},"0F79":{"t":"C206"},"0F82":{"desc":"L1P"},"0F87":{"t":"P28A"},"0F89":{"t":"P28A"},"0F8B":{"t":"C150"},"0F8D":{"t":"AA5"},"0F90":{"t":"BE23"},"0F99":{"t":"P28B"},"0F9A":{"t":"C182"},"0F9B":{"t":"PA30"},"0FA7":{"t":"RV12"},"0FA9":{"desc":"L1P"},"0FAA":{"t":"P28A"},"0FAC":{"t":"P28A"},"0FAD":{"t":"P28A"},"0FAF":{"t":"HUSK"},"0FB8":{"desc":"L1P"},"0FB9":{"t":"SR22"},"0FBA":{"t":"C150"},"0FBB":{"t":"SR22"},"0FBC":{"t":"SR20"},"0FBE":{"t":"PA30"},"0FC4":{"desc":"H4E"},"0FCB":{"t":"BE35"},"0FCD":{"desc":"L1P"},"0FCE":{"t":"PA22"},"0FCF":{"t":"P28R"},"0FD1":{"t":"C150"},"0FD2":{"t":"G164"},"0FD6":{"t":"BE23"},"0FD8":{"t":"PA24"},"0FDF":{"t":"P28B"},"0FE0":{"t":"C182"},"0FED":{"t":"B737"},"0FF1":{"t":"PA22"},"0FF5":{"t":"NAVI"},"0FF8":{"desc":"H6E"},"0FFA":{"t":"P28A"},"0FFB":{"t":"PA24"},"0FFE":{"t":"C150"},"0FFF":{"t":"C182"},"5000":{"t":"C172"},"5002":{"t":"C182"},"5007":{"t":"C140"},"5009":{"t":"C140"},"500A":{"t":"C140"},"500F":{"t":"CH7B"},"5010":{"t":"BE35"},"5011":{"t":"C172"},"5017":{"t":"NAVI"},"5019":{"t":"S108"},"501B":{"t":"BE33"},"501C":{"t":"PA32"},"501D":{"desc":"L1P"},"5021":{"t":"C182"},"5023":{"t":"C172"},"5024":{"t":"P28B"},"5027":{"t":"C310"},"5028":{"t":"C140"},"502B":{"t":"C152"},"502C":{"t":"C140"},"502E":{"t":"C140"},"502F":{"t":"C140"},"5030":{"t":"C140"},"5032":{"t":"CH7B"},"5033":{"t":"CRJ2"},"5035":{"t":"PA22"},"5038":{"t":"H269"},"503A":{"t":"NAVI"},"503B":{"t":"P28A"},"503E":{"t":"BE95"},"5040":{"t":"PA24"},"5043":{"t":"C150"},"5044":{"t":"T28"},"5045":{"t":"BE33"},"504A":{"t":"C310"},"504C":{"t":"C140"},"504F":{"t":"C140"},"5055":{"t":"CH7B"},"5057":{"t":"C172"},"505D":{"t":"NAVI"},"505E":{"t":"P28A"},"5060":{"t":"PA18"},"5061":{"t":"BE35"},"5062":{"t":"PA32"},"5064":{"desc":"L1T","t":"SS2P"},"5068":{"t":"C150"},"506A":{"t":"P28B"},"506B":{"t":"C182"},"506E":{"t":"C140"},"5070":{"t":"C140"},"5071":{"t":"C140"},"5073":{"t":"C140"},"5075":{"t":"C140"},"507C":{"t":"P28A"},"507E":{"t":"CL30"},"5087":{"desc":"L1T"},"508B":{"t":"B712"},"508C":{"desc":"H2T"},"5094":{"desc":"H1T"},"5099":{"desc":"H2T"},"50A7":{"t":"P210"},"50AD":{"t":"PA31"},"50B9":{"t":"C182"},"50BC":{"t":"EC35"},"50C4":{"desc":"L1P"},"50C7":{"desc":"L1P"},"50D1":{"t":"B739"},"50D5":{"t":"DA40"},"50DE":{"desc":"L2T"},"50E0":{"desc":"L1P"},"50FA":{"desc":"L2J"},"5107":{"desc":"L1P"},"510B":{"t":"UH12"},"510F":{"t":"P208"},"5117":{"desc":"L1P"},"5121":{"t":"EC30"},"515A":{"desc":"L1P"},"515C":{"desc":"L2T"},"5185":{"desc":"L1P"},"518D":{"t":"TBM7"},"518F":{"t":"C510"},"5198":{"desc":"L2T"},"51A5":{"t":"AS50"},"51A9":{"t":"PA44"},"51AC":{"t":"PC12"},"51B2":{"t":"B738"},"51BE":{"t":"R44"},"51BF":{"t":"EC30"},"51CA":{"t":"UH1"},"51F0":{"t":"BE33"},"51FC":{"desc":"L1P"},"520C":{"desc":"L2T"},"520D":{"desc":"H8E"},"5211":{"desc":"L1P"},"5215":{"t":"B738"},"5219":{"t":"SR22"},"5222":{"t":"S22T"},"5223":{"t":"CL60"},"5225":{"t":"C208"},"523C":{"t":"A319"},"5249":{"t":"B350"},"526F":{"t":"PC12"},"5287":{"desc":"A1P"},"52A9":{"desc":"L1P"},"52D2":{"t":"BE35"},"52D3":{"t":"C172"},"52D5":{"t":"PA22"},"52D6":{"t":"CRJ2"},"52DA":{"t":"P28A"},"52DB":{"t":"S108"},"52DD":{"t":"BE23"},"52DE":{"t":"C310"},"52E0":{"desc":"L1P"},"52E1":{"t":"CH7A"},"52E6":{"t":"P28B"},"52EB":{"t":"C152"},"52ED":{"t":"C140"},"52EE":{"t":"E75L"},"52F0":{"t":"C140"},"52F1":{"t":"C140"},"52F2":{"t":"E75L"},"52F3":{"t":"C140"},"52F4":{"desc":"L1P"},"52FB":{"t":"C182"},"52FE":{"t":"S108"},"5300":{"t":"BE33"},"5302":{"t":"PA24"},"5306":{"t":"C170"},"5308":{"t":"C172"},"530A":{"t":"C182"},"530D":{"t":"C152"},"530F":{"t":"C152"},"5310":{"t":"E75L"},"5312":{"t":"E75L"},"5313":{"t":"C140"},"5314":{"t":"E75L"},"531A":{"t":"CRJ2"},"531B":{"t":"PA22"},"531F":{"desc":"L1P"},"5321":{"t":"S108"},"5323":{"desc":"L1P"},"5325":{"t":"PA24"},"532A":{"t":"BE35"},"532B":{"t":"C172"},"532E":{"t":"PA18"},"532F":{"t":"C310"},"5331":{"t":"E75L"},"5332":{"t":"C140"},"5333":{"t":"C140"},"5338":{"t":"C140"},"533A":{"t":"BE33"},"533C":{"t":"CRJ2"},"5343":{"t":"P28A"},"5345":{"t":"PA18"},"534A":{"t":"CH7B"},"534B":{"t":"C150"},"534F":{"t":"P28B"},"5350":{"t":"C182"},"5356":{"t":"C152"},"5357":{"t":"C140"},"535A":{"t":"C172"},"535B":{"t":"C140"},"535D":{"desc":"L1P"},"535F":{"t":"C172"},"5360":{"t":"PA22"},"5364":{"t":"C182"},"5368":{"desc":"L1P"},"5369":{"t":"BE18"},"536B":{"t":"PA24"},"5371":{"t":"C172"},"5372":{"t":"P28B"},"5374":{"t":"PA30"},"5375":{"t":"C310"},"5377":{"t":"C140"},"5378":{"t":"E75L"},"5379":{"t":"C140"},"537A":{"t":"C140"},"537D":{"t":"C140"},"537E":{"t":"C140"},"537F":{"t":"E75L"},"5387":{"t":"C182"},"538A":{"t":"S108"},"538C":{"t":"C210"},"538E":{"desc":"L1E"},"5390":{"t":"CH7A"},"5393":{"t":"BE33"},"5395":{"t":"P28B"},"539A":{"t":"C140"},"539B":{"t":"C140"},"53A0":{"t":"E75L"},"53A1":{"t":"C152"},"53A2":{"t":"C152"},"53A3":{"desc":"L1P"},"53A4":{"t":"CRJ2"},"53A5":{"t":"C172"},"53AC":{"t":"P28A"},"53AF":{"t":"BE33"},"53B1":{"t":"PA24"},"53B3":{"t":"CH7A"},"53B4":{"t":"C150"},"53B8":{"t":"A359"},"53BC":{"t":"C140"},"53BE":{"desc":"L2J"},"53C0":{"t":"C140"},"53C4":{"t":"C140"},"53C8":{"t":"C172"},"53CA":{"t":"PA22"},"53CD":{"t":"C182"},"53D1":{"t":"PA25"},"53D2":{"t":"BE33"},"53D3":{"t":"PA32"},"53D6":{"t":"R44"},"53DA":{"t":"C172"},"53DB":{"t":"P28B"},"53E1":{"t":"C152"},"53E6":{"t":"C152"},"53E7":{"t":"C140"},"53EA":{"t":"CRJ2"},"53EF":{"t":"H269"},"53F0":{"t":"C182"},"53F2":{"t":"P28A"},"53F9":{"t":"CH7A"},"53FA":{"t":"C150"},"53FB":{"desc":"L1P"},"53FC":{"t":"C150"},"5400":{"t":"PA30"},"5402":{"t":"C140"},"5404":{"t":"C140"},"5406":{"t":"C140"},"5407":{"t":"C140"},"540B":{"t":"C140"},"540D":{"t":"BE35"},"540F":{"t":"P28A"},"5410":{"t":"BALL"},"5413":{"t":"C182"},"5415":{"t":"P28A"},"5417":{"t":"PA25"},"5418":{"t":"BE55"},"5419":{"t":"PA32"},"541C":{"desc":"L1P"},"541E":{"t":"C182"},"541F":{"t":"BE35"},"5420":{"t":"C172"},"5424":{"t":"C310"},"5425":{"t":"C152"},"5427":{"t":"C140"},"542A":{"t":"C140"},"542D":{"t":"C140"},"542E":{"t":"C140"},"542F":{"t":"C172"},"5430":{"desc":"L1P"},"5433":{"t":"P28A"},"5435":{"t":"CL30"},"5436":{"t":"PC12"},"5438":{"t":"C206"},"543B":{"desc":"L1P"},"543C":{"t":"DA40"},"5440":{"t":"M20T"},"5442":{"t":"B712"},"544A":{"t":"B748"},"5462":{"t":"C25A"},"5465":{"t":"S76"},"5466":{"desc":"L1P"},"546B":{"t":"LJ24"},"5470":{"t":"C182"},"5484":{"desc":"H1T"},"5487":{"t":"PC12"},"5488":{"t":"B739"},"548C":{"t":"DA40"},"5495":{"t":"TBM7"},"54AC":{"t":"ULAC"},"54AE":{"desc":"L1P"},"54B1":{"desc":"L2J"},"54B2":{"t":"C208"},"54BE":{"desc":"L1P"},"54D8":{"t":"EC30"},"54DF":{"t":"B407"},"54E0":{"t":"B06"},"54FA":{"desc":"L1P"},"54FF":{"t":"C340"},"5500":{"t":"E55P"},"5514":{"t":"C172"},"5522":{"t":"C68A"},"552D":{"desc":"H4E"},"554B":{"desc":"L1P"},"554C":{"t":"PA18"},"5555":{"desc":"A1P"},"5569":{"t":"B738"},"556E":{"t":"C550"},"5576":{"t":"EC30"},"558F":{"t":"BALL"},"55A7":{"t":"BE33"},"55BB":{"desc":"L1P"},"55C1":{"t":"DA40"},"55C3":{"desc":"L1P"},"55C7":{"t":"BALL"},"55CC":{"t":"B738"},"55CE":{"desc":"A1P","t":"ULAC"},"55DC":{"desc":"H4E"},"55EE":{"t":"WW24"},"55EF":{"t":"H25B"},"55F3":{"t":"A319"},"560C":{"t":"BALL"},"5624":{"desc":"L1P"},"5632":{"desc":"L1P"},"5634":{"desc":"H4E"},"563D":{"desc":"L1P"},"564B":{"t":"ULAC"},"5656":{"desc":"L1P"},"566F":{"t":"YK52"},"5670":{"t":"BALL"},"5689":{"t":"BALL"},"568A":{"t":"C172"},"568B":{"t":"PA22"},"568D":{"t":"CRJ2"},"568F":{"t":"C182"},"5691":{"t":"P28A"},"5696":{"t":"PA24"},"569E":{"t":"C182"},"56A1":{"t":"C140"},"56A3":{"t":"C140"},"56A8":{"t":"C140"},"56AD":{"t":"C172"},"56AF":{"t":"PA22"},"56B4":{"t":"P28A"},"56B7":{"t":"BE33"},"56BB":{"desc":"L1P"},"56BD":{"t":"C182"},"56BF":{"t":"C172"},"56C0":{"t":"P28B"},"56C1":{"t":"C182"},"56C3":{"t":"C310"},"56C5":{"t":"C140"},"56CA":{"t":"C140"},"56CF":{"t":"CRJ2"},"56D0":{"t":"C172"},"56D2":{"t":"PA22"},"56D5":{"t":"C182"},"56D8":{"t":"S108"},"56DC":{"t":"PA24"},"56DE":{"t":"CH7A"},"56E0":{"t":"C182"},"56E1":{"t":"BE35"},"56E2":{"t":"C172"},"56E4":{"t":"C182"},"56EA":{"t":"SR20"},"56ED":{"t":"C140"},"56F2":{"t":"CRJ2"},"56F3":{"t":"C172"},"56F8":{"t":"C182"},"56F9":{"t":"G164"},"56FA":{"t":"P28A"},"56FE":{"t":"PA32"},"5704":{"t":"BE33"},"5705":{"t":"C172"},"5706":{"t":"P28B"},"5709":{"t":"C310"},"570A":{"t":"C152"},"570D":{"t":"C152"},"570F":{"t":"C140"},"5712":{"t":"C152"},"5713":{"t":"C152"},"5714":{"t":"CH7B"},"5715":{"t":"BE35"},"5716":{"t":"CRJ2"},"5717":{"t":"P28A"},"5718":{"t":"BE35"},"571A":{"t":"H269"},"571B":{"t":"C182"},"5720":{"t":"BE35"},"5722":{"t":"PA24"},"572B":{"t":"PA30"},"5734":{"t":"C140"},"5738":{"t":"BE35"},"573B":{"t":"PA22"},"5740":{"t":"P28A"},"5743":{"t":"BE33"},"5747":{"desc":"L1P"},"5749":{"t":"C182"},"574A":{"t":"BE35"},"574D":{"t":"C182"},"574E":{"t":"PA30"},"5750":{"t":"C140"},"5754":{"t":"C140"},"5756":{"t":"C152"},"5757":{"t":"C140"},"5758":{"t":"C140"},"575A":{"t":"CH7B"},"575B":{"t":"CRJ2"},"575C":{"t":"C172"},"575D":{"t":"P28A"},"5763":{"t":"P28A"},"5764":{"t":"S108"},"5768":{"t":"PA24"},"576A":{"t":"CH7A"},"576D":{"t":"BE35"},"576E":{"t":"C172"},"576F":{"t":"P28B"},"5770":{"t":"C182"},"5776":{"t":"C140"},"5777":{"t":"C172"},"5779":{"t":"C140"},"577A":{"t":"C140"},"577C":{"t":"C152"},"577F":{"t":"C172"},"5785":{"t":"NAVI"},"5787":{"t":"S108"},"578A":{"t":"PA32"},"578D":{"t":"CH7B"},"578E":{"t":"C150"},"5791":{"t":"C172"},"5792":{"t":"P28B"},"5793":{"t":"C182"},"5794":{"t":"PA30"},"5797":{"t":"C140"},"5799":{"t":"C140"},"579C":{"t":"C140"},"579F":{"t":"C140"},"57A2":{"t":"CRJ2"},"57A3":{"t":"P28A"},"57A6":{"t":"H269"},"57A7":{"t":"C182"},"57A8":{"t":"G164"},"57A9":{"t":"P28A"},"57AD":{"t":"PA32"},"57B0":{"t":"CH7B"},"57B3":{"t":"BE35"},"57B4":{"t":"C172"},"57B5":{"t":"P28B"},"57B6":{"t":"C182"},"57B7":{"t":"PA30"},"57B9":{"t":"C140"},"57BD":{"t":"C140"},"57BE":{"t":"C140"},"57C1":{"t":"C140"},"57C6":{"t":"P28R"},"57CA":{"t":"C182"},"57CC":{"t":"P28A"},"57D3":{"t":"CH7B"},"57D4":{"t":"C150"},"57D6":{"t":"BE33"},"57D8":{"t":"P28B"},"57D9":{"t":"C182"},"57DB":{"desc":"L1P"},"57DE":{"t":"C140"},"57DF":{"t":"C140"},"57E4":{"t":"C120"},"57E6":{"t":"AA5"},"57E9":{"t":"BALL"},"57EA":{"t":"C340"},"57EE":{"desc":"L1P"},"57EF":{"t":"C206"},"57F3":{"t":"DA40"},"57F9":{"t":"B712"},"5801":{"t":"B748"},"5802":{"t":"CL30"},"5803":{"t":"AS50"},"580C":{"t":"AT8T"},"5816":{"desc":"L1P"},"5819":{"t":"S108"},"581A":{"t":"E550"},"581B":{"t":"C25B"},"581C":{"t":"CL60"},"581D":{"t":"SR22"},"5823":{"t":"P32T"},"5824":{"t":"CRJ2"},"5827":{"t":"BE40"},"5828":{"desc":"L2J"},"5829":{"t":"PC12"},"583E":{"t":"LJ31"},"583F":{"t":"B739"},"5843":{"desc":"L1P"},"584C":{"t":"BALL"},"5865":{"t":"BALL"},"5868":{"desc":"L2J","t":"B77L"},"5869":{"t":"C208"},"587D":{"t":"P208"},"5893":{"desc":"H4E"},"589A":{"desc":"H4E"},"58AF":{"desc":"H1P"},"58B7":{"t":"E55P"},"58B8":{"t":"S22T"},"58B9":{"t":"SF50"},"58C6":{"desc":"H6E"},"58C8":{"t":"GLID"},"58D1":{"desc":"H8E"},"58E2":{"t":"AT8T"},"58EB":{"desc":"H6E"},"58FB":{"desc":"L2T"},"5906":{"t":"GLF5"},"5907":{"desc":"H6E"},"5917":{"t":"PA44"},"591B":{"desc":"H6E"},"5920":{"t":"B738"},"592F":{"t":"T206"},"5938":{"desc":"L1P"},"595E":{"t":"BE33"},"596A":{"desc":"L1P"},"596F":{"t":"LJ55"},"5978":{"t":"BALL"},"597A":{"t":"PA31"},"597D":{"t":"C208"},"597E":{"desc":"L1P"},"5982":{"t":"SR22"},"5983":{"t":"B738"},"5985":{"t":"B06"},"5993":{"t":"P32R"},"59AA":{"t":"A319"},"59AD":{"desc":"H4E"},"59B7":{"t":"C182"},"59C2":{"t":"PA18"},"59C3":{"t":"PC12"},"59CA":{"t":"BE20"},"59F4":{"t":"G164"},"5A17":{"t":"ULAC"},"5A3D":{"t":"ULAC"},"5A40":{"t":"BE35"},"5A41":{"t":"C172"},"5A47":{"t":"G164"},"5A4B":{"t":"BE95"},"5A51":{"t":"C182"},"5A52":{"t":"BE95"},"5A53":{"desc":"L1P"},"5A55":{"t":"C182"},"5A5B":{"t":"C172"},"5A5C":{"t":"C140"},"5A66":{"t":"PA22"},"5A69":{"t":"C182"},"5A6B":{"t":"P28A"},"5A6D":{"t":"AA1"},"5A6E":{"t":"BE35"},"5A70":{"t":"PA24"},"5A72":{"t":"CH7A"},"5A7B":{"t":"C120"},"5A7C":{"t":"C140"},"5A80":{"desc":"L1P"},"5A81":{"t":"C140"},"5A88":{"t":"PA32"},"5A8D":{"t":"NAVI"},"5A8E":{"t":"P28A"},"5A91":{"t":"BE33"},"5A92":{"t":"PA32"},"5A93":{"t":"PA24"},"5A95":{"t":"CH7A"},"5A97":{"t":"C182"},"5A9A":{"t":"P28B"},"5A9F":{"t":"C140"},"5AA1":{"t":"C140"},"5AA3":{"t":"C140"},"5AA7":{"t":"C140"},"5AAC":{"t":"PA22"},"5AAF":{"t":"C182"},"5AB0":{"t":"G164"},"5AB2":{"t":"S108"},"5AB6":{"t":"PA24"},"5ABA":{"t":"C172"},"5ABC":{"t":"C172"},"5ABD":{"t":"P28B"},"5ABE":{"t":"C182"},"5AC1":{"t":"C120"},"5AC2":{"t":"C152"},"5AC4":{"t":"C152"},"5AC6":{"t":"C140"},"5AC8":{"t":"C140"},"5ACA":{"t":"C152"},"5ACE":{"t":"P32R"},"5ACF":{"t":"PA22"},"5AD5":{"t":"S108"},"5AD6":{"t":"AA1"},"5AD8":{"t":"PA32"},"5AD9":{"t":"PA24"},"5ADE":{"t":"C150"},"5AE1":{"t":"C182"},"5AE8":{"t":"C140"},"5AE9":{"t":"C140"},"5AED":{"t":"C152"},"5AEE":{"desc":"L1P"},"5AF1":{"t":"PA34"},"5AFA":{"t":"BE33"},"5AFB":{"t":"PA32"},"5AFC":{"t":"PA24"},"5AFF":{"t":"C150"},"5B03":{"t":"P28B"},"5B04":{"t":"C182"},"5B05":{"t":"PA30"},"5B06":{"t":"BE58"},"5B07":{"t":"C120"},"5B11":{"t":"BL8"},"5B14":{"t":"PA18"},"5B1A":{"t":"P28A"},"5B1B":{"t":"S108"},"5B1D":{"t":"BE33"},"5B26":{"t":"P28B"},"5B27":{"t":"C182"},"5B28":{"t":"PA30"},"5B29":{"t":"C310"},"5B2D":{"t":"C120"},"5B30":{"t":"C140"},"5B31":{"t":"C120"},"5B32":{"t":"C140"},"5B33":{"t":"C140"},"5B37":{"t":"P28A"},"5B3C":{"t":"G164"},"5B3D":{"t":"P28A"},"5B40":{"t":"BE33"},"5B41":{"t":"PA32"},"5B42":{"t":"PA24"},"5B45":{"t":"C150"},"5B48":{"t":"C172"},"5B4F":{"t":"C140"},"5B53":{"t":"C140"},"5B57":{"t":"CH7B"},"5B58":{"t":"BE35"},"5B59":{"t":"C172"},"5B5A":{"t":"P28A"},"5B5B":{"t":"PA22"},"5B5F":{"t":"G164"},"5B60":{"t":"P28A"},"5B61":{"t":"S108"},"5B62":{"t":"AA1"},"5B65":{"t":"PA24"},"5B68":{"t":"C150"},"5B6B":{"t":"C172"},"5B70":{"t":"C140"},"5B71":{"t":"C140"},"5B73":{"t":"C120"},"5B75":{"t":"C152"},"5B76":{"t":"C140"},"5B77":{"t":"C120"},"5B78":{"t":"C152"},"5B7D":{"desc":"L1P"},"5B7E":{"t":"PA22"},"5B88":{"t":"PA24"},"5B8B":{"t":"EC30"},"5B95":{"t":"C140"},"5B97":{"t":"C172"},"5B9B":{"t":"C120"},"5BA1":{"t":"P28A"},"5BA8":{"desc":"L1P"},"5BAA":{"t":"DA40"},"5BAF":{"desc":"L1P"},"5BB0":{"t":"B712"},"5BB7":{"desc":"L1P"},"5BB9":{"t":"CL30"},"5BBA":{"desc":"L1P"},"5BBE":{"desc":"H2T"},"5BC2":{"t":"E55P"},"5BD1":{"t":"TBM8"},"5BD2":{"desc":"L1P"},"5BD3":{"t":"S22T"},"5BD7":{"t":"C550"},"5BDC":{"t":"BE20"},"5BDE":{"t":"C182"},"5BE2":{"t":"P46T"},"5BE9":{"t":"S108"},"5BEA":{"t":"FA50"},"5BF4":{"desc":"L1P"},"5BF6":{"t":"B739"},"5C1F":{"desc":"L2J"},"5C20":{"t":"C208"},"5C44":{"desc":"L1P"},"5C54":{"desc":"H10E"},"5C5E":{"desc":"L1P"},"5C66":{"t":"R44"},"5C6E":{"t":"E55P"},"5C72":{"desc":"L1P"},"5C74":{"t":"ULAC"},"5C89":{"desc":"H1T"},"5C8F":{"t":"SR22"},"5CA3":{"t":"AS65"},"5CA4":{"desc":"H8E"},"5CA9":{"t":"E55P"},"5CB2":{"t":"C550"},"5CBB":{"t":"SR22"},"5CBD":{"desc":"H8E"},"5CD4":{"t":"DA40"},"5CD7":{"t":"B738"},"5CDF":{"desc":"H8E"},"5CE3":{"t":"C25A"},"5CE7":{"desc":"H8E"},"5CF4":{"desc":"L1P"},"5D07":{"desc":"H8E"},"5D16":{"desc":"L1P"},"5D27":{"t":"S22T"},"5D2F":{"t":"C210"},"5D30":{"t":"BE10"},"5D31":{"desc":"L1P"},"5D33":{"t":"GLID"},"5D37":{"t":"PA46"},"5D38":{"t":"CRJ9"},"5D3A":{"t":"R44"},"5D47":{"t":"BE33"},"5D49":{"t":"H60"},"5D5C":{"t":"C525"},"5D61":{"t":"A319"},"5D72":{"desc":"H1P"},"5D79":{"t":"GLID"},"5D89":{"t":"H25B"},"5D96":{"t":"AS50"},"5D99":{"desc":"H4E"},"5DA0":{"t":"AT8T"},"5DAB":{"t":"G164"},"5DC0":{"desc":"H4E"},"5DD5":{"desc":"L1P"},"5DF7":{"t":"CRJ2"},"5DF8":{"t":"C172"},"5DF9":{"t":"PA18"},"5DFE":{"t":"G164"},"5DFF":{"t":"P28A"},"5E02":{"t":"BE55"},"5E03":{"t":"PA32"},"5E05":{"desc":"L1P"},"5E0D":{"t":"P32T"},"5E0E":{"desc":"L1P"},"5E0F":{"t":"C152"},"5E10":{"t":"C140"},"5E14":{"t":"C140"},"5E18":{"t":"C140"},"5E19":{"t":"C240"},"5E1A":{"t":"BE35"},"5E1C":{"t":"P28A"},"5E21":{"t":"G164"},"5E24":{"t":"AA1"},"5E27":{"t":"PA24"},"5E2A":{"t":"C150"},"5E2D":{"t":"C172"},"5E31":{"t":"C172"},"5E32":{"t":"C140"},"5E33":{"t":"C120"},"5E34":{"t":"C140"},"5E35":{"t":"C140"},"5E38":{"t":"C140"},"5E3E":{"t":"C172"},"5E42":{"t":"H269"},"5E44":{"t":"G164"},"5E45":{"t":"P28A"},"5E48":{"desc":"L1P"},"5E49":{"t":"PA32"},"5E4A":{"t":"PA24"},"5E52":{"t":"C182"},"5E54":{"t":"C310"},"5E5D":{"t":"C140"},"5E60":{"t":"BE35"},"5E61":{"t":"C172"},"5E63":{"t":"PA22"},"5E66":{"t":"C182"},"5E69":{"t":"S108"},"5E6B":{"t":"BE33"},"5E6C":{"t":"PA32"},"5E72":{"t":"C150"},"5E75":{"t":"C182"},"5E76":{"t":"PA30"},"5E79":{"t":"C120"},"5E7A":{"t":"C140"},"5E7B":{"t":"C140"},"5E7D":{"t":"C120"},"5E7E":{"t":"C140"},"5E81":{"t":"C120"},"5E82":{"desc":"L1P"},"5E83":{"t":"BE35"},"5E85":{"t":"PA18"},"5E86":{"t":"PA22"},"5E87":{"t":"CRJ2"},"5E89":{"t":"C182"},"5E8B":{"desc":"L1P"},"5E8E":{"t":"BE33"},"5E90":{"t":"PA24"},"5E96":{"t":"C172"},"5E97":{"t":"P28B"},"5E9C":{"t":"C140"},"5EA3":{"t":"C152"},"5EA8":{"t":"PA18"},"5EA9":{"t":"PA22"},"5EAA":{"t":"CRJ2"},"5EAE":{"t":"P28A"},"5EB0":{"t":"AA1"},"5EB3":{"t":"PA24"},"5EB5":{"t":"CH7A"},"5EB6":{"t":"C150"},"5EB7":{"t":"C182"},"5EBA":{"t":"P28B"},"5EBC":{"t":"PA30"},"5EBD":{"t":"C310"},"5EC0":{"t":"C152"},"5EC1":{"t":"C152"},"5EC2":{"t":"C140"},"5EC6":{"t":"C120"},"5EC8":{"desc":"L1P"},"5ECA":{"t":"C172"},"5ECB":{"t":"BE35"},"5ECC":{"t":"PA22"},"5ECF":{"t":"C182"},"5ED1":{"t":"P28A"},"5ED3":{"t":"AA1"},"5ED5":{"t":"PA32"},"5ED6":{"t":"PA24"},"5ED7":{"t":"SS2P"},"5EDC":{"t":"C172"},"5EDE":{"t":"C182"},"5EE1":{"desc":"L1P"},"5EE2":{"t":"C152"},"5EE4":{"t":"C140"},"5EE5":{"t":"C152"},"5EEA":{"t":"C140"},"5EF2":{"t":"C182"},"5EF3":{"t":"G164"},"5EF4":{"t":"P28A"},"5EF6":{"t":"AA1"},"5EF7":{"t":"BE33"},"5EF9":{"t":"PA24"},"5EFB":{"desc":"L1P"},"5EFC":{"t":"C150"},"5F00":{"t":"P28B"},"5F02":{"t":"PA30"},"5F07":{"t":"C140"},"5F08":{"t":"C140"},"5F0A":{"t":"C140"},"5F0D":{"t":"C152"},"5F0E":{"t":"GLID"},"5F11":{"t":"PA18"},"5F12":{"t":"PA22"},"5F13":{"t":"CRJ2"},"5F16":{"t":"NAVI"},"5F17":{"t":"P28A"},"5F18":{"t":"S108"},"5F19":{"t":"AA1"},"5F1A":{"t":"BE33"},"5F1B":{"t":"C150"},"5F1D":{"desc":"L1P"},"5F22":{"t":"C172"},"5F23":{"t":"P28B"},"5F27":{"t":"C140"},"5F28":{"t":"C152"},"5F29":{"t":"C120"},"5F2A":{"t":"C140"},"5F2B":{"t":"C140"},"5F2E":{"t":"C140"},"5F32":{"t":"CRJ2"},"5F33":{"t":"C172"},"5F34":{"t":"P28A"},"5F37":{"t":"H500"},"5F38":{"t":"C182"},"5F39":{"t":"NAVI"},"5F3D":{"t":"BE55"},"5F3E":{"t":"PA32"},"5F41":{"t":"CH7A"},"5F46":{"t":"P28B"},"5F47":{"desc":"L1P"},"5F48":{"t":"PA30"},"5F4A":{"t":"C120"},"5F4B":{"t":"C140"},"5F4D":{"t":"C152"},"5F4F":{"t":"C140"},"5F52":{"t":"C140"},"5F55":{"t":"H25B"},"5F60":{"t":"P28R"},"5F6A":{"t":"GLF5"},"5F70":{"desc":"L1P"},"5F71":{"t":"A109"},"5F72":{"desc":"L1P"},"5F79":{"desc":"L1P"},"5F88":{"t":"TBM7"},"5F89":{"t":"SR20"},"5F8A":{"desc":"L1P","t":"ULAC"},"5F95":{"t":"C182"},"5F99":{"t":"PA11"},"5FA0":{"t":"F2TH"},"5FA3":{"t":"M7"},"5FAC":{"t":"C140"},"5FAD":{"t":"B739"},"5FB1":{"desc":"L1P"},"5FBC":{"t":"P28R"},"5FC9":{"t":"C172"},"5FD6":{"desc":"L2J"},"5FD7":{"t":"C208"},"5FEB":{"t":"P28A"},"5FEC":{"t":"AA5"},"5FED":{"t":"H60"},"children":["AC1","AC2","AC3","AC4","AC6","AC7","AC8","AC9","ACA","ACB","ACC","ACD","ACE","ACF"]}