{"000":{"t":"C172"},"003":{"t":"C182"},"00B":{"desc":"L1P"},"012":{"desc":"A1P"},"016":{"t":"H269"},"01A":{"t":"PA32"},"01B":{"t":"PA25"},"01C":{"t":"C182"},"01D":{"t":"P28A"},"01E":{"t":"PA24"},"020":{"t":"C182"},"022":{"t":"C182"},"023":{"t":"C172"},"025":{"t":"P28B"},"026":{"t":"C182"},"030":{"t":"C172"},"03A":{"t":"C150"},"03D":{"t":"S108"},"043":{"t":"BE55"},"045":{"t":"C182"},"048":{"t":"P28B"},"049":{"t":"C182"},"04A":{"t":"PA30"},"04B":{"t":"C77R"},"04C":{"desc":"L2T","t":"BE18"},"04E":{"desc":"L2T","t":"BE18"},"04F":{"desc":"L2P"},"051":{"desc":"L1P"},"053":{"t":"N3N"},"055":{"t":"BE20"},"057":{"t":"GLF4"},"058":{"t":"C172"},"059":{"t":"GLEX"},"05A":{"t":"S22T"},"05E":{"t":"S22T"},"062":{"t":"S76"},"063":{"desc":"L1P"},"068":{"t":"CRJ2"},"069":{"t":"C150"},"070":{"desc":"L1J"},"076":{"t":"B788"},"077":{"desc":"L1P"},"080":{"t":"DA40"},"085":{"desc":"H4E"},"089":{"t":"SR22"},"08A":{"t":"BE58"},"08B":{"t":"C182"},"08D":{"t":"SR22"},"097":{"t":"SR22"},"099":{"t":"EC35"},"09D":{"t":"C82S"},"0A3":{"t":"P28A"},"0A5":{"desc":"L1P"},"0A7":{"t":"PA32"},"0A9":{"t":"PA18"},"0AF":{"t":"B739"},"0B2":{"t":"R44"},"0B3":{"t":"PA32"},"0B7":{"t":"C82S"},"0C7":{"t":"S22T"},"0CB":{"t":"BALL"},"0D6":{"t":"BE55"},"0D8":{"desc":"L2J"},"0D9":{"t":"C208"},"0DA":{"desc":"H4E"},"0DF":{"t":"BE40"},"0ED":{"t":"P28A"},"0EE":{"t":"MD83"},"0FF":{"t":"AA5"},"102":{"t":"SR22"},"106":{"t":"CL60"},"111":{"t":"BE36"},"117":{"t":"P28R"},"11F":{"t":"BE40"},"120":{"desc":"H4E"},"121":{"t":"C421"},"12A":{"t":"BE58"},"12D":{"desc":"H4E"},"130":{"desc":"L1P"},"138":{"desc":"L1P"},"13A":{"t":"C650"},"152":{"t":"AT5T"},"153":{"t":"BALL"},"154":{"t":"GLF4"},"16A":{"desc":"H1P"},"16B":{"t":"P28A"},"16F":{"desc":"L1P"},"171":{"desc":"L2T"},"172":{"t":"EC30"},"176":{"desc":"L1P"},"17B":{"t":"S22T"},"17E":{"t":"PA46"},"17F":{"desc":"L1P"},"187":{"t":"PA44"},"18A":{"t":"PC12"},"190":{"t":"B738"},"19C":{"t":"PA24"},"19D":{"t":"BE20"},"19F":{"desc":"L1P","t":"ULAC"},"1A0":{"desc":"L1P"},"1A8":{"t":"EA50"},"1AC":{"t":"SR22"},"1D1":{"t":"BE20"},"1D2":{"t":"P28S"},"1D4":{"t":"CL30"},"1E0":{"desc":"A1P"},"1E1":{"t":"GALX"},"1E2":{"desc":"L1P"},"1E3":{"t":"C56X"},"1E8":{"t":"FA50"},"1E9":{"t":"GLF5"},"1EA":{"t":"C310"},"1EB":{"t":"C25B"},"1ED":{"t":"GLID"},"1F3":{"t":"P28B"},"1F5":{"t":"BE76"},"1F7":{"desc":"L1P"},"1F9":{"t":"B407"},"1FB":{"t":"E35L"},"1FC":{"desc":"H2T"},"200":{"t":"BE36"},"203":{"desc":"L1P"},"206":{"t":"C172"},"215":{"desc":"L1P","t":"ULAC"},"21A":{"t":"A319"},"22A":{"t":"DA40"},"232":{"t":"GLID"},"24B":{"t":"LJ45"},"24D":{"desc":"L1P"},"24E":{"desc":"L1P"},"267":{"desc":"H4E"},"26F":{"t":"AS50"},"2B7":{"t":"NAVI"},"2BD":{"t":"PA24"},"2C1":{"t":"C182"},"2C5":{"t":"C182"},"2CC":{"t":"J3"},"2D1":{"t":"J3"},"2D2":{"t":"ULAC"},"2D3":{"t":"CRJ2"},"2D5":{"t":"P28A"},"2E7":{"t":"P28B"},"2E8":{"t":"C182"},"2E9":{"t":"PA30"},"2EB":{"t":"J3"},"2EC":{"t":"BE18"},"2EE":{"t":"J3"},"2F0":{"t":"J3"},"2F2":{"t":"S58P"},"2F9":{"t":"PA22"},"305":{"t":"BE55"},"306":{"t":"C150"},"30B":{"t":"C180"},"30F":{"t":"J3"},"311":{"t":"J3"},"316":{"t":"J3"},"31E":{"t":"H269"},"31F":{"t":"C150"},"324":{"t":"BE23"},"325":{"t":"P28A"},"326":{"t":"PA24"},"32B":{"t":"C172"},"32D":{"t":"P28B"},"32E":{"desc":"L1P"},"330":{"t":"C206"},"331":{"t":"J3"},"333":{"t":"J3"},"335":{"t":"J3"},"33E":{"t":"PA18"},"33F":{"t":"PA22"},"341":{"t":"H269"},"34C":{"t":"AT3P"},"350":{"t":"P28B"},"353":{"t":"C206"},"356":{"t":"J3"},"359":{"t":"DC3"},"35F":{"t":"CRJ2"},"360":{"t":"C172"},"361":{"t":"PA18"},"36A":{"t":"BE23"},"36B":{"t":"P28A"},"374":{"t":"C182"},"376":{"t":"T206"},"379":{"t":"J3"},"37A":{"t":"J3"},"37D":{"t":"J3"},"37E":{"t":"J3"},"37F":{"desc":"L1P"},"380":{"t":"J3"},"385":{"t":"PA22"},"389":{"t":"NAVI"},"38F":{"t":"BALL"},"390":{"t":"C185"},"394":{"t":"C172"},"39B":{"t":"J3"},"39D":{"desc":"L1P"},"3A1":{"t":"C172"},"3A3":{"t":"J3"},"3A6":{"t":"C172"},"3B1":{"t":"P28A"},"3B2":{"t":"PA24"},"3B4":{"t":"BE60"},"3B8":{"t":"BL17"},"3B9":{"t":"P28B"},"3BA":{"t":"SR22"},"3BB":{"t":"PA30"},"3BE":{"t":"J3"},"3BF":{"t":"J3"},"3C0":{"t":"J3"},"3C1":{"t":"J3"},"3C3":{"t":"J3"},"3C4":{"t":"J3"},"3C6":{"t":"J3"},"3C7":{"t":"H25B"},"3C9":{"t":"C172"},"3CB":{"t":"PA22"},"3D1":{"t":"S108"},"3D2":{"t":"PA25"},"3D3":{"t":"BE23"},"3D4":{"desc":"L1P","t":"ULAC"},"3D5":{"t":"PA24"},"3D9":{"t":"C182"},"3DA":{"t":"C150"},"3DC":{"t":"P28B"},"3DE":{"t":"PA30"},"3DF":{"t":"C77R"},"3E4":{"t":"J3"},"3E6":{"t":"J3"},"3E7":{"t":"TAYD"},"3E9":{"t":"J3"},"3EA":{"t":"CH7A"},"3EC":{"t":"C172"},"3ED":{"t":"P32R"},"3F1":{"t":"C150"},"3F2":{"t":"G164"},"3F7":{"t":"P28A"},"3FC":{"t":"C182"},"3FE":{"t":"BL17"},"3FF":{"t":"P28B"},"400":{"t":"C182"},"404":{"t":"J3"},"405":{"t":"J3"},"40D":{"t":"CH7A"},"40E":{"t":"ULAC"},"40F":{"desc":"H1T","t":"H60"},"411":{"t":"BL8"},"419":{"desc":"L1P"},"41B":{"desc":"H4E"},"41F":{"t":"CRJ2"},"427":{"t":"BE35"},"428":{"t":"B789"},"429":{"t":"BE58"},"42A":{"t":"R44"},"42B":{"desc":"L1P"},"42E":{"t":"B788"},"439":{"t":"P32R"},"43C":{"t":"EA50"},"441":{"t":"BE58"},"442":{"t":"R44"},"443":{"t":"CL60"},"444":{"t":"PA18"},"446":{"t":"S22T"},"44E":{"t":"C182"},"451":{"t":"LJ60"},"452":{"t":"B350"},"45A":{"t":"P28A"},"45B":{"t":"GLF5"},"45C":{"desc":"L1P"},"466":{"t":"B739"},"469":{"t":"P32R"},"46B":{"t":"S22T"},"46E":{"desc":"L1P","t":"ULAC"},"471":{"desc":"L1P"},"473":{"t":"SR20"},"482":{"t":"C172"},"48B":{"desc":"L2P"},"48D":{"desc":"H1T","t":"B505"},"48F":{"desc":"L2J"},"490":{"t":"C208"},"4A4":{"desc":"L2J"},"4A6":{"t":"B407"},"4B4":{"t":"SR20"},"4B5":{"desc":"H1T"},"4C6":{"t":"HDJT"},"4C8":{"t":"GL5T"},"4D6":{"t":"C525"},"4DF":{"t":"B407"},"4E1":{"t":"C441"},"4E2":{"t":"C77R"},"4E4":{"t":"C25A"},"4E7":{"t":"BALL"},"4EB":{"t":"C185"},"4EF":{"t":"BE9L"},"500":{"desc":"L1P"},"508":{"desc":"L1P"},"516":{"desc":"L3E"},"521":{"desc":"L1P"},"522":{"t":"CH7B"},"523":{"t":"H25B"},"524":{"t":"R22"},"529":{"t":"EC30"},"52A":{"t":"PA32"},"52D":{"t":"F2TH"},"532":{"t":"C82S"},"533":{"desc":"L1P"},"53A":{"desc":"L1P","t":"ULAC"},"53D":{"desc":"H6E"},"547":{"t":"B738"},"553":{"t":"SR22"},"555":{"desc":"H1T"},"556":{"t":"SR22"},"563":{"t":"C510"},"568":{"desc":"A1P"},"57F":{"t":"ULAC"},"588":{"t":"C525"},"591":{"desc":"L1P"},"599":{"desc":"L1P"},"59A":{"t":"E170"},"59F":{"t":"C172"},"5A1":{"t":"GLEX"},"5A9":{"t":"F900"},"5AA":{"t":"GLF4"},"5AC":{"t":"C421"},"5AF":{"t":"PA34"},"5B0":{"t":"C208"},"5B7":{"desc":"L1P"},"5BB":{"desc":"L1P"},"5D1":{"t":"A319"},"5DE":{"t":"BALL"},"5E1":{"t":"R44"},"5EB":{"desc":"L1P"},"5F5":{"t":"SR22"},"602":{"t":"BE36"},"605":{"t":"R66"},"608":{"desc":"L1P"},"60C":{"t":"S22T"},"613":{"t":"P28A"},"639":{"t":"R44"},"64D":{"desc":"L1P"},"666":{"t":"CH7B"},"668":{"t":"C172"},"669":{"t":"PA18"},"66A":{"t":"PA18"},"66E":{"t":"NAVI"},"672":{"t":"BE23"},"674":{"t":"PA24"},"679":{"t":"C150"},"67D":{"t":"PA30"},"67E":{"t":"C185"},"67F":{"t":"PA12"},"682":{"t":"PA12"},"683":{"t":"PA12"},"685":{"t":"PA12"},"68A":{"t":"BE35"},"68C":{"t":"PA34"},"68D":{"t":"PA18"},"68F":{"t":"H269"},"691":{"t":"NAVI"},"697":{"t":"PA24"},"69B":{"t":"C182"},"69C":{"t":"C172"},"69E":{"t":"P28B"},"69F":{"t":"C182"},"6A1":{"t":"T206"},"6A2":{"t":"J3"},"6A3":{"t":"J3"},"6A5":{"t":"BE35"},"6AC":{"desc":"L1P"},"6B0":{"desc":"L1P"},"6B2":{"t":"H269"},"6B6":{"t":"S108"},"6B8":{"t":"BE23"},"6BE":{"t":"C182"},"6C1":{"t":"P28B"},"6C2":{"t":"C182"},"6C7":{"t":"J3"},"6CA":{"t":"J3"},"6D0":{"t":"BE35"},"6D1":{"t":"C172"},"6D2":{"t":"PA18"},"6D4":{"t":"CRJ2"},"6DC":{"t":"P28A"},"6DE":{"t":"C185"},"6E3":{"t":"BL17"},"6E4":{"desc":"L1P"},"6E6":{"t":"PA30"},"6E7":{"t":"C206"},"6E8":{"desc":"L1P"},"6E9":{"t":"J3"},"6FD":{"t":"PA25"},"6FF":{"t":"P28A"},"700":{"t":"PA24"},"704":{"t":"C172"},"705":{"t":"C150"},"706":{"t":"BL17"},"708":{"t":"C182"},"709":{"t":"PA30"},"70B":{"t":"J3"},"70F":{"desc":"L1P"},"712":{"desc":"L1P"},"715":{"t":"CH7B"},"718":{"t":"PA18"},"719":{"t":"PA18"},"71B":{"t":"P32R"},"71C":{"t":"C150"},"722":{"t":"P28A"},"728":{"t":"C150"},"72D":{"t":"C185"},"72F":{"t":"J3"},"734":{"t":"J3"},"738":{"desc":"L1P"},"739":{"t":"BE35"},"73B":{"t":"P28A"},"73C":{"t":"PA18"},"73D":{"t":"P28A"},"73E":{"t":"H269"},"73F":{"t":"C150"},"740":{"t":"NAVI"},"745":{"t":"P28A"},"746":{"t":"PA24"},"749":{"t":"C150"},"74B":{"t":"C172"},"74D":{"t":"P28B"},"74E":{"t":"C182"},"750":{"t":"C185"},"752":{"t":"J3"},"754":{"t":"J3"},"757":{"t":"J3"},"758":{"t":"J3"},"759":{"t":"J3"},"75A":{"desc":"L1P"},"75B":{"desc":"L1P"},"75C":{"t":"BE35"},"75E":{"t":"P28A"},"760":{"t":"P28A"},"761":{"t":"P28A"},"762":{"desc":"L1P"},"763":{"t":"NAVI"},"767":{"t":"PA12"},"769":{"t":"PA24"},"76A":{"t":"C206"},"76D":{"t":"C182"},"772":{"t":"SR22"},"773":{"t":"C206"},"776":{"t":"J3"},"778":{"desc":"L1P"},"779":{"t":"PA18"},"77A":{"desc":"L1P"},"781":{"t":"P28R"},"782":{"t":"PA18"},"783":{"t":"P28A"},"785":{"t":"C150"},"788":{"t":"S108"},"78D":{"t":"C206"},"78E":{"desc":"L1P"},"790":{"t":"C172"},"791":{"t":"C172"},"792":{"t":"BL17"},"793":{"t":"P28B"},"794":{"t":"C182"},"795":{"t":"PA30"},"798":{"t":"J3"},"79A":{"t":"J3"},"79B":{"desc":"A1P"},"79F":{"t":"J3"},"7A0":{"t":"J3"},"7A2":{"t":"BE35"},"7A3":{"t":"C414"},"7A4":{"t":"PA18"},"7A9":{"t":"NAVI"},"7AF":{"t":"PA24"},"7B3":{"t":"C172"},"7B4":{"t":"C150"},"7B7":{"t":"C182"},"7B9":{"t":"C206"},"7BA":{"t":"J3"},"7BF":{"t":"J3"},"7C0":{"t":"J3"},"7C5":{"t":"PA22"},"7D6":{"t":"CRJ2"},"7D7":{"desc":"L1P"},"7E6":{"t":"B788"},"7F7":{"t":"PA46"},"7F9":{"t":"M20T"},"7FB":{"t":"SR22"},"7FF":{"t":"BALL"},"805":{"t":"C182"},"808":{"t":"PA31"},"809":{"t":"DV20"},"812":{"t":"RV12"},"813":{"desc":"L1P"},"818":{"desc":"H1P"},"81D":{"t":"B739"},"82B":{"t":"PC12"},"846":{"desc":"L2J"},"847":{"t":"C208"},"85A":{"t":"C172"},"85B":{"desc":"L1P"},"86D":{"t":"C172"},"874":{"desc":"L1P"},"876":{"t":"GLF5"},"88C":{"t":"C172"},"88E":{"t":"AT5T"},"890":{"desc":"H1T"},"89B":{"t":"BE58"},"8CD":{"t":"C172"},"8D8":{"t":"H25B"},"8DA":{"desc":"A1P"},"8E0":{"t":"EC30"},"8E6":{"t":"AC11"},"8EA":{"t":"C172"},"8FE":{"t":"B738"},"90D":{"desc":"L1P"},"91C":{"desc":"L1P"},"932":{"desc":"H4E"},"93C":{"t":"BE33"},"948":{"desc":"H4E"},"950":{"desc":"L1P"},"951":{"t":"E170"},"958":{"desc":"L1P"},"95C":{"t":"S108"},"963":{"desc":"L1P"},"965":{"t":"SR22"},"967":{"t":"PC12"},"96A":{"t":"PAY1"},"971":{"desc":"L2J"},"97E":{"desc":"H4E"},"980":{"desc":"L1P"},"984":{"t":"H25B"},"985":{"t":"BE20"},"988":{"t":"A319"},"995":{"t":"B350"},"9AE":{"t":"ULAC"},"9B9":{"desc":"A1P"},"9C1":{"t":"C172"},"9C5":{"t":"C182"},"9C7":{"t":"ULAC"},"9E0":{"t":"ULAC"},"9F0":{"t":"R44"},"A0C":{"desc":"H4E"},"A1E":{"t":"CRJ2"},"A20":{"t":"PA22"},"A21":{"t":"PA18"},"A22":{"t":"P28R"},"A26":{"desc":"H1P"},"A27":{"t":"S108"},"A2B":{"t":"PA24"},"A2F":{"t":"C182"},"A30":{"t":"C150"},"A33":{"t":"C182"},"A36":{"t":"J3"},"A37":{"t":"J3"},"A3B":{"t":"J3"},"A42":{"t":"C172"},"A43":{"t":"R44"},"A45":{"t":"PA32"},"A4B":{"t":"PA25"},"A4D":{"t":"P28A"},"A51":{"t":"AT3T"},"A52":{"t":"C182"},"A54":{"t":"BL17"},"A55":{"t":"P28B"},"A56":{"t":"C182"},"A57":{"t":"PA30"},"A59":{"t":"J3"},"A5C":{"t":"J3"},"A5D":{"t":"J3"},"A61":{"t":"J3"},"A62":{"t":"J3"},"A65":{"desc":"H6E"},"A67":{"t":"PA18"},"A68":{"t":"P32R"},"A6D":{"t":"C340"},"A6F":{"t":"BE23"},"A70":{"t":"P28A"},"A71":{"t":"PA24"},"A75":{"t":"C182"},"A76":{"t":"C150"},"A78":{"t":"P28B"},"A79":{"t":"C182"},"A7B":{"t":"C206"},"A7C":{"t":"J3"},"A7D":{"desc":"L2J"},"A80":{"t":"J3"},"A81":{"t":"J3"},"A82":{"t":"J3"},"A83":{"t":"J3"},"A86":{"desc":"L1P"},"A91":{"t":"PA18"},"A92":{"t":"BE23"},"A94":{"t":"PA24"},"A98":{"t":"C182"},"A9C":{"t":"C182"},"A9F":{"desc":"L1P"},"AA2":{"t":"J3"},"AA6":{"t":"J3"},"AA8":{"t":"J3"},"AAA":{"t":"BE35"},"AAB":{"t":"CRJ2"},"AAF":{"t":"H269"},"AB0":{"desc":"L1P"},"AB5":{"t":"P28B"},"AB6":{"t":"P28A"},"AB7":{"t":"PA24"},"ABA":{"t":"C150"},"ABB":{"t":"C182"},"ABC":{"t":"C150"},"ABF":{"t":"C182"},"AC1":{"t":"T206"},"AC4":{"t":"J3"},"AC7":{"t":"J3"},"AC9":{"t":"J3"},"ACE":{"t":"C172"},"AD0":{"t":"PA18"},"AD3":{"t":"C150"},"AD5":{"t":"J3"},"AD6":{"desc":"L1P"},"AD9":{"t":"P28A"},"ADA":{"t":"PA24"},"ADB":{"t":"C206"},"ADC":{"t":"BE55"},"ADD":{"t":"C150"},"ADE":{"desc":"H6E"},"AE1":{"t":"P28B"},"AE4":{"t":"C206"},"AE6":{"t":"J3"},"AE8":{"t":"J3"},"AE9":{"t":"J3"},"AEA":{"t":"J3"},"AEB":{"t":"J3"},"AED":{"t":"J3"},"AEF":{"desc":"L1P"},"AF0":{"t":"BE35"},"AF1":{"t":"C172"},"AF3":{"t":"PA18"},"AF6":{"t":"C150"},"AFB":{"t":"BE23"},"AFC":{"t":"P28A"},"AFD":{"t":"PA24"},"AFE":{"t":"C206"},"AFF":{"t":"BE55"},"B00":{"t":"C150"},"B03":{"t":"BL17"},"B04":{"t":"P28B"},"B0D":{"t":"J3"},"B10":{"t":"J3"},"B13":{"t":"CRJ2"},"B15":{"t":"PA32"},"B16":{"t":"PA18"},"B17":{"t":"P28A"},"B18":{"desc":"H6E"},"B19":{"t":"C150"},"B1A":{"t":"NAVI"},"B1C":{"t":"S108"},"B20":{"t":"PA24"},"B22":{"t":"BE55"},"B25":{"t":"C150"},"B27":{"t":"P28B"},"B29":{"t":"PA30"},"B2A":{"t":"C206"},"B2C":{"desc":"L1P"},"B2E":{"t":"J3"},"B31":{"t":"J3"},"B38":{"t":"PA22"},"B3A":{"t":"P28R"},"B3C":{"t":"C150"},"B3D":{"t":"NAVI"},"B3E":{"desc":"H4E"},"B48":{"t":"C150"},"B49":{"t":"BL17"},"B4A":{"t":"P28B"},"B52":{"t":"J3"},"B56":{"t":"J3"},"B5A":{"t":"C172"},"B5B":{"t":"PA18"},"B5C":{"t":"PA18"},"B5E":{"t":"H269"},"B60":{"t":"NAVI"},"B65":{"t":"P28A"},"B66":{"t":"PA24"},"B69":{"t":"C150"},"B6A":{"t":"C182"},"B6D":{"t":"P28B"},"B70":{"t":"C206"},"B77":{"t":"PA18"},"B7B":{"t":"CL60"},"B7C":{"t":"CH7A"},"B7D":{"t":"GLEX"},"B7E":{"t":"C172"},"B7F":{"t":"BE95"},"B80":{"t":"C525"},"B81":{"t":"B06"},"B83":{"t":"PA34"},"B84":{"t":"HUSK"},"B85":{"t":"C550"},"B86":{"t":"PA18"},"B87":{"t":"PA12"},"B89":{"t":"BE33"},"B8A":{"t":"PA30"},"B8B":{"t":"PC12"},"B8C":{"t":"B47G"},"B8D":{"t":"L13M"},"B90":{"desc":"L1P","t":"TB0"},"B91":{"t":"T28"},"B93":{"t":"GLF5"},"B96":{"t":"S22T"},"B97":{"t":"F900"},"B98":{"t":"PAY2"},"B99":{"t":"B06"},"B9A":{"desc":"L1P"},"B9D":{"desc":"L1P"},"B9F":{"t":"C25B"},"BA0":{"t":"C206"},"BA3":{"t":"BE36"},"BA6":{"desc":"L1P"},"BA9":{"t":"BE35"},"BAA":{"desc":"L1P"},"BAD":{"t":"AR11"},"BAF":{"t":"BE40"},"BB0":{"t":"S22T"},"BB2":{"t":"TBM7"},"BB4":{"desc":"L1P"},"BB5":{"desc":"L1P"},"BB6":{"t":"C510"},"BB7":{"t":"BE36"},"BB8":{"desc":"L1P"},"BB9":{"t":"BE33"},"BBA":{"t":"AEST"},"BBF":{"t":"B350"},"BC0":{"desc":"L1P"},"BC1":{"desc":"L1P"},"BC2":{"desc":"L1P"},"BC4":{"t":"AEST"},"BC5":{"desc":"L1P"},"BC6":{"t":"C182"},"BC7":{"t":"GLEX"},"BC8":{"desc":"L1P"},"BC9":{"desc":"G1P"},"BCA":{"t":"BALL"},"BCB":{"t":"F2TH"},"BCC":{"t":"PA23"},"BCE":{"desc":"H1P"},"BCF":{"desc":"L1P"},"BD1":{"t":"M6"},"BD2":{"t":"C195"},"BD3":{"t":"GLID"},"BD4":{"t":"GLID"},"BD5":{"desc":"L1P"},"BD7":{"t":"M20P"},"BD9":{"desc":"L1P"},"BDB":{"desc":"L1P"},"BDC":{"t":"B429"},"BDD":{"t":"M5"},"BDF":{"t":"GLF5"},"BE0":{"t":"C172"},"BE3":{"t":"EC20"},"BE4":{"desc":"L1P"},"BE5":{"t":"GLID"},"BE6":{"t":"M20P"},"BE8":{"desc":"L1P"},"BE9":{"t":"E55P"},"BEA":{"t":"GLID"},"BEB":{"t":"PRM1"},"BEC":{"desc":"L1P"},"BF0":{"t":"PRM1"},"BF1":{"t":"BE36"},"BF2":{"desc":"L1P"},"BF4":{"t":"CH7A"},"BF5":{"desc":"L1P"},"BF7":{"t":"M20P"},"BF8":{"t":"BE36"},"BF9":{"t":"PA24"},"BFA":{"t":"BE10"},"BFB":{"t":"P28B"},"BFC":{"desc":"L1P"},"BFD":{"t":"GLID"},"BFE":{"desc":"L2J"},"BFF":{"t":"GLID"},"C00":{"desc":"L1P"},"C03":{"desc":"H2T"},"C06":{"t":"P28A"},"C0A":{"desc":"L1P"},"C0D":{"desc":"L1P"},"C0E":{"t":"E50P"},"C0F":{"desc":"L1P"},"C13":{"t":"C25B"},"C15":{"desc":"L1P"},"C16":{"t":"F2TH"},"C17":{"desc":"L1P"},"C18":{"desc":"L1P"},"C19":{"desc":"L1P"},"C1A":{"desc":"L1P"},"C1B":{"desc":"L1P"},"C1C":{"desc":"L1P"},"C1D":{"t":"BE9L"},"C1E":{"t":"C150"},"C22":{"t":"M7"},"C23":{"desc":"H4E"},"C24":{"desc":"L1P","t":"TB0"},"C26":{"desc":"L1P"},"C27":{"t":"C441"},"C28":{"desc":"L1P","t":"ULAC"},"C2C":{"t":"EC20"},"C2D":{"t":"EN28"},"C2E":{"t":"B06"},"C2F":{"t":"CL30"},"C30":{"t":"F2TH"},"C32":{"t":"HUSK"},"C36":{"t":"C82S"},"C37":{"t":"BE9L"},"C39":{"t":"C56X"},"C3A":{"t":"C182"},"C3C":{"t":"C150"},"C3D":{"desc":"L1P"},"C3E":{"t":"HUSK"},"C3F":{"t":"B212"},"C40":{"t":"C182"},"C42":{"t":"HUSK"},"C45":{"t":"C172"},"C46":{"t":"C310"},"C47":{"desc":"L1P"},"C48":{"t":"C182"},"C4C":{"t":"BE20"},"C4D":{"t":"C680"},"C50":{"t":"L13M"},"C51":{"desc":"L1P"},"C52":{"desc":"L1P"},"C54":{"desc":"L1P"},"C55":{"t":"M5"},"C56":{"t":"BE55"},"C58":{"desc":"L1P"},"C59":{"t":"BE35"},"C5A":{"desc":"H1T"},"C5D":{"desc":"L1P"},"C5E":{"t":"PA34"},"C5F":{"desc":"L1P"},"C60":{"desc":"L1P"},"C61":{"desc":"L2P"},"C63":{"t":"M5"},"C64":{"t":"C340"},"C66":{"t":"PA31"},"C67":{"t":"SR22"},"C68":{"desc":"L1P"},"C69":{"t":"C77R"},"C6A":{"t":"C150"},"C6E":{"t":"BE33"},"C72":{"t":"C172"},"C7A":{"desc":"L1P","t":"TB0"},"C7B":{"desc":"L1P"},"C7C":{"desc":"L1P"},"C7E":{"t":"B06"},"C80":{"desc":"L1J"},"C87":{"t":"C525"},"C88":{"t":"C310"},"C8A":{"t":"E50P"},"C8B":{"desc":"L1P"},"C8F":{"desc":"L1P"},"C90":{"t":"C182"},"C91":{"t":"BE55"},"C92":{"desc":"L1P"},"C93":{"t":"PA18"},"C96":{"t":"S22T"},"C97":{"desc":"L1P"},"C98":{"desc":"L1P"},"C99":{"desc":"L1P"},"C9A":{"t":"C182"},"C9B":{"t":"PRM1"},"C9D":{"t":"C25C"},"C9F":{"desc":"L1P"},"CA1":{"t":"BE20"},"CA4":{"t":"GLID"},"CA5":{"desc":"L1P"},"CA6":{"t":"BE20"},"CA7":{"t":"LJ60"},"CA8":{"t":"P68"},"CA9":{"t":"P32R"},"CAB":{"desc":"A1P"},"CAC":{"t":"H25B"},"CAF":{"t":"C77R"},"CB3":{"desc":"L1P"},"CB4":{"desc":"L1P"},"CB5":{"desc":"L1P","t":"ULAC"},"CB6":{"t":"PA27"},"CB9":{"t":"AA5"},"CBA":{"t":"PC12"},"CBC":{"t":"CH7A"},"CBD":{"t":"C550"},"CBE":{"desc":"L1P"},"CC1":{"desc":"L1P"},"CC2":{"t":"BE20"},"CC3":{"t":"C207"},"CC4":{"t":"PA27"},"CC6":{"t":"C421"},"CC7":{"t":"T34P"},"CC8":{"t":"P32R"},"CCA":{"desc":"L1P"},"CCB":{"t":"C182"},"CCC":{"t":"BE36"},"CCD":{"desc":"L1P"},"CCF":{"t":"B06"},"CD1":{"t":"BE36"},"CD5":{"desc":"L1P"},"CD6":{"desc":"L1P"},"CD7":{"desc":"L1P"},"CD8":{"t":"PA18"},"CD9":{"t":"PA27"},"CDC":{"desc":"L1P"},"CDD":{"t":"C25C"},"CE4":{"desc":"L1P"},"CEC":{"t":"C441"},"CF3":{"t":"BE35"},"CF4":{"t":"PA46"},"CF5":{"t":"C182"},"CF6":{"t":"CL30"},"CF7":{"t":"R22"},"CF8":{"desc":"L1P"},"CF9":{"t":"PA18"},"CFB":{"t":"P32R"},"CFC":{"t":"P180"},"CFD":{"t":"C182"},"CFE":{"t":"P28S"},"CFF":{"t":"T34P"},"D00":{"t":"C310"},"D05":{"t":"T6"},"D07":{"t":"M5"},"D08":{"desc":"H1P"},"D09":{"desc":"L1P"},"D0C":{"t":"PC12"},"D0D":{"desc":"L1P"},"D0E":{"desc":"A1P"},"D0F":{"t":"GLID"},"D11":{"t":"S22T"},"D12":{"t":"R66"},"D13":{"t":"GLID"},"D14":{"t":"PA27"},"D17":{"desc":"L1P"},"D1B":{"t":"C182"},"D1D":{"t":"BL8"},"D1F":{"desc":"L1P"},"D20":{"t":"S22T"},"D21":{"t":"BE19"},"D23":{"t":"C172"},"D24":{"t":"GLID"},"D25":{"t":"GLEX"},"D26":{"t":"B06"},"D28":{"t":"B06"},"D29":{"t":"TAYB"},"D2B":{"desc":"L1P"},"D2C":{"t":"PA31"},"D2D":{"desc":"L1P"},"D2E":{"t":"BE33"},"D30":{"t":"PA31"},"D32":{"t":"P337"},"D33":{"t":"BE36"},"D34":{"t":"C140"},"D36":{"t":"BE36"},"D38":{"desc":"L1P"},"D3A":{"t":"C208"},"D3B":{"desc":"L1P"},"D3C":{"desc":"L1P"},"D3F":{"t":"BE40"},"D4A":{"desc":"L1P"},"D58":{"t":"GC1"},"D59":{"t":"PA27"},"D5C":{"desc":"L1P"},"D5D":{"t":"PA34"},"D60":{"desc":"L1P"},"D62":{"desc":"L1P"},"D64":{"t":"BE20"},"D65":{"desc":"L1P"},"D67":{"desc":"H1T"},"D68":{"t":"GLID"},"D6C":{"desc":"G1P"},"D6E":{"t":"RV12"},"D6F":{"t":"PA46"},"D70":{"t":"E55P"},"D72":{"t":"PA24"},"D73":{"desc":"L1P"},"D74":{"t":"SR22"},"D75":{"desc":"L1P"},"D76":{"t":"SR22"},"D77":{"t":"C510"},"D78":{"t":"P28R"},"D79":{"desc":"L1P"},"D7C":{"t":"BE35"},"D7D":{"desc":"L1P"},"D7E":{"t":"P32T"},"D80":{"t":"GLF5"},"D81":{"desc":"L1P"},"D82":{"t":"C140"},"D83":{"t":"GALX"},"D84":{"desc":"L1P"},"D85":{"t":"PA30"},"D86":{"t":"BE36"},"D87":{"desc":"L1P"},"D88":{"t":"SR22"},"D89":{"t":"C310"},"D8D":{"desc":"L2P"},"D90":{"t":"S22T"},"D92":{"t":"BE9L"},"D93":{"desc":"L1P"},"D94":{"desc":"L1P"},"D97":{"desc":"L1P"},"D9B":{"desc":"L1P"},"DA0":{"t":"PC12"},"DA2":{"desc":"L1P"},"DA5":{"t":"ST75"},"DAC":{"t":"YK52"},"DAD":{"desc":"H1P"},"DB0":{"t":"SR22"},"DB3":{"desc":"L1P"},"DB9":{"t":"BE33"},"DBA":{"desc":"L1P"},"DBB":{"t":"B14A"},"DBC":{"t":"B407"},"DBF":{"t":"BE36"},"DC2":{"desc":"L1P"},"DC3":{"t":"EN28"},"DC6":{"t":"B703"},"DC7":{"t":"PA31"},"DC9":{"desc":"L1P"},"DCA":{"t":"PA18"},"DCD":{"t":"ULAC"},"DD3":{"t":"ULAC"},"DD4":{"t":"C150"},"DD5":{"t":"C414"},"DD7":{"desc":"L1P"},"DD8":{"t":"MU2"},"DDB":{"t":"H25B"},"DDC":{"t":"PC12"},"DE6":{"t":"CRJ2"},"DE7":{"desc":"L1P"},"DEE":{"desc":"L1T","t":"PA46"},"DEF":{"t":"B789"},"DF0":{"t":"GLID"},"DF1":{"desc":"L1P"},"DF7":{"t":"B788"},"DFA":{"t":"DA40"},"E03":{"desc":"L1P"},"E08":{"t":"BE55"},"E09":{"t":"C172"},"E0A":{"t":"CL60"},"E11":{"t":"C180"},"E13":{"t":"CL60"},"E15":{"t":"C182"},"E19":{"t":"FDCT"},"E1B":{"t":"BALL"},"E20":{"t":"S108"},"E22":{"desc":"H1T"},"E23":{"t":"PC12"},"E27":{"t":"GLID"},"E28":{"desc":"L2T"},"E2C":{"t":"AA5"},"E2D":{"t":"B739"},"E2E":{"t":"MD83"},"E31":{"t":"DA40"},"E32":{"t":"BE9L"},"E3A":{"desc":"L2T"},"E3C":{"t":"F900"},"E3E":{"desc":"L1P"},"E4B":{"t":"CL60"},"E52":{"t":"HUSK"},"E55":{"t":"CL60"},"E56":{"t":"B77L"},"E57":{"t":"C208"},"E64":{"t":"PA44"},"E6B":{"t":"AC95"},"E6E":{"t":"GLF6"},"E76":{"desc":"L2P"},"E79":{"t":"ASTR"},"E7D":{"t":"AS50"},"E87":{"t":"R22"},"E8E":{"t":"CL60"},"E90":{"t":"GLID"},"E92":{"t":"H25B"},"EA1":{"desc":"L1P"},"EA4":{"desc":"L1P"},"EAE":{"t":"C421"},"EB7":{"t":"B350"},"EBF":{"desc":"H8E"},"ECF":{"t":"DA42"},"ED1":{"t":"BALL"},"ED9":{"desc":"L1P"},"EE0":{"t":"C182"},"EE1":{"desc":"L2J"},"EE8":{"desc":"L1P"},"EE9":{"t":"HUSK"},"EEA":{"t":"BE20"},"EEF":{"t":"BE40"},"EF0":{"t":"EC30"},"EF3":{"t":"CH7A"},"EFA":{"t":"C170"},"EFD":{"desc":"L1P"},"F02":{"t":"GLID"},"F06":{"t":"EA50"},"F09":{"desc":"L1P"},"F0E":{"t":"B738"},"F1A":{"t":"C56X"},"F1B":{"t":"B462"},"F1D":{"t":"F2TH"},"F25":{"t":"H25B"},"F26":{"t":"C150"},"F37":{"desc":"H4E"},"F4C":{"t":"BE33"},"F4D":{"t":"M20T"},"F4F":{"t":"PA31"},"F50":{"desc":"H4E"},"F5C":{"t":"C25C"},"F5E":{"desc":"L1P"},"F60":{"desc":"L1P"},"F61":{"t":"E170"},"F68":{"t":"P32R"},"F6B":{"t":"B230"},"F70":{"desc":"H2T"},"F73":{"t":"G280"},"F75":{"t":"GLF5"},"F76":{"desc":"L1P"},"F7F":{"desc":"A1P"},"F80":{"desc":"L1P"},"F82":{"t":"FA50"},"F86":{"t":"C72R"},"F93":{"t":"BE55"},"F98":{"t":"A319"},"FA5":{"t":"B350"},"FA7":{"desc":"H4E"},"FB2":{"desc":"L1P"},"FB9":{"t":"F2TH"},"FCC":{"t":"C25B"},"FD3":{"desc":"H4E"},"FD7":{"desc":"L1P"},"FDA":{"t":"C172"},"FE2":{"t":"GLEX"}}