{"000":{"t":"C172"},"001":{"t":"PA22"},"002":{"desc":"L1P"},"004":{"t":"P28A"},"005":{"t":"C150"},"006":{"t":"TAYB"},"007":{"t":"P28A"},"009":{"t":"PA25"},"00A":{"t":"BE95"},"00B":{"t":"P28A"},"00C":{"t":"PA24"},"00E":{"desc":"L1P"},"011":{"t":"C150"},"012":{"t":"BL17"},"013":{"t":"P28B"},"016":{"t":"C172"},"017":{"t":"J3"},"019":{"t":"J3"},"01A":{"t":"CH7B"},"01B":{"t":"J3"},"01C":{"t":"J3"},"01D":{"t":"CH7B"},"01E":{"t":"BL8"},"021":{"desc":"L1P"},"024":{"t":"PA22"},"028":{"t":"C150"},"02A":{"t":"P28A"},"02C":{"t":"PA25"},"02D":{"t":"BE35"},"02E":{"t":"P28A"},"02F":{"t":"PA24"},"031":{"desc":"L1P"},"032":{"desc":"H4E"},"033":{"t":"C182"},"036":{"t":"P28B"},"037":{"t":"C182"},"038":{"t":"PA30"},"039":{"t":"C172"},"03A":{"t":"J3"},"03F":{"t":"J3"},"042":{"t":"J3"},"043":{"t":"J3"},"047":{"t":"PA22"},"04B":{"t":"C150"},"04D":{"t":"P28A"},"04E":{"t":"S108"},"050":{"t":"P28B"},"051":{"t":"P28A"},"052":{"t":"PA24"},"054":{"t":"B14C"},"055":{"desc":"H4E"},"059":{"t":"P28B"},"05A":{"t":"C182"},"05C":{"t":"C172"},"05D":{"t":"J3"},"064":{"t":"J3"},"065":{"t":"J3"},"066":{"t":"J3"},"068":{"t":"F2TH"},"069":{"desc":"L1P"},"06A":{"t":"GLEX"},"06B":{"t":"P28A"},"073":{"t":"EC35"},"074":{"desc":"L1P"},"077":{"desc":"L2J"},"078":{"t":"GLF5"},"079":{"t":"CRJ2"},"07A":{"t":"PA44"},"081":{"t":"F900"},"083":{"t":"C56X"},"084":{"t":"B763"},"08C":{"desc":"H4E"},"093":{"t":"C25B"},"09A":{"t":"C180"},"09B":{"t":"TBM7"},"09F":{"t":"C180"},"0A6":{"desc":"L1P"},"0AC":{"t":"DV20"},"0AF":{"desc":"L1P"},"0B3":{"t":"GLID"},"0B4":{"desc":"L1P"},"0B8":{"t":"C172"},"0BE":{"t":"M20T"},"0C0":{"t":"B739"},"0C3":{"t":"P46T"},"0C4":{"t":"R66"},"0CD":{"desc":"L2T"},"0D8":{"t":"C25B"},"0E1":{"t":"SR22"},"0E9":{"desc":"L2J","t":"B77L"},"0EA":{"t":"C208"},"0F7":{"t":"PA44"},"0FE":{"desc":"L1P","t":"ULAC"},"105":{"desc":"L1P"},"10A":{"t":"GLF5"},"110":{"t":"C172"},"117":{"desc":"L1P"},"118":{"t":"PA31"},"130":{"t":"M20P"},"136":{"t":"C25B"},"138":{"t":"C525"},"141":{"t":"C680"},"14B":{"desc":"L1P"},"15B":{"t":"GLF6"},"163":{"t":"C25B"},"16A":{"t":"R44"},"173":{"t":"B737"},"176":{"t":"AC90"},"17B":{"t":"CL30"},"17C":{"desc":"H8E"},"17E":{"t":"B06"},"183":{"t":"EC30"},"185":{"t":"E300"},"187":{"t":"PA46"},"18D":{"desc":"L1P"},"195":{"t":"F15"},"19B":{"t":"PC12"},"1A1":{"t":"B738"},"1A2":{"t":"ULAC"},"1B0":{"t":"SR20"},"1B2":{"t":"C208"},"1B3":{"desc":"L1P"},"1BF":{"t":"SR22"},"1D2":{"t":"C182"},"1EB":{"desc":"L1P"},"1F0":{"t":"C510"},"1F3":{"desc":"L1P"},"1F9":{"desc":"L1P"},"1FB":{"desc":"L1P"},"204":{"desc":"L1P"},"206":{"t":"C208"},"208":{"t":"SR22"},"211":{"t":"BE33"},"214":{"desc":"L2J"},"221":{"t":"H25B"},"238":{"t":"B350"},"23B":{"t":"DA40"},"25D":{"t":"C152"},"263":{"desc":"L1P"},"26E":{"t":"GLF5"},"2C1":{"t":"BE35"},"2C7":{"t":"C150"},"2CA":{"t":"S108"},"2CD":{"t":"P28A"},"2CE":{"t":"PA24"},"2D1":{"t":"C150"},"2D2":{"t":"C182"},"2D3":{"t":"C150"},"2D6":{"t":"C182"},"2DA":{"t":"J3"},"2DE":{"t":"J3"},"2E0":{"t":"J3"},"2E2":{"t":"J3"},"2EB":{"t":"G164"},"2EC":{"t":"P28A"},"2ED":{"t":"C414"},"2EE":{"t":"SR22"},"2EF":{"t":"BE35"},"2F0":{"t":"P28A"},"2F1":{"t":"PA24"},"2F3":{"t":"B14C"},"2F4":{"t":"C150"},"2F6":{"t":"C150"},"2F8":{"t":"P28B"},"2FC":{"t":"J3"},"2FD":{"t":"J3"},"306":{"desc":"L1P"},"308":{"t":"C172"},"309":{"t":"P28R"},"30D":{"t":"C150"},"311":{"t":"AA1"},"312":{"t":"BE35"},"316":{"t":"B14C"},"31A":{"t":"BL17"},"31B":{"t":"P28B"},"31C":{"desc":"L1P","t":"ULAC"},"31D":{"t":"PA30"},"31F":{"t":"J3"},"320":{"t":"C340"},"321":{"t":"J3"},"323":{"t":"J3"},"324":{"t":"J3"},"327":{"t":"J3"},"329":{"desc":"L1P"},"32C":{"t":"P32R"},"32D":{"t":"PA22"},"332":{"t":"P28A"},"333":{"t":"C414"},"335":{"t":"BE35"},"336":{"t":"P28A"},"337":{"t":"PA24"},"33C":{"t":"C150"},"33F":{"t":"C182"},"349":{"t":"C421"},"34A":{"t":"J3"},"34F":{"t":"PA18"},"350":{"t":"PA22"},"357":{"t":"AA5"},"35E":{"t":"C182"},"360":{"t":"BL17"},"361":{"t":"P28B"},"362":{"t":"C182"},"363":{"t":"PA30"},"365":{"t":"J3"},"36D":{"t":"J3"},"36E":{"t":"C340"},"370":{"t":"CRJ2"},"374":{"t":"C172"},"376":{"t":"C150"},"377":{"t":"NAVI"},"37A":{"t":"AA1"},"37B":{"t":"S22T"},"37C":{"t":"P28A"},"37D":{"t":"PA24"},"37F":{"desc":"L1P"},"381":{"t":"C182"},"382":{"t":"C150"},"388":{"t":"J3"},"389":{"t":"J3"},"38B":{"t":"J3"},"38D":{"t":"C340"},"38E":{"t":"J3"},"395":{"t":"PA18"},"399":{"t":"C150"},"39B":{"t":"P28A"},"39C":{"t":"C340"},"39D":{"t":"AA5"},"39F":{"t":"P28A"},"3A2":{"desc":"L1P"},"3A5":{"t":"C172"},"3A7":{"t":"P28B"},"3AB":{"t":"J3"},"3AD":{"t":"J3"},"3B0":{"t":"J3"},"3B2":{"t":"J3"},"3B4":{"t":"J3"},"3B5":{"t":"CH7B"},"3B6":{"t":"BE35"},"3B7":{"t":"C172"},"3B8":{"t":"PA18"},"3B9":{"t":"PA22"},"3BC":{"t":"C182"},"3BE":{"t":"P28A"},"3BF":{"t":"C340"},"3C2":{"t":"P28A"},"3C5":{"t":"B14C"},"3CB":{"t":"C182"},"3CC":{"t":"PA30"},"3CE":{"t":"J3"},"3D1":{"t":"J3"},"3D2":{"t":"J3"},"3D3":{"t":"J3"},"3D7":{"t":"J3"},"3D8":{"desc":"L1P"},"3D9":{"t":"BE35"},"3DA":{"t":"C172"},"3DB":{"t":"PA18"},"3E0":{"t":"NAVI"},"3E1":{"t":"P28A"},"3E3":{"t":"AA1"},"3E6":{"t":"PA24"},"3E7":{"desc":"L1P"},"3E9":{"t":"C150"},"3EA":{"t":"C182"},"3EB":{"t":"C172"},"3EC":{"t":"BL17"},"3ED":{"t":"P28B"},"3F2":{"t":"L8"},"3F5":{"t":"C421"},"3F8":{"t":"J3"},"3F9":{"t":"J3"},"3FA":{"t":"J3"},"3FD":{"t":"C172"},"3FF":{"t":"PA22"},"402":{"t":"C150"},"407":{"t":"BE23"},"408":{"t":"P28A"},"40D":{"t":"C182"},"414":{"t":"J3"},"416":{"t":"J3"},"417":{"t":"J3"},"41B":{"t":"J3"},"41D":{"t":"J3"},"422":{"t":"P28A"},"424":{"t":"B06"},"426":{"t":"SR22"},"428":{"t":"GLF6"},"429":{"desc":"L1J"},"42A":{"t":"PA46"},"430":{"t":"CRJ2"},"431":{"t":"PA44"},"434":{"t":"BE30"},"439":{"t":"C340"},"43B":{"t":"B712"},"43F":{"desc":"H2T"},"440":{"t":"C56X"},"444":{"t":"PC12"},"446":{"t":"GL5T"},"452":{"t":"E550"},"454":{"desc":"L1P"},"45A":{"t":"CJ6"},"45F":{"t":"C182"},"463":{"t":"C172"},"46A":{"t":"S108"},"46C":{"t":"E50P"},"46D":{"t":"F900"},"475":{"t":"H25B"},"476":{"t":"C421"},"477":{"t":"B739"},"47B":{"t":"BE20"},"47C":{"t":"GLID"},"484":{"desc":"L2T"},"486":{"t":"P28A"},"491":{"t":"C750"},"49F":{"desc":"L1P"},"4A0":{"desc":"L2J","t":"B77L"},"4A1":{"t":"C208"},"4AE":{"t":"PA44"},"4B6":{"t":"MD83"},"4C7":{"t":"AS50"},"4D0":{"desc":"L1P"},"4E8":{"t":"T206"},"4EF":{"t":"P32R"},"4F3":{"t":"S22T"},"4F8":{"desc":"L1P"},"503":{"t":"DA40"},"508":{"t":"T210"},"51B":{"t":"R66"},"51F":{"t":"PC12"},"532":{"desc":"A1P"},"534":{"desc":"L1P"},"535":{"t":"T206"},"537":{"t":"BE33"},"53A":{"t":"EC30"},"53B":{"desc":"L1P"},"54D":{"desc":"L1P"},"558":{"t":"B738"},"564":{"t":"M20P"},"566":{"desc":"L1P"},"569":{"desc":"L1P"},"574":{"desc":"L1P"},"575":{"t":"T206"},"597":{"t":"PA22"},"598":{"desc":"L1P"},"5A2":{"desc":"L1P"},"5A7":{"desc":"H4E"},"5AA":{"desc":"L1P"},"5AB":{"desc":"L2J"},"5AF":{"desc":"H1P"},"5B0":{"desc":"L1P"},"5B8":{"desc":"H4E"},"5BD":{"t":"C208"},"5BF":{"t":"SR22"},"5C8":{"desc":"H1P"},"5D0":{"t":"BL8"},"5DE":{"t":"BE9L"},"5E9":{"desc":"H8E"},"5EF":{"t":"B350"},"606":{"desc":"H4E"},"619":{"t":"PC12"},"625":{"t":"GLF6"},"656":{"t":"C550"},"65E":{"t":"M7"},"677":{"desc":"L2J"},"678":{"t":"BE35"},"679":{"t":"C172"},"67B":{"t":"PA22"},"67E":{"t":"C150"},"680":{"t":"P28A"},"682":{"t":"AA1"},"684":{"t":"C195"},"68C":{"t":"P28B"},"693":{"t":"J3"},"694":{"t":"C421"},"696":{"t":"C421"},"69A":{"t":"CH7A"},"69B":{"t":"BE35"},"69C":{"desc":"L1P"},"6A0":{"t":"P28A"},"6A1":{"t":"C150"},"6A7":{"t":"P28A"},"6A8":{"t":"PA24"},"6AA":{"t":"B14C"},"6AD":{"t":"C172"},"6AF":{"t":"P28B"},"6B3":{"t":"J3"},"6B5":{"t":"J3"},"6BD":{"desc":"H1P"},"6C0":{"desc":"L1P"},"6C3":{"t":"P28A"},"6C4":{"desc":"L1P"},"6C7":{"t":"S108"},"6C8":{"t":"AA1"},"6C9":{"t":"BE23"},"6CA":{"t":"P28A"},"6CE":{"t":"C150"},"6CF":{"desc":"L1P"},"6D0":{"t":"C172"},"6D1":{"t":"BL17"},"6D4":{"t":"PA18"},"6DC":{"t":"J3"},"6E0":{"desc":"L1P"},"6E2":{"t":"C172"},"6E3":{"t":"PA22"},"6E4":{"t":"PA22"},"6E6":{"t":"H269"},"6E7":{"desc":"L1P"},"6F3":{"t":"C172"},"6F5":{"t":"P28B"},"6F6":{"t":"C182"},"6FB":{"t":"J3"},"707":{"t":"PA22"},"70D":{"t":"S108"},"70E":{"t":"AA1"},"70F":{"t":"BE23"},"710":{"t":"P28A"},"713":{"t":"B14C"},"714":{"t":"AT3P"},"715":{"t":"C182"},"717":{"t":"BL17"},"71A":{"t":"PA30"},"71F":{"t":"J3"},"722":{"t":"C421"},"724":{"t":"J3"},"726":{"desc":"L1P"},"727":{"t":"BE35"},"728":{"t":"C172"},"729":{"desc":"S1P","t":"PA20"},"72A":{"t":"PA22"},"72D":{"t":"C150"},"72E":{"t":"NAVI"},"734":{"t":"PA24"},"735":{"t":"SS2P"},"738":{"t":"C182"},"739":{"t":"C172"},"73C":{"t":"C182"},"742":{"t":"J3"},"745":{"desc":"H4E"},"746":{"t":"J3"},"749":{"desc":"L1P"},"74B":{"t":"BE58"},"74C":{"t":"PA20"},"74F":{"t":"H269"},"755":{"t":"BE23"},"756":{"t":"P28A"},"757":{"t":"PA24"},"758":{"t":"SS2P"},"75A":{"t":"C150"},"75B":{"t":"C182"},"75C":{"t":"C172"},"75E":{"t":"P28B"},"760":{"t":"P28A"},"763":{"t":"J3"},"765":{"t":"J3"},"766":{"t":"J3"},"768":{"t":"C180"},"76D":{"t":"BE35"},"76E":{"t":"C172"},"773":{"t":"C150"},"776":{"t":"S108"},"779":{"t":"P28A"},"77A":{"t":"PA18"},"77C":{"t":"BL17"},"77D":{"t":"C150"},"77E":{"t":"C182"},"77F":{"t":"C172"},"781":{"t":"P28B"},"783":{"t":"PA30"},"785":{"t":"J3"},"78F":{"t":"CH7A"},"791":{"t":"C172"},"796":{"t":"C150"},"798":{"t":"P28A"},"799":{"desc":"L1P"},"79B":{"t":"BE23"},"79D":{"t":"PA24"},"7A0":{"t":"C150"},"7A1":{"t":"C182"},"7A2":{"t":"C172"},"7A3":{"t":"BL17"},"7A4":{"t":"P28B"},"7A5":{"desc":"L1P"},"7AB":{"t":"GLID"},"7AC":{"t":"J3"},"7B0":{"desc":"L1P"},"7B4":{"t":"CRJ2"},"7BB":{"t":"P28A"},"7BF":{"t":"P28A"},"7C4":{"t":"C182"},"7C6":{"t":"BL17"},"7C8":{"t":"C182"},"7C9":{"t":"PA30"},"7CD":{"t":"C441"},"7D0":{"t":"J3"},"7D3":{"t":"J3"},"7D5":{"t":"S58P"},"7D8":{"desc":"L1P","t":"ULAC"},"7D9":{"t":"BE58"},"7DB":{"t":"B06"},"7DD":{"t":"GLF5"},"7E2":{"desc":"L1P"},"7E8":{"t":"SS2P"},"7EE":{"desc":"L1P"},"7F3":{"desc":"L2P"},"7F6":{"desc":"H2T"},"7F7":{"desc":"L1P"},"7FB":{"t":"BE36"},"809":{"t":"BE36"},"80B":{"desc":"L2P"},"816":{"t":"C182"},"819":{"t":"C560"},"821":{"desc":"L1P"},"82C":{"t":"GLID"},"82E":{"t":"B739"},"832":{"desc":"H1E"},"833":{"t":"GLID"},"83A":{"desc":"L1P","t":"ULAC"},"83B":{"desc":"L2T"},"842":{"t":"B06"},"853":{"desc":"L1P"},"857":{"desc":"L2J","t":"B77L"},"858":{"t":"C208"},"86D":{"t":"MD83"},"872":{"desc":"H4E"},"885":{"desc":"L1P"},"8A0":{"t":"C337"},"8A8":{"t":"BE36"},"8AF":{"t":"H25B"},"8C0":{"t":"P28A"},"8D1":{"t":"AT5T"},"8D3":{"t":"CL30"},"8D8":{"desc":"H2T"},"8DB":{"t":"BE20"},"8E1":{"t":"B737"},"8EA":{"t":"C208"},"8EC":{"desc":"A1P"},"8F2":{"t":"BE36"},"8F5":{"t":"GLF5"},"8F8":{"desc":"L1P"},"902":{"t":"T28"},"90F":{"t":"B738"},"91C":{"t":"BL8"},"91D":{"t":"C206"},"91E":{"t":"H25B"},"924":{"desc":"L1P"},"927":{"t":"PA30"},"944":{"desc":"L1P"},"94F":{"t":"C25B"},"961":{"desc":"L1P"},"965":{"desc":"A2J"},"967":{"t":"SR22"},"968":{"t":"C525"},"96A":{"t":"AC95"},"96D":{"t":"LJ45"},"972":{"desc":"L2J","t":"B38M"},"974":{"t":"PA34"},"982":{"t":"AS50"},"98B":{"t":"GLF5"},"98D":{"t":"ULAC"},"991":{"desc":"L1P"},"9A6":{"t":"ULAC"},"9C7":{"desc":"H4E"},"9CA":{"t":"T210"},"9CC":{"t":"C185"},"9CD":{"t":"PA22"},"9D6":{"t":"GLF6"},"9DB":{"t":"GLEX"},"9DC":{"t":"GLF6"},"9E3":{"t":"FA7X"},"9E9":{"t":"FA7X"},"9F1":{"desc":"L2P"},"A12":{"desc":"H4E"},"A1D":{"desc":"L1P"},"A2E":{"desc":"L1P"},"A2F":{"t":"BALL"},"A31":{"t":"PA22"},"A32":{"t":"PA22"},"A33":{"t":"P28B"},"A36":{"t":"NAVI"},"A37":{"t":"P28A"},"A39":{"desc":"L1P"},"A3B":{"t":"P28A"},"A42":{"t":"BL17"},"A46":{"desc":"L1P","t":"ULAC"},"A51":{"desc":"L1P"},"A53":{"t":"C172"},"A54":{"t":"PA22"},"A55":{"t":"PA22"},"A57":{"t":"H269"},"A58":{"t":"C150"},"A59":{"t":"NAVI"},"A5A":{"t":"P28A"},"A5B":{"t":"S108"},"A5E":{"t":"P28A"},"A5F":{"t":"PA24"},"A64":{"t":"C172"},"A65":{"t":"BL17"},"A66":{"t":"P28B"},"A67":{"t":"C182"},"A77":{"t":"PA20"},"A78":{"t":"PA22"},"A7A":{"t":"H269"},"A7B":{"t":"C150"},"A7D":{"t":"P28A"},"A82":{"t":"PA24"},"A8A":{"t":"C182"},"A98":{"t":"BALL"},"A99":{"t":"C172"},"A9A":{"t":"PA20"},"A9B":{"t":"PA22"},"A9E":{"t":"C150"},"AA1":{"t":"S108"},"AA5":{"t":"PA24"},"AAA":{"t":"C172"},"AAC":{"t":"P28B"},"AB0":{"t":"J3"},"ABB":{"t":"BALL"},"ABD":{"t":"P28A"},"AC1":{"t":"C150"},"AC3":{"t":"P28A"},"AC4":{"t":"S108"},"AC7":{"t":"P28A"},"AC8":{"t":"PA24"},"ACC":{"t":"C182"},"ADD":{"desc":"H1P"},"AE1":{"t":"PA22"},"AE5":{"t":"G164"},"AE8":{"t":"AA1"},"AE9":{"t":"BE23"},"AEA":{"t":"P28A"},"AEB":{"t":"PA24"},"AEF":{"t":"C182"},"AF0":{"t":"C150"},"AF2":{"t":"P28B"},"AF3":{"t":"C182"},"AFA":{"t":"B47G"},"AFB":{"t":"B47G"},"B02":{"t":"C172"},"B04":{"desc":"A1P"},"B09":{"t":"P28A"},"B0A":{"desc":"L1P"},"B0B":{"t":"AA1"},"B0C":{"t":"BE23"},"B0E":{"t":"PA24"},"B14":{"t":"BL17"},"B16":{"t":"C182"},"B17":{"t":"PA30"},"B19":{"desc":"L1P"},"B1B":{"t":"C172"},"B1E":{"desc":"L1T"},"B22":{"desc":"L1J"},"B23":{"desc":"L1P"},"B24":{"t":"CRJ2"},"B26":{"t":"PA20"},"B27":{"t":"PA22"},"B28":{"t":"P28A"},"B2D":{"t":"S108"},"B2E":{"t":"AA1"},"B33":{"desc":"L1P","t":"ULAC"},"B35":{"t":"C182"},"B36":{"t":"C172"},"B38":{"t":"P28B"},"B3A":{"t":"PA30"},"B3D":{"desc":"H1P"},"B44":{"t":"C172"},"B45":{"t":"C172"},"B46":{"desc":"L1P"},"B49":{"t":"PA22"},"B4A":{"t":"PA22"},"B4E":{"t":"G164"},"B53":{"t":"P28A"},"B54":{"t":"PA24"},"B55":{"t":"SS2P"},"B58":{"t":"SR22"},"B59":{"t":"C150"},"B5B":{"t":"P28B"},"B61":{"t":"UH12"},"B62":{"t":"BALL"},"B67":{"t":"ULAC"},"B69":{"desc":"L1P"},"B6A":{"t":"BE35"},"B6B":{"t":"C172"},"B6C":{"t":"PA22"},"B6D":{"desc":"L1P"},"B6E":{"t":"P28A"},"B72":{"t":"P28A"},"B73":{"t":"S108"},"B75":{"t":"BE23"},"B76":{"t":"P28A"},"B79":{"desc":"L1P"},"B7E":{"desc":"L1P"},"B7F":{"t":"C182"},"B80":{"t":"PA18"},"B85":{"desc":"L1P"},"B8D":{"t":"BE36"},"B8E":{"t":"PC12"},"B8F":{"t":"T210"},"B90":{"desc":"A2P"},"B91":{"t":"P28R"},"B92":{"t":"BE36"},"B93":{"t":"S22T"},"B94":{"desc":"L1P"},"B96":{"t":"SR22"},"B97":{"t":"C182"},"B98":{"t":"RV12"},"B9A":{"t":"GLID"},"B9B":{"t":"P28A"},"B9C":{"t":"B737"},"B9D":{"t":"FA7X"},"B9E":{"t":"BE30"},"B9F":{"t":"E35L"},"BA1":{"desc":"L1P"},"BA2":{"t":"P28A"},"BA3":{"desc":"L1P"},"BA4":{"desc":"L2T"},"BA5":{"t":"CL60"},"BA6":{"t":"C337"},"BA7":{"t":"LJ45"},"BA9":{"t":"M20T"},"BAD":{"t":"C337"},"BAE":{"desc":"L1P"},"BB0":{"desc":"L1P"},"BB1":{"t":"C185"},"BB2":{"t":"P28A"},"BB3":{"desc":"L1P"},"BB4":{"t":"C340"},"BB6":{"t":"P32R"},"BB7":{"t":"BE50"},"BB8":{"t":"C188"},"BBB":{"t":"P28A"},"BBC":{"desc":"L1P"},"BBE":{"desc":"L1P"},"BBF":{"desc":"L1P"},"BC0":{"t":"PA46"},"BC1":{"t":"C172"},"BC2":{"t":"P28A"},"BC3":{"t":"BE58"},"BC4":{"t":"F2TH"},"BC5":{"desc":"H1P"},"BC9":{"desc":"L1P"},"BCB":{"t":"C172"},"BCC":{"desc":"L1P"},"BCD":{"t":"LJ31"},"BCF":{"desc":"L1P"},"BD0":{"t":"GLF4"},"BD1":{"t":"C182"},"BD3":{"t":"PAY2"},"BD5":{"t":"LJ45"},"BD6":{"t":"JS32"},"BD7":{"t":"C182"},"BD8":{"t":"FA7X"},"BDA":{"t":"BE35"},"BDB":{"t":"GLF4"},"BDD":{"t":"C182"},"BDE":{"t":"M20P"},"BE0":{"t":"CL60"},"BE1":{"t":"B407"},"BE2":{"t":"C185"},"BE3":{"t":"R22"},"BE5":{"t":"SR22"},"BE7":{"t":"GA5C"},"BE9":{"t":"LJ45"},"BEB":{"t":"B739"},"BEC":{"t":"R66"},"BED":{"t":"BE35"},"BEE":{"t":"H500"},"BF1":{"desc":"L1P"},"BF2":{"t":"T206"},"BF3":{"t":"P32R"},"BF4":{"t":"P210"},"BF5":{"t":"C421"},"BF6":{"desc":"L1P"},"BF7":{"desc":"L1T","t":"PA46"},"BF8":{"t":"M20T"},"BFA":{"t":"P28A"},"BFB":{"desc":"L2P"},"BFC":{"t":"BALL"},"BFF":{"t":"SR22"},"C01":{"t":"P28A"},"C02":{"t":"GLF4"},"C03":{"t":"BE20"},"C05":{"t":"H500"},"C07":{"desc":"L1P"},"C09":{"desc":"L1P"},"C0A":{"t":"C180"},"C0D":{"t":"F2TH"},"C0E":{"desc":"L2J"},"C0F":{"t":"C208"},"C10":{"desc":"L1P"},"C11":{"t":"C550"},"C13":{"desc":"L2J"},"C16":{"t":"B350"},"C1A":{"t":"GLF4"},"C1B":{"t":"C180"},"C1D":{"t":"SR22"},"C1F":{"desc":"L1P"},"C23":{"desc":"H1T"},"C24":{"t":"C172"},"C25":{"t":"CL60"},"C26":{"t":"R22"},"C27":{"t":"C560"},"C2B":{"desc":"L1P"},"C2E":{"t":"C25A"},"C2F":{"t":"P28A"},"C31":{"t":"C310"},"C32":{"t":"GALX"},"C33":{"desc":"L1P"},"C34":{"t":"C510"},"C35":{"t":"C182"},"C38":{"t":"PC12"},"C39":{"desc":"L2J","t":"GLEX"},"C3B":{"t":"GAZL"},"C3C":{"t":"C172"},"C3D":{"t":"R44"},"C3E":{"t":"AT8T"},"C3F":{"t":"C421"},"C40":{"t":"BE33"},"C41":{"t":"GLF5"},"C42":{"t":"P210"},"C43":{"t":"BE55"},"C44":{"t":"GLF4"},"C45":{"t":"BE20"},"C46":{"t":"GLF5"},"C47":{"t":"PA46"},"C48":{"t":"BE33"},"C49":{"t":"PC24"},"C4A":{"t":"BE33"},"C4E":{"t":"B350"},"C4F":{"t":"HUSK"},"C50":{"desc":"H1T"},"C51":{"t":"M20T"},"C53":{"t":"HUSK"},"C55":{"t":"C140"},"C59":{"t":"BE95"},"C5A":{"t":"GLF5"},"C5C":{"t":"GC1"},"C5D":{"t":"GLID"},"C5E":{"t":"PA31"},"C61":{"t":"P32R"},"C62":{"t":"C206"},"C65":{"t":"BE36"},"C66":{"t":"C425"},"C67":{"desc":"L2P"},"C69":{"t":"S22T"},"C6A":{"t":"P210"},"C6C":{"t":"GLF6"},"C6D":{"t":"T6"},"C6F":{"t":"T210"},"C71":{"t":"PA38"},"C75":{"t":"CL30"},"C76":{"desc":"L1P"},"C77":{"t":"C25C"},"C78":{"desc":"L1P"},"C7A":{"desc":"L1P"},"C7B":{"t":"M20P"},"C7C":{"t":"C310"},"C80":{"t":"AEST"},"C82":{"desc":"L1P"},"C83":{"t":"BE35"},"C85":{"desc":"L1P"},"C86":{"t":"GLF5"},"C87":{"desc":"L1P"},"C88":{"desc":"L1P"},"C89":{"t":"C25C"},"C8A":{"t":"PA30"},"C8C":{"t":"C152"},"C8E":{"t":"F900"},"C8F":{"desc":"L1P"},"C90":{"t":"LJ60"},"C91":{"desc":"G1P","t":"GLF5"},"C93":{"t":"PA31"},"C95":{"t":"GLID"},"C97":{"t":"GLF5"},"C99":{"desc":"L2J"},"C9A":{"t":"C172"},"C9B":{"t":"SR22"},"C9C":{"t":"NAVI"},"CA0":{"t":"BT36"},"CA2":{"t":"BE33"},"CA5":{"t":"SR20"},"CA6":{"t":"GLF4"},"CA8":{"desc":"L1T"},"CA9":{"desc":"A1P"},"CAA":{"t":"GLID"},"CAB":{"t":"E35L"},"CAC":{"t":"FDCT"},"CAD":{"t":"PRM1"},"CAE":{"t":"BE20"},"CB1":{"desc":"L1P","t":"ULAC"},"CB2":{"t":"C340"},"CB5":{"desc":"L1P"},"CB7":{"t":"C182"},"CB8":{"t":"BE36"},"CB9":{"t":"C340"},"CBA":{"t":"F2TH"},"CBD":{"t":"GLF4"},"CBE":{"t":"BE35"},"CC5":{"t":"P32R"},"CC7":{"desc":"L1P"},"CCA":{"t":"GLF5"},"CCB":{"t":"PC12"},"CD2":{"t":"PA27"},"CD5":{"t":"PA31"},"CD6":{"desc":"H2P"},"CD7":{"t":"PA27"},"CD8":{"desc":"L2P"},"CD9":{"desc":"L1P"},"CDA":{"t":"PAY1"},"CDB":{"t":"T210"},"CDC":{"t":"P46T"},"CDD":{"t":"C210"},"CDE":{"t":"GLF4"},"CDF":{"t":"C501"},"CE3":{"t":"C25B"},"CE6":{"desc":"L2T"},"CE8":{"t":"GLF5"},"CEA":{"t":"B407"},"CEB":{"t":"T210"},"CF6":{"t":"CL60"},"D05":{"t":"C525"},"D06":{"t":"BE35"},"D07":{"t":"C310"},"D09":{"t":"M20P"},"D0A":{"t":"M5"},"D0D":{"t":"PA27"},"D0E":{"t":"C25C"},"D0F":{"t":"C550"},"D10":{"t":"BE35"},"D13":{"t":"BALL"},"D15":{"t":"P28S"},"D16":{"t":"C56X"},"D17":{"t":"GLEX"},"D18":{"desc":"L1P"},"D19":{"desc":"H1P"},"D1A":{"desc":"L1P"},"D1C":{"desc":"H4E"},"D1D":{"t":"BE35"},"D1E":{"t":"T210"},"D22":{"t":"MU2"},"D23":{"t":"C680"},"D24":{"t":"SR22"},"D25":{"t":"BE35"},"D28":{"desc":"L1P"},"D29":{"t":"GLF3"},"D2A":{"t":"R44"},"D2B":{"t":"C182"},"D2D":{"desc":"A1P","t":"ULAC"},"D2E":{"t":"SR22"},"D2F":{"desc":"L1P"},"D30":{"desc":"L1P"},"D32":{"desc":"A1P"},"D33":{"t":"SR22"},"D35":{"t":"S22T"},"D36":{"t":"C310"},"D37":{"t":"C172"},"D38":{"t":"C172"},"D39":{"t":"P28S"},"D3B":{"t":"E50P"},"D3D":{"t":"PA27"},"D3E":{"desc":"L1P"},"D40":{"t":"GLID"},"D42":{"t":"PA32"},"D43":{"t":"BE36"},"D47":{"desc":"L1P"},"D4A":{"desc":"H1T"},"D4C":{"t":"C650"},"D4D":{"t":"B737"},"D4F":{"desc":"L1P"},"D50":{"desc":"H4E"},"D51":{"t":"DA42"},"D53":{"desc":"H4E"},"D55":{"t":"C150"},"D57":{"t":"R44"},"D5B":{"t":"S22T"},"D5D":{"t":"SBR1"},"D60":{"t":"H500"},"D62":{"t":"R44"},"D6B":{"desc":"L1P"},"D6D":{"t":"S22T"},"D6E":{"t":"PA34"},"D6F":{"desc":"L1P"},"D73":{"t":"S22T"},"D74":{"t":"C177"},"D76":{"t":"P32R"},"D78":{"desc":"L1P"},"D79":{"t":"GLF5"},"D7A":{"t":"P28R"},"D7C":{"t":"C421"},"D81":{"desc":"L1P"},"D83":{"t":"AEST"},"D84":{"t":"C206"},"D85":{"t":"C550"},"D88":{"t":"PC12"},"D89":{"desc":"L1P"},"D8C":{"t":"F2TH"},"D8E":{"desc":"L1P"},"D8F":{"t":"PA27"},"D93":{"desc":"L1P"},"D94":{"t":"CRJ2"},"D95":{"t":"T6"},"D96":{"t":"MU2"},"D97":{"t":"BE58"},"D98":{"t":"H25B"},"D99":{"t":"DA62"},"D9A":{"t":"C185"},"D9B":{"desc":"L1P"},"D9E":{"t":"HUSK"},"DA4":{"desc":"L2T"},"DA5":{"t":"C550"},"DA6":{"t":"GLF6"},"DA8":{"t":"P210"},"DAB":{"t":"GLF5"},"DAC":{"t":"E300"},"DAF":{"t":"ULAC"},"DB1":{"t":"GLF5"},"DB4":{"t":"PA31"},"DB5":{"t":"COL4"},"DB6":{"t":"CL60"},"DB7":{"desc":"H4E"},"DBD":{"t":"YK52"},"DBF":{"t":"SR22"},"DC2":{"desc":"A1P"},"DC8":{"t":"DA40"},"DCD":{"t":"F900"},"DD2":{"t":"GLF6"},"DD7":{"t":"SR22"},"DD8":{"desc":"L1P"},"DDA":{"t":"GLEX"},"DDC":{"t":"BALL"},"DDD":{"t":"BALL"},"DDE":{"desc":"L2T"},"DE2":{"t":"BE20"},"DE3":{"t":"EA50"},"DE5":{"t":"C172"},"DE6":{"t":"M4"},"DED":{"t":"NAVI"},"DEF":{"t":"S108"},"DF0":{"t":"AA1"},"DF1":{"t":"BE23"},"DF2":{"t":"P28A"},"DF3":{"t":"PA24"},"DF6":{"desc":"L1P"},"DF7":{"t":"C182"},"DF8":{"t":"C150"},"DFB":{"t":"GLF5"},"DFC":{"t":"PA30"},"DFE":{"t":"ULAC"},"E06":{"t":"C150"},"E08":{"t":"C175"},"E0A":{"desc":"L1P"},"E0B":{"t":"PA22"},"E0C":{"t":"PA18"},"E11":{"t":"H25B"},"E15":{"t":"C182"},"E16":{"t":"PA24"},"E18":{"desc":"L1P"},"E1C":{"t":"C172"},"E1D":{"t":"P28B"},"E27":{"desc":"L1P"},"E28":{"desc":"L1P"},"E2B":{"t":"C175"},"E2F":{"t":"PA18"},"E30":{"desc":"L1P"},"E31":{"t":"P28A"},"E34":{"t":"P28A"},"E36":{"t":"AA1"},"E3B":{"desc":"L1P"},"E3C":{"t":"C150"},"E3D":{"t":"C182"},"E3F":{"t":"C172"},"E40":{"t":"P28B"},"E41":{"t":"C182"},"E42":{"desc":"H1P"},"E43":{"desc":"H4E"},"E45":{"desc":"A2P"},"E49":{"desc":"L1P"},"E4B":{"desc":"L1P"},"E4C":{"desc":"L1P"},"E4E":{"t":"CH7A"},"E4F":{"t":"BE35"},"E50":{"t":"C172"},"E51":{"t":"PA22"},"E52":{"desc":"L1P"},"E53":{"t":"CRJ2"},"E55":{"t":"C150"},"E57":{"t":"P28A"},"E58":{"t":"S108"},"E5B":{"t":"P28A"},"E5C":{"t":"PA24"},"E60":{"t":"C182"},"E62":{"t":"C172"},"E64":{"t":"C182"},"E65":{"t":"PA30"},"E6A":{"t":"C402"},"E6F":{"desc":"L1P"},"E71":{"t":"C180"},"E72":{"desc":"L1P"},"E73":{"t":"C172"},"E74":{"t":"PA22"},"E75":{"t":"PA18"},"E76":{"t":"CRJ2"},"E7D":{"t":"BE23"},"E7E":{"t":"P28A"},"E7F":{"t":"ST75"},"E82":{"t":"C150"},"E86":{"t":"P28B"},"E87":{"t":"C182"},"E88":{"t":"PA30"},"E90":{"t":"PA46"},"E91":{"t":"P32R"},"E9B":{"t":"C150"},"E9D":{"t":"P28A"},"E9E":{"t":"S108"},"EA0":{"t":"BE23"},"EA9":{"t":"P28B"},"EAB":{"t":"PA30"},"EAC":{"t":"B350"},"EB8":{"t":"CRJ2"},"EB9":{"t":"C172"},"EBF":{"t":"NAVI"},"EC3":{"desc":"L1P"},"EC7":{"t":"B14C"},"EC8":{"t":"AT3P"},"EC9":{"t":"C182"},"ECC":{"t":"P28B"},"ED6":{"desc":"A2P"},"EDA":{"t":"BE50"},"EDC":{"t":"BE9L"},"EE0":{"t":"H269"},"EE3":{"t":"P28A"},"EE6":{"t":"BE23"},"EEA":{"desc":"L1P"},"EED":{"t":"C172"},"EF0":{"t":"C182"},"EF3":{"desc":"L1P"},"EFB":{"t":"T50"},"EFD":{"t":"F2TH"},"EFE":{"t":"BE35"},"F01":{"t":"CRJ2"},"F02":{"desc":"L1P"},"F04":{"t":"CL60"},"F05":{"desc":"L2J","t":"H25C"},"F08":{"t":"AA1"},"F0A":{"t":"CH7B"},"F0B":{"t":"SR22"},"F0D":{"desc":"L1P"},"F0E":{"desc":"L1P"},"F0F":{"t":"C182"},"F10":{"t":"C172"},"F12":{"t":"P28B"},"F13":{"t":"PA46"},"F14":{"t":"PA18"},"F15":{"desc":"H1P"},"F1D":{"t":"ST75"},"F20":{"t":"FA7X"},"F22":{"t":"C172"},"F24":{"t":"PA18"},"F25":{"t":"P28A"},"F27":{"t":"C150"},"F28":{"t":"NAVI"},"F2A":{"t":"S108"},"F2C":{"t":"BE23"},"F30":{"desc":"L1P"},"F33":{"t":"C172"},"F34":{"t":"C172"},"F35":{"t":"P28B"},"F43":{"desc":"L1P"},"F46":{"t":"H60"},"F47":{"t":"AEST"},"F49":{"t":"AS50"},"F50":{"t":"PAY4"},"F52":{"desc":"L1P"},"F55":{"t":"CRJ2"},"F5A":{"t":"C208"},"F5D":{"t":"C550"},"F60":{"t":"M7"},"F68":{"t":"P46T"},"F6E":{"desc":"L1P"},"F77":{"t":"LJ45"},"F79":{"t":"C421"},"F7D":{"t":"GLF4"},"F7E":{"t":"GLF6"},"F82":{"t":"EA50"},"F84":{"t":"C550"},"F88":{"t":"FDCT"},"F8B":{"t":"E55P"},"F8F":{"t":"AA5"},"F94":{"t":"GLF5"},"F95":{"t":"C680"},"F97":{"t":"PC12"},"F9B":{"t":"ULAC"},"F9C":{"t":"B739"},"F9F":{"t":"T206"},"FA0":{"t":"DA40"},"FA4":{"t":"LJ60"},"FA9":{"desc":"L2T"},"FB0":{"t":"R44"},"FB8":{"t":"T6"},"FB9":{"t":"C182"},"FBC":{"t":"ULAC"},"FC1":{"desc":"L1P"},"FC5":{"desc":"L2J","t":"B77L"},"FC6":{"t":"C208"},"FD3":{"t":"BE58"},"FD9":{"t":"H60"},"FDE":{"desc":"H4E"},"FEB":{"t":"BL8"},"FEC":{"t":"AS50"},"FF0":{"t":"PA18"},"FF3":{"t":"F900"},"FF4":{"desc":"L1P","t":"ULAC"}}