{"002":{"desc":"L1P"},"004":{"t":"UH12"},"005":{"t":"F900"},"006":{"t":"H25B"},"008":{"t":"TBM7"},"009":{"desc":"L1P"},"00A":{"desc":"H4E"},"00E":{"desc":"L1P"},"00F":{"t":"BE58"},"011":{"t":"C56X"},"012":{"t":"FA50"},"015":{"desc":"L1P"},"016":{"t":"F900"},"017":{"t":"C82S"},"019":{"t":"C750"},"01D":{"t":"F900"},"01E":{"t":"GLF6"},"020":{"t":"F900"},"022":{"t":"F900"},"027":{"t":"AT5T"},"029":{"t":"F900"},"02A":{"t":"H25B"},"02C":{"t":"GLEX"},"02F":{"t":"F900"},"032":{"t":"C550"},"033":{"t":"F900"},"034":{"t":"F900"},"036":{"desc":"H1E"},"037":{"t":"GLEX"},"03B":{"t":"F900"},"03D":{"t":"GLF5"},"03F":{"t":"MU2"},"040":{"t":"PA46"},"044":{"t":"TBM7"},"045":{"t":"F900"},"046":{"t":"F900"},"047":{"desc":"H2T"},"048":{"t":"H25B"},"049":{"t":"F900"},"04A":{"t":"L39"},"04B":{"t":"BL17"},"04D":{"t":"C182"},"050":{"t":"C425"},"051":{"t":"BE9L"},"053":{"t":"F900"},"055":{"t":"B190"},"05A":{"t":"FA7X"},"05B":{"t":"GLF6"},"05E":{"t":"C82S"},"05F":{"t":"C411"},"060":{"t":"F900"},"063":{"desc":"L1P"},"066":{"t":"TBM7"},"06D":{"desc":"H1E"},"06E":{"t":"BE58"},"072":{"t":"PA12"},"073":{"t":"C550"},"074":{"t":"B752"},"075":{"t":"BE35"},"079":{"t":"P28R"},"07B":{"t":"BE58"},"07D":{"t":"BE33"},"07F":{"desc":"L1P"},"082":{"t":"C560"},"083":{"t":"PA31"},"086":{"t":"AC90"},"088":{"t":"GLF4"},"08D":{"t":"H25B"},"09F":{"desc":"L1E"},"0A4":{"t":"FA20"},"0A5":{"desc":"L1T"},"0A9":{"desc":"L1P"},"0AB":{"t":"B350"},"0AC":{"t":"TBM7"},"0AD":{"t":"M20P"},"0AE":{"t":"F900"},"0B1":{"t":"C182"},"0B3":{"t":"C210"},"0B4":{"t":"C172"},"0B5":{"t":"C172"},"0B8":{"desc":"L4P"},"0B9":{"t":"F900"},"0BA":{"desc":"L1P"},"0BC":{"t":"C310"},"0BD":{"t":"C208"},"0BE":{"t":"F900"},"0BF":{"t":"T210"},"0C0":{"t":"P32R"},"0C2":{"t":"F900"},"0C3":{"t":"TBM7"},"0C4":{"t":"C414"},"0C5":{"t":"F900"},"0C8":{"t":"C560"},"0C9":{"t":"F900"},"0CA":{"t":"M5"},"0CD":{"desc":"L1T"},"0D1":{"t":"GLEX"},"0D2":{"t":"F900"},"0D5":{"t":"BALL"},"0D8":{"t":"C340"},"0D9":{"t":"BE36"},"0DA":{"t":"F900"},"0DB":{"desc":"L1P"},"0DC":{"t":"F900"},"0DF":{"t":"TBM7"},"0E1":{"t":"BE36"},"0E3":{"desc":"L1P"},"0E5":{"t":"F900"},"0E6":{"t":"PA27"},"0E9":{"t":"C56X"},"0EA":{"t":"TBM7"},"0EB":{"t":"CH7B"},"0EC":{"t":"TBM7"},"0ED":{"t":"TBM7"},"0EF":{"desc":"H4E"},"0F1":{"t":"CL60"},"0F2":{"t":"B763"},"0F8":{"t":"SR22"},"0FC":{"t":"C750"},"0FF":{"t":"BE77"},"103":{"t":"A321"},"107":{"t":"BE55"},"108":{"t":"H25B"},"10A":{"t":"F900"},"10D":{"t":"UH1"},"10E":{"t":"F900"},"112":{"t":"F900"},"113":{"t":"BE20"},"11B":{"t":"TBM7"},"121":{"t":"C208"},"122":{"desc":"L1T"},"124":{"t":"P28A"},"125":{"t":"T206"},"126":{"t":"TBM7"},"127":{"t":"F900"},"128":{"desc":"L1P"},"12B":{"t":"C56X"},"12C":{"t":"PA18"},"12D":{"t":"B737"},"130":{"t":"GLF4"},"131":{"t":"H25B"},"132":{"t":"H25B"},"135":{"t":"PA27"},"140":{"t":"H25B"},"141":{"t":"TBM7"},"144":{"t":"C56X"},"147":{"t":"H25B"},"152":{"desc":"L1P","t":"TB0"},"154":{"t":"F900"},"159":{"t":"F900"},"15D":{"desc":"H4E"},"160":{"t":"F900"},"163":{"desc":"L1P"},"166":{"t":"AC90"},"169":{"t":"F900"},"171":{"t":"TBM7"},"177":{"desc":"H4E"},"179":{"t":"TBM7"},"183":{"t":"BT36"},"184":{"desc":"L1P"},"185":{"desc":"L1P"},"186":{"t":"CH7A"},"187":{"t":"BALL"},"18B":{"t":"BALL"},"18D":{"t":"AT6T"},"18E":{"t":"S108"},"18F":{"t":"M20P"},"190":{"t":"PA32"},"191":{"t":"BALL"},"192":{"desc":"L1P"},"193":{"t":"BE35"},"197":{"t":"C150"},"198":{"t":"P68"},"19A":{"t":"C182"},"19D":{"t":"C140"},"19F":{"t":"BALL"},"1A1":{"t":"C120"},"1A2":{"t":"BALL"},"1A3":{"t":"BALL"},"1A4":{"t":"C140"},"1A6":{"desc":"L1P"},"1AB":{"t":"PA22"},"1AC":{"t":"AR11"},"1AE":{"t":"BALL"},"1AF":{"desc":"L1P"},"1B0":{"t":"P28A"},"1B1":{"t":"S108"},"1B2":{"t":"BALL"},"1B3":{"t":"C180"},"1B6":{"t":"BE58"},"1BC":{"t":"P28B"},"1C1":{"desc":"H2T"},"1C4":{"t":"BALL"},"1C6":{"t":"BALL"},"1CC":{"t":"CH7A"},"1CD":{"t":"C180"},"1CE":{"t":"BALL"},"1CF":{"t":"C172"},"1D0":{"t":"P28A"},"1D2":{"t":"C172"},"1D4":{"t":"AT8T"},"1D7":{"t":"M20P"},"1D8":{"t":"AT6T"},"1D9":{"desc":"L1P"},"1DA":{"t":"C172"},"1DB":{"t":"BE35"},"1DD":{"t":"A319"},"1DE":{"t":"BE35"},"1E0":{"t":"BALL"},"1E2":{"t":"BALL"},"1E3":{"desc":"L1P"},"1E7":{"t":"A319"},"1E8":{"t":"C140"},"1EA":{"t":"BALL"},"1EB":{"t":"C120"},"1ED":{"desc":"L1P"},"1EE":{"t":"BE17"},"1EF":{"t":"NAVI"},"1F0":{"desc":"L1P"},"1F2":{"t":"C172"},"1F3":{"t":"P28A"},"1F6":{"t":"P28A"},"1F7":{"t":"S108"},"1F8":{"t":"TAYB"},"1F9":{"t":"C182"},"1FC":{"desc":"L1P"},"1FE":{"t":"BE35"},"1FF":{"desc":"L1P"},"201":{"t":"BE35"},"202":{"t":"P28B"},"203":{"t":"C182"},"206":{"t":"C140"},"20A":{"t":"C140"},"20B":{"t":"C140"},"20F":{"desc":"L1P"},"210":{"desc":"L1P"},"211":{"t":"C170"},"214":{"t":"PA22"},"216":{"t":"A319"},"219":{"t":"P28A"},"21A":{"t":"S108"},"21B":{"t":"CH7B"},"21D":{"desc":"L1P"},"21E":{"t":"PA24"},"21F":{"t":"BE35"},"220":{"t":"C150"},"221":{"t":"BE35"},"222":{"desc":"A1P"},"224":{"t":"PA27"},"225":{"t":"C172"},"226":{"t":"C182"},"22C":{"t":"C140"},"22D":{"t":"C120"},"22E":{"t":"C175"},"233":{"desc":"L1P"},"234":{"t":"C170"},"235":{"t":"CH7A"},"236":{"t":"C180"},"238":{"t":"BALL"},"23B":{"t":"C172"},"23C":{"t":"P28A"},"23E":{"t":"CH7B"},"23F":{"t":"C182"},"242":{"t":"BALL"},"243":{"t":"C182"},"244":{"t":"BE55"},"245":{"desc":"H1P"},"246":{"t":"C150"},"247":{"t":"BALL"},"248":{"t":"BALL"},"24A":{"t":"BALL"},"24C":{"t":"BALL"},"24D":{"t":"C140"},"24E":{"t":"C77R"},"24F":{"t":"C140"},"250":{"t":"C140"},"251":{"t":"C140"},"252":{"t":"C120"},"254":{"t":"BALL"},"255":{"t":"C140"},"256":{"t":"A319"},"25A":{"t":"BALL"},"25B":{"t":"AR11"},"25C":{"t":"P32R"},"25D":{"t":"C182"},"25E":{"desc":"L1P"},"262":{"t":"C182"},"264":{"t":"PA24"},"265":{"t":"AT5T"},"269":{"t":"BALL"},"26A":{"t":"BE35"},"26B":{"desc":"L1P"},"26C":{"t":"BALL"},"26D":{"t":"BALL"},"26F":{"t":"C140"},"270":{"t":"C120"},"273":{"t":"P28B"},"274":{"t":"C120"},"276":{"t":"C140"},"277":{"t":"C140"},"27A":{"t":"C170"},"27B":{"t":"H60"},"27C":{"t":"BALL"},"27D":{"t":"PA22"},"27E":{"t":"AR11"},"280":{"t":"C182"},"282":{"t":"C337"},"285":{"t":"C180"},"286":{"desc":"H1T"},"287":{"t":"PA24"},"288":{"t":"BALL"},"289":{"t":"C82T"},"28B":{"t":"C182"},"28C":{"desc":"L1P","t":"ULAC"},"28D":{"t":"BE35"},"28E":{"t":"P28B"},"28F":{"t":"C182"},"294":{"t":"C140"},"295":{"t":"BALL"},"297":{"t":"C140"},"298":{"t":"CH7B"},"29B":{"t":"ULAC"},"29E":{"desc":"L1P"},"29F":{"t":"C180"},"2A0":{"t":"PA22"},"2A2":{"t":"PA11"},"2A4":{"t":"C182"},"2A5":{"desc":"L1P"},"2A6":{"desc":"L1P"},"2A7":{"t":"CH7B"},"2A8":{"t":"C180"},"2A9":{"t":"ST75"},"2AA":{"t":"PA24"},"2AB":{"t":"BALL"},"2AF":{"t":"A319"},"2B4":{"desc":"L1P"},"2B8":{"t":"C140"},"2B9":{"t":"C140"},"2BA":{"t":"C120"},"2BC":{"t":"ULAC"},"2BE":{"t":"C120"},"2C1":{"t":"CH7A"},"2C2":{"t":"C180"},"2C3":{"t":"PA22"},"2C4":{"t":"M5"},"2C7":{"t":"C172"},"2C8":{"t":"P28A"},"2C9":{"t":"BALL"},"2CA":{"t":"CH7A"},"2CC":{"desc":"L1P","t":"ULAC"},"2CD":{"t":"BALL"},"2CE":{"t":"BE35"},"2D1":{"t":"C182"},"2D3":{"desc":"L1P","t":"ULAC"},"2D4":{"t":"P28B"},"2D5":{"t":"C182"},"2D6":{"t":"PA31"},"2D9":{"desc":"L1P"},"2DA":{"t":"C140"},"2DD":{"desc":"L1P"},"2DE":{"t":"BALL"},"2DF":{"t":"B06"},"2E3":{"t":"P28A"},"2E4":{"t":"A321"},"2E5":{"t":"C560"},"2E6":{"desc":"L1P"},"2EA":{"t":"H25B"},"2ED":{"desc":"L1T"},"2F0":{"t":"B738"},"2F1":{"t":"PA27"},"2F3":{"desc":"H4E","t":"B744"},"2F5":{"t":"BE60"},"2FC":{"desc":"H1T"},"2FD":{"t":"BE20"},"2FE":{"t":"P28R"},"2FF":{"desc":"L2T"},"303":{"t":"GLID"},"304":{"desc":"L1P"},"307":{"t":"PA32"},"30D":{"desc":"L2T"},"311":{"t":"P32R"},"313":{"desc":"L1P"},"315":{"t":"PA46"},"318":{"desc":"A1P","t":"PA18"},"31A":{"t":"ERCO"},"31B":{"t":"AS50"},"31F":{"t":"C525"},"320":{"t":"BALL"},"321":{"t":"A109"},"323":{"t":"C172"},"325":{"t":"C56X"},"326":{"t":"BE33"},"327":{"t":"DV20"},"32E":{"desc":"L1P"},"330":{"t":"H60"},"331":{"t":"BT36"},"333":{"t":"MD88"},"335":{"desc":"A1P"},"338":{"t":"C56X"},"33A":{"t":"P46T"},"33B":{"t":"B739"},"33C":{"desc":"L1P"},"33E":{"desc":"L1P"},"33F":{"desc":"L1P"},"340":{"desc":"L1P"},"343":{"desc":"L1P","t":"ULAC"},"34B":{"desc":"H4E"},"34C":{"t":"GLID"},"34E":{"t":"PA34"},"350":{"desc":"H4E"},"353":{"t":"A109"},"354":{"t":"RV12"},"35B":{"t":"CRJ2"},"35C":{"desc":"L5E"},"363":{"t":"P28A"},"364":{"t":"B752"},"368":{"t":"F2TH"},"36A":{"t":"BALL"},"36E":{"t":"LJ45"},"371":{"desc":"H4E"},"376":{"desc":"L2T"},"37D":{"desc":"L2P"},"380":{"t":"C525"},"381":{"desc":"L1P","t":"ULAC"},"38B":{"t":"SR22"},"38F":{"t":"GLEX"},"395":{"t":"A109"},"397":{"t":"BALL"},"39B":{"desc":"H1T"},"3A2":{"t":"CH7B"},"3AB":{"t":"C172"},"3AF":{"desc":"L2P"},"3B0":{"t":"BE9L"},"3B1":{"t":"TBM7"},"3B2":{"t":"C82T"},"3B3":{"desc":"L1P"},"3B7":{"t":"C182"},"3B9":{"desc":"H4E"},"3BB":{"desc":"L1P"},"3BC":{"t":"BE9L"},"3C0":{"t":"S22T"},"3C1":{"desc":"H6E"},"3C5":{"t":"PA34"},"3CB":{"t":"BL8"},"3DE":{"desc":"L1P","t":"ULAC"},"3DF":{"t":"C560"},"3E0":{"t":"BE35"},"3E3":{"desc":"H2T"},"3E6":{"t":"C172"},"3E7":{"t":"C650"},"3E9":{"t":"BE20"},"3EB":{"t":"B06"},"3F7":{"t":"PA46"},"3F8":{"t":"H25B"},"3F9":{"desc":"L2T"},"3FD":{"desc":"L1P"},"3FF":{"t":"H25B"},"401":{"t":"S22T"},"402":{"t":"F900"},"407":{"desc":"L1P"},"408":{"t":"PRM1"},"40B":{"desc":"L1P"},"410":{"desc":"L2J"},"419":{"desc":"L2J","t":"A20N"},"41B":{"t":"B407"},"41C":{"t":"B738"},"428":{"desc":"L1P","t":"ULAC"},"429":{"t":"P28A"},"42B":{"desc":"L1J"},"42C":{"t":"B06"},"42E":{"t":"S22T"},"434":{"t":"LJ60"},"435":{"t":"S22T"},"439":{"t":"BE9T"},"43D":{"t":"C182"},"444":{"t":"GLID"},"45A":{"desc":"L1P"},"460":{"t":"GLID"},"461":{"t":"AEST"},"462":{"t":"C650"},"463":{"t":"C172"},"466":{"t":"C182"},"468":{"t":"BE9T"},"46A":{"t":"A109"},"46C":{"desc":"H4E"},"46E":{"desc":"L1P"},"473":{"t":"C680"},"475":{"t":"F900"},"476":{"t":"H25B"},"477":{"t":"H269"},"478":{"t":"SR20"},"479":{"t":"BE20"},"47A":{"t":"GLF5"},"47B":{"t":"BE20"},"47E":{"t":"R22"},"47F":{"desc":"L1P"},"481":{"t":"M5"},"483":{"t":"T206"},"484":{"desc":"L2J"},"485":{"t":"C208"},"487":{"desc":"H4E"},"488":{"t":"C150"},"48C":{"t":"CH7B"},"48F":{"t":"BE33"},"491":{"t":"AC90"},"492":{"t":"F2TH"},"493":{"t":"C172"},"496":{"t":"PAY1"},"498":{"t":"BE9L"},"499":{"t":"B06"},"49B":{"t":"P28A"},"49D":{"desc":"H4E"},"49E":{"t":"R44"},"4A0":{"t":"R44"},"4A2":{"t":"F900"},"4AC":{"desc":"H4E"},"4B1":{"t":"BALL"},"4B3":{"t":"C750"},"4BF":{"desc":"L1E"},"4C5":{"desc":"H4E"},"4CE":{"desc":"L1P"},"4D3":{"t":"PA27"},"4D7":{"desc":"L1P"},"4DF":{"t":"R44"},"4E2":{"t":"BE9L"},"4E3":{"desc":"H2T"},"4E4":{"t":"B737"},"4F0":{"t":"GLF5"},"4F3":{"t":"ULAC"},"4F4":{"desc":"H8E"},"4F9":{"t":"CRJ9"},"4FC":{"desc":"H2T"},"4FE":{"t":"H25B"},"504":{"desc":"H1T"},"522":{"desc":"L1P"},"523":{"t":"BALL"},"53B":{"desc":"L1P"},"53C":{"desc":"L1T","t":"M600"},"53F":{"t":"PA22"},"541":{"t":"H500"},"543":{"t":"C172"},"544":{"t":"P28A"},"546":{"desc":"S1P","t":"ULAC"},"547":{"t":"C182"},"54A":{"t":"UH12"},"54B":{"t":"A319"},"54C":{"t":"BE33"},"550":{"t":"P28B"},"551":{"t":"BALL"},"558":{"desc":"L1P"},"55A":{"t":"C140"},"55B":{"t":"B06"},"55C":{"t":"AT3T"},"55D":{"t":"ULAC"},"55E":{"t":"C182"},"55F":{"t":"C170"},"561":{"t":"P28S"},"562":{"t":"BE35"},"563":{"t":"AR11"},"569":{"t":"CH7B"},"56A":{"t":"YK52"},"56B":{"desc":"L2P"},"56C":{"t":"A319"},"56E":{"desc":"H1P"},"571":{"t":"BALL"},"572":{"t":"BE55"},"573":{"t":"P28B"},"574":{"t":"C182"},"577":{"t":"C140"},"578":{"t":"C140"},"579":{"t":"C140"},"57A":{"t":"C120"},"57B":{"desc":"L1P"},"57D":{"t":"C140"},"57E":{"t":"C120"},"580":{"desc":"H1P"},"581":{"t":"A319"},"584":{"t":"C180"},"588":{"t":"C182"},"589":{"t":"C172"},"58B":{"t":"P28S"},"58D":{"t":"C180"},"58F":{"desc":"L1P"},"592":{"t":"BALL"},"593":{"desc":"H1P"},"595":{"t":"BE35"},"596":{"t":"P28B"},"597":{"t":"C182"},"599":{"desc":"L1P"},"59C":{"t":"C140"},"59F":{"t":"C120"},"5A1":{"t":"C140"},"5A3":{"t":"C120"},"5A5":{"t":"A319"},"5A7":{"t":"C180"},"5A8":{"t":"PA22"},"5A9":{"t":"AR11"},"5AA":{"desc":"L1P"},"5AC":{"desc":"L1P"},"5AE":{"desc":"L1P"},"5AF":{"t":"CH7B"},"5B2":{"t":"PA24"},"5B3":{"t":"ULAC"},"5B6":{"t":"C182"},"5B7":{"desc":"L1P"},"5B8":{"desc":"L1T"},"5BA":{"t":"C182"},"5BD":{"t":"C140"},"5C0":{"t":"C120"},"5C4":{"t":"C120"},"5C5":{"t":"C140"},"5C6":{"t":"C140"},"5CB":{"desc":"L1P"},"5CF":{"t":"C172"},"5D3":{"t":"C180"},"5D5":{"t":"PA24"},"5D6":{"t":"B06"},"5D8":{"t":"ULAC"},"5DB":{"t":"BE35"},"5DD":{"t":"C182"},"5E8":{"t":"C140"},"5EC":{"desc":"L1P"},"5EE":{"t":"A319"},"5F2":{"t":"ST75"},"5F3":{"t":"BALL"},"5F5":{"t":"CH7B"},"5F8":{"desc":"L1P"},"5FD":{"desc":"L1P"},"5FE":{"t":"R22"},"601":{"t":"BALL"},"603":{"desc":"G1P"},"604":{"t":"BALL"},"605":{"t":"C140"},"607":{"t":"C140"},"608":{"t":"C140"},"60A":{"desc":"L1P"},"60C":{"desc":"L1P"},"60D":{"t":"A319"},"60F":{"t":"CH7A"},"610":{"t":"C180"},"613":{"t":"H500"},"614":{"t":"C182"},"615":{"desc":"L1P"},"616":{"desc":"L1P"},"619":{"t":"C182"},"61A":{"desc":"L1J"},"61B":{"t":"PA24"},"61D":{"t":"T28"},"61E":{"t":"BE33"},"61F":{"t":"C182"},"621":{"t":"BE36"},"623":{"t":"C182"},"624":{"t":"PA18"},"625":{"desc":"A1P"},"627":{"desc":"L1P"},"629":{"t":"C140"},"62A":{"t":"C140"},"62D":{"t":"C140"},"630":{"desc":"L1P"},"632":{"t":"CH7A"},"634":{"t":"PA22"},"635":{"desc":"L1P"},"638":{"t":"C172"},"639":{"t":"P28A"},"63A":{"desc":"L1P"},"63C":{"t":"C208"},"63E":{"t":"A319"},"63F":{"t":"BE35"},"640":{"desc":"L1P"},"641":{"t":"BE55"},"642":{"t":"C182"},"645":{"t":"P28B"},"648":{"t":"R22"},"64B":{"t":"C140"},"64D":{"t":"C140"},"64E":{"t":"C140"},"652":{"t":"C140"},"654":{"t":"C170"},"656":{"desc":"L1P"},"657":{"desc":"L1P"},"658":{"t":"A319"},"65A":{"t":"C182"},"65E":{"t":"CH7B"},"65F":{"t":"C182"},"663":{"desc":"L1P"},"664":{"t":"BE35"},"666":{"desc":"L1P"},"667":{"t":"BE55"},"668":{"t":"P28B"},"66C":{"t":"GLID"},"66D":{"desc":"L1P"},"66E":{"desc":"L1P"},"671":{"t":"C120"},"677":{"t":"BALL"},"679":{"t":"C180"},"67A":{"t":"PA22"},"67B":{"t":"M5"},"67C":{"t":"A319"},"67F":{"t":"P28A"},"682":{"t":"PA18"},"683":{"t":"T28"},"684":{"t":"PA24"},"685":{"t":"P28A"},"688":{"t":"UH12"},"68A":{"desc":"L1P"},"68C":{"t":"C182"},"68F":{"t":"C140"},"691":{"t":"C140"},"692":{"desc":"L1P"},"694":{"t":"C140"},"697":{"t":"T28"},"698":{"t":"C140"},"699":{"t":"GLF4"},"69A":{"desc":"L2P"},"69B":{"t":"A321"},"69C":{"t":"FA50"},"69F":{"t":"SF34"},"6A1":{"t":"CL60"},"6A4":{"desc":"L1T"},"6A5":{"desc":"L1P"},"6A7":{"t":"B738"},"6A8":{"t":"C172"},"6AA":{"t":"B744"},"6AC":{"t":"BE36"},"6AD":{"t":"ASTR"},"6B2":{"t":"C172"},"6B3":{"t":"CL60"},"6B4":{"t":"C414"},"6B6":{"t":"E145"},"6BA":{"t":"GLID"},"6C8":{"t":"CL60"},"6CC":{"t":"HUSK"},"6CD":{"desc":"G1P"},"6CE":{"t":"BALL"},"6CF":{"desc":"A1P","t":"PA18"},"6D2":{"t":"AS50"},"6D4":{"desc":"H2T"},"6E7":{"t":"BE9L"},"6EA":{"t":"MD88"},"6EC":{"desc":"L1P"},"6ED":{"desc":"L1P"},"6F2":{"t":"B739"},"6F5":{"t":"BE58"},"6F6":{"t":"DA40"},"6FA":{"t":"F900"},"6FF":{"desc":"H2T"},"700":{"t":"B429"},"706":{"t":"B06"},"70F":{"t":"SR20"},"712":{"t":"CRJ2"},"713":{"desc":"L5E"},"717":{"t":"C650"},"718":{"t":"C172"},"71A":{"t":"P28A"},"71C":{"t":"C208"},"71F":{"t":"C56X"},"720":{"t":"CRJ9"},"725":{"t":"ULAC"},"728":{"desc":"H4E"},"730":{"desc":"L1P"},"732":{"desc":"H2T"},"737":{"desc":"H2T"},"73E":{"t":"ULAC"},"740":{"desc":"L1P"},"749":{"t":"C172"},"757":{"t":"ULAC"},"764":{"desc":"H1P"},"76A":{"desc":"L1P"},"772":{"t":"BALL"},"778":{"desc":"H4E"},"786":{"desc":"L1P"},"78B":{"t":"BALL"},"78C":{"t":"C150"},"794":{"t":"GLF4"},"795":{"desc":"L1P","t":"ULAC"},"797":{"desc":"H2T"},"79A":{"desc":"H2T"},"79B":{"t":"C510"},"7A2":{"t":"B06"},"7A4":{"t":"BALL"},"7AD":{"desc":"L1P"},"7AF":{"t":"BE9L"},"7B5":{"t":"B350"},"7B9":{"t":"GLEX"},"7BB":{"t":"CL60"},"7BD":{"t":"DA40"},"7BE":{"t":"H25B"},"7BF":{"t":"PA27"},"7C4":{"t":"GL5T"},"7C7":{"desc":"L2J"},"7C9":{"t":"F900"},"7D0":{"desc":"L2J","t":"A20N"},"7D3":{"t":"B738"},"7D6":{"t":"BALL"},"7D7":{"t":"C172"},"7E0":{"t":"P28A"},"7F0":{"t":"ULAC"},"7F8":{"t":"BE33"},"7F9":{"desc":"H1P"},"811":{"desc":"H2T"},"828":{"t":"BE40"},"82B":{"desc":"L1P"},"82C":{"t":"F900"},"82D":{"desc":"L1P"},"82F":{"t":"SR20"},"830":{"t":"B06"},"835":{"desc":"H2T"},"836":{"t":"PC12"},"83A":{"t":"SR22"},"83B":{"t":"PC24"},"83C":{"desc":"L1T"},"843":{"desc":"L1P"},"844":{"t":"P208"},"846":{"t":"BALL"},"849":{"t":"F2TH"},"84F":{"t":"TBM7"},"854":{"t":"BE9L"},"855":{"desc":"H4E"},"857":{"t":"SR20"},"858":{"t":"P208"},"859":{"desc":"H2T"},"86A":{"t":"C750"},"879":{"t":"BE10"},"880":{"desc":"L2P"},"89B":{"t":"B737"},"8A3":{"desc":"H1E"},"8AA":{"desc":"L1P"},"8AB":{"desc":"H8E"},"8B0":{"t":"CRJ9"},"8BC":{"desc":"H8E"},"8CE":{"t":"F900"},"8D9":{"desc":"H2T"},"8F2":{"desc":"L1P"},"8F6":{"t":"PA22"},"8F7":{"t":"M5"},"8F8":{"t":"H500"},"8F9":{"t":"C182"},"900":{"t":"PA24"},"906":{"t":"BE55"},"908":{"t":"C182"},"90B":{"desc":"L1P"},"90D":{"desc":"L1P"},"90E":{"desc":"L4P"},"90F":{"desc":"L1P"},"910":{"desc":"L1P"},"914":{"t":"B06"},"915":{"desc":"L1P"},"916":{"t":"ULAC"},"91A":{"t":"AR11"},"91C":{"t":"C182"},"91D":{"t":"A319"},"91E":{"t":"BALL"},"91F":{"desc":"L1P"},"920":{"t":"CH7B"},"921":{"desc":"L1P"},"923":{"t":"PA24"},"924":{"desc":"H1P"},"925":{"desc":"H1P"},"927":{"t":"BALL"},"929":{"t":"BE58"},"92A":{"t":"P28B"},"92E":{"t":"AT3T"},"92F":{"desc":"H1P"},"932":{"desc":"L1P"},"934":{"desc":"L1P"},"936":{"t":"BALL"},"937":{"desc":"L1P"},"93A":{"t":"CH7A"},"93B":{"t":"C180"},"93C":{"t":"BALL"},"93E":{"t":"BALL"},"93F":{"t":"A319"},"940":{"t":"C182"},"941":{"t":"P28A"},"942":{"t":"P28S"},"943":{"t":"CH7A"},"944":{"t":"C182"},"945":{"t":"T28"},"946":{"t":"PA24"},"947":{"t":"BE33"},"949":{"t":"BE35"},"94A":{"t":"C182"},"94C":{"t":"BE36"},"94E":{"t":"C182"},"94F":{"desc":"L1P","t":"ULAC"},"955":{"t":"BALL"},"956":{"desc":"L1P"},"958":{"t":"T206"},"95C":{"t":"BALL"},"95D":{"t":"GLID"},"95E":{"t":"C180"},"95F":{"desc":"L1P"},"960":{"t":"GLID"},"962":{"t":"C182"},"964":{"t":"P28A"},"966":{"t":"CH7B"},"968":{"t":"A319"},"969":{"t":"PA24"},"96A":{"t":"BE58"},"96C":{"t":"BE35"},"96D":{"t":"C182"},"971":{"t":"C182"},"978":{"t":"BALL"},"97B":{"t":"BALL"},"97E":{"desc":"L1P"},"97F":{"t":"C170"},"981":{"t":"C180"},"983":{"t":"M5"},"984":{"desc":"L1P"},"985":{"t":"C182"},"986":{"desc":"L1P"},"989":{"t":"CH7A"},"98A":{"t":"C180"},"98C":{"t":"PA24"},"98D":{"t":"BALL"},"98E":{"t":"BALL"},"98F":{"t":"BE55"},"991":{"t":"GLID"},"992":{"t":"BE55"},"993":{"desc":"L1P"},"999":{"desc":"L1P"},"99A":{"t":"BALL"},"9A0":{"t":"R22"},"9A1":{"t":"B47G"},"9A3":{"t":"A319"},"9A4":{"t":"BALL"},"9A5":{"desc":"L1P"},"9A6":{"t":"AR11"},"9A7":{"t":"T206"},"9A8":{"t":"C182"},"9AA":{"t":"P28A"},"9AC":{"t":"CH7A"},"9AF":{"t":"PA24"},"9B0":{"t":"BE55"},"9B4":{"t":"O1"},"9B6":{"t":"P28B"},"9B8":{"t":"T28"},"9B9":{"t":"BALL"},"9BC":{"t":"C172"},"9BD":{"t":"PA27"},"9C5":{"t":"C170"},"9C6":{"desc":"L1P"},"9C7":{"t":"A319"},"9C8":{"t":"PA22"},"9CB":{"t":"C182"},"9CD":{"t":"P28A"},"9D0":{"t":"T210"},"9D2":{"t":"PA24"},"9D5":{"desc":"L1P"},"9D8":{"t":"BE33"},"9E2":{"desc":"L2P"},"9E3":{"t":"BALL"},"9E7":{"desc":"L1P"},"9E8":{"t":"C170"},"9EA":{"t":"C172"},"9EC":{"t":"M5"},"9ED":{"t":"P28A"},"9EE":{"t":"C182"},"9EF":{"t":"C172"},"9F1":{"desc":"L2P"},"9F3":{"desc":"L1P"},"9F9":{"t":"C182"},"9FA":{"desc":"L1P"},"9FC":{"t":"P28B"},"9FD":{"t":"C182"},"9FE":{"t":"BALL"},"A00":{"t":"H269"},"A01":{"t":"H269"},"A04":{"desc":"H1P"},"A05":{"desc":"L1P"},"A09":{"t":"ULAC"},"A0D":{"t":"C180"},"A0E":{"t":"PA22"},"A13":{"t":"P28A"},"A14":{"t":"PA32"},"A16":{"t":"C180"},"A17":{"t":"BALL"},"A18":{"t":"PA24"},"A1B":{"t":"BE35"},"A20":{"t":"C182"},"A23":{"desc":"L1P","t":"ULAC"},"A2B":{"t":"ULAC"},"A2C":{"t":"PA32"},"A2F":{"t":"CH7A"},"A32":{"t":"M5"},"A33":{"t":"A319"},"A38":{"t":"CH7B"},"A39":{"t":"C180"},"A3B":{"t":"PA24"},"A3C":{"t":"BALL"},"A3D":{"t":"BE9L"},"A3E":{"t":"BE35"},"A41":{"t":"BE55"},"A42":{"t":"C172"},"A43":{"t":"C182"},"A44":{"t":"PA18"},"A45":{"t":"BALL"},"A46":{"desc":"L1P"},"A49":{"desc":"L1P"},"A50":{"t":"TAYB"},"A52":{"t":"A321"},"A58":{"t":"CL60"},"A5E":{"t":"B738"},"A61":{"t":"B744"},"A62":{"t":"GLF5"},"A63":{"t":"BE36"},"A69":{"t":"C172"},"A6A":{"t":"B47G"},"A6B":{"t":"B06"},"A6C":{"desc":"L1P"},"A71":{"t":"GLID"},"A76":{"t":"R66"},"A83":{"t":"S108"},"A84":{"t":"C402"},"A85":{"t":"BALL"},"A87":{"t":"SR20"},"A89":{"t":"AS50"},"A8F":{"desc":"L1P"},"A91":{"t":"C172"},"A94":{"t":"FA50"},"A95":{"t":"DV20"},"A98":{"t":"BALL"},"A9C":{"t":"ASTR"},"A9E":{"desc":"L1P"},"AA1":{"t":"MD88"},"AA6":{"t":"BE20"},"AA8":{"desc":"L2J"},"AA9":{"t":"B739"},"AAA":{"t":"C208"},"AAC":{"desc":"L1P"},"AAD":{"t":"M20P"},"AB6":{"t":"CRJ9"},"ABA":{"t":"P28A"},"AC2":{"t":"RV12"},"AC3":{"desc":"L1P"},"AC9":{"t":"CRJ2"},"ACB":{"t":"F900"},"AD1":{"t":"P28A"},"AD2":{"t":"B752"},"AD3":{"t":"C208"},"AD7":{"t":"CRJ9"},"ADC":{"desc":"H4E"},"AE4":{"desc":"L2T"},"AE7":{"t":"GLF4"},"AEB":{"desc":"L2P"},"AF8":{"t":"F2TH"},"AFC":{"t":"C525"},"B00":{"t":"WACO"},"B15":{"t":"PA32"},"B19":{"t":"B350"},"B1B":{"t":"A321"},"B1D":{"t":"C421"},"B1F":{"desc":"H4E"},"B25":{"desc":"L1P"},"B27":{"t":"C510"},"B29":{"desc":"H1P"},"B2B":{"t":"HDJT"},"B2F":{"desc":"H4E"},"B33":{"t":"T206"},"B34":{"t":"GLID"},"B35":{"t":"R22"},"B38":{"desc":"L1P"},"B42":{"desc":"L1P"},"B43":{"t":"C150"},"B44":{"t":"PA22"},"B4C":{"desc":"L1P","t":"ULAC"},"B60":{"desc":"H1E"},"B65":{"t":"TBM7"},"B67":{"t":"C25B"},"B68":{"t":"U21"},"B6C":{"t":"B407"},"B76":{"t":"PRM1"},"B7E":{"desc":"L2J"},"B7F":{"desc":"L1P"},"B87":{"desc":"L2J","t":"A20N"},"B88":{"t":"BE20"},"B8A":{"t":"B738"},"B8E":{"t":"C172"},"B97":{"desc":"L1T"},"B99":{"desc":"L1J"},"B9F":{"t":"PC12"},"BA4":{"t":"PC12"},"BA7":{"t":"SR20"},"BA8":{"desc":"H4E"},"BC0":{"t":"C750"},"BC2":{"desc":"L1P"},"BCC":{"t":"SR22"},"BD4":{"t":"SR22"},"BDA":{"desc":"L2T"},"BDC":{"t":"RV12"},"BDD":{"t":"A109"},"BE2":{"t":"C152"},"BE4":{"desc":"L2T"},"BE5":{"desc":"L1P"},"BE7":{"t":"B06"},"BE9":{"desc":"H2T"},"BEC":{"desc":"L1P","t":"ULAC"},"BED":{"t":"PC12"},"BF2":{"t":"HA4T"},"BF6":{"t":"CRJ2"},"BFD":{"t":"CL30"},"C0C":{"desc":"H4E"},"C0F":{"t":"BE20"},"C14":{"desc":"H4E"},"C21":{"t":"C750"},"C24":{"t":"P28A"},"C28":{"desc":"L1E"},"C2C":{"t":"BE36"},"C2D":{"desc":"L1E"},"C45":{"t":"P28B"},"C52":{"t":"B737"},"C57":{"desc":"L1P"},"C5F":{"t":"H60"},"C67":{"t":"CRJ9"},"C77":{"desc":"L1P"},"C90":{"desc":"L1P"},"C91":{"desc":"L1P"},"CAA":{"t":"C170"},"CAF":{"desc":"L1P"},"CB1":{"t":"ST75"},"CB2":{"t":"P28A"},"CB4":{"t":"CH7B"},"CB7":{"t":"PA24"},"CB9":{"t":"C185"},"CBB":{"t":"C182"},"CBC":{"t":"PA22"},"CBD":{"desc":"L2P"},"CC0":{"desc":"L1P"},"CC1":{"desc":"H1P"},"CC2":{"t":"BALL"},"CC3":{"t":"B06"},"CC4":{"t":"GC1"},"CC7":{"t":"GC1"},"CC8":{"desc":"L1P","t":"ULAC"},"CC9":{"t":"B06"},"CCB":{"desc":"L1P"},"CCC":{"desc":"L1P"},"CCD":{"t":"C170"},"CCE":{"t":"CH7A"},"CD1":{"t":"AR11"},"CD2":{"desc":"L1P"},"CD5":{"t":"P28A"},"CD6":{"t":"S108"},"CD7":{"t":"CH7B"},"CDB":{"t":"BE55"},"CDC":{"t":"BALL"},"CDF":{"t":"C182"},"CE6":{"desc":"L1P"},"CE8":{"t":"BALL"},"CEB":{"t":"GC1"},"CED":{"t":"GC1"},"CEE":{"t":"AT5T"},"CEF":{"desc":"L1P"},"CF0":{"t":"C170"},"CF1":{"t":"CH7A"},"CF2":{"t":"C82R"},"CF5":{"desc":"H1P"},"CF7":{"t":"ULAC"},"CF8":{"t":"BALL"},"CFA":{"t":"CH7B"},"CFB":{"t":"C210"},"CFC":{"desc":"L1P","t":"ULAC"},"D01":{"t":"AT3T"},"D05":{"t":"C182"},"D06":{"t":"ULAC"},"D09":{"t":"GC1"},"D0A":{"t":"C206"},"D0B":{"t":"GC1"},"D0D":{"t":"GC1"},"D0E":{"t":"B06"},"D13":{"t":"C170"},"D15":{"t":"C180"},"D17":{"t":"AR11"},"D18":{"t":"BE33"},"D19":{"t":"C182"},"D1A":{"t":"ULAC"},"D1B":{"t":"P28A"},"D1C":{"t":"S108"},"D1D":{"t":"CH7B"},"D1E":{"t":"C182"},"D1F":{"t":"AT3T"},"D20":{"t":"PA24"},"D21":{"t":"BE35"},"D23":{"t":"BE33"},"D26":{"t":"BE55"},"D2C":{"desc":"L1P"},"D2E":{"t":"GC1"},"D2F":{"desc":"L1P"},"D30":{"t":"B06"},"D33":{"t":"P51"},"D34":{"t":"AEST"},"D38":{"t":"C180"},"D3A":{"t":"M5"},"D3B":{"t":"H500"},"D3C":{"t":"C182"},"D3D":{"desc":"L1P","t":"ULAC"},"D3E":{"t":"P28A"},"D3F":{"t":"S108"},"D43":{"t":"PA24"},"D44":{"desc":"L1P"},"D46":{"t":"BE35"},"D49":{"t":"BE36"},"D4B":{"t":"C182"},"D4E":{"desc":"L1P"},"D4F":{"t":"GC1"},"D51":{"desc":"L1P"},"D54":{"t":"PA27"},"D55":{"t":"GC1"},"D57":{"t":"AEST"},"D5A":{"t":"CH7A"},"D5D":{"t":"AR11"},"D5E":{"t":"ULAC"},"D5F":{"t":"C182"},"D61":{"t":"P28A"},"D64":{"t":"ULAC"},"D66":{"t":"ULAC"},"D67":{"t":"BE33"},"D69":{"t":"BE55"},"D6A":{"desc":"L1J"},"D70":{"t":"T6"},"D73":{"t":"GC1"},"D75":{"desc":"L1P"},"D76":{"t":"GC1"},"D77":{"t":"GC1"},"D79":{"t":"P51"},"D7C":{"t":"BALL"},"D7D":{"t":"C182"},"D7E":{"desc":"L1P"},"D7F":{"t":"PA22"},"D80":{"t":"AR11"},"D82":{"desc":"L1P"},"D84":{"t":"P28A"},"D85":{"t":"P28A"},"D86":{"t":"CH7B"},"D87":{"t":"C210"},"D88":{"t":"R22"},"D8B":{"t":"C82T"},"D8D":{"desc":"L1P"},"D8F":{"t":"BE36"},"D91":{"t":"C182"},"D95":{"t":"GC1"},"D97":{"t":"GC1"},"DA3":{"t":"AR11"},"DA5":{"t":"BALL"},"DA7":{"t":"P28A"},"DA8":{"t":"S108"},"DAA":{"t":"C180"},"DAB":{"t":"AT8T"},"DAC":{"t":"PA24"},"DB1":{"t":"BALL"},"DB3":{"desc":"L1P"},"DB4":{"t":"C182"},"DB8":{"t":"GC1"},"DBA":{"t":"GC1"},"DBD":{"t":"GC1"},"DC1":{"desc":"L1P"},"DC3":{"t":"CH7A"},"DC4":{"t":"C180"},"DC5":{"t":"PA22"},"DC7":{"desc":"L1P"},"DC9":{"t":"C172"},"DCB":{"t":"P28A"},"DCD":{"t":"BALL"},"DCE":{"desc":"L2P"},"DCF":{"desc":"L1P"},"DD1":{"desc":"L1P"},"DD2":{"t":"BE55"},"DD8":{"desc":"L1P"},"DD9":{"t":"BALL"},"DDC":{"t":"GC1"},"DDD":{"t":"GC1"},"DDE":{"desc":"H1P"},"DDF":{"desc":"L1P"},"DE0":{"t":"GC1"},"DE1":{"t":"GC1"},"DE3":{"desc":"H1P"},"DE5":{"t":"BALL"},"DE6":{"t":"CH7A"},"DE7":{"t":"C82R"},"DE9":{"t":"M5"},"DEC":{"t":"ST75"},"DED":{"t":"BALL"},"DEE":{"t":"S108"},"DEF":{"t":"CH7A"},"DF1":{"desc":"L1P"},"DF4":{"t":"ST75"},"DF6":{"t":"C182"},"DF7":{"desc":"L1P"},"DF8":{"t":"BE36"},"DFA":{"t":"C182"},"DFC":{"t":"T28"},"DFE":{"t":"C182"},"DFF":{"t":"GC1"},"E00":{"desc":"L1P"},"E01":{"t":"GC1"},"E02":{"t":"GC1"},"E03":{"desc":"L1P"},"E04":{"t":"BALL"},"E06":{"t":"BALL"},"E08":{"desc":"L1T"},"E09":{"t":"A321"},"E0D":{"t":"SF34"},"E0E":{"desc":"H2T"},"E12":{"desc":"L1P"},"E14":{"t":"B737"},"E15":{"t":"B738"},"E18":{"t":"B744"},"E1A":{"t":"BE36"},"E20":{"t":"DA40"},"E21":{"desc":"L1P"},"E22":{"t":"B06"},"E23":{"t":"C550"},"E24":{"t":"C421"},"E27":{"desc":"L1P"},"E28":{"t":"GLID"},"E2C":{"t":"SR22"},"E2F":{"t":"C180"},"E32":{"t":"BALL"},"E36":{"t":"H25B"},"E3D":{"desc":"A1P","t":"PA18"},"E3E":{"t":"SR22"},"E3F":{"t":"DC93"},"E40":{"t":"AS50"},"E41":{"t":"S22T"},"E42":{"t":"S61"},"E46":{"t":"B230"},"E48":{"t":"C172"},"E4A":{"t":"T206"},"E4C":{"t":"DV20"},"E4F":{"t":"AT8T"},"E55":{"desc":"L1P"},"E56":{"desc":"L1P"},"E58":{"t":"MD88"},"E5A":{"t":"BE20"},"E5C":{"t":"BE9L"},"E5D":{"t":"BE9L"},"E5E":{"t":"MD88"},"E5F":{"desc":"L2J"},"E60":{"t":"B739"},"E63":{"t":"C172"},"E64":{"t":"GLF6"},"E68":{"desc":"A1P"},"E6D":{"t":"TBM7"},"E74":{"t":"JS31"},"E79":{"t":"RV12"},"E7C":{"t":"DA42"},"E80":{"t":"CRJ2"},"E8A":{"t":"C208"},"E8E":{"t":"CRJ9"},"E90":{"t":"E35L"},"E9E":{"t":"GLF5"},"EA2":{"desc":"L2P"},"EA5":{"t":"BALL"},"EAF":{"t":"C240"},"EB0":{"t":"BE9L"},"EB3":{"t":"C525"},"EB7":{"t":"BE9L"},"EB9":{"t":"BE9L"},"EBB":{"t":"LJ45"},"EC3":{"desc":"H2T"},"EC8":{"t":"M20P"},"ED2":{"t":"BL8"},"ED4":{"t":"T206"},"EDA":{"t":"CL60"},"EDC":{"desc":"L1P"},"EDE":{"t":"S22T"},"EE6":{"desc":"H6E"},"EE7":{"t":"GLF5"},"EF2":{"desc":"L1P"},"EF3":{"desc":"L1P"},"EFA":{"t":"BE9L"},"EFE":{"desc":"L1P"},"F04":{"t":"BALL"},"F0E":{"t":"SR22"},"F12":{"t":"C560"},"F1C":{"t":"C550"},"F1E":{"t":"B350"},"F23":{"t":"AT8T"},"F27":{"t":"M20P"},"F2C":{"desc":"L1P"},"F30":{"t":"BE9L"},"F35":{"desc":"L2J"},"F36":{"t":"F900"},"F3E":{"desc":"L2J","t":"A20N"},"F40":{"desc":"H2T"},"F41":{"t":"B738"},"F4D":{"t":"BE9L"},"F4F":{"t":"BE9L"},"F50":{"t":"GLID"},"F59":{"t":"M5"},"F70":{"desc":"L1P"},"F7F":{"t":"GLID"},"F80":{"t":"C172"},"F81":{"t":"BE9L"},"F88":{"desc":"L1P"},"F8F":{"desc":"H8E"},"F91":{"desc":"L2T"},"F93":{"desc":"L1P"},"F94":{"t":"GLID"},"F98":{"desc":"H4E"},"F9A":{"desc":"H4E"},"F9B":{"t":"PA31"},"F9E":{"t":"B06"},"FA0":{"t":"BE20"},"FA1":{"t":"C550"},"FA3":{"t":"P28B"},"FAA":{"t":"SR22"},"FAD":{"t":"C172"},"FB1":{"t":"BE55"},"FB2":{"t":"EN28"},"FB4":{"t":"GLF4"},"FB7":{"t":"F2TH"},"FB9":{"t":"BE9L"},"FBD":{"t":"PA46"},"FC2":{"t":"GLF4"},"FC7":{"t":"C750"},"FCA":{"t":"PA18"},"FCB":{"desc":"L1P"},"FD8":{"t":"C750"},"FE4":{"desc":"L1E"},"FE5":{"desc":"H2T"},"FFD":{"t":"C152"}}