{"008":{"desc":"H2T"},"009":{"t":"B737"},"00A":{"desc":"L1P"},"00C":{"t":"P32R"},"00D":{"desc":"L1P"},"018":{"desc":"L1P"},"01E":{"t":"CRJ9"},"02A":{"desc":"L1P"},"038":{"t":"R44"},"03C":{"t":"F900"},"061":{"t":"BALL"},"063":{"t":"C82R"},"065":{"desc":"L1P"},"067":{"t":"BE50"},"068":{"t":"ST75"},"069":{"t":"P28A"},"06A":{"t":"P28A"},"06C":{"t":"BALL"},"06D":{"desc":"L1P"},"06E":{"desc":"L1P"},"06F":{"desc":"L2P"},"071":{"t":"GLID"},"074":{"desc":"L1P","t":"ULAC"},"076":{"t":"C182"},"078":{"desc":"L1P"},"07A":{"t":"G164"},"07C":{"desc":"L1P"},"07D":{"t":"C172"},"082":{"desc":"L1P"},"083":{"t":"GLID"},"084":{"t":"BALL"},"085":{"t":"BALL"},"086":{"t":"BE35"},"087":{"t":"PA22"},"088":{"t":"M5"},"08A":{"t":"G164"},"08B":{"desc":"L1P"},"08D":{"t":"S108"},"08E":{"t":"BALL"},"08F":{"t":"G164"},"093":{"t":"ST75"},"094":{"t":"BE35"},"097":{"t":"BE33"},"098":{"t":"BALL"},"09A":{"desc":"L1P"},"0A1":{"t":"BALL"},"0A4":{"desc":"L1P"},"0A5":{"t":"C172"},"0A8":{"t":"CH7A"},"0AA":{"t":"PA22"},"0AD":{"desc":"L1P"},"0AE":{"t":"C172"},"0AF":{"t":"P28A"},"0B0":{"desc":"A1P"},"0B3":{"t":"RC3"},"0B4":{"t":"PA24"},"0B5":{"t":"C172"},"0B7":{"t":"BE35"},"0B8":{"t":"C182"},"0BB":{"t":"BE36"},"0BC":{"desc":"A1P"},"0BD":{"t":"PA18"},"0BE":{"t":"BALL"},"0C1":{"desc":"L1T"},"0C3":{"t":"UH12"},"0C4":{"t":"CH7A"},"0C5":{"desc":"L1P"},"0C6":{"t":"BALL"},"0CA":{"desc":"L1P"},"0CB":{"t":"CH7A"},"0CC":{"t":"C180"},"0D0":{"desc":"L1P","t":"ULAC"},"0D1":{"t":"C172"},"0D2":{"t":"P28A"},"0D8":{"desc":"L1P"},"0D9":{"t":"T34P"},"0DA":{"t":"J3"},"0DB":{"desc":"H1P"},"0DD":{"t":"BALL"},"0DE":{"t":"P28B"},"0E1":{"t":"BALL"},"0E2":{"t":"AT6T"},"0E4":{"t":"C150"},"0E5":{"t":"CH7A"},"0E7":{"t":"L8"},"0E9":{"t":"AR11"},"0EA":{"t":"ULAC"},"0ED":{"t":"BALL"},"0F0":{"t":"PA18"},"0F1":{"t":"AR11"},"0F2":{"t":"P28A"},"0F5":{"t":"BALL"},"0F6":{"t":"S108"},"0F7":{"t":"CH7B"},"0F8":{"t":"C180"},"0FB":{"t":"BALL"},"0FC":{"t":"GLID"},"0FD":{"t":"BE35"},"0FE":{"desc":"H1P"},"100":{"t":"BE58"},"109":{"t":"BALL"},"10D":{"t":"BALL"},"10E":{"t":"BALL"},"111":{"t":"C172"},"113":{"t":"PA22"},"114":{"t":"AR11"},"116":{"t":"C182"},"118":{"t":"P28A"},"119":{"t":"P28A"},"11A":{"t":"CH7B"},"11B":{"t":"C182"},"11D":{"t":"BALL"},"11E":{"t":"BE36"},"11F":{"t":"J3"},"120":{"t":"TAYD"},"121":{"desc":"H1P"},"122":{"desc":"L1P"},"124":{"t":"P28B"},"127":{"desc":"L1P"},"128":{"t":"R22"},"12D":{"desc":"L1P"},"12F":{"t":"UH12"},"131":{"desc":"L1P"},"133":{"t":"BALL"},"135":{"t":"C180"},"137":{"desc":"L1P"},"138":{"t":"T210"},"13C":{"t":"S108"},"13D":{"t":"J3"},"13E":{"t":"PA18"},"142":{"t":"PA12"},"143":{"t":"BE33"},"145":{"t":"BALL"},"146":{"t":"ST75"},"147":{"t":"P28B"},"149":{"t":"ST75"},"14B":{"t":"BE18"},"14D":{"desc":"L1P"},"151":{"t":"BALL"},"154":{"desc":"L1P"},"157":{"t":"CH7A"},"158":{"t":"B06"},"159":{"t":"PA22"},"15B":{"desc":"L1P"},"15C":{"t":"C150"},"15E":{"t":"P28A"},"160":{"t":"CH7B"},"161":{"t":"C180"},"164":{"t":"BALL"},"16B":{"t":"C182"},"16C":{"t":"PA18"},"172":{"desc":"H1P"},"176":{"desc":"L1P"},"178":{"desc":"L1P"},"179":{"t":"C170"},"17A":{"t":"CH7A"},"17D":{"t":"AR11"},"180":{"t":"C172"},"181":{"t":"P28A"},"182":{"t":"C510"},"184":{"t":"C180"},"187":{"t":"BE35"},"189":{"t":"BE35"},"18A":{"t":"C182"},"18B":{"t":"GLID"},"18E":{"t":"C182"},"193":{"t":"BALL"},"194":{"t":"UH12"},"195":{"desc":"L1P"},"198":{"t":"UH12"},"19B":{"desc":"L1P"},"19C":{"t":"BALL"},"19E":{"t":"C180"},"1A1":{"t":"CH7A"},"1A2":{"t":"C206"},"1A3":{"t":"C172"},"1A4":{"t":"AT6T"},"1A6":{"t":"CH7A"},"1A7":{"t":"C180"},"1AA":{"t":"BALL"},"1AD":{"t":"C182"},"1AE":{"t":"BALL"},"1AF":{"t":"GLID"},"1B0":{"t":"P28B"},"1B2":{"desc":"L1P"},"1B6":{"t":"GLID"},"1BA":{"t":"P32R"},"1C0":{"t":"BE58"},"1C3":{"desc":"L1P"},"1C9":{"t":"AC95"},"1CB":{"t":"DA40"},"1CC":{"t":"B738"},"1CD":{"desc":"H6E"},"1D1":{"t":"BE36"},"1D2":{"t":"A321"},"1D8":{"t":"F2TH"},"1DF":{"t":"GLID"},"1E0":{"t":"GLID"},"1E5":{"t":"S22T"},"1ED":{"t":"C210"},"1F1":{"t":"S108"},"1F2":{"t":"DA40"},"1F4":{"desc":"A1P","t":"PA18"},"1F7":{"t":"AS50"},"1F9":{"t":"S61"},"1FB":{"t":"LJ35"},"1FD":{"t":"PA46"},"1FF":{"t":"C172"},"209":{"desc":"L1P"},"20B":{"t":"MD90"},"20D":{"desc":"L1P"},"20F":{"t":"MD88"},"212":{"desc":"L2P"},"215":{"t":"MD88"},"216":{"desc":"L1J"},"217":{"t":"B739"},"21B":{"t":"P32R"},"21F":{"desc":"L1P"},"224":{"t":"CRJ9"},"22B":{"desc":"L1P","t":"ULAC"},"22F":{"t":"PA46"},"230":{"t":"BALL"},"237":{"t":"CRJ2"},"240":{"t":"B752"},"241":{"t":"C208"},"245":{"desc":"L3J","t":"F900"},"247":{"t":"E35L"},"24E":{"desc":"H1T"},"255":{"t":"G280"},"256":{"t":"GA5C"},"257":{"t":"ECHO"},"259":{"desc":"L2P"},"25B":{"desc":"L1P"},"263":{"t":"BE20"},"265":{"desc":"H4E"},"26A":{"t":"C525"},"27F":{"t":"R22"},"287":{"t":"CRJ9"},"288":{"t":"C82S"},"289":{"t":"A321"},"28E":{"t":"GLEX"},"28F":{"t":"E145"},"298":{"desc":"L1P"},"29D":{"desc":"H4E"},"2A0":{"t":"BL8"},"2A2":{"t":"H60"},"2AC":{"desc":"L1P"},"2B1":{"t":"C172"},"2BC":{"t":"C560"},"2BD":{"desc":"L2P"},"2C7":{"t":"GLF4"},"2CA":{"t":"BALL"},"2D2":{"t":"M20P"},"2D3":{"t":"M20P"},"2D4":{"t":"PA18"},"2D8":{"t":"B407"},"2DA":{"t":"C550"},"2E0":{"t":"CL60"},"2E4":{"t":"CL30"},"2EC":{"t":"B741"},"2EF":{"t":"BE20"},"2F5":{"desc":"L2J","t":"A20N"},"2F8":{"t":"B738"},"2FB":{"t":"BL8"},"2FE":{"desc":"H4E"},"302":{"t":"BE9L"},"305":{"t":"DA40"},"307":{"desc":"L1P"},"30C":{"t":"GLID"},"30D":{"t":"C208"},"314":{"desc":"L1P"},"31D":{"t":"BE33"},"321":{"desc":"H4E"},"33A":{"t":"S76"},"33C":{"desc":"H4E"},"340":{"desc":"L1P"},"341":{"t":"C25B"},"347":{"desc":"L1P"},"348":{"desc":"L2T"},"34A":{"desc":"L1P"},"34F":{"desc":"L1P","t":"ULAC"},"350":{"t":"CL60"},"352":{"desc":"L1P","t":"ULAC"},"353":{"desc":"H4E"},"354":{"t":"SR22"},"357":{"t":"BE20"},"35D":{"t":"B06"},"364":{"t":"CRJ2"},"365":{"desc":"L1P"},"368":{"t":"GLEX"},"36E":{"t":"F2TH"},"371":{"t":"PA31"},"38F":{"t":"C750"},"393":{"t":"C172"},"39A":{"t":"BE35"},"39B":{"desc":"L1E"},"3AA":{"t":"C750"},"3AC":{"t":"C172"},"3B4":{"t":"C172"},"3B7":{"desc":"A2P"},"3C1":{"t":"B06"},"3C5":{"t":"C172"},"3CF":{"desc":"L1P"},"3D5":{"t":"CRJ9"},"3DE":{"t":"C182"},"3E2":{"desc":"L1T"},"410":{"t":"C182"},"418":{"desc":"L1P","t":"ULAC"},"419":{"t":"CH7A"},"41A":{"desc":"L1P"},"41E":{"t":"C182"},"420":{"t":"P28A"},"421":{"t":"P28S"},"422":{"t":"CH7A"},"425":{"t":"PA24"},"428":{"t":"BE35"},"429":{"t":"T206"},"42C":{"t":"P28B"},"42D":{"t":"C182"},"430":{"t":"AEST"},"432":{"t":"BE18"},"438":{"t":"C172"},"439":{"t":"AEST"},"43E":{"t":"PA22"},"43F":{"t":"AR11"},"441":{"t":"C182"},"443":{"t":"P28A"},"444":{"t":"S108"},"446":{"t":"C180"},"447":{"t":"ST75"},"448":{"t":"PA24"},"449":{"t":"PA12"},"44E":{"t":"P28S"},"44F":{"t":"P28B"},"451":{"t":"BALL"},"452":{"desc":"L1P"},"45A":{"desc":"L1P"},"45D":{"desc":"L1P"},"45F":{"t":"CH7A"},"461":{"desc":"L1P"},"463":{"t":"H500"},"466":{"t":"P28A"},"468":{"t":"CH7B"},"469":{"t":"C180"},"46A":{"t":"BALL"},"46B":{"t":"PA24"},"46D":{"t":"BALL"},"476":{"desc":"H1P"},"479":{"t":"BALL"},"47A":{"desc":"L1P"},"47E":{"desc":"H1P"},"47F":{"desc":"H1P"},"481":{"t":"C170"},"482":{"t":"CH7A"},"483":{"t":"C82R"},"485":{"t":"L39"},"487":{"t":"BALL"},"488":{"t":"ST75"},"489":{"t":"P28A"},"48A":{"t":"PA34"},"48C":{"desc":"L1P"},"48E":{"t":"PA24"},"48F":{"t":"BE35"},"491":{"t":"AT3T"},"493":{"t":"R22"},"494":{"t":"M20P"},"496":{"t":"C182"},"497":{"desc":"L1P"},"498":{"t":"C180"},"49A":{"desc":"L1P"},"49C":{"t":"L8"},"4A1":{"t":"GLID"},"4A2":{"desc":"L1P"},"4A4":{"t":"BALL"},"4A5":{"t":"CH7A"},"4A6":{"t":"C82R"},"4A7":{"desc":"L1P"},"4A8":{"t":"AR11"},"4AB":{"t":"ST75"},"4AC":{"t":"P28A"},"4AF":{"t":"C180"},"4B0":{"t":"C182"},"4B4":{"t":"BE55"},"4B7":{"t":"BALL"},"4B8":{"desc":"L1P"},"4B9":{"t":"C182"},"4BB":{"t":"C195"},"4BC":{"desc":"L2P"},"4BF":{"t":"B47G"},"4C5":{"t":"BALL"},"4C6":{"desc":"L1P"},"4C9":{"t":"C82R"},"4CB":{"t":"AR11"},"4CE":{"t":"ST75"},"4CF":{"t":"J3"},"4D0":{"t":"S108"},"4D1":{"t":"CH7B"},"4D2":{"t":"C180"},"4D4":{"t":"PA24"},"4D5":{"t":"BALL"},"4D7":{"desc":"H4E"},"4DF":{"t":"BALL"},"4E1":{"t":"BE18"},"4E4":{"t":"BALL"},"4E5":{"t":"BALL"},"4E7":{"t":"C172"},"4E8":{"t":"C172"},"4EA":{"t":"C170"},"4EB":{"t":"CH7A"},"4ED":{"t":"BALL"},"4F0":{"t":"BALL"},"4F2":{"t":"P28A"},"4F3":{"t":"C172"},"4F4":{"desc":"L1P"},"4F5":{"t":"C210"},"4F7":{"t":"PA24"},"4F9":{"desc":"L4P"},"4FA":{"t":"BE36"},"4FB":{"t":"C182"},"4FD":{"t":"M20P"},"500":{"desc":"L1P"},"501":{"t":"BALL"},"508":{"desc":"L1P"},"509":{"desc":"L1P","t":"ULAC"},"50A":{"t":"BALL"},"50B":{"t":"PA18"},"50E":{"t":"BALL"},"513":{"desc":"L1P"},"514":{"t":"C172"},"515":{"t":"P28A"},"516":{"t":"S108"},"517":{"t":"CH7A"},"518":{"t":"C182"},"519":{"t":"C172"},"51A":{"t":"PA24"},"51B":{"t":"BE55"},"51D":{"t":"C210"},"51E":{"desc":"L1P"},"520":{"t":"M20P"},"521":{"t":"P28B"},"524":{"t":"GLID"},"52A":{"t":"BE35"},"52B":{"t":"L39"},"52D":{"desc":"H1P"},"530":{"desc":"L1P","t":"ULAC"},"531":{"t":"CH7A"},"533":{"t":"PA22"},"536":{"t":"PA18"},"538":{"t":"P28A"},"53A":{"t":"CH7B"},"53E":{"t":"BE58"},"540":{"t":"BE55"},"541":{"t":"C182"},"543":{"t":"M20P"},"544":{"desc":"L1P"},"545":{"t":"C182"},"546":{"t":"BALL"},"548":{"t":"UH12"},"54A":{"t":"C185"},"54C":{"t":"H269"},"54E":{"t":"H269"},"556":{"desc":"L1P"},"559":{"t":"C182"},"55C":{"desc":"L1P"},"55E":{"t":"C180"},"561":{"t":"R22"},"563":{"t":"BE9L"},"564":{"t":"C182"},"567":{"t":"AA5"},"568":{"t":"C182"},"56F":{"t":"C180"},"570":{"desc":"H1P"},"577":{"t":"A321"},"579":{"t":"C56X"},"57B":{"t":"E145"},"57C":{"desc":"H2T"},"583":{"t":"B738"},"584":{"desc":"L1P"},"586":{"desc":"H4E"},"587":{"t":"H25B"},"588":{"t":"B712"},"58E":{"t":"C152"},"58F":{"t":"BE35"},"596":{"t":"GLID"},"59A":{"t":"H25B"},"59D":{"t":"CL30"},"5A8":{"t":"S108"},"5AA":{"t":"BALL"},"5AB":{"desc":"A1P","t":"PA18"},"5AC":{"t":"SR22"},"5B0":{"t":"S61"},"5B3":{"t":"B773"},"5B6":{"t":"C172"},"5BD":{"desc":"L1P","t":"ULAC"},"5C4":{"t":"BE20"},"5C6":{"t":"MD88"},"5C7":{"desc":"L1P","t":"ULAC"},"5C8":{"t":"C82S"},"5CB":{"t":"C56X"},"5CE":{"t":"B739"},"5E7":{"t":"RV12"},"5EA":{"t":"DA42"},"5EB":{"desc":"L1P"},"5EE":{"t":"CRJ2"},"5F8":{"t":"C208"},"5FC":{"t":"CRJ9"},"5FE":{"t":"BE35"},"604":{"t":"GLF5"},"609":{"desc":"L2T"},"60C":{"t":"P28A"},"60E":{"t":"CL30"},"617":{"t":"EC45"},"618":{"desc":"L1P"},"61C":{"desc":"H4E"},"61D":{"desc":"L1P"},"61E":{"t":"HUSK"},"621":{"t":"C25B"},"625":{"t":"WACO"},"626":{"t":"DH8A"},"62B":{"t":"U21"},"640":{"t":"AA5"},"641":{"t":"GLF4"},"643":{"t":"BE33"},"64C":{"t":"ULAC"},"64E":{"t":"C172"},"64F":{"desc":"L1P"},"653":{"t":"GLEX"},"654":{"desc":"H4E"},"659":{"t":"E50P"},"65E":{"t":"ULAC"},"67B":{"t":"ULAC"},"681":{"desc":"L1P","t":"ULAC"},"685":{"t":"FDCT"},"68A":{"desc":"L1T"},"68B":{"t":"PA34"},"68C":{"t":"C25B"},"68D":{"t":"C172"},"68E":{"t":"B712"},"69A":{"t":"C550"},"6A3":{"desc":"L2J"},"6AC":{"desc":"L2J","t":"A20N"},"6AD":{"desc":"H6E"},"6AE":{"desc":"L1P"},"6AF":{"t":"B738"},"6B5":{"t":"C150"},"6BC":{"t":"DA40"},"6CC":{"t":"P28A"},"6D0":{"t":"GLID"},"6D4":{"t":"BE35"},"6DE":{"t":"PA34"},"6EE":{"t":"SF34"},"6F1":{"t":"SR22"},"6F2":{"desc":"H6E"},"6F4":{"desc":"L1P"},"6F8":{"desc":"H1P"},"6FD":{"t":"C525"},"6FE":{"t":"C210"},"701":{"desc":"L1P"},"708":{"t":"FA7X"},"709":{"desc":"L1P","t":"ULAC"},"70C":{"desc":"H4E"},"70D":{"desc":"L1P"},"70E":{"t":"EC45"},"711":{"desc":"L1P","t":"ULAC"},"714":{"t":"B06"},"718":{"t":"PC12"},"71B":{"t":"CRJ2"},"71F":{"t":"M20T"},"725":{"t":"FA7X"},"72B":{"t":"C182"},"72F":{"t":"LJ60"},"735":{"t":"C750"},"73A":{"t":"BALL"},"746":{"t":"BE58"},"751":{"t":"BE55"},"752":{"t":"BALL"},"763":{"desc":"L1P"},"76A":{"desc":"L1P"},"76B":{"t":"C172"},"76E":{"desc":"A2P"},"770":{"t":"P28A"},"774":{"t":"F900"},"776":{"desc":"H4E"},"777":{"t":"B737"},"77E":{"desc":"L1P"},"77F":{"desc":"L2T"},"784":{"t":"BALL"},"786":{"desc":"L1P"},"78C":{"t":"CRJ9"},"799":{"desc":"L1T"},"79E":{"t":"BALL"},"7B9":{"t":"BALL"},"7CF":{"t":"BALL"},"7D0":{"t":"CH7A"},"7D4":{"t":"T28"},"7D5":{"t":"C182"},"7D6":{"t":"C172"},"7D7":{"t":"P28A"},"7D8":{"t":"TAYD"},"7D9":{"t":"CH7B"},"7DA":{"t":"C182"},"7E3":{"t":"P28B"},"7E4":{"t":"C182"},"7E5":{"t":"BALL"},"7E6":{"t":"T6"},"7E8":{"t":"BALL"},"7E9":{"desc":"L1P"},"7EA":{"desc":"L1P"},"7EE":{"desc":"L1P"},"7EF":{"t":"AEST"},"7F5":{"t":"PA18"},"7FA":{"desc":"A1P"},"7FB":{"t":"J3"},"7FC":{"desc":"A2P"},"7FF":{"t":"PA24"},"801":{"t":"H269"},"802":{"t":"H269"},"803":{"desc":"H1P"},"804":{"desc":"H1P"},"805":{"t":"M20P"},"807":{"t":"C182"},"80C":{"t":"GLID"},"80E":{"t":"AT5T"},"812":{"t":"H269"},"815":{"t":"C170"},"818":{"t":"PA18"},"819":{"t":"M5"},"81B":{"desc":"L1P","t":"ULAC"},"81D":{"t":"P28A"},"81E":{"t":"P28A"},"81F":{"t":"CH7B"},"820":{"t":"C180"},"826":{"desc":"H1P"},"827":{"desc":"L1P"},"828":{"t":"M20P"},"829":{"t":"P28B"},"82A":{"t":"J3"},"82F":{"t":"BALL"},"830":{"desc":"L1P"},"838":{"t":"BALL"},"839":{"t":"CH7A"},"83B":{"t":"PA18"},"83C":{"t":"AR11"},"83E":{"desc":"L1P","t":"ULAC"},"840":{"t":"P28A"},"841":{"desc":"L1P"},"842":{"t":"UH12"},"843":{"t":"C402"},"845":{"t":"PA24"},"849":{"t":"GLID"},"84D":{"t":"C182"},"852":{"t":"BALL"},"85B":{"t":"BALL"},"85C":{"t":"CH7A"},"85F":{"t":"AR11"},"861":{"t":"C182"},"862":{"t":"BALL"},"863":{"t":"P28A"},"865":{"t":"CH7B"},"866":{"t":"BALL"},"86A":{"t":"NAVI"},"86B":{"t":"H269"},"86E":{"t":"M20P"},"86F":{"t":"P28B"},"870":{"t":"C182"},"872":{"t":"C180"},"876":{"t":"BALL"},"87B":{"desc":"L1P"},"87C":{"desc":"L1P"},"87E":{"t":"BALL"},"87F":{"desc":"L1P"},"880":{"t":"ULAC"},"881":{"t":"BALL"},"882":{"t":"M5"},"883":{"desc":"L1P"},"887":{"t":"S108"},"889":{"t":"C182"},"88A":{"desc":"L1P"},"88B":{"t":"PA24"},"88F":{"t":"C182"},"891":{"t":"M20P"},"892":{"t":"P28B"},"895":{"t":"T6"},"899":{"t":"J3"},"89F":{"t":"BE35"},"8A1":{"t":"BALL"},"8A3":{"t":"J3"},"8A5":{"t":"M5"},"8A6":{"desc":"L1P"},"8A8":{"t":"ST75"},"8A9":{"t":"ULAC"},"8AA":{"t":"BALL"},"8AB":{"t":"CH7A"},"8AC":{"t":"C182"},"8AD":{"t":"BALL"},"8AE":{"t":"BALL"},"8B0":{"t":"C82T"},"8B1":{"t":"BE36"},"8B2":{"t":"C182"},"8B5":{"t":"P28B"},"8B6":{"t":"C182"},"8C2":{"t":"R22"},"8C3":{"desc":"L1P"},"8C4":{"t":"BALL"},"8C7":{"t":"PA18"},"8C9":{"t":"BALL"},"8CC":{"t":"P28A"},"8CE":{"t":"CH7A"},"8D1":{"t":"PA24"},"8D2":{"t":"BE35"},"8D3":{"t":"BALL"},"8D4":{"desc":"L1P"},"8D5":{"t":"C182"},"8D9":{"t":"C182"},"8DA":{"t":"BALL"},"8DB":{"t":"T6"},"8DD":{"t":"O1"},"8E5":{"t":"AEST"},"8E7":{"t":"C170"},"8E8":{"t":"CH7A"},"8EA":{"t":"BALL"},"8EB":{"t":"AR11"},"8EE":{"t":"C172"},"8EF":{"t":"P28A"},"8F0":{"t":"S108"},"8F4":{"t":"BALL"},"8F5":{"t":"BE35"},"8F6":{"t":"C188"},"8F7":{"t":"R22"},"8FA":{"t":"M20P"},"8FC":{"t":"C182"},"901":{"desc":"L1P"},"902":{"desc":"L1P"},"904":{"desc":"L1P"},"906":{"t":"PA18"},"908":{"desc":"L1P"},"90A":{"t":"BALL"},"90B":{"t":"CH7A"},"90D":{"t":"BALL"},"90F":{"t":"R22"},"913":{"t":"S108"},"914":{"t":"CH7B"},"915":{"t":"C180"},"916":{"t":"BALL"},"917":{"t":"PA24"},"91A":{"t":"BALL"},"91D":{"t":"M20P"},"91E":{"t":"P28B"},"91F":{"t":"C182"},"920":{"t":"PA31"},"923":{"desc":"L1P"},"929":{"desc":"L1P"},"92A":{"desc":"L1P"},"92E":{"t":"A321"},"92F":{"desc":"L1P"},"932":{"t":"E145"},"937":{"t":"C185"},"938":{"t":"H269"},"939":{"t":"AS50"},"93A":{"t":"B738"},"93B":{"t":"AA5"},"93D":{"t":"T206"},"93E":{"desc":"L4J"},"942":{"desc":"L1T"},"947":{"t":"BALL"},"949":{"desc":"L1P"},"94D":{"t":"GLID"},"94E":{"t":"H500"},"954":{"t":"PA22"},"956":{"desc":"L1P"},"958":{"desc":"L1P"},"95F":{"t":"SR22"},"963":{"t":"SR22"},"964":{"t":"C185"},"965":{"desc":"L1P"},"967":{"t":"S61"},"96B":{"t":"PA18"},"96D":{"t":"C172"},"972":{"desc":"L1P"},"978":{"t":"S108"},"97A":{"t":"BE30"},"97B":{"desc":"L1P","t":"ULAC"},"97D":{"t":"MD88"},"97E":{"t":"C650"},"982":{"t":"C525"},"983":{"t":"MD88"},"984":{"desc":"L2J"},"985":{"t":"B739"},"986":{"t":"ASTR"},"988":{"t":"SR22"},"991":{"t":"PA12"},"992":{"t":"BALL"},"997":{"desc":"L2T"},"99C":{"t":"C172"},"99E":{"t":"RV12"},"9A5":{"t":"CRJ2"},"9A6":{"desc":"L1P"},"9AF":{"t":"C208"},"9B3":{"t":"CRJ9"},"9BB":{"t":"SR20"},"9C0":{"desc":"L2T"},"9C3":{"t":"BE20"},"9C5":{"desc":"A1P"},"9C6":{"desc":"L1P"},"9C7":{"desc":"L2P"},"9CF":{"t":"PA18"},"9D1":{"desc":"L1P"},"9D8":{"t":"C525"},"9D9":{"t":"GLEX"},"9DC":{"desc":"A1P"},"9DE":{"desc":"H1T"},"9EA":{"desc":"H1T"},"9F6":{"desc":"L1P"},"9F7":{"t":"A321"},"9F9":{"desc":"L1P"},"9FA":{"t":"BE40"},"A03":{"t":"BE20"},"A06":{"t":"R44"},"A0A":{"t":"C172"},"A0B":{"desc":"H4E"},"A0E":{"t":"GLID"},"A10":{"t":"BALL"},"A16":{"desc":"A1P"},"A23":{"desc":"L1T"},"A29":{"desc":"L1P"},"A2A":{"t":"PA18"},"A2E":{"t":"BALL"},"A30":{"t":"PA30"},"A33":{"t":"C185"},"A35":{"t":"C172"},"A38":{"desc":"L1P","t":"ULAC"},"A3C":{"t":"C525"},"A40":{"desc":"L1P"},"A41":{"t":"BALL"},"A43":{"t":"H25B"},"A44":{"t":"B407"},"A47":{"desc":"L1P"},"A49":{"desc":"L1P"},"A4B":{"desc":"L1P"},"A4C":{"t":"SR20"},"A56":{"desc":"L2J"},"A5A":{"desc":"L2J"},"A5B":{"t":"BALL"},"A63":{"desc":"L2J","t":"A20N"},"A66":{"t":"B738"},"A6C":{"desc":"H4E"},"A6E":{"desc":"L1P"},"A72":{"desc":"A1P"},"A73":{"desc":"A1T"},"A74":{"t":"C182"},"A7A":{"t":"GLEX"},"A7B":{"t":"H25B"},"A7C":{"desc":"L1P"},"A7D":{"t":"AS50"},"A7E":{"desc":"L1P"},"A80":{"desc":"L1P"},"A83":{"t":"P28A"},"A88":{"desc":"L1P"},"A8C":{"t":"BALL"},"AA4":{"t":"CH7A"},"AA5":{"t":"SF34"},"AA6":{"t":"R44"},"AAE":{"t":"C180"},"AB8":{"desc":"L1P"},"ABB":{"t":"T210"},"ABF":{"desc":"L1P"},"AC0":{"t":"PA18"},"AC3":{"t":"C25C"},"AC8":{"desc":"L1P","t":"ULAC"},"ACC":{"desc":"L1P"},"AD2":{"t":"CRJ2"},"AD8":{"desc":"A1P"},"AD9":{"t":"TAYB"},"ADE":{"t":"R22"},"ADF":{"t":"S22T"},"AE0":{"desc":"L1P"},"AE1":{"desc":"L1P"},"AE8":{"t":"C172"},"AEC":{"t":"C750"},"AF1":{"t":"BALL"},"AFD":{"desc":"L1P"},"B01":{"t":"PA18"},"B08":{"desc":"L1P"},"B0A":{"t":"BALL"},"B13":{"desc":"L2P"},"B19":{"t":"R44"},"B21":{"desc":"A1P"},"B22":{"t":"C172"},"B23":{"desc":"L1P"},"B24":{"t":"CL60"},"B27":{"t":"S22T"},"B29":{"t":"T206"},"B2B":{"t":"C182"},"B2C":{"t":"C525"},"B2D":{"t":"PA18"},"B2E":{"t":"B737"},"B31":{"t":"CL60"},"B32":{"t":"GL5T"},"B33":{"t":"C56X"},"B3B":{"t":"BALL"},"B3D":{"desc":"L1P"},"B43":{"t":"CRJ9"},"B45":{"t":"PA18"},"B50":{"desc":"L1T"},"B53":{"t":"PA18"},"B55":{"t":"C25A"},"B56":{"desc":"L1P"},"B5D":{"t":"R44"},"B6E":{"t":"BALL"},"B86":{"t":"C170"},"B87":{"t":"CH7A"},"B88":{"t":"J3"},"B89":{"t":"BALL"},"B8C":{"desc":"L1P"},"B8D":{"t":"GLID"},"B8E":{"t":"P28A"},"B8F":{"t":"S108"},"B91":{"t":"C182"},"B93":{"t":"PA24"},"B95":{"desc":"L1P"},"B96":{"t":"BE33"},"B99":{"t":"M20P"},"B9A":{"t":"P28B"},"B9B":{"t":"C182"},"B9F":{"t":"BALL"},"BA2":{"t":"AA5"},"BA8":{"desc":"L1P"},"BAA":{"t":"CH7A"},"BAB":{"t":"J3"},"BAC":{"t":"PA18"},"BAD":{"t":"M5"},"BAE":{"t":"BALL"},"BB0":{"desc":"H1P"},"BB1":{"desc":"H1P"},"BBD":{"t":"P28B"},"BC0":{"t":"AT3P"},"BC3":{"t":"BALL"},"BCA":{"t":"BALL"},"BCD":{"t":"CH7A"},"BCE":{"t":"CH7A"},"BD0":{"t":"M5"},"BD7":{"t":"C182"},"BD9":{"t":"BALL"},"BDC":{"t":"BE36"},"BDD":{"desc":"L1P","t":"ULAC"},"BDE":{"t":"C550"},"BE8":{"t":"UH12"},"BE9":{"t":"C310"},"BEB":{"desc":"A2P"},"BEF":{"t":"BALL"},"BF1":{"t":"J3"},"BF2":{"t":"PA18"},"BF3":{"t":"YK52"},"BF7":{"t":"P28A"},"BF9":{"t":"CH7A"},"C00":{"t":"C182"},"C02":{"t":"M20P"},"C03":{"t":"P28B"},"C04":{"t":"C182"},"C06":{"t":"BALL"},"C09":{"desc":"L1P"},"C13":{"t":"CH7A"},"C15":{"t":"R22"},"C16":{"t":"BALL"},"C18":{"t":"C182"},"C19":{"t":"AT5T"},"C1A":{"t":"P28A"},"C1C":{"t":"CH7A"},"C1D":{"t":"BALL"},"C1E":{"desc":"A2P"},"C1F":{"t":"PA24"},"C20":{"t":"BE36"},"C22":{"t":"BALL"},"C23":{"t":"C182"},"C24":{"desc":"A2P"},"C25":{"t":"M20P"},"C26":{"desc":"L2P"},"C27":{"t":"C182"},"C28":{"t":"BALL"},"C29":{"t":"BALL"},"C2D":{"t":"R22"},"C32":{"t":"R22"},"C35":{"t":"C170"},"C36":{"t":"CH7A"},"C39":{"t":"M5"},"C3D":{"t":"P28A"},"C3F":{"t":"CH7A"},"C40":{"t":"C182"},"C42":{"t":"PA24"},"C43":{"t":"BE35"},"C45":{"t":"ULAC"},"C48":{"t":"M20P"},"C49":{"desc":"L1P"},"C4C":{"t":"R22"},"C50":{"t":"BALL"},"C52":{"t":"BALL"},"C55":{"desc":"L1P"},"C56":{"t":"R22"},"C58":{"t":"C170"},"C59":{"t":"CH7A"},"C5A":{"t":"C82R"},"C5F":{"t":"M7"},"C60":{"t":"P28A"},"C61":{"t":"BALL"},"C63":{"t":"C180"},"C66":{"t":"BE36"},"C69":{"t":"GLID"},"C6B":{"t":"M20P"},"C6D":{"desc":"L1P"},"C70":{"desc":"H1P"},"C72":{"t":"BALL"},"C78":{"t":"ULAC"},"C79":{"t":"PA18"},"C7A":{"desc":"H1P"},"C7B":{"t":"C170"},"C7C":{"t":"CH7A"},"C7D":{"t":"C82R"},"C7E":{"t":"PA18"},"C7F":{"t":"AR11"},"C81":{"t":"BALL"},"C82":{"t":"ST75"},"C83":{"t":"P28A"},"C84":{"t":"P28A"},"C85":{"t":"CH7B"},"C86":{"desc":"L1P"},"C87":{"desc":"L1P"},"C88":{"t":"PA24"},"C8B":{"t":"BALL"},"C8C":{"t":"C182"},"C8D":{"t":"R22"},"C8E":{"t":"M20P"},"C90":{"t":"C182"},"C95":{"t":"AT3T"},"C97":{"desc":"L1P"},"C98":{"desc":"H1P"},"C9C":{"desc":"L1P","t":"ULAC"},"C9E":{"t":"BALL"},"CA1":{"t":"PA18"},"CA2":{"t":"AR11"},"CA3":{"t":"R22"},"CA4":{"t":"AT8T"},"CA6":{"t":"P28A"},"CA7":{"desc":"L1P"},"CA9":{"t":"C210"},"CB1":{"t":"M20P"},"CB2":{"t":"P28B"},"CB4":{"t":"PA18"},"CB5":{"t":"BALL"},"CB7":{"t":"R22"},"CB9":{"t":"R22"},"CBB":{"desc":"L1P"},"CBD":{"t":"BALL"},"CC0":{"desc":"L1P"},"CC1":{"t":"C170"},"CC4":{"t":"PA18"},"CC5":{"desc":"A1P"},"CC6":{"t":"BALL"},"CC7":{"t":"C182"},"CC8":{"t":"T210"},"CC9":{"t":"P28A"},"CCA":{"t":"S108"},"CCD":{"t":"R22"},"CCE":{"t":"PA24"},"CD0":{"desc":"L1P","t":"ULAC"},"CD2":{"desc":"L1P"},"CD3":{"t":"ULAC"},"CD4":{"t":"M20P"},"CD5":{"desc":"L1P","t":"ULAC"},"CD6":{"t":"C182"},"CD7":{"desc":"L1P"},"CD8":{"t":"B25"},"CDC":{"desc":"L1P"},"CDD":{"t":"BALL"},"CDE":{"desc":"L1P","t":"ULAC"},"CDF":{"t":"ULAC"},"CE0":{"t":"ULAC"},"CE3":{"t":"BE18"},"CE4":{"t":"P28A"},"CE5":{"t":"A321"},"CE9":{"t":"E145"},"CEA":{"t":"P28A"},"CF1":{"t":"B738"},"CF5":{"desc":"L4J"},"CF6":{"t":"BE36"},"CFD":{"t":"B47G"},"CFE":{"t":"BALL"},"D00":{"t":"B06"},"D04":{"t":"GLID"},"D08":{"desc":"L1P"},"D0B":{"t":"ULAC"},"D0E":{"t":"BE20"},"D0F":{"t":"GLID"},"D12":{"desc":"L1P","t":"ULAC"},"D16":{"t":"S108"},"D17":{"t":"F900"},"D18":{"t":"SR20"},"D19":{"t":"GLF4"},"D1A":{"t":"SR20"},"D1E":{"t":"S61"},"D20":{"t":"C340"},"D24":{"t":"C172"},"D2F":{"t":"S108"},"D31":{"t":"BE36"},"D32":{"t":"T206"},"D34":{"t":"MD88"},"D36":{"t":"CL60"},"D37":{"t":"GLF4"},"D39":{"t":"PA32"},"D3A":{"t":"MD88"},"D3C":{"t":"B739"},"D3F":{"desc":"L1P"},"D40":{"t":"DA40"},"D41":{"t":"S22T"},"D4D":{"t":"GLID"},"D55":{"t":"C206"},"D5C":{"t":"CRJ2"},"D5D":{"t":"RV12"},"D61":{"desc":"L1P"},"D62":{"t":"BALL"},"D66":{"t":"C208"},"D68":{"t":"C172"},"D6A":{"t":"CRJ9"},"D6C":{"t":"E135"},"D7E":{"desc":"L2P"},"D80":{"t":"B407"},"D83":{"t":"BALL"},"D88":{"t":"BALL"},"D94":{"t":"DH8A"},"D95":{"t":"BALL"},"DA1":{"t":"C182"},"DAC":{"t":"BE58"},"DAD":{"t":"BALL"},"DAE":{"t":"F900"},"DB0":{"desc":"L1P"},"DB1":{"t":"B721"},"DB6":{"t":"B737"},"DB8":{"desc":"L1P"},"DC5":{"t":"BE9L"},"DC7":{"desc":"H2T"},"DDF":{"t":"AT5T"},"DE0":{"desc":"L1P"},"DE7":{"t":"R66"},"DF8":{"t":"T206"},"DFA":{"t":"C182"},"DFC":{"t":"B712"},"E11":{"desc":"L2J"},"E14":{"t":"P28A"},"E1A":{"desc":"L2J","t":"A20N"},"E1D":{"t":"B738"},"E22":{"t":"M20T"},"E29":{"t":"BE36"},"E2C":{"t":"ULAC"},"E35":{"desc":"L1P"},"E39":{"t":"C525"},"E3A":{"t":"EC30"},"E43":{"t":"BALL"},"E45":{"desc":"L1P"},"E5C":{"t":"BALL"},"E66":{"desc":"L1P"},"E69":{"t":"SR22"},"E75":{"desc":"L1P"},"E76":{"t":"F900"},"E77":{"t":"C77R"},"E78":{"desc":"H1P"},"E79":{"t":"SR22"},"E7C":{"t":"EC45"},"E82":{"t":"B06"},"E89":{"t":"CRJ2"},"E8D":{"desc":"L1P"},"E90":{"t":"C82S"},"E93":{"t":"FA10"},"E99":{"desc":"L1P"},"E9F":{"t":"B350"},"EB4":{"t":"C750"},"EBF":{"t":"BE35"},"EC0":{"t":"C182"},"ECA":{"desc":"L2P"},"ED7":{"t":"GLF4"},"ED9":{"t":"C152"},"EDC":{"t":"PA18"},"EE5":{"t":"B737"},"EEA":{"t":"BE35"},"EF2":{"t":"BALL"},"EF4":{"t":"AR11"},"EFA":{"t":"CRJ9"},"EFF":{"desc":"L1P"},"F07":{"desc":"L1T"},"F1B":{"desc":"L1P"},"F25":{"desc":"H1T"},"F36":{"t":"SR22"},"F3D":{"t":"ULAC"},"F3E":{"t":"CH7A"},"F40":{"t":"PA18"},"F43":{"t":"ULAC"},"F44":{"t":"ST75"},"F47":{"t":"CH7B"},"F49":{"desc":"L2P"},"F4C":{"desc":"L1P","t":"ULAC"},"F4F":{"t":"ULAC"},"F52":{"t":"PA46"},"F53":{"t":"PA38"},"F54":{"t":"BALL"},"F57":{"t":"AT8T"},"F5E":{"t":"BALL"},"F61":{"t":"CH7A"},"F66":{"t":"C182"},"F67":{"t":"C172"},"F68":{"t":"P28A"},"F69":{"t":"S108"},"F6A":{"t":"CH7B"},"F6D":{"t":"PA24"},"F6E":{"t":"BE35"},"F73":{"t":"M20P"},"F74":{"t":"P28B"},"F75":{"t":"C182"},"F79":{"desc":"L1P","t":"ULAC"},"F83":{"t":"S76"},"F85":{"t":"AT5T"},"F86":{"t":"PA18"},"F88":{"t":"BALL"},"F8A":{"t":"ST75"},"F8C":{"t":"S108"},"F8D":{"t":"CH7A"},"F90":{"t":"PA24"},"F93":{"t":"BALL"},"F94":{"t":"C182"},"F95":{"t":"P28A"},"F98":{"desc":"L1P"},"F99":{"t":"BALL"},"F9F":{"desc":"L1P"},"FA0":{"t":"BALL"},"FA4":{"t":"P28A"},"FA6":{"t":"C170"},"FA7":{"t":"P28A"},"FA8":{"t":"BALL"},"FA9":{"t":"P28A"},"FAA":{"t":"AR11"},"FAD":{"t":"C188"},"FAE":{"t":"P28A"},"FAF":{"t":"P28A"},"FB0":{"t":"CH7B"},"FB2":{"t":"P28B"},"FB3":{"t":"PA24"},"FB4":{"t":"BE35"},"FB5":{"t":"C188"},"FB6":{"t":"BE58"},"FB8":{"t":"PA46"},"FBB":{"t":"C182"},"FBC":{"t":"BALL"},"FBD":{"t":"PA46"},"FC1":{"desc":"L1P"},"FC2":{"t":"C188"},"FC3":{"t":"B212"},"FC4":{"desc":"A1P"},"FC7":{"desc":"L1P"},"FC8":{"desc":"L1P"},"FCA":{"t":"CH7A"},"FCB":{"t":"CH7A"},"FCE":{"t":"C72R"},"FD2":{"t":"S108"},"FD4":{"t":"C180"},"FD5":{"t":"P28A"},"FD6":{"t":"PA24"},"FD7":{"t":"BE36"},"FDC":{"t":"M20P"},"FDE":{"t":"C182"},"FE1":{"t":"ST75"},"FE4":{"t":"BALL"},"FE6":{"t":"B212"},"FE7":{"t":"L13M"},"FED":{"t":"CH7A"},"FEE":{"desc":"A8E"},"FF0":{"t":"AR11"},"FF2":{"t":"C182"},"FF4":{"t":"P28A"},"FF5":{"t":"P28A"},"FF6":{"t":"CH7B"},"FF7":{"t":"C182"},"FF8":{"desc":"L1P","t":"ULAC"},"FFA":{"t":"C82S"},"FFB":{"desc":"L1P"}}