{"000":{"t":"PA22"},"004":{"t":"FA62"},"006":{"t":"P28A"},"007":{"t":"CH7A"},"009":{"t":"P32R"},"00D":{"t":"BE23"},"00F":{"t":"C150"},"010":{"t":"M20P"},"011":{"t":"P28B"},"012":{"t":"C182"},"015":{"t":"NAVI"},"016":{"t":"C182"},"01A":{"t":"NAVI"},"01E":{"t":"NAVI"},"01F":{"desc":"L1P"},"021":{"t":"C172"},"023":{"t":"M20P"},"024":{"t":"M5"},"025":{"t":"H500"},"028":{"t":"P28A"},"02A":{"t":"CH7B"},"02D":{"t":"PA24"},"030":{"t":"BE23"},"031":{"t":"PA18"},"032":{"t":"C150"},"033":{"t":"M20P"},"037":{"t":"M20P"},"039":{"t":"C182"},"03A":{"t":"NAVI"},"03C":{"t":"NAVI"},"03E":{"t":"NAVI"},"03F":{"t":"C182"},"044":{"t":"C172"},"045":{"t":"C150"},"047":{"t":"AR11"},"049":{"t":"C182"},"04B":{"t":"M20T"},"04D":{"t":"CH7A"},"04E":{"t":"PA46"},"050":{"t":"PA24"},"051":{"t":"PA46"},"052":{"desc":"L1P","t":"ULAC"},"053":{"t":"BE23"},"054":{"t":"PA18"},"055":{"t":"C150"},"056":{"t":"M20P"},"057":{"t":"P28B"},"058":{"t":"C182"},"059":{"t":"PA31"},"05B":{"t":"C182"},"05C":{"t":"NAVI"},"05E":{"t":"C172"},"05F":{"t":"NAVI"},"062":{"t":"NAVI"},"063":{"t":"M20P"},"066":{"t":"C170"},"067":{"t":"C172"},"06A":{"t":"M5"},"06C":{"t":"C182"},"06E":{"t":"P28A"},"070":{"desc":"L1P"},"073":{"desc":"L1P","t":"ULAC"},"074":{"desc":"L1P"},"076":{"desc":"L1J"},"078":{"t":"C150"},"079":{"t":"M20P"},"07E":{"t":"C182"},"07F":{"t":"NAVI"},"081":{"t":"NAVI"},"083":{"desc":"L1T"},"087":{"t":"NAVI"},"08A":{"t":"M20P"},"08B":{"t":"C180"},"08C":{"t":"PA22"},"08E":{"t":"GLID"},"08F":{"t":"C182"},"090":{"t":"BE17"},"092":{"t":"S108"},"093":{"t":"CH7B"},"095":{"desc":"L1P"},"096":{"t":"PA24"},"097":{"t":"BE36"},"098":{"desc":"L1P"},"099":{"t":"J3"},"09A":{"t":"PA18"},"09B":{"t":"C150"},"09D":{"t":"P28B"},"09E":{"t":"C182"},"0A0":{"desc":"L1P"},"0A1":{"t":"C182"},"0A2":{"t":"C182"},"0A3":{"t":"M20P"},"0A4":{"t":"NAVI"},"0A6":{"t":"NAVI"},"0AA":{"t":"C182"},"0AC":{"t":"B350"},"0AD":{"desc":"L1P"},"0B8":{"t":"C182"},"0B9":{"t":"B738"},"0BA":{"t":"C525"},"0BC":{"desc":"L1P"},"0BD":{"t":"PA18"},"0BE":{"t":"PA46"},"0BF":{"desc":"L4T"},"0C5":{"t":"B47G"},"0C6":{"t":"GLID"},"0C7":{"t":"C550"},"0C8":{"t":"F900"},"0C9":{"t":"LJ45"},"0CA":{"t":"LJ45"},"0CB":{"desc":"L1J"},"0D5":{"t":"AA1"},"0D6":{"t":"PA18"},"0D7":{"t":"TBM7"},"0DE":{"t":"GLF6"},"0DF":{"desc":"L1P"},"0E0":{"desc":"H1T","t":"S92"},"0E1":{"t":"P46T"},"0E2":{"t":"SR22"},"0E3":{"t":"BE33"},"0E4":{"t":"T206"},"0E8":{"t":"DC91"},"0EA":{"desc":"L1P"},"0EC":{"t":"C172"},"0EF":{"desc":"L1P"},"0F8":{"t":"DV20"},"0F9":{"desc":"L1T","t":"M600"},"0FA":{"t":"BE36"},"101":{"t":"P28A"},"102":{"t":"MD88"},"103":{"t":"SR22"},"104":{"t":"MD90"},"105":{"t":"GALX"},"10A":{"t":"B739"},"110":{"desc":"H8E"},"111":{"t":"BE40"},"11D":{"t":"RV12"},"121":{"t":"PA18"},"124":{"t":"CRJ2"},"129":{"desc":"L1J"},"12A":{"t":"C172"},"12D":{"t":"B752"},"131":{"t":"C68A"},"132":{"t":"CRJ9"},"13F":{"desc":"L2T"},"143":{"t":"GLF5"},"145":{"desc":"L1P"},"146":{"desc":"L2P"},"14B":{"t":"C177"},"14D":{"t":"GLEX"},"14E":{"t":"SR22"},"150":{"t":"C550"},"154":{"desc":"L2P"},"15C":{"desc":"L1J"},"15D":{"desc":"A1P"},"169":{"t":"CL30"},"16C":{"t":"C182"},"174":{"desc":"L1P"},"175":{"desc":"L1J"},"176":{"t":"AT8T"},"177":{"t":"FA7X"},"178":{"t":"F2TH"},"17A":{"t":"F900"},"17B":{"t":"PC12"},"189":{"desc":"L1P"},"18D":{"desc":"L1P"},"191":{"t":"AA5"},"1A0":{"desc":"L1J"},"1A2":{"t":"DC10"},"1A7":{"desc":"L1P","t":"ULAC"},"1A8":{"t":"BALL"},"1AB":{"t":"WW24"},"1AD":{"desc":"L1J"},"1AF":{"t":"E55P"},"1B2":{"t":"SR20"},"1B7":{"desc":"L1P"},"1BF":{"desc":"L1P"},"1C0":{"t":"C172"},"1C1":{"desc":"L1P"},"1C2":{"desc":"L1P"},"1CA":{"t":"F2TH"},"1CB":{"t":"E50P"},"1CD":{"t":"BE58"},"1D0":{"t":"GLF4"},"1D8":{"desc":"L1P"},"1D9":{"desc":"L2J"},"1E2":{"desc":"L2J","t":"A20N"},"1E5":{"t":"B738"},"1F1":{"t":"GLID"},"1F3":{"t":"RV12"},"1F4":{"t":"BE9L"},"1F5":{"t":"B429"},"1F7":{"desc":"L1P"},"1F8":{"t":"LJ60"},"1FE":{"t":"BALL"},"202":{"desc":"L1J"},"203":{"t":"ST75"},"223":{"t":"GLEX"},"225":{"desc":"L1P"},"226":{"desc":"L1P"},"231":{"t":"SR22"},"233":{"t":"BALL"},"234":{"desc":"L1J"},"235":{"t":"SR20"},"23C":{"t":"B06"},"23F":{"t":"LJ60"},"240":{"t":"BE35"},"241":{"t":"M20T"},"244":{"t":"BE20"},"245":{"t":"B06"},"246":{"desc":"L1P"},"247":{"t":"C25A"},"248":{"t":"ASTR"},"24A":{"desc":"L1P"},"24C":{"t":"SR22"},"24F":{"t":"B06"},"251":{"t":"CRJ2"},"255":{"t":"BE33"},"256":{"desc":"L2J"},"257":{"desc":"L1P"},"258":{"t":"P28A"},"260":{"t":"C560"},"261":{"desc":"L1P"},"263":{"t":"PAY1"},"265":{"t":"BE58"},"26C":{"desc":"L1P"},"26E":{"t":"EC35"},"278":{"t":"A139"},"27F":{"t":"DA40"},"285":{"t":"A321"},"288":{"desc":"L1P"},"28D":{"desc":"L1P"},"291":{"t":"PA18"},"29C":{"t":"GLID"},"29E":{"desc":"H6E"},"29F":{"t":"GLF4"},"2A0":{"t":"GLF4"},"2A1":{"t":"BE30"},"2A3":{"t":"T206"},"2A5":{"t":"C172"},"2A7":{"desc":"L1T"},"2A9":{"desc":"L1J"},"2AD":{"t":"B737"},"2AE":{"desc":"L1P"},"2B1":{"desc":"L1P"},"2B2":{"desc":"L1P"},"2B4":{"t":"GLID"},"2B5":{"t":"PC12"},"2B9":{"desc":"A1P"},"2BA":{"t":"B738"},"2C2":{"t":"CRJ9"},"2D2":{"desc":"L2P"},"2D4":{"t":"A139"},"2EB":{"t":"AS50"},"300":{"desc":"L1P"},"301":{"t":"C172"},"302":{"desc":"H6E"},"303":{"desc":"L1P","t":"ULAC"},"305":{"t":"C170"},"306":{"t":"C172"},"308":{"t":"PA22"},"30C":{"t":"M20T"},"30E":{"desc":"L1P","t":"ULAC"},"30F":{"t":"CH7B"},"310":{"desc":"L1P"},"311":{"desc":"L1P"},"312":{"t":"PA24"},"313":{"t":"BE33"},"314":{"t":"M20T"},"315":{"t":"BE23"},"318":{"t":"M20P"},"319":{"t":"P28B"},"31A":{"t":"PA46"},"31C":{"t":"M20P"},"31E":{"t":"NAVI"},"31F":{"t":"NAVI"},"322":{"t":"C182"},"324":{"t":"NAVI"},"32A":{"t":"C82R"},"32B":{"t":"PA22"},"32C":{"t":"AR11"},"32E":{"t":"C188"},"32F":{"t":"C172"},"330":{"t":"P28A"},"332":{"t":"CH7B"},"333":{"t":"C182"},"334":{"desc":"L1P"},"335":{"t":"PA24"},"336":{"t":"BE35"},"339":{"t":"C180"},"33A":{"t":"C82S"},"33B":{"t":"M20P"},"33E":{"desc":"L1P"},"33F":{"t":"M20P"},"340":{"t":"M20P"},"343":{"t":"NAVI"},"344":{"t":"NAVI"},"345":{"t":"NAVI"},"346":{"t":"M20P"},"347":{"t":"NAVI"},"348":{"t":"C182"},"34A":{"desc":"L1P"},"34B":{"t":"C170"},"34D":{"t":"C180"},"34F":{"t":"AR11"},"350":{"desc":"L1P"},"351":{"t":"C188"},"354":{"t":"S108"},"355":{"desc":"L1P"},"356":{"t":"C182"},"358":{"t":"PA24"},"35B":{"t":"BE23"},"35C":{"t":"GLID"},"35E":{"t":"PA46"},"360":{"t":"C182"},"361":{"t":"P28A"},"362":{"desc":"L2T","t":"BE18"},"363":{"t":"NAVI"},"364":{"t":"C182"},"365":{"t":"C182"},"366":{"t":"NAVI"},"369":{"t":"C182"},"36A":{"t":"M20T"},"36C":{"t":"ULAC"},"36F":{"t":"C172"},"370":{"t":"C82R"},"375":{"t":"C172"},"376":{"t":"P28A"},"377":{"t":"C180"},"378":{"desc":"L1P"},"37D":{"desc":"L1P"},"383":{"desc":"L1P"},"386":{"t":"C182"},"38A":{"t":"PA46"},"38E":{"t":"NAVI"},"38F":{"t":"BALL"},"391":{"t":"C170"},"396":{"t":"BALL"},"397":{"t":"C182"},"398":{"t":"PA12"},"399":{"t":"P28A"},"39B":{"t":"CH7A"},"39C":{"t":"P28A"},"39D":{"t":"PA46"},"3A1":{"t":"BE19"},"3A2":{"t":"PA18"},"3A3":{"t":"C150"},"3A4":{"t":"M20P"},"3A5":{"t":"P28B"},"3A6":{"t":"BALL"},"3A7":{"t":"BALL"},"3AB":{"t":"NAVI"},"3AC":{"t":"NAVI"},"3B1":{"t":"C182"},"3B2":{"t":"C182"},"3B3":{"t":"C182"},"3B6":{"t":"C180"},"3B8":{"t":"AR11"},"3B9":{"t":"BALL"},"3BA":{"t":"PA32"},"3BC":{"t":"P28A"},"3BD":{"t":"S108"},"3BE":{"t":"CH7A"},"3BF":{"t":"C182"},"3C4":{"t":"PA24"},"3C5":{"t":"BALL"},"3C6":{"t":"BALL"},"3C8":{"t":"P28B"},"3CB":{"t":"P28S"},"3CC":{"t":"NAVI"},"3CD":{"t":"C172"},"3CF":{"t":"C182"},"3D1":{"desc":"L1P","t":"ULAC"},"3D3":{"t":"NAVI"},"3D4":{"desc":"L1P","t":"ULAC"},"3D5":{"t":"C182"},"3D6":{"desc":"L1P"},"3D8":{"t":"BALL"},"3D9":{"t":"C180"},"3DA":{"t":"PA22"},"3DB":{"t":"M5"},"3DC":{"t":"H500"},"3DE":{"t":"C172"},"3DF":{"t":"P28A"},"3E0":{"t":"S108"},"3E1":{"t":"CH7A"},"3E2":{"t":"C182"},"3E3":{"t":"P32R"},"3E4":{"t":"PA24"},"3E5":{"t":"BALL"},"3F1":{"t":"NAVI"},"3F2":{"t":"B06"},"3F3":{"t":"BALL"},"3F5":{"t":"NAVI"},"3F6":{"t":"C182"},"3F7":{"t":"NAVI"},"3F9":{"desc":"L2P"},"3FA":{"t":"C170"},"3FB":{"t":"C172"},"3FC":{"t":"C180"},"3FD":{"t":"PA22"},"3FE":{"t":"M6"},"3FF":{"t":"H500"},"400":{"t":"C206"},"401":{"t":"C172"},"402":{"desc":"L1P"},"403":{"t":"CH7A"},"405":{"t":"C207"},"406":{"t":"BALL"},"407":{"t":"PA24"},"408":{"t":"BE36"},"40A":{"t":"BE23"},"40B":{"t":"C180"},"40D":{"t":"T206"},"40E":{"t":"P28B"},"40F":{"t":"C182"},"411":{"t":"BE33"},"412":{"t":"P28B"},"413":{"t":"C182"},"416":{"desc":"L1P"},"417":{"t":"C182"},"418":{"t":"NAVI"},"419":{"t":"T206"},"41A":{"desc":"L1P"},"41B":{"t":"C188"},"41C":{"desc":"L1P"},"41D":{"t":"C170"},"41F":{"t":"C82R"},"420":{"t":"J3"},"423":{"t":"C206"},"427":{"t":"BL8"},"428":{"t":"C182"},"429":{"t":"BALL"},"42A":{"t":"PA24"},"42B":{"t":"M20P"},"42C":{"t":"BALL"},"42D":{"t":"BE24"},"42F":{"t":"C150"},"430":{"t":"M20P"},"431":{"t":"P28B"},"433":{"desc":"L1P"},"434":{"t":"BALL"},"436":{"t":"NAVI"},"438":{"t":"NAVI"},"43C":{"t":"BALL"},"43D":{"t":"NAVI"},"43E":{"t":"C182"},"440":{"t":"AT3P"},"441":{"t":"C172"},"442":{"desc":"L1P"},"444":{"t":"M5"},"446":{"t":"BALL"},"447":{"t":"C172"},"44B":{"t":"C182"},"44C":{"t":"AT3P"},"44E":{"t":"BE33"},"450":{"t":"BE23"},"451":{"desc":"H4E"},"452":{"t":"C150"},"454":{"t":"P28B"},"455":{"t":"BE36"},"456":{"desc":"L1P"},"458":{"t":"C182"},"459":{"t":"C182"},"45A":{"t":"NAVI"},"45B":{"t":"C172"},"45C":{"t":"ULAC"},"45D":{"t":"C182"},"45E":{"t":"B407"},"461":{"t":"C182"},"466":{"desc":"H1P"},"468":{"t":"E145"},"469":{"t":"PC12"},"46D":{"desc":"L2J","t":"B39M"},"46F":{"t":"C525"},"470":{"t":"B738"},"473":{"t":"S22T"},"474":{"t":"P32R"},"475":{"t":"T6"},"477":{"t":"MD82"},"478":{"desc":"L1P"},"479":{"t":"B772"},"47C":{"t":"BE33"},"47D":{"desc":"L2J","t":"B38M"},"47F":{"desc":"L1P"},"483":{"t":"GLF3"},"488":{"t":"C240"},"48C":{"t":"ULAC"},"48D":{"t":"R44"},"490":{"t":"C421"},"495":{"t":"S108"},"496":{"t":"CRJ2"},"497":{"t":"S22T"},"498":{"t":"GLF4"},"49D":{"desc":"L1P","t":"ULAC"},"4A1":{"t":"T206"},"4A3":{"t":"C172"},"4A6":{"t":"BE35"},"4A7":{"t":"C182"},"4AB":{"desc":"L1P"},"4AF":{"t":"DV20"},"4B3":{"t":"MD88"},"4B4":{"desc":"H1P"},"4B6":{"t":"MD90"},"4BA":{"desc":"A1P"},"4BB":{"desc":"A1P"},"4C0":{"t":"S22T"},"4C1":{"t":"B739"},"4C3":{"t":"SR22"},"4C7":{"t":"GLF4"},"4C8":{"t":"TBM7"},"4C9":{"t":"C680"},"4CA":{"t":"EC45"},"4CB":{"t":"PA18"},"4CE":{"t":"LJ45"},"4D3":{"desc":"H4E"},"4D4":{"t":"RV12"},"4E1":{"t":"C172"},"4E3":{"t":"GLID"},"4E4":{"t":"B752"},"4E5":{"t":"C208"},"4E9":{"t":"CRJ9"},"4EC":{"t":"PAY1"},"4F6":{"desc":"L2T"},"4F9":{"t":"P28A"},"4FC":{"t":"Y18T"},"4FD":{"desc":"L2T"},"505":{"desc":"H4E"},"509":{"desc":"H6E"},"511":{"t":"GAZL"},"512":{"t":"CL30"},"513":{"desc":"L1P"},"516":{"t":"GLF3"},"51E":{"desc":"H4E"},"520":{"t":"P28A"},"523":{"desc":"H1P"},"524":{"t":"S22T"},"529":{"t":"HUSK"},"52A":{"desc":"L1P"},"52B":{"desc":"L1P"},"52D":{"desc":"L1P"},"52F":{"t":"S22T"},"533":{"desc":"L1P"},"535":{"desc":"L1P"},"536":{"t":"H25B"},"537":{"t":"F900"},"539":{"t":"SS2T"},"53C":{"desc":"L1P"},"540":{"t":"S22T"},"544":{"t":"SR22"},"546":{"desc":"H4E"},"549":{"desc":"H1P"},"54B":{"t":"T206"},"55D":{"t":"P32R"},"55E":{"desc":"L1P","t":"ULAC"},"55F":{"t":"F900"},"563":{"t":"C25C"},"566":{"t":"BALL"},"568":{"t":"GLF4"},"569":{"t":"GLID"},"56A":{"desc":"L1P"},"56B":{"t":"C525"},"571":{"t":"COL4"},"576":{"desc":"L1P"},"577":{"t":"P32R"},"578":{"desc":"L1P"},"57E":{"t":"BE33"},"57F":{"t":"F2TH"},"581":{"desc":"L1P"},"582":{"t":"BE9T"},"587":{"desc":"L1P"},"58A":{"t":"F900"},"58D":{"t":"C182"},"590":{"desc":"L2J"},"599":{"desc":"L2J","t":"A20N"},"59C":{"t":"B738"},"5A0":{"desc":"A1P"},"5A8":{"t":"PA18"},"5A9":{"t":"P28A"},"5AA":{"t":"SR22"},"5AC":{"t":"B429"},"5AF":{"t":"SR20"},"5B3":{"t":"BALL"},"5BA":{"t":"LJ45"},"5C1":{"t":"BE35"},"5C2":{"t":"SHIP"},"5DD":{"t":"R44"},"5E1":{"t":"T206"},"5EE":{"desc":"L1P"},"5F2":{"t":"C56X"},"5F3":{"t":"BE50"},"5F4":{"t":"BE9L"},"5F8":{"t":"SR22"},"5F9":{"t":"P46T"},"5FC":{"t":"GALX"},"5FE":{"desc":"L1P"},"5FF":{"t":"GLF5"},"601":{"t":"B430"},"608":{"t":"CRJ2"},"60C":{"t":"BE33"},"60D":{"t":"GLF6"},"60E":{"t":"GL5T"},"612":{"t":"PA12"},"613":{"desc":"H1T"},"614":{"t":"M20P"},"618":{"t":"Y18T"},"61A":{"t":"C182"},"61C":{"desc":"H2T"},"61E":{"t":"BE40"},"622":{"t":"C750"},"625":{"t":"C152"},"636":{"t":"A321"},"637":{"t":"ULAC"},"64F":{"t":"BE9L"},"650":{"t":"C172"},"658":{"t":"C510"},"659":{"t":"GLF5"},"65E":{"desc":"L1P"},"663":{"t":"C182"},"664":{"t":"B737"},"669":{"t":"SR20"},"670":{"t":"C560"},"679":{"t":"CRJ9"},"682":{"t":"S22T"},"689":{"t":"PA30"},"69B":{"t":"C172"},"6AA":{"desc":"L1P"},"6B4":{"t":"PA46"},"6BA":{"desc":"L1P","t":"ULAC"},"6BD":{"t":"C172"},"6BF":{"t":"P28R"},"6C1":{"t":"BALL"},"6C3":{"t":"P28R"},"6C9":{"t":"PA24"},"6CA":{"desc":"H4E"},"6CB":{"t":"ULAC"},"6CC":{"t":"C206"},"6CD":{"desc":"L1P"},"6D1":{"t":"PA46"},"6D3":{"t":"C172"},"6D6":{"t":"C182"},"6D7":{"t":"C182"},"6D8":{"t":"C182"},"6D9":{"t":"GLID"},"6DB":{"t":"GLID"},"6DC":{"t":"GLID"},"6DD":{"t":"GLID"},"6DF":{"t":"C170"},"6E0":{"t":"C172"},"6E1":{"desc":"L1P"},"6E2":{"t":"P28B"},"6E3":{"t":"M5"},"6E4":{"t":"ULAC"},"6E6":{"t":"BALL"},"6E9":{"t":"CH7A"},"6EA":{"t":"C182"},"6EC":{"t":"C172"},"6ED":{"t":"BE55"},"6EE":{"t":"N3N"},"6EF":{"t":"BE23"},"6F0":{"t":"C180"},"6F3":{"t":"P28B"},"6F7":{"t":"GLID"},"6F8":{"t":"CJ6"},"6F9":{"t":"GLID"},"6FA":{"t":"C172"},"6FC":{"t":"GLID"},"6FD":{"t":"C182"},"6FE":{"t":"GLID"},"6FF":{"t":"GLID"},"702":{"t":"PA38"},"704":{"t":"C180"},"705":{"t":"BALL"},"708":{"t":"C182"},"709":{"t":"C172"},"70A":{"t":"P28A"},"70B":{"t":"P28A"},"70D":{"t":"C182"},"710":{"t":"P32R"},"712":{"t":"BE19"},"713":{"t":"PA25"},"716":{"t":"P28A"},"71D":{"t":"C172"},"71E":{"t":"GLID"},"71F":{"t":"GLID"},"723":{"t":"GLID"},"726":{"t":"BE36"},"729":{"t":"AR11"},"72D":{"t":"C206"},"72E":{"desc":"L1P"},"72F":{"t":"AR11"},"730":{"t":"C182"},"733":{"t":"BE35"},"735":{"t":"BE23"},"736":{"t":"C180"},"737":{"t":"C150"},"738":{"t":"M20P"},"739":{"t":"P28R"},"73E":{"t":"C182"},"741":{"t":"P28A"},"742":{"t":"C182"},"744":{"t":"GLID"},"747":{"desc":"L1P"},"748":{"t":"C170"},"74A":{"t":"C180"},"74B":{"t":"BALL"},"74F":{"desc":"L1P"},"750":{"t":"BALL"},"751":{"t":"C206"},"752":{"t":"CH7B"},"753":{"t":"BALL"},"754":{"t":"BALL"},"756":{"t":"AT5T"},"75A":{"t":"AT5T"},"75B":{"t":"M20P"},"75D":{"t":"PA30"},"75E":{"t":"P28A"},"760":{"t":"GLID"},"761":{"t":"GLID"},"763":{"t":"GLID"},"764":{"t":"C182"},"765":{"t":"C182"},"766":{"t":"C182"},"767":{"t":"GLID"},"768":{"t":"C150"},"76D":{"t":"ULAC"},"770":{"t":"AT5T"},"771":{"t":"AT5T"},"772":{"t":"C172"},"773":{"t":"P28A"},"774":{"t":"AT3T"},"775":{"t":"CH7B"},"776":{"t":"C182"},"77B":{"t":"BE23"},"77C":{"t":"C180"},"77D":{"t":"C150"},"77F":{"t":"P28B"},"780":{"t":"AT3P"},"782":{"desc":"L1P"},"783":{"t":"GLID"},"785":{"t":"C182"},"786":{"t":"PA32"},"787":{"t":"CH7B"},"78B":{"t":"GLID"},"78C":{"desc":"L1P","t":"ULAC"},"78D":{"desc":"L1P"},"78E":{"t":"C170"},"791":{"t":"PA22"},"792":{"t":"AR11"},"794":{"t":"GLID"},"795":{"t":"C182"},"796":{"t":"AT3P"},"797":{"t":"P28A"},"798":{"t":"CH7B"},"799":{"t":"AA5"},"79A":{"desc":"L2P"},"79C":{"t":"BE33"},"79E":{"t":"BE23"},"79F":{"t":"T210"},"7A0":{"t":"C150"},"7A3":{"t":"P28B"},"7A6":{"t":"C182"},"7A7":{"t":"GLID"},"7A8":{"t":"C172"},"7AC":{"t":"C182"},"7AE":{"t":"C182"},"7B0":{"t":"C208"},"7B1":{"t":"C170"},"7B2":{"t":"C172"},"7B3":{"t":"C82R"},"7B6":{"desc":"L1P","t":"ULAC"},"7BB":{"t":"CH7B"},"7BC":{"desc":"L1P"},"7BE":{"t":"PA24"},"7BF":{"t":"AT5T"},"7C0":{"t":"C82R"},"7C1":{"t":"BE19"},"7C4":{"t":"AT3P"},"7C5":{"t":"AT5T"},"7C6":{"desc":"L1P"},"7C7":{"t":"BALL"},"7C8":{"t":"AT5T"},"7CA":{"desc":"A1P"},"7CB":{"t":"GLID"},"7CC":{"t":"GLID"},"7CE":{"t":"GLID"},"7D0":{"t":"GLID"},"7D1":{"t":"GLID"},"7D2":{"t":"GLID"},"7D3":{"desc":"L1P"},"7D4":{"desc":"L1P"},"7D5":{"t":"AT3P"},"7DA":{"t":"C172"},"7DC":{"t":"P28A"},"7DD":{"t":"C182"},"7DE":{"t":"CH7A"},"7DF":{"t":"C206"},"7E1":{"t":"PA24"},"7E4":{"t":"BE23"},"7E5":{"t":"PA25"},"7E7":{"t":"M20P"},"7E8":{"t":"P28B"},"7E9":{"t":"GLID"},"7EA":{"desc":"L1P"},"7EC":{"t":"GLID"},"7ED":{"t":"GLID"},"7EE":{"t":"GLID"},"7EF":{"t":"GLID"},"7F1":{"t":"GLID"},"7F3":{"t":"GLID"},"7F7":{"t":"C170"},"7F8":{"t":"C172"},"7F9":{"t":"C180"},"7FA":{"t":"PA18"},"7FE":{"t":"C172"},"7FF":{"t":"P28A"},"801":{"t":"CH7A"},"802":{"t":"C182"},"803":{"t":"AT3P"},"804":{"t":"PA24"},"806":{"desc":"L1P"},"807":{"desc":"L1P"},"808":{"t":"PA18"},"80A":{"t":"M20P"},"812":{"t":"GLID"},"813":{"t":"GLID"},"814":{"t":"GLID"},"815":{"t":"GLID"},"816":{"t":"GLID"},"817":{"desc":"L1P"},"81A":{"t":"PA22"},"81B":{"t":"ULAC"},"81D":{"t":"B06"},"824":{"desc":"L2J","t":"B39M"},"826":{"t":"GLF4"},"827":{"t":"B738"},"82B":{"desc":"A1P"},"82C":{"t":"B712"},"82D":{"t":"B06"},"82F":{"t":"B06"},"832":{"desc":"L2T"},"833":{"t":"C337"},"837":{"desc":"L1P"},"839":{"t":"C310"},"83A":{"t":"BT36"},"83B":{"t":"S22T"},"83C":{"t":"ERCO"},"83F":{"desc":"H6E"},"843":{"t":"BALL"},"844":{"t":"P32R"},"848":{"t":"B350"},"84C":{"t":"BE36"},"84D":{"t":"B744"},"84E":{"t":"C414"},"84F":{"desc":"L1P","t":"ULAC"},"850":{"t":"SR22"},"851":{"desc":"L1P"},"854":{"t":"F2TH"},"856":{"t":"SW4"},"857":{"t":"BE9L"},"858":{"t":"S76"},"85A":{"t":"C172"},"85E":{"t":"FDCT"},"860":{"desc":"L1P"},"861":{"t":"T206"},"865":{"desc":"L1P","t":"ULAC"},"866":{"t":"DV20"},"867":{"desc":"L1P"},"868":{"t":"C77R"},"86B":{"t":"C208"},"86D":{"desc":"L1P"},"86E":{"t":"R44"},"871":{"desc":"H4E"},"872":{"t":"MD90"},"873":{"t":"BE36"},"876":{"t":"ASTR"},"877":{"t":"BALL"},"878":{"t":"B739"},"87F":{"desc":"L1T"},"880":{"desc":"A8E"},"882":{"desc":"L1P"},"886":{"t":"C182"},"88B":{"t":"RV12"},"88C":{"t":"C172"},"88F":{"t":"DA42"},"892":{"t":"CRJ2"},"897":{"desc":"L1P"},"89B":{"t":"B752"},"89C":{"t":"C208"},"89E":{"desc":"L2J"},"8A0":{"t":"CRJ9"},"8AD":{"desc":"L2T"},"8B4":{"desc":"L2T"},"8BA":{"t":"S22T"},"8BC":{"t":"E300"},"8C3":{"t":"FDCT"},"8C9":{"desc":"L1P"},"8CB":{"desc":"L1P"},"8D0":{"t":"R44"},"8D7":{"t":"BE30"},"8DE":{"t":"T210"},"8E3":{"desc":"H4E"},"8E4":{"t":"BE36"},"8EE":{"desc":"L1P"},"8F0":{"desc":"L1T"},"8F2":{"desc":"L1P"},"8F6":{"desc":"A1P"},"8F7":{"desc":"L1P"},"8FB":{"desc":"L1P","t":"ULAC"},"8FD":{"desc":"H1P"},"8FF":{"t":"BALL"},"902":{"desc":"H4E"},"903":{"t":"ULAC"},"90D":{"t":"R44"},"914":{"desc":"L1P"},"915":{"desc":"L1P","t":"ULAC"},"917":{"t":"R44"},"91A":{"t":"AA5"},"91D":{"desc":"L1P"},"92E":{"t":"P46T"},"92F":{"t":"GLF4"},"930":{"t":"C525"},"937":{"t":"C82S"},"93B":{"desc":"L1P","t":"ULAC"},"93D":{"desc":"L1P"},"93E":{"t":"BE36"},"946":{"t":"GLID"},"94B":{"t":"FA7X"},"950":{"desc":"L2J","t":"A20N"},"953":{"t":"B738"},"961":{"desc":"L1T"},"962":{"t":"ULAC"},"963":{"t":"B429"},"964":{"t":"GLF6"},"968":{"t":"BE58"},"969":{"t":"PC12"},"96A":{"desc":"L1P"},"96B":{"desc":"L1P"},"970":{"desc":"L1P","t":"ULAC"},"979":{"t":"BALL"},"996":{"t":"BE20"},"997":{"t":"P28A"},"99C":{"desc":"L1P"},"99D":{"t":"ERCO"},"9A3":{"desc":"L1P"},"9A5":{"desc":"L1P"},"9AA":{"desc":"L1P"},"9AB":{"t":"F900"},"9AC":{"t":"GLF6"},"9AD":{"t":"SR22"},"9AE":{"t":"B06"},"9AF":{"t":"SR22"},"9B0":{"t":"S76"},"9B4":{"t":"R44"},"9B8":{"t":"P32R"},"9BA":{"t":"SR22"},"9BB":{"t":"S22T"},"9BE":{"t":"C25B"},"9BF":{"t":"CRJ2"},"9C3":{"t":"BE33"},"9C4":{"t":"C172"},"9C6":{"t":"C172"},"9C9":{"desc":"H1E"},"9CE":{"t":"SR22"},"9CF":{"desc":"L1P","t":"ULAC"},"9D1":{"t":"BE35"},"9D5":{"desc":"L1P"},"9DD":{"t":"PA24"},"9ED":{"t":"A321"},"9F0":{"desc":"H6E"},"A08":{"t":"GLID"},"A0A":{"desc":"A1P"},"A0E":{"desc":"L2P"},"A0F":{"t":"PA34"},"A11":{"t":"T206"},"A1B":{"t":"B737"},"A1F":{"t":"S22T"},"A23":{"desc":"L1J"},"A28":{"desc":"A8E"},"A30":{"t":"CRJ9"},"A40":{"t":"BE55"},"A42":{"desc":"A8E"},"A43":{"t":"GLF5"},"A59":{"desc":"L1P"},"A5C":{"desc":"A8E"},"A73":{"t":"P32T"},"A74":{"t":"AT3P"},"A75":{"t":"C180"},"A76":{"t":"PA22"},"A77":{"t":"AR11"},"A79":{"t":"AT8T"},"A7B":{"t":"P28A"},"A7E":{"t":"C182"},"A80":{"t":"PA24"},"A81":{"t":"AT3P"},"A82":{"t":"NAVI"},"A85":{"t":"ULAC"},"A86":{"t":"AT3T"},"A88":{"t":"PA46"},"A89":{"desc":"H2T"},"A8A":{"t":"GLID"},"A8B":{"t":"C182"},"A8D":{"t":"PA46"},"A91":{"t":"PA12"},"A92":{"t":"C182"},"A93":{"t":"PA12"},"A95":{"t":"CL60"},"A96":{"t":"C170"},"A97":{"t":"C172"},"A98":{"t":"C180"},"A99":{"t":"P32R"},"A9A":{"t":"PA24"},"A9C":{"t":"C182"},"A9E":{"t":"P28A"},"AA0":{"t":"CH7A"},"AA2":{"t":"P28A"},"AA3":{"t":"CJ6"},"AA8":{"t":"C150"},"AA9":{"t":"P32R"},"AAC":{"desc":"L1P","t":"ULAC"},"AAF":{"t":"PA12"},"AB0":{"t":"C182"},"AB1":{"t":"PA11"},"AB4":{"t":"C182"},"AB5":{"t":"C182"},"AB6":{"t":"AT5T"},"AB7":{"t":"C188"},"ABA":{"t":"AT3P"},"ABB":{"t":"C180"},"ABD":{"t":"AT3P"},"ABE":{"t":"L8"},"ABF":{"t":"C182"},"AC4":{"t":"C206"},"AC7":{"t":"BE36"},"ACC":{"t":"P28A"},"AD1":{"t":"C182"},"AD2":{"t":"J3"},"AD4":{"t":"J3"},"AD6":{"t":"C172"},"AD7":{"t":"C182"},"AD9":{"t":"C182"},"ADB":{"desc":"L1P"},"ADC":{"t":"C170"},"ADD":{"t":"C172"},"ADF":{"desc":"A8E"},"AE0":{"t":"AR11"},"AE2":{"t":"C172"},"AE3":{"t":"C172"},"AE4":{"t":"P28A"},"AE5":{"t":"S108"},"AE6":{"t":"CH7A"},"AE9":{"t":"PA24"},"AEA":{"t":"PA46"},"AEB":{"t":"PA46"},"AEC":{"t":"BE24"},"AED":{"t":"C180"},"AEE":{"t":"C150"},"AEF":{"t":"AT5T"},"AF0":{"t":"P28B"},"AF1":{"desc":"L1P"},"AF4":{"t":"J3"},"AF5":{"t":"C182"},"AF7":{"t":"J3"},"AF8":{"t":"C172"},"AF9":{"desc":"L1P"},"AFA":{"t":"C172"},"AFB":{"t":"C182"},"AFD":{"t":"J3"},"AFE":{"desc":"L1P"},"AFF":{"t":"C170"},"B02":{"t":"PA22"},"B03":{"t":"M5"},"B05":{"t":"C206"},"B07":{"t":"P28A"},"B09":{"t":"CH7A"},"B0B":{"t":"J3"},"B0C":{"t":"AT5T"},"B12":{"t":"M20P"},"B13":{"t":"P28B"},"B15":{"t":"P28B"},"B18":{"t":"C182"},"B1A":{"t":"J3"},"B1B":{"t":"J3"},"B1C":{"desc":"L1P"},"B1D":{"t":"J3"},"B1F":{"t":"J3"},"B20":{"t":"J3"},"B21":{"t":"GLID"},"B22":{"desc":"A8E"},"B23":{"t":"T206"},"B24":{"t":"B212"},"B27":{"t":"P46T"},"B2A":{"t":"P28A"},"B2B":{"t":"P28A"},"B2C":{"t":"CH7B"},"B2F":{"t":"PA24"},"B30":{"t":"BE58"},"B32":{"t":"BE24"},"B35":{"t":"M20P"},"B36":{"t":"P28B"},"B37":{"t":"AT5T"},"B3A":{"t":"C182"},"B3B":{"t":"J3"},"B3C":{"t":"J3"},"B3D":{"t":"J3"},"B3E":{"t":"C180"},"B3F":{"t":"AT5T"},"B42":{"t":"C182"},"B43":{"t":"AT8T"},"B46":{"t":"C172"},"B47":{"t":"AT3T"},"B4A":{"t":"H500"},"B4B":{"t":"C182"},"B4C":{"t":"C172"},"B4D":{"t":"P28A"},"B4E":{"t":"S108"},"B4F":{"t":"CH7B"},"B51":{"desc":"L1J"},"B52":{"t":"PA24"},"B54":{"t":"ST75"},"B55":{"t":"BE24"},"B56":{"t":"C180"},"B58":{"t":"M20P"},"B59":{"t":"C172"},"B5A":{"desc":"L1J"},"B5C":{"t":"AT5T"},"B60":{"t":"C182"},"B62":{"t":"J3"},"B63":{"t":"C172"},"B64":{"t":"J3"},"B68":{"t":"C170"},"B69":{"t":"P28A"},"B6A":{"t":"C180"},"B6B":{"t":"AT5T"},"B6C":{"t":"AR11"},"B6D":{"t":"AT8T"},"B6E":{"t":"C182"},"B70":{"t":"P28A"},"B72":{"t":"CH7B"},"B73":{"t":"T206"},"B75":{"t":"PA24"},"B76":{"t":"AT3P"},"B78":{"t":"BE23"},"B79":{"t":"C180"},"B7A":{"t":"C150"},"B7B":{"t":"AT3P"},"B80":{"t":"J3"},"B81":{"t":"J3"},"B83":{"t":"J3"},"B86":{"t":"C182"},"B87":{"t":"J3"},"B88":{"t":"C182"},"B8B":{"t":"C170"},"B8D":{"t":"C180"},"B8F":{"t":"AR11"},"B91":{"t":"C182"},"B92":{"t":"FA62"},"B94":{"t":"S108"},"B98":{"t":"PA24"},"B9B":{"t":"BE23"},"B9F":{"t":"C172"},"BA2":{"t":"C140"},"BA6":{"t":"J3"},"BA7":{"t":"C172"},"BA9":{"t":"J3"},"BAA":{"t":"C182"},"BAD":{"t":"GLID"},"BAE":{"t":"PA38"},"BAF":{"t":"C172"},"BB2":{"t":"AR11"},"BB9":{"t":"C182"},"BBB":{"t":"PA46"},"BBC":{"t":"BE33"},"BBD":{"t":"ST75"},"BBE":{"t":"BE24"},"BC3":{"desc":"L1P"},"BC5":{"t":"C172"},"BC9":{"t":"J3"},"BCB":{"t":"J3"},"BCC":{"t":"C172"},"BCE":{"t":"J3"},"BCF":{"t":"C182"},"BD3":{"desc":"L1P"},"BD6":{"t":"GLF4"},"BD7":{"t":"P28B"},"BD8":{"t":"PC12"},"BDA":{"t":"C68A"},"BDB":{"desc":"L1P"},"BDC":{"desc":"H1P"},"BDE":{"t":"HUSK"},"BDF":{"t":"PA46"},"BE1":{"t":"HUSK"},"BE2":{"t":"DV20"},"BE3":{"t":"C180"},"BE5":{"t":"M20P"},"BE9":{"desc":"L1P"},"BEA":{"t":"U21"},"BEB":{"t":"PA38"},"BED":{"t":"PA27"},"BEE":{"desc":"L1P","t":"ULAC"},"BEF":{"t":"C501"},"BF1":{"t":"GLID"},"BF2":{"t":"PA30"},"BF5":{"t":"PA31"},"BF8":{"desc":"L1P"},"BFA":{"t":"M20P"},"BFC":{"t":"PTS2"},"BFF":{"desc":"L1P"},"C01":{"desc":"L1P"},"C04":{"t":"PC12"},"C05":{"t":"BALL"},"C06":{"t":"C172"},"C07":{"t":"SR22"},"C08":{"t":"E545"},"C0C":{"t":"FA50"},"C0D":{"t":"P210"},"C0F":{"t":"C182"},"C11":{"t":"C180"},"C13":{"t":"BE23"},"C15":{"desc":"L1P"},"C17":{"t":"C421"},"C19":{"t":"C750"},"C1C":{"desc":"L1P"},"C1D":{"t":"P28R"},"C1E":{"t":"M20P"},"C1F":{"t":"C185"},"C22":{"t":"C421"},"C23":{"t":"GLID"},"C24":{"desc":"L1P"},"C27":{"t":"C340"},"C28":{"t":"PA27"},"C2C":{"desc":"L1P"},"C2D":{"t":"T210"},"C2E":{"t":"BE55"},"C30":{"t":"BE9L"},"C31":{"t":"C175"},"C34":{"t":"PC12"},"C35":{"t":"FA24"},"C36":{"t":"CRJ2"},"C38":{"t":"P32R"},"C39":{"desc":"L1P"},"C3D":{"desc":"H1T","t":"S92"},"C3E":{"t":"P32T"},"C40":{"t":"M20P"},"C41":{"desc":"L1P"},"C43":{"desc":"L1P"},"C45":{"t":"C25B"},"C46":{"t":"C310"},"C47":{"t":"P28B"},"C49":{"t":"PAY4"},"C4B":{"desc":"L1P"},"C4D":{"desc":"L1P"},"C50":{"t":"P28A"},"C51":{"t":"BE9L"},"C53":{"desc":"L2T"},"C57":{"desc":"L1P"},"C5C":{"desc":"L1P"},"C5E":{"t":"C172"},"C5F":{"t":"C172"},"C64":{"t":"GLEX"},"C66":{"t":"PA46"},"C69":{"desc":"L1P"},"C6A":{"desc":"L1P"},"C6B":{"t":"P337"},"C6D":{"desc":"H1P"},"C6E":{"t":"YK50"},"C70":{"desc":"L1P"},"C72":{"desc":"L1P"},"C73":{"t":"P28S"},"C74":{"desc":"L1P"},"C79":{"desc":"L1P","t":"TB1"},"C7C":{"t":"GLID"},"C7E":{"desc":"L1P"},"C81":{"t":"F2TH"},"C82":{"t":"BE50"},"C83":{"t":"T206"},"C84":{"t":"P32R"},"C86":{"t":"C172"},"C89":{"t":"BE58"},"C8C":{"desc":"L1P"},"C8E":{"t":"SF50"},"C93":{"t":"HUSK"},"C95":{"t":"M20P"},"C98":{"desc":"L1P"},"C99":{"t":"U21"},"C9A":{"desc":"L1T"},"C9B":{"desc":"L1J"},"C9C":{"desc":"L1P","t":"ULAC"},"C9D":{"t":"SR20"},"C9E":{"desc":"L1P"},"C9F":{"t":"S22T"},"CA0":{"desc":"L1P"},"CA2":{"t":"C208"},"CA5":{"desc":"L1P"},"CA6":{"desc":"L1P"},"CA7":{"desc":"H1T"},"CA8":{"t":"C441"},"CA9":{"t":"SR20"},"CAA":{"desc":"L1P"},"CAE":{"t":"BE36"},"CB2":{"desc":"L1P"},"CB4":{"t":"BL8"},"CB5":{"desc":"L2P"},"CB6":{"desc":"L1P"},"CB8":{"t":"R44"},"CB9":{"t":"GLID"},"CBB":{"desc":"L1P"},"CBC":{"desc":"L1P"},"CBD":{"desc":"A1P"},"CBE":{"desc":"L1T"},"CC3":{"t":"AA5"},"CC6":{"t":"BALL"},"CC7":{"t":"C56X"},"CCB":{"desc":"A2P"},"CCC":{"t":"GLF5"},"CCD":{"t":"CH7B"},"CCE":{"t":"C172"},"CD1":{"t":"A109"},"CD2":{"t":"PA18"},"CD4":{"desc":"L1P"},"CD6":{"t":"P32R"},"CDC":{"t":"GLID"},"CE0":{"desc":"L1P"},"CE5":{"t":"HUSK"},"CE6":{"desc":"L1P"},"CE7":{"desc":"L1P"},"CE9":{"t":"C550"},"CEB":{"t":"AEST"},"CEC":{"desc":"L1P"},"CED":{"desc":"L1P"},"CEE":{"t":"C750"},"CF0":{"t":"C172"},"CF1":{"t":"GLID"},"CF2":{"t":"C210"},"CF5":{"t":"P210"},"CFC":{"t":"PC12"},"CFD":{"t":"B407"},"CFE":{"desc":"L1P"},"D00":{"desc":"L2P"},"D02":{"t":"PA30"},"D03":{"t":"S22T"},"D04":{"t":"PC12"},"D06":{"t":"BE35"},"D08":{"t":"L39"},"D0D":{"t":"B47G"},"D0E":{"t":"LJ60"},"D11":{"desc":"L1P"},"D12":{"desc":"L1P"},"D17":{"t":"M20P"},"D19":{"t":"H269"},"D1C":{"t":"S22T"},"D1D":{"desc":"A1P"},"D1E":{"t":"B06"},"D1F":{"t":"B06"},"D20":{"t":"S22T"},"D22":{"desc":"L1P"},"D26":{"t":"S22T"},"D27":{"t":"C421"},"D4B":{"desc":"L1P"},"D4C":{"desc":"L1P"},"D4F":{"desc":"L1P"},"D50":{"t":"C206"},"D51":{"desc":"L1P"},"D52":{"t":"BE9L"},"D54":{"t":"BE35"},"D5A":{"desc":"L1P"},"D5C":{"t":"RV12"},"D5D":{"t":"BE33"},"D5E":{"t":"C750"},"D61":{"t":"U21"},"D64":{"t":"C172"},"D66":{"t":"BE33"},"D68":{"t":"BL8"},"D69":{"t":"PRM1"},"D6A":{"t":"GLID"},"D6B":{"t":"RV12"},"D6C":{"t":"BE17"},"D6D":{"t":"C500"},"D70":{"desc":"L1P"},"D71":{"t":"B737"},"D72":{"t":"C560"},"D73":{"t":"GLID"},"D77":{"desc":"L1P"},"D7B":{"desc":"L1P","t":"ULAC"},"D7D":{"desc":"L2T"},"D7E":{"desc":"L1P"},"D7F":{"t":"C560"},"D80":{"t":"HUSK"},"D82":{"t":"C750"},"D85":{"t":"T28"},"D88":{"t":"PTS2"},"D8A":{"t":"R22"},"D8C":{"t":"BE58"},"D93":{"desc":"L1P"},"D94":{"t":"P28R"},"DA1":{"t":"H25B"},"DAD":{"t":"E145"},"DAE":{"t":"C82S"},"DAF":{"t":"SBR1"},"DB6":{"t":"DA62"},"DB8":{"desc":"L1P"},"DBE":{"desc":"L1P"},"DC0":{"desc":"L1P"},"DC6":{"t":"BE18"},"DC7":{"t":"BE55"},"DC8":{"t":"BE20"},"DCC":{"t":"C525"},"DCD":{"desc":"H1P"},"DCF":{"t":"PC12"},"DD1":{"t":"C185"},"DD3":{"desc":"L1P"},"DD6":{"t":"PTS2"},"DD9":{"t":"M4"},"DDA":{"t":"BE33"},"DDC":{"t":"HUSK"},"DF0":{"t":"E300"},"DF9":{"desc":"L1P"},"E10":{"t":"C82S"},"E16":{"t":"R66"},"E29":{"t":"GLID"},"E2B":{"t":"P68"},"E2D":{"t":"P28A"},"E33":{"t":"C172"},"E34":{"desc":"L2J","t":"B39M"},"E36":{"t":"S22T"},"E37":{"t":"B738"},"E3A":{"desc":"L5P"},"E3B":{"desc":"L1P"},"E3C":{"t":"B712"},"E3D":{"desc":"L4T"},"E3F":{"t":"SR22"},"E43":{"t":"GLID"},"E44":{"desc":"A1P","t":"ULAC"},"E46":{"t":"SR22"},"E47":{"t":"SR22"},"E4F":{"desc":"L2J"},"E55":{"desc":"L1P"},"E5C":{"desc":"L1T","t":"PA46"},"E5E":{"t":"BE58"},"E5F":{"desc":"H1P"},"E62":{"t":"C172"},"E63":{"desc":"L2J","t":"A20N"},"E64":{"desc":"H4E"},"E65":{"t":"CH7B"},"E68":{"desc":"L1P"},"E6A":{"t":"C172"},"E6E":{"t":"FDCT"},"E75":{"desc":"L1P"},"E76":{"t":"DV20"},"E77":{"desc":"L1T","t":"PA46"},"E79":{"desc":"L1P","t":"ULAC"},"E7A":{"t":"MD88"},"E7D":{"desc":"L1J"},"E81":{"t":"P28U"},"E82":{"t":"MD90"},"E85":{"desc":"L1P"},"E86":{"t":"E55P"},"E88":{"t":"B739"},"E8F":{"t":"TBM7"},"E92":{"t":"SR22"},"E99":{"desc":"L1P"},"E9C":{"t":"C172"},"E9E":{"t":"PA44"},"EA2":{"t":"CRJ2"},"EAA":{"desc":"H2T"},"EAB":{"t":"B752"},"EAC":{"t":"C208"},"EB0":{"t":"CRJ9"},"EB3":{"desc":"H4E"},"EBD":{"desc":"L2T"},"EC1":{"t":"G280"},"EC2":{"t":"EA50"},"EC3":{"t":"BE58"},"EC4":{"desc":"L3P"},"EC7":{"t":"T210"},"ECE":{"desc":"L1P"},"ED2":{"t":"AA5"},"ED9":{"t":"WACO"},"EDA":{"desc":"H1T","t":"UH12"},"EE0":{"desc":"L1P"},"EEE":{"desc":"L1P"},"EEF":{"desc":"H6E"},"EF2":{"t":"BE35"},"EF4":{"t":"PC12"},"EF5":{"desc":"L1P"},"EF6":{"t":"A119"},"EFD":{"t":"AA5"},"F00":{"t":"H500"},"F02":{"t":"C25A"},"F03":{"desc":"L3J"},"F06":{"desc":"L1P"},"F0D":{"t":"GLID"},"F1B":{"desc":"H6E"},"F25":{"t":"DA40"},"F2B":{"t":"BE36"},"F2F":{"desc":"L1P"},"F3D":{"t":"BE35"},"F3E":{"t":"C182"},"F3F":{"desc":"L1P"},"F42":{"t":"B712"},"F43":{"desc":"L1P"},"F48":{"t":"SR22"},"F49":{"t":"COL3"},"F4D":{"desc":"H1T","t":"S92"},"F4E":{"desc":"L1P"},"F57":{"desc":"L2J"},"F59":{"t":"C182"},"F5E":{"t":"EC35"},"F60":{"desc":"L2J","t":"A20N"},"F61":{"t":"C25A"},"F62":{"desc":"L1P"},"F63":{"t":"B738"},"F67":{"desc":"H6E"},"F6B":{"t":"C182"},"F73":{"t":"B429"},"F77":{"t":"P28A"},"F7D":{"t":"H25B"},"F84":{"desc":"H4E"},"F98":{"desc":"L1P"},"F99":{"t":"C750"},"FA4":{"t":"C404"},"FA7":{"t":"BALL"},"FB0":{"desc":"L1P"},"FB3":{"t":"COL4"},"FBA":{"t":"SF50"},"FBB":{"t":"F2TH"},"FBC":{"t":"C82R"},"FBD":{"t":"SR20"},"FCA":{"desc":"H4E"},"FCB":{"t":"FDCT"},"FCF":{"t":"CRJ2"},"FD3":{"t":"BE33"},"FD4":{"t":"C172"},"FE5":{"t":"BE9L"},"FE9":{"t":"C750"},"FEC":{"t":"EC30"},"FFD":{"t":"A321"}}