{"000":{"t":"AR11"},"001":{"t":"C82S"},"003":{"desc":"L1P"},"004":{"t":"P28A"},"005":{"t":"P28A"},"006":{"t":"AA1"},"007":{"t":"M20P"},"00C":{"t":"BE24"},"00F":{"t":"M20P"},"010":{"t":"P28B"},"012":{"t":"BE35"},"017":{"desc":"L1P"},"01A":{"desc":"L1P"},"01C":{"desc":"L1P"},"01F":{"t":"C195"},"026":{"t":"CH7A"},"029":{"t":"AA1"},"02B":{"t":"P28A"},"02C":{"t":"PA24"},"030":{"t":"PA38"},"032":{"t":"M20P"},"033":{"t":"P28B"},"035":{"t":"BE35"},"037":{"desc":"L1P"},"038":{"t":"C152"},"039":{"desc":"L1P"},"03A":{"desc":"L1P"},"041":{"desc":"L1P"},"045":{"t":"C72R"},"046":{"t":"C172"},"047":{"t":"H269"},"048":{"t":"C182"},"04D":{"t":"M20P"},"050":{"t":"BE58"},"055":{"t":"M20P"},"057":{"t":"ULAC"},"058":{"t":"BE95"},"05A":{"t":"C210"},"05C":{"t":"T210"},"05D":{"t":"C152"},"05E":{"t":"C152"},"061":{"t":"C185"},"064":{"desc":"L1P"},"069":{"t":"C182"},"06C":{"t":"CH7A"},"06E":{"t":"ULAC"},"070":{"t":"M20P"},"072":{"t":"PA24"},"076":{"t":"PA38"},"07A":{"t":"C182"},"07B":{"t":"BE35"},"07E":{"t":"C152"},"07F":{"t":"C185"},"081":{"t":"T210"},"083":{"t":"C185"},"084":{"t":"C210"},"085":{"desc":"L1P"},"089":{"t":"C175"},"08C":{"t":"AR11"},"090":{"t":"P28A"},"091":{"t":"P28R"},"092":{"t":"AA1"},"093":{"t":"M20P"},"09A":{"t":"C150"},"09C":{"t":"P28B"},"09D":{"t":"C182"},"0A0":{"desc":"L1P"},"0A1":{"t":"C152"},"0A4":{"desc":"L1P"},"0A5":{"t":"T210"},"0AB":{"desc":"L1P"},"0AC":{"t":"C175"},"0AD":{"t":"C180"},"0AF":{"t":"AR11"},"0B3":{"t":"P28A"},"0B4":{"t":"S108"},"0B5":{"t":"AA1"},"0B6":{"t":"M20P"},"0B7":{"t":"P28R"},"0B8":{"t":"PA24"},"0BA":{"t":"S52"},"0BE":{"t":"ULAC"},"0C3":{"desc":"L1P"},"0C8":{"t":"T210"},"0CB":{"t":"C185"},"0CE":{"t":"BE33"},"0D5":{"t":"A321"},"0DA":{"t":"A321"},"0DB":{"t":"B738"},"0E0":{"t":"B712"},"0EE":{"t":"S92"},"0F1":{"t":"P28A"},"0F5":{"desc":"L1P"},"0FC":{"desc":"L1P"},"101":{"t":"B350"},"103":{"t":"P28A"},"104":{"t":"SR22"},"108":{"t":"UH1"},"10E":{"t":"C182"},"110":{"desc":"L1P"},"115":{"desc":"L1P"},"11A":{"t":"DV20"},"11B":{"t":"C185"},"11D":{"t":"C182"},"121":{"t":"SR22"},"122":{"t":"B739"},"12A":{"t":"DA40"},"132":{"desc":"L1P"},"133":{"desc":"L1T"},"13E":{"desc":"H4E"},"146":{"t":"CRJ2"},"149":{"t":"GLEX"},"14F":{"t":"B752"},"150":{"t":"C208"},"15B":{"t":"A319"},"164":{"t":"P28A"},"167":{"desc":"L1J"},"170":{"t":"BE18"},"17D":{"t":"GLF5"},"181":{"t":"AS50"},"184":{"desc":"L1T"},"18B":{"t":"SF50"},"18D":{"t":"RV12"},"196":{"t":"BE33"},"198":{"t":"SR20"},"19F":{"t":"PC12"},"1A2":{"t":"PA44"},"1A3":{"t":"E145"},"1A7":{"desc":"L1P"},"1AF":{"desc":"A1P","t":"ULAC"},"1B1":{"t":"BALL"},"1B2":{"t":"GLID"},"1B5":{"desc":"L1P"},"1C9":{"t":"C172"},"1D4":{"desc":"H4E"},"1D8":{"t":"CRJ9"},"1DA":{"t":"PA44"},"1E1":{"t":"GLID"},"1E2":{"t":"E50P"},"1EC":{"t":"GL5T"},"1F6":{"t":"C25A"},"204":{"desc":"L2J","t":"A20N"},"207":{"t":"B738"},"213":{"t":"C172"},"215":{"t":"C560"},"216":{"desc":"L1P"},"224":{"t":"ERCO"},"22C":{"t":"BE35"},"245":{"t":"N3N"},"247":{"desc":"L1P"},"24C":{"t":"C525"},"257":{"t":"BE20"},"259":{"desc":"L1P"},"25F":{"t":"C152"},"260":{"t":"B350"},"265":{"t":"F900"},"266":{"t":"C650"},"270":{"t":"PTS2"},"27A":{"t":"RV12"},"27C":{"desc":"L1P"},"27E":{"t":"B407"},"283":{"t":"BE33"},"291":{"desc":"H4E"},"2A9":{"desc":"L1P"},"2C2":{"desc":"L1P"},"2C5":{"desc":"L1P"},"2C6":{"t":"BE35"},"2CF":{"t":"B737"},"2D0":{"t":"SR22"},"2DB":{"desc":"L1P"},"2E4":{"t":"CRJ9"},"327":{"t":"C195"},"328":{"t":"C175"},"329":{"t":"C180"},"32A":{"t":"PA22"},"32D":{"t":"C182"},"32E":{"t":"CH7A"},"338":{"t":"C303"},"339":{"t":"C150"},"33A":{"t":"M20P"},"33B":{"t":"P28B"},"340":{"t":"ERCO"},"341":{"t":"ERCO"},"343":{"t":"C152"},"344":{"t":"E75L"},"345":{"t":"ERCO"},"347":{"t":"ERCO"},"34B":{"t":"C208"},"34E":{"t":"AR11"},"352":{"t":"P28A"},"354":{"t":"AA1"},"35D":{"t":"M20P"},"35E":{"t":"P28B"},"35F":{"t":"C182"},"369":{"desc":"L1P"},"36A":{"t":"ERCO"},"370":{"t":"PA22"},"371":{"t":"AR11"},"374":{"t":"C182"},"375":{"t":"P28A"},"378":{"t":"M20P"},"379":{"t":"P28R"},"37E":{"t":"C180"},"381":{"t":"P28B"},"382":{"t":"C182"},"385":{"t":"ERCO"},"387":{"desc":"L1P","t":"ULAC"},"388":{"t":"C185"},"38F":{"desc":"A1P"},"392":{"t":"C180"},"394":{"t":"AR11"},"395":{"t":"H269"},"396":{"t":"C182"},"398":{"t":"P28A"},"399":{"t":"PA34"},"39B":{"t":"M20P"},"39C":{"t":"P28R"},"39D":{"t":"PA24"},"3A1":{"t":"C180"},"3A2":{"t":"C150"},"3A3":{"t":"H269"},"3A4":{"t":"C162"},"3A5":{"t":"C182"},"3A7":{"desc":"L1P"},"3A8":{"t":"C180"},"3A9":{"desc":"L1P"},"3AA":{"t":"ERCO"},"3AC":{"t":"ERCO"},"3AF":{"t":"ERCO"},"3B1":{"t":"C152"},"3B3":{"t":"C195"},"3B5":{"t":"P28A"},"3B8":{"t":"H269"},"3BA":{"t":"C172"},"3BD":{"t":"AA1"},"3BE":{"t":"M20P"},"3BF":{"t":"P28R"},"3C2":{"t":"C82T"},"3C3":{"t":"BE24"},"3C4":{"t":"C180"},"3C6":{"t":"M20P"},"3CC":{"t":"ERCO"},"3CD":{"t":"C152"},"3CE":{"t":"C185"},"3CF":{"t":"T210"},"3D1":{"t":"ERCO"},"3D3":{"t":"ERCO"},"3D8":{"t":"C180"},"3DA":{"t":"C182"},"3DC":{"desc":"L1P","t":"ULAC"},"3DD":{"t":"C172"},"3DF":{"t":"S108"},"3E0":{"t":"AA1"},"3E1":{"t":"M20P"},"3E6":{"t":"BE23"},"3EB":{"t":"C182"},"3EE":{"t":"T210"},"3F2":{"t":"T210"},"3F3":{"t":"ERCO"},"3F4":{"desc":"L1T"},"3F6":{"t":"ERCO"},"3FB":{"t":"C180"},"3FC":{"t":"PA22"},"3FD":{"t":"AR11"},"404":{"t":"M20P"},"40D":{"t":"P28B"},"413":{"t":"T210"},"416":{"t":"ERCO"},"41A":{"t":"ERCO"},"41C":{"t":"C190"},"41E":{"t":"P28A"},"41F":{"t":"PA22"},"420":{"t":"C172"},"422":{"t":"C182"},"423":{"t":"C172"},"424":{"t":"P28A"},"425":{"t":"P28A"},"428":{"t":"P28R"},"429":{"t":"PA24"},"42A":{"t":"BE33"},"42C":{"t":"BE23"},"42F":{"t":"M20P"},"431":{"t":"C182"},"434":{"t":"ULAC"},"437":{"desc":"L1P"},"439":{"t":"ULAC"},"43F":{"t":"C190"},"440":{"t":"C72R"},"441":{"t":"P28A"},"443":{"t":"C182"},"446":{"t":"C172"},"447":{"t":"P28A"},"448":{"t":"S108"},"44B":{"t":"P28R"},"44C":{"t":"PA24"},"44E":{"t":"C82T"},"44F":{"t":"BE23"},"452":{"t":"M20P"},"453":{"t":"ULAC"},"454":{"t":"C182"},"455":{"t":"BE35"},"456":{"t":"T206"},"457":{"t":"T210"},"458":{"t":"ERCO"},"45A":{"desc":"L1P"},"45D":{"t":"ERCO"},"45E":{"t":"ULAC"},"45F":{"t":"ERCO"},"460":{"t":"ERCO"},"462":{"t":"C195"},"468":{"t":"ULAC"},"46A":{"t":"P28A"},"46C":{"t":"AA1"},"46D":{"t":"M20P"},"46E":{"desc":"L1P"},"46F":{"t":"PA24"},"475":{"t":"M20P"},"476":{"t":"P28B"},"477":{"t":"C182"},"47E":{"t":"ERCO"},"47F":{"t":"ERCO"},"481":{"t":"C152"},"486":{"t":"A321"},"48C":{"desc":"L2J","t":"A20N"},"492":{"t":"B738"},"497":{"t":"B712"},"49E":{"desc":"L1P"},"4B7":{"t":"S108"},"4C5":{"t":"C182"},"4C7":{"t":"C414"},"4C9":{"t":"C25B"},"4CC":{"t":"C525"},"4D0":{"t":"BE35"},"4D1":{"t":"DV20"},"4D9":{"desc":"L1P"},"4DC":{"desc":"L1P"},"4DD":{"t":"MD90"},"4E0":{"t":"S22T"},"4F5":{"t":"AS50"},"506":{"t":"B752"},"507":{"t":"C208"},"50B":{"t":"CRJ9"},"512":{"t":"A319"},"51C":{"t":"G280"},"52B":{"t":"C172"},"539":{"t":"GLF5"},"542":{"t":"SR22"},"54F":{"t":"A321"},"551":{"t":"C310"},"555":{"t":"C152"},"559":{"t":"GL5T"},"55B":{"t":"C402"},"55F":{"t":"T6"},"569":{"desc":"L1P"},"58B":{"desc":"H4E"},"591":{"t":"PA44"},"598":{"desc":"L1P"},"5AA":{"t":"C172"},"5B2":{"t":"DC93"},"5B8":{"t":"PC12"},"5BB":{"desc":"L2J","t":"A20N"},"5BE":{"t":"B738"},"5CD":{"t":"BE36"},"5D2":{"t":"PA32"},"5E3":{"t":"BE33"},"5F2":{"t":"E190"},"600":{"t":"H25B"},"60D":{"desc":"L1P"},"610":{"desc":"L1P"},"617":{"t":"PA34"},"61F":{"desc":"L1P"},"62A":{"t":"CRJ2"},"62E":{"t":"BE33"},"631":{"t":"C185"},"633":{"desc":"L1P"},"63D":{"t":"CL60"},"63E":{"t":"C172"},"640":{"t":"DIMO"},"648":{"desc":"H4E"},"660":{"t":"BE35"},"686":{"t":"B737"},"69B":{"t":"CRJ9"},"6DF":{"t":"C175"},"6E0":{"t":"C180"},"6E5":{"t":"C172"},"6E6":{"t":"P28A"},"6E9":{"t":"M20P"},"6EA":{"t":"P28R"},"6EC":{"t":"BE55"},"6F0":{"t":"C150"},"6F4":{"t":"BE35"},"6FB":{"t":"ERCO"},"6FD":{"t":"C152"},"702":{"t":"C175"},"703":{"t":"P28A"},"708":{"t":"C172"},"70C":{"t":"M20P"},"70D":{"t":"P28R"},"710":{"desc":"L1P","t":"ULAC"},"711":{"t":"BE23"},"712":{"t":"PA38"},"714":{"t":"M20P"},"716":{"t":"C182"},"71B":{"t":"ERCO"},"71C":{"t":"ERCO"},"71E":{"t":"ERCO"},"720":{"t":"ERCO"},"721":{"t":"ERCO"},"728":{"t":"AR11"},"729":{"t":"C182"},"72A":{"t":"C182"},"72B":{"t":"C172"},"72C":{"t":"P28A"},"72E":{"t":"AA1"},"731":{"t":"PA24"},"733":{"t":"C177"},"735":{"t":"C172"},"737":{"t":"M20P"},"738":{"t":"P28B"},"73A":{"t":"BE35"},"73C":{"t":"ERCO"},"73D":{"t":"ERCO"},"741":{"t":"ERCO"},"743":{"t":"ERCO"},"748":{"t":"C175"},"74A":{"t":"C72R"},"74B":{"t":"C182"},"74D":{"t":"C182"},"752":{"t":"M20P"},"755":{"t":"BE35"},"758":{"t":"C180"},"759":{"t":"C150"},"75A":{"t":"M20P"},"75C":{"t":"C182"},"763":{"t":"C152"},"765":{"t":"ERCO"},"766":{"t":"ERCO"},"767":{"t":"C152"},"768":{"t":"ERCO"},"76B":{"t":"C175"},"76C":{"t":"C180"},"76E":{"t":"AR11"},"76F":{"t":"C172"},"771":{"t":"C172"},"772":{"t":"P28A"},"774":{"t":"C172"},"777":{"t":"PA24"},"77A":{"t":"BE19"},"77C":{"t":"C150"},"77D":{"t":"M20P"},"77E":{"t":"P28B"},"785":{"t":"ERCO"},"786":{"t":"C152"},"78A":{"t":"ERCO"},"78B":{"t":"ERCO"},"78C":{"desc":"L1P"},"78E":{"t":"C175"},"78F":{"t":"C180"},"791":{"t":"AR11"},"793":{"t":"C182"},"795":{"t":"P28A"},"797":{"t":"C172"},"798":{"t":"M20P"},"79A":{"t":"PA24"},"79D":{"t":"BE24"},"7A0":{"t":"M20P"},"7A2":{"t":"C182"},"7A3":{"t":"BE35"},"7A5":{"t":"ERCO"},"7A6":{"t":"ERCO"},"7A7":{"t":"ERCO"},"7A8":{"t":"ERCO"},"7A9":{"t":"C152"},"7AB":{"desc":"H1T","t":"UH12"},"7AD":{"t":"GLID"},"7B0":{"t":"C190"},"7B1":{"t":"C175"},"7B3":{"t":"C72R"},"7B4":{"desc":"L1P"},"7B8":{"t":"P28A"},"7BE":{"t":"BE33"},"7C0":{"t":"BE23"},"7C4":{"t":"P28B"},"7CC":{"t":"ERCO"},"7D0":{"t":"C152"},"7D9":{"t":"C182"},"7DA":{"t":"C172"},"7DF":{"t":"P28R"},"7E0":{"t":"PA24"},"7E4":{"t":"C172"},"7E5":{"t":"C150"},"7E9":{"t":"BE35"},"7F6":{"t":"C195"},"7F8":{"t":"PA32"},"7FB":{"t":"C172"},"7FD":{"t":"C172"},"801":{"t":"M20P"},"802":{"t":"P28R"},"809":{"t":"ULAC"},"80B":{"t":"C182"},"80C":{"t":"BE33"},"810":{"t":"ERCO"},"814":{"t":"BL17"},"816":{"t":"C152"},"81C":{"t":"PA22"},"81D":{"t":"AR11"},"821":{"t":"P28A"},"823":{"t":"AA1"},"824":{"t":"C207"},"825":{"t":"P28R"},"828":{"t":"C82T"},"82E":{"t":"C182"},"82F":{"t":"BE95"},"832":{"t":"ERCO"},"833":{"t":"ERCO"},"835":{"t":"ERCO"},"839":{"t":"ERCO"},"83A":{"t":"ERCO"},"841":{"t":"E145"},"845":{"t":"BE20"},"849":{"t":"B738"},"84E":{"t":"B712"},"855":{"t":"B47G"},"856":{"t":"C750"},"857":{"t":"C56X"},"861":{"desc":"L1P"},"866":{"t":"C25B"},"86E":{"t":"S108"},"86F":{"desc":"L1P"},"870":{"t":"C150"},"871":{"desc":"H4E"},"872":{"t":"SR22"},"873":{"t":"DC93"},"875":{"desc":"L2P"},"87C":{"t":"C182"},"880":{"t":"SR22"},"888":{"t":"DV20"},"889":{"t":"C182"},"88C":{"t":"P28A"},"88F":{"t":"B739"},"894":{"t":"MD90"},"897":{"t":"S22T"},"8A6":{"t":"C68A"},"8A8":{"desc":"L1P","t":"ULAC"},"8B0":{"t":"PA44"},"8B3":{"t":"B350"},"8BA":{"t":"C182"},"8BD":{"t":"B752"},"8BE":{"t":"C208"},"8C9":{"t":"A319"},"8CA":{"t":"ULAC"},"8D2":{"t":"P28A"},"8D3":{"t":"GALX"},"8D4":{"t":"G150"},"8EB":{"desc":"L2J"},"8EC":{"t":"DH8A"},"906":{"t":"A321"},"907":{"t":"B350"},"915":{"t":"HUSK"},"919":{"t":"BE36"},"929":{"desc":"L1P"},"942":{"desc":"H4E"},"946":{"t":"CRJ9"},"948":{"t":"PA44"},"94F":{"t":"H500"},"951":{"desc":"L1P"},"952":{"t":"EC35"},"955":{"t":"UH1"},"972":{"desc":"L2J","t":"A20N"},"973":{"desc":"L1P"},"975":{"t":"B738"},"981":{"desc":"L1P"},"982":{"t":"DA42"},"987":{"t":"C56X"},"989":{"desc":"H1T","t":"S92"},"993":{"t":"C172"},"9B7":{"t":"C310"},"9BD":{"t":"LJ45"},"9C4":{"t":"RV12"},"9C8":{"desc":"L1P"},"9CC":{"desc":"L1P"},"9DC":{"t":"SR22"},"9E1":{"t":"CRJ2"},"9E6":{"t":"E190"},"9E7":{"desc":"L1P"},"9EE":{"t":"GLID"},"9F6":{"t":"SR22"},"9F9":{"desc":"L1P"},"9FF":{"desc":"H4E"},"A13":{"t":"B752"},"A3D":{"t":"B737"},"A42":{"t":"RV12"},"A52":{"t":"CRJ9"},"A95":{"t":"C195"},"A96":{"t":"C175"},"A97":{"t":"C180"},"A98":{"t":"PA18"},"A9A":{"t":"H269"},"A9D":{"t":"P28A"},"A9E":{"t":"P28R"},"AA0":{"t":"M20P"},"AA8":{"t":"M20P"},"AA9":{"t":"P28B"},"AAE":{"t":"ERCO"},"AAF":{"t":"ERCO"},"AB0":{"t":"ERCO"},"AB2":{"t":"BL17"},"AB3":{"t":"ERCO"},"AB7":{"desc":"L1P"},"ABB":{"t":"C72R"},"ABC":{"t":"AR11"},"ABD":{"t":"C182"},"ABF":{"t":"C172"},"AC0":{"t":"P28A"},"AC2":{"t":"AA1"},"AC3":{"t":"M20P"},"AC4":{"t":"P28R"},"AC6":{"t":"BE33"},"AC7":{"t":"ULAC"},"AC8":{"t":"BE19"},"AC9":{"t":"PA38"},"ACA":{"t":"C150"},"ACB":{"t":"M20P"},"ACC":{"t":"P28B"},"ACD":{"t":"C182"},"AD1":{"t":"ERCO"},"AD2":{"t":"ERCO"},"AD3":{"t":"ERCO"},"AD4":{"t":"ERCO"},"AD7":{"t":"C82S"},"AD8":{"t":"BL17"},"ADD":{"t":"C180"},"ADE":{"t":"PA18"},"AE1":{"t":"ULAC"},"AE3":{"t":"P28A"},"AE9":{"t":"BE33"},"AEB":{"t":"BE23"},"AEF":{"t":"P28B"},"AF0":{"t":"C182"},"AF4":{"t":"R22"},"AF9":{"t":"C152"},"AFB":{"t":"C152"},"AFC":{"t":"C152"},"AFE":{"t":"C195"},"B01":{"t":"C72R"},"B02":{"t":"C182"},"B04":{"t":"C182"},"B06":{"t":"P28A"},"B09":{"t":"M20P"},"B0B":{"t":"PA24"},"B0D":{"t":"C82R"},"B11":{"t":"M20P"},"B14":{"t":"T210"},"B16":{"t":"ERCO"},"B1B":{"t":"BL17"},"B1C":{"t":"ERCO"},"B1D":{"t":"BL17"},"B1F":{"t":"ERCO"},"B22":{"t":"C175"},"B23":{"t":"C180"},"B25":{"t":"AR11"},"B29":{"t":"P28A"},"B2A":{"t":"S108"},"B2C":{"t":"M20P"},"B2D":{"t":"P28R"},"B31":{"t":"BE23"},"B32":{"t":"M20P"},"B34":{"t":"M20P"},"B35":{"t":"P28B"},"B3A":{"t":"BL17"},"B3B":{"t":"ERCO"},"B3C":{"t":"ERCO"},"B3D":{"t":"ERCO"},"B3E":{"t":"ERCO"},"B40":{"t":"BL17"},"B41":{"t":"BL17"},"B42":{"t":"BL17"},"B46":{"t":"C180"},"B47":{"t":"PA18"},"B48":{"t":"AR11"},"B4D":{"t":"S108"},"B50":{"t":"C185"},"B53":{"t":"C188"},"B54":{"t":"BE23"},"B58":{"t":"P28B"},"B59":{"t":"C182"},"B5C":{"t":"C152"},"B5F":{"t":"ERCO"},"B60":{"t":"BL17"},"B61":{"desc":"L1P"},"B62":{"t":"ERCO"},"B68":{"t":"C175"},"B6A":{"t":"PA18"},"B6E":{"t":"C172"},"B6F":{"t":"P28A"},"B71":{"t":"AA1"},"B72":{"t":"M20P"},"B74":{"t":"PA24"},"B76":{"t":"C82T"},"B77":{"t":"BE23"},"B7A":{"t":"M20P"},"B7B":{"t":"P28B"},"B7C":{"t":"C182"},"B7D":{"t":"T210"},"B81":{"desc":"A1P","t":"ULAC"},"B82":{"t":"BL17"},"B88":{"t":"ERCO"},"B8D":{"t":"PA18"},"B8E":{"t":"AR11"},"B90":{"t":"C182"},"B91":{"desc":"L1P"},"B92":{"t":"P28A"},"B93":{"desc":"L1P"},"B95":{"t":"M20P"},"B96":{"t":"ULAC"},"B97":{"t":"PA24"},"B9A":{"t":"BE24"},"B9B":{"t":"C180"},"B9C":{"t":"C150"},"B9D":{"t":"M20P"},"BA1":{"t":"T206"},"BA2":{"t":"BL17"},"BA3":{"t":"ULAC"},"BA8":{"t":"ERCO"},"BAD":{"desc":"L1P"},"BAF":{"t":"P28A"},"BB1":{"t":"C172"},"BB3":{"t":"C182"},"BB6":{"t":"S108"},"BB7":{"t":"C172"},"BB9":{"t":"C185"},"BBA":{"t":"PA24"},"BBD":{"t":"BE23"},"BBE":{"t":"PA38"},"BBF":{"t":"C150"},"BC1":{"t":"P28B"},"BC3":{"t":"BE35"},"BC9":{"t":"ERCO"},"BCA":{"t":"C152"},"BCB":{"t":"BL17"},"BCC":{"t":"ERCO"},"BD0":{"t":"C190"},"BD1":{"t":"C175"},"BD2":{"t":"C180"},"BD3":{"t":"PA18"},"BD6":{"t":"C188"},"BD7":{"t":"C172"},"BD9":{"t":"S108"},"BDC":{"t":"P28R"},"BDD":{"t":"PA24"},"BE5":{"t":"C182"},"BE8":{"t":"C152"},"BE9":{"t":"BL17"},"BEB":{"t":"ERCO"},"BEF":{"t":"ERCO"},"BF0":{"t":"ERCO"},"BF6":{"t":"BE33"},"BF9":{"t":"C421"},"BFF":{"t":"GLF4"},"C00":{"t":"B738"},"C05":{"t":"B712"},"C13":{"t":"GLID"},"C1C":{"t":"C550"},"C21":{"t":"PA32"},"C26":{"t":"B744"},"C33":{"t":"C182"},"C37":{"t":"S22T"},"C3E":{"t":"S108"},"C3F":{"t":"DV20"},"C42":{"desc":"L1P"},"C49":{"t":"MD88"},"C4B":{"t":"MD90"},"C51":{"t":"B739"},"C53":{"desc":"L1P"},"C58":{"t":"C56X"},"C63":{"desc":"H4E"},"C6B":{"t":"CRJ2"},"C73":{"desc":"L1J"},"C74":{"t":"B752"},"C75":{"t":"C208"},"C80":{"t":"A319"},"C89":{"t":"BE36"},"CA4":{"t":"BE36"},"CBD":{"t":"C340"},"CC2":{"t":"PRM1"},"CD7":{"t":"SR22"},"CF9":{"desc":"H4E"},"CFF":{"t":"PA44"},"D08":{"t":"C172"},"D0A":{"t":"MD83"},"D14":{"t":"GLF4"},"D29":{"desc":"L2J","t":"A20N"},"D2C":{"t":"B738"},"D38":{"t":"BE36"},"D40":{"desc":"H1T","t":"S92"},"D48":{"desc":"L1P"},"D49":{"t":"B407"},"D51":{"t":"BE33"},"D54":{"t":"G164"},"D6A":{"t":"PA30"},"D73":{"desc":"L1P"},"D7B":{"desc":"L1P"},"D7E":{"desc":"L1P"},"D83":{"t":"BE36"},"D84":{"t":"BE36"},"D85":{"desc":"L1P"},"D86":{"desc":"L1P"},"D8F":{"t":"LJ60"},"D91":{"t":"C182"},"D98":{"t":"CRJ2"},"D99":{"desc":"L1P"},"D9C":{"t":"BE33"},"D9F":{"t":"BT36"},"DA1":{"desc":"L1P"},"DAD":{"t":"SF50"},"DB2":{"t":"ULAC"},"DB6":{"desc":"H4E"},"DCA":{"t":"B752"},"DCE":{"t":"BE36"},"DEB":{"t":"BE36"},"DF4":{"t":"B737"},"E09":{"t":"CRJ9"},"E19":{"t":"C172"},"E4E":{"t":"P28A"},"E50":{"t":"C172"},"E56":{"t":"AA1"},"E59":{"t":"PA24"},"E5A":{"t":"BE33"},"E5B":{"t":"C82R"},"E5E":{"t":"C150"},"E5F":{"t":"M20P"},"E61":{"t":"C182"},"E62":{"t":"BE35"},"E64":{"t":"BL17"},"E66":{"t":"ERCO"},"E6A":{"t":"ERCO"},"E6D":{"t":"ERCO"},"E70":{"t":"C175"},"E71":{"t":"C180"},"E73":{"t":"AR11"},"E75":{"t":"C182"},"E76":{"t":"C182"},"E79":{"t":"AA1"},"E7A":{"t":"M20P"},"E7D":{"t":"BE33"},"E7F":{"t":"BE23"},"E82":{"t":"M20P"},"E83":{"t":"P28B"},"E87":{"t":"ERCO"},"E88":{"t":"ERCO"},"E8B":{"t":"ERCO"},"E8D":{"t":"ERCO"},"E90":{"t":"BL17"},"E92":{"t":"C190"},"E94":{"t":"P28R"},"E9A":{"t":"P28A"},"E9D":{"t":"C172"},"E9E":{"t":"P28R"},"EA5":{"t":"M20P"},"EA6":{"t":"P28B"},"EAB":{"t":"C152"},"EAC":{"t":"BL17"},"EAD":{"t":"BL17"},"EAE":{"t":"ERCO"},"EAF":{"t":"BL17"},"EB0":{"t":"BL17"},"EB5":{"t":"C190"},"EB6":{"t":"PA18"},"EB9":{"t":"C182"},"EBB":{"t":"C182"},"EBF":{"t":"AA1"},"EC0":{"t":"M20P"},"EC1":{"t":"P28R"},"EC3":{"t":"BE33"},"EC5":{"t":"BE24"},"EC8":{"t":"M20P"},"EC9":{"t":"P28B"},"ED3":{"t":"ERCO"},"ED5":{"t":"BL17"},"ED6":{"t":"ERCO"},"EDB":{"t":"PA18"},"EDE":{"t":"C182"},"EE0":{"t":"P28A"},"EE3":{"t":"M20P"},"EE5":{"t":"PA24"},"EED":{"t":"C182"},"EF1":{"t":"BL17"},"EF6":{"t":"ERCO"},"EF8":{"t":"ERCO"},"EFB":{"t":"C190"},"EFC":{"t":"C175"},"EFF":{"t":"AR11"},"F02":{"t":"C172"},"F03":{"t":"P28A"},"F04":{"t":"P28A"},"F05":{"t":"AA1"},"F06":{"t":"C150"},"F09":{"t":"BE36"},"F10":{"t":"C182"},"F14":{"t":"ERCO"},"F17":{"t":"ERCO"},"F18":{"t":"ERCO"},"F1C":{"t":"ERCO"},"F1F":{"t":"C175"},"F20":{"t":"C180"},"F21":{"t":"PA18"},"F24":{"t":"C182"},"F25":{"t":"C172"},"F26":{"t":"P28A"},"F29":{"t":"M20P"},"F2B":{"t":"PA24"},"F32":{"t":"P28B"},"F34":{"t":"BE35"},"F37":{"t":"ERCO"},"F39":{"desc":"L1P"},"F3D":{"t":"ERCO"},"F44":{"t":"C72R"},"F45":{"t":"AR11"},"F48":{"t":"C172"},"F4B":{"t":"AA1"},"F4C":{"t":"M20P"},"F54":{"t":"M20P"},"F56":{"t":"C182"},"F5A":{"t":"BL17"},"F5C":{"t":"C172"},"F5E":{"t":"BL17"},"F64":{"t":"C195"},"F65":{"desc":"L1P","t":"ULAC"},"F66":{"t":"C180"},"F67":{"t":"PA18"},"F68":{"t":"AR11"},"F6C":{"t":"P28A"},"F6D":{"t":"S108"},"F70":{"t":"P28R"},"F77":{"t":"M20P"},"F78":{"t":"P28B"},"F79":{"t":"C182"},"F7F":{"t":"ERCO"},"F80":{"t":"ERCO"},"F81":{"t":"ERCO"},"F83":{"t":"ERCO"},"F85":{"t":"C152"},"F89":{"t":"C180"},"F8B":{"t":"AR11"},"F8C":{"t":"H269"},"F8D":{"t":"C182"},"F8F":{"t":"P28A"},"F91":{"t":"AA1"},"F94":{"t":"PA24"},"F96":{"t":"C82T"},"F97":{"t":"BE24"},"F98":{"t":"PA38"},"F9B":{"t":"P28B"},"F9C":{"t":"C182"},"F9D":{"t":"T210"},"FA0":{"t":"ERCO"},"FA3":{"t":"ERCO"},"FA5":{"t":"ERCO"},"FA6":{"t":"ERCO"},"FA7":{"t":"BL17"},"FAA":{"t":"PA22"},"FB6":{"t":"AS50"},"FB7":{"t":"B738"},"FBB":{"t":"C72R"},"FBC":{"t":"B712"},"FBE":{"desc":"L2J","t":"A20N"},"FC2":{"desc":"L2T"},"FC6":{"t":"S22T"},"FD1":{"t":"M20P"},"FDC":{"t":"S108"},"FE6":{"t":"C208"},"FEA":{"desc":"L1P"},"FF6":{"t":"DV20"},"FF7":{"desc":"L1P"},"FF8":{"t":"P28R"},"FFE":{"t":"BE33"}}