{"9003":{"t":"B738"},"9010":{"t":"SR20"},"9012":{"t":"BE36"},"9041":{"desc":"A1P"},"9049":{"t":"B06"},"904C":{"t":"B407"},"9055":{"desc":"L1P"},"905A":{"t":"BE36"},"905C":{"t":"GLF5"},"905E":{"t":"SR22"},"9060":{"t":"PA32"},"9067":{"t":"S22T"},"906A":{"t":"C182"},"906C":{"t":"A119"},"906F":{"t":"CRJ2"},"907F":{"t":"P28A"},"9084":{"t":"AC11"},"908C":{"desc":"L1P"},"908D":{"desc":"H4E"},"90A3":{"t":"A321"},"90C2":{"t":"C175"},"90DF":{"desc":"L1P"},"90F0":{"desc":"L1P"},"9126":{"t":"PA22"},"9128":{"t":"C172"},"9129":{"t":"C180"},"912D":{"t":"BE23"},"912E":{"t":"M20P"},"9130":{"t":"PA18"},"9131":{"t":"BE24"},"9135":{"t":"AA5"},"9136":{"t":"C172"},"9138":{"t":"C210"},"9139":{"t":"BE33"},"913B":{"t":"C182"},"913C":{"t":"S108"},"9140":{"t":"S108"},"9142":{"t":"C182"},"9144":{"t":"C182"},"9146":{"t":"C170"},"914A":{"t":"AR11"},"914B":{"t":"C172"},"914F":{"t":"PA34"},"9150":{"t":"BE23"},"9151":{"t":"M20P"},"9157":{"t":"C172"},"9158":{"t":"AA5"},"915A":{"t":"P28A"},"915B":{"t":"C210"},"915C":{"t":"BE33"},"915F":{"t":"C172"},"9161":{"t":"C172"},"9169":{"t":"C170"},"916C":{"t":"PA22"},"916D":{"t":"BL17"},"916F":{"t":"C180"},"9170":{"t":"C172"},"9171":{"t":"P28A"},"9178":{"t":"BE35"},"917C":{"t":"C172"},"917D":{"t":"P28A"},"9180":{"desc":"L1P"},"9184":{"desc":"L1P"},"918B":{"desc":"L1P"},"918C":{"t":"C152"},"918D":{"desc":"L1P"},"918F":{"t":"PA22"},"9190":{"t":"BL17"},"9193":{"t":"C182"},"9196":{"t":"C172"},"9197":{"t":"M20P"},"919F":{"t":"C172"},"91A2":{"t":"BE55"},"91A6":{"t":"S108"},"91A8":{"t":"S108"},"91AA":{"t":"C182"},"91AC":{"t":"S108"},"91AF":{"t":"C170"},"91B0":{"t":"C72R"},"91B1":{"t":"UH12"},"91B3":{"t":"AR11"},"91B7":{"t":"P28A"},"91B8":{"t":"S108"},"91BA":{"t":"M20P"},"91BC":{"t":"PA18"},"91BE":{"t":"BE35"},"91C1":{"t":"AA5"},"91C7":{"desc":"L1P"},"91C8":{"t":"S108"},"91CA":{"t":"S108"},"91CB":{"desc":"L1P"},"91CC":{"t":"C182"},"91CD":{"t":"S108"},"91DB":{"t":"S108"},"91DF":{"t":"PA18"},"91E4":{"t":"AA5"},"91E7":{"t":"C210"},"91E8":{"t":"BE35"},"91EA":{"desc":"L1P"},"91ED":{"t":"M20T"},"91EE":{"t":"S108"},"91F2":{"t":"C172"},"91F3":{"t":"S108"},"91F6":{"t":"C180"},"91F8":{"t":"PA22"},"91F9":{"t":"AR11"},"91FB":{"t":"C180"},"91FC":{"t":"C182"},"9200":{"t":"C207"},"9202":{"t":"PA25"},"9203":{"t":"BE24"},"9204":{"t":"BE35"},"920B":{"t":"BE35"},"920E":{"t":"C182"},"9212":{"t":"C182"},"9215":{"t":"S108"},"9216":{"t":"S108"},"9218":{"desc":"L1P"},"921A":{"t":"UH12"},"921B":{"t":"PA22"},"921E":{"t":"C180"},"921F":{"t":"C182"},"9222":{"t":"BE19"},"9226":{"t":"BE24"},"9228":{"t":"BE58"},"9229":{"t":"PA38"},"922B":{"t":"C172"},"922C":{"t":"P28A"},"9231":{"desc":"L1P"},"9239":{"desc":"L1P"},"923B":{"t":"C170"},"923C":{"t":"C208"},"923F":{"t":"AR11"},"9242":{"t":"C182"},"9246":{"t":"M20P"},"924A":{"t":"BE35"},"924F":{"t":"P28A"},"9250":{"t":"C210"},"9252":{"t":"B47G"},"9253":{"t":"C182"},"9258":{"t":"C182"},"9259":{"t":"C182"},"925C":{"t":"S108"},"925D":{"desc":"L1P"},"9260":{"t":"UH12"},"9262":{"t":"BL17"},"9264":{"t":"C180"},"9265":{"t":"C182"},"9266":{"t":"P28A"},"926D":{"t":"BE35"},"9270":{"t":"AA1"},"9274":{"t":"BE33"},"927A":{"t":"C182"},"927C":{"t":"C182"},"927E":{"t":"C182"},"9280":{"t":"PTS2"},"9281":{"t":"PA22"},"9282":{"desc":"L2T"},"9284":{"t":"P28A"},"928B":{"desc":"L2J","t":"B39M"},"928E":{"t":"B738"},"9293":{"t":"B712"},"9295":{"t":"A332"},"929A":{"t":"BE33"},"929C":{"t":"BALL"},"929D":{"t":"C172"},"92A4":{"t":"F900"},"92A8":{"desc":"L1P"},"92B3":{"t":"P32R"},"92B5":{"t":"ULAC"},"92B6":{"t":"BE35"},"92B9":{"t":"C421"},"92C1":{"t":"BE55"},"92C2":{"t":"GLID"},"92C4":{"t":"PA31"},"92C5":{"t":"DV20"},"92C8":{"t":"H269"},"92CC":{"desc":"L1P","t":"ULAC"},"92CD":{"t":"DV20"},"92CE":{"t":"C172"},"92D5":{"t":"S22T"},"92D7":{"t":"MD88"},"92F9":{"t":"CRJ2"},"92FD":{"desc":"L1P"},"9302":{"t":"B752"},"930B":{"desc":"L1P"},"9317":{"t":"P32R"},"9322":{"desc":"L1P"},"932B":{"desc":"L1P"},"9330":{"t":"B407"},"933E":{"t":"AS50"},"9340":{"t":"F2TH"},"9349":{"desc":"H1P"},"934B":{"desc":"A1T","t":"KODI"},"934D":{"t":"GLF4"},"9355":{"desc":"L1P"},"9359":{"desc":"L1P"},"935A":{"desc":"L1P"},"935B":{"t":"A321"},"9373":{"t":"S22T"},"9394":{"t":"A321"},"9395":{"t":"P28A"},"939C":{"t":"C240"},"93A2":{"desc":"L1P"},"93AE":{"desc":"L1P"},"93C7":{"t":"SR20"},"93C9":{"t":"C182"},"93DF":{"t":"BE35"},"93E0":{"t":"E300"},"93EF":{"t":"C208"},"93F8":{"desc":"L4P"},"9400":{"t":"B230"},"9402":{"t":"SR20"},"9414":{"t":"E55P"},"9417":{"t":"C172"},"9418":{"t":"C182"},"941F":{"t":"C172"},"9421":{"t":"SR22"},"9423":{"t":"A119"},"9429":{"t":"GLF5"},"942A":{"t":"BE33"},"942B":{"t":"C172"},"942D":{"t":"BALL"},"945A":{"t":"A321"},"9460":{"desc":"L1P"},"9470":{"desc":"L3J","t":"DC10"},"9477":{"t":"B06"},"947B":{"t":"COL3"},"94DD":{"t":"PA22"},"94DE":{"t":"BL17"},"94E0":{"t":"C180"},"94E2":{"t":"P28A"},"94E9":{"t":"BE35"},"94EE":{"t":"P28A"},"94F3":{"t":"L8"},"94F5":{"t":"S108"},"94F7":{"t":"S108"},"94F9":{"t":"S108"},"94FA":{"t":"S108"},"94FD":{"t":"C170"},"9502":{"t":"C172"},"9505":{"t":"P28A"},"9508":{"t":"M20P"},"950C":{"t":"BE35"},"950E":{"t":"PA38"},"9510":{"desc":"L1P"},"9512":{"t":"C210"},"9513":{"t":"BE33"},"9515":{"t":"C182"},"9516":{"t":"S108"},"9518":{"t":"C182"},"951A":{"t":"S108"},"9521":{"t":"C72R"},"9523":{"t":"PA22"},"9524":{"t":"AR11"},"9527":{"t":"C182"},"9529":{"t":"S108"},"952B":{"t":"M20P"},"952E":{"t":"BE23"},"9533":{"t":"C188"},"9534":{"t":"P28A"},"9536":{"t":"BE33"},"9538":{"t":"S108"},"9539":{"desc":"L1P"},"9540":{"t":"C172"},"9541":{"t":"M20T"},"9543":{"t":"C170"},"9544":{"t":"C72R"},"9547":{"t":"AR11"},"954A":{"t":"C82S"},"954B":{"t":"P28A"},"954D":{"t":"BE23"},"954E":{"t":"M20P"},"954F":{"t":"VALI"},"9556":{"desc":"L1P","t":"ULAC"},"9557":{"t":"P28A"},"955C":{"t":"S108"},"955D":{"t":"S108"},"955E":{"t":"C182"},"9560":{"t":"C182"},"9563":{"t":"S108"},"9566":{"t":"C170"},"9569":{"t":"C172"},"956A":{"t":"BL17"},"956D":{"t":"ST75"},"956E":{"t":"P28A"},"9571":{"t":"M20P"},"9573":{"t":"PA18"},"9574":{"t":"BE23"},"9577":{"desc":"L1T"},"9578":{"t":"AA5"},"957A":{"t":"P28A"},"957C":{"t":"BE35"},"957E":{"t":"S108"},"9581":{"t":"C182"},"9584":{"t":"C182"},"958B":{"t":"P28A"},"958D":{"t":"BL17"},"9591":{"t":"P28A"},"9592":{"t":"S108"},"9594":{"t":"M20P"},"9598":{"t":"BE35"},"959A":{"t":"C172"},"959B":{"t":"AA5"},"959D":{"t":"P28A"},"95A3":{"t":"C182"},"95A4":{"t":"C182"},"95A5":{"t":"S108"},"95A7":{"t":"C182"},"95A9":{"t":"S108"},"95AA":{"t":"C172"},"95AC":{"t":"C170"},"95AD":{"t":"C72R"},"95AF":{"t":"PA22"},"95B0":{"t":"AR11"},"95B4":{"t":"P28A"},"95BA":{"t":"BE24"},"95C0":{"t":"P28A"},"95C1":{"t":"C210"},"95C2":{"t":"T210"},"95C7":{"t":"S108"},"95C9":{"t":"C172"},"95CA":{"t":"S108"},"95CB":{"t":"C182"},"95CC":{"t":"S108"},"95CD":{"t":"C182"},"95D2":{"t":"PA22"},"95D5":{"t":"C188"},"95D6":{"t":"C182"},"95D7":{"t":"P28A"},"95DA":{"t":"M20P"},"95E0":{"t":"C172"},"95E1":{"t":"AA5"},"95E3":{"t":"P28A"},"95E5":{"t":"BE35"},"95E7":{"t":"S108"},"95EA":{"t":"C310"},"95F0":{"t":"S108"},"95F2":{"t":"C170"},"95F6":{"t":"BL17"},"95F8":{"t":"C180"},"95FA":{"t":"P28A"},"9600":{"t":"BE19"},"9601":{"t":"BE35"},"9604":{"t":"AA5"},"9606":{"t":"P28A"},"9608":{"t":"T28"},"9609":{"t":"T210"},"960C":{"t":"S108"},"960E":{"t":"S108"},"960F":{"t":"C182"},"9610":{"t":"S108"},"9611":{"t":"C182"},"9613":{"t":"C172"},"9616":{"t":"C180"},"9617":{"t":"UH12"},"9618":{"t":"PA22"},"961B":{"t":"C188"},"961D":{"t":"P28A"},"9623":{"t":"BE23"},"9627":{"t":"AA5"},"962A":{"t":"C210"},"962B":{"t":"BE55"},"962E":{"t":"S108"},"9632":{"t":"CH7A"},"9637":{"t":"BE55"},"9638":{"t":"PA22"},"9639":{"desc":"L2P"},"963A":{"desc":"L1P"},"963B":{"t":"P28A"},"963E":{"t":"GLID"},"9642":{"desc":"L2J","t":"B39M"},"9645":{"t":"B738"},"964A":{"t":"B712"},"964C":{"t":"A332"},"9650":{"desc":"L1P","t":"ULAC"},"9651":{"t":"BE33"},"9654":{"t":"BL8"},"9655":{"t":"BE40"},"9656":{"t":"P32R"},"9659":{"t":"B47G"},"965D":{"desc":"L1P"},"965F":{"desc":"L1P"},"9662":{"t":"BL8"},"966A":{"t":"S108"},"966B":{"t":"TBM7"},"966D":{"desc":"L1P","t":"ULAC"},"9678":{"t":"C182"},"967B":{"t":"T206"},"967F":{"t":"SR22"},"9683":{"desc":"L1P"},"968A":{"t":"HUSK"},"968F":{"t":"LJ45"},"9694":{"t":"DA40"},"96A2":{"desc":"L2T"},"96B0":{"t":"CRJ2"},"96B1":{"desc":"L1P"},"96CE":{"desc":"L1P"},"96DC":{"desc":"L1P"},"96DE":{"t":"GLF4"},"96E2":{"t":"P06T"},"96F5":{"t":"AS50"},"9702":{"t":"TBM7"},"970C":{"desc":"L1P"},"9711":{"t":"C750"},"9712":{"t":"A321"},"971A":{"t":"B350"},"9732":{"t":"DA40"},"9737":{"t":"P28A"},"973D":{"desc":"L1P"},"973E":{"desc":"H4E"},"9746":{"t":"LJ60"},"974B":{"desc":"L1P"},"974C":{"t":"PA46"},"974E":{"t":"COL3"},"974F":{"t":"C56X"},"9757":{"t":"AS50"},"975D":{"t":"F2TH"},"9769":{"t":"S22T"},"9787":{"desc":"L1P"},"978E":{"desc":"L1P","t":"ULAC"},"9792":{"t":"SR22"},"9796":{"t":"BE35"},"9799":{"t":"BE35"},"97AF":{"t":"BE35"},"97B0":{"desc":"L1P"},"97B6":{"t":"GLF3"},"97B7":{"t":"B06"},"97B8":{"t":"M20P"},"97C3":{"desc":"L1P"},"97C8":{"t":"CH7B"},"97CB":{"desc":"H1T"},"97CE":{"t":"AT5T"},"97D6":{"t":"BE9L"},"97D8":{"t":"C182"},"97DA":{"t":"A119"},"97DD":{"t":"CRJ2"},"97E1":{"t":"BE33"},"97E2":{"t":"C172"},"97E3":{"t":"TBM7"},"97EB":{"t":"SR20"},"97F1":{"t":"B06"},"97F7":{"t":"C750"},"9811":{"t":"A321"},"9825":{"desc":"L1P"},"982C":{"t":"BE36"},"9838":{"desc":"A1P"},"983A":{"t":"B350"},"9893":{"t":"BE35"},"9897":{"t":"C180"},"9899":{"t":"P28A"},"989B":{"t":"C172"},"989D":{"desc":"L1P"},"989F":{"t":"C172"},"98A3":{"t":"AA5"},"98A8":{"desc":"A2P"},"98AA":{"t":"S108"},"98AC":{"t":"C182"},"98AD":{"t":"S108"},"98B0":{"t":"S108"},"98B1":{"t":"C182"},"98B4":{"t":"C170"},"98B5":{"t":"C180"},"98BA":{"t":"C180"},"98BC":{"t":"P28A"},"98BD":{"t":"S108"},"98BF":{"t":"M20P"},"98C5":{"t":"C172"},"98C6":{"t":"AA5"},"98CA":{"t":"BE33"},"98CF":{"t":"C182"},"98D3":{"t":"S108"},"98D4":{"t":"S108"},"98D8":{"t":"C72R"},"98D9":{"t":"P28A"},"98DB":{"t":"AR11"},"98DE":{"t":"ST75"},"98E1":{"t":"BE24"},"98E3":{"t":"M5"},"98E5":{"t":"AEST"},"98E6":{"t":"BE35"},"98E9":{"t":"AA5"},"98EC":{"t":"C210"},"98EE":{"t":"C206"},"98EF":{"t":"S108"},"98F2":{"t":"C182"},"98F5":{"t":"S108"},"98F7":{"t":"C172"},"98F9":{"t":"GLID"},"98FA":{"t":"C170"},"9903":{"t":"S108"},"9904":{"desc":"L1P"},"9906":{"desc":"L1P"},"9909":{"t":"BE35"},"990B":{"t":"C172"},"990C":{"t":"AA5"},"990D":{"t":"C188"},"990E":{"t":"P28A"},"9913":{"t":"S108"},"9915":{"t":"C182"},"9917":{"t":"S108"},"9919":{"t":"S108"},"991A":{"t":"S108"},"991C":{"t":"GLID"},"991F":{"t":"UH12"},"9920":{"t":"PA22"},"9922":{"t":"C172"},"9923":{"t":"C180"},"9925":{"t":"P28A"},"9928":{"t":"M20P"},"992C":{"t":"BE35"},"9935":{"t":"C182"},"9938":{"t":"C182"},"993D":{"t":"S108"},"993E":{"t":"C172"},"9941":{"t":"C180"},"9943":{"t":"C172"},"9947":{"t":"C182"},"9948":{"t":"P28A"},"9949":{"t":"S108"},"994A":{"t":"BE24"},"994F":{"t":"BE35"},"9954":{"t":"P28A"},"995B":{"t":"C182"},"995C":{"t":"S108"},"995D":{"t":"S108"},"9960":{"t":"S108"},"9962":{"desc":"L1P"},"9967":{"t":"AR11"},"996B":{"t":"P28A"},"996C":{"t":"S108"},"9972":{"t":"BE35"},"9976":{"t":"C188"},"9979":{"t":"BE33"},"997E":{"t":"C182"},"9982":{"t":"S108"},"9983":{"t":"S108"},"998A":{"t":"AR11"},"998E":{"t":"P28A"},"998F":{"desc":"L1P"},"9990":{"t":"BE23"},"9995":{"t":"BE35"},"9997":{"t":"PA38"},"9998":{"t":"AA5"},"999A":{"t":"P28A"},"999C":{"t":"BE35"},"999D":{"t":"PA22"},"999F":{"t":"S108"},"99A0":{"t":"S108"},"99A3":{"t":"S108"},"99A5":{"t":"S108"},"99A6":{"t":"C182"},"99AA":{"t":"C72R"},"99AC":{"t":"PA22"},"99AD":{"t":"AR11"},"99B0":{"t":"C182"},"99B1":{"t":"P28A"},"99B8":{"t":"BE35"},"99BE":{"t":"C210"},"99C1":{"t":"C182"},"99C2":{"t":"S108"},"99C7":{"t":"S108"},"99C9":{"t":"C172"},"99CC":{"t":"C170"},"99CD":{"t":"C180"},"99CF":{"desc":"L1P"},"99D2":{"t":"C188"},"99D3":{"t":"C82S"},"99D4":{"t":"P28A"},"99DB":{"t":"BE35"},"99DE":{"t":"M20T"},"99E1":{"t":"C210"},"99E5":{"t":"S108"},"99E9":{"t":"S108"},"99EA":{"t":"C182"},"99EC":{"t":"C182"},"99ED":{"t":"S108"},"99EE":{"desc":"L1P"},"99F2":{"t":"P28A"},"99FA":{"t":"S76"},"99FC":{"t":"B738"},"9A01":{"t":"S22T"},"9A04":{"desc":"L2P"},"9A07":{"t":"PA27"},"9A09":{"t":"SR22"},"9A0A":{"desc":"L1P"},"9A0F":{"t":"ULAC"},"9A10":{"t":"L39"},"9A21":{"t":"S108"},"9A22":{"t":"BE76"},"9A2A":{"t":"S22T"},"9A2D":{"desc":"L1T"},"9A2F":{"t":"C182"},"9A33":{"t":"DV20"},"9A36":{"t":"AT3T"},"9A3C":{"desc":"L1P"},"9A42":{"desc":"L1P"},"9A45":{"t":"MD88"},"9A48":{"desc":"L1P"},"9A4A":{"desc":"L1P"},"9A4B":{"t":"BE35"},"9A53":{"t":"C208"},"9A56":{"t":"RV12"},"9A67":{"t":"CRJ2"},"9A71":{"t":"C208"},"9A86":{"t":"C550"},"9A91":{"desc":"L1P"},"9A99":{"t":"P06T"},"9AAC":{"t":"AS50"},"9AB9":{"t":"S22T"},"9ABA":{"desc":"L1P"},"9AC2":{"desc":"L1P"},"9AC3":{"t":"B737"},"9AC8":{"t":"C750"},"9AC9":{"t":"A321"},"9ACC":{"t":"SR22"},"9AD3":{"t":"BE20"},"9AE9":{"t":"DA40"},"9AFA":{"desc":"L1P"},"9B02":{"t":"FA10"},"9B03":{"t":"AC11"},"9B0C":{"t":"BE55"},"9B13":{"t":"AA5"},"9B27":{"t":"AT8T"},"9B28":{"t":"B738"},"9B34":{"desc":"L1P"},"9B35":{"t":"DV20"},"9B6B":{"t":"BALL"},"9B6E":{"desc":"L1P"},"9B6F":{"t":"ULAC"},"9B7F":{"t":"RV12"},"9B82":{"desc":"L2J"},"9B85":{"desc":"H1T"},"9B87":{"t":"R22"},"9B8D":{"t":"C172"},"9B8F":{"t":"BE58"},"9B91":{"t":"A119"},"9B94":{"t":"CRJ2"},"9B98":{"t":"BE33"},"9B9B":{"t":"BALL"},"9BA3":{"desc":"L2P"},"9BA8":{"t":"S76"},"9BAD":{"t":"MD83"},"9BB2":{"desc":"H6E"},"9BC8":{"t":"A321"},"9BCA":{"t":"BE55"},"9BE5":{"t":"P32R"},"9BE6":{"t":"P28R"},"9BEF":{"desc":"L1P"},"9BF5":{"t":"C560"},"9C49":{"t":"C208"},"9C4A":{"t":"P28A"},"9C4B":{"t":"PA22"},"9C50":{"t":"P28A"},"9C53":{"t":"M20P"},"9C5A":{"t":"AA5"},"9C5C":{"t":"P28A"},"9C5D":{"t":"C210"},"9C61":{"t":"C182"},"9C63":{"t":"S108"},"9C65":{"t":"S108"},"9C66":{"t":"S108"},"9C67":{"t":"S108"},"9C6C":{"t":"C208"},"9C6F":{"t":"AR11"},"9C72":{"t":"C182"},"9C74":{"t":"S108"},"9C78":{"t":"PA18"},"9C7F":{"t":"P28A"},"9C80":{"t":"T206"},"9C81":{"t":"BE35"},"9C83":{"t":"S108"},"9C84":{"t":"C182"},"9C87":{"t":"S108"},"9C89":{"t":"S108"},"9C8A":{"t":"S108"},"9C8C":{"t":"S108"},"9C8F":{"t":"C208"},"9C90":{"t":"UH12"},"9C91":{"t":"PA22"},"9C92":{"t":"C180"},"9C95":{"t":"FA62"},"9C97":{"t":"S108"},"9C9B":{"t":"PA25"},"9C9C":{"t":"AEST"},"9CA3":{"t":"C210"},"9CA8":{"t":"C182"},"9CAC":{"t":"S108"},"9CAD":{"t":"C182"},"9CAE":{"t":"S108"},"9CAF":{"desc":"L1P"},"9CB1":{"t":"C170"},"9CB2":{"t":"C180"},"9CB8":{"t":"C82S"},"9CB9":{"t":"P28A"},"9CBC":{"t":"M20P"},"9CC0":{"t":"BE35"},"9CC2":{"t":"PA38"},"9CC7":{"t":"BE35"},"9CC9":{"t":"C182"},"9CCB":{"desc":"L2P"},"9CCC":{"t":"C182"},"9CCD":{"t":"S108"},"9CCE":{"t":"S108"},"9CD0":{"t":"S108"},"9CD3":{"t":"GLID"},"9CD5":{"t":"C180"},"9CD6":{"t":"P28A"},"9CD8":{"t":"BL17"},"9CD9":{"t":"C172"},"9CDA":{"t":"C180"},"9CDD":{"t":"P28R"},"9CDF":{"t":"M20P"},"9CE3":{"t":"BE35"},"9CE8":{"t":"P28A"},"9CEA":{"t":"BE33"},"9CEC":{"t":"C182"},"9CEE":{"t":"M20P"},"9CF0":{"t":"S108"},"9CF3":{"t":"S108"},"9CFA":{"t":"PA22"},"9CFF":{"t":"P28A"},"9D01":{"t":"BE23"},"9D02":{"t":"M20P"},"9D06":{"t":"BE35"},"9D0B":{"t":"P28A"},"9D0D":{"t":"BE35"},"9D0E":{"desc":"L1P"},"9D0F":{"t":"C172"},"9D10":{"t":"S108"},"9D11":{"t":"S108"},"9D12":{"t":"S108"},"9D13":{"t":"S108"},"9D15":{"t":"S108"},"9D1B":{"t":"C208"},"9D1D":{"t":"PA22"},"9D1E":{"t":"AR11"},"9D30":{"t":"BE35"},"9D31":{"desc":"L1P"},"9D33":{"t":"C182"},"9D34":{"t":"C172"},"9D35":{"t":"S108"},"9D38":{"t":"S108"},"9D3C":{"desc":"A2P"},"9D42":{"t":"C172"},"9D43":{"t":"C180"},"9D44":{"t":"C182"},"9D45":{"t":"P28A"},"9D48":{"t":"M20P"},"9D4A":{"t":"PA25"},"9D4C":{"t":"BE35"},"9D4F":{"t":"AA5"},"9D51":{"t":"P28A"},"9D52":{"t":"C210"},"9D57":{"t":"C182"},"9D59":{"t":"C172"},"9D5D":{"t":"C182"},"9D5E":{"t":"S108"},"9D5F":{"t":"G164"},"9D60":{"t":"C170"},"9D62":{"t":"PA32"},"9D68":{"t":"P28A"},"9D69":{"t":"P28S"},"9D6F":{"t":"BE35"},"9D74":{"t":"P28A"},"9D75":{"t":"C182"},"9D79":{"t":"C172"},"9D7B":{"t":"C182"},"9D7D":{"t":"C182"},"9D7E":{"t":"S108"},"9D7F":{"t":"C182"},"9D81":{"t":"S108"},"9D83":{"t":"C170"},"9D85":{"t":"GLID"},"9D87":{"t":"AR11"},"9D8A":{"t":"C182"},"9D8B":{"t":"P28A"},"9D9A":{"t":"C180"},"9D9D":{"t":"S108"},"9D9E":{"t":"S108"},"9D9F":{"t":"S108"},"9DA0":{"t":"S108"},"9DA2":{"t":"S108"},"9DA4":{"t":"S108"},"9DA6":{"desc":"L1P"},"9DA7":{"t":"BE9L"},"9DA9":{"t":"P28A"},"9DAB":{"t":"G280"},"9DAC":{"t":"C750"},"9DAD":{"t":"BE55"},"9DB0":{"desc":"L2J","t":"B39M"},"9DB6":{"desc":"H4E"},"9DB8":{"t":"B712"},"9DBA":{"t":"H25B"},"9DC2":{"t":"P28R"},"9DC7":{"t":"C421"},"9DD1":{"desc":"L1P","t":"ULAC"},"9DDA":{"t":"GLF4"},"9DDB":{"desc":"L1P","t":"ULAC"},"9DE0":{"t":"B06"},"9DE4":{"t":"SR22"},"9DE6":{"t":"F2TH"},"9DE9":{"t":"T206"},"9DEA":{"t":"BE36"},"9DF2":{"desc":"L1P"},"9DF3":{"desc":"L1P"},"9DF5":{"t":"C182"},"9DFD":{"t":"C560"},"9E02":{"t":"M20P"},"9E03":{"t":"C560"},"9E06":{"t":"C172"},"9E0E":{"t":"FA62"},"9E1A":{"t":"SR22"},"9E1E":{"t":"CRJ2"},"9E27":{"t":"B752"},"9E28":{"t":"C208"},"9E3C":{"t":"PAY1"},"9E3D":{"t":"GLF5"},"9E42":{"t":"BE58"},"9E43":{"t":"C206"},"9E4D":{"t":"FA7X"},"9E4E":{"t":"BE20"},"9E50":{"t":"P06T"},"9E57":{"desc":"L1P"},"9E5C":{"t":"H25B"},"9E66":{"t":"GLF5"},"9E6E":{"t":"P28A"},"9E71":{"t":"P46T"},"9E73":{"t":"A321"},"9E75":{"t":"B737"},"9E76":{"t":"C680"},"9E78":{"t":"E55P"},"9E79":{"t":"BE33"},"9E7A":{"t":"BE40"},"9E7C":{"t":"LJ31"},"9E7F":{"desc":"L1P"},"9E80":{"desc":"L1P"},"9E8E":{"t":"FA50"},"9E90":{"t":"C172"},"9E93":{"t":"BE35"},"9EA0":{"t":"DA40"},"9EA1":{"t":"C82R"},"9EA2":{"t":"PA34"},"9EA3":{"t":"H25B"},"9EB0":{"t":"M20T"},"9EB9":{"desc":"L1P"},"9EBA":{"t":"P28A"},"9EBB":{"t":"SF50"},"9EBC":{"t":"BE33"},"9EBD":{"desc":"L1T"},"9EC0":{"t":"M7"},"9EC7":{"t":"C441"},"9EC9":{"t":"C560"},"9ECA":{"t":"B407"},"9EDF":{"t":"B738"},"9EEC":{"t":"BE76"},"9EEE":{"desc":"L1T"},"9EF7":{"t":"PA44"},"9EFD":{"t":"BE20"},"9F00":{"desc":"L1P","t":"ULAC"},"9F04":{"t":"BE35"},"9F1D":{"desc":"L1P"},"9F1F":{"desc":"L1P"},"9F26":{"t":"LJ45"},"9F29":{"t":"AT8T"},"9F31":{"desc":"L1P"},"9F37":{"t":"GLF5"},"9F38":{"t":"BE9L"},"9F3C":{"t":"PA34"},"9F42":{"t":"C421"},"9F45":{"t":"C172"},"9F46":{"t":"SR22"},"9F48":{"desc":"H1P"},"9F4F":{"t":"BE50"},"9F52":{"t":"C680"},"9F58":{"t":"PA46"},"9F5B":{"t":"P32T"},"9F60":{"t":"GLID"},"9F7F":{"t":"A321"},"9F81":{"t":"BE55"},"9F89":{"t":"EA50"},"9F8D":{"t":"PA18"},"9F9A":{"desc":"L1P"},"9F9C":{"t":"R44"},"9F9D":{"t":"P28R"},"9FA0":{"desc":"H1T"},"9FA2":{"desc":"L1P"},"9FAC":{"desc":"L1P"},"9FBE":{"t":"PC12"},"9FFF":{"t":"C170"},"F000":{"t":"PA18"},"F003":{"t":"C182"},"F004":{"t":"AA5"},"F005":{"t":"C172"},"F006":{"t":"P28A"},"F008":{"t":"PA18"},"F00A":{"t":"C172"},"F00D":{"t":"ERCO"},"F011":{"desc":"L1T"},"F012":{"t":"ERCO"},"F016":{"t":"C182"},"F019":{"t":"C182"},"F01A":{"t":"C172"},"F01C":{"t":"C182"},"F021":{"t":"C180"},"F024":{"t":"BE95"},"F026":{"t":"PA38"},"F02A":{"t":"C185"},"F02D":{"t":"ERCO"},"F02E":{"t":"S108"},"F030":{"t":"C172"},"F031":{"t":"ERCO"},"F037":{"t":"C172"},"F039":{"t":"C182"},"F03A":{"t":"C82R"},"F03B":{"desc":"L1P"},"F03C":{"t":"C182"},"F03E":{"t":"C188"},"F044":{"t":"C180"},"F045":{"t":"PA36"},"F049":{"t":"C182"},"F04A":{"t":"AA1"},"F04D":{"t":"C185"},"F050":{"t":"ERCO"},"F056":{"t":"ERCO"},"F059":{"t":"BE18"},"F05C":{"desc":"H4E"},"F060":{"desc":"L1P"},"F062":{"t":"M20T"},"F066":{"t":"LJ45"},"F068":{"t":"A321"},"F06D":{"t":"B712"},"F074":{"t":"CH7B"},"F076":{"t":"BE36"},"F077":{"t":"BL8"},"F07C":{"t":"BALL"},"F080":{"t":"FA20"},"F082":{"t":"BALL"},"F088":{"desc":"H8E"},"F089":{"t":"BE30"},"F090":{"desc":"A1P","t":"PA18"},"F091":{"t":"SR22"},"F097":{"t":"FA20"},"F099":{"t":"C525"},"F09B":{"t":"C172"},"F09F":{"t":"P28A"},"F0A2":{"desc":"L1P","t":"ULAC"},"F0A3":{"t":"C750"},"F0A7":{"t":"BE36"},"F0A8":{"t":"B407"},"F0A9":{"t":"DV20"},"F0AC":{"t":"S22T"},"F0B1":{"t":"MD88"},"F0B2":{"t":"BE95"},"F0B7":{"desc":"L1P"},"F0BB":{"t":"C172"},"F0BD":{"t":"BALL"},"F0C0":{"t":"C560"},"F0C1":{"desc":"L1P"},"F0C2":{"t":"M20T"},"F0C4":{"t":"GLID"},"F0C9":{"t":"SR22"},"F0CB":{"t":"GLID"},"F0D9":{"t":"GLF5"},"F0DC":{"t":"B752"},"F0DD":{"t":"C208"},"F0DE":{"t":"BE40"},"F0F1":{"t":"C680"},"F0F3":{"t":"C560"},"F0F4":{"t":"E55P"},"F0FD":{"desc":"L1P"},"F0FF":{"t":"GLF4"},"F102":{"desc":"H6E"},"F110":{"desc":"H1T"},"F111":{"desc":"L1P"},"F124":{"t":"C310"},"F128":{"t":"A321"},"F12A":{"t":"BE36"},"F12E":{"t":"C560"},"F12F":{"desc":"L1P"},"F134":{"t":"M7"},"F138":{"t":"SR22"},"F14E":{"desc":"L1P"},"F157":{"t":"BALL"},"F160":{"t":"SR20"},"F161":{"t":"PAY2"},"F166":{"t":"BE36"},"F167":{"t":"BE35"},"F16A":{"desc":"L1P"},"F16E":{"t":"C172"},"F16F":{"t":"P32R"},"F175":{"desc":"L1P"},"F178":{"desc":"H1T"},"F17A":{"t":"PA32"},"F17F":{"t":"R44"},"F189":{"t":"GLF5"},"F18A":{"t":"M20P"},"F190":{"t":"LJ45"},"F194":{"t":"B738"},"F1A1":{"t":"PRM1"},"F1A2":{"t":"GLF6"},"F1A4":{"desc":"H6E"},"F1AB":{"t":"BE36"},"F1AC":{"t":"BE36"},"F1AE":{"t":"AS50"},"F1B5":{"t":"P28B"},"F1B9":{"t":"BE55"},"F1BC":{"t":"G164"},"F1D3":{"t":"C172"},"F1D5":{"t":"SR22"},"F1E3":{"t":"GLID"},"F1E6":{"desc":"L1P"},"F1EB":{"desc":"L1P"},"F1EC":{"t":"C560"},"F1ED":{"t":"C82S"},"F1EE":{"desc":"L1P","t":"ULAC"},"F1EF":{"t":"AS50"},"F1F0":{"t":"C172"},"F1F2":{"t":"BALL"},"F1F3":{"t":"H500"},"F1F7":{"t":"M20P"},"F1F9":{"t":"BALL"},"F1FD":{"t":"CL60"},"F204":{"t":"BE33"},"F20B":{"desc":"L1P","t":"ULAC"},"F20C":{"desc":"L1P"},"F210":{"desc":"L1P"},"F212":{"t":"R44"},"F214":{"desc":"A1P","t":"ULAC"},"F215":{"t":"C550"},"F216":{"desc":"L1P"},"F219":{"t":"C560"},"F21A":{"t":"C750"},"F248":{"t":"BALL"},"F24F":{"desc":"L1P"},"F253":{"desc":"H4E"},"F25D":{"desc":"L1P"},"F261":{"t":"SR22"},"F278":{"desc":"L1J"},"F296":{"t":"ULAC"},"F29A":{"desc":"A1P"},"F2B4":{"t":"C170"},"F2B5":{"t":"C182"},"F2B8":{"t":"C182"},"F2BA":{"t":"C188"},"F2BE":{"t":"AA1"},"F2C8":{"t":"P28A"},"F2CC":{"t":"BE18"},"F2CD":{"t":"BE18"},"F2D1":{"t":"PC12"},"F2D3":{"t":"ERCO"},"F2D4":{"t":"ERCO"},"F2D5":{"t":"GLID"},"F2DC":{"t":"C172"},"F2E3":{"t":"C206"},"F2E4":{"t":"PA36"},"F2E6":{"t":"BE95"},"F2E8":{"t":"PA38"},"F2E9":{"t":"AA5"},"F2EA":{"t":"C172"},"F2ED":{"desc":"L2P"},"F2EF":{"t":"ERCO"},"F2F0":{"t":"ERCO"},"F2F1":{"t":"ERCO"},"F2F3":{"t":"GLID"},"F2F5":{"t":"ERCO"},"F2F7":{"t":"GLID"},"F2F9":{"t":"G164"},"F2FB":{"t":"C182"},"F304":{"t":"AA1"},"F30B":{"t":"C182"},"F310":{"t":"T210"},"F312":{"t":"ERCO"},"F315":{"t":"ERCO"},"F317":{"t":"ERCO"},"F318":{"t":"C172"},"F31A":{"t":"ERCO"},"F31E":{"t":"C182"},"F324":{"t":"C182"},"F325":{"t":"C188"},"F328":{"t":"T206"},"F32A":{"t":"M6"},"F32C":{"t":"C206"},"F32E":{"t":"C182"},"F32F":{"t":"AA5"},"F330":{"t":"C172"},"F333":{"t":"CH7A"},"F337":{"t":"C172"},"F338":{"t":"ERCO"},"F33A":{"t":"ERCO"},"F340":{"t":"C170"},"F342":{"t":"C82R"},"F344":{"t":"C182"},"F346":{"t":"SR22"},"F349":{"t":"B06"},"F352":{"t":"AA5"},"F353":{"t":"C172"},"F354":{"t":"P28A"},"F356":{"t":"CH7A"},"F357":{"desc":"H4E"},"F358":{"t":"ERCO"},"F35B":{"t":"ERCO"},"F360":{"t":"ERCO"},"F364":{"t":"C72R"},"F366":{"t":"PA22"},"F36A":{"t":"ST75"},"F36F":{"t":"C180"},"F375":{"t":"AA5"},"F37C":{"t":"ERCO"},"F37E":{"t":"ERCO"},"F37F":{"t":"GLID"},"F380":{"t":"M20T"},"F384":{"t":"GLID"},"F386":{"t":"C170"},"F388":{"desc":"L1P"},"F389":{"t":"PA22"},"F38D":{"t":"C182"},"F391":{"t":"T206"},"F396":{"t":"CH7B"},"F397":{"t":"C182"},"F398":{"t":"AA5"},"F39C":{"t":"CH7A"},"F3A9":{"t":"C170"},"F3B0":{"t":"C182"},"F3B5":{"t":"C185"},"F3B9":{"t":"FH11"},"F3BC":{"t":"C172"},"F3BF":{"t":"CH7A"},"F3C0":{"desc":"A1P","t":"ULAC"},"F3C1":{"t":"C172"},"F3C2":{"t":"C172"},"F3C3":{"t":"C172"},"F3CA":{"t":"ERCO"},"F3D1":{"t":"H269"},"F3D8":{"t":"C180"},"F3DB":{"t":"BE95"},"F3DF":{"t":"C172"},"F3E0":{"t":"P28A"},"F3E1":{"t":"C185"},"F3E2":{"t":"CH7A"},"F3E3":{"t":"M20T"},"F3E5":{"t":"C172"},"F3E8":{"t":"ERCO"},"F3E9":{"t":"C172"},"F3EC":{"t":"H500"},"F3EF":{"t":"C170"},"F3F0":{"t":"C182"},"F3F3":{"t":"C182"},"F400":{"t":"C182"},"F401":{"t":"AA5"},"F402":{"t":"C172"},"F403":{"t":"P28A"},"F407":{"desc":"H6E"},"F408":{"t":"ERCO"},"F40B":{"t":"ERCO"},"F40C":{"t":"M20T"},"F410":{"t":"ERCO"},"F413":{"t":"GLF4"},"F414":{"t":"P32R"},"F415":{"t":"ERCO"},"F416":{"t":"P28R"},"F417":{"t":"E300"},"F418":{"t":"C172"},"F419":{"t":"C180"},"F41A":{"t":"GLF4"},"F41B":{"t":"BT36"},"F41C":{"t":"BE58"},"F41E":{"t":"C500"},"F41F":{"t":"SR22"},"F422":{"t":"C172"},"F426":{"t":"P210"},"F427":{"t":"PA31"},"F42C":{"t":"PA18"},"F42D":{"t":"BE35"},"F42E":{"t":"BE35"},"F431":{"t":"BT36"},"F433":{"desc":"H1P"},"F436":{"t":"TAYB"},"F438":{"desc":"L1P"},"F439":{"desc":"L1P"},"F43B":{"desc":"L1P"},"F43C":{"t":"C320"},"F43D":{"desc":"L1P"},"F43E":{"desc":"L1P"},"F440":{"desc":"L2J"},"F442":{"t":"SR22"},"F443":{"desc":"L1P"},"F444":{"t":"S108"},"F445":{"t":"C680"},"F446":{"t":"C25C"},"F448":{"desc":"L1P"},"F449":{"t":"BT36"},"F44A":{"t":"C182"},"F44B":{"t":"C77R"},"F44C":{"t":"C172"},"F44E":{"t":"P32T"},"F44F":{"t":"P28A"},"F450":{"t":"LJ55"},"F452":{"t":"PA34"},"F454":{"t":"PA34"},"F456":{"t":"FDCT"},"F459":{"t":"BE58"},"F45A":{"t":"C56X"},"F45C":{"desc":"L2T"},"F45E":{"t":"AC50"},"F460":{"t":"C340"},"F461":{"desc":"L1P"},"F463":{"t":"P46T"},"F464":{"t":"C182"},"F467":{"t":"C180"},"F468":{"desc":"L1P"},"F469":{"t":"C421"},"F46A":{"t":"MD88"},"F46B":{"t":"BE35"},"F46F":{"t":"BE20"},"F471":{"desc":"L1P"},"F472":{"t":"B47G"},"F473":{"t":"SR22"},"F475":{"desc":"L2T"},"F476":{"t":"PA12"},"F477":{"t":"F900"},"F478":{"t":"C340"},"F479":{"t":"T206"},"F47B":{"t":"PC12"},"F47C":{"t":"BL8"},"F47E":{"t":"F900"},"F482":{"t":"BE23"},"F486":{"t":"BE35"},"F487":{"t":"BE9L"},"F488":{"t":"SR22"},"F489":{"desc":"L2J","t":"C414"},"F48A":{"t":"R44"},"F48B":{"t":"PA34"},"F48C":{"desc":"L1P"},"F48E":{"desc":"L1P"},"F48F":{"t":"BE33"},"F490":{"t":"S22T"},"F491":{"t":"BE36"},"F493":{"t":"B752"},"F494":{"t":"C208"},"F497":{"t":"GLF5"},"F498":{"t":"B733"},"F499":{"t":"BT36"},"F49A":{"t":"PA23"},"F49B":{"t":"BE35"},"F49F":{"t":"R22"},"F4A0":{"desc":"L1P"},"F4A1":{"t":"M5"},"F4A4":{"t":"C172"},"F4A8":{"desc":"H4E"},"F4A9":{"t":"BE20"},"F4AA":{"desc":"L2P"},"F4AB":{"t":"GLF4"},"F4AD":{"t":"SR20"},"F4B2":{"t":"PA31"},"F4B3":{"desc":"L1P"},"F4B4":{"t":"AC11"},"F4B6":{"desc":"L2J","t":"GLF4"},"F4B8":{"t":"B47G"},"F4BA":{"t":"BE35"},"F4BE":{"desc":"L1P","t":"ULAC"},"F4BF":{"t":"C750"},"F4C1":{"desc":"L1P"},"F4C3":{"t":"P208"},"F4C6":{"t":"C172"},"F4CA":{"t":"M20T"},"F4CB":{"t":"PA22"},"F4CC":{"desc":"L1P"},"F4CD":{"desc":"L1P"},"F4CF":{"t":"C82R"},"F4D0":{"t":"C310"},"F4D1":{"t":"C177"},"F4D2":{"t":"P28R"},"F4D6":{"t":"B350"},"F4DA":{"desc":"L1P"},"F4DB":{"t":"C25B"},"F4DD":{"t":"C150"},"F4DE":{"t":"C510"},"F4E0":{"t":"C182"},"F4E1":{"desc":"A1P"},"F4E2":{"t":"B06"},"F4E3":{"t":"C182"},"F4E5":{"t":"C414"},"F4E6":{"t":"M20P"},"F4E7":{"t":"BALL"},"F4E9":{"t":"A321"},"F4EC":{"t":"C150"},"F4EE":{"t":"PA18"},"F4EF":{"t":"M20P"},"F4F3":{"t":"CH7A"},"F4F4":{"t":"BE35"},"F4F5":{"t":"C182"},"F4F6":{"desc":"L1P"},"F4F7":{"t":"P28A"},"F4F8":{"desc":"L1P"},"F4F9":{"t":"S22T"},"F4FA":{"t":"BALL"},"F4FD":{"t":"P28B"},"F4FF":{"t":"P210"},"F500":{"t":"CL60"},"F501":{"t":"BALL"},"F504":{"t":"SR22"},"F505":{"t":"BE58"},"F508":{"t":"C82S"},"F50C":{"t":"NAVI"},"F50D":{"t":"PA44"},"F50E":{"t":"LJ45"},"F50F":{"desc":"L1P"},"F511":{"desc":"L1P"},"F512":{"t":"AEST"},"F513":{"t":"P32R"},"F514":{"t":"AC11"},"F515":{"t":"GLID"},"F516":{"t":"BE9L"},"F518":{"t":"BE30"},"F51C":{"t":"GLF5"},"F521":{"t":"C172"},"F522":{"t":"GLF5"},"F525":{"t":"P32T"},"F526":{"t":"C172"},"F528":{"t":"GALX"},"F52A":{"t":"M7"},"F52C":{"t":"B350"},"F52D":{"t":"C195"},"F52E":{"t":"C182"},"F52F":{"t":"FA50"},"F531":{"t":"BE20"},"F532":{"desc":"L1P"},"F533":{"desc":"L1P"},"F535":{"desc":"L1P"},"F536":{"t":"C501"},"F537":{"t":"BL17"},"F53A":{"desc":"L1P"},"F53B":{"desc":"L2T"},"F53C":{"t":"CL60"},"F53F":{"desc":"L1P"},"F540":{"t":"GLF4"},"F542":{"t":"CL30"},"F544":{"t":"PA44"},"F545":{"t":"P46T"},"F54A":{"desc":"L1P"},"F54F":{"t":"EA50"},"F550":{"t":"PA22"},"F551":{"t":"ULAC"},"F553":{"t":"BE23"},"F558":{"t":"C177"},"F559":{"desc":"L1P"},"F55A":{"t":"T210"},"F55B":{"desc":"L1P"},"F55C":{"desc":"L1P"},"F55D":{"desc":"L1P"},"F55E":{"t":"BE36"},"F55F":{"t":"R22"},"F560":{"desc":"L2J"},"F562":{"t":"BE36"},"F563":{"t":"F900"},"F564":{"t":"FA7X"},"F569":{"desc":"L1T"},"F56A":{"t":"R44"},"F56C":{"t":"C501"},"F56D":{"t":"CL60"},"F56F":{"t":"BE36"},"F571":{"t":"C172"},"F573":{"t":"G164"},"F578":{"t":"C550"},"F57F":{"desc":"A1P"},"F589":{"t":"GLID"},"F58A":{"desc":"L1P"},"F58B":{"t":"BE55"},"F58C":{"t":"BE9T"},"F58D":{"t":"C150"},"F590":{"t":"P46T"},"F592":{"t":"P28R"},"F593":{"t":"C414"},"F594":{"t":"R44"},"F596":{"t":"E50P"},"F597":{"desc":"L1P"},"F599":{"t":"DV20"},"F59B":{"t":"EC35"},"F59E":{"t":"P46T"},"F5A1":{"t":"H25B"},"F5A2":{"t":"NAVI"},"F5A4":{"desc":"L1P"},"F5A8":{"t":"BE9L"},"F5A9":{"t":"BE36"},"F5AC":{"t":"BE58"},"F5AD":{"desc":"L1P","t":"ULAC"},"F5AE":{"t":"AS50"},"F5AF":{"desc":"L1P"},"F5B0":{"t":"BL8"},"F5B2":{"t":"AA5"},"F5B4":{"desc":"L1P"},"F5B6":{"t":"PC12"},"F5B7":{"t":"BE60"},"F5B8":{"t":"PA31"},"F5BB":{"t":"BE35"},"F5BC":{"t":"TBM7"},"F5BD":{"t":"BE20"},"F5BE":{"t":"P32R"},"F5C0":{"desc":"L1P"},"F5C3":{"desc":"L1P"},"F5C5":{"t":"C182"},"F5C6":{"t":"PA27"},"F5C7":{"t":"R22"},"F5CB":{"t":"GLF4"},"F5CD":{"t":"R22"},"F5D0":{"t":"R22"},"F5D1":{"t":"PA25"},"F5D2":{"t":"B737"},"F5D4":{"t":"M20T"},"F5D7":{"t":"C182"},"F5D9":{"t":"ULAC"},"F5DC":{"t":"R44"},"F5E2":{"t":"MU2"},"F5E5":{"desc":"A1P"},"F5ED":{"t":"GLEX"},"F5EE":{"desc":"L1P"},"F5EF":{"t":"BE20"},"F5F0":{"t":"DA40"},"F5F3":{"t":"P28R"},"F5F5":{"t":"M7"},"F5F6":{"desc":"L1J"},"F5F7":{"t":"CL60"},"F5F8":{"t":"PA22"},"F5FB":{"desc":"L1P","t":"ULAC"},"F5FE":{"desc":"L1P","t":"ULAC"},"F5FF":{"t":"SR20"},"F601":{"t":"M7"},"F607":{"t":"BE9L"},"F608":{"t":"C172"},"F609":{"t":"C25C"},"F60B":{"t":"ULAC"},"F60C":{"desc":"L1P"},"F60D":{"desc":"A1P"},"F60F":{"desc":"L1P"},"F611":{"t":"C421"},"F612":{"t":"BE60"},"F613":{"desc":"L1P"},"F614":{"t":"M7"},"F616":{"t":"GLID"},"F617":{"t":"C501"},"F618":{"t":"DG15"},"F61A":{"t":"C208"},"F61B":{"desc":"L1P"},"F626":{"t":"SR22"},"F630":{"desc":"L1P"},"F631":{"desc":"L1T"},"F634":{"desc":"L1P"},"F635":{"desc":"A1P","t":"ULAC"},"F637":{"desc":"A1P","t":"ULAC"},"F638":{"t":"T34P"},"F63A":{"t":"BE40"},"F63B":{"t":"C25B"},"F63C":{"t":"C182"},"F63F":{"t":"CRJ2"},"F64C":{"t":"B762"},"F64D":{"desc":"L1P"},"F64E":{"t":"GLEX"},"F64F":{"t":"GLF6"},"F652":{"t":"BALL"},"F658":{"t":"B350"},"F65F":{"t":"C82T"},"F663":{"t":"ULAC"},"F666":{"t":"BE58"},"F668":{"t":"AS50"},"F669":{"t":"GLID"},"F66A":{"t":"GLID"},"F66C":{"t":"C72R"},"F66D":{"desc":"L1P"},"F66F":{"t":"C182"},"F675":{"desc":"L1P"},"F676":{"t":"E50P"},"F67E":{"t":"C172"},"F682":{"desc":"L2P"},"F685":{"t":"ERCO"},"F687":{"t":"ERCO"},"F689":{"t":"ERCO"},"F68A":{"t":"ERCO"},"F68B":{"t":"ERCO"},"F68C":{"t":"ERCO"},"F68E":{"t":"C170"},"F68F":{"t":"C72R"},"F691":{"t":"PA22"},"F692":{"t":"C172"},"F694":{"t":"C172"},"F698":{"t":"AA1"},"F69A":{"t":"C180"},"F6A1":{"t":"C172"},"F6A4":{"t":"T210"},"F6A6":{"t":"BE35"},"F6A7":{"desc":"L1P"},"F6A8":{"t":"ERCO"},"F6A9":{"t":"ERCO"},"F6AA":{"t":"BE35"},"F6AC":{"t":"ERCO"},"F6AD":{"t":"C172"},"F6AF":{"t":"ERCO"},"F6B0":{"desc":"L1P"},"F6B2":{"t":"C182"},"F6B5":{"t":"C182"},"F6B7":{"t":"C182"},"F6BB":{"t":"AA1"},"F6BD":{"t":"T206"},"F6C3":{"t":"AA5"},"F6C4":{"t":"C172"},"F6C8":{"t":"C206"},"F6C9":{"t":"ERCO"},"F6CC":{"desc":"L1P"},"F6CD":{"t":"ERCO"},"F6CE":{"desc":"H4E"},"F6D0":{"t":"ERCO"},"F6D1":{"t":"ERCO"},"F6D2":{"t":"ERCO"},"F6D3":{"t":"BE35"},"F6D5":{"t":"C182"},"F6D6":{"t":"B06"},"F6D7":{"t":"PA22"},"F6D8":{"t":"C172"},"F6DB":{"t":"J5"},"F6DD":{"t":"B06"},"F6E3":{"t":"PA31"},"F6E5":{"t":"C182"},"F6E8":{"t":"P28A"},"F6EB":{"desc":"L1P"},"F6EE":{"t":"ERCO"},"F6F0":{"t":"ERCO"},"F6F1":{"t":"ERCO"},"F6F2":{"t":"ERCO"},"F6F5":{"t":"ERCO"},"F6FA":{"t":"PA22"},"F6FB":{"t":"C182"},"F6FC":{"t":"GLID"},"F6FD":{"desc":"L1P"},"F6FE":{"t":"C182"},"F701":{"t":"AA1"},"F704":{"desc":"L1P"},"F706":{"t":"BE35"},"F709":{"t":"AA5"},"F70A":{"t":"C172"},"F70D":{"t":"CH7A"},"F710":{"t":"C172"},"F717":{"t":"C172"},"F71B":{"t":"C182"},"F71C":{"desc":"L1P"},"F71E":{"t":"C182"},"F724":{"t":"AA1"},"F726":{"t":"C180"},"F729":{"t":"BE95"},"F72C":{"t":"AA5"},"F730":{"t":"CH7A"},"F732":{"t":"L13M"},"F734":{"t":"L13M"},"F737":{"t":"ERCO"},"F738":{"t":"ERCO"},"F73A":{"t":"ERCO"},"F73C":{"t":"PA34"},"F73F":{"desc":"L1P"},"F741":{"t":"C182"},"F744":{"t":"C182"},"F745":{"t":"C188"},"F747":{"t":"AA1"},"F748":{"t":"C207"},"F749":{"t":"C180"},"F74A":{"t":"PA36"},"F74B":{"desc":"L1P"},"F74C":{"t":"BE35"},"F74F":{"t":"AA5"},"F750":{"t":"BL17"},"F755":{"t":"ERCO"},"F757":{"t":"ERCO"},"F75A":{"t":"L13M"},"F75D":{"t":"L13M"},"F75E":{"t":"ERCO"},"F75F":{"t":"C25B"},"F764":{"t":"C182"},"F765":{"t":"C172"},"F76A":{"t":"AA1"},"F76D":{"t":"C182"},"F771":{"t":"C182"},"F772":{"t":"AA5"},"F773":{"t":"C172"},"F775":{"t":"FA7X"},"F776":{"t":"CH7B"},"F77C":{"t":"GLID"},"F780":{"t":"ERCO"},"F782":{"t":"ST75"},"F783":{"t":"C170"},"F78A":{"t":"C182"},"F78B":{"t":"C188"},"F78D":{"t":"AA1"},"F78F":{"t":"C180"},"F790":{"desc":"L2P"},"F792":{"t":"BE95"},"F794":{"t":"C182"},"F796":{"t":"C172"},"F798":{"t":"C185"},"F79C":{"t":"C172"},"F79D":{"t":"ERCO"},"F79E":{"t":"ERCO"},"F79F":{"t":"ERCO"},"F7A0":{"t":"ERCO"},"F7A6":{"t":"PA22"},"F7A7":{"t":"C182"},"F7A9":{"t":"PA22"},"F7AF":{"desc":"L1P","t":"ULAC"},"F7B0":{"t":"AA1"},"F7B1":{"t":"GLF4"},"F7B6":{"t":"M20P"},"F7B7":{"t":"C182"},"F7B8":{"t":"AA5"},"F7BA":{"t":"PA27"},"F7BB":{"t":"C185"},"F7BE":{"t":"GLID"},"F7BF":{"t":"C172"},"F7C0":{"desc":"L1P"},"F7C5":{"t":"ERCO"},"FD65":{"r":"88-2101","t":"C130"},"FD6D":{"r":"900528","t":"SW4"},"FD6F":{"r":"900530","t":"SW4"},"FD70":{"r":"900531","t":"SW4"},"FD72":{"r":"91-0502","t":"SW4"},"FDAB":{"r":"90-0300","t":"GLF4"},"FDAF":{"r":"87-0140","t":"GLF3"},"FDB1":{"r":"91-0108","t":"GLF4"},"FDB3":{"r":"87-0139","t":"GLF3"},"FDBE":{"r":"93-7311","t":"C130"},"FDCD":{"r":"93-2105","t":"C130"},"FDD3":{"r":"95-6709","t":"C130"},"FDD8":{"r":"95-1002","t":"C130"},"FDDC":{"r":"94-7315","t":"C130"},"FDDD":{"r":"94-7316","t":"C130"},"FDE2":{"r":"85-0049","t":"GLF3"},"FDE4":{"r":"86-0403","t":"GLF3"},"FDEC":{"r":"94-6707","t":"C130"},"FDF8":{"r":"82-8000","t":"B742"},"FDF9":{"r":"92-9000","t":"B742"},"FE47":{"r":"94-0315","t":"BE20"},"FE4D":{"r":"94-0321","t":"BE20"},"FE52":{"r":"94-0323","t":"BE20"},"FE55":{"r":"94-0326","t":"BE20"},"FE56":{"r":"92-0375","t":"GLF5"},"FE5B":{"r":"90-1792","t":"C130"},"FE5C":{"r":"90-1793","t":"C130"},"FE5D":{"r":"90-1794","t":"C130"},"FE5E":{"r":"90-1795","t":"C130"},"FE60":{"r":"90-1797","t":"C130"},"FE61":{"r":"90-1798","t":"C130"},"FE63":{"r":"91-1232","t":"C130"},"FE67":{"r":"91-1236","t":"C130"},"FE69":{"r":"91-1238","t":"C130"},"FE6D":{"r":"91-1653","t":"C130"},"FE6F":{"r":"92-1532","t":"C130"},"FE71":{"r":"92-1534","t":"C130"},"FE72":{"r":"92-1535","t":"C130"},"FE74":{"r":"92-1537","t":"C130"},"FE75":{"r":"92-1538","t":"C130"},"FE76":{"r":"92-1451","t":"C130"},"FE7E":{"r":"92-3285","t":"C130"},"FE82":{"r":"92-0547","t":"C130"},"FE84":{"r":"92-0549","t":"C130"},"FE86":{"r":"92-0551","t":"C130"},"FE92":{"r":"95-0093","t":"BE20"},"FEA0":{"r":"94-7320","t":"C130"},"FEA8":{"r":"96-1005","t":"C130"},"FEAC":{"r":"83-0081","t":"DC10"},"FEAD":{"r":"84-0192","t":"DC10"},"FEB3":{"r":"73-1676","t":"B742"},"FEB4":{"r":"73-1677","t":"B742"},"FEB5":{"r":"74-0787","t":"B742"},"FEB6":{"r":"75-0125","t":"B742"},"FEB7":{"r":"98-0001","t":"B752"},"FEB8":{"r":"98-0002","t":"B752"},"FEB9":{"r":"99-0003","t":"B752"},"FEBA":{"r":"99-0004","t":"B752"},"FEBB":{"r":"95-0123","t":"C560"},"FEBC":{"r":"95-0124","t":"C560"},"FEBE":{"r":"96-0108","t":"C560"},"FEBF":{"r":"96-0109","t":"C560"},"FEC1":{"r":"96-0111","t":"C560"},"FEDF":{"r":"62-3558","t":"K35R"},"FEE2":{"r":"159113","t":"DC93"},"FEE3":{"r":"159114","t":"DC93"},"FEE4":{"r":"159115","t":"DC93"},"FEE5":{"r":"159116","t":"DC93"},"FEE6":{"r":"159117","t":"DC93"},"FEE7":{"r":"159118","t":"DC93"},"FEE8":{"r":"159119","t":"DC93"},"FEE9":{"r":"159120","t":"DC93"},"FEEB":{"r":"160047","t":"DC93"},"FEEC":{"r":"160048","t":"DC93"},"FEED":{"r":"160049","t":"DC93"},"FEEE":{"r":"160050","t":"DC93"},"FEEF":{"r":"160051","t":"DC93"},"FEF0":{"r":"161266","t":"DC93"},"FEF1":{"r":"161529","t":"DC93"},"FEF2":{"r":"161530","t":"DC93"},"FF0C":{"r":"60-0335","t":"K35R"},"FF0D":{"r":"62-3559","t":"K35R"},"children":["AD0","AD1","AD2","AD3","AD4","AD5","AD6","AD7","AD8","ADA","ADB","ADC","ADD","ADE"]}