{"001":{"t":"B739"},"005":{"t":"C172"},"006":{"t":"DA40"},"01A":{"desc":"H4E"},"022":{"t":"CRJ2"},"02B":{"t":"B752"},"02C":{"t":"C208"},"037":{"t":"A319"},"040":{"desc":"A1P"},"059":{"desc":"L1P","t":"ULAC"},"05A":{"t":"DH8A"},"074":{"t":"A321"},"087":{"desc":"L1P"},"0A7":{"desc":"L1P","t":"ULAC"},"0B0":{"desc":"H4E"},"0B6":{"t":"PA44"},"0BD":{"desc":"L1P"},"0E0":{"desc":"L2J","t":"A20N"},"0E3":{"t":"B738"},"0F7":{"desc":"H1T","t":"S92"},"108":{"t":"BE33"},"122":{"t":"BE40"},"128":{"t":"C25B"},"12D":{"t":"L8"},"135":{"t":"BE40"},"13B":{"t":"C172"},"13D":{"t":"BE20"},"144":{"desc":"L1P","t":"ULAC"},"14F":{"t":"CRJ2"},"153":{"t":"BE33"},"154":{"t":"E190"},"158":{"desc":"L1P"},"15A":{"t":"GLID"},"165":{"t":"PAY2"},"169":{"desc":"L1P","t":"ULAC"},"16D":{"desc":"H4E"},"181":{"t":"B752"},"185":{"t":"BE55"},"1A0":{"t":"BE33"},"1AB":{"t":"B737"},"1B7":{"desc":"L1P"},"1C0":{"t":"CRJ9"},"203":{"t":"C190"},"205":{"t":"C180"},"209":{"t":"C182"},"20A":{"t":"BE17"},"20D":{"t":"AA1"},"20F":{"t":"P28R"},"211":{"t":"BE33"},"212":{"t":"C172"},"213":{"t":"BE23"},"215":{"t":"C82S"},"218":{"t":"C182"},"21A":{"t":"BE18"},"220":{"t":"ERCO"},"221":{"t":"C152"},"222":{"t":"C172"},"226":{"t":"C195"},"228":{"t":"PA34"},"22A":{"t":"AR11"},"22B":{"t":"H269"},"22E":{"t":"P28A"},"22F":{"t":"P28A"},"232":{"t":"P28R"},"233":{"t":"PA24"},"234":{"t":"BE35"},"236":{"t":"BE24"},"239":{"t":"M20P"},"23A":{"t":"P28B"},"23B":{"t":"C182"},"23C":{"t":"C82S"},"23E":{"t":"BL17"},"23F":{"t":"CH7A"},"240":{"t":"ERCO"},"242":{"t":"BL17"},"244":{"t":"ERCO"},"245":{"t":"ERCO"},"24A":{"t":"C175"},"24F":{"t":"C182"},"250":{"t":"C172"},"251":{"t":"P28A"},"253":{"t":"AA1"},"255":{"t":"P28R"},"256":{"t":"PA24"},"257":{"t":"BE33"},"259":{"t":"BE24"},"25C":{"t":"M20P"},"25D":{"t":"P28B"},"25E":{"t":"C182"},"262":{"t":"ERCO"},"263":{"t":"M20T"},"265":{"t":"ERCO"},"268":{"t":"ERCO"},"26C":{"t":"C195"},"26F":{"t":"PA18"},"270":{"t":"AR11"},"271":{"t":"C172"},"277":{"t":"M20P"},"278":{"t":"P28R"},"279":{"t":"PA24"},"27C":{"t":"BE24"},"27D":{"t":"C180"},"27F":{"t":"M20P"},"280":{"t":"P28B"},"284":{"t":"C152"},"286":{"t":"ERCO"},"288":{"t":"ERCO"},"289":{"t":"ERCO"},"290":{"t":"C72R"},"294":{"t":"H269"},"295":{"t":"C182"},"296":{"t":"C182"},"299":{"t":"AA1"},"29A":{"t":"M20P"},"29C":{"t":"PA24"},"2A1":{"t":"C150"},"2A3":{"t":"P28B"},"2AA":{"t":"BL17"},"2AB":{"t":"ERCO"},"2AD":{"t":"ERCO"},"2B0":{"t":"ERCO"},"2B1":{"desc":"H8E"},"2B2":{"t":"C195"},"2B3":{"t":"C175"},"2B4":{"t":"P28A"},"2BA":{"t":"P28A"},"2BD":{"t":"M20P"},"2BE":{"t":"P28R"},"2C1":{"t":"ULAC"},"2C3":{"t":"RV12"},"2C5":{"t":"M20P"},"2C7":{"t":"C182"},"2C8":{"t":"BE18"},"2CA":{"t":"ERCO"},"2CB":{"t":"ERCO"},"2D3":{"t":"BL17"},"2D7":{"t":"C180"},"2DD":{"t":"P28A"},"2DF":{"t":"AA1"},"2E0":{"t":"C172"},"2E6":{"t":"PA38"},"2E7":{"desc":"L1P","t":"ULAC"},"2EA":{"t":"C82S"},"2ED":{"t":"ERCO"},"2EF":{"t":"ERCO"},"2F6":{"t":"C185"},"2F8":{"t":"C190"},"2F9":{"t":"C175"},"2FA":{"t":"P28R"},"2FE":{"t":"GLID"},"2FF":{"t":"C172"},"300":{"t":"P28A"},"302":{"t":"AA1"},"303":{"t":"M20P"},"305":{"t":"PA18"},"30A":{"t":"C150"},"30C":{"t":"P28B"},"30E":{"t":"BE55"},"310":{"t":"ULAC"},"311":{"t":"ERCO"},"314":{"t":"ERCO"},"315":{"t":"ERCO"},"317":{"t":"C185"},"31C":{"t":"C175"},"31E":{"t":"C72R"},"323":{"t":"P28A"},"325":{"t":"AA1"},"326":{"t":"M20P"},"32D":{"t":"C150"},"32E":{"t":"M20P"},"330":{"t":"C182"},"334":{"t":"ERCO"},"339":{"t":"ULAC"},"33B":{"t":"ERCO"},"33C":{"t":"ERCO"},"33F":{"t":"C175"},"340":{"t":"C180"},"343":{"t":"C172"},"345":{"t":"C172"},"346":{"t":"P28A"},"34A":{"t":"P28R"},"34B":{"t":"PA24"},"34C":{"t":"BE36"},"34F":{"t":"C180"},"352":{"t":"P28B"},"353":{"t":"C182"},"354":{"t":"T210"},"35D":{"t":"C185"},"35E":{"t":"ERCO"},"361":{"t":"PA22"},"362":{"t":"H60"},"364":{"t":"SR22"},"368":{"desc":"L1P"},"36D":{"t":"C550"},"36E":{"t":"B738"},"373":{"t":"B712"},"375":{"desc":"L2J","t":"A20N"},"37A":{"desc":"L1P"},"37D":{"t":"B772"},"37E":{"t":"BE36"},"393":{"t":"HUSK"},"3A1":{"t":"C182"},"3A5":{"t":"FDCT"},"3AD":{"t":"DV20"},"3AE":{"t":"B739"},"3B0":{"t":"T206"},"3B4":{"desc":"L1P"},"3D1":{"desc":"H4E"},"3E2":{"t":"B752"},"3EE":{"t":"A319"},"408":{"desc":"L1P"},"423":{"desc":"H1P"},"43A":{"t":"C680"},"43E":{"t":"P46T"},"467":{"desc":"H4E"},"46B":{"t":"CRJ9"},"46D":{"t":"PA44"},"474":{"desc":"H2T"},"477":{"t":"MD83"},"497":{"desc":"L2J","t":"A20N"},"49A":{"t":"B738"},"4AD":{"t":"RV12"},"4AE":{"desc":"L1P"},"4B2":{"t":"PA31"},"4BF":{"t":"BE55"},"4D8":{"t":"SR20"},"4DC":{"t":"C25B"},"4E3":{"desc":"L1P"},"4F2":{"t":"C172"},"4F9":{"t":"R22"},"506":{"t":"CRJ2"},"50D":{"desc":"L2J"},"50F":{"desc":"L1P"},"520":{"t":"C750"},"524":{"desc":"H4E"},"538":{"t":"B752"},"53C":{"t":"BE55"},"54A":{"desc":"L1P"},"555":{"desc":"L1P"},"55D":{"desc":"H1P"},"562":{"t":"B737"},"5BB":{"t":"C175"},"5BC":{"t":"P28S"},"5C0":{"t":"C182"},"5C2":{"t":"P28A"},"5C3":{"t":"P32R"},"5C5":{"t":"M20P"},"5C6":{"t":"C185"},"5C7":{"t":"PA24"},"5C8":{"t":"BE33"},"5C9":{"t":"C188"},"5CC":{"t":"C150"},"5CE":{"t":"P28B"},"5CF":{"t":"C182"},"5D4":{"desc":"L1P","t":"ULAC"},"5D5":{"t":"ERCO"},"5D7":{"t":"ERCO"},"5D9":{"t":"ERCO"},"5DA":{"t":"ERCO"},"5DE":{"t":"T206"},"5E0":{"t":"PA18"},"5E1":{"t":"AR11"},"5E4":{"t":"DG15"},"5E5":{"t":"P28A"},"5E6":{"desc":"L1P"},"5E7":{"t":"AA1"},"5E8":{"desc":"L1P","t":"ULAC"},"5EA":{"t":"PA24"},"5EC":{"t":"ULAC"},"5F2":{"t":"C182"},"5F3":{"t":"BE35"},"5F7":{"t":"ERCO"},"5F9":{"t":"C185"},"5FC":{"t":"ERCO"},"5FD":{"desc":"L1P"},"600":{"t":"C195"},"603":{"t":"C72R"},"605":{"t":"ULAC"},"607":{"t":"C182"},"608":{"t":"P28A"},"60A":{"t":"AA1"},"60B":{"t":"M20P"},"60C":{"t":"P28R"},"60D":{"t":"PA24"},"60F":{"t":"ULAC"},"613":{"t":"M20P"},"614":{"t":"P28B"},"615":{"t":"C182"},"616":{"t":"BE35"},"618":{"t":"ERCO"},"61B":{"t":"ERCO"},"61C":{"t":"C210"},"61E":{"t":"ERCO"},"61F":{"t":"C185"},"620":{"t":"ERCO"},"625":{"t":"C180"},"626":{"desc":"L1P","t":"ULAC"},"62A":{"t":"ST75"},"62B":{"t":"P28A"},"62D":{"t":"AA1"},"62E":{"t":"M20P"},"62F":{"t":"P28R"},"635":{"t":"C150"},"637":{"t":"P28B"},"63C":{"t":"C152"},"63E":{"t":"ERCO"},"63F":{"t":"ERCO"},"641":{"t":"T210"},"643":{"t":"ERCO"},"644":{"t":"C152"},"645":{"desc":"L1P"},"647":{"t":"C175"},"648":{"t":"C180"},"649":{"t":"PA18"},"64A":{"t":"AR11"},"64E":{"t":"P28A"},"64F":{"t":"S108"},"650":{"t":"AA1"},"651":{"t":"M20P"},"653":{"t":"PA24"},"655":{"t":"M20T"},"656":{"t":"ULAC"},"65F":{"t":"ERCO"},"660":{"t":"C185"},"663":{"t":"C210"},"66A":{"t":"C175"},"66B":{"t":"P32T"},"66D":{"t":"AR11"},"66E":{"t":"H269"},"66F":{"t":"C188"},"670":{"t":"J3"},"671":{"t":"P28A"},"673":{"t":"C172"},"675":{"t":"C185"},"677":{"t":"BE58"},"67A":{"t":"ULAC"},"67E":{"t":"C182"},"681":{"t":"ERCO"},"682":{"t":"ERCO"},"683":{"t":"ERCO"},"68A":{"t":"ERCO"},"68C":{"t":"C195"},"68E":{"t":"C180"},"68F":{"t":"PA18"},"694":{"t":"P28A"},"695":{"t":"S108"},"696":{"t":"AA1"},"697":{"t":"M20P"},"698":{"t":"P28R"},"699":{"t":"PA24"},"69B":{"t":"C82T"},"69E":{"t":"C150"},"69F":{"t":"M20P"},"6A1":{"t":"C182"},"6A2":{"t":"BE33"},"6A6":{"t":"ERCO"},"6AB":{"t":"T210"},"6AC":{"t":"ERCO"},"6AD":{"t":"ERCO"},"6AF":{"t":"C190"},"6B2":{"t":"C72R"},"6B6":{"t":"C172"},"6B7":{"t":"P28A"},"6B8":{"t":"S108"},"6BA":{"t":"M20P"},"6C0":{"t":"PA38"},"6C2":{"t":"M20P"},"6C4":{"t":"C182"},"6C5":{"t":"BE35"},"6C8":{"t":"ERCO"},"6CE":{"t":"ERCO"},"6D0":{"t":"ERCO"},"6D3":{"t":"C175"},"6D6":{"t":"AR11"},"6DC":{"t":"AA1"},"6DD":{"t":"M20P"},"6E7":{"t":"C182"},"6EA":{"t":"ERCO"},"6ED":{"t":"ERCO"},"6F0":{"t":"ERCO"},"6F1":{"t":"C210"},"6F2":{"t":"ERCO"},"6F3":{"t":"ERCO"},"6F5":{"t":"C195"},"6F6":{"t":"C175"},"6F7":{"t":"C180"},"6F8":{"t":"PA18"},"6F9":{"t":"C172"},"6FD":{"t":"P28A"},"6FF":{"t":"C172"},"700":{"t":"M20P"},"707":{"t":"C150"},"708":{"t":"M20P"},"709":{"t":"P28B"},"70A":{"t":"C182"},"70D":{"t":"ERCO"},"70F":{"t":"ERCO"},"719":{"desc":"L1P"},"71A":{"t":"CH7A"},"71B":{"t":"C152"},"71D":{"t":"E145"},"721":{"t":"E35L"},"722":{"t":"HUSK"},"724":{"t":"C25C"},"725":{"t":"B738"},"726":{"t":"GL5T"},"72A":{"t":"B712"},"72C":{"t":"A320"},"731":{"t":"BALL"},"733":{"t":"RV12"},"736":{"desc":"L1P"},"738":{"t":"A139"},"741":{"t":"PA18"},"746":{"t":"BE30"},"74A":{"t":"P46T"},"74B":{"t":"PA24"},"74C":{"t":"BL8"},"74D":{"t":"CL60"},"74E":{"t":"SR20"},"751":{"t":"R44"},"756":{"t":"L39"},"764":{"t":"DV20"},"766":{"t":"C550"},"76A":{"t":"B739"},"76F":{"desc":"L1P"},"775":{"desc":"L1P"},"77C":{"desc":"L1P"},"77E":{"desc":"L1P","t":"ULAC"},"788":{"desc":"H4E"},"78B":{"t":"P28A"},"78E":{"t":"G280"},"799":{"t":"B752"},"79A":{"t":"C208"},"7A1":{"t":"R44"},"7A5":{"t":"A319"},"7A6":{"t":"B350"},"7AA":{"t":"BALL"},"7AE":{"t":"P28A"},"7BF":{"t":"GL5T"},"7C7":{"desc":"L1P"},"7C9":{"t":"T6"},"7CC":{"t":"PC12"},"7E2":{"t":"PAY1"},"7E3":{"t":"C510"},"7E9":{"desc":"L1P"},"7F1":{"desc":"L1P"},"805":{"t":"GLF3"},"813":{"t":"AT5T"},"81A":{"t":"PA44"},"81E":{"desc":"H4E"},"822":{"t":"CRJ9"},"824":{"desc":"L1P"},"82B":{"desc":"L1P"},"82E":{"t":"ASTR"},"836":{"t":"GL5T"},"845":{"desc":"L1J"},"84E":{"desc":"L2J","t":"A20N"},"851":{"t":"B738"},"85D":{"t":"BE36"},"85E":{"t":"PA46"},"864":{"t":"GLF4"},"865":{"desc":"H1T","t":"S92"},"88F":{"desc":"L1P"},"893":{"desc":"L1P"},"898":{"t":"P28A"},"89A":{"t":"C210"},"89B":{"t":"BE55"},"8A1":{"t":"C650"},"8AA":{"desc":"L1P"},"8AE":{"t":"L39"},"8B0":{"t":"R22"},"8B6":{"t":"C172"},"8B8":{"t":"SR20"},"8B9":{"t":"F900"},"8BD":{"t":"CRJ2"},"8C1":{"desc":"L1P","t":"ULAC"},"8C4":{"t":"GLID"},"8C6":{"desc":"L1P"},"8CD":{"desc":"L1P"},"8D6":{"t":"C560"},"8D7":{"t":"C750"},"8DB":{"desc":"H4E"},"8EF":{"t":"B752"},"8F3":{"desc":"L1P"},"90C":{"t":"ST75"},"919":{"t":"B737"},"91E":{"desc":"L1P"},"925":{"t":"G164"},"972":{"t":"C72R"},"974":{"t":"PA18"},"975":{"t":"C172"},"976":{"t":"H269"},"978":{"t":"C172"},"979":{"t":"P28A"},"97A":{"t":"S108"},"97C":{"t":"M20P"},"97D":{"t":"P28R"},"97E":{"t":"PA24"},"98B":{"t":"ERCO"},"98D":{"t":"C185"},"98E":{"t":"ERCO"},"98F":{"t":"ERCO"},"993":{"desc":"L1P"},"995":{"t":"C175"},"997":{"t":"PA18"},"998":{"t":"C172"},"99A":{"t":"C182"},"99B":{"t":"C172"},"99C":{"t":"P28A"},"99D":{"t":"S108"},"99F":{"t":"M20P"},"9A1":{"t":"PA24"},"9A7":{"t":"M20P"},"9A8":{"t":"P28B"},"9A9":{"t":"C182"},"9AA":{"t":"BE33"},"9AF":{"t":"C185"},"9B1":{"t":"ERCO"},"9B8":{"t":"C175"},"9B9":{"t":"P28A"},"9BC":{"t":"C172"},"9BE":{"t":"C172"},"9BF":{"t":"P28A"},"9C0":{"t":"P32R"},"9C3":{"t":"P28R"},"9C7":{"desc":"L1P"},"9C9":{"t":"C150"},"9CA":{"t":"M20P"},"9CB":{"t":"P28B"},"9CC":{"t":"C182"},"9D0":{"t":"ERCO"},"9D5":{"t":"ERCO"},"9D6":{"t":"C152"},"9DB":{"t":"C72R"},"9DC":{"t":"C180"},"9DD":{"t":"PA18"},"9DE":{"t":"BALL"},"9E0":{"t":"C188"},"9E1":{"t":"C182"},"9E2":{"t":"P28A"},"9E5":{"t":"M20P"},"9E7":{"t":"PA24"},"9E8":{"t":"BE33"},"9ED":{"t":"M20P"},"9EE":{"t":"P28B"},"9EF":{"t":"C182"},"9F2":{"t":"ERCO"},"9F3":{"t":"ERCO"},"9F4":{"t":"ERCO"},"9F6":{"t":"C185"},"9F7":{"t":"ERCO"},"9F8":{"desc":"L1P"},"9FA":{"t":"ERCO"},"9FB":{"t":"ERCO"},"9FF":{"t":"C180"},"A00":{"t":"C72R"},"A04":{"t":"C172"},"A05":{"t":"P28A"},"A08":{"t":"M20P"},"A09":{"t":"P28R"},"A0A":{"t":"PA24"},"A0E":{"t":"PA38"},"A0F":{"t":"C150"},"A11":{"t":"P28B"},"A12":{"t":"C182"},"A13":{"t":"BE35"},"A18":{"t":"C185"},"A1B":{"t":"ERCO"},"A1E":{"t":"ERCO"},"A1F":{"desc":"L1P"},"A20":{"t":"C195"},"A21":{"t":"C72R"},"A23":{"t":"PA18"},"A27":{"t":"C172"},"A28":{"t":"P28A"},"A29":{"t":"S108"},"A2A":{"t":"AA1"},"A2C":{"t":"C185"},"A2D":{"t":"PA24"},"A33":{"t":"M20P"},"A35":{"t":"C182"},"A38":{"t":"ERCO"},"A3B":{"t":"ERCO"},"A3D":{"t":"ERCO"},"A42":{"desc":"L1P"},"A43":{"t":"C150"},"A44":{"t":"C175"},"A45":{"t":"P28A"},"A46":{"t":"PA18"},"A4A":{"t":"C172"},"A4B":{"t":"P28A"},"A50":{"t":"PA24"},"A51":{"t":"BE33"},"A53":{"desc":"L1P"},"A55":{"t":"C150"},"A56":{"t":"M20P"},"A58":{"t":"C182"},"A5B":{"t":"ERCO"},"A5C":{"t":"ERCO"},"A5E":{"t":"ERCO"},"A61":{"t":"ERCO"},"A63":{"t":"ERCO"},"A65":{"desc":"L1P"},"A66":{"t":"C195"},"A68":{"t":"P28A"},"A6D":{"t":"C172"},"A6E":{"t":"P28A"},"A73":{"t":"PA24"},"A75":{"desc":"L2P"},"A78":{"t":"C150"},"A7A":{"t":"P28B"},"A81":{"t":"ERCO"},"A82":{"t":"C210"},"A83":{"t":"ERCO"},"A85":{"t":"ERCO"},"A86":{"t":"ERCO"},"A89":{"t":"C190"},"A8A":{"t":"C175"},"A8B":{"t":"C180"},"A8C":{"t":"PA18"},"A93":{"t":"AA1"},"A94":{"t":"M20P"},"A95":{"t":"P28R"},"A96":{"t":"PA24"},"A9B":{"t":"C150"},"A9C":{"t":"M20P"},"A9E":{"t":"C182"},"AA1":{"t":"C152"},"AA5":{"t":"ERCO"},"AA6":{"t":"ERCO"},"AAA":{"t":"C152"},"AAC":{"t":"C195"},"AAD":{"t":"C175"},"AAE":{"t":"C180"},"AAF":{"t":"PA18"},"AB0":{"t":"C172"},"AB7":{"t":"C207"},"AB8":{"t":"P28R"},"ABB":{"desc":"L2P"},"AC1":{"t":"C182"},"AC2":{"t":"BE95"},"AC6":{"t":"ERCO"},"AC8":{"t":"ERCO"},"ACB":{"t":"ERCO"},"ACC":{"t":"ULAC"},"AD0":{"desc":"L1P"},"AD1":{"desc":"L1P"},"AD3":{"t":"SF50"},"AD5":{"t":"LJ35"},"AD6":{"t":"M7"},"AD7":{"t":"A109"},"AD8":{"t":"C500"},"AD9":{"t":"P32R"},"ADA":{"t":"C525"},"ADC":{"t":"GLF4"},"ADD":{"desc":"H1T","t":"UH12"},"ADF":{"desc":"L2T"},"AE0":{"t":"EC30"},"AE1":{"desc":"L1P"},"AE2":{"desc":"L6E"},"AE4":{"t":"C208"},"AE5":{"desc":"L1P"},"AE7":{"t":"C182"},"AE9":{"t":"BE9L"},"AEB":{"t":"C182"},"AEC":{"desc":"L1P"},"AEF":{"t":"GLID"},"AF4":{"t":"BL8"},"AF5":{"desc":"L1P"},"AF6":{"desc":"L1P"},"AF9":{"desc":"L1P"},"AFA":{"t":"C180"},"AFD":{"t":"BE35"},"B01":{"desc":"L2P"},"B02":{"t":"C172"},"B03":{"t":"ULAC"},"B05":{"t":"BE9L"},"B09":{"t":"C650"},"B0B":{"t":"LJ45"},"B0C":{"t":"AA5"},"B0D":{"t":"CH7A"},"B0F":{"t":"C172"},"B11":{"desc":"L1P"},"B16":{"desc":"L1P"},"B1A":{"t":"P32R"},"B1B":{"desc":"L1P"},"B1C":{"desc":"L1P"},"B1D":{"desc":"L1P"},"B1F":{"desc":"L1J"},"B20":{"t":"AEST"},"B21":{"desc":"L1P"},"B22":{"desc":"L1P"},"B24":{"t":"GLID"},"B25":{"t":"P28A"},"B26":{"t":"C185"},"B27":{"desc":"L1T"},"B2A":{"t":"ST75"},"B2F":{"desc":"L1P"},"B34":{"t":"AC95"},"B35":{"t":"SR22"},"B36":{"t":"B06"},"B39":{"t":"HDJT"},"B3E":{"t":"C206"},"B3F":{"t":"BE36"},"B43":{"t":"C172"},"B49":{"t":"E300"},"B50":{"desc":"L1P"},"B57":{"desc":"L1P","t":"GLF3"},"B5A":{"t":"C25C"},"B5C":{"desc":"L1P"},"B5D":{"desc":"L1P","t":"ULAC"},"B5E":{"t":"G280"},"B61":{"t":"GLID"},"B62":{"t":"GLEX"},"B67":{"desc":"L1P"},"B68":{"t":"M7"},"B6B":{"t":"P32T"},"B73":{"t":"LJ35"},"B75":{"desc":"L1T"},"B77":{"desc":"L1P"},"B7A":{"t":"C82S"},"B7E":{"t":"BE18"},"B80":{"t":"BE9L"},"B82":{"t":"C182"},"B83":{"t":"BE40"},"B84":{"t":"CH7B"},"B86":{"t":"PA25"},"B87":{"t":"C172"},"B89":{"t":"C525"},"B8A":{"t":"GLID"},"B8E":{"t":"C140"},"B8F":{"desc":"L1P"},"B91":{"t":"HUSK"},"B93":{"desc":"L1P"},"B95":{"t":"HUSK"},"B97":{"desc":"L1P"},"B98":{"t":"C172"},"B99":{"t":"M20T"},"B9B":{"desc":"L2T"},"B9C":{"desc":"L1P"},"B9D":{"desc":"L1P"},"BA1":{"t":"BE36"},"BA2":{"t":"GLF4"},"BA3":{"t":"PA31"},"BA5":{"desc":"L1P"},"BA8":{"desc":"L1P"},"BAB":{"t":"BE36"},"BAC":{"t":"C25C"},"BB2":{"desc":"L1P"},"BB4":{"desc":"L1P"},"BB6":{"desc":"H1P"},"BB7":{"t":"GLID"},"BBA":{"desc":"L1P"},"BBB":{"desc":"L1P"},"BBC":{"t":"BE58"},"BC5":{"t":"M7"},"BCB":{"t":"M7"},"BCC":{"desc":"L1P","t":"ULAC"},"BCD":{"desc":"L2J"},"BCE":{"desc":"L1P"},"BCF":{"t":"GLF5"},"BD1":{"t":"BE40"},"BD2":{"desc":"L1P"},"BD9":{"desc":"L1P"},"BDA":{"t":"C182"},"BDB":{"desc":"L1P"},"BE1":{"desc":"L1P"},"BE3":{"t":"PA46"},"BE4":{"desc":"L1P"},"BE6":{"t":"AS65"},"BE7":{"desc":"L1P"},"BEA":{"t":"GLID"},"BEB":{"t":"BE20"},"BEF":{"t":"C182"},"BF0":{"t":"C182"},"BF1":{"t":"BE55"},"BF2":{"t":"M20P"},"BF3":{"desc":"L1P"},"BF4":{"t":"C208"},"BF7":{"desc":"A1P"},"BFB":{"t":"U21"},"BFC":{"t":"P28R"},"C01":{"desc":"L1P"},"C02":{"t":"DA42"},"C06":{"t":"L39"},"C07":{"t":"T206"},"C10":{"t":"UH1"},"C14":{"t":"PA32"},"C15":{"t":"DA62"},"C16":{"t":"BE58"},"C17":{"t":"C680"},"C18":{"t":"B06"},"C19":{"desc":"L1T"},"C1B":{"t":"BE9T"},"C1E":{"desc":"L1P"},"C1F":{"t":"C550"},"C20":{"t":"P28T"},"C24":{"desc":"L1T"},"C25":{"t":"P210"},"C26":{"desc":"L1P"},"C29":{"desc":"L1P"},"C2D":{"t":"C120"},"C3F":{"desc":"H1T"},"C47":{"t":"PA18"},"C49":{"desc":"L1P","t":"ULAC"},"C4A":{"desc":"L1P"},"C4B":{"t":"M20P"},"C4C":{"desc":"L1P"},"C4E":{"t":"GLID"},"C51":{"t":"LJ35"},"C53":{"desc":"L1P"},"C56":{"t":"P28T"},"C57":{"t":"SR20"},"C58":{"desc":"L1P"},"C5B":{"t":"C414"},"C5E":{"desc":"L1P"},"C5F":{"t":"U21"},"C60":{"t":"CH7A"},"C61":{"desc":"L1P"},"C62":{"t":"T6"},"C63":{"t":"PA12"},"C64":{"t":"GLID"},"C65":{"t":"CL60"},"C68":{"desc":"L1P"},"C69":{"desc":"L1P"},"C6D":{"desc":"L1P"},"C6F":{"desc":"L1P","t":"ULAC"},"C70":{"t":"BE33"},"C71":{"desc":"L1P"},"C75":{"desc":"L1P"},"C7A":{"t":"RV6"},"C7B":{"desc":"H1P"},"C7C":{"desc":"L1P"},"C7D":{"desc":"L1P","t":"ULAC"},"C7E":{"t":"P32R"},"C7F":{"desc":"L1P"},"C81":{"t":"BE58"},"C83":{"desc":"L1P"},"C84":{"desc":"L1P"},"C86":{"desc":"L1P"},"C89":{"t":"C172"},"C8A":{"t":"M20P"},"C8B":{"desc":"L1P","t":"ULAC"},"C8D":{"t":"E300"},"CA3":{"t":"F900"},"CAA":{"t":"BE35"},"CAB":{"desc":"L1P"},"CB0":{"desc":"L1P"},"CB6":{"t":"B06"},"CBF":{"t":"C170"},"CC4":{"t":"P28A"},"CC6":{"t":"R44"},"CC7":{"desc":"L1P"},"CC8":{"t":"BE9L"},"CCA":{"desc":"L1P"},"CCF":{"t":"PA46"},"CD3":{"desc":"L1P"},"CD4":{"desc":"L1P"},"CD5":{"desc":"L2P"},"CD8":{"t":"BE36"},"CDA":{"t":"HUSK"},"CDC":{"t":"PA18"},"CF5":{"desc":"L1P"},"CF8":{"t":"PA30"},"D19":{"t":"AT5T"},"D23":{"t":"C208"},"D27":{"t":"WACO"},"D2A":{"desc":"L1T"},"D31":{"t":"GLF5"},"D32":{"desc":"L1P"},"D34":{"t":"C172"},"D35":{"t":"B738"},"D38":{"desc":"L1T"},"D3A":{"t":"B712"},"D3D":{"desc":"L1T"},"D3E":{"desc":"L1T"},"D41":{"desc":"L1T"},"D44":{"t":"B772"},"D45":{"desc":"H1P"},"D4E":{"desc":"L1T"},"D56":{"t":"P28A"},"D5C":{"t":"GLID"},"D5D":{"t":"FA50"},"D5E":{"t":"SR22"},"D65":{"t":"F900"},"D66":{"desc":"L1T"},"D68":{"t":"C182"},"D6B":{"desc":"L1T"},"D6F":{"desc":"L1T"},"D73":{"t":"S108"},"D74":{"t":"DV20"},"D77":{"desc":"L1T"},"D78":{"desc":"L1T"},"D79":{"desc":"L1T"},"D7C":{"t":"B739"},"D7D":{"desc":"L1T"},"D7F":{"desc":"L1T"},"D83":{"desc":"L1T"},"D85":{"desc":"L1T"},"D8C":{"desc":"L1T"},"D97":{"desc":"L1T"},"D98":{"desc":"L1T"},"D9D":{"desc":"L1T"},"DA9":{"t":"B752"},"DAA":{"t":"C208"},"DB1":{"t":"H25B"},"DB5":{"desc":"L1T","t":"A319"},"DBE":{"desc":"L1P"},"DD7":{"t":"WACO"},"DDA":{"t":"BE20"},"DE5":{"t":"C206"},"DE9":{"desc":"L1T"},"DEC":{"desc":"L1T"},"DF0":{"desc":"L1P"},"DF6":{"t":"C68A"},"DFC":{"t":"BE40"},"E0D":{"t":"TBM7"},"E0F":{"desc":"L1T"},"E15":{"desc":"L1P"},"E22":{"t":"DA40"},"E23":{"desc":"L1T"},"E25":{"desc":"L1P"},"E29":{"desc":"L1T"},"E2A":{"t":"PA44"},"E2E":{"desc":"H4E"},"E34":{"desc":"L1T"},"E3D":{"desc":"L1P"},"E3E":{"desc":"L1T"},"E3F":{"desc":"L1T"},"E40":{"desc":"L1T"},"E44":{"desc":"L1P"},"E4B":{"t":"T206"},"E4C":{"desc":"L1T"},"E4F":{"desc":"L1T"},"E5E":{"desc":"L2J","t":"A20N"},"E61":{"t":"B738"},"E6F":{"t":"GLID"},"E71":{"desc":"L1T"},"E75":{"desc":"H1T","t":"S92"},"E77":{"desc":"L1T"},"E7B":{"desc":"L1T"},"E7E":{"desc":"L1T"},"E86":{"t":"BE33"},"E97":{"t":"C750"},"E9F":{"t":"BE55"},"EA8":{"t":"C152"},"EAB":{"t":"C172"},"EB4":{"desc":"L1T"},"EB8":{"desc":"L1P"},"EBA":{"desc":"L1T"},"EBF":{"desc":"L1T"},"EC4":{"t":"R22"},"EC5":{"desc":"L1T"},"EC8":{"t":"BE36"},"EC9":{"desc":"L1P"},"ECD":{"t":"C525"},"ED2":{"t":"P06T"},"ED3":{"desc":"L1T"},"ED4":{"t":"P28R"},"ED6":{"desc":"L1P"},"ED7":{"desc":"L1T"},"EDD":{"desc":"L1T"},"EE2":{"t":"S22T"},"EE3":{"t":"GLF5"},"EE6":{"desc":"L1T"},"EEA":{"desc":"L2T"},"EEB":{"desc":"H4E"},"EFF":{"t":"B752"},"F03":{"t":"ST75"},"F04":{"t":"BE40"},"F09":{"desc":"L1T"},"F15":{"desc":"L1T"},"F1C":{"t":"C182"},"F1E":{"desc":"L1T"},"F22":{"desc":"L1P"},"F28":{"desc":"L1T"},"F29":{"t":"B737"},"F2A":{"t":"C421"},"F4B":{"desc":"L1T"},"F67":{"t":"ULAC"},"F68":{"desc":"L1T"},"F7F":{"desc":"L1T"},"F85":{"t":"C172"},"F87":{"t":"C206"},"F88":{"t":"C172"},"F89":{"t":"P28A"},"F8A":{"t":"P28A"},"F8B":{"t":"C172"},"F8E":{"t":"PA24"},"F8F":{"t":"BE35"},"F93":{"t":"C150"},"F94":{"t":"M20P"},"F95":{"t":"P28B"},"F96":{"t":"C210"},"F9A":{"t":"T210"},"F9B":{"t":"ERCO"},"F9C":{"t":"ERCO"},"F9D":{"t":"ERCO"},"F9F":{"t":"C152"},"FA0":{"t":"ERCO"},"FA1":{"t":"ERCO"},"FA3":{"desc":"L1T"},"FA4":{"t":"C140"},"FA6":{"t":"P28R"},"FA7":{"t":"PA22"},"FA8":{"t":"AR11"},"FAA":{"t":"C206"},"FAB":{"t":"C172"},"FAE":{"t":"P28B"},"FB0":{"t":"P28R"},"FB1":{"t":"PA18"},"FB3":{"desc":"L1P"},"FB4":{"t":"PC12"},"FB7":{"t":"M20P"},"FB8":{"t":"MD83"},"FB9":{"t":"C182"},"FBE":{"t":"ERCO"},"FC4":{"t":"C210"},"FC9":{"t":"C180"},"FCA":{"t":"C182"},"FCE":{"t":"FA24"},"FCF":{"t":"P28A"},"FD0":{"t":"P28A"},"FD1":{"t":"AA1"},"FD4":{"t":"PA24"},"FD7":{"t":"BE33"},"FD9":{"t":"C150"},"FDB":{"t":"MD83"},"FDC":{"t":"C210"},"FDF":{"t":"ERCO"},"FE2":{"t":"ERCO"},"FE5":{"t":"ERCO"},"FE6":{"t":"ERCO"},"FE7":{"t":"ERCO"},"FE9":{"desc":"L1P"},"FEC":{"t":"C180"},"FED":{"t":"PA22"},"FF3":{"t":"S108"},"FF4":{"t":"AA1"},"FF8":{"t":"BE58"},"FFA":{"t":"BE33"},"FFC":{"t":"C150"},"FFD":{"t":"M20P"}}