{"000":{"t":"B429"},"00B":{"desc":"L2T"},"010":{"t":"PA31"},"013":{"t":"SR22"},"014":{"t":"MD82"},"01A":{"t":"R22"},"01B":{"t":"SF50"},"029":{"t":"P28A"},"02A":{"t":"M20T"},"02B":{"t":"PA46"},"031":{"t":"PA24"},"033":{"t":"MD88"},"034":{"t":"AA5"},"039":{"t":"AC11"},"051":{"t":"C182"},"05E":{"t":"B752"},"05F":{"t":"C208"},"06F":{"t":"C525"},"073":{"t":"P28A"},"07A":{"desc":"L1T"},"085":{"desc":"L1P"},"087":{"t":"P06T"},"08C":{"desc":"L1P","t":"ULAC"},"097":{"t":"C208"},"0A7":{"t":"DA42"},"0AB":{"t":"GLF5"},"0AD":{"t":"GLID"},"0AE":{"desc":"L1P"},"0AF":{"t":"M20P"},"0B1":{"t":"GLID"},"0B7":{"t":"A321"},"0BA":{"desc":"L1P"},"0BE":{"desc":"L1P"},"0CF":{"t":"AA5"},"0D8":{"t":"AS50"},"0DA":{"t":"C172"},"0E9":{"t":"C172"},"0EC":{"t":"PA20"},"0F0":{"desc":"L1P"},"0F1":{"desc":"L1T","t":"PA46"},"0F3":{"t":"S22T"},"0F9":{"desc":"L1P"},"0FC":{"t":"LJ45"},"10A":{"desc":"L2J"},"116":{"t":"B738"},"123":{"t":"PA31"},"124":{"desc":"L1P"},"125":{"desc":"L1P"},"13E":{"t":"G164"},"157":{"desc":"L1P"},"162":{"desc":"L1P"},"165":{"desc":"L1P"},"169":{"t":"C82S"},"16E":{"t":"R44"},"170":{"t":"AC50"},"171":{"t":"AS50"},"173":{"t":"BE35"},"17B":{"t":"F2TH"},"17E":{"desc":"L1P"},"17F":{"t":"A119"},"182":{"t":"CRJ2"},"189":{"t":"CL60"},"18B":{"desc":"L1P"},"198":{"desc":"L1P"},"19B":{"t":"MD83"},"1A0":{"desc":"L1E"},"1B4":{"t":"E190"},"1B8":{"t":"GLF4"},"1BA":{"desc":"L1P"},"1D1":{"t":"P28A"},"1D8":{"t":"P28A"},"1DE":{"t":"B737"},"1E2":{"t":"C182"},"1E6":{"t":"BE33"},"235":{"desc":"L3P"},"237":{"desc":"L1P"},"238":{"desc":"L1P"},"239":{"t":"PA22"},"23A":{"t":"BL17"},"23C":{"t":"C206"},"23F":{"t":"S108"},"240":{"t":"AA1"},"244":{"t":"C172"},"245":{"t":"BE95"},"246":{"t":"CH7A"},"247":{"t":"C210"},"248":{"t":"AA5"},"24B":{"t":"C210"},"24E":{"t":"C172"},"253":{"t":"C172"},"258":{"t":"N3N"},"25B":{"desc":"L1P"},"260":{"t":"C182"},"261":{"t":"P28A"},"264":{"t":"M20P"},"26B":{"t":"AA5"},"26F":{"t":"BE55"},"272":{"t":"TAYB"},"273":{"t":"UH12"},"27B":{"desc":"L3P"},"27C":{"t":"C140"},"27D":{"t":"C208"},"27F":{"t":"PA22"},"280":{"t":"BL17"},"282":{"t":"C182"},"283":{"t":"C172"},"284":{"t":"P28A"},"285":{"t":"S108"},"286":{"t":"AA1"},"28B":{"t":"C206"},"28E":{"t":"AA5"},"28F":{"t":"M20P"},"290":{"t":"P28A"},"295":{"t":"TAYB"},"29A":{"desc":"L1P"},"29C":{"t":"GLID"},"29F":{"desc":"L1P"},"2A0":{"t":"C180"},"2A1":{"t":"P28S"},"2A3":{"t":"BL17"},"2A5":{"t":"T206"},"2A6":{"t":"C172"},"2A7":{"t":"P28A"},"2A9":{"t":"AA1"},"2AA":{"t":"M20P"},"2AD":{"desc":"L1P"},"2B0":{"t":"C210"},"2B1":{"t":"AA5"},"2B3":{"t":"P28A"},"2B6":{"t":"C206"},"2B7":{"t":"TAYB"},"2B8":{"t":"TAYB"},"2BA":{"t":"B47G"},"2BD":{"desc":"L1P"},"2C0":{"t":"TAYB"},"2C1":{"desc":"L1P"},"2C4":{"t":"PA32"},"2C6":{"t":"HUSK"},"2C8":{"t":"C206"},"2C9":{"t":"C172"},"2CA":{"t":"P28A"},"2CB":{"t":"C188"},"2CC":{"t":"HUSK"},"2CD":{"t":"M20P"},"2D0":{"t":"C172"},"2D2":{"t":"CH7B"},"2D3":{"t":"C210"},"2D6":{"t":"P28A"},"2D7":{"t":"C210"},"2DD":{"t":"T6"},"2DE":{"t":"TAYB"},"2E2":{"t":"TAYB"},"2E5":{"t":"C140"},"2E7":{"t":"PA32"},"2E8":{"t":"PA22"},"2E9":{"t":"AR11"},"2EC":{"desc":"L1P"},"2EF":{"t":"AA1"},"2F0":{"t":"M20P"},"2F4":{"t":"HUSK"},"2F6":{"t":"PA38"},"2F7":{"t":"AA5"},"2F9":{"t":"MD83"},"2FB":{"t":"BE33"},"2FC":{"desc":"L1P"},"2FD":{"t":"TAYB"},"2FF":{"t":"TAYB"},"300":{"t":"TAYB"},"308":{"desc":"L1P"},"30A":{"desc":"L1P"},"30C":{"t":"C182"},"30E":{"t":"MD83"},"310":{"t":"P28A"},"312":{"t":"C172"},"313":{"t":"M20P"},"314":{"t":"PA18"},"316":{"t":"C172"},"31B":{"t":"M20P"},"31C":{"t":"P28A"},"31D":{"t":"C210"},"31E":{"t":"BE50"},"321":{"desc":"H1P"},"322":{"t":"TAYB"},"323":{"t":"TAYB"},"325":{"t":"TAYB"},"32D":{"t":"P32T"},"32E":{"t":"PA22"},"332":{"t":"C172"},"333":{"t":"P28A"},"334":{"t":"S108"},"336":{"t":"M20P"},"339":{"t":"C172"},"33A":{"t":"MD83"},"33B":{"t":"CH7A"},"33F":{"t":"P28A"},"342":{"t":"C206"},"348":{"t":"TAYB"},"34C":{"t":"TAYB"},"34E":{"t":"MD83"},"351":{"t":"PA22"},"353":{"t":"HUSK"},"354":{"t":"C182"},"355":{"t":"C185"},"357":{"t":"S108"},"359":{"t":"M20P"},"35B":{"t":"HUSK"},"35E":{"t":"CH7A"},"361":{"desc":"L1P"},"364":{"t":"BE55"},"366":{"t":"C172"},"36C":{"t":"HUSK"},"371":{"t":"C140"},"372":{"t":"C72R"},"374":{"t":"PA22"},"375":{"t":"C182"},"378":{"t":"C172"},"379":{"t":"P28A"},"37A":{"t":"S108"},"37B":{"t":"AA1"},"381":{"t":"CH7B"},"384":{"t":"MD83"},"385":{"t":"P28A"},"387":{"t":"BE35"},"389":{"t":"TAYB"},"38B":{"t":"C172"},"38C":{"t":"TAYB"},"38F":{"t":"TAYB"},"391":{"t":"H500"},"394":{"t":"ASTR"},"395":{"t":"FA20"},"397":{"t":"BL8"},"399":{"t":"JS32"},"39A":{"t":"C77R"},"3A0":{"t":"C77R"},"3A1":{"t":"B738"},"3A6":{"t":"ULAC"},"3A7":{"t":"C172"},"3AD":{"desc":"L1P"},"3AE":{"desc":"L2J","t":"B38M"},"3BD":{"desc":"L1P"},"3CB":{"t":"MD83"},"3D1":{"t":"B773"},"3D2":{"desc":"L1P","t":"ULAC"},"3D4":{"t":"C182"},"3D7":{"t":"T206"},"3DF":{"t":"S108"},"3E2":{"desc":"L1P"},"3EA":{"t":"MD88"},"3EB":{"t":"E55P"},"3F1":{"desc":"L1P"},"3F4":{"desc":"L1P"},"3FA":{"desc":"L1P"},"3FB":{"t":"PA34"},"411":{"t":"P32R"},"415":{"t":"B752"},"416":{"t":"C208"},"41C":{"desc":"L1P"},"42A":{"t":"P28A"},"42B":{"desc":"L2J"},"432":{"desc":"A1P"},"43C":{"desc":"G1P"},"43E":{"t":"P06T"},"44E":{"t":"C208"},"45C":{"t":"C550"},"45E":{"t":"C182"},"463":{"desc":"L1P"},"46E":{"t":"A321"},"477":{"t":"BALL"},"478":{"t":"C560"},"48A":{"t":"B412"},"48F":{"t":"AS50"},"495":{"t":"R66"},"49F":{"t":"FDCT"},"4A0":{"t":"C172"},"4A8":{"desc":"L1T","t":"PA46"},"4A9":{"t":"SR22"},"4AA":{"desc":"L1P"},"4AB":{"t":"R66"},"4B3":{"t":"GALX"},"4B8":{"t":"P28R"},"4C1":{"desc":"L2J"},"4CD":{"t":"B738"},"4DB":{"t":"C182"},"4EE":{"t":"SR22"},"4F5":{"t":"G164"},"50C":{"t":"C25A"},"512":{"t":"C206"},"524":{"desc":"L1P"},"525":{"t":"DA42"},"527":{"t":"BE95"},"52C":{"t":"C172"},"52E":{"desc":"H1T","t":"S92"},"530":{"t":"EN28"},"534":{"t":"SR22"},"535":{"t":"GLF4"},"536":{"t":"A119"},"539":{"t":"CRJ2"},"540":{"desc":"L1P"},"541":{"desc":"L1P"},"542":{"desc":"L1P"},"543":{"t":"RV12"},"552":{"t":"MD83"},"553":{"t":"C750"},"557":{"desc":"L1E"},"56F":{"desc":"L1P"},"588":{"t":"BE17"},"58A":{"desc":"L1P"},"58E":{"t":"PA46"},"58F":{"t":"P28A"},"595":{"t":"B737"},"59D":{"t":"P28R"},"5EC":{"desc":"A1P"},"5F0":{"t":"MD83"},"5F1":{"t":"C182"},"5F3":{"t":"C188"},"5F5":{"t":"P28A"},"5F6":{"t":"S108"},"5FB":{"t":"C185"},"5FF":{"t":"AA5"},"600":{"t":"M20P"},"604":{"t":"HUSK"},"60B":{"t":"HUSK"},"60F":{"desc":"L1P","t":"ULAC"},"611":{"t":"C180"},"613":{"t":"PA22"},"614":{"t":"AR11"},"616":{"t":"AT5T"},"618":{"t":"S22T"},"619":{"t":"P32R"},"61A":{"t":"AA1"},"61B":{"t":"M20P"},"61F":{"t":"BE18"},"621":{"t":"C210"},"623":{"t":"C172"},"628":{"t":"TAYB"},"62E":{"t":"TAYB"},"630":{"t":"C172"},"633":{"t":"MD83"},"634":{"t":"C180"},"635":{"t":"P28A"},"637":{"t":"BL17"},"63A":{"t":"C172"},"63B":{"t":"P28A"},"63D":{"t":"AA1"},"63E":{"t":"M20P"},"641":{"t":"C172"},"642":{"t":"BE35"},"643":{"t":"AR11"},"646":{"desc":"L1P"},"647":{"t":"P28A"},"649":{"t":"BE35"},"651":{"t":"TAYB"},"652":{"t":"C172"},"656":{"t":"C140"},"657":{"t":"C208"},"65A":{"t":"BL17"},"65B":{"t":"H269"},"65C":{"t":"C188"},"65E":{"t":"P28A"},"661":{"t":"M20P"},"665":{"t":"C206"},"667":{"t":"PA38"},"668":{"t":"AA5"},"669":{"t":"C172"},"66A":{"t":"P28A"},"66C":{"t":"HUSK"},"66D":{"t":"HUSK"},"66E":{"t":"TAYB"},"672":{"t":"TAYB"},"673":{"t":"TAYB"},"675":{"t":"TAYB"},"678":{"desc":"L1P"},"679":{"t":"C140"},"67B":{"t":"T28"},"67C":{"t":"PA22"},"67D":{"t":"C182"},"681":{"t":"P28A"},"684":{"t":"M20P"},"68A":{"t":"MD83"},"68D":{"t":"P28A"},"691":{"t":"BE18"},"698":{"t":"TAYB"},"69B":{"desc":"L1P"},"69F":{"t":"PA22"},"6A7":{"t":"M20P"},"6AA":{"t":"C172"},"6AC":{"t":"CH7B"},"6AE":{"t":"AA1"},"6AF":{"t":"C172"},"6B0":{"t":"MD83"},"6B2":{"t":"BE35"},"6B8":{"t":"TAYB"},"6B9":{"t":"GLID"},"6BF":{"t":"C140"},"6C0":{"t":"C72R"},"6C1":{"t":"P28A"},"6C4":{"t":"MD83"},"6C5":{"t":"C206"},"6C6":{"t":"C172"},"6C7":{"t":"P28A"},"6C8":{"t":"P28A"},"6CD":{"t":"C172"},"6D4":{"t":"C210"},"6D5":{"t":"BE35"},"6D9":{"t":"TAYB"},"6E0":{"t":"TAYB"},"6E6":{"t":"AR11"},"6E9":{"t":"C172"},"6EA":{"t":"P28A"},"6EB":{"t":"P28A"},"6EF":{"t":"PA18"},"6F7":{"t":"C210"},"6FA":{"t":"TAYB"},"6FF":{"t":"TAYB"},"701":{"t":"TAYB"},"706":{"t":"C180"},"70B":{"t":"C182"},"70C":{"t":"C172"},"70D":{"t":"P28A"},"70E":{"t":"P28A"},"710":{"t":"M20P"},"717":{"t":"AA5"},"719":{"t":"MD83"},"71B":{"t":"BE35"},"71E":{"t":"T6"},"71F":{"t":"TAYB"},"722":{"t":"TAYB"},"728":{"t":"C140"},"729":{"t":"C180"},"72A":{"t":"P28A"},"72B":{"t":"PA22"},"72C":{"t":"AR11"},"72E":{"t":"C188"},"72F":{"t":"MD83"},"730":{"t":"P28A"},"731":{"t":"P28A"},"732":{"t":"AA1"},"737":{"t":"BE95"},"739":{"t":"C210"},"73C":{"t":"P28A"},"73E":{"t":"BE35"},"740":{"t":"TAYB"},"741":{"t":"TAYB"},"742":{"t":"TAYB"},"749":{"t":"C172"},"74B":{"desc":"A1P"},"74E":{"t":"C172"},"74F":{"t":"C56X"},"757":{"desc":"A1P"},"758":{"t":"B738"},"75B":{"t":"S22T"},"75D":{"t":"B712"},"75E":{"t":"C172"},"760":{"t":"S22T"},"762":{"t":"C82T"},"766":{"t":"S22T"},"767":{"desc":"L1P","t":"ULAC"},"77D":{"t":"S108"},"77E":{"t":"B752"},"780":{"t":"R22"},"781":{"t":"SR22"},"782":{"t":"MD83"},"784":{"t":"GLID"},"785":{"t":"G150"},"78B":{"t":"C182"},"797":{"t":"DV20"},"798":{"t":"SR22"},"79A":{"desc":"A1P"},"79C":{"desc":"L1P"},"79D":{"desc":"L1P","t":"ULAC"},"79E":{"desc":"L1P"},"7A1":{"t":"MD88"},"7A2":{"t":"SR22"},"7A3":{"desc":"L2J"},"7B0":{"t":"M20P"},"7B2":{"t":"GALX"},"7C0":{"desc":"H1T"},"7CC":{"t":"B752"},"7CD":{"t":"C208"},"7CE":{"t":"C510"},"7F1":{"desc":"H4E"},"7F5":{"t":"P06T"},"805":{"t":"C208"},"813":{"t":"PA24"},"814":{"t":"C172"},"815":{"t":"H25B"},"819":{"t":"FA50"},"81A":{"t":"EA50"},"821":{"t":"GLEX"},"824":{"t":"B407"},"82D":{"t":"BE9L"},"838":{"t":"C172"},"83A":{"t":"A119"},"845":{"desc":"L1P","t":"LA4"},"857":{"t":"C172"},"85A":{"t":"R44"},"85E":{"t":"E50P"},"85F":{"t":"PA46"},"861":{"desc":"L1P"},"867":{"desc":"L1P"},"86E":{"t":"P28B"},"86F":{"t":"C152"},"878":{"desc":"L2J"},"884":{"t":"B738"},"890":{"desc":"L1P"},"89C":{"t":"M20T"},"89E":{"desc":"L1P"},"8A9":{"t":"BE35"},"8AC":{"t":"G164"},"8C2":{"t":"FA7X"},"8C4":{"t":"SR22"},"8D3":{"t":"FA7X"},"8D4":{"t":"SR22"},"8D6":{"desc":"L1P"},"8DC":{"desc":"H1T"},"8DD":{"t":"PA46"},"8DF":{"t":"AS50"},"8E5":{"desc":"L1P","t":"ULAC"},"8E7":{"t":"BE35"},"8E9":{"t":"C172"},"8ED":{"t":"A119"},"8F0":{"t":"CRJ2"},"8F5":{"t":"C172"},"8F6":{"t":"AC11"},"900":{"desc":"L1P"},"902":{"desc":"L1P"},"904":{"t":"GLID"},"906":{"t":"BL8"},"909":{"t":"MD83"},"90D":{"t":"F900"},"90E":{"desc":"H4E"},"922":{"t":"E190"},"926":{"t":"BE35"},"93F":{"desc":"L1P"},"941":{"desc":"L1P"},"942":{"t":"P28A"},"94B":{"t":"C172"},"94C":{"t":"B737"},"954":{"t":"P28R"},"966":{"t":"H25B"},"9A3":{"t":"G164"},"9A4":{"t":"MD83"},"9B2":{"t":"C172"},"9B5":{"t":"C210"},"9B6":{"t":"AA5"},"9B7":{"t":"C172"},"9B8":{"t":"P28A"},"9B9":{"t":"C182"},"9BA":{"t":"BE35"},"9BC":{"t":"TAYB"},"9BD":{"t":"TAYB"},"9C3":{"t":"TAYB"},"9C5":{"t":"TAYB"},"9C7":{"t":"UH12"},"9C8":{"t":"C72R"},"9C9":{"t":"P28A"},"9CF":{"t":"P28A"},"9D0":{"t":"S108"},"9D1":{"t":"AA1"},"9D2":{"t":"M20P"},"9D4":{"t":"PA25"},"9D5":{"t":"C172"},"9D6":{"t":"BE95"},"9D7":{"t":"CH7A"},"9D9":{"t":"AA5"},"9DA":{"t":"C172"},"9DD":{"t":"BE35"},"9DF":{"t":"TAYB"},"9E5":{"t":"TAYB"},"9E9":{"t":"G164"},"9EA":{"t":"C140"},"9EB":{"t":"C180"},"9EE":{"t":"BL17"},"9F2":{"t":"P28A"},"9F5":{"t":"M20P"},"9F7":{"t":"RV12"},"9FC":{"t":"AA1"},"9FD":{"t":"C172"},"A01":{"t":"T206"},"A02":{"t":"TAYB"},"A05":{"t":"TAYB"},"A06":{"t":"TAYB"},"A07":{"t":"TAYB"},"A0D":{"t":"C140"},"A11":{"t":"AR11"},"A14":{"t":"C172"},"A17":{"t":"AA1"},"A18":{"t":"M20P"},"A1F":{"t":"AA1"},"A21":{"t":"P28A"},"A22":{"t":"C182"},"A23":{"t":"BE35"},"A25":{"t":"TAYB"},"A29":{"desc":"L2P"},"A2A":{"t":"BT36"},"A2C":{"t":"TAYB"},"A2D":{"t":"TAYB"},"A31":{"t":"C208"},"A33":{"t":"PA22"},"A39":{"t":"P28R"},"A3A":{"t":"AA1"},"A3E":{"t":"C172"},"A3F":{"t":"BE55"},"A40":{"desc":"L1P"},"A44":{"t":"P28A"},"A45":{"t":"C210"},"A46":{"t":"BE55"},"A4A":{"t":"PA31"},"A4E":{"t":"TAYB"},"A54":{"t":"C72R"},"A55":{"t":"C303"},"A5A":{"t":"C172"},"A5C":{"t":"P28B"},"A5D":{"t":"C172"},"A5E":{"t":"M20P"},"A61":{"t":"C172"},"A63":{"t":"CH7A"},"A65":{"t":"AA5"},"A66":{"t":"C172"},"A67":{"t":"P28A"},"A6C":{"t":"TAYB"},"A6D":{"t":"TAYB"},"A70":{"t":"TAYB"},"A73":{"desc":"L4P"},"A7A":{"t":"AR11"},"A7D":{"t":"C172"},"A7E":{"t":"P28A"},"A7F":{"t":"P32R"},"A80":{"t":"AA5"},"A81":{"t":"M20P"},"A85":{"t":"BE95"},"A88":{"t":"AA5"},"A89":{"t":"C172"},"A8C":{"t":"T210"},"A99":{"t":"C140"},"A9C":{"t":"PA22"},"AA2":{"t":"P32R"},"AA7":{"t":"C172"},"AAC":{"t":"C172"},"AAE":{"t":"C210"},"AB2":{"t":"TAYB"},"ABE":{"t":"P28A"},"AC3":{"t":"C172"},"AC4":{"t":"P28A"},"AC7":{"t":"M20P"},"ACA":{"t":"C172"},"ACB":{"t":"BE95"},"ACC":{"t":"CH7B"},"ACF":{"t":"C172"},"AD1":{"t":"C182"},"AD2":{"t":"BE35"},"AD6":{"t":"TAYB"},"AD7":{"t":"TAYB"},"AD9":{"t":"TAYB"},"ADA":{"t":"TAYB"},"ADB":{"t":"TAYB"},"ADC":{"t":"TAYB"},"ADF":{"t":"C140"},"AE1":{"t":"P28A"},"AE2":{"t":"PA22"},"AE4":{"t":"C208"},"AE6":{"desc":"L1P","t":"ULAC"},"AED":{"t":"C172"},"AF0":{"t":"PA38"},"AF1":{"t":"AA5"},"AF3":{"t":"P28A"},"AF4":{"t":"C210"},"AFA":{"t":"C182"},"B00":{"t":"TAYB"},"B03":{"t":"C172"},"B04":{"desc":"L1P"},"B05":{"t":"C206"},"B08":{"t":"C182"},"B0D":{"desc":"L1P"},"B0E":{"t":"B788"},"B0F":{"t":"B738"},"B14":{"t":"B712"},"B15":{"t":"C172"},"B1C":{"desc":"L2J","t":"B38M"},"B34":{"t":"SBR1"},"B37":{"t":"R44"},"B38":{"t":"SR22"},"B39":{"t":"MD83"},"B40":{"t":"TBM7"},"B42":{"t":"C182"},"B45":{"t":"GLID"},"B4E":{"t":"T206"},"B51":{"t":"R44"},"B56":{"t":"R44"},"B58":{"t":"MD88"},"B83":{"t":"B752"},"B84":{"t":"C208"},"B98":{"desc":"L1P"},"B9A":{"t":"BE9L"},"BA8":{"desc":"L1P"},"BAC":{"t":"P06T"},"BB3":{"t":"BE35"},"BBC":{"desc":"L1P"},"BC1":{"t":"SR22"},"BCA":{"t":"ULAC"},"BCC":{"desc":"L1P"},"BCD":{"t":"M20P"},"BD5":{"desc":"L1P"},"BDA":{"t":"T206"},"BDC":{"t":"A321"},"BE3":{"desc":"L1P"},"BE5":{"desc":"L1P"},"BE7":{"desc":"L1P"},"BF1":{"t":"A119"},"BFD":{"desc":"L1P","t":"LA4"},"BFE":{"t":"B350"},"C05":{"t":"P32R"},"C0E":{"t":"C172"},"C15":{"t":"E50P"},"C16":{"t":"BT36"},"C21":{"t":"PA27"},"C26":{"t":"C150"},"C3B":{"t":"B738"},"C43":{"t":"T206"},"C52":{"desc":"L1P"},"C60":{"t":"BE33"},"C80":{"desc":"L1P"},"C86":{"desc":"L1P"},"C8A":{"desc":"L1P"},"C8D":{"desc":"L1P"},"C8E":{"desc":"H1P"},"C92":{"t":"BE35"},"C93":{"t":"AS50"},"C94":{"t":"H60"},"C95":{"desc":"L1P","t":"ULAC"},"C97":{"t":"BL8"},"C99":{"t":"COL3"},"C9A":{"t":"R22"},"CA0":{"t":"C172"},"CA3":{"desc":"A1P"},"CA4":{"t":"A119"},"CA7":{"t":"CRJ2"},"CAB":{"t":"BE33"},"CAC":{"desc":"L1P"},"CB0":{"desc":"L1P"},"CB7":{"t":"C182"},"CC0":{"t":"MD83"},"CD6":{"desc":"L1P","t":"ULAC"},"CED":{"t":"C750"},"CF9":{"t":"P28A"},"CFC":{"t":"C182"},"D03":{"t":"B737"},"D5A":{"t":"G164"},"D5C":{"t":"C180"},"D62":{"t":"C172"},"D65":{"t":"AA1"},"D66":{"t":"M20P"},"D69":{"t":"C182"},"D6B":{"t":"CH7B"},"D6C":{"t":"C210"},"D6D":{"t":"AA5"},"D6E":{"t":"C172"},"D71":{"t":"BE35"},"D76":{"t":"C182"},"D77":{"t":"TAYB"},"D79":{"t":"TAYB"},"D7B":{"t":"TAYB"},"D7C":{"t":"TAYB"},"D7E":{"t":"C140"},"D7F":{"t":"C180"},"D82":{"t":"AR11"},"D83":{"t":"C208"},"D85":{"t":"C172"},"D86":{"t":"P28A"},"D87":{"t":"P28A"},"D89":{"t":"C207"},"D8C":{"t":"C172"},"D90":{"t":"AA5"},"D91":{"t":"C172"},"D92":{"t":"P28A"},"D95":{"t":"C206"},"D96":{"t":"C182"},"D97":{"t":"C182"},"D9C":{"t":"C182"},"D9D":{"t":"TAYB"},"D9E":{"t":"C182"},"D9F":{"t":"C182"},"DA3":{"t":"P28A"},"DA4":{"t":"PA22"},"DA6":{"t":"C208"},"DA9":{"t":"P28A"},"DAC":{"t":"M20P"},"DAE":{"t":"PA25"},"DB0":{"t":"BE95"},"DB1":{"t":"CH7B"},"DB2":{"t":"C210"},"DB5":{"t":"P28A"},"DB6":{"t":"DA42"},"DB7":{"t":"BE35"},"DBA":{"t":"TAYB"},"DC4":{"t":"C140"},"DC6":{"t":"B25"},"DC7":{"t":"PA22"},"DC8":{"t":"BL17"},"DCB":{"t":"C172"},"DCC":{"t":"P28A"},"DCE":{"t":"AA1"},"DCF":{"t":"M20P"},"DD2":{"t":"C172"},"DD4":{"t":"CH7B"},"DD5":{"t":"C210"},"DD6":{"t":"AA1"},"DD7":{"t":"C172"},"DD8":{"t":"P28A"},"DDA":{"t":"BE33"},"DDB":{"t":"T206"},"DDC":{"t":"TAYB"},"DE2":{"t":"TAYB"},"DE4":{"t":"TAYB"},"DE5":{"t":"TAYB"},"DE7":{"t":"C140"},"DE9":{"t":"VO10"},"DED":{"t":"C206"},"DEF":{"t":"P28A"},"DF0":{"t":"P28R"},"DF1":{"t":"AA1"},"DF2":{"t":"M20P"},"DF5":{"t":"C172"},"DF7":{"t":"CH7A"},"DF8":{"t":"C210"},"DF9":{"t":"AA1"},"DFF":{"t":"TAYB"},"E09":{"desc":"L3P"},"E0D":{"t":"PA22"},"E0E":{"t":"AR11"},"E10":{"t":"C182"},"E11":{"t":"C172"},"E12":{"t":"P28A"},"E1C":{"t":"AA1"},"E1D":{"t":"C172"},"E1F":{"t":"C210"},"E20":{"t":"BE35"},"E24":{"t":"TAYB"},"E25":{"t":"TAYB"},"E27":{"t":"C182"},"E2B":{"t":"TAYB"},"E2D":{"desc":"L1T","t":"SS2P"},"E2E":{"t":"C72R"},"E2F":{"t":"NAVI"},"E30":{"t":"PA22"},"E31":{"t":"AR11"},"E36":{"t":"P32R"},"E41":{"t":"P28A"},"E42":{"t":"C210"},"E47":{"t":"C182"},"E48":{"t":"TAYB"},"E4B":{"t":"TAYB"},"E4E":{"t":"TAYB"},"E50":{"t":"C140"},"E51":{"t":"C72R"},"E53":{"t":"PA22"},"E54":{"t":"AR11"},"E57":{"desc":"L1P"},"E58":{"t":"P28A"},"E59":{"t":"S108"},"E5B":{"t":"M20P"},"E5E":{"t":"C172"},"E60":{"t":"CH7A"},"E62":{"t":"AA5"},"E64":{"t":"P28A"},"E66":{"t":"BE35"},"E68":{"t":"TAYB"},"E6A":{"desc":"L1P"},"E6B":{"t":"TAYB"},"E6C":{"t":"C182"},"E6D":{"t":"C182"},"E6E":{"t":"C182"},"E71":{"t":"TAYB"},"E74":{"desc":"L1P"},"E7A":{"t":"C172"},"E7B":{"t":"P28A"},"E7E":{"t":"M20P"},"E81":{"t":"C172"},"E85":{"t":"AA1"},"E86":{"t":"C172"},"E87":{"t":"P28A"},"E88":{"t":"C210"},"E8B":{"t":"C182"},"E8E":{"desc":"L1P"},"E8F":{"t":"TAYB"},"E96":{"t":"C140"},"E97":{"t":"C72R"},"E98":{"t":"T6"},"E99":{"t":"PA22"},"E9A":{"t":"BL17"},"E9C":{"t":"T206"},"E9D":{"t":"J3"},"E9E":{"t":"P28A"},"EA0":{"t":"AA1"},"EA3":{"t":"PA25"},"EA6":{"t":"CH7A"},"EA9":{"t":"C172"},"EAA":{"t":"P28A"},"EAB":{"t":"C182"},"EAE":{"t":"C182"},"EAF":{"t":"C182"},"EB1":{"t":"C172"},"EB2":{"t":"TAYB"},"EB5":{"t":"TAYB"},"EB6":{"t":"TAYB"},"EB7":{"t":"TAYB"},"EBA":{"t":"C152"},"EBC":{"t":"P28A"},"EBD":{"desc":"L1P"},"EC3":{"desc":"A1P"},"EC5":{"t":"B788"},"EC6":{"t":"B738"},"EC7":{"t":"SF50"},"EC9":{"desc":"L2P"},"ECB":{"t":"B712"},"ECC":{"t":"C172"},"ED3":{"desc":"L2J","t":"B38M"},"ED4":{"t":"C172"},"ED5":{"t":"AC95"},"EDB":{"t":"P32R"},"EE7":{"t":"BE55"},"EEC":{"t":"P212"},"EF0":{"t":"MD83"},"EF5":{"t":"C25A"},"EF9":{"t":"C182"},"EFD":{"t":"DV20"},"EFF":{"desc":"L1P"},"F00":{"t":"C182"},"F03":{"desc":"L1P"},"F05":{"t":"DV20"},"F07":{"desc":"L1P","t":"ULAC"},"F0F":{"t":"MD88"},"F10":{"t":"TBM7"},"F15":{"t":"DA40"},"F16":{"desc":"L1P","t":"ULAC"},"F3A":{"t":"B752"},"F3B":{"t":"C208"},"F42":{"t":"BALL"},"F50":{"desc":"L2J","t":"GLF5"},"F52":{"t":"RV12"},"F57":{"t":"SR22"},"F60":{"t":"BALL"},"F63":{"t":"P06T"},"F68":{"desc":"L1P"},"F69":{"desc":"L2T"},"F6E":{"desc":"L1P"},"F70":{"t":"B350"},"F73":{"t":"C208"},"F83":{"t":"P32R"},"F8F":{"desc":"L1P"},"F93":{"t":"A321"},"F9A":{"desc":"L1P"},"FA8":{"t":"A119"},"FAC":{"t":"B429"},"FB5":{"desc":"L1P","t":"ULAC"},"FBA":{"t":"BE9L"},"FC5":{"t":"C172"},"FCD":{"t":"BL8"},"FD2":{"t":"UH1"},"FD6":{"t":"E300"},"FD8":{"t":"C150"},"FDD":{"t":"C172"},"FF2":{"t":"B738"}}