{"000":{"t":"AA5"},"001":{"t":"C172"},"002":{"t":"P28A"},"007":{"t":"TAYB"},"008":{"t":"TAYB"},"00C":{"t":"C182"},"00D":{"t":"TAYB"},"00F":{"t":"TAYB"},"011":{"t":"C140"},"012":{"t":"C180"},"014":{"t":"PA18"},"017":{"t":"C182"},"018":{"t":"ST75"},"019":{"t":"P28A"},"01C":{"t":"M20P"},"01E":{"t":"PA18"},"024":{"t":"C172"},"027":{"t":"BE33"},"028":{"t":"T206"},"029":{"t":"TAYB"},"02A":{"t":"C172"},"02B":{"t":"TAYB"},"02D":{"t":"TAYB"},"02F":{"t":"TAYB"},"030":{"t":"TAYB"},"031":{"t":"TAYB"},"032":{"t":"C182"},"035":{"t":"C72R"},"037":{"t":"PA18"},"038":{"t":"AR11"},"03C":{"t":"P28A"},"040":{"desc":"L5P"},"041":{"t":"PA18"},"044":{"t":"CH7B"},"045":{"t":"C210"},"047":{"t":"C172"},"04A":{"t":"C210"},"04F":{"t":"C182"},"050":{"t":"TAYB"},"051":{"t":"TAYB"},"054":{"t":"C182"},"055":{"t":"C182"},"057":{"t":"BE58"},"05A":{"t":"PA18"},"05E":{"t":"C172"},"062":{"t":"M20P"},"064":{"t":"PA18"},"065":{"t":"C172"},"067":{"t":"CH7A"},"06A":{"t":"C172"},"06B":{"t":"P28A"},"06D":{"t":"BE35"},"071":{"t":"C172"},"074":{"t":"TAYB"},"076":{"t":"TAYB"},"077":{"t":"TAYB"},"079":{"t":"G164"},"07A":{"t":"C140"},"081":{"t":"C172"},"082":{"t":"P28A"},"084":{"t":"C172"},"087":{"t":"PA18"},"088":{"t":"C172"},"08B":{"t":"C210"},"08D":{"t":"C172"},"08E":{"t":"P28A"},"08F":{"t":"C210"},"093":{"t":"TAYB"},"095":{"t":"C182"},"09B":{"t":"C182"},"09F":{"t":"PA32"},"0A0":{"t":"PA18"},"0A4":{"t":"C172"},"0A5":{"t":"P28A"},"0A6":{"t":"S108"},"0AA":{"t":"PA18"},"0AC":{"t":"BE55"},"0AD":{"t":"CH7B"},"0AE":{"t":"PA38"},"0B2":{"t":"C210"},"0B6":{"t":"TAYB"},"0B7":{"t":"C182"},"0B8":{"t":"TAYB"},"0BD":{"t":"TAYB"},"0BF":{"desc":"L1P"},"0C0":{"desc":"L1P"},"0C2":{"desc":"L1P"},"0C5":{"t":"C182"},"0C7":{"t":"C172"},"0C9":{"desc":"A1P"},"0CA":{"t":"C172"},"0D1":{"t":"C210"},"0D4":{"t":"S61"},"0D6":{"t":"BE35"},"0DB":{"t":"TAYB"},"0DC":{"t":"TAYB"},"0DD":{"desc":"L1P"},"0E0":{"t":"C182"},"0E6":{"t":"PA22"},"0E8":{"t":"C208"},"0ED":{"t":"AA1"},"0F0":{"t":"PA18"},"0F1":{"t":"C185"},"0F3":{"t":"P32R"},"0F6":{"t":"C172"},"0F9":{"t":"BE95"},"0FB":{"desc":"L1P"},"0FD":{"t":"TAYB"},"102":{"t":"C182"},"103":{"t":"TAYB"},"104":{"t":"TAYB"},"107":{"t":"T28"},"109":{"t":"PA22"},"10A":{"t":"C182"},"10C":{"t":"C206"},"10D":{"t":"C172"},"10E":{"t":"P28A"},"111":{"t":"M20P"},"116":{"t":"CH7B"},"118":{"t":"AA1"},"119":{"t":"C172"},"11A":{"t":"P28A"},"11E":{"t":"TAYB"},"11F":{"t":"TAYB"},"121":{"t":"TAYB"},"124":{"t":"TAYB"},"126":{"t":"C182"},"12C":{"desc":"L1P"},"12F":{"t":"C182"},"130":{"t":"C337"},"131":{"t":"P28A"},"132":{"desc":"L1P"},"139":{"t":"CH7A"},"13B":{"t":"AA1"},"13C":{"t":"C172"},"13F":{"t":"BE33"},"142":{"t":"C182"},"143":{"t":"TAYB"},"146":{"t":"TAYB"},"14D":{"t":"PA46"},"14F":{"t":"BL8"},"150":{"t":"P28A"},"152":{"desc":"L1P"},"154":{"t":"BT36"},"156":{"t":"GL5T"},"157":{"t":"C650"},"158":{"desc":"L1P","t":"ULAC"},"159":{"desc":"A1P"},"15A":{"desc":"L1P"},"15B":{"t":"C404"},"15D":{"t":"L13M"},"15E":{"t":"C172"},"15F":{"desc":"A1P"},"160":{"t":"C182"},"161":{"t":"T6"},"165":{"t":"DG15"},"167":{"desc":"L1P"},"168":{"t":"BL8"},"16A":{"desc":"L1P"},"16B":{"t":"P46T"},"16D":{"t":"C560"},"16E":{"t":"BE35"},"16F":{"t":"BE36"},"170":{"desc":"L1P"},"171":{"desc":"A1P"},"176":{"t":"C172"},"177":{"desc":"L1P"},"17A":{"t":"BE55"},"17E":{"desc":"L1P"},"17F":{"desc":"L1T","t":"M600"},"184":{"t":"DA40"},"185":{"desc":"L1P"},"186":{"t":"M20T"},"187":{"t":"C25A"},"188":{"t":"SR22"},"18C":{"t":"SF50"},"18E":{"t":"P32R"},"190":{"t":"SR22"},"191":{"t":"RV12"},"192":{"t":"CH7B"},"194":{"t":"PA46"},"197":{"t":"U21"},"19A":{"desc":"L1P"},"19C":{"desc":"L1P"},"19E":{"t":"GLID"},"19F":{"t":"C421"},"1A0":{"desc":"L1P"},"1A1":{"t":"CL30"},"1A3":{"t":"M20P"},"1A6":{"desc":"L2J","t":"GLEX"},"1A8":{"t":"C185"},"1AB":{"t":"AA5"},"1AC":{"desc":"L1P"},"1AF":{"desc":"L2T"},"1B0":{"t":"T210"},"1B1":{"t":"CRJ2"},"1B2":{"t":"BE30"},"1B3":{"t":"H269"},"1B5":{"desc":"L1P"},"1B9":{"t":"LJ45"},"1BB":{"desc":"L1P"},"1BC":{"t":"C56X"},"1C0":{"desc":"L1P"},"1C1":{"t":"BE9L"},"1C2":{"desc":"L1P"},"1CA":{"t":"C185"},"1CB":{"t":"RV12"},"1CC":{"t":"C180"},"1CE":{"desc":"L1P"},"1D0":{"t":"F2TH"},"1D9":{"t":"C172"},"1DA":{"desc":"L1P"},"1DB":{"t":"GLF5"},"1E1":{"t":"BL8"},"1E2":{"t":"AA1"},"1E4":{"t":"M7"},"1E5":{"desc":"L1P"},"1E6":{"desc":"L1P"},"1E9":{"desc":"L1T"},"1EA":{"desc":"L1P"},"1ED":{"desc":"L1P"},"1F0":{"desc":"L1P","t":"TB0"},"1F3":{"t":"GLID"},"1F4":{"desc":"L1P","t":"TB1"},"1F7":{"t":"BE36"},"1FC":{"t":"C208"},"1FD":{"desc":"L4P"},"1FE":{"t":"C310"},"203":{"t":"B06"},"206":{"t":"P32R"},"207":{"t":"BE9T"},"209":{"t":"HUSK"},"20B":{"t":"PA32"},"20E":{"t":"HUSK"},"20F":{"desc":"L1P"},"212":{"t":"C182"},"216":{"t":"C172"},"217":{"t":"HUSK"},"218":{"desc":"L1P"},"219":{"desc":"L1P"},"21B":{"t":"GLID"},"21D":{"desc":"A1P"},"21E":{"t":"C414"},"220":{"t":"GLID"},"221":{"desc":"L1P"},"224":{"desc":"H4E"},"225":{"desc":"L1P"},"226":{"desc":"L1P","t":"ULAC"},"229":{"t":"C82T"},"22A":{"t":"PTS2"},"22B":{"desc":"L1P"},"22E":{"t":"BE9L"},"22F":{"desc":"L1P"},"230":{"t":"R44"},"231":{"desc":"L1P"},"232":{"desc":"L1P"},"233":{"desc":"L1P"},"234":{"t":"GLID"},"238":{"t":"H25B"},"239":{"t":"CH7A"},"23D":{"t":"CH7A"},"23E":{"t":"FA50"},"23F":{"t":"C25C"},"242":{"desc":"L1P"},"246":{"t":"GLID"},"247":{"t":"P32R"},"24A":{"desc":"L1P"},"24B":{"t":"LJ35"},"24C":{"t":"C172"},"24E":{"desc":"L1P"},"24F":{"t":"LJ60"},"250":{"desc":"L1P"},"251":{"desc":"L1P"},"252":{"t":"BE36"},"256":{"t":"P28B"},"258":{"t":"SR22"},"25A":{"desc":"L1P"},"25B":{"desc":"L1P"},"25C":{"t":"S22T"},"25E":{"desc":"L1P"},"25F":{"t":"M200"},"260":{"t":"PA31"},"261":{"desc":"L1P"},"263":{"t":"AS65"},"264":{"desc":"L1P"},"267":{"t":"GLID"},"26B":{"desc":"L1P"},"26F":{"desc":"L1P"},"270":{"desc":"L1P"},"271":{"t":"GLID"},"273":{"t":"PA46"},"274":{"t":"C172"},"279":{"t":"NAVI"},"27C":{"t":"GLID"},"280":{"t":"PC24"},"281":{"t":"T206"},"284":{"t":"M20T"},"28A":{"desc":"L1P"},"28D":{"t":"UH1"},"291":{"t":"BL8"},"294":{"t":"PAY2"},"295":{"t":"C172"},"297":{"t":"P28A"},"299":{"t":"B06"},"29A":{"t":"B06"},"29B":{"desc":"L1P"},"29C":{"desc":"L1P"},"29D":{"t":"P46T"},"29F":{"t":"S22T"},"2A1":{"desc":"L1P"},"2A6":{"t":"M20P"},"2A9":{"desc":"L1P"},"2C3":{"t":"BE58"},"2C4":{"t":"P28B"},"2C5":{"desc":"L1P","t":"ULAC"},"2C6":{"desc":"L1P"},"2C7":{"t":"GLID"},"2C9":{"desc":"L1P"},"2CA":{"t":"BE55"},"2CC":{"t":"SR22"},"2CD":{"desc":"L1P"},"2D0":{"t":"TBM8"},"2D1":{"desc":"L1P"},"2D3":{"t":"B06"},"2D4":{"t":"BE58"},"2D5":{"desc":"L1P"},"2D7":{"desc":"L1P"},"2DD":{"t":"PA18"},"2DE":{"t":"GLID"},"2DF":{"desc":"L1P"},"2E4":{"t":"CL30"},"2E5":{"t":"F2TH"},"2E6":{"t":"C525"},"2E7":{"t":"GLID"},"2E8":{"t":"GLID"},"2EC":{"desc":"L1P"},"2EE":{"t":"M20P"},"2EF":{"t":"SR20"},"2F4":{"t":"BE20"},"2F5":{"t":"U21"},"2F7":{"desc":"L1T"},"2F9":{"t":"FA20"},"2FA":{"t":"C56X"},"2FB":{"desc":"A1P"},"2FE":{"desc":"L1P"},"2FF":{"t":"R44"},"300":{"desc":"L1P"},"301":{"t":"R66"},"305":{"t":"T6"},"30B":{"desc":"L1P"},"30F":{"t":"P28R"},"310":{"t":"BALL"},"31C":{"t":"R44"},"320":{"t":"BE20"},"327":{"desc":"L1P"},"328":{"t":"C172"},"32A":{"t":"BE58"},"32C":{"desc":"L1P"},"32D":{"t":"C525"},"331":{"desc":"L1P"},"332":{"desc":"L1P"},"335":{"t":"PA30"},"337":{"t":"T6"},"338":{"t":"C56X"},"339":{"t":"SR22"},"33B":{"desc":"L1P"},"33D":{"desc":"L1P"},"340":{"desc":"L1P"},"341":{"desc":"L1P"},"343":{"t":"BE20"},"345":{"t":"BE20"},"346":{"desc":"L1P"},"348":{"desc":"L1P"},"34A":{"desc":"L1P"},"350":{"t":"ULAC"},"351":{"t":"BE36"},"357":{"t":"HUSK"},"359":{"t":"ST75"},"35C":{"desc":"L1P"},"364":{"desc":"L1P"},"367":{"t":"H25B"},"36A":{"desc":"L1P"},"36B":{"desc":"H1P"},"36F":{"t":"C208"},"372":{"desc":"L1P"},"378":{"desc":"L1P"},"37C":{"t":"YK52"},"37E":{"desc":"L1P"},"3A3":{"t":"M7"},"3A5":{"t":"PA22"},"3A6":{"desc":"L2T"},"3A8":{"t":"P28A"},"3AA":{"t":"AS50"},"3B2":{"t":"B738"},"3B5":{"t":"C210"},"3B6":{"t":"C182"},"3B7":{"t":"B712"},"3BE":{"t":"C210"},"3CE":{"t":"BALL"},"3D7":{"t":"B407"},"3D9":{"t":"BALL"},"3DA":{"t":"F900"},"3DC":{"desc":"L1P"},"3E2":{"t":"B407"},"3E5":{"t":"C182"},"3E7":{"desc":"H4E"},"3E9":{"t":"FDCT"},"3EC":{"desc":"L1P"},"3F0":{"t":"S108"},"3F1":{"t":"DA40"},"3F2":{"t":"CL60"},"3F3":{"t":"E145"},"3FB":{"t":"MD88"},"3FC":{"t":"C25B"},"401":{"t":"DA40"},"409":{"desc":"L1P"},"40A":{"t":"B190"},"41A":{"desc":"A1P"},"41D":{"t":"CRJ2"},"426":{"t":"B752"},"427":{"t":"C208"},"43B":{"t":"P46T"},"43E":{"t":"BE58"},"44F":{"t":"P06T"},"450":{"t":"C650"},"46D":{"t":"C210"},"46F":{"t":"A321"},"471":{"t":"F900"},"473":{"t":"AS50"},"47D":{"desc":"L1P"},"47E":{"t":"C750"},"48D":{"t":"GLF4"},"496":{"t":"BE20"},"4B1":{"t":"C172"},"4B9":{"t":"P46T"},"4BB":{"desc":"L1P"},"4BF":{"desc":"A1P"},"4C4":{"t":"C525"},"4C8":{"t":"C210"},"4D2":{"t":"PC12"},"4DC":{"t":"C210"},"4DE":{"t":"B738"},"4E7":{"t":"GL5T"},"4F1":{"t":"CH7B"},"4FB":{"t":"PAY2"},"4FC":{"t":"C25B"},"503":{"t":"B06"},"51C":{"desc":"A1P"},"51E":{"t":"C172"},"523":{"t":"GLF5"},"52C":{"desc":"L1P"},"535":{"t":"S22T"},"538":{"desc":"H4E"},"539":{"t":"F900"},"53A":{"t":"C152"},"53B":{"t":"F900"},"53E":{"t":"GLF5"},"53F":{"t":"C750"},"545":{"t":"SR22"},"54A":{"t":"CRJ2"},"550":{"desc":"L1T"},"556":{"t":"AS50"},"55F":{"t":"PA23"},"563":{"t":"MD83"},"57E":{"t":"A321"},"59A":{"desc":"L1P"},"59C":{"t":"P28A"},"5A5":{"desc":"L1P"},"5A7":{"desc":"L1P"},"5D2":{"t":"P210"},"5FD":{"t":"BALL"},"600":{"desc":"L2P"},"602":{"t":"AR11"},"605":{"t":"C172"},"606":{"t":"C188"},"608":{"t":"BE19"},"611":{"t":"C172"},"612":{"desc":"H1T"},"614":{"t":"BE33"},"615":{"t":"C206"},"617":{"desc":"L2P"},"61A":{"t":"C182"},"61C":{"t":"S108"},"61D":{"t":"C182"},"61F":{"t":"S108"},"620":{"desc":"L1P"},"624":{"t":"PA22"},"626":{"desc":"L2P"},"62A":{"t":"P28R"},"62C":{"t":"M20P"},"62E":{"t":"PA25"},"631":{"t":"PA18"},"635":{"t":"P28A"},"638":{"t":"T6"},"63B":{"t":"C182"},"63D":{"t":"S108"},"63E":{"t":"S108"},"640":{"t":"ST75"},"641":{"t":"C182"},"642":{"t":"C172"},"644":{"t":"C170"},"646":{"t":"P28A"},"647":{"t":"PA22"},"64A":{"t":"C180"},"64E":{"t":"C172"},"64F":{"t":"M20P"},"651":{"t":"PA18"},"655":{"t":"C172"},"656":{"t":"AA5"},"659":{"t":"C210"},"65A":{"t":"BE33"},"65D":{"t":"C182"},"660":{"t":"C182"},"661":{"t":"S108"},"664":{"t":"S108"},"667":{"t":"C170"},"668":{"t":"C180"},"66F":{"t":"C188"},"672":{"t":"M20P"},"678":{"t":"C172"},"67C":{"t":"C210"},"67D":{"t":"BE33"},"689":{"t":"BALL"},"68C":{"t":"P28A"},"68D":{"t":"PA22"},"68E":{"t":"C182"},"690":{"t":"C180"},"699":{"t":"BE35"},"6A2":{"t":"S108"},"6A3":{"t":"C182"},"6A4":{"t":"C182"},"6A6":{"t":"PA31"},"6A7":{"t":"C172"},"6A8":{"t":"C182"},"6AA":{"desc":"L1P"},"6AB":{"t":"C182"},"6AE":{"t":"C180"},"6B0":{"t":"PA22"},"6B4":{"t":"C185"},"6B5":{"t":"P28A"},"6B7":{"t":"BE23"},"6B9":{"t":"T6"},"6BB":{"t":"BE24"},"6BD":{"t":"C182"},"6C3":{"t":"BE33"},"6C4":{"t":"C180"},"6C6":{"t":"C182"},"6C7":{"t":"C182"},"6C9":{"t":"S108"},"6CA":{"t":"C172"},"6CD":{"t":"C182"},"6D1":{"t":"C72R"},"6D6":{"t":"C180"},"6DA":{"t":"BE24"},"6DB":{"t":"M20P"},"6DE":{"t":"C172"},"6DF":{"t":"BE35"},"6E1":{"t":"C172"},"6E3":{"t":"C172"},"6E5":{"t":"C210"},"6E7":{"desc":"L1P"},"6E8":{"t":"S108"},"6EA":{"t":"S108"},"6F0":{"t":"S108"},"6F6":{"t":"PA22"},"6F7":{"t":"AR11"},"6F9":{"t":"C180"},"6FB":{"t":"C188"},"6FD":{"t":"BE24"},"6FE":{"t":"M20P"},"700":{"t":"PA18"},"707":{"t":"P28A"},"70C":{"t":"C182"},"70E":{"t":"C182"},"710":{"t":"C172"},"712":{"t":"C182"},"715":{"desc":"L1P"},"717":{"t":"C180"},"71B":{"t":"T206"},"71C":{"t":"C180"},"71E":{"t":"P28A"},"71F":{"t":"S108"},"725":{"t":"BE35"},"72C":{"t":"BE33"},"732":{"t":"C182"},"736":{"t":"S108"},"738":{"t":"G164"},"739":{"t":"C170"},"73A":{"t":"C72R"},"73B":{"t":"PA46"},"73C":{"t":"PA22"},"73D":{"t":"BL17"},"742":{"t":"P28A"},"744":{"t":"M20P"},"747":{"t":"BE19"},"748":{"t":"BE35"},"74D":{"t":"P28A"},"74F":{"t":"BE35"},"753":{"desc":"L1P"},"756":{"t":"S108"},"757":{"t":"C182"},"758":{"t":"C182"},"759":{"t":"S108"},"75A":{"t":"C182"},"75D":{"t":"C150"},"75F":{"t":"P28A"},"766":{"desc":"L2J","t":"B39M"},"768":{"t":"BE9L"},"769":{"t":"B738"},"76E":{"t":"B712"},"770":{"desc":"L1P"},"776":{"desc":"A1P","t":"ULAC"},"777":{"t":"C182"},"77C":{"t":"BE33"},"780":{"desc":"L1P"},"783":{"desc":"L1P"},"78A":{"desc":"H1T"},"78E":{"t":"P28A"},"792":{"t":"SR22"},"79C":{"t":"C182"},"7A7":{"desc":"L1P"},"7A8":{"t":"DV20"},"7AA":{"t":"E145"},"7AE":{"t":"ULAC"},"7B2":{"t":"MD88"},"7B5":{"desc":"L1P"},"7B8":{"t":"DA40"},"7B9":{"desc":"L1P"},"7C3":{"t":"EC35"},"7C5":{"t":"GLID"},"7D4":{"t":"CRJ2"},"7D5":{"t":"ULAC"},"7DD":{"t":"B752"},"7DE":{"t":"C208"},"7E5":{"t":"C152"},"7EB":{"t":"PA23"},"7FB":{"t":"R22"},"806":{"t":"P06T"},"826":{"t":"M20P"},"835":{"t":"C750"},"836":{"t":"A321"},"843":{"desc":"L1P"},"858":{"t":"BALL"},"861":{"t":"B350"},"871":{"t":"C525"},"872":{"t":"CL30"},"87B":{"desc":"L1P"},"881":{"t":"F2TH"},"888":{"t":"C208"},"895":{"t":"B738"},"8A2":{"t":"PA44"},"8A4":{"t":"BE36"},"8A5":{"t":"BE58"},"8BA":{"t":"BE33"},"8D3":{"t":"BE36"},"8D7":{"t":"DA40"},"8DB":{"t":"B06"},"8E8":{"t":"C182"},"8EC":{"desc":"L1P","t":"ULAC"},"8ED":{"desc":"L1P"},"8EF":{"t":"BE9L"},"8F1":{"t":"P28A"},"8FC":{"t":"SR20"},"8FE":{"t":"P180"},"901":{"t":"CRJ2"},"902":{"desc":"L1P"},"905":{"t":"BE33"},"906":{"t":"C172"},"907":{"t":"C25B"},"908":{"desc":"L1T"},"90F":{"desc":"L1P"},"911":{"desc":"L1P"},"917":{"desc":"L1P"},"91A":{"t":"MD83"},"926":{"t":"PA32"},"92F":{"t":"BALL"},"935":{"t":"A321"},"937":{"t":"BE55"},"953":{"t":"P28A"},"9B4":{"desc":"H1P"},"9B5":{"t":"C172"},"9B6":{"t":"C72R"},"9B9":{"t":"AR11"},"9BA":{"t":"C172"},"9BB":{"t":"C180"},"9BD":{"t":"P28A"},"9BE":{"t":"S108"},"9C3":{"t":"BE24"},"9C6":{"t":"C172"},"9C7":{"t":"AA1"},"9CB":{"t":"BE33"},"9D2":{"t":"S108"},"9D5":{"t":"S108"},"9DC":{"t":"AR11"},"9DE":{"t":"C180"},"9E1":{"desc":"L1P"},"9E3":{"t":"M20P"},"9E5":{"t":"PA18"},"9E8":{"t":"SR20"},"9EC":{"t":"P28A"},"9F0":{"t":"S108"},"9F1":{"t":"DA40"},"9F3":{"t":"S108"},"9F5":{"t":"S108"},"9F6":{"t":"C172"},"9FA":{"desc":"H1P"},"9FC":{"t":"C180"},"A01":{"t":"C180"},"A03":{"t":"P28A"},"A04":{"t":"S108"},"A07":{"t":"CH7B"},"A0A":{"t":"BE35"},"A0D":{"t":"AA5"},"A15":{"t":"S108"},"A16":{"t":"C182"},"A17":{"t":"S108"},"A1A":{"t":"C182"},"A1E":{"t":"C170"},"A1F":{"t":"BALL"},"A21":{"t":"PA22"},"A22":{"t":"AR11"},"A23":{"t":"C172"},"A24":{"t":"C180"},"A2A":{"t":"BALL"},"A2B":{"t":"PA18"},"A2E":{"t":"BALL"},"A2F":{"t":"BALL"},"A30":{"t":"AA5"},"A32":{"t":"P28A"},"A34":{"t":"BE24"},"A39":{"t":"C182"},"A3C":{"t":"M20P"},"A41":{"t":"C170"},"A44":{"t":"PA22"},"A47":{"t":"E55P"},"A4A":{"t":"S108"},"A4B":{"t":"BE19"},"A4E":{"t":"PA18"},"A50":{"t":"BE35"},"A53":{"t":"AA5"},"A56":{"t":"C210"},"A57":{"t":"BE35"},"A58":{"t":"GLID"},"A59":{"t":"S108"},"A5A":{"t":"S108"},"A5E":{"t":"S108"},"A5F":{"t":"C182"},"A61":{"t":"C182"},"A64":{"t":"C170"},"A65":{"t":"C72R"},"A66":{"t":"P28A"},"A67":{"t":"PA22"},"A69":{"t":"C172"},"A6A":{"t":"C180"},"A6C":{"t":"P28A"},"A75":{"t":"PA38"},"A7A":{"t":"BE35"},"A80":{"t":"C172"},"A82":{"t":"C182"},"A83":{"t":"C182"},"A85":{"t":"C182"},"A86":{"t":"G164"},"A88":{"t":"C180"},"A8A":{"t":"PA22"},"A8B":{"t":"AR11"},"A91":{"t":"BE24"},"A92":{"t":"M20P"},"A94":{"t":"PA25"},"A96":{"t":"BE35"},"A9C":{"t":"C210"},"A9F":{"t":"C182"},"AA1":{"t":"S108"},"AA2":{"t":"C172"},"AA3":{"t":"S108"},"AA6":{"t":"S108"},"AAA":{"desc":"L1P"},"AAB":{"t":"C72R"},"AAC":{"t":"P28A"},"AAE":{"t":"AR11"},"AB0":{"t":"C180"},"AB1":{"t":"C172"},"AB2":{"t":"P28A"},"AB4":{"t":"BE23"},"AB7":{"t":"PA18"},"AB8":{"t":"C172"},"AB9":{"t":"BE35"},"ABB":{"t":"PA38"},"ABC":{"t":"AA5"},"ABD":{"t":"C172"},"ABE":{"desc":"L1P"},"ABF":{"t":"C210"},"AC2":{"t":"C182"},"AC4":{"t":"C172"},"AC7":{"t":"S108"},"ACA":{"t":"C182"},"ACB":{"t":"S108"},"AD1":{"t":"BL17"},"AD2":{"t":"C120"},"AD3":{"t":"C180"},"AD4":{"t":"C172"},"AD6":{"t":"S108"},"AD7":{"t":"BE19"},"AD8":{"t":"M20P"},"ADB":{"t":"BE24"},"ADC":{"t":"BE35"},"ADF":{"t":"AA5"},"AE1":{"t":"P28A"},"AE2":{"t":"C210"},"AE7":{"t":"S108"},"AE8":{"t":"S108"},"AEA":{"t":"S108"},"AF4":{"t":"BL17"},"AFB":{"t":"M20P"},"AFF":{"t":"BE35"},"B02":{"t":"AA5"},"B03":{"t":"C172"},"B06":{"t":"BE35"},"B08":{"t":"C182"},"B0A":{"t":"C182"},"B0C":{"t":"S108"},"B0E":{"t":"C182"},"B10":{"t":"S108"},"B11":{"t":"C182"},"B12":{"desc":"L1P"},"B13":{"desc":"L1P"},"B14":{"desc":"L2T"},"B18":{"t":"AS50"},"B19":{"t":"GLID"},"B1D":{"desc":"L2J","t":"B39M"},"B20":{"t":"B738"},"B23":{"desc":"L1P","t":"ULAC"},"B25":{"t":"B712"},"B2B":{"desc":"L1P"},"B2C":{"t":"B47G"},"B2E":{"t":"C172"},"B34":{"desc":"H1T"},"B3A":{"desc":"L1P"},"B3C":{"t":"SR22"},"B45":{"t":"P28A"},"B46":{"t":"P28A"},"B47":{"desc":"L1P","t":"ULAC"},"B49":{"t":"SR22"},"B4C":{"t":"GLID"},"B53":{"t":"SR22"},"B5E":{"t":"BL8"},"B5F":{"t":"DV20"},"B61":{"t":"E145"},"B62":{"t":"PA46"},"B68":{"desc":"L1P"},"B69":{"t":"MD88"},"B6A":{"t":"HUSK"},"B6C":{"t":"C172"},"B6F":{"t":"ULAC"},"B77":{"t":"BE55"},"B79":{"t":"BE36"},"B8A":{"t":"S22T"},"B8B":{"t":"CRJ2"},"B8D":{"t":"B735"},"B93":{"t":"C172"},"B94":{"t":"B752"},"B95":{"t":"C208"},"B9B":{"desc":"L1P"},"BB4":{"desc":"L1P"},"BBB":{"desc":"L1P"},"BBD":{"t":"P06T"},"BD0":{"desc":"L4P"},"BDD":{"t":"SR22"},"BE2":{"t":"B06"},"BE3":{"t":"SR22"},"BE7":{"t":"SR22"},"BEB":{"desc":"L1P"},"BEC":{"desc":"L1P"},"BED":{"t":"A321"},"BF8":{"t":"TBM7"},"BFE":{"desc":"L1P"},"C1F":{"t":"P28R"},"C27":{"t":"C150"},"C29":{"t":"CL60"},"C37":{"t":"GLF4"},"C3B":{"t":"P28R"},"C42":{"t":"C172"},"C4C":{"t":"B738"},"C59":{"t":"SR20"},"C5B":{"t":"B407"},"C5E":{"t":"PRM1"},"C5F":{"desc":"L1P"},"C60":{"desc":"L1P"},"C64":{"t":"C172"},"C69":{"desc":"H4E"},"C6A":{"t":"BALL"},"C71":{"t":"BE35"},"C74":{"t":"G164"},"C7A":{"t":"P28S"},"C8B":{"desc":"L1P"},"C8E":{"t":"DA42"},"C92":{"t":"B06"},"C9B":{"desc":"H4E"},"CA4":{"t":"R44"},"CA5":{"t":"S22T"},"CA6":{"t":"CL30"},"CAD":{"desc":"H1T"},"CAF":{"t":"T206"},"CB4":{"desc":"L1P"},"CB5":{"t":"A119"},"CBC":{"t":"BE33"},"CBD":{"t":"C172"},"CBE":{"t":"SR22"},"CD1":{"t":"MD83"},"CD6":{"desc":"H5P"},"CEC":{"t":"A321"},"D08":{"desc":"L1P"},"D1C":{"t":"C172"},"D6B":{"desc":"H1T"},"D6E":{"t":"P28A"},"D6F":{"t":"PA22"},"D70":{"t":"BL17"},"D71":{"t":"C208"},"D72":{"t":"C180"},"D74":{"t":"P28A"},"D75":{"t":"P28A"},"D77":{"t":"C207"},"D78":{"t":"C210"},"D79":{"t":"PA18"},"D7B":{"t":"C182"},"D7F":{"t":"C172"},"D80":{"t":"P28A"},"D81":{"t":"C210"},"D82":{"t":"BE35"},"D84":{"t":"C182"},"D87":{"t":"S108"},"D8A":{"desc":"L1P"},"D8B":{"t":"S108"},"D91":{"t":"P28R"},"D95":{"t":"C180"},"D96":{"t":"C172"},"D97":{"t":"P28A"},"D98":{"t":"P28A"},"D99":{"t":"BE24"},"D9A":{"t":"M20P"},"D9B":{"t":"CH7A"},"D9D":{"t":"BE19"},"D9E":{"t":"BE35"},"DA1":{"t":"AA5"},"DA3":{"t":"P28A"},"DA5":{"desc":"L1P"},"DA6":{"t":"C206"},"DA8":{"t":"C182"},"DAC":{"t":"S108"},"DAF":{"t":"C182"},"DB0":{"t":"PA32"},"DB1":{"t":"G164"},"DB3":{"t":"PA30"},"DB4":{"t":"P28R"},"DB5":{"t":"PA22"},"DB9":{"t":"C172"},"DBA":{"t":"P28A"},"DBC":{"desc":"L2J"},"DBE":{"t":"PA18"},"DC3":{"t":"C172"},"DC5":{"t":"C172"},"DC6":{"t":"P28A"},"DC7":{"t":"C210"},"DC9":{"t":"ST75"},"DCA":{"t":"C182"},"DCB":{"t":"C182"},"DCD":{"t":"S108"},"DD8":{"t":"PA22"},"DD9":{"t":"BL17"},"DDC":{"t":"C172"},"DDD":{"t":"P28A"},"DDE":{"t":"S108"},"DE0":{"t":"M20P"},"DE6":{"t":"C172"},"DE7":{"t":"AA1"},"DEA":{"t":"C210"},"DED":{"desc":"L1P"},"DEE":{"t":"C182"},"DEF":{"t":"S108"},"DF0":{"t":"C182"},"DF1":{"t":"S108"},"DF2":{"t":"S108"},"DF4":{"t":"C182"},"DF5":{"t":"C182"},"DF9":{"t":"C72R"},"DFA":{"t":"P28S"},"DFC":{"t":"AR11"},"E01":{"t":"P28A"},"E02":{"t":"BE24"},"E03":{"t":"M20P"},"E05":{"t":"PA18"},"E06":{"t":"BE23"},"E07":{"t":"BE35"},"E10":{"t":"C182"},"E15":{"t":"S108"},"E16":{"t":"C182"},"E1D":{"t":"PA32"},"E1E":{"t":"PA22"},"E1F":{"t":"AR11"},"E21":{"t":"C180"},"E23":{"t":"P28A"},"E24":{"t":"S108"},"E26":{"t":"M20P"},"E28":{"t":"PA18"},"E29":{"t":"C172"},"E2A":{"t":"C206"},"E2D":{"t":"AA5"},"E2E":{"t":"C188"},"E30":{"t":"C210"},"E31":{"t":"BE95"},"E32":{"t":"C185"},"E37":{"desc":"L1P"},"E39":{"t":"S108"},"E3A":{"t":"C182"},"E3B":{"t":"M20T"},"E42":{"t":"AR11"},"E45":{"t":"J3"},"E47":{"t":"S108"},"E4B":{"t":"PA18"},"E4F":{"t":"C172"},"E52":{"t":"P28A"},"E56":{"t":"S108"},"E5C":{"t":"C172"},"E5F":{"t":"C172"},"E60":{"desc":"L1P"},"E61":{"t":"C170"},"E65":{"t":"AR11"},"E67":{"t":"C180"},"E69":{"t":"P28A"},"E6B":{"t":"BE19"},"E6C":{"t":"M20P"},"E6E":{"t":"PA18"},"E72":{"t":"C172"},"E73":{"t":"AA5"},"E74":{"t":"C172"},"E75":{"t":"P28A"},"E7E":{"t":"S108"},"E84":{"t":"C170"},"E85":{"t":"C180"},"E87":{"t":"PA22"},"E8E":{"t":"BE19"},"E8F":{"t":"C207"},"E93":{"t":"BE35"},"E95":{"t":"C172"},"E96":{"t":"AA5"},"E9A":{"t":"BE35"},"E9B":{"t":"GLID"},"E9D":{"t":"C182"},"E9E":{"t":"C182"},"EA0":{"t":"S108"},"EA4":{"t":"C182"},"EA5":{"t":"S108"},"EA7":{"t":"C170"},"EA8":{"t":"C180"},"EA9":{"t":"PA32"},"EAA":{"t":"PA22"},"EAB":{"t":"AR11"},"EAD":{"t":"C180"},"EB0":{"t":"S108"},"EB1":{"t":"BE23"},"EB8":{"t":"C172"},"EB9":{"t":"AA5"},"EBB":{"t":"P28A"},"EBF":{"t":"S108"},"EC4":{"t":"C182"},"EC6":{"desc":"L1P"},"EC7":{"t":"C182"},"ECB":{"desc":"L2T"},"ECC":{"t":"M7"},"ECD":{"t":"GLF5"},"ECF":{"t":"AS50"},"ED4":{"desc":"L2J","t":"B39M"},"ED7":{"t":"B738"},"EDA":{"desc":"H4E"},"EDE":{"t":"A332"},"EE6":{"t":"C172"},"EF1":{"desc":"L1P"},"EF8":{"t":"CH7A"},"EFC":{"t":"S108"},"EFF":{"desc":"L1P","t":"ULAC"},"F00":{"t":"SR22"},"F0A":{"t":"PA32"},"F11":{"desc":"L1T"},"F16":{"t":"DV20"},"F1F":{"desc":"G1P"},"F20":{"t":"MD88"},"F21":{"t":"SR20"},"F26":{"desc":"L1P"},"F3A":{"t":"H25B"},"F42":{"t":"CRJ2"},"F4B":{"t":"B752"},"F4C":{"t":"C208"},"F61":{"t":"BE9L"},"F74":{"t":"P06T"},"F7A":{"t":"C172"},"F9A":{"t":"BE20"},"F9E":{"t":"C182"},"FA2":{"desc":"L1P"},"FA4":{"t":"A321"},"FAB":{"t":"BE23"},"FB2":{"t":"C172"},"FB9":{"t":"SR22"},"FBC":{"t":"BE30"},"FC4":{"t":"BRAV"},"FC6":{"t":"BE55"},"FD6":{"t":"P28R"},"FEA":{"t":"GLF5"},"FEF":{"t":"T210"}}