{"019":{"desc":"L1P"},"01B":{"t":"M4"},"01F":{"t":"BE35"},"022":{"t":"AA5"},"023":{"t":"C172"},"024":{"t":"P28A"},"029":{"t":"J3"},"02A":{"t":"C172"},"02B":{"t":"J3"},"02C":{"t":"J3"},"02E":{"t":"J3"},"031":{"t":"J3"},"033":{"t":"C190"},"034":{"t":"C72R"},"035":{"t":"C82R"},"03A":{"t":"C182"},"03B":{"t":"C150"},"03C":{"t":"S108"},"041":{"t":"C172"},"045":{"t":"AA5"},"048":{"t":"C185"},"049":{"t":"CH7A"},"04B":{"t":"C172"},"04D":{"t":"J3"},"052":{"t":"J3"},"054":{"t":"J3"},"058":{"t":"C82R"},"05E":{"t":"C150"},"065":{"t":"BE35"},"067":{"t":"C172"},"068":{"t":"AA5"},"06C":{"t":"CH7A"},"06F":{"t":"J3"},"072":{"t":"J3"},"073":{"t":"C172"},"075":{"t":"J3"},"078":{"t":"G164"},"07A":{"t":"CH7A"},"07B":{"t":"C303"},"07D":{"t":"GLID"},"07F":{"t":"C172"},"080":{"t":"C182"},"081":{"t":"C172"},"083":{"t":"C172"},"084":{"desc":"L1P"},"088":{"t":"BE35"},"08B":{"t":"AA5"},"08D":{"t":"P28A"},"091":{"t":"C172"},"093":{"t":"J3"},"094":{"t":"C340"},"095":{"t":"J3"},"097":{"t":"J3"},"099":{"t":"J3"},"09A":{"t":"J3"},"09C":{"t":"C190"},"0A0":{"t":"GLID"},"0A1":{"t":"J3"},"0A4":{"t":"C150"},"0AD":{"t":"C172"},"0AE":{"t":"AA5"},"0B0":{"t":"P28A"},"0B1":{"t":"C185"},"0B3":{"t":"PC12"},"0B4":{"t":"J3"},"0B7":{"t":"J3"},"0B9":{"t":"J3"},"0BC":{"t":"J3"},"0BD":{"t":"J3"},"0BF":{"t":"C195"},"0C2":{"t":"PA18"},"0C5":{"t":"C172"},"0C7":{"desc":"L1P"},"0CA":{"t":"M4"},"0CE":{"t":"BE35"},"0CF":{"t":"P28A"},"0D0":{"t":"C172"},"0D1":{"t":"AA5"},"0D3":{"t":"P28A"},"0D4":{"t":"C185"},"0D5":{"desc":"L1P"},"0DB":{"t":"C340"},"0DC":{"t":"J3"},"0DF":{"t":"J3"},"0E4":{"t":"B25"},"0E6":{"t":"GLID"},"0E7":{"t":"ST75"},"0E8":{"t":"ST75"},"0E9":{"t":"ST75"},"0EC":{"t":"C320"},"0F1":{"t":"BE35"},"0F4":{"t":"AA5"},"0F5":{"t":"C172"},"0FB":{"t":"C172"},"0FF":{"t":"J3"},"102":{"t":"J3"},"105":{"t":"C195"},"106":{"t":"CH7A"},"109":{"t":"GLID"},"10B":{"t":"C172"},"10D":{"t":"C150"},"112":{"t":"P51"},"116":{"t":"C172"},"119":{"t":"ULAC"},"11F":{"t":"J3"},"123":{"t":"J3"},"124":{"t":"J3"},"126":{"t":"C340"},"128":{"t":"C195"},"12B":{"t":"PA18"},"12D":{"t":"H269"},"12E":{"t":"C172"},"132":{"t":"AA1"},"133":{"t":"M4"},"135":{"t":"PA18"},"137":{"t":"BE35"},"139":{"t":"C172"},"13C":{"t":"P28A"},"13E":{"t":"CH7A"},"140":{"t":"C172"},"144":{"t":"C172"},"145":{"t":"C340"},"14A":{"t":"YK52"},"14B":{"t":"C195"},"14C":{"t":"CH7A"},"151":{"t":"C172"},"152":{"t":"FA62"},"153":{"t":"C150"},"154":{"t":"PA34"},"158":{"t":"PA18"},"15A":{"t":"BE35"},"15C":{"t":"C172"},"15D":{"t":"AA1"},"15E":{"t":"C172"},"15F":{"t":"P28A"},"163":{"t":"C340"},"165":{"t":"C172"},"169":{"t":"J3"},"16A":{"t":"J3"},"16B":{"t":"C172"},"16D":{"desc":"L1P"},"16F":{"desc":"H1T","t":"H60"},"171":{"t":"PC12"},"178":{"t":"MD87"},"17B":{"t":"A321"},"17E":{"t":"MD11"},"180":{"t":"B712"},"182":{"t":"C172"},"189":{"desc":"L1P"},"192":{"t":"LJ45"},"195":{"desc":"L1P"},"199":{"t":"C172"},"1A1":{"t":"CRJ2"},"1A2":{"t":"C340"},"1A3":{"t":"SR20"},"1A4":{"t":"SR22"},"1A5":{"t":"H25B"},"1AA":{"desc":"L1P"},"1AE":{"t":"C172"},"1C3":{"t":"C182"},"1C4":{"t":"MD88"},"1CA":{"t":"C501"},"1CB":{"t":"S22T"},"1E3":{"t":"ECHO"},"1ED":{"t":"P28A"},"1EF":{"t":"B752"},"1F0":{"t":"C208"},"201":{"t":"C208"},"204":{"t":"P28A"},"210":{"t":"C414"},"216":{"desc":"L1P"},"21E":{"t":"DH8B"},"225":{"t":"ASTR"},"232":{"desc":"H4E"},"238":{"t":"A321"},"239":{"t":"HA4T"},"23C":{"t":"GLID"},"242":{"desc":"L1P"},"248":{"t":"S22T"},"24B":{"desc":"L1P"},"253":{"desc":"L1P"},"261":{"desc":"H4E"},"26E":{"t":"EC35"},"281":{"desc":"L1P"},"28D":{"t":"SS2T"},"293":{"t":"C182"},"2A7":{"t":"B738"},"2B3":{"t":"HUSK"},"2B5":{"t":"PRM1"},"2C3":{"t":"C525"},"2C8":{"t":"GLID"},"2E5":{"t":"M4"},"2F1":{"t":"GLID"},"2F9":{"desc":"L1P"},"2FF":{"t":"LJ35"},"302":{"t":"H500"},"306":{"t":"R22"},"30C":{"t":"GLF4"},"310":{"t":"C25C"},"313":{"t":"CRJ2"},"317":{"desc":"L1P"},"318":{"t":"E190"},"32D":{"desc":"L1P"},"362":{"t":"C208"},"363":{"desc":"L1P"},"375":{"t":"C172"},"37B":{"t":"G164"},"394":{"t":"BE36"},"3CB":{"t":"GLID"},"3CD":{"t":"C172"},"3D2":{"t":"M4"},"3D5":{"t":"C172"},"3DB":{"t":"P28A"},"3DF":{"t":"J3"},"3E1":{"t":"J3"},"3E2":{"t":"J3"},"3E5":{"t":"J3"},"3E7":{"t":"J3"},"3E8":{"t":"J3"},"3E9":{"desc":"A1P"},"3EC":{"t":"C82R"},"3EE":{"t":"GLID"},"3F0":{"t":"C172"},"3F3":{"t":"S108"},"3F5":{"t":"M4"},"3F8":{"t":"C172"},"3F9":{"t":"BE35"},"3FB":{"t":"C172"},"3FC":{"t":"AA5"},"400":{"t":"T210"},"401":{"t":"C206"},"403":{"t":"J3"},"404":{"t":"J3"},"405":{"t":"C340"},"407":{"t":"J3"},"408":{"t":"C340"},"40D":{"desc":"L1P"},"40F":{"t":"T28"},"411":{"t":"GLID"},"412":{"t":"C340"},"414":{"t":"C82S"},"415":{"t":"C172"},"41C":{"t":"BE35"},"41E":{"t":"C172"},"41F":{"t":"AA1"},"423":{"t":"CH7A"},"424":{"desc":"L1P","t":"ULAC"},"429":{"t":"C340"},"42B":{"t":"J3"},"42C":{"t":"J3"},"42E":{"desc":"L1P"},"42F":{"desc":"L1P"},"430":{"t":"C195"},"431":{"t":"C72R"},"433":{"t":"PA18"},"434":{"t":"C182"},"436":{"t":"C172"},"437":{"t":"C182"},"43A":{"t":"C172"},"43E":{"t":"C185"},"441":{"t":"C172"},"442":{"t":"AA5"},"444":{"t":"P28A"},"447":{"desc":"L1P"},"44B":{"t":"J3"},"44F":{"t":"C172"},"452":{"desc":"L1P"},"454":{"t":"C72R"},"455":{"t":"C82R"},"457":{"t":"GLID"},"459":{"t":"C172"},"45B":{"t":"C150"},"45D":{"t":"C172"},"45E":{"t":"M4"},"461":{"t":"C172"},"464":{"t":"C172"},"465":{"t":"AA5"},"46B":{"t":"J3"},"46C":{"t":"J3"},"46D":{"t":"J3"},"471":{"t":"C172"},"474":{"t":"C402"},"476":{"t":"C190"},"479":{"t":"PA18"},"47A":{"t":"GLID"},"47C":{"t":"C172"},"47D":{"t":"DG15"},"47E":{"t":"C150"},"480":{"t":"AA1"},"481":{"t":"M4"},"485":{"t":"BE35"},"48B":{"t":"C185"},"48C":{"t":"CH7B"},"48F":{"t":"C172"},"490":{"t":"C172"},"491":{"t":"J3"},"492":{"t":"J3"},"497":{"t":"J3"},"499":{"t":"C190"},"49F":{"t":"C172"},"4A1":{"t":"C172"},"4A3":{"t":"C172"},"4AB":{"t":"AA1"},"4AC":{"t":"C188"},"4AF":{"t":"CH7B"},"4B2":{"t":"J3"},"4B6":{"t":"J3"},"4B8":{"t":"J3"},"4BF":{"t":"PA18"},"4C0":{"t":"GLID"},"4C2":{"t":"C172"},"4C4":{"t":"C172"},"4C5":{"t":"S108"},"4C6":{"t":"AA1"},"4C9":{"t":"BALL"},"4CA":{"t":"C172"},"4CB":{"t":"BE35"},"4CD":{"t":"C172"},"4D0":{"t":"P28A"},"4D2":{"t":"CH7B"},"4D5":{"t":"J3"},"4D8":{"t":"J3"},"4DC":{"t":"J3"},"4DD":{"t":"J3"},"4E0":{"t":"CH7A"},"4E2":{"t":"PA18"},"4E5":{"t":"C172"},"4E8":{"desc":"L1P"},"4EA":{"t":"M4"},"4EE":{"t":"BE35"},"4F1":{"t":"AA5"},"4F2":{"t":"C172"},"4F3":{"t":"P28A"},"4F4":{"t":"C185"},"4F8":{"t":"J3"},"4FB":{"t":"C172"},"4FD":{"t":"J3"},"4FE":{"t":"J3"},"500":{"t":"J3"},"504":{"t":"C82R"},"505":{"t":"PA18"},"506":{"t":"C182"},"508":{"t":"C172"},"509":{"t":"C182"},"50C":{"t":"AA1"},"50D":{"t":"C207"},"510":{"t":"C172"},"513":{"t":"C172"},"514":{"t":"AA5"},"516":{"t":"P28A"},"518":{"t":"CH7A"},"51A":{"t":"J3"},"51E":{"t":"C172"},"51F":{"t":"C402"},"520":{"t":"J3"},"521":{"t":"C402"},"522":{"t":"J3"},"523":{"t":"J3"},"524":{"t":"FA24"},"525":{"t":"BL8"},"526":{"t":"SR22"},"528":{"desc":"L1P"},"52F":{"t":"MD87"},"530":{"t":"F900"},"531":{"t":"A321"},"532":{"t":"B738"},"535":{"t":"MD11"},"537":{"t":"B712"},"539":{"t":"C172"},"53E":{"t":"H60"},"540":{"desc":"L1P"},"541":{"t":"C172"},"545":{"desc":"L1P"},"553":{"desc":"L1P"},"557":{"t":"S108"},"558":{"t":"S22T"},"559":{"desc":"H1T"},"55A":{"desc":"H1P"},"55B":{"t":"SR22"},"55C":{"t":"H25B"},"55D":{"t":"FA50"},"560":{"t":"C550"},"561":{"desc":"L1T"},"563":{"t":"C510"},"565":{"t":"C172"},"568":{"desc":"H4E"},"569":{"t":"DV20"},"56C":{"desc":"L1P"},"56F":{"t":"C182"},"570":{"desc":"L1P"},"571":{"t":"DA40"},"572":{"t":"GLID"},"573":{"t":"P28U"},"579":{"desc":"H8E"},"57B":{"t":"MD88"},"57C":{"t":"GLID"},"57D":{"t":"B712"},"581":{"t":"PA31"},"589":{"desc":"L1P"},"58B":{"desc":"L1P"},"58D":{"desc":"L1P"},"590":{"t":"P28R"},"5A2":{"t":"FA50"},"5A3":{"t":"C172"},"5A6":{"t":"B752"},"5A7":{"t":"C208"},"5AE":{"t":"C182"},"5B4":{"desc":"L1P"},"5B8":{"t":"C208"},"5BE":{"t":"MD87"},"5CD":{"desc":"L1P","t":"TB0"},"5D5":{"t":"BALL"},"5D6":{"desc":"L1P"},"5D7":{"desc":"L1P"},"5E2":{"t":"CL30"},"5E9":{"desc":"H4E"},"5ED":{"desc":"L1P"},"5EF":{"desc":"L1P"},"5F0":{"t":"M20P"},"5F9":{"desc":"L1P"},"5FD":{"desc":"L1P"},"5FE":{"t":"BE58"},"5FF":{"t":"A321"},"606":{"desc":"L1P"},"609":{"t":"BE36"},"618":{"desc":"H4E"},"630":{"t":"RV12"},"638":{"t":"C210"},"63A":{"desc":"L1P"},"63B":{"t":"C421"},"640":{"t":"BE20"},"642":{"t":"SF50"},"658":{"desc":"L1P"},"65E":{"t":"B738"},"66A":{"t":"HUSK"},"66E":{"desc":"L1P"},"670":{"t":"C172"},"672":{"desc":"L1P"},"675":{"t":"T210"},"67B":{"t":"PA46"},"69D":{"t":"C208"},"69E":{"t":"GLID"},"6A4":{"t":"EC45"},"6A5":{"t":"C240"},"6A7":{"t":"AS50"},"6B5":{"desc":"A1P"},"6B6":{"t":"RV12"},"6B7":{"desc":"L1P","t":"LA4"},"6B9":{"desc":"L1P"},"6BB":{"t":"UH1"},"6C0":{"desc":"L1P"},"6C3":{"desc":"L1P"},"6C7":{"t":"B350"},"6CA":{"t":"CRJ2"},"6CF":{"t":"E190"},"6D2":{"t":"P28R"},"6DA":{"t":"SR22"},"6DF":{"t":"DA42"},"6E0":{"t":"BE36"},"6E4":{"t":"BE20"},"719":{"t":"SR22"},"71B":{"t":"ULAC"},"721":{"t":"R44"},"72B":{"t":"SR22"},"73D":{"desc":"L1P"},"74B":{"desc":"L1P","t":"ULAC"},"77F":{"t":"CH7A"},"781":{"t":"PA18"},"782":{"t":"C182"},"784":{"t":"C172"},"788":{"t":"AA1"},"78D":{"t":"BE35"},"78E":{"desc":"L1P"},"790":{"t":"AA5"},"792":{"t":"P28A"},"794":{"t":"T210"},"796":{"t":"J3"},"797":{"t":"J3"},"79E":{"t":"C172"},"7A1":{"t":"C195"},"7A3":{"t":"T6"},"7A4":{"t":"PA18"},"7A5":{"t":"C182"},"7A6":{"desc":"L2P"},"7AA":{"t":"P28A"},"7AB":{"t":"AA1"},"7B0":{"t":"F2TH"},"7B5":{"t":"P28A"},"7B9":{"t":"C172"},"7BA":{"t":"J3"},"7BB":{"t":"J3"},"7BD":{"t":"C172"},"7BE":{"t":"C182"},"7C2":{"t":"J3"},"7C3":{"desc":"L1P"},"7C5":{"t":"CH7A"},"7C8":{"t":"C182"},"7CC":{"t":"C172"},"7CD":{"t":"P28A"},"7CF":{"t":"M4"},"7D5":{"t":"C172"},"7D7":{"t":"RV12"},"7DA":{"t":"CH7A"},"7DF":{"t":"J3"},"7E0":{"t":"J3"},"7E1":{"t":"C414"},"7E4":{"t":"J3"},"7E8":{"t":"C72R"},"7EB":{"t":"C182"},"7EC":{"t":"C402"},"7EE":{"t":"BE17"},"7EF":{"t":"C150"},"7F5":{"t":"C172"},"7F8":{"t":"PA38"},"7F9":{"t":"AA5"},"7FA":{"t":"C172"},"7FC":{"t":"C185"},"800":{"t":"C172"},"802":{"t":"J3"},"803":{"t":"J3"},"804":{"t":"J3"},"806":{"t":"J3"},"807":{"t":"C172"},"809":{"t":"G164"},"80D":{"t":"PA18"},"80E":{"t":"C172"},"810":{"t":"C172"},"813":{"t":"P28S"},"815":{"t":"C207"},"818":{"t":"C172"},"819":{"t":"BE35"},"81B":{"t":"C172"},"81D":{"t":"C172"},"81E":{"t":"P28A"},"824":{"t":"J3"},"828":{"t":"J3"},"829":{"t":"C340"},"82B":{"t":"PA44"},"830":{"t":"PA18"},"833":{"t":"C172"},"835":{"t":"C150"},"838":{"t":"C172"},"839":{"desc":"L1P"},"83C":{"t":"BE35"},"83E":{"t":"PA38"},"840":{"t":"C188"},"842":{"t":"C185"},"845":{"t":"J3"},"847":{"t":"J3"},"84D":{"t":"J3"},"84E":{"t":"J3"},"851":{"t":"CH7A"},"854":{"t":"C182"},"856":{"t":"C172"},"858":{"t":"R44"},"859":{"t":"P32R"},"85B":{"t":"C182"},"85E":{"t":"C172"},"85F":{"t":"BE35"},"860":{"t":"PA25"},"861":{"t":"BE36"},"862":{"t":"BE58"},"863":{"t":"C172"},"864":{"t":"P28A"},"867":{"t":"T206"},"869":{"t":"J3"},"86A":{"t":"J3"},"86B":{"t":"C172"},"86D":{"t":"J3"},"86F":{"desc":"L1P"},"871":{"t":"C172"},"874":{"t":"C72R"},"876":{"t":"PA18"},"877":{"t":"C182"},"879":{"t":"C172"},"87A":{"t":"C182"},"87D":{"t":"AA1"},"87E":{"t":"C210"},"881":{"desc":"A1P"},"882":{"desc":"L1P"},"884":{"t":"C172"},"885":{"t":"AA5"},"886":{"t":"C188"},"88D":{"t":"C172"},"88F":{"t":"C172"},"891":{"t":"C172"},"893":{"t":"J3"},"897":{"t":"CH7A"},"89A":{"t":"C182"},"89C":{"t":"C172"},"89D":{"t":"C210"},"8A0":{"t":"AA1"},"8A1":{"t":"C210"},"8A3":{"t":"PA25"},"8A4":{"t":"C172"},"8A8":{"t":"AA5"},"8AA":{"t":"P28A"},"8AC":{"desc":"L1P"},"8AE":{"t":"J3"},"8AF":{"t":"J3"},"8B6":{"t":"J3"},"8B9":{"t":"C195"},"8BA":{"t":"CH7A"},"8BC":{"t":"PA18"},"8BD":{"t":"C182"},"8BE":{"t":"C182"},"8C0":{"t":"FA62"},"8C4":{"t":"C182"},"8C6":{"t":"PA25"},"8C7":{"t":"C172"},"8C8":{"t":"BE35"},"8CE":{"t":"C185"},"8CF":{"t":"T210"},"8D1":{"t":"J3"},"8D3":{"t":"C172"},"8D5":{"t":"J3"},"8D6":{"t":"C172"},"8D8":{"t":"J3"},"8DD":{"t":"LJ25"},"8E6":{"t":"F900"},"8E7":{"t":"A321"},"8EC":{"t":"MD11"},"8EE":{"t":"B712"},"8F1":{"t":"S61"},"8F5":{"t":"B06"},"8F7":{"desc":"L1P"},"8F8":{"t":"E50P"},"8FA":{"t":"C172"},"90D":{"t":"C182"},"90E":{"t":"TBM7"},"910":{"t":"S22T"},"912":{"t":"SR22"},"917":{"t":"CJ6"},"91A":{"t":"P337"},"91C":{"t":"C172"},"91F":{"desc":"L1P"},"920":{"t":"DV20"},"922":{"t":"CL60"},"928":{"t":"DA42"},"929":{"desc":"L1P"},"92A":{"t":"R44"},"92D":{"t":"H500"},"933":{"t":"C340"},"934":{"t":"B712"},"937":{"desc":"L1P","t":"ULAC"},"938":{"desc":"H4E"},"93B":{"t":"F2TH"},"940":{"t":"C441"},"943":{"t":"PC12"},"94C":{"t":"T206"},"959":{"t":"GLF6"},"95D":{"t":"B752"},"96F":{"t":"C208"},"970":{"desc":"H2T"},"972":{"t":"P28A"},"979":{"t":"GLEX"},"97A":{"desc":"L1P"},"984":{"desc":"L1P","t":"TB0"},"98B":{"t":"FA7X"},"995":{"t":"GLF6"},"999":{"t":"AS50"},"9A0":{"desc":"H4E"},"9A5":{"t":"DA42"},"9A6":{"desc":"L1P"},"9A8":{"t":"C208"},"9AA":{"t":"P28A"},"9AB":{"t":"BE36"},"9AC":{"desc":"L1P"},"9B6":{"t":"A321"},"9BD":{"desc":"L1P"},"9C9":{"t":"BALL"},"9D8":{"t":"B06"},"9E1":{"t":"SR20"},"9EF":{"t":"C82R"},"9F2":{"t":"LJ45"},"9F3":{"t":"AS50"},"9F4":{"t":"B350"},"9F7":{"desc":"A1E"},"9FB":{"t":"C25B"},"A00":{"t":"M7"},"A03":{"t":"T210"},"A08":{"t":"R44"},"A09":{"desc":"L1P"},"A0A":{"desc":"L1P"},"A0B":{"t":"GLF6"},"A15":{"t":"B738"},"A16":{"t":"C421"},"A1D":{"t":"FA7X"},"A21":{"desc":"L1P"},"A22":{"t":"GLID"},"A23":{"t":"FDCT"},"A2F":{"t":"C72R"},"A32":{"t":"C182"},"A36":{"t":"C172"},"A3D":{"t":"LJ35"},"A55":{"t":"E300"},"A56":{"t":"LJ45"},"A5E":{"desc":"L1P","t":"ULAC"},"A64":{"t":"H25B"},"A65":{"t":"CL30"},"A67":{"desc":"L1P"},"A6C":{"t":"F2TH"},"A6F":{"t":"B350"},"A71":{"t":"GLF6"},"A74":{"t":"R22"},"A77":{"t":"BE9L"},"A7A":{"t":"GLF5"},"A7C":{"t":"SR22"},"A7E":{"t":"BE58"},"A85":{"t":"F900"},"A86":{"t":"E190"},"A88":{"t":"C182"},"A8F":{"t":"AT5T"},"A96":{"desc":"L1P"},"A9A":{"t":"M7"},"A9B":{"t":"C750"},"AAC":{"desc":"L1P"},"AC9":{"t":"BE35"},"AD3":{"t":"BE20"},"ADB":{"t":"H60"},"AE2":{"desc":"L1P"},"AE3":{"t":"C172"},"AE8":{"desc":"L1P"},"AE9":{"desc":"L1P"},"B14":{"t":"BT36"},"B39":{"t":"C182"},"B3B":{"t":"C172"},"B3C":{"t":"J5"},"B3F":{"t":"AA1"},"B43":{"t":"C172"},"B46":{"t":"C172"},"B47":{"t":"AA5"},"B49":{"t":"P28A"},"B4B":{"t":"CH7B"},"B4E":{"t":"J3"},"B4F":{"t":"J3"},"B53":{"t":"J3"},"B54":{"t":"J3"},"B56":{"t":"J3"},"B5C":{"t":"C182"},"B5E":{"t":"C172"},"B61":{"t":"P28A"},"B63":{"t":"C182"},"B65":{"t":"PA25"},"B66":{"t":"C172"},"B67":{"t":"BE35"},"B6A":{"t":"AA5"},"B6B":{"t":"C172"},"B71":{"t":"C172"},"B73":{"t":"J3"},"B75":{"t":"J3"},"B78":{"t":"J3"},"B79":{"t":"C172"},"B7A":{"t":"BALL"},"B7B":{"t":"C195"},"B7E":{"t":"PA18"},"B7F":{"t":"C182"},"B83":{"t":"C150"},"B88":{"t":"PA25"},"B8A":{"t":"BE35"},"B8D":{"t":"AA5"},"B97":{"t":"C172"},"B98":{"t":"C172"},"B9A":{"t":"J3"},"B9D":{"desc":"L1P"},"B9E":{"t":"C195"},"B9F":{"t":"CH7A"},"BA0":{"t":"T6"},"BA1":{"t":"PA18"},"BA4":{"t":"C172"},"BA5":{"t":"C182"},"BA7":{"t":"P28S"},"BA9":{"t":"C182"},"BAB":{"t":"PA25"},"BB0":{"t":"AA1"},"BB9":{"t":"J3"},"BBA":{"t":"C310"},"BBE":{"t":"J3"},"BC2":{"t":"CH7A"},"BC4":{"t":"PA18"},"BC7":{"t":"C172"},"BC9":{"t":"C150"},"BCA":{"t":"PA32"},"BCB":{"t":"AA1"},"BCE":{"t":"PA18"},"BD4":{"t":"C172"},"BD9":{"t":"C182"},"BDB":{"t":"C310"},"BDC":{"t":"C172"},"BDE":{"t":"J3"},"BE4":{"t":"C195"},"BE5":{"t":"CH7A"},"BE7":{"t":"PA18"},"BE9":{"t":"C182"},"BEB":{"t":"BE17"},"BED":{"t":"PA32"},"BEF":{"t":"C182"},"BF1":{"t":"PA18"},"BF2":{"t":"C172"},"BF6":{"t":"AA5"},"BF7":{"t":"C172"},"BFA":{"t":"CH7B"},"BFF":{"t":"C182"},"C02":{"t":"J3"},"C09":{"t":"C82R"},"C0B":{"t":"C182"},"C0C":{"t":"C172"},"C10":{"t":"P28A"},"C13":{"desc":"L1P"},"C1A":{"t":"C172"},"C20":{"t":"J3"},"C21":{"t":"J3"},"C22":{"t":"J3"},"C23":{"t":"J3"},"C24":{"t":"J3"},"C27":{"t":"J3"},"C28":{"t":"C310"},"C2C":{"t":"C82R"},"C2D":{"t":"PA18"},"C30":{"t":"M20T"},"C31":{"t":"DG15"},"C34":{"t":"C172"},"C3D":{"t":"C172"},"C44":{"t":"J3"},"C45":{"t":"C172"},"C46":{"t":"C172"},"C49":{"t":"J3"},"C4B":{"t":"J3"},"C4F":{"t":"C82R"},"C50":{"desc":"A1P"},"C51":{"t":"C182"},"C53":{"t":"C172"},"C55":{"t":"C172"},"C5F":{"t":"AA1"},"C61":{"t":"P28A"},"C65":{"t":"J3"},"C67":{"t":"J3"},"C68":{"t":"J3"},"C69":{"t":"C172"},"C6B":{"t":"J3"},"C6C":{"t":"C172"},"C6E":{"t":"J3"},"C73":{"t":"PA18"},"C74":{"t":"C182"},"C76":{"t":"C172"},"C7A":{"t":"AA1"},"C7B":{"t":"C182"},"C7E":{"t":"C172"},"C83":{"t":"C188"},"C84":{"t":"P28A"},"C86":{"t":"C210"},"C87":{"desc":"L2T","t":"BE18"},"C8A":{"t":"C310"},"C8B":{"t":"C172"},"C8E":{"t":"C182"},"C91":{"t":"C310"},"C93":{"t":"PA12"},"C95":{"t":"C550"},"C98":{"t":"BE9L"},"C9A":{"desc":"G1P"},"C9D":{"desc":"L1P"},"C9E":{"t":"LJ35"},"CA0":{"t":"B738"},"CA3":{"t":"GLF5"},"CA4":{"t":"PA32"},"CA5":{"t":"B712"},"CA6":{"t":"A321"},"CA7":{"t":"PA46"},"CA8":{"t":"LJ55"},"CAF":{"t":"CL60"},"CB5":{"t":"P180"},"CB8":{"t":"BE36"},"CC1":{"t":"C208"},"CC6":{"t":"P212"},"CC8":{"desc":"L1P","t":"ULAC"},"CC9":{"t":"BL8"},"CCA":{"t":"H25B"},"CCC":{"t":"LJ31"},"CCE":{"t":"C25C"},"CD3":{"t":"C182"},"CD7":{"t":"DV20"},"CDF":{"desc":"A1P"},"CE1":{"t":"M20T"},"CE3":{"t":"T206"},"CE4":{"t":"SR22"},"CE7":{"desc":"L1P"},"CE9":{"t":"MD88"},"CEA":{"t":"GL5T"},"CEB":{"t":"B712"},"CEC":{"t":"R44"},"CEF":{"desc":"L1P"},"CF3":{"desc":"L1P"},"CFA":{"t":"SR22"},"D14":{"t":"B752"},"D15":{"t":"C208"},"D26":{"t":"C208"},"D29":{"desc":"L1P","t":"ULAC"},"D42":{"t":"F900"},"D43":{"desc":"L2T"},"D4C":{"t":"SR22"},"D57":{"desc":"H4E"},"D5D":{"desc":"L1P"},"D5E":{"t":"GLF5"},"D60":{"t":"BALL"},"D66":{"desc":"L1P"},"D67":{"desc":"H4E"},"D6B":{"t":"GL5T"},"D6D":{"t":"A321"},"D70":{"t":"FA7X"},"D77":{"t":"AEST"},"D80":{"t":"GLF4"},"D8E":{"t":"BE20"},"D8F":{"desc":"L1P"},"D92":{"desc":"L1P"},"DA6":{"desc":"L1P"},"DA9":{"desc":"L1P","t":"ULAC"},"DAA":{"desc":"L1P","t":"ULAC"},"DBF":{"desc":"L1P","t":"ULAC"},"DCC":{"t":"B738"},"DD2":{"desc":"H6E"},"DD9":{"t":"DV20"},"DDA":{"t":"H25B"},"DE4":{"t":"M20P"},"DE8":{"t":"TBM7"},"DE9":{"t":"SR22"},"E0A":{"t":"GLID"},"E0B":{"t":"C182"},"E10":{"t":"EA50"},"E13":{"t":"GL5T"},"E16":{"t":"M7"},"E1A":{"t":"B350"},"E1B":{"t":"C25B"},"E1E":{"desc":"L1P"},"E24":{"t":"BE36"},"E25":{"t":"C441"},"E27":{"t":"C182"},"E29":{"t":"GLEX"},"E2A":{"t":"PC12"},"E31":{"t":"C172"},"E33":{"t":"P32R"},"E35":{"t":"H25B"},"E3C":{"t":"ERCO"},"E3D":{"t":"E190"},"E3E":{"desc":"A1P"},"E43":{"t":"M20P"},"E48":{"t":"P28A"},"E4D":{"desc":"L1P"},"E52":{"t":"E55P"},"E87":{"t":"PA18"},"E88":{"desc":"L1P"},"E89":{"t":"BL8"},"E99":{"desc":"L1P"},"E9A":{"t":"C172"},"EAB":{"desc":"L1P"},"EED":{"t":"CH7A"},"EEE":{"t":"T6"},"EF0":{"t":"C182"},"EF3":{"t":"C182"},"EF4":{"t":"C150"},"EF5":{"t":"P28R"},"EF7":{"t":"C210"},"F00":{"t":"P28A"},"F01":{"t":"C185"},"F02":{"t":"T210"},"F04":{"t":"PA12"},"F05":{"t":"PA12"},"F08":{"t":"C310"},"F0A":{"t":"PA12"},"F15":{"t":"C172"},"F1E":{"t":"BE35"},"F20":{"t":"C172"},"F21":{"t":"AA5"},"F23":{"t":"P28B"},"F27":{"t":"PA12"},"F28":{"t":"C310"},"F29":{"t":"PA12"},"F2A":{"t":"C172"},"F2B":{"t":"C172"},"F2C":{"t":"PA12"},"F2E":{"t":"PA12"},"F30":{"t":"PA12"},"F31":{"t":"G164"},"F32":{"t":"C190"},"F38":{"t":"C172"},"F3C":{"t":"AA1"},"F3D":{"t":"C182"},"F3F":{"t":"PA25"},"F40":{"t":"C172"},"F41":{"t":"BE35"},"F43":{"desc":"L1P"},"F44":{"t":"AA5"},"F48":{"t":"CH7B"},"F4A":{"t":"C310"},"F4C":{"t":"PA12"},"F4D":{"t":"C172"},"F51":{"t":"PA12"},"F57":{"t":"T6"},"F58":{"t":"PA18"},"F5C":{"t":"C182"},"F5E":{"t":"P28S"},"F5F":{"t":"AA1"},"F63":{"t":"C172"},"F64":{"t":"BE35"},"F67":{"t":"AA5"},"F69":{"t":"P28A"},"F6F":{"t":"PA12"},"F72":{"t":"PA12"},"F74":{"t":"C310"},"F77":{"t":"S55P"},"F78":{"t":"C195"},"F79":{"t":"CH7A"},"F7C":{"t":"C182"},"F7E":{"t":"C172"},"F80":{"t":"C150"},"F82":{"t":"AA1"},"F86":{"t":"C172"},"F8E":{"t":"T210"},"F91":{"t":"PA12"},"F93":{"t":"C310"},"F94":{"t":"PA12"},"F9A":{"t":"F2TH"},"F9F":{"t":"C182"},"FA0":{"t":"C172"},"FA1":{"t":"C172"},"FA4":{"t":"PA34"},"FA6":{"t":"C182"},"FA9":{"t":"C172"},"FAE":{"t":"C172"},"FB7":{"t":"C172"},"FBC":{"t":"PA12"},"FBD":{"t":"P32R"},"FC1":{"t":"PA18"},"FC5":{"t":"C182"},"FC6":{"t":"C150"},"FCB":{"t":"PA25"},"FD0":{"t":"AA5"},"FD2":{"t":"P28A"},"FD3":{"t":"C185"},"FD4":{"t":"CH7B"},"FD5":{"desc":"A1P"},"FD6":{"t":"C172"},"FD7":{"t":"PA12"},"FD8":{"t":"PA12"},"FDB":{"t":"PA12"},"FDE":{"t":"M20T"},"FE1":{"t":"C195"},"FE2":{"t":"CH7A"},"FE4":{"t":"PA18"},"FE6":{"t":"C172"},"FEC":{"t":"C182"},"FEE":{"t":"PA25"},"FEF":{"t":"C172"},"FF0":{"t":"BE35"},"FF2":{"t":"C172"},"FF3":{"t":"AA5"},"FF7":{"t":"CH7B"},"FFA":{"t":"PA12"},"FFD":{"t":"C310"}}